cohort,ticker,earnings_date,selloff_date,method,signal,entry_date,entry_lag,entry_open,entry_vs_selloff_pct,prior_anchor_plus5,prior_anchor_minus10,stop5_h20_outcome,stop5_h20_return_pct,stop5_h20_first_hit_session,stop5_h40_outcome,stop5_h40_return_pct,stop5_h40_first_hit_session,stop10_h20_outcome,stop10_h20_return_pct,stop10_h20_first_hit_session,stop10_h40_outcome,stop10_h40_return_pct,stop10_h40_first_hit_session,dte14_stop10_outcome,dte14_stop10_return_pct,dte14_underlying_hold_pct,dte30_stop10_outcome,dte30_stop10_return_pct,dte30_underlying_hold_pct,dte45_stop10_outcome,dte45_stop10_return_pct,dte45_underlying_hold_pct,dte60_stop10_outcome,dte60_stop10_return_pct,dte60_underlying_hold_pct
original92,ABNB,2023-05-09,2023-05-10,next_open,baseline,2023-05-11,1.00000,113.14000,-0.04417,false,false,stop,-5.00000,2.00000,stop,-5.00000,2.00000,target,5.00000,18.00000,target,5.00000,18.00000,timeout,-7.70727,-7.70727,target,5.00000,4.17182,target,5.00000,10.24395,target,5.00000,16.41329
original92,ABNB,2023-05-09,2023-05-10,day3,baseline,2023-05-15,3.00000,105.06000,-7.18261,false,false,target,5.00000,4.00000,target,5.00000,4.00000,target,5.00000,4.00000,target,5.00000,4.00000,target,5.00000,1.66571,target,5.00000,19.11289,target,5.00000,19.07481,target,5.00000,36.43632
original92,ABNB,2023-05-09,2023-05-10,sma5_reclaim,signal,2023-05-18,6.00000,108.34000,-4.28483,false,false,target,5.00000,11.00000,target,5.00000,11.00000,target,5.00000,11.00000,target,5.00000,11.00000,timeout,3.52594,3.52594,target,5.00000,18.77423,target,5.00000,18.29426,target,5.00000,34.17020
original92,ABNB,2023-05-09,2023-05-10,three_low_break,signal,2023-05-18,6.00000,108.34000,-4.28483,false,false,target,5.00000,11.00000,target,5.00000,11.00000,target,5.00000,11.00000,target,5.00000,11.00000,timeout,3.52594,3.52594,target,5.00000,18.77423,target,5.00000,18.29426,target,5.00000,34.17020
original92,ADBE,2025-06-12,2025-06-13,next_open,baseline,2025-06-16,1.00000,392.98500,0.33318,false,false,stop,-5.00000,12.00000,stop,-5.00000,12.00000,timeout,-7.32980,20.00000,stop,-10.00000,33.00000,timeout,-1.55349,-1.55349,timeout,-7.94305,-7.94305,timeout,-8.98126,-8.98126,stop,-10.00000,-9.70393
original92,ADBE,2025-06-12,2025-06-13,day3,baseline,2025-06-18,3.00000,383.98500,-1.96461,false,false,stop,-5.00000,16.00000,stop,-5.00000,16.00000,timeout,-4.56658,20.00000,stop,-10.00000,32.00000,timeout,-1.43625,-1.43625,timeout,-4.73847,-4.73847,timeout,-9.42355,-9.42355,stop,-10.00000,-7.58754
original92,ADBE,2025-06-12,2025-06-13,sma5_reclaim,signal,2025-06-25,7.00000,383.60000,-2.06291,false,false,stop,-5.00000,12.00000,stop,-5.00000,12.00000,timeout,-2.90407,20.00000,stop,-10.00000,28.00000,timeout,-2.66423,-2.66423,timeout,-3.35245,-3.35245,stop,-10.00000,-11.09228,stop,-10.00000,-5.60740
original92,ADBE,2025-06-12,2025-06-13,three_low_break,signal,2025-06-25,7.00000,383.60000,-2.06291,false,false,stop,-5.00000,12.00000,stop,-5.00000,12.00000,timeout,-2.90407,20.00000,stop,-10.00000,28.00000,timeout,-2.66423,-2.66423,timeout,-3.35245,-3.35245,stop,-10.00000,-11.09228,stop,-10.00000,-5.60740
original92,ADBE,2025-03-12,2025-03-13,next_open,baseline,2025-03-14,1.00000,379.74500,0.50418,false,false,target,5.00000,2.00000,target,5.00000,2.00000,target,5.00000,2.00000,target,5.00000,2.00000,target,5.00000,1.57079,target,5.00000,-7.18245,target,5.00000,-2.92960,target,5.00000,4.64917
original92,ADBE,2025-03-12,2025-03-13,day3,baseline,2025-03-18,3.00000,395.36000,4.63688,true,false,stop,-5.00000,10.00000,stop,-5.00000,10.00000,stop,-10.00000,14.00000,stop,-10.00000,14.00000,timeout,-3.07568,-3.07568,stop,-10.00000,-11.77661,stop,-10.00000,-3.66501,stop,-10.00000,5.50511
original92,ADBE,2025-03-12,2025-03-13,sma5_reclaim,signal,2025-03-25,8.00000,393.57000,4.16314,true,false,stop,-5.51236,8.00000,stop,-5.51236,8.00000,stop,-10.00000,9.00000,stop,-10.00000,9.00000,stop,-10.00000,-13.61130,stop,-10.00000,-8.29840,stop,-10.00000,-2.61453,stop,-10.00000,3.58767
original92,ADBE,2025-03-12,2025-03-13,three_low_break,signal,2025-03-26,9.00000,403.00000,6.65890,true,false,stop,-5.70720,4.00000,stop,-5.70720,4.00000,stop,-10.91811,8.00000,stop,-10.91811,8.00000,stop,-10.91811,-9.51861,stop,-10.91811,-8.75434,stop,-10.91811,-4.89330,stop,-10.91811,1.16377
original92,ADBE,2024-12-11,2024-12-12,next_open,baseline,2024-12-13,1.00000,473.98000,-0.13695,false,false,stop,-5.00000,4.00000,stop,-5.00000,4.00000,stop,-10.00000,14.00000,stop,-10.00000,14.00000,timeout,-5.80193,-5.80193,stop,-10.00000,-14.35926,stop,-10.00000,-7.46445,stop,-10.00000,-3.19845
original92,ADBE,2024-12-11,2024-12-12,day3,baseline,2024-12-17,3.00000,460.59000,-2.95809,false,false,stop,-5.00000,3.00000,stop,-5.00000,3.00000,stop,-10.98374,16.00000,stop,-10.98374,16.00000,timeout,-3.45427,-3.45427,stop,-10.98374,-7.30802,stop,-10.98374,-5.02399,stop,-10.98374,-0.09336
original92,ADBE,2024-12-11,2024-12-12,sma5_reclaim,no_signal,,,,,,,,,,,,,,,,,,,,,,,,,,,,,,
original92,ADBE,2024-12-11,2024-12-12,three_low_break,no_signal,,,,,,,,,,,,,,,,,,,,,,,,,,,,,,
original92,ADBE,2024-09-12,2024-09-13,next_open,baseline,2024-09-16,1.00000,537.40000,0.09872,false,false,stop,-5.00000,3.00000,stop,-5.00000,3.00000,timeout,-7.81169,20.00000,stop,-10.00000,28.00000,timeout,-3.65091,-3.65091,timeout,-6.48679,-6.48679,stop,-10.00000,-11.03833,stop,-10.00000,-6.33234
original92,ADBE,2024-09-12,2024-09-13,day3,baseline,2024-09-18,3.00000,517.01000,-3.69922,false,false,stop,-5.00000,14.00000,stop,-5.00000,14.00000,timeout,-1.73691,20.00000,timeout,1.82008,40.00000,timeout,-2.16630,-2.16630,timeout,-4.27651,-4.27651,timeout,-6.61689,-6.61689,timeout,-2.63825,-2.63825
original92,ADBE,2024-09-12,2024-09-13,sma5_reclaim,signal,2024-10-11,20.00000,504.78000,-5.97724,false,false,stop,-5.00000,13.00000,stop,-5.00000,13.00000,timeout,-0.76469,20.00000,target,5.00000,24.00000,timeout,-4.17211,-4.17211,timeout,-2.00087,-2.00087,target,5.00000,2.76358,target,5.00000,8.37395
original92,ADBE,2024-09-12,2024-09-13,three_low_break,no_signal,,,,,,,,,,,,,,,,,,,,,,,,,,,,,,
original92,ADBE,2024-03-14,2024-03-15,next_open,baseline,2024-03-18,1.00000,495.55000,0.62746,false,false,target,5.00000,2.00000,target,5.00000,2.00000,target,5.00000,2.00000,target,5.00000,2.00000,target,5.00000,1.31975,target,5.00000,-4.25790,target,5.00000,-3.83009,target,5.00000,-2.44577
original92,ADBE,2024-03-14,2024-03-15,day3,baseline,2024-03-20,3.00000,523.29000,6.26041,true,false,stop,-5.00000,3.00000,stop,-5.00000,3.00000,stop,-10.00000,17.00000,stop,-10.00000,17.00000,timeout,-5.02207,-5.02207,stop,-10.00000,-11.13532,stop,-10.00000,-7.09167,stop,-10.00000,-7.61719
original92,ADBE,2024-03-14,2024-03-15,sma5_reclaim,signal,2024-04-10,17.00000,489.39000,-0.62340,true,false,stop,-5.00000,8.00000,stop,-5.00000,8.00000,timeout,0.58849,20.00000,stop,-10.00000,37.00000,timeout,-2.50720,-2.50720,timeout,-1.45079,-1.45079,timeout,-2.85253,-2.85253,stop,-10.00000,-4.89589
original92,ADBE,2024-03-14,2024-03-15,three_low_break,no_signal,,,,,,,,,,,,,,,,,,,,,,,,,,,,,,
original92,AMD,2026-02-03,2026-02-04,next_open,baseline,2026-02-05,1.00000,201.85500,0.83171,false,false,stop,-5.00000,1.00000,stop,-5.00000,1.00000,target,5.00000,3.00000,target,5.00000,3.00000,target,5.00000,0.75054,target,5.00000,-4.66919,target,5.00000,-0.26009,target,5.00000,9.07830
original92,AMD,2026-02-03,2026-02-04,day3,baseline,2026-02-09,3.00000,206.89500,3.34932,false,false,target,5.00000,1.00000,target,5.00000,1.00000,target,5.00000,1.00000,target,5.00000,1.00000,target,5.00000,-4.97595,target,5.00000,-0.99809,target,5.00000,-1.51043,target,5.00000,18.43689
original92,AMD,2026-02-03,2026-02-04,sma5_reclaim,signal,2026-02-25,14.00000,214.82000,7.30806,true,false,stop,-5.00000,2.00000,stop,-5.00000,2.00000,stop,-10.00000,4.00000,stop,-10.00000,4.00000,stop,-10.00000,-4.65040,stop,-10.00000,-5.97244,stop,-10.00000,14.06759,stop,-10.00000,61.90764
original92,AMD,2026-02-03,2026-02-04,three_low_break,signal,2026-02-10,4.00000,215.14000,7.46791,true,false,stop,-5.16873,4.00000,stop,-5.16873,4.00000,stop,-10.00000,14.00000,stop,-10.00000,14.00000,timeout,-0.60426,-0.60426,stop,-10.00000,-8.08776,stop,-10.00000,-6.11230,stop,-10.00000,13.89793
original92,AMD,2025-08-05,2025-08-06,next_open,baseline,2025-08-07,1.00000,166.83500,2.27746,false,false,target,5.00000,1.00000,target,5.00000,1.00000,target,5.00000,1.00000,target,5.00000,1.00000,target,5.00000,-1.87311,target,5.00000,-9.40750,target,5.00000,-5.66128,target,5.00000,22.10268
original92,AMD,2025-08-05,2025-08-06,day3,baseline,2025-08-11,3.00000,170.04000,4.24228,true,false,target,5.00000,1.00000,target,5.00000,1.00000,target,5.00000,1.00000,target,5.00000,1.00000,target,5.00000,-3.92849,target,5.00000,-6.17502,target,5.00000,-5.15761,target,5.00000,26.38203
original92,AMD,2025-08-05,2025-08-06,sma5_reclaim,signal,2025-08-27,15.00000,166.04000,1.79009,true,false,stop,-5.00000,4.00000,stop,-5.00000,4.00000,stop,-10.00000,8.00000,stop,-10.00000,8.00000,stop,-10.00000,-3.91472,stop,-10.00000,-3.96290,stop,-10.00000,29.42664,stop,-10.00000,52.32474
original92,AMD,2025-08-05,2025-08-06,three_low_break,no_signal,,,,,,,,,,,,,,,,,,,,,,,,,,,,,,
original92,AMD,2025-02-04,2025-02-05,next_open,baseline,2025-02-06,1.00000,110.93000,-0.96420,false,false,target,5.00000,10.00000,target,5.00000,10.00000,target,5.00000,10.00000,target,5.00000,10.00000,target,5.00000,2.92076,target,5.00000,-9.57360,target,5.00000,-4.04760,target,5.00000,-24.60110
original92,AMD,2025-02-04,2025-02-05,day3,baseline,2025-02-10,3.00000,108.44000,-3.18722,false,false,target,5.00000,4.00000,target,5.00000,4.00000,target,5.00000,4.00000,target,5.00000,4.00000,target,5.00000,-0.30432,target,5.00000,-7.05459,target,5.00000,-1.65068,target,5.00000,-13.86942
original92,AMD,2025-02-04,2025-02-05,sma5_reclaim,no_signal,,,,,,,,,,,,,,,,,,,,,,,,,,,,,,
original92,AMD,2025-02-04,2025-02-05,three_low_break,no_signal,,,,,,,,,,,,,,,,,,,,,,,,,,,,,,
original92,AMD,2024-10-29,2024-10-30,next_open,baseline,2024-10-31,1.00000,147.80000,-0.53836,false,false,stop,-5.00000,3.00000,stop,-5.00000,3.00000,stop,-10.00000,20.00000,stop,-10.00000,20.00000,timeout,-6.06225,-6.06225,stop,-10.00000,-7.18877,stop,-10.00000,-14.13396,stop,-10.00000,-17.15832
original92,AMD,2024-10-29,2024-10-30,day3,baseline,2024-11-04,3.00000,141.70000,-4.64334,false,false,target,5.00000,4.00000,target,5.00000,4.00000,target,5.00000,4.00000,target,5.00000,4.00000,target,5.00000,-1.95483,target,5.00000,1.61609,target,5.00000,-16.10445,target,5.00000,-11.52435
original92,AMD,2024-10-29,2024-10-30,sma5_reclaim,signal,2024-11-07,6.00000,146.68000,-1.29206,false,false,stop,-5.00000,5.00000,stop,-5.00000,5.00000,timeout,-3.62694,20.00000,stop,-10.00000,22.00000,timeout,-6.26534,-6.26534,timeout,-5.51541,-5.51541,stop,-10.00000,-18.72784,stop,-10.00000,-11.67848
original92,AMD,2024-10-29,2024-10-30,three_low_break,signal,2024-11-07,6.00000,146.68000,-1.29206,false,false,stop,-5.00000,5.00000,stop,-5.00000,5.00000,timeout,-3.62694,20.00000,stop,-10.00000,22.00000,timeout,-6.26534,-6.26534,timeout,-5.51541,-5.51541,stop,-10.00000,-18.72784,stop,-10.00000,-11.67848
original92,AMD,2024-04-30,2024-05-01,next_open,baseline,2024-05-02,1.00000,145.51000,0.85950,false,false,target,5.21614,3.00000,target,5.21614,3.00000,target,5.21614,3.00000,target,5.21614,3.00000,target,5.21614,11.75864,target,5.21614,14.70002,target,5.21614,9.70380,target,5.21614,8.37056
original92,AMD,2024-04-30,2024-05-01,day3,baseline,2024-05-06,3.00000,153.10000,6.12047,false,false,target,5.10777,9.00000,target,5.10777,9.00000,target,5.10777,9.00000,target,5.10777,9.00000,target,5.10777,8.64141,target,5.10777,8.53690,target,5.10777,5.66950,target,5.10777,12.27956
original92,AMD,2024-04-30,2024-05-01,sma5_reclaim,no_signal,,,,,,,,,,,,,,,,,,,,,,,,,,,,,,
original92,AMD,2024-04-30,2024-05-01,three_low_break,chase_skip,,,,,,,,,,,,,,,,,,,,,,,,,,,,,,
original92,AMD,2023-05-02,2023-05-03,next_open,baseline,2023-05-04,1.00000,81.57000,-0.06126,false,false,target,5.00000,1.00000,target,5.00000,1.00000,target,5.00000,1.00000,target,5.00000,1.00000,target,5.00000,32.31580,target,5.00000,44.48940,target,5.00000,47.21098,target,5.00000,41.98848
original92,AMD,2023-05-02,2023-05-03,day3,baseline,2023-05-08,3.00000,89.99000,10.25484,true,false,target,5.00000,1.00000,target,5.00000,1.00000,target,5.00000,1.00000,target,5.00000,1.00000,target,5.00000,20.01333,target,5.00000,30.93677,target,5.00000,23.01367,target,5.00000,25.75842
original92,AMD,2023-05-02,2023-05-03,sma5_reclaim,no_signal,,,,,,,,,,,,,,,,,,,,,,,,,,,,,,
original92,AMD,2023-05-02,2023-05-03,three_low_break,chase_skip,,,,,,,,,,,,,,,,,,,,,,,,,,,,,,
original92,ANET,2026-05-05,2026-05-06,next_open,baseline,2026-05-07,1.00000,149.22000,1.46879,false,false,stop,-5.00000,1.00000,stop,-5.00000,1.00000,target,5.55220,13.00000,target,5.55220,13.00000,timeout,-0.42220,-0.42220,target,5.55220,3.38426,target,5.55220,13.70460,target,5.55220,16.12384
original92,ANET,2026-05-05,2026-05-06,day3,baseline,2026-05-11,3.00000,141.40000,-3.84877,false,false,target,5.00000,9.00000,target,5.00000,9.00000,target,5.00000,9.00000,target,5.00000,9.00000,target,5.00000,8.93211,target,5.00000,7.32673,target,5.00000,17.00849,target,5.00000,32.22065
original92,ANET,2026-05-05,2026-05-06,sma5_reclaim,signal,2026-05-22,12.00000,152.26000,3.53597,false,false,target,5.00000,2.00000,target,5.00000,2.00000,target,5.00000,2.00000,target,5.00000,2.00000,target,5.00000,1.32011,target,5.00000,11.43439,target,5.00000,13.80533,target,5.00000,14.65914
original92,ANET,2026-05-05,2026-05-06,three_low_break,signal,2026-05-15,7.00000,144.99000,-1.40759,false,false,stop,-5.00000,3.00000,stop,-5.00000,3.00000,target,5.01414,6.00000,target,5.01414,6.00000,target,5.01414,9.98690,target,5.01414,12.58707,target,5.01414,13.18022,target,5.01414,25.91903
original92,ANET,2025-11-04,2025-11-05,next_open,baseline,2025-11-06,1.00000,140.65000,0.16379,false,false,stop,-5.00000,1.00000,stop,-5.00000,1.00000,stop,-10.00000,7.00000,stop,-10.00000,7.00000,stop,-10.00000,-14.97334,stop,-10.00000,-8.57448,stop,-10.00000,-6.77568,stop,-10.00000,-2.46001
original92,ANET,2025-11-04,2025-11-05,day3,baseline,2025-11-10,3.00000,137.50000,-2.07948,false,false,stop,-5.00000,4.00000,stop,-5.00000,4.00000,stop,-10.00000,7.00000,stop,-10.00000,7.00000,stop,-10.00000,-11.14909,stop,-10.00000,-3.73818,stop,-10.00000,-4.89455,stop,-10.00000,-10.62545
original92,ANET,2025-11-04,2025-11-05,sma5_reclaim,signal,2025-11-25,14.00000,122.40000,-12.83293,false,true,target,6.20915,3.00000,target,6.20915,3.00000,target,6.20915,3.00000,target,6.20915,3.00000,target,6.20915,6.24183,target,6.20915,6.83824,target,6.20915,0.40033,target,6.20915,11.38889
original92,ANET,2025-11-04,2025-11-05,three_low_break,signal,2025-11-26,15.00000,127.47500,-9.21877,false,true,target,5.00000,10.00000,target,5.00000,10.00000,target,5.00000,10.00000,target,5.00000,10.00000,target,5.00000,3.83212,target,5.00000,3.42420,target,5.00000,-3.59678,target,5.00000,6.95430
original92,ANET,2025-02-18,2025-02-19,next_open,baseline,2025-02-20,1.00000,104.70000,0.75058,false,false,stop,-5.00000,2.00000,stop,-5.00000,2.00000,stop,-10.17192,3.00000,stop,-10.17192,3.00000,stop,-10.17192,-19.44604,stop,-10.17192,-20.60172,stop,-10.17192,-38.51958,stop,-10.17192,-35.36772
original92,ANET,2025-02-18,2025-02-19,day3,baseline,2025-02-24,3.00000,94.05000,-9.49769,false,false,stop,-5.00000,6.00000,stop,-5.00000,6.00000,stop,-12.04678,7.00000,stop,-12.04678,7.00000,stop,-12.04678,-17.53323,stop,-12.04678,-13.17384,stop,-12.04678,-22.75385,stop,-12.04678,-17.16108
original92,ANET,2025-02-18,2025-02-19,sma5_reclaim,no_signal,,,,,,,,,,,,,,,,,,,,,,,,,,,,,,
original92,ANET,2025-02-18,2025-02-19,three_low_break,signal,2025-03-18,19.00000,83.51000,-19.64011,false,true,target,5.00000,6.00000,target,5.00000,6.00000,target,5.00000,6.00000,target,5.00000,6.00000,target,5.00000,-6.01126,target,5.00000,-14.74075,target,5.00000,8.99293,target,5.00000,15.45923
original92,ANET,2024-11-07,2024-11-08,next_open,baseline,2024-11-11,1.00000,101.33000,1.21613,false,false,stop,-5.00000,4.00000,stop,-5.00000,4.00000,target,5.00000,17.00000,target,5.00000,17.00000,timeout,-1.38162,-1.38162,target,5.00000,5.82256,target,5.00000,13.35241,target,5.00000,12.83924
original92,ANET,2024-11-07,2024-11-08,day3,baseline,2024-11-13,3.00000,99.31000,-0.80160,false,false,stop,-5.00000,3.00000,stop,-5.00000,3.00000,target,6.74655,15.00000,target,6.74655,15.00000,timeout,1.27127,1.27127,target,6.74655,13.15074,target,6.74655,13.81533,target,6.74655,15.13443
original92,ANET,2024-11-07,2024-11-08,sma5_reclaim,signal,2024-11-21,9.00000,98.00000,-2.11013,false,false,target,5.00000,3.00000,target,5.00000,3.00000,target,5.00000,3.00000,target,5.00000,3.00000,target,5.00000,9.01020,target,5.00000,15.11224,target,5.00000,17.55102,target,5.00000,22.39796
original92,ANET,2024-11-07,2024-11-08,three_low_break,signal,2024-11-22,10.00000,101.25000,1.13622,false,false,target,5.00000,8.00000,target,5.00000,8.00000,target,5.00000,8.00000,target,5.00000,8.00000,target,5.00000,6.91358,target,5.00000,11.41728,target,5.00000,17.51111,target,5.00000,20.00000
original92,ANET,2024-02-12,2024-02-13,next_open,baseline,2024-02-14,1.00000,67.50000,1.69109,false,false,stop,-5.00000,4.00000,stop,-5.00000,4.00000,target,5.00000,12.00000,target,5.00000,12.00000,timeout,1.17407,1.17407,target,5.00000,2.86296,target,5.00000,7.40000,target,5.00000,0.45185
original92,ANET,2024-02-12,2024-02-13,day3,baseline,2024-02-16,3.00000,66.33250,-0.06779,false,false,target,6.13199,10.00000,target,6.13199,10.00000,target,6.13199,10.00000,target,6.13199,10.00000,target,6.13199,8.44609,target,6.13199,4.67343,target,6.13199,12.97252,target,6.13199,-0.96861
original92,ANET,2024-02-12,2024-02-13,sma5_reclaim,signal,2024-02-23,7.00000,67.38250,1.51407,false,false,target,5.00000,6.00000,target,5.00000,6.00000,target,5.00000,6.00000,target,5.00000,6.00000,target,5.00000,1.32824,target,5.00000,13.68679,target,5.00000,10.33280,target,5.00000,-6.80815
original92,ANET,2024-02-12,2024-02-13,three_low_break,chase_skip,,,,,,,,,,,,,,,,,,,,,,,,,,,,,,
original92,ANET,2023-05-01,2023-05-02,next_open,baseline,2023-05-03,1.00000,33.77500,0.08890,false,false,target,5.00000,6.00000,target,5.00000,6.00000,target,5.00000,6.00000,target,5.00000,6.00000,target,5.00000,0.54034,target,5.00000,20.28127,target,5.00000,16.79497,target,5.00000,19.95559
original92,ANET,2023-05-01,2023-05-02,day3,baseline,2023-05-05,3.00000,33.84750,0.30375,false,false,target,5.48046,11.00000,target,5.48046,11.00000,target,5.48046,11.00000,target,5.48046,11.00000,target,5.48046,6.29293,target,5.48046,20.02364,target,5.48046,16.54480,target,5.48046,18.10326
original92,ANET,2023-05-01,2023-05-02,sma5_reclaim,signal,2023-05-19,13.00000,35.70250,5.80086,true,false,target,7.28941,5.00000,target,7.28941,5.00000,target,7.28941,5.00000,target,7.28941,5.00000,target,7.28941,13.78755,target,7.28941,10.48946,target,7.28941,11.96695,target,7.28941,21.49709
original92,ANET,2023-05-01,2023-05-02,three_low_break,chase_skip,,,,,,,,,,,,,,,,,,,,,,,,,,,,,,
original92,COIN,2025-02-13,2025-02-14,next_open,baseline,2025-02-18,1.00000,278.80000,1.63683,false,false,stop,-5.00000,1.00000,stop,-5.00000,1.00000,stop,-10.00000,3.00000,stop,-10.00000,3.00000,stop,-10.00000,-23.76255,stop,-10.00000,-31.71449,stop,-10.00000,-42.41392,stop,-10.00000,-37.22023
original92,COIN,2025-02-13,2025-02-14,day3,baseline,2025-02-20,3.00000,260.66000,-4.97612,false,false,stop,-5.00000,2.00000,stop,-5.00000,2.00000,stop,-10.00000,3.00000,stop,-10.00000,3.00000,stop,-10.00000,-17.83549,stop,-10.00000,-27.16182,stop,-10.00000,-38.40635,stop,-10.00000,-32.86273
original92,COIN,2025-02-13,2025-02-14,sma5_reclaim,signal,2025-03-18,21.00000,185.00000,-32.55805,false,true,target,6.75676,5.00000,target,6.75676,5.00000,target,6.75676,5.00000,target,6.75676,5.00000,target,6.75676,-5.66486,target,6.75676,-5.38919,target,6.75676,10.77297,target,6.75676,44.03243
original92,COIN,2025-02-13,2025-02-14,three_low_break,signal,2025-03-18,21.00000,185.00000,-32.55805,false,true,target,6.75676,5.00000,target,6.75676,5.00000,target,6.75676,5.00000,target,6.75676,5.00000,target,6.75676,-5.66486,target,6.75676,-5.38919,target,6.75676,10.77297,target,6.75676,44.03243
original92,COIN,2024-10-30,2024-10-31,next_open,baseline,2024-11-01,1.00000,180.00000,0.41841,false,false,target,5.00000,1.00000,target,5.00000,1.00000,target,5.00000,1.00000,target,5.00000,1.00000,target,5.00000,69.91667,target,5.00000,64.55556,target,5.00000,75.17222,target,5.00000,37.94444
original92,COIN,2024-10-30,2024-10-31,day3,baseline,2024-11-05,3.00000,185.59000,3.53696,true,false,target,5.00000,1.00000,target,5.00000,1.00000,target,5.00000,1.00000,target,5.00000,1.00000,target,5.00000,74.88550,target,5.00000,72.73021,target,5.00000,50.17512,target,5.00000,45.83221
original92,COIN,2024-10-30,2024-10-31,sma5_reclaim,chase_skip,,,,,,,,,,,,,,,,,,,,,,,,,,,,,,
original92,COIN,2024-10-30,2024-10-31,three_low_break,chase_skip,,,,,,,,,,,,,,,,,,,,,,,,,,,,,,
original92,COIN,2024-08-01,2024-08-05,next_open,baseline,2024-08-06,1.00000,191.99000,1.33003,false,false,stop,-5.00000,2.00000,stop,-5.00000,2.00000,target,5.00000,7.00000,target,5.00000,7.00000,target,5.00000,2.73973,target,5.00000,-16.81858,target,5.00000,-11.40684,target,5.00000,-10.97974
original92,COIN,2024-08-01,2024-08-05,day3,baseline,2024-08-08,3.00000,185.67000,-2.00559,true,false,target,5.00000,1.00000,target,5.00000,1.00000,target,5.00000,1.00000,target,5.00000,1.00000,target,5.00000,6.87241,target,5.00000,-20.63877,target,5.00000,-8.39123,target,5.00000,-9.02138
original92,COIN,2024-08-01,2024-08-05,sma5_reclaim,chase_skip,,,,,,,,,,,,,,,,,,,,,,,,,,,,,,
original92,COIN,2024-08-01,2024-08-05,three_low_break,signal,2024-08-19,10.00000,203.33500,7.31778,true,false,stop,-5.00000,2.00000,stop,-5.00000,2.00000,stop,-10.00000,10.00000,stop,-10.00000,10.00000,stop,-10.00000,-9.82369,stop,-10.00000,-20.01377,stop,-10.00000,-19.78754,stop,-10.00000,8.29911
original92,CRM,2024-05-29,2024-05-30,next_open,baseline,2024-05-31,1.00000,215.28636,0.50456,false,false,target,5.00000,1.00000,target,5.00000,1.00000,target,5.00000,1.00000,target,5.00000,1.00000,target,5.00000,5.85551,target,5.00000,17.33832,target,5.00000,15.58286,target,5.00000,17.90037
original92,CRM,2024-05-29,2024-05-30,day3,baseline,2024-06-04,3.00000,231.60651,8.12348,true,false,target,5.00000,17.00000,target,5.00000,17.00000,target,5.00000,17.00000,target,5.00000,17.00000,timeout,-1.65875,-1.65875,target,5.00000,10.70338,target,5.00000,5.21613,target,5.00000,3.66102
original92,CRM,2024-05-29,2024-05-30,sma5_reclaim,chase_skip,,,,,,,,,,,,,,,,,,,,,,,,,,,,,,
original92,CRM,2024-05-29,2024-05-30,three_low_break,chase_skip,,,,,,,,,,,,,,,,,,,,,,,,,,,,,,
original92,CRWD,2025-03-04,2025-03-05,next_open,baseline,2025-03-06,1.00000,89.14500,-2.42447,false,false,stop,-5.00000,2.00000,stop,-5.00000,2.00000,stop,-10.00000,2.00000,stop,-10.00000,2.00000,stop,-10.00000,3.49150,stop,-10.00000,-9.80145,stop,-10.00000,5.33962,stop,-10.00000,24.36760
original92,CRWD,2025-03-04,2025-03-05,day3,baseline,2025-03-10,3.00000,80.66250,-11.70917,false,true,stop,-5.00000,1.00000,stop,-5.00000,1.00000,target,5.00000,2.00000,target,5.00000,2.00000,target,5.00000,15.49357,target,5.00000,17.15791,target,5.00000,28.32791,target,5.00000,27.24934
original92,CRWD,2025-03-04,2025-03-05,sma5_reclaim,signal,2025-03-13,6.00000,86.64250,-5.16364,false,true,target,5.00000,3.00000,target,5.00000,3.00000,target,5.00000,3.00000,target,5.00000,3.00000,target,5.00000,5.76795,target,5.00000,9.04002,target,5.00000,22.59572,target,5.00000,23.91148
original92,CRWD,2025-03-04,2025-03-05,three_low_break,signal,2025-03-13,6.00000,86.64250,-5.16364,false,true,target,5.00000,3.00000,target,5.00000,3.00000,target,5.00000,3.00000,target,5.00000,3.00000,target,5.00000,5.76795,target,5.00000,9.04002,target,5.00000,22.59572,target,5.00000,23.91148
original92,CRWD,2024-11-26,2024-11-29,next_open,baseline,2024-12-02,1.00000,86.22500,-0.30928,false,false,target,5.00000,3.00000,target,5.00000,3.00000,target,5.00000,3.00000,target,5.00000,3.00000,target,5.00000,12.55436,target,5.00000,-0.79443,target,5.00000,5.35807,target,5.00000,15.41606
original92,CRWD,2024-11-26,2024-11-29,day3,baseline,2024-12-04,3.00000,88.27500,2.06087,false,false,target,5.00000,3.00000,target,5.00000,3.00000,target,5.00000,3.00000,target,5.00000,3.00000,target,5.00000,-1.11017,target,5.00000,1.67658,target,5.00000,1.10450,target,5.00000,12.73577
original92,CRWD,2024-11-26,2024-11-29,sma5_reclaim,signal,2024-12-12,9.00000,90.11750,4.19111,true,false,target,5.00000,3.00000,target,5.00000,3.00000,target,5.00000,3.00000,target,5.00000,3.00000,target,5.00000,1.27889,target,5.00000,-3.22634,target,5.00000,4.00866,target,5.00000,18.98910
original92,CRWD,2024-11-26,2024-11-29,three_low_break,signal,2024-12-05,4.00000,90.30000,4.40212,true,false,target,5.00000,8.00000,target,5.00000,8.00000,target,5.00000,8.00000,target,5.00000,8.00000,target,5.00000,-2.81561,target,5.00000,-0.60354,target,5.00000,-1.16279,target,5.00000,10.06921
original92,CSCO,2026-02-11,2026-02-12,next_open,baseline,2026-02-13,1.00000,73.41385,-0.83333,false,false,target,5.00000,3.00000,target,5.00000,3.00000,target,5.00000,3.00000,target,5.00000,3.00000,target,5.00000,6.83697,target,5.00000,5.31765,target,5.00000,3.58319,target,5.00000,11.67413
original92,CSCO,2026-02-11,2026-02-12,day3,baseline,2026-02-18,3.00000,75.56074,2.06667,false,false,target,5.00000,11.00000,target,5.00000,11.00000,target,5.00000,11.00000,target,5.00000,11.00000,target,5.00000,5.64337,target,5.00000,1.43697,target,5.00000,3.78600,target,5.00000,13.28198
original92,CSCO,2026-02-11,2026-02-12,sma5_reclaim,signal,2026-02-26,9.00000,77.91986,5.25333,true,false,timeout,3.66101,20.00000,target,5.00000,21.00000,timeout,3.66101,20.00000,target,5.00000,21.00000,timeout,-1.52014,-1.52014,target,5.00000,1.24145,target,5.00000,4.71943,target,5.00000,12.41228
original92,CSCO,2026-02-11,2026-02-12,three_low_break,signal,2026-02-19,4.00000,76.98214,3.98667,false,false,timeout,-0.50006,20.00000,target,5.00000,25.00000,timeout,-0.50006,20.00000,target,5.00000,25.00000,timeout,2.59008,2.59008,timeout,-0.43595,-0.43595,target,5.00000,1.86970,target,5.00000,13.07254
original92,CSCO,2025-08-13,2025-08-15,next_open,baseline,2025-08-18,1.00000,64.48947,-0.18127,false,false,target,5.00000,9.00000,target,5.00000,9.00000,target,5.00000,9.00000,target,5.00000,9.00000,target,5.00000,4.55508,target,5.00000,2.48184,target,5.00000,3.37470,target,5.00000,6.76977
original92,CSCO,2025-08-13,2025-08-15,day3,baseline,2025-08-20,3.00000,65.21166,0.93656,false,false,timeout,1.34690,20.00000,target,5.10556,35.00000,timeout,1.34690,20.00000,target,5.10556,35.00000,timeout,1.27207,1.27207,timeout,2.08022,2.08022,timeout,2.25998,2.25998,target,5.10556,5.58735
original92,CSCO,2025-08-13,2025-08-15,sma5_reclaim,signal,2025-09-11,18.00000,66.66580,3.18731,true,false,timeout,3.57879,20.00000,target,5.00000,33.00000,timeout,3.57879,20.00000,target,5.00000,33.00000,timeout,-0.67340,-0.67340,timeout,0.05891,0.05891,timeout,4.02062,4.02062,target,5.00000,6.17084
original92,CSCO,2025-08-13,2025-08-15,three_low_break,signal,2025-08-27,8.00000,66.67555,3.20242,false,false,timeout,-1.46370,20.00000,timeout,4.04957,40.00000,timeout,-1.46370,20.00000,timeout,4.04957,40.00000,timeout,-0.27810,-0.27810,timeout,-1.61007,-1.61007,timeout,0.04427,0.04427,timeout,4.00539,4.00539
original92,CSCO,2023-11-15,2023-11-16,next_open,baseline,2023-11-17,1.00000,44.54078,0.02082,false,false,timeout,3.78772,20.00000,target,5.00000,22.00000,timeout,3.78772,20.00000,target,5.00000,22.00000,timeout,0.87409,0.87409,timeout,3.78772,3.78772,target,5.00000,5.14048,target,5.00000,6.10543
original92,CSCO,2023-11-15,2023-11-16,day3,baseline,2023-11-21,3.00000,44.74471,0.47877,false,false,timeout,3.95691,20.00000,target,5.00000,28.00000,timeout,3.95691,20.00000,target,5.00000,28.00000,timeout,-0.70437,-0.70437,timeout,2.96250,2.96250,target,5.00000,4.57793,target,5.00000,7.04153
original92,CSCO,2023-11-15,2023-11-16,sma5_reclaim,signal,2023-12-08,15.00000,44.75398,0.49958,false,false,target,5.00000,16.00000,target,5.00000,16.00000,target,5.00000,16.00000,target,5.00000,16.00000,timeout,3.74896,3.74896,target,5.00000,4.55627,target,5.00000,7.64557,target,5.00000,4.32666
original92,CSCO,2023-11-15,2023-11-16,three_low_break,signal,2023-11-27,6.00000,44.80033,0.60366,false,false,timeout,3.64163,20.00000,target,5.00000,25.00000,timeout,3.64163,20.00000,target,5.00000,25.00000,timeout,2.19326,2.19326,timeout,4.36582,4.36582,target,5.00000,5.17792,target,5.00000,8.72278
original92,DELL,2025-08-28,2025-08-29,next_open,baseline,2025-09-02,1.00000,117.61128,-2.48874,false,false,target,5.00000,3.00000,target,5.00000,3.00000,target,5.00000,3.00000,target,5.00000,3.00000,target,5.00000,7.19503,target,5.00000,23.72597,target,5.00000,25.58979,target,5.00000,36.50177
original92,DELL,2025-08-28,2025-08-29,day3,baseline,2025-09-04,3.00000,122.46937,1.53909,false,false,target,5.00000,10.00000,target,5.00000,10.00000,target,5.00000,10.00000,target,5.00000,10.00000,target,5.00000,6.51455,target,5.00000,13.47255,target,5.00000,20.60792,target,5.00000,29.54969
original92,DELL,2025-08-28,2025-08-29,sma5_reclaim,signal,2025-09-11,8.00000,123.33336,2.25542,true,false,target,5.00000,5.00000,target,5.00000,5.00000,target,5.00000,5.00000,target,5.00000,5.00000,target,5.00000,4.84768,target,5.00000,20.54762,target,5.00000,27.46107,target,5.00000,14.64586
original92,DELL,2025-08-28,2025-08-29,three_low_break,signal,2025-09-05,4.00000,125.64886,4.17519,false,false,stop,-5.01375,3.00000,stop,-5.01375,3.00000,target,5.00000,10.00000,target,5.00000,10.00000,target,5.00000,3.68566,target,5.00000,10.60118,target,5.00000,16.20432,target,5.00000,21.95756
original92,DELL,2025-02-27,2025-03-03,next_open,baseline,2025-03-04,1.00000,90.87320,-2.67895,false,false,target,5.00000,2.00000,target,5.00000,2.00000,target,5.00000,2.00000,target,5.00000,2.00000,target,5.00000,3.69893,target,5.00000,-16.95699,target,5.00000,-8.81720,target,5.00000,2.36194
original92,DELL,2025-02-27,2025-03-03,day3,baseline,2025-03-06,3.00000,92.09462,-1.37087,false,false,stop,-5.00000,2.00000,stop,-5.00000,2.00000,target,5.00000,10.00000,target,5.00000,10.00000,target,5.00000,4.95491,target,5.00000,-24.00000,target,5.00000,-10.02653,target,5.00000,0.75876
original92,DELL,2025-02-27,2025-03-03,sma5_reclaim,signal,2025-03-13,8.00000,91.80148,-1.68481,false,false,target,5.00000,3.00000,target,5.00000,3.00000,target,5.00000,3.00000,target,5.00000,3.00000,target,5.00000,3.35285,target,5.00000,-12.79404,target,5.00000,1.64825,target,5.00000,10.78577
original92,DELL,2025-02-27,2025-03-03,three_low_break,signal,2025-03-13,8.00000,91.80148,-1.68481,false,false,target,5.00000,3.00000,target,5.00000,3.00000,target,5.00000,3.00000,target,5.00000,3.00000,target,5.00000,3.35285,target,5.00000,-12.79404,target,5.00000,1.64825,target,5.00000,10.78577
original92,DELL,2024-11-26,2024-11-27,next_open,baseline,2024-11-29,1.00000,121.94612,0.73967,false,false,stop,-5.00000,8.00000,stop,-5.00000,8.00000,stop,-10.00000,14.00000,stop,-10.00000,14.00000,timeout,-5.46688,-5.46688,stop,-10.00000,-6.36073,stop,-10.00000,-12.07502,stop,-10.00000,-18.83824
original92,DELL,2024-11-26,2024-11-27,day3,baseline,2024-12-03,3.00000,121.80987,0.62711,false,false,stop,-5.00000,6.00000,stop,-5.00000,6.00000,stop,-10.00000,12.00000,stop,-10.00000,12.00000,timeout,-5.49696,-5.49696,stop,-10.00000,-6.89517,stop,-10.00000,-12.40013,stop,-10.00000,-16.89442
original92,DELL,2024-11-26,2024-11-27,sma5_reclaim,signal,2024-12-23,17.00000,113.40113,-6.31934,false,true,target,5.00000,9.00000,target,5.00000,9.00000,target,5.00000,9.00000,target,5.00000,9.00000,target,5.00000,6.98592,target,5.00000,-0.80580,target,5.00000,-8.73307,target,5.00000,1.33111
original92,DELL,2024-11-26,2024-11-27,three_low_break,no_signal,,,,,,,,,,,,,,,,,,,,,,,,,,,,,,
original92,DIS,2023-05-10,2023-05-11,next_open,baseline,2023-05-12,1.00000,89.52947,0.03250,false,false,stop,-5.00000,12.00000,stop,-5.00000,12.00000,timeout,-0.44401,20.00000,timeout,-3.08642,40.00000,timeout,-4.38597,-4.38597,timeout,-0.44401,-0.44401,timeout,-3.94195,-3.94195,timeout,-3.08642,-3.08642
original92,DIS,2023-05-10,2023-05-11,day3,baseline,2023-05-16,3.00000,89.23860,-0.29249,false,false,stop,-5.00000,10.00000,stop,-5.00000,10.00000,timeout,1.96654,20.00000,timeout,-1.70578,40.00000,timeout,-4.58496,-4.58496,timeout,0.97784,0.97784,timeout,-2.99870,-2.99870,timeout,-3.71578,-3.71578
original92,DIS,2023-05-10,2023-05-11,sma5_reclaim,signal,2023-06-02,15.00000,86.90195,-2.90326,false,false,target,5.00948,8.00000,target,5.00948,8.00000,target,5.00948,8.00000,target,5.00948,8.00000,target,5.00948,1.88553,target,5.00948,-0.39049,target,5.00948,-4.54089,target,5.00948,-0.66942
original92,DIS,2023-05-10,2023-05-11,three_low_break,signal,2023-05-19,6.00000,90.16938,0.74748,false,false,stop,-5.00000,5.00000,stop,-5.00000,5.00000,timeout,-1.80645,20.00000,timeout,-7.58065,40.00000,timeout,-2.39785,-2.39785,timeout,-1.80645,-1.80645,timeout,-2.68817,-2.68817,timeout,-7.58065,-7.58065
original92,FDX,2024-09-19,2024-09-20,next_open,baseline,2024-09-23,1.00000,247.12043,0.34166,false,false,target,5.00000,2.00000,target,5.00000,2.00000,target,5.00000,2.00000,target,5.00000,2.00000,target,5.00000,1.95296,target,5.00000,4.90783,target,5.00000,10.84106,target,5.00000,17.40049
original92,FDX,2024-09-19,2024-09-20,day3,baseline,2024-09-25,3.00000,257.27567,4.46513,true,false,timeout,1.42100,20.00000,target,5.00000,31.00000,timeout,1.42100,20.00000,target,5.00000,31.00000,timeout,-0.51502,-0.51502,timeout,2.29691,2.29691,target,5.00000,7.62001,target,5.00000,12.76644
original92,FDX,2024-09-19,2024-09-20,sma5_reclaim,signal,2024-10-10,14.00000,254.70301,3.42052,true,false,target,5.53256,11.00000,target,5.53256,11.00000,target,5.53256,11.00000,target,5.53256,11.00000,target,5.53256,3.61496,target,5.53256,8.70704,target,5.53256,13.90545,target,5.53256,6.66836
original92,FDX,2024-09-19,2024-09-20,three_low_break,signal,2024-10-01,7.00000,264.86792,7.54791,true,false,stop,-5.00000,4.00000,stop,-5.00000,4.00000,timeout,0.58059,20.00000,target,5.00000,29.00000,timeout,-2.89929,-2.89929,timeout,-0.00365,-0.00365,target,5.00000,7.52209,target,5.00000,10.51997
original92,GILD,2024-02-06,2024-02-08,next_open,baseline,2024-02-09,1.00000,67.77372,0.02710,false,false,timeout,1.76104,20.00000,stop,-5.00000,38.00000,timeout,1.76104,20.00000,timeout,-4.99716,40.00000,timeout,-0.36576,-0.36576,timeout,1.76104,1.76104,timeout,-0.67262,-0.67262,timeout,-4.28552,-4.28552
original92,GILD,2024-02-06,2024-02-08,day3,baseline,2024-02-13,3.00000,68.57246,1.20596,false,false,timeout,0.52216,20.00000,stop,-5.00000,36.00000,timeout,0.52216,20.00000,timeout,-7.86212,40.00000,timeout,-2.23591,-2.23591,timeout,0.37510,0.37510,timeout,-0.92337,-0.92337,timeout,-7.92975,-7.92975
original92,GILD,2024-02-06,2024-02-08,sma5_reclaim,signal,2024-02-22,9.00000,66.34149,-2.08672,false,false,target,5.00000,13.00000,target,5.00000,13.00000,target,5.00000,13.00000,target,5.00000,13.00000,timeout,1.93745,1.93745,target,5.00000,1.51367,target,5.00000,-2.72248,target,5.00000,-6.39939
original92,GILD,2024-02-06,2024-02-08,three_low_break,signal,2024-02-22,9.00000,66.34149,-2.08672,false,false,target,5.00000,13.00000,target,5.00000,13.00000,target,5.00000,13.00000,target,5.00000,13.00000,timeout,1.93745,1.93745,target,5.00000,1.51367,target,5.00000,-2.72248,target,5.00000,-6.39939
original92,GILD,2023-11-07,2023-11-09,next_open,baseline,2023-11-10,1.00000,68.65405,0.64017,false,false,target,5.00000,17.00000,target,5.00000,17.00000,target,5.00000,17.00000,target,5.00000,17.00000,timeout,-0.10602,-0.10602,target,5.00000,4.71773,target,5.00000,6.52742,target,5.00000,15.08599
original92,GILD,2023-11-07,2023-11-09,day3,baseline,2023-11-14,3.00000,68.52668,0.45345,false,false,target,5.00000,15.00000,target,5.00000,15.00000,target,5.00000,15.00000,target,5.00000,15.00000,timeout,-1.07541,-1.07541,target,5.00000,9.56572,target,5.00000,8.53410,target,5.00000,15.72862
original92,GILD,2023-11-07,2023-11-09,sma5_reclaim,signal,2023-11-30,14.00000,68.58127,0.53348,false,false,target,5.00000,4.00000,target,5.00000,4.00000,target,5.00000,4.00000,target,5.00000,4.00000,target,5.00000,9.47851,target,5.00000,8.44771,target,5.00000,15.63651,target,5.00000,5.85064
original92,GILD,2023-11-07,2023-11-09,three_low_break,signal,2023-12-01,15.00000,69.85500,2.40064,false,false,target,5.00000,7.00000,target,5.00000,7.00000,target,5.00000,7.00000,target,5.00000,7.00000,target,5.00000,5.57657,target,5.00000,6.47029,target,5.00000,13.52800,target,5.00000,3.32914
original92,GOOG,2025-02-04,2025-02-05,next_open,baseline,2025-02-06,1.00000,189.87779,-1.19503,false,false,stop,-5.00000,11.00000,stop,-5.00000,11.00000,stop,-10.00000,15.00000,stop,-10.00000,15.00000,timeout,-2.27761,-2.27761,stop,-10.00000,-7.97948,stop,-10.00000,-12.85439,stop,-10.00000,-21.77076
original92,GOOG,2025-02-04,2025-02-05,day3,baseline,2025-02-10,3.00000,187.95903,-2.19348,false,false,stop,-5.00000,11.00000,stop,-5.00000,11.00000,stop,-10.00000,13.00000,stop,-10.00000,13.00000,timeout,-4.16270,-4.16270,stop,-10.00000,-10.50855,stop,-10.00000,-13.11386,stop,-10.00000,-15.59209
original92,GOOG,2025-02-04,2025-02-05,sma5_reclaim,signal,2025-02-14,7.00000,185.74202,-3.34713,false,false,stop,-5.00000,7.00000,stop,-5.00000,7.00000,stop,-10.00000,11.00000,stop,-10.00000,11.00000,timeout,-7.81994,-7.81994,stop,-10.00000,-10.17986,stop,-10.00000,-16.28326,stop,-10.00000,-14.97041
original92,GOOG,2025-02-04,2025-02-05,three_low_break,no_signal,,,,,,,,,,,,,,,,,,,,,,,,,,,,,,
original92,GOOG,2024-07-23,2024-07-24,next_open,baseline,2024-07-25,1.00000,172.81148,-0.06882,false,false,stop,-9.68723,8.00000,stop,-9.68723,8.00000,stop,-10.00000,8.00000,stop,-10.00000,8.00000,stop,-10.00000,-5.97418,stop,-10.00000,-3.91392,stop,-10.00000,-12.69440,stop,-10.00000,-6.29287
original92,GOOG,2024-07-23,2024-07-24,day3,baseline,2024-07-29,3.00000,169.09243,-2.21942,false,false,stop,-7.70088,6.00000,stop,-7.70088,6.00000,timeout,-1.80059,20.00000,stop,-10.00000,29.00000,timeout,-3.84164,-3.84164,timeout,-3.51906,-3.51906,stop,-10.00000,-8.65410,stop,-10.00000,-2.92810
original92,GOOG,2024-07-23,2024-07-24,sma5_reclaim,signal,2024-08-19,18.00000,165.62133,-4.22664,false,true,stop,-5.00000,11.00000,stop,-5.00000,11.00000,stop,-10.00000,15.00000,stop,-10.00000,15.00000,timeout,-1.13174,-1.13174,stop,-10.00000,-3.57983,stop,-10.00000,0.25755,stop,-10.00000,-1.03756
original92,GOOG,2024-07-23,2024-07-24,three_low_break,signal,2024-08-01,6.00000,170.56021,-1.37065,false,false,stop,-8.49517,3.00000,stop,-8.49517,3.00000,timeout,-4.34934,20.00000,stop,-10.00000,26.00000,timeout,-5.12269,-5.12269,timeout,-3.99465,-3.99465,stop,-10.00000,-7.79249,stop,-10.00000,-2.65723
original92,GOOG,2024-01-30,2024-01-31,next_open,baseline,2024-02-01,1.00000,142.34178,1.33286,false,false,timeout,-2.72114,20.00000,stop,-5.00000,22.00000,timeout,-2.72114,20.00000,target,5.00000,32.00000,timeout,0.17399,0.17399,timeout,-3.90424,-3.90424,timeout,-1.05783,-1.05783,target,5.00000,8.91503
original92,GOOG,2024-01-30,2024-01-31,day3,baseline,2024-02-05,3.00000,142.68850,1.57969,false,false,stop,-5.00000,17.00000,stop,-5.00000,17.00000,timeout,-6.83144,20.00000,target,5.00000,30.00000,timeout,-1.58289,-1.58289,timeout,-7.97001,-7.97001,target,5.00000,3.26298,target,5.00000,6.87309
original92,GOOG,2024-01-30,2024-01-31,sma5_reclaim,signal,2024-02-22,15.00000,144.74898,3.04654,true,false,stop,-5.00000,3.00000,stop,-5.00000,3.00000,timeout,2.43635,20.00000,target,5.00000,27.00000,timeout,-7.44593,-7.44593,timeout,3.86668,3.86668,target,5.00000,5.35177,target,5.00000,8.09609
original92,GOOG,2024-01-30,2024-01-31,three_low_break,signal,2024-02-09,7.00000,146.56181,4.33709,false,false,stop,-5.00000,11.00000,stop,-5.00000,11.00000,stop,-10.00000,16.00000,stop,-10.00000,16.00000,timeout,-1.79790,-1.79790,stop,-10.00000,-7.88104,stop,-10.00000,2.16289,stop,-10.00000,6.88746
original92,HPE,2025-03-06,2025-03-07,next_open,baseline,2025-03-10,1.00000,14.92555,-1.89753,false,false,stop,-5.00000,4.00000,stop,-5.00000,4.00000,target,5.00000,8.00000,target,5.00000,8.00000,target,5.00000,7.11198,target,5.00000,-5.75706,target,5.00000,5.16213,target,5.00000,9.77678
original92,HPE,2025-03-06,2025-03-07,day3,baseline,2025-03-12,3.00000,14.67535,-3.54206,false,false,target,5.00000,5.00000,target,5.00000,5.00000,target,5.00000,5.00000,target,5.00000,5.00000,target,5.00000,6.22792,target,5.00000,-6.53000,target,5.00000,7.35168,target,5.00000,11.64838
original92,HPE,2025-03-06,2025-03-07,sma5_reclaim,signal,2025-03-17,6.00000,15.06028,-1.01202,false,false,target,5.00000,3.00000,target,5.00000,3.00000,target,5.00000,3.00000,target,5.00000,3.00000,target,5.00000,-0.60965,target,5.00000,-4.15240,target,5.00000,5.70290,target,5.00000,14.33433
original92,HPE,2025-03-06,2025-03-07,three_low_break,signal,2025-03-18,7.00000,15.16132,-0.34788,false,false,target,5.00000,2.00000,target,5.00000,2.00000,target,5.00000,2.00000,target,5.00000,2.00000,target,5.00000,0.07163,target,5.00000,-3.12759,target,5.00000,7.87773,target,5.00000,13.57234
original92,HPE,2024-09-04,2024-09-05,next_open,baseline,2024-09-06,1.00000,16.68809,-0.36848,false,false,stop,-6.74253,3.00000,stop,-6.74253,3.00000,stop,-10.00000,4.00000,stop,-10.00000,4.00000,stop,-10.00000,7.79277,stop,-10.00000,18.16517,stop,-10.00000,14.44027,stop,-10.00000,14.61219
original92,HPE,2024-09-04,2024-09-05,day3,baseline,2024-09-10,3.00000,15.56289,-7.08616,false,false,target,5.00000,5.00000,target,5.00000,5.00000,target,5.00000,5.00000,target,5.00000,5.00000,target,5.00000,16.01635,target,5.00000,26.21694,target,5.00000,19.58041,target,5.00000,35.43434
original92,HPE,2024-09-04,2024-09-05,sma5_reclaim,signal,2024-09-16,7.00000,15.99018,-4.53514,false,true,target,6.71021,2.00000,target,6.71021,2.00000,target,6.71021,2.00000,target,6.71021,2.00000,target,6.71021,22.36570,target,6.71021,24.93741,target,6.71021,16.56439,target,6.71021,26.01394
original92,HPE,2024-09-04,2024-09-05,three_low_break,signal,2024-09-16,7.00000,15.99018,-4.53514,false,true,target,6.71021,2.00000,target,6.71021,2.00000,target,6.71021,2.00000,target,6.71021,2.00000,target,6.71021,22.36570,target,6.71021,24.93741,target,6.71021,16.56439,target,6.71021,26.01394
original92,HPE,2023-05-30,2023-05-31,next_open,baseline,2023-06-01,1.00000,13.19562,0.55479,false,false,target,5.00000,2.00000,target,5.00000,2.00000,target,5.00000,2.00000,target,5.00000,2.00000,target,5.00000,32.24083,target,5.00000,27.31495,target,5.00000,27.84543,target,5.00000,31.71035
original92,HPE,2023-05-30,2023-05-31,day3,baseline,2023-06-05,3.00000,13.85995,5.61720,true,false,target,5.00000,5.00000,target,5.00000,5.00000,target,5.00000,5.00000,target,5.00000,5.00000,target,5.00000,26.76811,target,5.00000,20.27458,target,5.00000,24.09854,target,5.00000,25.32510
original92,HPE,2023-05-30,2023-05-31,sma5_reclaim,chase_skip,,,,,,,,,,,,,,,,,,,,,,,,,,,,,,
original92,HPE,2023-05-30,2023-05-31,three_low_break,chase_skip,,,,,,,,,,,,,,,,,,,,,,,,,,,,,,
original92,IBM,2026-04-22,2026-04-23,next_open,baseline,2026-04-24,1.00000,228.59564,0.36784,false,false,stop,-5.19706,14.00000,stop,-5.19706,14.00000,target,5.00000,20.00000,target,5.00000,20.00000,timeout,-0.20651,-0.20651,target,5.00000,10.25234,target,5.00000,21.97078,target,5.00000,15.07349
original92,IBM,2026-04-22,2026-04-23,day3,baseline,2026-04-28,3.00000,227.18620,-0.25100,false,false,stop,-5.00000,12.00000,stop,-5.00000,12.00000,target,5.00000,18.00000,target,5.00000,18.00000,timeout,-4.19373,-4.19373,target,5.00000,15.47274,target,5.00000,18.97774,target,5.00000,18.71115
original92,IBM,2026-04-22,2026-04-23,sma5_reclaim,signal,2026-05-08,11.00000,228.09377,0.14749,false,false,stop,-5.00000,4.00000,stop,-5.00000,4.00000,target,5.00000,10.00000,target,5.00000,10.00000,target,5.00000,10.49493,target,5.00000,23.98903,target,5.00000,9.78975,target,5.00000,33.25643
original92,IBM,2026-04-22,2026-04-23,three_low_break,signal,2026-04-29,4.00000,227.02850,-0.32024,false,false,stop,-5.00000,11.00000,stop,-5.00000,11.00000,target,5.00000,17.00000,target,5.00000,17.00000,timeout,-6.13018,-6.13018,target,5.00000,30.23869,target,5.00000,19.06038,target,5.00000,18.79361
original92,ISRG,2023-07-20,2023-07-24,next_open,baseline,2023-07-25,1.00000,322.76000,-0.24725,false,false,stop,-5.00000,8.00000,stop,-5.00000,8.00000,stop,-10.00000,18.00000,stop,-10.00000,18.00000,timeout,-6.16247,-6.16247,stop,-10.00000,-11.50081,stop,-10.00000,-7.60317,stop,-10.00000,-10.70765
original92,ISRG,2023-07-20,2023-07-24,day3,baseline,2023-07-27,3.00000,331.71000,2.51885,false,false,stop,-5.00000,5.00000,stop,-5.00000,5.00000,stop,-10.00000,9.00000,stop,-10.00000,9.00000,stop,-10.00000,-8.15170,stop,-10.00000,-10.29815,stop,-10.00000,-10.09617,stop,-10.00000,-11.59447
original92,ISRG,2023-07-20,2023-07-24,sma5_reclaim,no_signal,,,,,,,,,,,,,,,,,,,,,,,,,,,,,,
original92,ISRG,2023-07-20,2023-07-24,three_low_break,signal,2023-08-16,17.00000,305.60000,-5.55075,false,false,stop,-5.00000,2.00000,stop,-5.00000,2.00000,target,5.00000,12.00000,target,5.00000,12.00000,timeout,4.24738,4.24738,target,5.00000,-3.29188,target,5.00000,-4.35537,target,5.00000,-10.61846
original92,ISRG,2023-01-24,2023-01-25,next_open,baseline,2023-01-26,1.00000,246.48000,1.09926,false,false,target,5.00000,6.00000,target,5.00000,6.00000,target,5.00000,6.00000,target,5.00000,6.00000,target,5.00000,-0.93314,target,5.00000,-6.26014,target,5.00000,-8.81613,target,5.00000,2.47079
original92,ISRG,2023-01-24,2023-01-25,day3,baseline,2023-01-30,3.00000,245.00000,0.49221,false,false,target,5.00000,4.00000,target,5.00000,4.00000,target,5.00000,4.00000,target,5.00000,4.00000,target,5.00000,0.05306,target,5.00000,-7.21224,target,5.00000,-1.83673,target,5.00000,4.27347
original92,ISRG,2023-01-24,2023-01-25,sma5_reclaim,signal,2023-02-02,6.00000,253.85000,4.12223,false,false,stop,-5.00000,9.00000,stop,-5.00000,9.00000,stop,-10.00000,19.00000,stop,-10.00000,19.00000,timeout,-5.39295,-5.39295,stop,-10.00000,-7.47686,stop,-10.00000,-6.32263,stop,-10.00000,-0.12606
original92,ISRG,2023-01-24,2023-01-25,three_low_break,signal,2023-02-03,7.00000,257.81000,5.74651,true,false,stop,-5.00000,5.00000,stop,-5.00000,5.00000,stop,-10.00000,14.00000,stop,-10.00000,14.00000,timeout,-7.33098,-7.33098,stop,-10.00000,-8.89803,stop,-10.00000,-6.71425,stop,-10.00000,-1.20244
original92,KLAC,2026-01-29,2026-01-30,next_open,baseline,2026-02-02,1.00000,139.48543,-1.95456,false,false,stop,-5.00000,2.00000,stop,-5.00000,2.00000,target,5.00000,8.00000,target,5.00000,8.00000,target,5.00000,4.57847,target,5.00000,5.55687,target,5.00000,8.10369,target,5.00000,8.48417
original92,KLAC,2026-01-29,2026-01-30,day3,baseline,2026-02-04,3.00000,136.01829,-4.39164,false,false,stop,-5.00000,1.00000,stop,-5.00000,1.00000,target,5.00000,3.00000,target,5.00000,3.00000,target,5.00000,8.56951,target,5.00000,-1.38679,target,5.00000,9.91682,target,5.00000,11.24946
original92,KLAC,2026-01-29,2026-01-30,sma5_reclaim,signal,2026-02-09,6.00000,143.46765,0.84457,false,true,target,5.00000,10.00000,target,5.00000,10.00000,target,5.00000,10.00000,target,5.00000,10.00000,target,5.00000,3.44396,target,5.00000,1.86831,target,5.00000,0.90386,target,5.00000,20.80121
original92,KLAC,2026-01-29,2026-01-30,three_low_break,signal,2026-02-09,6.00000,143.46765,0.84457,false,true,target,5.00000,10.00000,target,5.00000,10.00000,target,5.00000,10.00000,target,5.00000,10.00000,target,5.00000,3.44396,target,5.00000,1.86831,target,5.00000,0.90386,target,5.00000,20.80121
original92,NFLX,2025-10-21,2025-10-22,next_open,baseline,2025-10-23,1.00000,112.69000,0.94324,false,false,timeout,-2.38708,20.00000,stop,-5.00000,21.00000,timeout,-2.38708,20.00000,stop,-12.34803,31.00000,timeout,-2.65152,-2.65152,timeout,-7.43633,-7.43633,stop,-12.34803,-11.04801,stop,-12.34803,-17.26861
original92,NFLX,2025-10-21,2025-10-22,day3,baseline,2025-10-27,3.00000,110.06700,-1.40634,false,false,target,5.00000,13.00000,target,5.00000,13.00000,target,5.00000,13.00000,target,5.00000,13.00000,timeout,1.76256,1.76256,target,5.00000,-3.56783,target,5.00000,-14.51570,target,5.00000,-14.17046
original92,NFLX,2025-10-21,2025-10-22,sma5_reclaim,signal,2025-11-03,8.00000,113.32400,1.51115,false,false,stop,-5.00000,1.00000,stop,-5.00000,1.00000,timeout,-3.70089,20.00000,stop,-10.00000,23.00000,timeout,-2.67728,-2.67728,timeout,-8.26303,-8.26303,stop,-10.00000,-17.05199,stop,-10.00000,-19.70809
original92,NFLX,2025-10-21,2025-10-22,three_low_break,signal,2025-11-11,14.00000,111.76000,0.11018,false,false,stop,-5.00000,8.00000,stop,-5.00000,8.00000,stop,-11.61865,18.00000,stop,-11.61865,18.00000,timeout,-6.58554,-6.58554,stop,-11.61865,-15.81067,stop,-11.61865,-15.47065,stop,-11.61865,-19.95347
original92,NFLX,2025-07-17,2025-07-18,next_open,baseline,2025-07-21,1.00000,120.60000,-0.26794,false,false,stop,-5.00000,12.00000,stop,-5.00000,12.00000,timeout,2.73217,20.00000,target,5.00000,34.00000,timeout,-2.90299,-2.90299,timeout,0.65174,0.65174,timeout,4.26866,4.26866,target,5.00000,1.73881
original92,NFLX,2025-07-17,2025-07-18,day3,baseline,2025-07-23,3.00000,118.98100,-1.60679,false,false,target,5.00000,19.00000,target,5.00000,19.00000,target,5.00000,19.00000,target,5.00000,19.00000,timeout,-0.95225,-0.95225,target,5.00000,1.24726,target,5.00000,4.53938,target,5.00000,3.12319
original92,NFLX,2025-07-17,2025-07-18,sma5_reclaim,signal,2025-07-31,9.00000,118.48000,-2.02110,false,false,target,5.00000,11.00000,target,5.00000,11.00000,target,5.00000,11.00000,target,5.00000,11.00000,target,5.00000,3.86226,target,5.00000,1.97924,target,5.00000,0.30722,target,5.00000,1.82394
original92,NFLX,2025-07-17,2025-07-18,three_low_break,signal,2025-08-11,16.00000,121.40100,0.39446,false,false,timeout,2.53293,20.00000,stop,-5.00000,38.00000,timeout,2.53293,20.00000,timeout,-4.17624,40.00000,timeout,0.33443,0.33443,timeout,2.77592,2.77592,timeout,-0.47528,-0.47528,timeout,0.50000,0.50000
original92,NFLX,2023-07-19,2023-07-20,next_open,baseline,2023-07-21,1.00000,43.73700,-0.01143,false,false,stop,-5.00000,5.00000,stop,-5.00000,5.00000,timeout,-7.85834,20.00000,timeout,-9.24389,40.00000,timeout,-1.31925,-1.31925,timeout,-7.50852,-7.50852,timeout,0.57388,0.57388,stop,-10.00000,-9.41308
original92,NFLX,2023-07-19,2023-07-20,day3,baseline,2023-07-25,3.00000,42.71800,-2.34100,false,false,stop,-5.00000,18.00000,stop,-5.00000,18.00000,timeout,-4.42202,20.00000,target,5.00000,30.00000,timeout,2.60312,2.60312,timeout,-4.74039,-4.74039,target,5.00000,3.65654,target,5.00000,-11.08900
original92,NFLX,2023-07-19,2023-07-20,sma5_reclaim,signal,2023-08-08,13.00000,44.03600,0.67212,false,false,stop,-5.00000,7.00000,stop,-5.00000,7.00000,timeout,1.88936,20.00000,stop,-10.00000,28.00000,timeout,-6.17449,-6.17449,timeout,0.63130,0.63130,stop,-10.00000,-13.75011,stop,-10.00000,-13.36407
original92,NFLX,2023-07-19,2023-07-20,three_low_break,signal,2023-08-01,8.00000,43.73700,-0.01143,false,false,stop,-5.00000,12.00000,stop,-5.00000,12.00000,timeout,-4.41503,20.00000,stop,-10.00000,34.00000,timeout,-3.12550,-3.12550,timeout,-0.84368,-0.84368,timeout,-9.24389,-9.24389,stop,-10.00000,-13.66577
original92,NOW,2026-01-28,2026-01-29,next_open,baseline,2026-01-30,1.00000,117.54000,0.69391,false,false,stop,-5.00000,3.00000,stop,-5.00000,3.00000,stop,-10.00000,4.00000,stop,-10.00000,4.00000,stop,-10.00000,-8.89910,stop,-10.00000,-8.10788,stop,-10.00000,-2.26306,stop,-10.00000,-11.05156
original92,NOW,2026-01-28,2026-01-29,day3,baseline,2026-02-03,3.00000,115.02000,-1.46492,false,false,stop,-5.00000,1.00000,stop,-5.00000,1.00000,stop,-10.00000,3.00000,stop,-10.00000,3.00000,stop,-10.00000,-7.92036,stop,-10.00000,4.66006,stop,-10.00000,-4.03408,stop,-10.00000,-11.31977
original92,NOW,2026-01-28,2026-01-29,sma5_reclaim,signal,2026-02-11,9.00000,105.58000,-9.55196,false,true,stop,-5.00000,1.00000,stop,-5.00000,1.00000,target,5.00000,13.00000,target,5.00000,13.00000,timeout,-1.27865,-1.27865,target,5.00000,7.61508,target,5.00000,-5.84391,target,5.00000,-21.38663
original92,NOW,2026-01-28,2026-01-29,three_low_break,no_signal,,,,,,,,,,,,,,,,,,,,,,,,,,,,,,
original92,NOW,2025-01-29,2025-01-30,next_open,baseline,2025-01-31,1.00000,206.40200,1.90175,false,false,stop,-5.00000,9.00000,stop,-5.00000,9.00000,stop,-10.00000,16.00000,stop,-10.00000,16.00000,timeout,-4.39724,-4.39724,stop,-10.00000,-9.90785,stop,-10.00000,-18.32153,stop,-10.00000,-21.36123
original92,NOW,2025-01-29,2025-01-30,day3,baseline,2025-02-04,3.00000,207.98200,2.68181,false,false,stop,-5.00000,7.00000,stop,-5.00000,7.00000,stop,-10.00000,13.00000,stop,-10.00000,13.00000,timeout,-4.08016,-4.08016,stop,-10.00000,-16.61875,stop,-10.00000,-20.40177,stop,-10.00000,-30.60457
original92,NOW,2025-01-29,2025-01-30,sma5_reclaim,signal,2025-02-19,13.00000,199.46400,-1.52357,false,false,stop,-5.00000,3.00000,stop,-5.00000,3.00000,stop,-10.00000,10.00000,stop,-10.00000,10.00000,stop,-10.00000,-8.17491,stop,-10.00000,-17.00257,stop,-10.00000,-27.64108,stop,-10.00000,-22.57651
original92,NOW,2025-01-29,2025-01-30,three_low_break,no_signal,,,,,,,,,,,,,,,,,,,,,,,,,,,,,,
original92,PANW,2026-06-02,2026-06-03,next_open,baseline,2026-06-04,1.00000,269.85500,-3.77099,false,false,stop,-5.00000,4.00000,stop,-5.00000,4.00000,target,5.00000,8.00000,target,5.00000,8.00000,target,5.00000,6.64246,target,5.00000,28.98038,target,5.00000,32.91583,target,5.00000,28.63575
original92,PANW,2026-06-02,2026-06-03,day3,baseline,2026-06-08,3.00000,269.63000,-3.85123,false,false,stop,-5.00000,2.00000,stop,-5.00000,2.00000,target,5.00000,6.00000,target,5.00000,6.00000,target,5.00000,6.21963,target,5.00000,18.89997,target,5.00000,20.76920,target,5.00000,34.94789
original92,PANW,2026-06-02,2026-06-03,sma5_reclaim,signal,2026-06-12,7.00000,276.93500,-1.24630,false,true,target,5.00000,6.00000,target,5.00000,6.00000,target,5.00000,6.00000,target,5.00000,6.00000,target,5.00000,9.84527,target,5.00000,17.68466,target,5.00000,14.58284,target,5.00000,38.58848
original92,PANW,2026-06-02,2026-06-03,three_low_break,signal,2026-06-12,7.00000,276.93500,-1.24630,false,true,target,5.00000,6.00000,target,5.00000,6.00000,target,5.00000,6.00000,target,5.00000,6.00000,target,5.00000,9.84527,target,5.00000,17.68466,target,5.00000,14.58284,target,5.00000,38.58848
original92,PANW,2026-02-17,2026-02-18,next_open,baseline,2026-02-19,1.00000,152.48000,0.08533,false,false,stop,-5.00000,3.00000,stop,-5.00000,3.00000,target,5.00000,10.00000,target,5.00000,10.00000,target,5.00000,7.00420,target,5.00000,6.86647,target,5.00000,7.03699,target,5.00000,11.20147
original92,PANW,2026-02-17,2026-02-18,day3,baseline,2026-02-23,3.00000,147.72000,-3.03905,false,false,stop,-5.00000,2.00000,stop,-5.00000,2.00000,target,5.00000,7.00000,target,5.00000,7.00000,target,5.00000,11.76550,target,5.00000,3.72326,target,5.00000,13.04495,target,5.00000,20.86380
original92,PANW,2026-02-17,2026-02-18,sma5_reclaim,signal,2026-02-27,7.00000,147.16500,-3.40335,false,false,target,5.00000,3.00000,target,5.00000,3.00000,target,5.00000,3.00000,target,5.00000,3.00000,target,5.00000,13.48826,target,5.00000,-0.09853,target,5.00000,10.42707,target,5.00000,22.98441
original92,PANW,2026-02-17,2026-02-18,three_low_break,signal,2026-02-27,7.00000,147.16500,-3.40335,false,false,target,5.00000,3.00000,target,5.00000,3.00000,target,5.00000,3.00000,target,5.00000,3.00000,target,5.00000,13.48826,target,5.00000,-0.09853,target,5.00000,10.42707,target,5.00000,22.98441
original92,PANW,2025-11-19,2025-11-20,next_open,baseline,2025-11-21,1.00000,185.01000,-0.03242,false,false,target,5.00000,9.00000,target,5.00000,9.00000,target,5.00000,9.00000,target,5.00000,9.00000,target,5.00000,7.47527,target,5.00000,1.01076,target,5.00000,-1.56208,target,5.00000,-0.51349
original92,PANW,2025-11-19,2025-11-20,day3,baseline,2025-11-25,3.00000,183.53000,-0.83212,false,false,target,5.00000,6.00000,target,5.00000,6.00000,target,5.00000,6.00000,target,5.00000,6.00000,target,5.00000,6.24966,target,5.00000,2.01057,target,5.00000,2.99134,target,5.00000,-1.82531
original92,PANW,2025-11-19,2025-11-20,sma5_reclaim,no_signal,,,,,,,,,,,,,,,,,,,,,,,,,,,,,,
original92,PANW,2025-11-19,2025-11-20,three_low_break,signal,2025-12-01,6.00000,189.54000,2.41530,false,false,target,5.00000,5.00000,target,5.00000,5.00000,target,5.00000,5.00000,target,5.00000,5.00000,target,5.00000,-1.93099,target,5.00000,-2.81735,target,5.00000,-0.95494,target,5.00000,-6.63185
original92,PANW,2025-05-20,2025-05-21,next_open,baseline,2025-05-22,1.00000,183.01000,0.96546,false,false,target,5.00000,6.00000,target,5.00000,6.00000,target,5.00000,6.00000,target,5.00000,6.00000,target,5.00000,7.70450,target,5.00000,8.86837,target,5.00000,10.27813,target,5.00000,9.21808
original92,PANW,2025-05-20,2025-05-21,day3,baseline,2025-05-27,3.00000,188.67000,4.08805,false,false,target,5.00000,6.00000,target,5.00000,6.00000,target,5.00000,6.00000,target,5.00000,6.00000,target,5.00000,3.85859,target,5.00000,7.24546,target,5.00000,-0.67843,target,5.00000,7.73838
original92,PANW,2025-05-20,2025-05-21,sma5_reclaim,signal,2025-06-02,7.00000,192.14000,6.00243,true,false,target,5.00000,12.00000,target,5.00000,12.00000,target,5.00000,12.00000,target,5.00000,12.00000,timeout,3.10711,3.10711,target,5.00000,2.51379,target,5.00000,2.15468,target,5.00000,-10.02394
original92,PANW,2025-05-20,2025-05-21,three_low_break,signal,2025-06-03,8.00000,195.00000,7.58027,true,false,target,5.00000,15.00000,target,5.00000,15.00000,target,5.00000,15.00000,target,5.00000,15.00000,timeout,3.61538,3.61538,target,5.00000,3.49744,target,5.00000,0.40000,target,5.00000,-11.34359
original92,PANW,2024-02-20,2024-02-21,next_open,baseline,2024-02-22,1.00000,137.06335,4.64049,false,false,target,5.25060,3.00000,target,5.25060,3.00000,target,5.25060,3.00000,target,5.25060,3.00000,target,5.25060,4.50824,target,5.25060,4.61586,target,5.25060,-1.86655,target,5.25060,2.75540
original92,PANW,2024-02-20,2024-02-21,day3,baseline,2024-02-26,3.00000,144.26000,10.13475,true,false,target,5.00000,1.00000,target,5.00000,1.00000,target,5.00000,1.00000,target,5.00000,1.00000,target,5.00000,-1.79884,target,5.00000,-2.16969,target,5.00000,-1.61514,target,5.00000,1.00513
original92,PANW,2024-02-20,2024-02-21,sma5_reclaim,no_signal,,,,,,,,,,,,,,,,,,,,,,,,,,,,,,
original92,PANW,2024-02-20,2024-02-21,three_low_break,chase_skip,,,,,,,,,,,,,,,,,,,,,,,,,,,,,,
original92,PANW,2023-11-15,2023-11-16,next_open,baseline,2023-11-17,1.00000,121.52000,0.30541,false,false,target,5.00000,2.00000,target,5.00000,2.00000,target,5.00000,2.00000,target,5.00000,2.00000,target,5.00000,21.85648,target,5.00000,26.44009,target,5.00000,21.32982,target,5.00000,36.62360
original92,PANW,2023-11-15,2023-11-16,day3,baseline,2023-11-21,3.00000,129.77500,7.11927,true,false,target,5.00000,5.00000,target,5.00000,5.00000,target,5.00000,5.00000,target,5.00000,5.00000,target,5.00000,12.80293,target,5.00000,15.35350,target,5.00000,9.00790,target,5.00000,30.12522
original92,PANW,2023-11-15,2023-11-16,sma5_reclaim,no_signal,,,,,,,,,,,,,,,,,,,,,,,,,,,,,,
original92,PANW,2023-11-15,2023-11-16,three_low_break,chase_skip,,,,,,,,,,,,,,,,,,,,,,,,,,,,,,
original92,PYPL,2024-02-07,2024-02-08,next_open,baseline,2024-02-09,1.00000,55.58512,0.13362,false,false,target,5.00000,1.00000,target,5.00000,1.00000,target,5.00000,1.00000,target,5.00000,1.00000,target,5.00000,5.25754,target,5.00000,4.99066,target,5.00000,17.42728,target,5.00000,19.20648
original92,PYPL,2024-02-07,2024-02-08,day3,baseline,2024-02-13,3.00000,57.24165,3.11776,true,false,target,5.00000,11.00000,target,5.00000,11.00000,target,5.00000,11.00000,target,5.00000,11.00000,timeout,3.93918,3.93918,target,5.00000,8.84589,target,5.00000,15.73946,target,5.00000,11.59295
original92,PYPL,2024-02-07,2024-02-08,sma5_reclaim,signal,2024-02-26,11.00000,58.28007,4.98842,true,false,target,5.00000,13.00000,target,5.00000,13.00000,target,5.00000,13.00000,target,5.00000,13.00000,timeout,1.95147,1.95147,target,5.00000,12.96453,target,5.00000,11.65790,target,5.00000,11.92941
original92,PYPL,2024-02-07,2024-02-08,three_low_break,signal,2024-02-26,11.00000,58.28007,4.98842,true,false,target,5.00000,13.00000,target,5.00000,13.00000,target,5.00000,13.00000,target,5.00000,13.00000,timeout,1.95147,1.95147,target,5.00000,12.96453,target,5.00000,11.65790,target,5.00000,11.92941
original92,PYPL,2023-08-02,2023-08-03,next_open,baseline,2023-08-04,1.00000,64.08533,0.96603,false,false,stop,-5.00000,6.00000,stop,-5.00000,6.00000,stop,-10.00000,10.00000,stop,-10.00000,10.00000,stop,-10.00000,-8.30247,stop,-10.00000,-1.89815,stop,-10.00000,-2.87037,stop,-10.00000,-11.57408
original92,PYPL,2023-08-02,2023-08-03,day3,baseline,2023-08-08,3.00000,63.06669,-0.63883,false,false,stop,-5.00000,6.00000,stop,-5.00000,6.00000,stop,-10.00470,9.00000,stop,-10.00470,9.00000,stop,-10.00470,-4.37510,stop,-10.00470,-3.32445,stop,-10.00470,-9.23632,stop,-10.00470,-9.40881
original92,PYPL,2023-08-02,2023-08-03,sma5_reclaim,signal,2023-08-15,8.00000,62.06782,-2.21253,false,false,stop,-5.00000,1.00000,stop,-5.00000,1.00000,timeout,0.07967,20.00000,stop,-10.00000,38.00000,timeout,-0.41428,-0.41428,timeout,2.67687,2.67687,timeout,-6.85150,-6.85150,stop,-10.00000,-11.16953
original92,PYPL,2023-08-02,2023-08-03,three_low_break,signal,2023-08-23,14.00000,60.60415,-4.51854,false,true,target,5.00000,16.00000,target,5.00000,16.00000,target,5.00000,16.00000,target,5.00000,16.00000,timeout,2.48042,2.48042,target,5.00000,-5.54830,target,5.00000,-5.72781,target,5.00000,-12.87533
original92,PYPL,2023-05-08,2023-05-09,next_open,baseline,2023-05-10,1.00000,65.76658,0.90281,false,false,stop,-5.00000,1.00000,stop,-5.00000,1.00000,stop,-10.00000,12.00000,stop,-10.00000,12.00000,timeout,-7.06767,-7.06767,stop,-10.00000,-4.52632,stop,-10.00000,0.66166,stop,-10.00000,0.43609
original92,PYPL,2023-05-08,2023-05-09,day3,baseline,2023-05-12,3.00000,63.39305,-2.73879,false,false,stop,-5.00000,3.00000,stop,-5.00000,3.00000,timeout,-0.95164,20.00000,target,5.00000,26.00000,timeout,-6.05304,-6.05304,timeout,-0.95164,-0.95164,target,5.00000,3.65055,target,5.00000,10.17161
original92,PYPL,2023-05-08,2023-05-09,sma5_reclaim,signal,2023-05-23,10.00000,62.33485,-4.36234,false,false,stop,-5.00000,3.00000,stop,-5.00000,3.00000,target,5.00000,17.00000,target,5.00000,17.00000,timeout,3.15723,3.15723,target,5.00000,8.78947,target,5.00000,5.96541,target,5.00000,15.80200
original92,PYPL,2023-05-08,2023-05-09,three_low_break,signal,2023-06-05,18.00000,63.36338,-2.78431,false,true,target,5.00000,11.00000,target,5.00000,11.00000,target,5.00000,11.00000,target,5.00000,11.00000,timeout,3.68347,3.68347,target,5.00000,7.46059,target,5.00000,13.96910,target,5.00000,-2.06025
original92,QCOM,2026-02-04,2026-02-05,next_open,baseline,2026-02-06,1.00000,134.76295,0.41820,false,false,target,5.00000,8.00000,target,5.00000,8.00000,target,5.00000,8.00000,target,5.00000,8.00000,target,5.00000,4.39103,target,5.00000,-0.22562,target,5.00000,-5.62281,target,5.00000,-8.76994
original92,QCOM,2026-02-04,2026-02-05,day3,baseline,2026-02-10,3.00000,136.01832,1.35363,false,false,target,5.00000,10.00000,target,5.00000,10.00000,target,5.00000,10.00000,target,5.00000,10.00000,target,5.00000,4.80292,target,5.00000,-4.45399,target,5.00000,-7.39723,target,5.00000,-6.70513
original92,QCOM,2026-02-04,2026-02-05,sma5_reclaim,signal,2026-02-25,13.00000,143.35855,6.82318,true,false,stop,-5.33997,4.00000,stop,-5.33997,4.00000,stop,-10.00000,13.00000,stop,-10.00000,13.00000,timeout,-7.29320,-7.29320,stop,-10.00000,-12.13867,stop,-10.00000,-11.48201,stop,-10.00000,2.88852
original92,QCOM,2026-02-04,2026-02-05,three_low_break,signal,2026-02-11,4.00000,137.87430,2.73661,false,false,stop,-5.00000,19.00000,stop,-5.00000,19.00000,timeout,-3.60558,20.00000,stop,-10.00000,36.00000,timeout,4.13483,4.13483,timeout,-6.69606,-6.69606,timeout,-8.64379,-8.64379,stop,-10.00000,-7.96101
original92,QCOM,2025-07-30,2025-07-31,next_open,baseline,2025-08-01,1.00000,142.66035,-0.20442,false,false,target,5.00000,8.00000,target,5.00000,8.00000,target,5.00000,8.00000,target,5.00000,8.00000,target,5.00000,7.77687,target,5.00000,9.74327,target,5.00000,10.70428,target,5.00000,14.23374
original92,QCOM,2025-07-30,2025-07-31,day3,baseline,2025-08-05,3.00000,144.66691,1.19924,false,false,target,5.00000,7.00000,target,5.00000,7.00000,target,5.00000,7.00000,target,5.00000,7.00000,target,5.00000,5.20469,target,5.00000,8.14631,target,5.00000,12.98110,target,5.00000,14.55884
original92,QCOM,2025-07-30,2025-07-31,sma5_reclaim,signal,2025-08-25,17.00000,153.52108,7.39302,true,false,target,5.00000,16.00000,target,5.00000,16.00000,target,5.00000,16.00000,target,5.00000,16.00000,timeout,2.24726,2.24726,target,5.00000,10.74022,target,5.00000,5.70570,target,5.00000,7.79863
original92,QCOM,2025-07-30,2025-07-31,three_low_break,signal,2025-08-13,9.00000,149.97552,4.91278,false,false,target,5.00000,17.00000,target,5.00000,17.00000,target,5.00000,17.00000,target,5.00000,17.00000,timeout,3.76697,3.76697,target,5.00000,5.70303,target,5.00000,10.51692,target,5.00000,0.32088
original92,QCOM,2024-07-31,2024-08-01,next_open,baseline,2024-08-02,1.00000,152.99333,-2.12195,false,false,stop,-5.00000,2.00000,stop,-5.00000,2.00000,target,5.00000,8.00000,target,5.00000,8.00000,target,5.00000,7.26389,target,5.00000,9.20758,target,5.00000,4.33031,target,5.00000,3.81056
original92,QCOM,2024-07-31,2024-08-01,day3,baseline,2024-08-06,3.00000,150.99179,-3.40244,false,false,target,5.00000,6.00000,target,5.00000,6.00000,target,5.00000,6.00000,target,5.00000,6.00000,target,5.00000,8.64159,target,5.00000,3.86692,target,5.00000,7.17898,target,5.00000,7.16629
original92,QCOM,2024-07-31,2024-08-01,sma5_reclaim,signal,2024-08-09,6.00000,156.37687,0.04268,false,false,target,5.00000,5.00000,target,5.00000,5.00000,target,5.00000,5.00000,target,5.00000,5.00000,target,5.00000,5.74755,target,5.00000,-3.08558,target,5.00000,1.67468,target,5.00000,1.90749
original92,QCOM,2024-07-31,2024-08-01,three_low_break,signal,2024-08-16,11.00000,164.20667,5.05183,true,false,stop,-5.00000,12.00000,stop,-5.00000,12.00000,timeout,-2.14076,20.00000,timeout,-0.82803,40.00000,timeout,1.75001,1.75001,timeout,-2.14076,-2.14076,timeout,-0.78719,-0.78719,timeout,1.56988,1.56988
original92,SBUX,2024-04-30,2024-05-01,next_open,baseline,2024-05-02,1.00000,70.25984,0.61795,false,false,target,5.00000,13.00000,target,5.00000,13.00000,target,5.00000,13.00000,target,5.00000,13.00000,timeout,1.26988,1.26988,target,5.00000,7.91538,target,5.00000,7.14859,target,5.00000,3.75858
original92,SBUX,2024-04-30,2024-05-01,day3,baseline,2024-05-06,3.00000,68.76834,-1.51800,false,false,target,5.00000,10.00000,target,5.00000,10.00000,target,5.00000,10.00000,target,5.00000,10.00000,target,5.00000,6.57248,target,5.00000,11.54788,target,5.00000,9.56871,target,5.00000,4.52460
original92,SBUX,2024-04-30,2024-05-01,sma5_reclaim,signal,2024-05-09,6.00000,69.01224,-1.16873,false,false,target,5.00000,7.00000,target,5.00000,7.00000,target,5.00000,7.00000,target,5.00000,7.00000,target,5.00000,7.24356,target,5.00000,11.52344,target,5.00000,9.44171,target,5.00000,2.12825
original92,SBUX,2024-04-30,2024-05-01,three_low_break,signal,2024-05-10,7.00000,70.64444,1.16873,false,false,target,5.00000,9.00000,target,5.00000,9.00000,target,5.00000,9.00000,target,5.00000,9.00000,target,5.00000,5.52168,target,5.00000,8.94675,target,5.00000,6.67229,target,5.00000,-2.66639
original92,SBUX,2023-05-02,2023-05-03,next_open,baseline,2023-05-04,1.00000,95.70460,0.29819,false,false,stop,-5.00000,16.00000,stop,-5.00000,16.00000,timeout,-6.00788,20.00000,timeout,-4.52359,40.00000,timeout,3.21592,3.21592,timeout,-4.09951,-4.09951,timeout,-1.81524,-1.81524,timeout,-4.43685,-4.43685
original92,SBUX,2023-05-02,2023-05-03,day3,baseline,2023-05-08,3.00000,98.64174,3.37630,false,false,stop,-5.00000,12.00000,stop,-5.00000,12.00000,timeout,-6.55291,20.00000,timeout,-7.92755,40.00000,timeout,-3.77559,-3.77559,timeout,-8.43251,-8.43251,timeout,-5.69260,-5.69260,stop,-10.00000,-10.18120
original92,SBUX,2023-05-02,2023-05-03,sma5_reclaim,signal,2023-05-16,9.00000,98.15514,2.86634,false,false,stop,-5.00000,6.00000,stop,-5.00000,6.00000,timeout,-6.71929,20.00000,stop,-10.00000,36.00000,timeout,-8.13833,-8.13833,timeout,-4.72700,-4.72700,timeout,-6.90725,-6.90725,stop,-10.00000,-4.51085
original92,SBUX,2023-05-02,2023-05-03,three_low_break,no_signal,,,,,,,,,,,,,,,,,,,,,,,,,,,,,,
original92,TXN,2025-10-21,2025-10-22,next_open,baseline,2025-10-23,1.00000,165.70864,-0.41591,false,false,stop,-5.00000,5.00000,stop,-5.00000,5.00000,timeout,-6.76932,20.00000,target,5.00000,28.00000,timeout,-4.22327,-4.22327,timeout,-5.39837,-5.39837,target,5.00000,8.33489,target,5.00000,6.12712
original92,TXN,2025-10-21,2025-10-22,day3,baseline,2025-10-27,3.00000,165.53318,-0.52135,false,false,stop,-5.00000,3.00000,stop,-5.00000,3.00000,timeout,-5.29810,20.00000,target,5.00000,26.00000,timeout,-4.59704,-4.59704,timeout,-1.76312,-1.76312,target,5.00000,7.93284,target,5.00000,5.08703
original92,TXN,2025-10-21,2025-10-22,sma5_reclaim,signal,2025-11-06,11.00000,160.05765,-3.81192,false,false,stop,-5.00000,8.00000,stop,-5.00000,8.00000,target,5.00000,18.00000,target,5.00000,18.00000,timeout,-5.78802,-5.78802,target,5.00000,12.15975,target,5.00000,8.31951,target,5.00000,8.86021
original92,TXN,2025-10-21,2025-10-22,three_low_break,no_signal,,,,,,,,,,,,,,,,,,,,,,,,,,,,,,
original92,TXN,2025-07-22,2025-07-23,next_open,baseline,2025-07-24,1.00000,180.41016,0.09128,false,false,target,5.00000,17.00000,target,5.00000,17.00000,target,5.00000,17.00000,target,5.00000,17.00000,timeout,0.44724,0.44724,target,5.00000,11.33429,target,5.00000,1.53864,target,5.00000,-2.95125
original92,TXN,2025-07-22,2025-07-23,day3,baseline,2025-07-28,3.00000,181.81825,0.87248,false,false,target,5.00000,17.00000,target,5.00000,17.00000,target,5.00000,17.00000,target,5.00000,17.00000,timeout,-1.51013,-1.51013,target,5.00000,10.15575,target,5.00000,-1.16702,target,5.00000,-1.05980
original92,TXN,2025-07-22,2025-07-23,sma5_reclaim,signal,2025-08-06,10.00000,180.02782,-0.12085,false,false,target,5.00000,6.00000,target,5.00000,6.00000,target,5.00000,6.00000,target,5.00000,6.00000,target,5.00000,8.70648,target,5.00000,1.75429,target,5.00000,-2.88050,target,5.00000,-2.36613
original92,TXN,2025-07-22,2025-07-23,three_low_break,signal,2025-07-30,5.00000,185.95543,3.16779,false,false,stop,-5.00000,2.00000,stop,-5.00000,2.00000,target,5.00000,16.00000,target,5.00000,16.00000,timeout,1.32036,1.32036,target,5.00000,6.13765,target,5.00000,-4.28321,target,5.00000,-3.26104
original92,CVS,2025-10-29,2025-10-30,next_open,baseline,2025-10-31,1.00000,74.89933,-0.05216,false,false,target,5.00000,9.00000,target,5.00000,9.00000,target,5.00000,9.00000,target,5.00000,9.00000,target,5.00000,1.51337,target,5.00000,4.84018,target,5.00000,3.96608,target,5.00000,4.17482
original92,CVS,2025-10-29,2025-10-30,day3,baseline,2025-11-04,3.00000,76.64844,2.28191,false,false,timeout,-1.04538,20.00000,stop,-5.00000,22.00000,timeout,-1.04538,20.00000,timeout,1.17287,40.00000,timeout,-0.63743,-0.63743,timeout,-2.15451,-2.15451,timeout,-0.91790,-0.91790,timeout,2.15451,2.15451
original92,CVS,2025-10-29,2025-10-30,sma5_reclaim,signal,2025-11-12,9.00000,77.88944,3.93793,false,false,stop,-5.00000,15.00000,stop,-5.00000,15.00000,timeout,-0.92837,20.00000,timeout,0.74018,40.00000,timeout,0.18818,0.18818,timeout,-0.36382,-0.36382,timeout,-0.12545,-0.12545,timeout,0.74018,0.74018
original92,CVS,2025-10-29,2025-10-30,three_low_break,signal,2025-11-13,10.00000,77.42040,3.31204,true,false,stop,-5.00000,14.00000,stop,-5.00000,14.00000,timeout,2.01944,20.00000,timeout,1.42623,40.00000,timeout,0.79515,0.79515,timeout,0.23981,0.23981,timeout,0.47962,0.47962,timeout,1.42623,1.42623
original92,CVS,2024-05-01,2024-05-01,next_open,baseline,2024-05-02,1.00000,51.67658,0.14207,false,false,target,5.00000,16.00000,target,5.00000,16.00000,target,5.00000,16.00000,target,5.00000,16.00000,timeout,2.00390,2.00390,target,5.00000,5.69250,target,5.00000,6.79198,target,5.00000,3.12112
original92,CVS,2024-05-01,2024-05-01,day3,baseline,2024-05-06,3.00000,51.31001,-0.56828,false,false,target,5.00000,14.00000,target,5.00000,14.00000,target,5.00000,14.00000,target,5.00000,14.00000,timeout,2.51831,2.51831,target,5.00000,8.41222,target,5.00000,8.94803,target,5.00000,1.12520
original92,CVS,2024-05-01,2024-05-01,sma5_reclaim,signal,2024-05-31,21.00000,51.31918,-0.55052,true,false,target,5.00000,1.00000,target,5.00000,1.00000,target,5.00000,1.00000,target,5.00000,1.00000,target,5.00000,7.53571,target,5.00000,5.46428,target,5.00000,4.76786,target,5.00000,14.09511
original92,CVS,2024-05-01,2024-05-01,three_low_break,signal,2024-05-14,9.00000,51.95150,0.67484,false,false,target,5.00000,8.00000,target,5.00000,8.00000,target,5.00000,8.00000,target,5.00000,8.00000,target,5.00000,-5.39778,target,5.00000,7.65567,target,5.00000,4.18063,target,5.00000,4.07479
original92,CVS,2023-05-03,2023-05-04,next_open,baseline,2023-05-05,1.00000,62.81212,3.22721,false,false,stop,-5.00000,8.00000,stop,-5.00000,8.00000,timeout,-1.43642,20.00000,timeout,-1.74623,40.00000,timeout,-2.29545,-2.29545,timeout,-1.43642,-1.43642,timeout,-4.63315,-4.63315,timeout,-1.74623,-1.74623
original92,CVS,2023-05-03,2023-05-04,day3,baseline,2023-05-09,3.00000,61.54721,1.14842,false,false,timeout,1.33659,20.00000,timeout,-0.05749,40.00000,timeout,1.33659,20.00000,timeout,-0.05749,40.00000,timeout,0.12935,0.12935,timeout,3.11871,3.11871,timeout,0.02874,0.02874,timeout,-0.58925,-0.58925
original92,CVS,2023-05-03,2023-05-04,sma5_reclaim,signal,2023-05-18,10.00000,61.25530,0.66870,false,false,target,5.00000,18.00000,target,5.00000,18.00000,target,5.00000,18.00000,target,5.00000,18.00000,timeout,-0.53430,-0.53430,target,5.00000,-2.20939,target,5.00000,-0.17328,target,5.00000,2.77256
original92,CVS,2023-05-03,2023-05-04,three_low_break,signal,2023-06-05,21.00000,62.36984,2.50036,false,false,stop,-5.00000,8.00000,stop,-5.00000,8.00000,timeout,-1.04950,20.00000,target,5.00000,31.00000,timeout,-3.95689,-3.95689,timeout,-1.30478,-1.30478,target,5.00000,7.05429,target,5.00000,4.22315
original92,DIS,2025-11-13,2025-11-13,next_open,baseline,2025-11-14,1.00000,105.98531,-0.08363,false,false,stop,-5.00000,7.00000,stop,-5.00000,7.00000,target,5.00000,20.00000,target,5.00000,20.00000,timeout,-2.83668,-2.83668,target,5.00000,3.79464,target,5.00000,6.92206,target,5.00000,5.78907
original92,DIS,2025-11-13,2025-11-13,day3,baseline,2025-11-18,3.00000,103.59986,-2.33250,false,false,target,5.00000,17.00000,target,5.00000,17.00000,target,5.00000,17.00000,target,5.00000,17.00000,timeout,-0.25690,-0.25690,target,5.00000,7.16166,target,5.00000,7.14250,target,5.00000,6.51985
original92,DIS,2025-11-13,2025-11-13,sma5_reclaim,signal,2025-12-09,17.00000,106.05431,-0.01859,false,false,target,5.00000,4.00000,target,5.00000,4.00000,target,5.00000,4.00000,target,5.00000,4.00000,target,5.00000,5.94482,target,5.00000,6.83378,target,5.00000,3.84876,target,5.00000,1.71526
original92,DIS,2025-11-13,2025-11-13,three_low_break,signal,2025-12-01,11.00000,103.42242,-2.49977,false,false,target,5.00000,9.00000,target,5.00000,9.00000,target,5.00000,9.00000,target,5.00000,9.00000,target,5.00000,6.02132,target,5.00000,9.16866,target,5.00000,8.82322,target,5.00000,8.23789
original92,DIS,2024-05-07,2024-05-07,next_open,baseline,2024-05-08,1.00000,102.03865,-0.46494,false,false,timeout,-3.24118,20.00000,stop,-5.00000,26.00000,timeout,-3.24118,20.00000,timeout,-6.58723,40.00000,timeout,-1.79218,-1.79218,timeout,-3.20305,-3.20305,timeout,-2.50715,-2.50715,timeout,-6.58723,-6.58723
original92,DIS,2024-05-07,2024-05-07,day3,baseline,2024-05-10,3.00000,104.00355,1.45175,false,false,stop,-5.00000,4.00000,stop,-5.00000,4.00000,timeout,-5.03180,20.00000,timeout,-8.81244,40.00000,timeout,-4.82604,-4.82604,timeout,-5.03180,-5.03180,timeout,-4.62028,-4.62028,timeout,-8.81244,-8.81244
original92,DIS,2024-05-07,2024-05-07,sma5_reclaim,signal,2024-05-29,15.00000,98.98430,-3.44435,false,false,timeout,0.41274,20.00000,stop,-5.00000,28.00000,timeout,0.41274,20.00000,stop,-10.45750,38.00000,timeout,-0.94340,-0.94340,timeout,-2.42728,-2.42728,timeout,-4.10956,-4.10956,stop,-10.45750,-11.21768
original92,DIS,2024-05-07,2024-05-07,three_low_break,signal,2024-06-03,18.00000,101.32856,-1.15760,false,false,stop,-5.00000,19.00000,stop,-5.00000,19.00000,timeout,-5.88461,20.00000,stop,-12.52909,35.00000,timeout,-2.54392,-2.54392,timeout,-5.33743,-5.33743,timeout,-6.65591,-6.65591,stop,-12.52909,-13.61886
original92,DOW,2025-01-30,2025-01-30,next_open,baseline,2025-01-31,1.00000,34.93689,0.71336,false,false,stop,-5.00000,2.00000,stop,-5.00000,2.00000,timeout,-0.02048,20.00000,stop,-10.00000,40.00000,timeout,-0.39923,-0.39923,timeout,-0.02048,-0.02048,timeout,-1.59454,-1.59454,stop,-10.00000,-9.20254
original92,DOW,2025-01-30,2025-01-30,day3,baseline,2025-02-04,3.00000,33.81657,-2.51621,false,false,target,5.00000,9.00000,target,5.00000,9.00000,target,5.00000,9.00000,target,5.00000,9.00000,target,5.00000,5.69452,target,5.00000,1.47584,target,5.00000,-1.96632,target,5.00000,-23.56788
original92,DOW,2025-01-30,2025-01-30,sma5_reclaim,signal,2025-02-07,6.00000,35.00438,0.90791,false,false,stop,-5.00000,16.00000,stop,-5.00000,16.00000,timeout,-1.94137,20.00000,stop,-10.00000,35.00000,timeout,1.56812,1.56812,timeout,-1.94137,-1.94137,timeout,-4.97871,-4.97871,stop,-10.00000,-32.41941
original92,DOW,2025-01-30,2025-01-30,three_low_break,signal,2025-02-19,13.00000,35.09437,1.16732,false,false,stop,-5.00000,9.00000,stop,-5.00000,9.00000,timeout,-1.77494,20.00000,stop,-10.00000,28.00000,timeout,-1.33095,-1.33095,timeout,-5.53575,-5.53575,stop,-10.00000,-26.35079,stop,-10.00000,-26.48138
original92,GE,2026-04-21,2026-04-21,next_open,baseline,2026-04-22,1.00000,285.85846,-0.02790,false,false,stop,-5.00000,1.00000,stop,-5.00000,1.00000,target,5.00000,11.00000,target,5.00000,11.00000,target,5.00000,6.69109,target,5.00000,5.64800,target,5.00000,14.42526,target,5.00000,24.76539
original92,GE,2026-04-21,2026-04-21,day3,baseline,2026-04-24,3.00000,279.83513,-2.13441,false,false,target,7.06318,9.00000,target,7.06318,9.00000,target,7.06318,9.00000,target,7.06318,9.00000,target,7.06318,5.89430,target,7.06318,7.92203,target,7.06318,14.76426,target,7.06318,27.03396
original92,GE,2026-04-21,2026-04-21,sma5_reclaim,no_signal,,,,,,,,,,,,,,,,,,,,,,,,,,,,,,
original92,GE,2026-04-21,2026-04-21,three_low_break,signal,2026-04-29,6.00000,286.41691,0.16741,false,false,target,5.00000,6.00000,target,5.00000,6.00000,target,5.00000,6.00000,target,5.00000,6.00000,target,5.00000,2.61133,target,5.00000,12.72588,target,5.00000,16.74385,target,5.00000,28.47742
original92,GE,2026-01-22,2026-01-22,next_open,baseline,2026-01-23,1.00000,295.74905,0.67797,false,false,target,5.00000,8.00000,target,5.00000,8.00000,target,5.00000,8.00000,target,5.00000,8.00000,target,5.00000,8.08081,target,5.00000,15.56229,target,5.00000,8.55184,target,5.00000,-2.00223
original92,GE,2026-01-22,2026-01-22,day3,baseline,2026-01-27,3.00000,294.26532,0.17288,false,false,target,5.00000,6.00000,target,5.00000,6.00000,target,5.00000,6.00000,target,5.00000,6.00000,target,5.00000,7.04545,target,5.00000,15.33958,target,5.00000,1.56224,target,5.00000,-4.15824
original92,GE,2026-01-22,2026-01-22,sma5_reclaim,signal,2026-01-30,6.00000,295.74905,0.67797,false,false,target,5.00000,3.00000,target,5.00000,3.00000,target,5.00000,3.00000,target,5.00000,3.00000,target,5.00000,6.19865,target,5.00000,15.23906,target,5.00000,2.50601,target,5.00000,-4.31536
original92,GE,2026-01-22,2026-01-22,three_low_break,signal,2026-02-03,8.00000,308.57978,5.04576,false,false,target,5.00000,9.00000,target,5.00000,9.00000,target,5.00000,9.00000,target,5.00000,9.00000,target,5.00000,5.54883,target,5.00000,5.51979,target,5.00000,-7.31795,target,5.00000,-9.13740
original92,GE,2024-10-22,2024-10-22,next_open,baseline,2024-10-23,1.00000,177.63979,1.72082,false,false,stop,-5.00000,7.00000,stop,-5.00000,7.00000,timeout,-1.19087,20.00000,stop,-10.00000,40.00000,timeout,0.58987,0.58987,timeout,0.80690,0.80690,timeout,-2.29271,-2.29271,stop,-10.00000,-6.30495
original92,GE,2024-10-22,2024-10-22,day3,baseline,2024-10-25,3.00000,177.93635,1.89064,false,false,stop,-5.00000,5.00000,stop,-5.00000,5.00000,timeout,-0.72222,20.00000,stop,-10.00000,38.00000,timeout,2.67222,2.67222,timeout,0.63889,0.63889,timeout,-4.82222,-4.82222,stop,-10.00000,-4.72778
original92,GE,2024-10-22,2024-10-22,sma5_reclaim,signal,2024-11-06,11.00000,179.41915,2.73973,false,false,timeout,0.63361,20.00000,stop,-5.00000,23.00000,timeout,0.63361,20.00000,stop,-10.00000,30.00000,timeout,-1.93939,-1.93939,timeout,-3.26171,-3.26171,stop,-10.00000,-7.23416,stop,-10.00000,-5.10185
original92,GE,2024-10-22,2024-10-22,three_low_break,signal,2024-11-07,12.00000,178.94466,2.46802,false,false,timeout,-4.48017,20.00000,stop,-5.00000,22.00000,timeout,-4.48017,20.00000,stop,-10.00000,29.00000,timeout,-1.28163,-1.28163,timeout,-3.00519,-3.00519,stop,-10.00000,-6.98818,stop,-10.00000,-4.57908
original92,HON,2025-02-06,2025-02-06,next_open,baseline,2025-02-07,1.00000,705.41253,1.03899,false,false,timeout,1.73023,20.00000,stop,-5.00000,40.00000,timeout,1.73023,20.00000,timeout,-9.42823,40.00000,timeout,-0.02830,-0.02830,timeout,1.73023,1.73023,timeout,0.46406,0.46406,stop,-10.00000,-13.28366
original92,HON,2025-02-06,2025-02-06,day3,baseline,2025-02-11,3.00000,687.34465,-1.54895,false,false,target,5.00000,14.00000,target,5.00000,14.00000,target,5.00000,14.00000,target,5.00000,14.00000,timeout,2.62865,2.62865,target,5.00000,0.59359,target,5.00000,2.37000,target,5.00000,-3.36805
original92,HON,2025-02-06,2025-02-06,sma5_reclaim,signal,2025-02-19,8.00000,691.86994,-0.90077,false,false,target,5.00000,14.00000,target,5.00000,14.00000,target,5.00000,14.00000,target,5.00000,14.00000,timeout,1.35231,1.35231,target,5.00000,1.59407,target,5.00000,-7.65538,target,5.00000,-4.94292
original92,HON,2025-02-06,2025-02-06,three_low_break,signal,2025-02-20,9.00000,697.39345,-0.10962,false,false,timeout,0.08430,20.00000,stop,-5.00000,32.00000,timeout,0.08430,20.00000,stop,-10.00000,33.00000,timeout,1.33625,1.33625,timeout,0.78942,0.78942,timeout,-8.38677,-8.38677,stop,-10.00000,-6.83263
original92,HON,2024-10-24,2024-10-24,next_open,baseline,2024-10-25,1.00000,692.35464,0.00000,false,false,target,5.00000,11.00000,target,5.00000,11.00000,target,5.00000,11.00000,target,5.00000,11.00000,target,5.00000,4.96891,target,5.00000,10.10898,target,5.00000,8.17699,target,5.00000,10.00806
original92,HON,2024-10-24,2024-10-24,day3,baseline,2024-10-29,3.00000,678.87839,-1.94644,false,false,target,5.00000,7.00000,target,5.00000,7.00000,target,5.00000,7.00000,target,5.00000,7.00000,target,5.00000,14.08574,target,5.00000,12.55450,target,5.00000,11.56443,target,5.00000,12.49078
original92,HON,2024-10-24,2024-10-24,sma5_reclaim,signal,2024-11-04,7.00000,691.46063,-0.12912,false,false,target,5.00000,5.00000,target,5.00000,5.00000,target,5.00000,5.00000,target,5.00000,5.00000,target,5.00000,10.12623,target,5.00000,10.57857,target,5.00000,9.17823,target,5.00000,9.00500
original92,HON,2024-10-24,2024-10-24,three_low_break,signal,2024-11-04,7.00000,691.46063,-0.12912,false,false,target,5.00000,5.00000,target,5.00000,5.00000,target,5.00000,5.00000,target,5.00000,5.00000,target,5.00000,10.12623,target,5.00000,10.57857,target,5.00000,9.17823,target,5.00000,9.00500
original92,HON,2024-07-25,2024-07-25,next_open,baseline,2024-07-26,1.00000,668.59780,0.28649,false,false,timeout,-0.88406,20.00000,timeout,0.70564,40.00000,timeout,-0.88406,20.00000,timeout,0.70564,40.00000,timeout,-2.36418,-2.36418,timeout,0.27479,0.27479,timeout,-0.37892,-0.37892,timeout,1.65649,1.65649
original92,HON,2024-07-25,2024-07-25,day3,baseline,2024-07-30,3.00000,665.04125,-0.24697,false,false,timeout,1.49314,20.00000,timeout,2.20013,40.00000,timeout,1.49314,20.00000,timeout,2.20013,40.00000,timeout,-2.58480,-2.58480,timeout,3.31539,3.31539,timeout,1.64251,1.64251,timeout,3.37513,3.37513
original92,HON,2024-07-25,2024-07-25,sma5_reclaim,signal,2024-08-16,16.00000,654.24367,-1.86656,false,false,target,5.00000,10.00000,target,5.00000,10.00000,target,5.00000,10.00000,target,5.00000,10.00000,target,5.00000,5.22294,target,5.00000,3.32001,target,5.00000,4.61562,target,5.00000,9.96002
original92,HON,2024-07-25,2024-07-25,three_low_break,signal,2024-08-01,5.00000,672.87883,0.92862,false,false,timeout,0.87440,20.00000,timeout,1.87579,40.00000,timeout,0.87440,20.00000,timeout,1.87579,40.00000,timeout,-2.87280,-2.87280,timeout,2.30882,2.30882,timeout,0.45859,0.45859,timeout,1.71832,1.71832
original92,HON,2023-07-27,2023-07-27,next_open,baseline,2023-07-28,1.00000,636.69486,0.63642,false,false,stop,-5.00000,8.00000,stop,-5.00000,8.00000,timeout,-5.81134,20.00000,timeout,-3.46120,40.00000,timeout,-3.00847,-3.00847,timeout,-5.23143,-5.23143,timeout,-5.27722,-5.27722,timeout,-4.42262,-4.42262
original92,HON,2023-07-27,2023-07-27,day3,baseline,2023-08-01,3.00000,622.81166,-1.55797,false,false,timeout,-2.29729,20.00000,timeout,-2.29209,40.00000,timeout,-2.29729,20.00000,timeout,-2.29209,40.00000,timeout,-2.33889,-2.33889,timeout,-2.26609,-2.26609,timeout,0.38605,0.38605,timeout,-3.93017,-3.93017
original92,HON,2023-07-27,2023-07-27,sma5_reclaim,no_signal,,,,,,,,,,,,,,,,,,,,,,,,,,,,,,
original92,HON,2023-07-27,2023-07-27,three_low_break,signal,2023-08-14,12.00000,618.44696,-2.24785,false,false,timeout,-2.48233,20.00000,stop,-5.00000,35.00000,timeout,-2.48233,20.00000,timeout,-2.31998,40.00000,timeout,-1.60775,-1.60775,timeout,0.33517,0.33517,timeout,-2.01100,-2.01100,timeout,-3.87012,-3.87012
original92,JCI,2025-07-29,2025-07-29,next_open,baseline,2025-07-30,1.00000,101.08297,-0.54243,false,false,target,5.00000,11.00000,target,5.00000,11.00000,target,5.00000,11.00000,target,5.00000,11.00000,target,5.00000,3.00935,target,5.00000,4.10012,target,5.00000,4.72341,target,5.00000,4.60194
original92,JCI,2025-07-29,2025-07-29,day3,baseline,2025-08-01,3.00000,102.64823,0.99768,false,false,target,5.00000,19.00000,target,5.00000,19.00000,target,5.00000,19.00000,target,5.00000,19.00000,timeout,-0.71929,-0.71929,target,5.00000,2.51271,target,5.00000,3.39503,target,5.00000,5.83690
original92,JCI,2025-07-29,2025-07-29,sma5_reclaim,signal,2025-08-19,15.00000,103.89848,2.22782,false,false,timeout,1.34546,20.00000,target,5.00000,34.00000,timeout,1.34546,20.00000,target,5.00000,34.00000,timeout,0.39795,0.39795,timeout,2.78567,2.78567,timeout,3.46015,3.46015,target,5.00000,3.49819
original92,JCI,2025-07-29,2025-07-29,three_low_break,signal,2025-08-25,19.00000,105.36531,3.67106,false,false,timeout,2.48874,20.00000,timeout,3.71721,40.00000,timeout,2.48874,20.00000,timeout,3.71721,40.00000,timeout,0.13080,0.13080,timeout,-0.09013,-0.09013,timeout,1.05395,1.05395,target,5.03009,5.91159
original92,JCI,2023-12-12,2023-12-12,next_open,baseline,2023-12-13,1.00000,49.62644,-1.78605,false,false,target,5.00000,2.00000,target,5.00000,2.00000,target,5.00000,2.00000,target,5.00000,2.00000,target,5.00000,11.17382,target,5.00000,8.59107,target,5.00000,9.07292,target,5.00000,6.97203
original92,JCI,2023-12-12,2023-12-12,day3,baseline,2023-12-15,3.00000,51.14469,1.21867,false,false,target,5.00000,6.00000,target,5.00000,6.00000,target,5.00000,6.00000,target,5.00000,6.00000,target,5.00000,7.79877,target,5.00000,5.36750,target,5.00000,5.94726,target,5.00000,2.37516
original92,JCI,2023-12-12,2023-12-12,sma5_reclaim,chase_skip,,,,,,,,,,,,,,,,,,,,,,,,,,,,,,
original92,JCI,2023-12-12,2023-12-12,three_low_break,signal,2023-12-26,9.00000,54.32031,7.50342,true,false,stop,-5.00000,14.00000,stop,-5.00000,14.00000,timeout,-3.11675,20.00000,timeout,2.60609,40.00000,timeout,1.53196,1.53196,timeout,-1.91935,-1.91935,timeout,-2.27153,-2.27153,timeout,2.90544,2.90544
original92,JCI,2023-08-02,2023-08-02,next_open,baseline,2023-08-03,1.00000,59.86230,-0.17309,false,false,stop,-5.00000,6.00000,stop,-5.00000,6.00000,timeout,-6.95145,20.00000,stop,-10.00000,25.00000,timeout,-6.74653,-6.74653,timeout,-5.76923,-5.76923,stop,-10.00000,-9.94641,stop,-10.00000,-16.87683
original92,JCI,2023-08-02,2023-08-02,day3,baseline,2023-08-07,3.00000,59.23480,-1.21951,false,false,stop,-5.00000,4.00000,stop,-5.00000,4.00000,timeout,-4.77101,20.00000,stop,-10.00000,23.00000,timeout,-6.25249,-6.25249,timeout,-8.27559,-8.27559,stop,-10.00000,-12.03505,stop,-10.00000,-16.04439
original92,JCI,2023-08-02,2023-08-02,sma5_reclaim,no_signal,,,,,,,,,,,,,,,,,,,,,,,,,,,,,,
original92,JCI,2023-08-02,2023-08-02,three_low_break,no_signal,,,,,,,,,,,,,,,,,,,,,,,,,,,,,,
original92,JCI,2023-02-01,2023-02-02,next_open,baseline,2023-02-03,1.00000,59.71470,-0.83630,false,false,timeout,1.84289,20.00000,stop,-5.45057,26.00000,timeout,1.84289,20.00000,stop,-10.00000,30.00000,timeout,1.06200,1.06200,timeout,1.84289,1.84289,stop,-10.00000,-8.01710,stop,-10.00000,-9.99692
original92,JCI,2023-02-01,2023-02-02,day3,baseline,2023-02-07,3.00000,60.93641,1.19250,false,false,timeout,-0.35200,20.00000,stop,-5.00000,23.00000,timeout,-0.35200,20.00000,stop,-10.00000,26.00000,timeout,-4.05571,-4.05571,timeout,-3.12213,-3.12213,stop,-10.00000,-10.33860,stop,-10.00000,-13.80310
original92,JCI,2023-02-01,2023-02-02,sma5_reclaim,signal,2023-02-14,8.00000,60.97372,1.25445,false,false,stop,-5.00000,6.00000,stop,-5.00000,6.00000,timeout,-4.29795,20.00000,stop,-10.00000,21.00000,timeout,-4.06852,-4.06852,stop,-10.00000,-9.07005,stop,-10.00000,-7.33117,stop,-10.00000,-11.53219
original92,JCI,2023-02-01,2023-02-02,three_low_break,no_signal,,,,,,,,,,,,,,,,,,,,,,,,,,,,,,
original92,LOW,2026-02-25,2026-02-25,next_open,baseline,2026-02-26,1.00000,260.47219,0.12166,false,false,stop,-5.00000,7.00000,stop,-5.00000,7.00000,stop,-10.00000,12.00000,stop,-10.00000,12.00000,timeout,-9.07192,-9.07192,stop,-10.00000,-12.54272,stop,-10.00000,-7.26058,stop,-10.00000,-7.45261
original92,LOW,2026-02-25,2026-02-25,day3,baseline,2026-03-02,3.00000,257.16857,-1.14820,false,false,stop,-5.00000,6.00000,stop,-5.00000,6.00000,stop,-10.00000,13.00000,stop,-10.00000,13.00000,timeout,-6.88077,-6.88077,stop,-10.00000,-9.23846,stop,-10.00000,-6.76154,stop,-10.00000,-9.82691
original92,LOW,2026-02-25,2026-02-25,sma5_reclaim,signal,2026-03-24,19.00000,227.85135,-12.41731,false,true,target,6.07744,11.00000,target,6.07744,11.00000,target,6.07744,11.00000,target,6.07744,11.00000,timeout,0.54263,0.54263,target,6.07744,7.53752,target,6.07744,-0.02596,target,6.07744,-6.20673
original92,LOW,2026-02-25,2026-02-25,three_low_break,no_signal,,,,,,,,,,,,,,,,,,,,,,,,,,,,,,
original92,LOW,2023-03-01,2023-03-01,next_open,baseline,2023-03-02,1.00000,179.69357,-0.84916,false,false,target,5.00000,3.00000,target,5.00000,3.00000,target,5.00000,3.00000,target,5.00000,3.00000,target,5.00000,3.63853,target,5.00000,3.79425,target,5.00000,4.94135,target,5.00000,8.61681
original92,LOW,2023-03-01,2023-03-01,day3,baseline,2023-03-06,3.00000,186.81938,3.08270,false,false,stop,-5.00000,14.00000,stop,-5.00000,14.00000,timeout,-0.16475,20.00000,target,5.00000,33.00000,timeout,-1.75237,-1.75237,timeout,-0.43435,-0.43435,target,5.00000,4.72292,target,5.00000,3.26465
original92,LOW,2023-03-01,2023-03-01,sma5_reclaim,no_signal,,,,,,,,,,,,,,,,,,,,,,,,,,,,,,
original92,LOW,2023-03-01,2023-03-01,three_low_break,signal,2023-03-07,4.00000,188.86199,4.20977,false,false,stop,-5.00000,12.00000,stop,-5.00000,12.00000,timeout,0.74078,20.00000,timeout,2.22722,40.00000,timeout,-2.81495,-2.81495,timeout,-1.93590,-1.93590,timeout,4.22243,4.22243,timeout,2.14781,2.14781
original92,PYPL,2026-05-05,2026-05-05,next_open,baseline,2026-05-06,1.00000,46.41696,0.41945,false,false,stop,-5.00000,5.00000,stop,-5.00000,5.00000,timeout,-8.72871,20.00000,stop,-10.00000,22.00000,timeout,-4.94806,-4.94806,stop,-10.00000,-11.26462,stop,-10.00000,-8.64275,stop,-10.00000,-2.28148
original92,PYPL,2026-05-05,2026-05-05,day3,baseline,2026-05-08,3.00000,45.35808,-1.87137,false,false,stop,-5.00000,9.00000,stop,-5.00000,9.00000,timeout,-9.19309,20.00000,stop,-10.00000,21.00000,timeout,-3.04691,-3.04691,timeout,-9.19309,-9.19309,stop,-10.00000,-6.88389,stop,-10.00000,0.39562
original92,PYPL,2026-05-05,2026-05-05,sma5_reclaim,no_signal,,,,,,,,,,,,,,,,,,,,,,,,,,,,,,
original92,PYPL,2026-05-05,2026-05-05,three_low_break,no_signal,,,,,,,,,,,,,,,,,,,,,,,,,,,,,,
original92,PYPL,2026-02-03,2026-02-03,next_open,baseline,2026-02-04,1.00000,41.23631,-0.23981,false,false,stop,-5.00000,2.00000,stop,-5.00000,2.00000,target,5.00000,13.00000,target,5.00000,13.00000,timeout,-0.36058,-0.36058,target,5.00000,13.25051,target,5.00000,6.11358,target,5.00000,9.32037
original92,PYPL,2026-02-03,2026-02-03,day3,baseline,2026-02-06,3.00000,39.89811,-3.47722,false,false,target,5.00000,3.00000,target,5.00000,3.00000,target,5.00000,3.00000,target,5.00000,3.00000,target,5.00000,3.47826,target,5.00000,17.04897,target,5.00000,13.36082,target,5.00000,11.81578
original92,PYPL,2026-02-03,2026-02-03,sma5_reclaim,signal,2026-02-18,10.00000,40.41356,-2.23022,false,false,target,5.00000,3.00000,target,5.00000,3.00000,target,5.00000,3.00000,target,5.00000,3.00000,target,5.00000,15.01483,target,5.00000,8.27385,target,5.00000,11.54593,target,5.00000,25.00328
original92,PYPL,2026-02-03,2026-02-03,three_low_break,signal,2026-02-10,5.00000,40.39374,-2.27818,false,false,stop,-5.00000,3.00000,stop,-5.00000,3.00000,target,5.00000,8.00000,target,5.00000,8.00000,target,5.00000,15.38650,target,5.00000,9.18849,target,5.00000,7.29319,target,5.00000,11.35453
original92,PYPL,2025-07-29,2025-07-29,next_open,baseline,2025-07-30,1.00000,71.39382,1.03569,false,false,stop,-5.00000,2.00000,stop,-5.00000,2.00000,timeout,-2.78432,20.00000,timeout,-5.99806,40.00000,timeout,-2.16096,-2.16096,timeout,-2.77047,-2.77047,timeout,-7.34174,-7.34174,timeout,-6.77379,-6.77379
original92,PYPL,2025-07-29,2025-07-29,day3,baseline,2025-08-01,3.00000,67.25003,-4.82855,false,false,timeout,3.02941,20.00000,timeout,-1.02941,40.00000,timeout,3.02941,20.00000,timeout,-1.02941,40.00000,timeout,1.80882,1.80882,timeout,3.22059,3.22059,timeout,-1.30882,-1.30882,timeout,-1.38235,-1.38235
original92,PYPL,2025-07-29,2025-07-29,sma5_reclaim,signal,2025-08-07,7.00000,69.22798,-2.02939,false,false,stop,-5.00000,20.00000,stop,-5.00000,20.00000,timeout,-2.20000,20.00000,timeout,-1.52857,40.00000,timeout,-3.50000,-3.50000,timeout,-2.48571,-2.48571,timeout,-2.54286,-2.54286,timeout,1.84286,1.84286
original92,PYPL,2025-07-29,2025-07-29,three_low_break,signal,2025-08-07,7.00000,69.22798,-2.02939,false,false,stop,-5.00000,20.00000,stop,-5.00000,20.00000,timeout,-2.20000,20.00000,timeout,-1.52857,40.00000,timeout,-3.50000,-3.50000,timeout,-2.48571,-2.48571,timeout,-2.54286,-2.54286,timeout,1.84286,1.84286
original92,PYPL,2025-02-04,2025-02-04,next_open,baseline,2025-02-05,1.00000,77.34743,0.62399,false,false,stop,-5.00000,13.00000,stop,-5.00000,13.00000,stop,-10.00000,17.00000,stop,-10.00000,17.00000,timeout,0.19179,0.19179,stop,-10.00000,-9.88365,stop,-10.00000,-10.25444,stop,-10.00000,-25.36760
original92,PYPL,2025-02-04,2025-02-04,day3,baseline,2025-02-07,3.00000,78.12872,1.64040,false,false,stop,-5.00000,10.00000,stop,-5.00000,10.00000,stop,-10.00000,14.00000,stop,-10.00000,14.00000,timeout,-5.12658,-5.12658,stop,-10.00000,-10.78481,stop,-10.00000,-10.16456,stop,-10.00000,-27.32911
original92,PYPL,2025-02-04,2025-02-04,sma5_reclaim,signal,2025-02-18,9.00000,77.33754,0.61113,false,false,stop,-5.00000,5.00000,stop,-5.00000,5.00000,stop,-10.00000,9.00000,stop,-10.00000,9.00000,stop,-10.00000,-13.70844,stop,-10.00000,-10.90793,stop,-10.00000,-25.35806,stop,-10.00000,-21.99489
original92,PYPL,2025-02-04,2025-02-04,three_low_break,signal,2025-02-18,9.00000,77.33754,0.61113,false,false,stop,-5.00000,5.00000,stop,-5.00000,5.00000,stop,-10.00000,9.00000,stop,-10.00000,9.00000,stop,-10.00000,-13.70844,stop,-10.00000,-10.90793,stop,-10.00000,-25.35806,stop,-10.00000,-21.99489
original92,PYPL,2024-10-29,2024-10-30,next_open,baseline,2024-10-31,1.00000,77.62434,0.34518,false,false,target,5.00000,6.00000,target,5.00000,6.00000,target,5.00000,6.00000,target,5.00000,6.00000,target,5.00000,9.30055,target,5.00000,10.54911,target,5.00000,15.96382,target,5.00000,8.84189
original92,PYPL,2024-10-29,2024-10-30,day3,baseline,2024-11-04,3.00000,76.40791,-1.22731,false,false,target,5.28734,3.00000,target,5.28734,3.00000,target,5.28734,3.00000,target,5.28734,3.00000,target,5.28734,9.59099,target,5.28734,15.62257,target,5.28734,12.32203,target,5.28734,13.38338
original92,PYPL,2024-10-29,2024-10-30,sma5_reclaim,chase_skip,,,,,,,,,,,,,,,,,,,,,,,,,,,,,,
original92,PYPL,2024-10-29,2024-10-30,three_low_break,signal,2024-11-06,5.00000,80.44785,3.99514,false,false,target,5.00000,4.00000,target,5.00000,4.00000,target,5.00000,4.00000,target,5.00000,4.00000,target,5.00000,4.17358,target,5.00000,10.49235,target,5.00000,7.11169,target,5.00000,7.68947
original92,TGT,2024-11-20,2024-11-20,next_open,baseline,2024-11-21,1.00000,113.79718,0.30398,false,false,target,5.00000,3.00000,target,5.00000,3.00000,target,5.00000,3.00000,target,5.00000,3.00000,target,5.00000,5.79900,target,5.00000,7.69105,target,5.00000,11.22123,target,5.00000,9.43566
original92,TGT,2024-11-20,2024-11-20,day3,baseline,2024-11-25,3.00000,119.37100,5.21689,false,false,target,5.00000,10.00000,target,5.00000,10.00000,target,5.00000,10.00000,target,5.00000,10.00000,target,5.00000,5.63754,target,5.00000,3.38096,target,5.00000,7.92535,target,5.00000,7.66768
original92,TGT,2024-11-20,2024-11-20,sma5_reclaim,chase_skip,,,,,,,,,,,,,,,,,,,,,,,,,,,,,,
original92,TGT,2024-11-20,2024-11-20,three_low_break,signal,2024-11-26,4.00000,120.51745,6.22741,true,false,target,5.00000,9.00000,target,5.00000,9.00000,target,5.00000,9.00000,target,5.00000,9.00000,target,5.00000,4.44702,target,5.00000,5.48337,target,5.00000,9.52823,target,5.00000,6.64347
original92,TGT,2024-05-22,2024-05-22,next_open,baseline,2024-05-23,1.00000,130.84398,-0.53745,false,false,target,5.00000,5.00000,target,5.00000,5.00000,target,5.00000,5.00000,target,5.00000,5.00000,target,5.00000,1.84561,target,5.00000,2.54737,target,5.00000,2.21053,target,5.00000,5.97895
original92,TGT,2024-05-22,2024-05-22,day3,baseline,2024-05-28,3.00000,133.13949,1.20751,false,false,target,5.00000,4.00000,target,5.00000,4.00000,target,5.00000,4.00000,target,5.00000,4.00000,target,5.00000,0.82069,target,5.00000,1.18621,target,5.00000,5.41379,target,5.00000,2.75862
original92,TGT,2024-05-22,2024-05-22,sma5_reclaim,signal,2024-06-11,13.00000,136.12365,3.47595,true,false,stop,-5.00000,4.00000,stop,-5.00000,4.00000,timeout,-1.44351,20.00000,target,5.00000,25.00000,timeout,-0.99831,-0.99831,timeout,2.12479,2.12479,target,5.00000,0.50590,target,5.00000,-8.60034
original92,TGT,2024-05-22,2024-05-22,three_low_break,signal,2024-05-29,4.00000,134.10360,1.94039,false,false,target,5.00000,3.00000,target,5.00000,3.00000,target,5.00000,3.00000,target,5.00000,3.00000,target,5.00000,0.49983,target,5.00000,1.36255,target,5.00000,4.65594,target,5.00000,2.01986
original92,UPS,2025-01-30,2025-01-30,next_open,baseline,2025-01-31,1.00000,102.73585,0.09574,false,false,target,5.00000,20.00000,target,5.00000,20.00000,target,5.00000,20.00000,target,5.00000,20.00000,timeout,1.05208,1.05208,target,5.00000,4.97669,target,5.00000,4.12121,target,5.00000,-3.63981
original92,UPS,2025-01-30,2025-01-30,day3,baseline,2025-02-04,3.00000,99.45752,-3.09835,false,false,target,5.00000,10.00000,target,5.00000,10.00000,target,5.00000,10.00000,target,5.00000,10.00000,target,5.00000,5.14822,target,5.00000,9.77612,target,5.00000,4.85669,target,5.00000,-10.98569
original92,UPS,2025-01-30,2025-01-30,sma5_reclaim,signal,2025-02-07,6.00000,101.71751,-0.89643,false,false,target,5.00000,11.00000,target,5.00000,11.00000,target,5.00000,11.00000,target,5.00000,11.00000,timeout,3.62259,3.62259,target,5.00000,8.33474,target,5.00000,3.15049,target,5.00000,-18.12096
original92,UPS,2025-01-30,2025-01-30,three_low_break,signal,2025-02-07,6.00000,101.71751,-0.89643,false,false,target,5.00000,11.00000,target,5.00000,11.00000,target,5.00000,11.00000,target,5.00000,11.00000,timeout,3.62259,3.62259,target,5.00000,8.33474,target,5.00000,3.15049,target,5.00000,-18.12096
holdout72,ADP,2023-01-25,2023-01-26,next_open,baseline,2023-01-27,1.00000,205.53081,-0.41255,false,false,timeout,-1.30067,20.00000,stop,-5.00000,32.00000,timeout,-1.30067,20.00000,timeout,-4.07899,40.00000,timeout,0.58797,0.58797,timeout,-1.30067,-1.30067,timeout,-4.33880,-4.33880,timeout,-4.07003,-4.07003
holdout72,ADP,2023-01-25,2023-01-26,day3,baseline,2023-01-31,3.00000,204.82587,-0.75411,false,false,timeout,-1.74764,20.00000,stop,-5.00000,30.00000,timeout,-1.74764,20.00000,timeout,-3.73987,40.00000,timeout,0.38439,0.38439,timeout,-0.52742,-0.52742,timeout,-4.15790,-4.15790,timeout,0.07188,0.07188
holdout72,ADP,2023-01-25,2023-01-26,sma5_reclaim,signal,2023-02-08,9.00000,205.85123,-0.25729,false,false,timeout,-1.28085,20.00000,stop,-5.00000,23.00000,timeout,-1.28085,20.00000,timeout,-4.65766,40.00000,timeout,-0.85390,-0.85390,timeout,-4.48323,-4.48323,timeout,-4.22830,-4.22830,timeout,-3.34272,-3.34272
holdout72,ADP,2023-01-25,2023-01-26,three_low_break,no_signal,,,,,,,,,,,,,,,,,,,,,,,,,,,,,,
holdout72,ADP,2023-10-25,2023-10-25,next_open,baseline,2023-10-26,1.00000,203.16542,-0.01374,false,false,stop,-5.00000,5.00000,stop,-5.00000,5.00000,target,5.19469,14.00000,target,5.19469,14.00000,timeout,3.76546,3.76546,target,5.19469,5.66193,target,5.19469,5.66185,target,5.19469,6.44531
holdout72,ADP,2023-10-25,2023-10-25,day3,baseline,2023-10-30,3.00000,200.72706,-1.21376,false,false,target,5.00000,8.00000,target,5.00000,8.00000,target,5.00000,8.00000,target,5.00000,8.00000,target,5.00000,4.94714,target,5.00000,6.25000,target,5.00000,10.07067,target,5.00000,8.67129
holdout72,ADP,2023-10-25,2023-10-25,sma5_reclaim,signal,2023-11-03,7.00000,205.70615,1.23666,false,false,target,5.00000,9.00000,target,5.00000,9.00000,target,5.00000,9.00000,target,5.00000,9.00000,target,5.00000,3.78229,target,5.00000,5.38841,target,5.00000,6.89664,target,5.00000,6.24575
holdout72,ADP,2023-10-25,2023-10-25,three_low_break,signal,2023-11-06,8.00000,204.21708,0.50382,false,false,target,5.00000,7.00000,target,5.00000,7.00000,target,5.00000,7.00000,target,5.00000,7.00000,target,5.00000,5.59632,target,5.00000,5.88798,target,5.00000,4.98934,target,5.00000,7.84114
holdout72,ADP,2025-10-29,2025-10-29,next_open,baseline,2025-10-30,1.00000,254.82429,0.38282,false,false,stop,-5.00000,14.00000,stop,-5.00000,14.00000,timeout,-3.00892,20.00000,timeout,-0.65091,40.00000,timeout,-2.90214,-2.90214,timeout,-2.63901,-2.63901,timeout,2.13565,2.13565,timeout,-0.35537,-0.35537
holdout72,ADP,2025-10-29,2025-10-29,day3,baseline,2025-11-03,3.00000,252.95844,-0.35219,false,false,stop,-5.00000,12.00000,stop,-5.00000,12.00000,timeout,-1.71341,20.00000,timeout,0.34869,40.00000,timeout,-3.61122,-3.61122,timeout,-0.03073,-0.03073,timeout,0.90547,0.90547,timeout,-2.22257,-2.22257
holdout72,ADP,2025-10-29,2025-10-29,sma5_reclaim,signal,2025-11-24,18.00000,245.49505,-3.29224,false,false,target,5.20024,14.00000,target,5.20024,14.00000,target,5.20024,14.00000,target,5.20024,14.00000,timeout,2.40282,2.40282,target,5.20024,2.82970,target,5.20024,5.84567,target,5.20024,2.73807
holdout72,ADP,2025-10-29,2025-10-29,three_low_break,signal,2025-11-24,18.00000,245.49505,-3.29224,false,false,target,5.20024,14.00000,target,5.20024,14.00000,target,5.20024,14.00000,target,5.20024,14.00000,timeout,2.40282,2.40282,target,5.20024,2.82970,target,5.20024,5.84567,target,5.20024,2.73807
holdout72,AMAT,2024-11-14,2024-11-15,next_open,baseline,2024-11-18,1.00000,165.04043,-0.71056,false,false,target,5.00000,4.00000,target,5.00000,4.00000,target,5.00000,4.00000,target,5.00000,4.00000,target,5.00000,9.55152,target,5.00000,-1.09787,target,5.00000,-2.04236,target,5.00000,14.80298
holdout72,AMAT,2024-11-14,2024-11-15,day3,baseline,2024-11-20,3.00000,166.64477,0.25462,false,false,target,5.00000,7.00000,target,5.00000,7.00000,target,5.00000,7.00000,target,5.00000,7.00000,target,5.00000,7.25063,target,5.00000,-3.15119,target,5.00000,0.67919,target,5.00000,13.69774
holdout72,AMAT,2024-11-14,2024-11-15,sma5_reclaim,signal,2024-12-02,10.00000,173.12382,4.15246,true,false,target,5.00000,1.00000,target,5.00000,1.00000,target,5.00000,1.00000,target,5.00000,1.00000,target,5.00000,-3.45908,target,5.00000,-7.32277,target,5.00000,6.26852,target,5.00000,2.77525
holdout72,AMAT,2024-11-14,2024-11-15,three_low_break,signal,2024-12-03,11.00000,178.77689,7.55338,true,false,stop,-5.00000,3.00000,stop,-5.00000,3.00000,stop,-10.16754,13.00000,stop,-10.16754,13.00000,timeout,-5.99857,-5.99857,stop,-10.16754,-9.56901,stop,-10.16754,5.98201,stop,-10.16754,-0.47459
holdout72,AMAT,2025-02-13,2025-02-14,next_open,baseline,2025-02-18,1.00000,169.48337,1.53073,false,false,stop,-5.00000,8.00000,stop,-5.00000,8.00000,stop,-10.00000,9.00000,stop,-10.00000,9.00000,stop,-10.00000,-10.80848,stop,-10.00000,-9.92747,stop,-10.00000,-25.93142,stop,-10.00000,-19.79940
holdout72,AMAT,2025-02-13,2025-02-14,day3,baseline,2025-02-20,3.00000,173.18638,3.74906,false,false,stop,-5.00000,4.00000,stop,-5.00000,4.00000,stop,-10.00000,6.00000,stop,-10.00000,6.00000,stop,-10.00000,-13.47493,stop,-10.00000,-13.14377,stop,-10.00000,-27.51513,stop,-10.00000,-22.60192
holdout72,AMAT,2025-02-13,2025-02-14,sma5_reclaim,signal,2025-03-10,15.00000,150.71982,-9.70977,true,true,stop,-5.00000,15.00000,stop,-5.00000,15.00000,stop,-10.00000,19.00000,stop,-10.00000,19.00000,timeout,1.65989,1.65989,stop,-10.00000,-1.76486,stop,-10.00000,-1.47618,stop,-10.00000,2.09290
holdout72,AMAT,2025-02-13,2025-02-14,three_low_break,signal,2025-02-21,4.00000,174.16534,4.33551,true,false,stop,-5.00000,3.00000,stop,-5.00000,3.00000,stop,-10.00000,5.00000,stop,-10.00000,5.00000,stop,-10.00000,-11.61074,stop,-10.00000,-13.63198,stop,-10.00000,-24.57276,stop,-10.00000,-21.47845
holdout72,AMAT,2025-05-15,2025-05-16,next_open,baseline,2025-05-19,1.00000,160.72693,-1.83004,false,false,stop,-5.00000,9.00000,stop,-5.00000,9.00000,target,5.00000,15.00000,target,5.00000,15.00000,timeout,-2.96714,-2.96714,target,5.00000,6.63928,target,5.00000,17.87453,target,5.00000,17.49817
holdout72,AMAT,2025-05-15,2025-05-16,day3,baseline,2025-05-21,3.00000,161.71578,-1.22607,false,false,stop,-5.00000,7.00000,stop,-5.00000,7.00000,target,5.00000,13.00000,target,5.00000,13.00000,timeout,-0.70291,-0.70291,target,5.00000,3.91456,target,5.00000,17.15376,target,5.00000,16.77970
holdout72,AMAT,2025-05-15,2025-05-16,sma5_reclaim,signal,2025-05-28,7.00000,160.55426,-1.93551,false,false,stop,-5.00000,3.00000,stop,-5.00000,3.00000,target,5.00000,9.00000,target,5.00000,9.00000,target,5.00000,6.72308,target,5.00000,13.15895,target,5.00000,22.25070,target,5.00000,14.69071
holdout72,AMAT,2025-05-15,2025-05-16,three_low_break,signal,2025-06-04,12.00000,161.14430,-1.57512,false,false,target,5.00000,4.00000,target,5.00000,4.00000,target,5.00000,4.00000,target,5.00000,4.00000,target,5.00000,6.36308,target,5.00000,17.56923,target,5.00000,17.19385,target,5.00000,10.76308
holdout72,AMAT,2025-08-14,2025-08-15,next_open,baseline,2025-08-18,1.00000,160.46006,0.03400,false,false,target,5.00000,18.00000,target,5.00000,18.00000,target,5.00000,18.00000,target,5.00000,18.00000,timeout,-0.36417,-0.36417,target,5.00000,10.40141,target,5.00000,38.57661,target,5.00000,39.44430
holdout72,AMAT,2025-08-14,2025-08-15,day3,baseline,2025-08-20,3.00000,160.45014,0.02782,false,false,target,5.00000,16.00000,target,5.00000,16.00000,target,5.00000,16.00000,target,5.00000,16.00000,timeout,-3.15339,-3.15339,target,5.00000,17.82746,target,5.00000,34.82908,target,5.00000,39.45292
holdout72,AMAT,2025-08-14,2025-08-15,sma5_reclaim,signal,2025-08-25,6.00000,161.41719,0.63070,false,false,target,5.00000,13.00000,target,5.00000,13.00000,target,5.00000,13.00000,target,5.00000,13.00000,timeout,-0.16019,-0.16019,target,5.00000,24.10819,target,5.00000,35.72793,target,5.00000,40.93402
holdout72,AMAT,2025-08-14,2025-08-15,three_low_break,signal,2025-08-25,6.00000,161.41719,0.63070,false,false,target,5.00000,13.00000,target,5.00000,13.00000,target,5.00000,13.00000,target,5.00000,13.00000,timeout,-0.16019,-0.16019,target,5.00000,24.10819,target,5.00000,35.72793,target,5.00000,40.93402
holdout72,CMCSA,2023-10-26,2023-10-26,next_open,baseline,2023-10-27,1.00000,34.24755,-2.93742,false,false,target,5.00000,1.00000,target,5.00000,1.00000,target,5.00000,1.00000,target,5.00000,1.00000,target,5.00000,10.28947,target,5.00000,12.05263,target,5.00000,12.26316,target,5.00000,15.60526
holdout72,CMCSA,2023-10-26,2023-10-26,day3,baseline,2023-10-31,3.00000,36.68093,3.95913,false,false,target,5.30713,4.00000,target,5.30713,4.00000,target,5.30713,4.00000,target,5.30713,4.00000,target,5.30713,2.87469,target,5.30713,2.92383,target,5.30713,9.28747,target,5.30713,7.73956
holdout72,CMCSA,2023-10-26,2023-10-26,sma5_reclaim,signal,2023-11-13,12.00000,37.56416,6.46232,true,false,timeout,2.35125,20.00000,target,5.71017,23.00000,timeout,2.35125,20.00000,target,5.71017,23.00000,timeout,0.98369,0.98369,timeout,4.77447,4.77447,target,5.71017,5.85413,target,5.71017,3.82967
holdout72,CMCSA,2023-10-26,2023-10-26,three_low_break,signal,2023-11-01,4.00000,37.28477,5.67050,true,false,timeout,0.62848,20.00000,target,5.00000,30.00000,timeout,0.62848,20.00000,target,5.00000,30.00000,timeout,2.80397,2.80397,timeout,2.03046,2.03046,target,5.00000,7.51753,target,5.00000,5.99468
holdout72,CMCSA,2024-04-25,2024-04-25,next_open,baseline,2024-04-26,1.00000,33.90764,-2.03327,false,false,target,5.00000,7.00000,target,5.00000,7.00000,target,5.00000,7.00000,target,5.00000,7.00000,target,5.00000,5.95688,target,5.00000,3.88140,target,5.00000,4.55526,target,5.00000,3.50404
holdout72,CMCSA,2024-04-25,2024-04-25,day3,baseline,2024-04-30,3.00000,35.29685,1.98046,false,false,timeout,-0.20715,20.00000,timeout,-1.03573,40.00000,timeout,-0.20715,20.00000,timeout,-1.03573,40.00000,timeout,2.79648,2.79648,timeout,0.64733,0.64733,timeout,-3.05541,-3.05541,timeout,1.39824,1.39824
holdout72,CMCSA,2024-04-25,2024-04-25,sma5_reclaim,signal,2024-05-13,12.00000,36.16510,4.48904,true,false,timeout,-1.97119,20.00000,stop,-5.00000,22.00000,timeout,-1.97119,20.00000,timeout,-4.63341,40.00000,timeout,-2.60298,-2.60298,timeout,-4.39727,-4.39727,timeout,-3.26005,-3.26005,timeout,-2.44224,-2.44224
holdout72,CMCSA,2024-04-25,2024-04-25,three_low_break,no_signal,,,,,,,,,,,,,,,,,,,,,,,,,,,,,,
holdout72,CMCSA,2025-01-30,2025-01-30,next_open,baseline,2025-01-31,1.00000,31.33277,0.66165,false,false,target,5.00000,8.00000,target,5.00000,8.00000,target,5.00000,8.00000,target,5.00000,8.00000,target,5.00000,5.73648,target,5.00000,7.20048,target,5.00000,6.81207,target,5.00000,9.71019
holdout72,CMCSA,2025-01-30,2025-01-30,day3,baseline,2025-02-04,3.00000,30.59321,-1.71428,false,false,target,5.00000,3.00000,target,5.00000,3.00000,target,5.00000,3.00000,target,5.00000,3.00000,target,5.00000,11.23011,target,5.00000,10.98531,target,5.00000,12.45410,target,5.00000,3.06825
holdout72,CMCSA,2025-01-30,2025-01-30,sma5_reclaim,signal,2025-03-03,21.00000,33.57952,7.87970,true,false,target,5.00000,6.00000,target,5.00000,6.00000,target,5.00000,6.00000,target,5.00000,6.00000,target,5.00000,-0.33454,target,5.00000,2.98856,target,5.00000,-4.32557,target,5.00000,-3.05967
holdout72,CMCSA,2025-01-30,2025-01-30,three_low_break,signal,2025-02-07,6.00000,32.40933,4.12030,false,false,target,5.00000,7.00000,target,5.00000,7.00000,target,5.00000,7.00000,target,5.00000,7.00000,target,5.00000,4.67938,target,5.00000,8.57886,target,5.00000,5.71924,target,5.00000,-4.28132
holdout72,CMCSA,2026-04-23,2026-04-24,next_open,baseline,2026-04-27,1.00000,26.66651,-0.39913,false,false,stop,-5.00000,10.00000,stop,-5.00000,10.00000,stop,-10.00000,13.00000,stop,-10.00000,13.00000,timeout,-8.81603,-8.81603,stop,-10.00000,-8.12386,stop,-10.00000,-12.67760,stop,-10.00000,-15.59199
holdout72,CMCSA,2026-04-23,2026-04-24,day3,baseline,2026-04-29,3.00000,26.70537,-0.25399,false,false,stop,-5.00000,7.00000,stop,-5.00000,7.00000,stop,-10.00000,11.00000,stop,-10.00000,11.00000,stop,-10.00000,-9.27610,stop,-10.00000,-9.53074,stop,-10.00000,-10.87668,stop,-10.00000,-15.71481
holdout72,CMCSA,2026-04-23,2026-04-24,sma5_reclaim,signal,2026-05-15,15.00000,24.65560,-7.91001,false,true,stop,-5.00000,13.00000,stop,-5.00000,13.00000,timeout,-3.46730,20.00000,stop,-10.00000,23.00000,timeout,-2.00946,-2.00946,timeout,-3.46730,-3.46730,stop,-10.00000,-4.57053,stop,-10.00000,-7.38390
holdout72,CMCSA,2026-04-23,2026-04-24,three_low_break,no_signal,,,,,,,,,,,,,,,,,,,,,,,,,,,,,,
holdout72,COP,2023-02-02,2023-02-02,next_open,baseline,2023-02-03,1.00000,97.78438,0.00898,false,false,stop,-5.00000,11.00000,stop,-5.00000,11.00000,timeout,-1.96417,20.00000,stop,-10.00000,26.00000,timeout,-6.04298,-6.04298,timeout,-1.96417,-1.96417,stop,-10.00000,-13.22601,stop,-10.00000,-3.48168
holdout72,COP,2023-02-02,2023-02-02,day3,baseline,2023-02-07,3.00000,95.23677,-2.59659,false,false,target,5.00000,4.00000,target,5.00000,4.00000,target,5.00000,4.00000,target,5.00000,4.00000,target,5.00000,-2.42703,target,5.00000,-1.96376,target,5.00000,-11.58115,target,5.00000,-0.93708
holdout72,COP,2023-02-02,2023-02-02,sma5_reclaim,no_signal,,,,,,,,,,,,,,,,,,,,,,,,,,,,,,
holdout72,COP,2023-02-02,2023-02-02,three_low_break,signal,2023-02-13,7.00000,100.54927,2.83677,false,false,stop,-5.00000,4.00000,stop,-5.00000,4.00000,stop,-10.48706,20.00000,stop,-10.48706,20.00000,timeout,-7.09961,-7.09961,stop,-10.48706,-16.41948,stop,-10.48706,-12.36097,stop,-10.48706,-4.19310
holdout72,CPRT,2024-09-04,2024-09-05,next_open,baseline,2024-09-06,1.00000,49.70000,0.38376,false,false,target,5.00000,13.00000,target,5.00000,13.00000,target,5.00000,13.00000,target,5.00000,13.00000,timeout,3.50101,3.50101,target,5.00000,6.43863,target,5.00000,5.75453,target,5.00000,6.41851
holdout72,CPRT,2024-09-04,2024-09-05,day3,baseline,2024-09-10,3.00000,49.42000,-0.18178,false,false,target,5.00000,7.00000,target,5.00000,7.00000,target,5.00000,7.00000,target,5.00000,7.00000,target,5.00000,6.13112,target,5.00000,12.50506,target,5.00000,4.63375,target,5.00000,13.55726
holdout72,CPRT,2024-09-04,2024-09-05,sma5_reclaim,signal,2024-09-13,6.00000,49.64000,0.26257,false,false,target,5.00000,8.00000,target,5.00000,8.00000,target,5.00000,8.00000,target,5.00000,8.00000,target,5.00000,4.87510,target,5.00000,12.65109,target,5.00000,4.45205,target,5.00000,15.18936
holdout72,CPRT,2024-09-04,2024-09-05,three_low_break,signal,2024-09-16,7.00000,50.59000,2.18138,false,false,target,5.00000,17.00000,target,5.00000,17.00000,target,5.00000,17.00000,target,5.00000,17.00000,timeout,3.57778,3.57778,target,5.00000,7.80787,target,5.00000,1.73947,target,5.00000,12.01819
holdout72,CPRT,2025-05-22,2025-05-23,next_open,baseline,2025-05-27,1.00000,54.31000,1.19247,false,false,stop,-5.00000,3.00000,stop,-5.00000,3.00000,stop,-10.00000,14.00000,stop,-10.00000,14.00000,timeout,-7.42036,-7.42036,stop,-10.00000,-11.17658,stop,-10.00000,-12.61278,stop,-10.00000,-14.03057
holdout72,CPRT,2025-05-22,2025-05-23,day3,baseline,2025-05-29,3.00000,52.12000,-2.88802,false,false,stop,-5.48734,12.00000,stop,-5.48734,12.00000,timeout,-7.44436,20.00000,stop,-10.00000,31.00000,timeout,-4.08672,-4.08672,timeout,-7.55948,-7.55948,timeout,-8.94091,-8.94091,stop,-10.00000,-11.58864
holdout72,CPRT,2025-05-22,2025-05-23,sma5_reclaim,signal,2025-06-25,21.00000,48.89500,-8.89696,false,true,stop,-5.00000,14.00000,stop,-5.00000,14.00000,timeout,-4.22334,20.00000,timeout,-2.62808,40.00000,timeout,-2.56672,-2.56672,timeout,-4.50966,-4.50966,timeout,-5.54249,-5.54249,timeout,0.13294,0.13294
holdout72,CPRT,2025-05-22,2025-05-23,three_low_break,no_signal,,,,,,,,,,,,,,,,,,,,,,,,,,,,,,
holdout72,CPRT,2025-11-20,2025-11-24,next_open,baseline,2025-11-25,1.00000,39.17000,0.66821,false,false,timeout,-0.05106,20.00000,target,5.00000,35.00000,timeout,-0.05106,20.00000,target,5.00000,35.00000,timeout,-1.86367,-1.86367,timeout,-0.17871,-0.17871,timeout,1.68496,1.68496,target,5.00000,5.69313
holdout72,CPRT,2025-11-20,2025-11-24,day3,baseline,2025-11-28,3.00000,38.92000,0.02570,false,false,timeout,0.97636,20.00000,target,5.00000,33.00000,timeout,0.97636,20.00000,target,5.00000,33.00000,timeout,-0.64234,-0.64234,timeout,0.97636,0.97636,timeout,2.56937,2.56937,target,5.00000,3.72559
holdout72,CPRT,2025-11-20,2025-11-24,sma5_reclaim,signal,2025-12-11,12.00000,39.14000,0.59111,false,false,timeout,1.76290,20.00000,target,5.00000,24.00000,timeout,1.76290,20.00000,target,5.00000,24.00000,timeout,-0.10220,-0.10220,timeout,1.76290,1.76290,target,5.00000,5.77414,target,5.00000,2.96372
holdout72,CPRT,2025-11-20,2025-11-24,three_low_break,signal,2025-12-11,12.00000,39.14000,0.59111,false,false,timeout,1.76290,20.00000,target,5.00000,24.00000,timeout,1.76290,20.00000,target,5.00000,24.00000,timeout,-0.10220,-0.10220,timeout,1.76290,1.76290,target,5.00000,5.77414,target,5.00000,2.96372
holdout72,CPRT,2026-02-19,2026-02-23,next_open,baseline,2026-02-24,1.00000,35.53000,0.48077,false,false,target,5.00000,4.00000,target,5.00000,4.00000,target,5.00000,4.00000,target,5.00000,4.00000,target,5.00000,2.19533,target,5.00000,-7.03631,target,5.00000,-7.79623,target,5.00000,-6.92373
holdout72,CPRT,2026-02-19,2026-02-23,day3,baseline,2026-02-26,3.00000,36.37800,2.87896,false,false,target,5.00000,3.00000,target,5.00000,3.00000,target,5.00000,3.00000,target,5.00000,3.00000,target,5.00000,-6.61939,target,5.00000,-10.85271,target,5.00000,-9.94557,target,5.00000,-8.76354
holdout72,CPRT,2026-02-19,2026-02-23,sma5_reclaim,signal,2026-03-24,21.00000,33.09000,-6.41968,true,false,timeout,1.96434,20.00000,timeout,0.09066,40.00000,timeout,1.96434,20.00000,timeout,0.09066,40.00000,timeout,0.06044,0.06044,timeout,2.38743,2.38743,timeout,2.56875,2.56875,target,5.00000,2.11544
holdout72,CPRT,2026-02-19,2026-02-23,three_low_break,signal,2026-02-27,4.00000,36.96000,4.52489,true,false,target,5.00000,3.00000,target,5.00000,3.00000,target,5.00000,3.00000,target,5.00000,3.00000,target,5.00000,-7.76515,target,5.00000,-12.25649,target,5.00000,-10.03788,target,5.00000,-9.79437
holdout72,DAL,2024-07-11,2024-07-12,next_open,baseline,2024-07-15,1.00000,42.48393,-0.02293,false,false,target,5.00000,2.00000,target,5.00000,2.00000,target,5.00000,2.00000,target,5.00000,2.00000,target,5.00000,-0.98601,target,5.00000,-10.97255,target,5.00000,-4.36855,target,5.00000,3.96123
holdout72,DAL,2024-07-11,2024-07-12,day3,baseline,2024-07-17,3.00000,44.15952,3.92022,true,false,stop,-5.00000,6.00000,stop,-5.00000,6.00000,stop,-10.00000,13.00000,stop,-10.00000,13.00000,timeout,-4.76513,-4.76513,stop,-10.00000,-11.11855,stop,-10.00000,-5.93841,stop,-10.00000,0.01653
holdout72,DAL,2024-07-11,2024-07-12,sma5_reclaim,signal,2024-07-29,11.00000,42.99050,1.16919,true,false,stop,-5.00000,4.00000,stop,-5.00000,4.00000,stop,-14.70483,6.00000,stop,-14.70483,6.00000,stop,-14.70483,-11.18024,stop,-14.70483,-8.06495,stop,-14.70483,0.66694,stop,-14.70483,17.19842
holdout72,DAL,2024-07-11,2024-07-12,three_low_break,no_signal,,,,,,,,,,,,,,,,,,,,,,,,,,,,,,
holdout72,DG,2023-08-31,2023-08-31,next_open,baseline,2023-09-01,1.00000,127.37207,-1.40794,false,false,stop,-5.00000,1.00000,stop,-5.00000,1.00000,stop,-10.00000,8.00000,stop,-10.00000,8.00000,stop,-10.00000,-15.28378,stop,-10.00000,-22.51922,stop,-10.00000,-16.36515,stop,-10.00000,-12.33695
holdout72,DG,2023-08-31,2023-08-31,day3,baseline,2023-09-06,3.00000,117.88563,-8.75090,false,false,stop,-5.00000,6.00000,stop,-5.00000,6.00000,stop,-10.00000,9.00000,stop,-10.00000,9.00000,stop,-10.00000,-8.48235,stop,-10.00000,-17.51212,stop,-10.00000,-8.32205,stop,-10.00000,-5.12343
holdout72,DG,2023-08-31,2023-08-31,sma5_reclaim,signal,2023-09-21,14.00000,107.64362,-16.67870,false,true,stop,-5.01733,2.00000,stop,-5.01733,2.00000,stop,-10.00000,5.00000,stop,-10.00000,5.00000,stop,-10.00000,-7.81629,stop,-10.00000,0.40086,stop,-10.00000,3.90382,stop,-10.00000,6.11714
holdout72,DG,2023-08-31,2023-08-31,three_low_break,no_signal,,,,,,,,,,,,,,,,,,,,,,,,,,,,,,
holdout72,DG,2023-12-07,2023-12-08,next_open,baseline,2023-12-11,1.00000,120.19394,0.72316,false,false,target,5.00000,12.00000,target,5.00000,12.00000,target,5.00000,12.00000,target,5.00000,12.00000,timeout,3.17621,3.17621,target,5.00000,5.07660,target,5.00000,4.15171,target,5.00000,5.97797
holdout72,DG,2023-12-07,2023-12-08,day3,baseline,2023-12-13,3.00000,115.94485,-2.83760,false,false,target,5.00000,1.00000,target,5.00000,1.00000,target,5.00000,1.00000,target,5.00000,1.00000,target,5.00000,8.76143,target,5.00000,9.39866,target,5.00000,8.43176,target,5.00000,9.86180
holdout72,DG,2023-12-07,2023-12-08,sma5_reclaim,signal,2024-01-10,21.00000,128.04799,7.30488,true,false,stop,-5.00000,11.00000,stop,-5.00000,11.00000,timeout,-0.46351,20.00000,target,5.00000,27.00000,timeout,-3.86257,-3.86257,timeout,-0.52237,-0.52237,target,5.00000,3.29606,target,5.00000,15.73720
holdout72,DG,2023-12-07,2023-12-08,three_low_break,signal,2023-12-26,11.00000,123.97404,3.89090,false,false,target,5.00000,5.00000,target,5.00000,5.00000,target,5.00000,5.00000,target,5.00000,5.00000,target,5.00000,3.87125,target,5.00000,0.97602,target,5.00000,2.74660,target,5.00000,6.69050
holdout72,DG,2024-03-14,2024-03-14,next_open,baseline,2024-03-15,1.00000,141.13352,-0.16660,false,false,target,5.00000,5.00000,target,5.00000,5.00000,target,5.00000,5.00000,target,5.00000,5.00000,target,5.00000,4.17195,target,5.00000,-0.98892,target,5.00000,-5.43095,target,5.00000,-5.99374
holdout72,DG,2024-03-14,2024-03-14,day3,baseline,2024-03-19,3.00000,147.43606,4.29162,false,false,stop,-5.00000,18.00000,stop,-5.00000,18.00000,timeout,-7.01077,20.00000,stop,-10.00000,29.00000,timeout,-1.02875,-1.02875,timeout,-6.56824,-6.56824,stop,-10.00000,-11.82089,stop,-10.00000,-8.84503
holdout72,DG,2024-03-14,2024-03-14,sma5_reclaim,signal,2024-03-28,10.00000,145.87220,3.18539,true,false,target,5.00000,5.00000,target,5.00000,5.00000,target,5.00000,5.00000,target,5.00000,5.00000,target,5.00000,0.06650,target,5.00000,-7.90667,target,5.00000,-8.63268,target,5.00000,-5.85828
holdout72,DG,2024-03-14,2024-03-14,three_low_break,signal,2024-04-01,11.00000,147.18170,4.11169,true,false,target,5.00000,4.00000,target,5.00000,4.00000,target,5.00000,4.00000,target,5.00000,4.00000,target,5.00000,-7.04280,target,5.00000,-11.61067,target,5.00000,-5.82213,target,5.00000,-12.04112
holdout72,DG,2026-03-12,2026-03-12,next_open,baseline,2026-03-13,1.00000,132.95106,-0.75028,false,false,stop,-5.00000,4.00000,stop,-5.00000,4.00000,stop,-10.00000,8.00000,stop,-10.00000,8.00000,stop,-10.00000,-13.16979,stop,-10.00000,-13.82288,stop,-10.00000,-12.61656,stop,-10.00000,-23.31703
holdout72,DG,2026-03-12,2026-03-12,day3,baseline,2026-03-17,3.00000,133.39446,-0.41927,false,false,stop,-5.00000,2.00000,stop,-5.00000,2.00000,stop,-10.06426,6.00000,stop,-10.06426,6.00000,stop,-10.06426,-12.29871,stop,-10.06426,-8.36498,stop,-10.06426,-15.07414,stop,-10.06426,-24.01722
holdout72,DG,2026-03-12,2026-03-12,sma5_reclaim,no_signal,,,,,,,,,,,,,,,,,,,,,,,,,,,,,,
holdout72,DG,2026-03-12,2026-03-12,three_low_break,no_signal,,,,,,,,,,,,,,,,,,,,,,,,,,,,,,
holdout72,DLTR,2023-05-25,2023-05-25,next_open,baseline,2023-05-26,1.00000,136.51000,-0.10976,false,false,stop,-5.00000,4.00000,stop,-5.00000,4.00000,target,5.00000,17.00000,target,5.00000,17.00000,timeout,-3.47227,-3.47227,target,5.00000,5.24504,target,5.00000,6.14607,target,5.00000,11.28855
holdout72,DLTR,2023-05-25,2023-05-25,day3,baseline,2023-05-31,3.00000,138.40000,1.27323,false,false,stop,-5.00000,2.00000,stop,-5.00000,2.00000,target,5.00000,15.00000,target,5.00000,15.00000,timeout,-0.44075,-0.44075,target,5.00000,3.68497,target,5.00000,6.87139,target,5.00000,10.14451
holdout72,DLTR,2023-05-25,2023-05-25,sma5_reclaim,signal,2023-06-08,9.00000,132.89000,-2.75867,false,false,target,5.00000,9.00000,target,5.00000,9.00000,target,5.00000,9.00000,target,5.00000,9.00000,target,5.00000,8.41297,target,5.00000,8.01415,target,5.00000,14.05674,target,5.00000,12.72481
holdout72,DLTR,2023-05-25,2023-05-25,three_low_break,signal,2023-06-15,14.00000,138.21000,1.13420,false,false,target,5.00000,4.00000,target,5.00000,4.00000,target,5.00000,4.00000,target,5.00000,4.00000,target,5.00000,3.90710,target,5.00000,7.01831,target,5.00000,10.29593,target,5.00000,5.36141
holdout72,DLTR,2023-08-24,2023-08-24,next_open,baseline,2023-08-25,1.00000,123.73000,-0.12108,false,false,stop,-5.00000,7.00000,stop,-5.00000,7.00000,stop,-10.00000,16.00000,stop,-10.00000,16.00000,timeout,-6.23131,-6.23131,stop,-10.00000,-15.54191,stop,-10.00000,-15.37218,stop,-10.00000,-12.68892
holdout72,DLTR,2023-08-24,2023-08-24,day3,baseline,2023-08-29,3.00000,124.56000,0.54892,false,false,stop,-5.00000,4.00000,stop,-5.00000,4.00000,stop,-10.00000,13.00000,stop,-10.00000,13.00000,timeout,-8.38150,-8.38150,stop,-10.00000,-14.22608,stop,-10.00000,-13.34297,stop,-10.00000,-13.10212
holdout72,DLTR,2023-08-24,2023-08-24,sma5_reclaim,no_signal,,,,,,,,,,,,,,,,,,,,,,,,,,,,,,
holdout72,DLTR,2023-08-24,2023-08-24,three_low_break,no_signal,,,,,,,,,,,,,,,,,,,,,,,,,,,,,,
holdout72,DLTR,2024-03-13,2024-03-13,next_open,baseline,2024-03-14,1.00000,128.54000,0.09344,false,false,target,5.00000,12.00000,target,5.00000,12.00000,target,5.00000,12.00000,target,5.00000,12.00000,timeout,3.58643,3.58643,target,5.00000,-2.60619,target,5.00000,-5.29018,target,5.00000,-6.48825
holdout72,DLTR,2024-03-13,2024-03-13,day3,baseline,2024-03-18,3.00000,126.72000,-1.32378,false,false,target,5.00000,9.00000,target,5.00000,9.00000,target,5.00000,9.00000,target,5.00000,9.00000,target,5.00000,7.25221,target,5.00000,-2.34375,target,5.00000,-5.47664,target,5.00000,-7.42582
holdout72,DLTR,2024-03-13,2024-03-13,sma5_reclaim,signal,2024-03-27,10.00000,128.62000,0.15574,false,false,target,5.00000,3.00000,target,5.00000,3.00000,target,5.00000,3.00000,target,5.00000,3.00000,target,5.00000,0.08552,target,5.00000,-5.34909,target,5.00000,-5.89333,target,5.00000,-10.30166
holdout72,DLTR,2024-03-13,2024-03-13,three_low_break,signal,2024-03-28,11.00000,132.49000,3.16929,false,false,stop,-5.30606,9.00000,stop,-5.30606,9.00000,timeout,-8.15156,20.00000,stop,-10.00000,22.00000,timeout,-1.69069,-1.69069,timeout,-8.11382,-8.11382,stop,-10.00000,-8.64216,stop,-10.00000,-12.92173
holdout72,EOG,2026-05-05,2026-05-07,next_open,baseline,2026-05-08,1.00000,129.56842,-0.27504,false,false,target,6.09822,6.00000,target,6.09822,6.00000,target,6.09822,6.00000,target,6.09822,6.00000,target,6.09822,8.18969,target,6.09822,5.55428,target,6.09822,1.76205,target,6.09822,3.07209
holdout72,EOG,2026-05-05,2026-05-07,day3,baseline,2026-05-12,3.00000,133.13197,2.46772,false,false,target,5.00000,5.00000,target,5.00000,5.00000,target,5.00000,5.00000,target,5.00000,5.00000,target,5.00000,1.55085,target,5.00000,1.79690,target,5.00000,-1.13331,target,5.00000,-0.01491
holdout72,EOG,2026-05-05,2026-05-07,sma5_reclaim,signal,2026-06-02,17.00000,135.42496,4.23256,true,false,stop,-5.00000,11.00000,stop,-5.00000,11.00000,timeout,-4.91094,20.00000,target,5.00000,34.00000,timeout,-3.21044,-3.21044,timeout,-4.14132,-4.14132,timeout,3.29706,3.29706,target,5.00000,9.79513
holdout72,EOG,2026-05-05,2026-05-07,three_low_break,signal,2026-05-13,4.00000,133.16175,2.49064,false,false,target,5.00000,4.00000,target,5.00000,4.00000,target,5.00000,4.00000,target,5.00000,4.00000,target,5.00000,0.11182,target,5.00000,1.86359,target,5.00000,-1.15542,target,5.00000,-0.03727
holdout72,EW,2023-07-26,2023-07-27,next_open,baseline,2023-07-28,1.00000,82.94000,0.32660,false,false,stop,-5.00000,8.00000,stop,-5.00000,8.00000,timeout,-9.56113,20.00000,stop,-10.00000,30.00000,timeout,-4.25609,-4.25609,timeout,-8.16253,-8.16253,stop,-10.00000,-9.72993,stop,-10.00000,-15.15553
holdout72,EW,2023-07-26,2023-07-27,day3,baseline,2023-08-01,3.00000,81.50000,-1.41527,false,false,stop,-5.00000,6.00000,stop,-5.00000,6.00000,timeout,-6.71166,20.00000,stop,-10.00000,30.00000,timeout,-2.01227,-2.01227,timeout,-6.17178,-6.17178,stop,-10.00000,-10.18405,stop,-10.00000,-14.99387
holdout72,EW,2023-07-26,2023-07-27,sma5_reclaim,signal,2023-08-14,12.00000,79.30000,-4.07645,false,false,stop,-5.00000,9.00000,stop,-5.00000,9.00000,timeout,-5.58638,20.00000,stop,-10.00000,28.00000,timeout,-4.12358,-4.12358,timeout,-7.73014,-7.73014,stop,-10.00000,-11.77806,stop,-10.00000,-10.74401
holdout72,EW,2023-07-26,2023-07-27,three_low_break,no_signal,,,,,,,,,,,,,,,,,,,,,,,,,,,,,,
holdout72,FIS,2025-02-11,2025-02-11,next_open,baseline,2025-02-12,1.00000,67.94883,-1.98196,false,false,stop,-5.00000,20.00000,stop,-5.00000,20.00000,timeout,-4.47012,20.00000,target,5.00000,25.00000,timeout,-3.90462,-3.90462,timeout,-0.58553,-0.58553,target,5.00000,3.28502,target,5.00000,1.46194
holdout72,FIS,2025-02-11,2025-02-11,day3,baseline,2025-02-14,3.00000,66.80230,-3.63587,false,false,stop,-5.00000,18.00000,stop,-5.00000,18.00000,timeout,1.12073,20.00000,target,5.00000,22.00000,timeout,0.87943,0.87943,timeout,1.12073,1.12073,target,5.00000,6.52696,target,5.00000,-0.03469
holdout72,FIS,2025-02-11,2025-02-11,sma5_reclaim,signal,2025-02-21,7.00000,66.25272,-4.42865,false,false,target,5.00000,18.00000,target,5.00000,18.00000,target,5.00000,18.00000,target,5.00000,18.00000,timeout,1.93078,1.93078,target,5.00000,5.49771,target,5.00000,-1.19028,target,5.00000,13.79657
holdout72,FIS,2025-02-11,2025-02-11,three_low_break,signal,2025-03-03,13.00000,67.66457,-2.39202,false,false,stop,-5.00000,8.00000,stop,-5.00000,8.00000,target,5.00000,13.00000,target,5.00000,13.00000,timeout,1.76144,1.76144,target,5.00000,6.66221,target,5.00000,5.02862,target,5.00000,11.05601
holdout72,FIS,2025-08-05,2025-08-05,next_open,baseline,2025-08-06,1.00000,69.16653,0.01385,false,false,stop,-5.00000,19.00000,stop,-5.00000,19.00000,timeout,-5.59324,20.00000,stop,-10.00000,33.00000,timeout,-3.41963,-3.41963,timeout,-4.83179,-4.83179,timeout,-9.32901,-9.32901,stop,-10.00000,-7.10088
holdout72,FIS,2025-08-05,2025-08-05,day3,baseline,2025-08-08,3.00000,67.10772,-2.96317,false,false,timeout,-1.91210,20.00000,stop,-5.00000,23.00000,timeout,-1.91210,20.00000,timeout,-4.25081,40.00000,timeout,2.39726,2.39726,timeout,-1.91210,-1.91210,timeout,-7.20754,-7.20754,timeout,-1.66726,-1.66726
holdout72,FIS,2025-08-05,2025-08-05,sma5_reclaim,signal,2025-08-25,14.00000,68.63028,-0.76156,false,false,stop,-5.00000,6.00000,stop,-5.00000,6.00000,timeout,-9.26614,20.00000,stop,-10.00000,21.00000,timeout,-3.78122,-3.78122,stop,-10.00000,-9.99594,stop,-10.00000,-3.76457,stop,-10.00000,-4.85927
holdout72,FIS,2025-08-05,2025-08-05,three_low_break,signal,2025-08-14,7.00000,69.42508,0.38771,false,false,stop,-5.00000,6.00000,stop,-5.00000,6.00000,timeout,-6.05946,20.00000,stop,-10.00000,27.00000,timeout,-3.79310,-3.79310,timeout,-7.26649,-7.26649,stop,-10.00000,-10.87372,stop,-10.00000,-6.61442
holdout72,FIS,2026-05-08,2026-05-08,next_open,baseline,2026-05-11,1.00000,42.16571,-0.80478,false,false,stop,-5.00000,17.00000,stop,-5.00000,17.00000,timeout,-8.34492,20.00000,stop,-10.00000,21.00000,timeout,0.97357,0.97357,stop,-10.00000,-9.66620,stop,-10.00000,-11.23702,stop,-10.00000,-1.57766
holdout72,FIS,2026-05-08,2026-05-08,day3,baseline,2026-05-13,3.00000,41.75031,-1.78202,false,false,stop,-5.00000,15.00000,stop,-5.00000,15.00000,timeout,-8.76741,20.00000,stop,-10.00000,21.00000,timeout,-1.62706,-1.62706,stop,-10.00000,-7.18096,stop,-10.00000,-8.67270,stop,-10.00000,-0.59839
holdout72,FIS,2026-05-08,2026-05-08,sma5_reclaim,signal,2026-05-19,7.00000,42.84990,0.80478,false,false,stop,-5.00000,3.00000,stop,-5.00000,3.00000,stop,-10.08212,15.00000,stop,-10.08212,15.00000,timeout,-3.01095,-3.01095,stop,-10.08212,-11.84684,stop,-10.08212,-3.56446,stop,-10.08212,-3.31068
holdout72,FIS,2026-05-08,2026-05-08,three_low_break,signal,2026-05-20,8.00000,42.42961,-0.18395,false,false,stop,-5.00000,10.00000,stop,-5.00000,10.00000,stop,-10.00000,14.00000,stop,-10.00000,14.00000,timeout,-5.87422,-5.87422,stop,-10.00000,-10.97363,stop,-10.00000,-2.60921,stop,-10.00000,-2.35292
holdout72,FSLR,2026-02-24,2026-02-25,next_open,baseline,2026-02-26,1.00000,208.01000,-1.00419,false,false,stop,-5.78818,2.00000,stop,-5.78818,2.00000,stop,-10.00000,8.00000,stop,-10.00000,8.00000,stop,-10.00000,-5.02380,stop,-10.00000,-8.51882,stop,-10.00000,-2.18259,stop,-10.00000,-5.06226
holdout72,FSLR,2026-02-24,2026-02-25,day3,baseline,2026-03-02,3.00000,193.10000,-8.10013,false,false,target,5.00000,3.00000,target,5.00000,3.00000,target,5.00000,3.00000,target,5.00000,3.00000,target,5.00000,3.30399,target,5.00000,3.27292,target,5.00000,-0.75091,target,5.00000,9.63749
holdout72,FSLR,2026-02-24,2026-02-25,sma5_reclaim,signal,2026-03-10,9.00000,195.70000,-6.86275,false,true,stop,-5.00000,13.00000,stop,-5.00000,13.00000,timeout,-1.73224,20.00000,target,5.00000,23.00000,timeout,-1.45631,-1.45631,timeout,0.79203,0.79203,target,5.00000,-0.99131,target,5.00000,12.39142
holdout72,FSLR,2026-02-24,2026-02-25,three_low_break,no_signal,,,,,,,,,,,,,,,,,,,,,,,,,,,,,,
holdout72,FTNT,2025-05-07,2025-05-08,next_open,baseline,2025-05-09,1.00000,98.33000,0.60364,false,false,target,5.00000,3.00000,target,5.00000,3.00000,target,5.00000,3.00000,target,5.00000,3.00000,target,5.00000,4.91203,target,5.00000,6.72226,target,5.00000,4.90186,target,5.00000,9.36642
holdout72,FTNT,2025-05-07,2025-05-08,day3,baseline,2025-05-13,3.00000,101.48500,3.83159,false,false,timeout,0.14288,20.00000,target,5.00000,37.00000,timeout,0.14288,20.00000,target,5.00000,37.00000,timeout,3.20737,3.20737,timeout,0.17244,0.17244,timeout,1.60122,1.60122,target,5.00000,-2.38952
holdout72,FTNT,2025-05-07,2025-05-08,sma5_reclaim,signal,2025-05-28,13.00000,104.74000,7.16186,true,false,stop,-5.00000,17.00000,stop,-5.00000,17.00000,timeout,-1.00248,20.00000,timeout,0.02864,40.00000,timeout,-2.59691,-2.59691,timeout,-1.55623,-1.55623,timeout,-5.42295,-5.42295,timeout,0.07638,0.07638
holdout72,FTNT,2025-05-07,2025-05-08,three_low_break,signal,2025-05-14,4.00000,105.10000,7.53018,true,false,timeout,-2.93054,20.00000,stop,-5.00000,25.00000,timeout,-2.93054,20.00000,timeout,-5.74691,40.00000,timeout,-0.56137,-0.56137,timeout,-4.06280,-4.06280,timeout,-1.89343,-1.89343,timeout,-5.74691,-5.74691
holdout72,FTNT,2025-08-06,2025-08-07,next_open,baseline,2025-08-08,1.00000,76.10500,1.06906,false,false,target,5.00000,4.00000,target,5.00000,4.00000,target,5.00000,4.00000,target,5.00000,4.00000,target,5.00000,5.14421,target,5.00000,3.58058,target,5.00000,11.70094,target,5.00000,11.58268
holdout72,FTNT,2025-08-06,2025-08-07,day3,baseline,2025-08-12,3.00000,75.00000,-0.39841,false,false,target,5.00000,1.00000,target,5.00000,1.00000,target,5.00000,1.00000,target,5.00000,1.00000,target,5.00000,3.53333,target,5.00000,7.85333,target,5.00000,12.42667,target,5.00000,10.72000
holdout72,FTNT,2025-08-06,2025-08-07,sma5_reclaim,signal,2025-08-25,12.00000,79.90000,6.10890,true,false,stop,-5.83855,6.00000,stop,-5.83855,6.00000,target,5.00000,19.00000,target,5.00000,19.00000,timeout,0.57572,0.57572,target,5.00000,4.63079,target,5.00000,7.87234,target,5.00000,7.08385
holdout72,FTNT,2025-08-06,2025-08-07,three_low_break,signal,2025-08-13,4.00000,79.88000,6.08234,false,false,stop,-5.81497,14.00000,stop,-5.81497,14.00000,timeout,-0.50075,20.00000,target,5.00000,27.00000,timeout,-2.19079,-2.19079,timeout,-0.25038,-0.25038,target,5.00000,5.55834,target,5.00000,3.95593
holdout72,FTNT,2025-11-05,2025-11-06,next_open,baseline,2025-11-07,1.00000,79.77500,-0.94984,false,false,target,5.00000,3.00000,target,5.00000,3.00000,target,5.00000,3.00000,target,5.00000,3.00000,target,5.00000,-1.15324,target,5.00000,8.95644,target,5.00000,2.46318,target,5.00000,-1.67346
holdout72,FTNT,2025-11-05,2025-11-06,day3,baseline,2025-11-11,3.00000,82.28000,2.16042,false,false,stop,-5.00000,8.00000,stop,-5.00000,8.00000,target,5.00000,18.00000,target,5.00000,18.00000,timeout,-1.71366,-1.71366,target,5.00000,0.23092,target,5.00000,-0.87506,target,5.00000,-3.71901
holdout72,FTNT,2025-11-05,2025-11-06,sma5_reclaim,signal,2025-11-25,13.00000,79.38000,-1.44028,false,false,target,5.00000,7.00000,target,5.00000,7.00000,target,5.00000,7.00000,target,5.00000,7.00000,target,5.00000,5.19022,target,5.00000,2.26757,target,5.00000,-0.20156,target,5.00000,2.84706
holdout72,FTNT,2025-11-05,2025-11-06,three_low_break,signal,2025-11-12,4.00000,83.35000,3.48895,false,false,stop,-5.00000,5.00000,stop,-5.00000,5.00000,timeout,-2.09958,20.00000,timeout,-4.95501,40.00000,timeout,-3.35933,-3.35933,timeout,-1.35573,-1.35573,timeout,-2.14757,-2.14757,timeout,-4.95501,-4.95501
holdout72,GLW,2026-01-28,2026-01-29,next_open,baseline,2026-01-30,1.00000,103.06465,0.59223,false,false,target,5.00000,2.00000,target,5.00000,2.00000,target,5.00000,2.00000,target,5.00000,2.00000,target,5.00000,28.80996,target,5.00000,45.41132,target,5.00000,27.68696,target,5.00000,31.47744
holdout72,GLW,2026-01-28,2026-01-29,day3,baseline,2026-02-03,3.00000,116.68260,13.88349,true,false,stop,-5.00000,1.00000,stop,-5.00000,1.00000,target,5.71185,5.00000,target,5.71185,5.00000,target,5.71185,11.27025,target,5.71185,15.08225,target,5.71185,6.40453,target,5.71185,26.33937
holdout72,GLW,2026-01-28,2026-01-29,sma5_reclaim,chase_skip,,,,,,,,,,,,,,,,,,,,,,,,,,,,,,
holdout72,GLW,2026-01-28,2026-01-29,three_low_break,chase_skip,,,,,,,,,,,,,,,,,,,,,,,,,,,,,,
holdout72,GLW,2026-04-28,2026-04-28,next_open,baseline,2026-04-29,1.00000,155.00013,1.62039,false,false,target,5.00000,2.00000,target,5.00000,2.00000,target,5.00000,2.00000,target,5.00000,2.00000,target,5.00000,32.77824,target,5.00000,16.65766,target,5.00000,15.39552,target,5.00000,42.34475
holdout72,GLW,2026-04-28,2026-04-28,day3,baseline,2026-05-01,3.00000,161.46802,5.86083,true,false,target,5.00000,3.00000,target,5.00000,3.00000,target,5.00000,3.00000,target,5.00000,3.00000,target,5.00000,18.38662,target,5.00000,11.98473,target,5.00000,16.13872,target,5.00000,57.89500
holdout72,GLW,2026-04-28,2026-04-28,sma5_reclaim,chase_skip,,,,,,,,,,,,,,,,,,,,,,,,,,,,,,
holdout72,GLW,2026-04-28,2026-04-28,three_low_break,chase_skip,,,,,,,,,,,,,,,,,,,,,,,,,,,,,,
holdout72,GPN,2023-05-01,2023-05-01,next_open,baseline,2023-05-02,1.00000,99.04197,0.00000,false,false,stop,-5.00000,1.00000,stop,-5.00000,1.00000,timeout,-3.75728,20.00000,timeout,-2.02133,40.00000,timeout,-2.41748,-2.41748,timeout,-4.03884,-4.03884,timeout,1.65388,1.65388,timeout,-0.52702,-0.52702
holdout72,GPN,2023-05-01,2023-05-01,day3,baseline,2023-05-04,3.00000,99.16697,0.12621,false,false,stop,-5.00000,16.00000,stop,-5.00000,16.00000,timeout,-4.15980,20.00000,timeout,-0.65241,40.00000,timeout,0.91147,0.91147,timeout,-2.65684,-2.65684,timeout,1.52574,1.52574,timeout,3.01817,3.01817
holdout72,GPN,2023-05-01,2023-05-01,sma5_reclaim,signal,2023-05-18,13.00000,99.50352,0.46602,false,false,stop,-5.00000,6.00000,stop,-5.00000,6.00000,timeout,2.45868,20.00000,target,5.00000,32.00000,timeout,-4.48396,-4.48396,timeout,1.18235,1.18235,timeout,-0.98843,-0.98843,target,5.00000,12.86033
holdout72,GPN,2023-05-01,2023-05-01,three_low_break,no_signal,,,,,,,,,,,,,,,,,,,,,,,,,,,,,,
holdout72,GPN,2024-05-01,2024-05-01,next_open,baseline,2024-05-02,1.00000,108.02089,1.95305,false,false,stop,-5.00000,16.00000,stop,-5.00000,16.00000,stop,-10.00000,19.00000,stop,-10.00000,19.00000,timeout,-1.72677,-1.72677,stop,-10.00000,-8.40004,stop,-10.00000,-15.08041,stop,-10.00000,-13.71874
holdout72,GPN,2024-05-01,2024-05-01,day3,baseline,2024-05-06,3.00000,108.45807,2.36567,false,false,stop,-5.00000,12.00000,stop,-5.00000,12.00000,stop,-10.19348,17.00000,stop,-10.19348,17.00000,timeout,-3.81584,-3.81584,stop,-10.19348,-11.76102,stop,-10.19348,-15.24308,stop,-10.19348,-13.58153
holdout72,GPN,2024-05-01,2024-05-01,sma5_reclaim,no_signal,,,,,,,,,,,,,,,,,,,,,,,,,,,,,,
holdout72,GPN,2024-05-01,2024-05-01,three_low_break,no_signal,,,,,,,,,,,,,,,,,,,,,,,,,,,,,,
holdout72,HAL,2023-04-25,2023-04-26,next_open,baseline,2023-04-27,1.00000,28.87227,-1.63934,false,false,target,5.00000,2.00000,target,5.00000,2.00000,target,5.00000,2.00000,target,5.00000,2.00000,target,5.00000,-8.68590,target,5.00000,-3.20513,target,5.00000,4.18883,target,5.00000,2.03032
holdout72,HAL,2023-04-25,2023-04-26,day3,baseline,2023-05-01,3.00000,29.81617,1.57629,false,false,stop,-5.00000,2.00000,stop,-5.00000,2.00000,stop,-10.00000,4.00000,stop,-10.00000,4.00000,stop,-10.00000,-9.68343,stop,-10.00000,-11.08008,stop,-10.00000,2.04477,stop,-10.00000,2.91828
holdout72,HAL,2023-04-25,2023-04-26,sma5_reclaim,no_signal,,,,,,,,,,,,,,,,,,,,,,,,,,,,,,
holdout72,HAL,2023-04-25,2023-04-26,three_low_break,signal,2023-05-19,17.00000,27.99314,-4.63430,false,true,stop,-5.00000,8.00000,stop,-5.00000,8.00000,target,5.00000,10.00000,target,5.00000,10.00000,target,5.00000,4.59504,target,5.00000,8.25837,target,5.00000,11.74736,target,5.00000,26.63371
holdout72,HAL,2024-07-19,2024-07-19,next_open,baseline,2024-07-22,1.00000,32.04933,-1.65698,false,false,stop,-5.00000,10.00000,stop,-5.00000,10.00000,stop,-10.00000,11.00000,stop,-10.00000,11.00000,stop,-10.00000,-8.72007,stop,-10.00000,-7.74461,stop,-10.00000,-13.57817,stop,-10.00000,-12.38901
holdout72,HAL,2024-07-19,2024-07-19,day3,baseline,2024-07-24,3.00000,31.83143,-2.32558,false,false,stop,-5.00000,8.00000,stop,-5.00000,8.00000,timeout,-7.50000,20.00000,stop,-10.00000,29.00000,timeout,-8.51191,-8.51191,timeout,-5.47619,-5.47619,stop,-10.00000,-14.42334,stop,-10.00000,-11.78930
holdout72,HAL,2024-07-19,2024-07-19,sma5_reclaim,no_signal,,,,,,,,,,,,,,,,,,,,,,,,,,,,,,
holdout72,HAL,2024-07-19,2024-07-19,three_low_break,signal,2024-08-01,9.00000,32.63669,0.14535,false,false,stop,-5.00000,2.00000,stop,-5.00000,2.00000,stop,-10.01451,3.00000,stop,-10.01451,3.00000,stop,-10.01451,-9.20174,stop,-10.01451,-9.75326,stop,-10.01451,-18.63677,stop,-10.01451,-15.19190
holdout72,HSY,2023-10-26,2023-10-27,next_open,baseline,2023-10-30,1.00000,168.78778,0.23899,false,false,target,5.00000,11.00000,target,5.00000,11.00000,target,5.00000,11.00000,target,5.00000,11.00000,target,5.00000,5.49986,target,5.00000,1.25062,target,5.00000,1.51776,target,5.00000,1.64315
holdout72,HSY,2023-10-26,2023-10-27,day3,baseline,2023-11-01,3.00000,171.95226,2.11830,false,false,target,5.00000,10.00000,target,5.00000,10.00000,target,5.00000,10.00000,target,5.00000,10.00000,target,5.00000,4.10085,target,5.00000,2.20215,target,5.00000,-2.75865,target,5.00000,-0.22741
holdout72,HSY,2023-10-26,2023-10-27,sma5_reclaim,signal,2023-11-09,9.00000,173.55279,3.06882,false,false,target,5.00000,5.00000,target,5.00000,5.00000,target,5.00000,5.00000,target,5.00000,5.00000,target,5.00000,1.59365,target,5.00000,-1.51868,target,5.00000,-3.22596,target,5.00000,1.50882
holdout72,HSY,2023-10-26,2023-10-27,three_low_break,signal,2023-11-03,5.00000,174.66860,3.73147,false,false,timeout,0.61276,20.00000,stop,-5.00000,33.00000,timeout,0.61276,20.00000,timeout,1.16593,40.00000,timeout,3.25742,3.25742,timeout,0.61276,0.61276,timeout,-3.98114,-3.98114,timeout,1.16593,1.16593
holdout72,KDP,2023-04-27,2023-04-27,next_open,baseline,2023-04-28,1.00000,30.24450,-0.26834,false,false,stop,-5.00000,14.00000,stop,-5.00000,14.00000,timeout,-5.68012,20.00000,timeout,-6.96562,40.00000,timeout,-2.33184,-2.33184,timeout,-6.09865,-6.09865,timeout,-6.63677,-6.63677,timeout,-6.57698,-6.57698
holdout72,KDP,2023-04-27,2023-04-27,day3,baseline,2023-05-02,3.00000,29.29548,-3.39774,false,false,timeout,-4.32217,20.00000,stop,-5.00000,21.00000,timeout,-4.32217,20.00000,timeout,-4.63081,40.00000,timeout,-1.66788,-1.66788,timeout,-3.79748,-3.79748,timeout,-0.71110,-0.71110,timeout,-2.86011,-2.86011
holdout72,KDP,2023-04-27,2023-04-27,sma5_reclaim,signal,2023-05-08,7.00000,30.00037,-1.07335,false,false,stop,-5.00000,14.00000,stop,-5.00000,14.00000,timeout,-5.63592,20.00000,timeout,-3.68644,40.00000,timeout,-3.82761,-3.82761,timeout,-5.63592,-5.63592,timeout,-3.79747,-3.79747,timeout,-3.65610,-3.65610
holdout72,KDP,2023-04-27,2023-04-27,three_low_break,signal,2023-05-08,7.00000,30.00037,-1.07335,false,false,stop,-5.00000,14.00000,stop,-5.00000,14.00000,timeout,-5.63592,20.00000,timeout,-3.68644,40.00000,timeout,-3.82761,-3.82761,timeout,-5.63592,-5.63592,timeout,-3.79747,-3.79747,timeout,-3.65610,-3.65610
holdout72,KDP,2024-10-24,2024-10-25,next_open,baseline,2024-10-28,1.00000,32.86173,1.04106,false,false,stop,-7.01202,2.00000,stop,-7.01202,2.00000,stop,-10.00000,16.00000,stop,-10.00000,16.00000,timeout,-4.97997,-4.97997,stop,-10.00000,-6.75444,stop,-10.00000,-3.23412,stop,-10.00000,-7.64167
holdout72,KDP,2024-10-24,2024-10-25,day3,baseline,2024-10-30,3.00000,30.92426,-4.91614,false,false,stop,-5.00000,14.00000,stop,-5.00000,14.00000,timeout,-0.69952,20.00000,timeout,-1.73358,40.00000,timeout,2.06813,2.06813,timeout,-0.69952,-0.69952,timeout,2.03771,2.03771,timeout,-1.85523,-1.85523
holdout72,KDP,2024-10-24,2024-10-25,sma5_reclaim,signal,2024-11-07,9.00000,31.03713,-4.56912,false,false,stop,-5.00000,8.00000,stop,-5.00000,8.00000,timeout,-0.06060,20.00000,timeout,-5.13116,40.00000,timeout,-2.30303,-2.30303,timeout,-0.84848,-0.84848,timeout,-1.90909,-1.90909,timeout,-5.13116,-5.13116
holdout72,KDP,2024-10-24,2024-10-25,three_low_break,signal,2024-11-14,14.00000,31.50739,-3.12319,false,false,stop,-5.00000,2.00000,stop,-5.00000,2.00000,timeout,0.92537,20.00000,timeout,-6.36670,40.00000,timeout,-2.74627,-2.74627,timeout,0.14925,0.14925,timeout,-3.67164,-3.67164,timeout,-7.44917,-7.44917
holdout72,KR,2025-12-04,2025-12-05,next_open,baseline,2025-12-08,1.00000,61.43084,-0.35082,false,false,timeout,-1.20019,20.00000,stop,-5.00000,21.00000,timeout,-1.20019,20.00000,target,5.00000,40.00000,timeout,-0.32005,-0.32005,timeout,-5.13682,-5.13682,timeout,0.25604,0.25604,target,5.00000,8.01728
holdout72,KR,2025-12-04,2025-12-05,day3,baseline,2025-12-10,3.00000,61.36203,-0.46245,false,false,stop,-5.00000,19.00000,stop,-5.00000,19.00000,timeout,-4.21339,20.00000,target,5.00000,38.00000,timeout,0.81705,0.81705,timeout,-4.66197,-4.66197,timeout,2.93175,2.93175,target,5.00000,8.13842
holdout72,KR,2025-12-04,2025-12-05,sma5_reclaim,signal,2025-12-15,6.00000,62.02067,0.60596,false,false,stop,-5.00000,16.00000,stop,-5.00000,16.00000,timeout,-2.56776,20.00000,target,5.00000,35.00000,timeout,-0.60231,-0.60231,timeout,-0.99857,-0.99857,timeout,-2.12395,-2.12395,target,5.00000,13.50027
holdout72,KR,2025-12-04,2025-12-05,three_low_break,signal,2025-12-15,6.00000,62.02067,0.60596,false,false,stop,-5.00000,16.00000,stop,-5.00000,16.00000,timeout,-2.56776,20.00000,target,5.00000,35.00000,timeout,-0.60231,-0.60231,timeout,-0.99857,-0.99857,timeout,-2.12395,-2.12395,target,5.00000,13.50027
holdout72,LEN,2024-03-13,2024-03-14,next_open,baseline,2024-03-15,1.00000,144.83925,-0.52335,false,false,target,5.00000,3.00000,target,5.00000,3.00000,target,5.00000,3.00000,target,5.00000,3.00000,target,5.00000,13.10009,target,5.00000,5.15586,target,5.00000,2.58093,target,5.00000,7.10724
holdout72,LEN,2024-03-13,2024-03-14,day3,baseline,2024-03-19,3.00000,149.06841,2.38126,false,false,target,5.57827,3.00000,target,5.57827,3.00000,target,5.57827,3.00000,target,5.57827,3.00000,target,5.57827,3.81470,target,5.57827,-2.56230,target,5.57827,1.35672,target,5.57827,6.34442
holdout72,LEN,2024-03-13,2024-03-14,sma5_reclaim,no_signal,,,,,,,,,,,,,,,,,,,,,,,,,,,,,,
holdout72,LEN,2024-03-13,2024-03-14,three_low_break,signal,2024-03-20,4.00000,151.96406,4.37001,false,false,target,5.00000,5.00000,target,5.00000,5.00000,target,5.00000,5.00000,target,5.00000,5.00000,target,5.00000,4.10555,target,5.00000,-5.86060,target,5.00000,-0.57461,target,5.00000,4.31805
holdout72,LEN,2024-09-19,2024-09-20,next_open,baseline,2024-09-23,1.00000,177.27356,1.46001,false,false,timeout,2.48999,20.00000,stop,-5.00000,22.00000,timeout,2.48999,20.00000,stop,-12.25451,27.00000,timeout,-1.55802,-1.55802,timeout,-6.38492,-6.38492,stop,-12.25451,-7.01419,stop,-12.25451,-8.22934
holdout72,LEN,2024-09-19,2024-09-20,day3,baseline,2024-09-25,3.00000,175.95971,0.70805,false,false,stop,-5.00000,20.00000,stop,-5.00000,20.00000,timeout,-5.13939,20.00000,stop,-11.59934,25.00000,timeout,-1.37929,-1.37929,timeout,-5.29788,-5.29788,stop,-11.59934,-5.68045,stop,-11.59934,-7.54411
holdout72,LEN,2024-09-19,2024-09-20,sma5_reclaim,signal,2024-09-30,6.00000,178.49151,2.15709,false,false,stop,-5.00000,17.00000,stop,-5.00000,17.00000,timeout,-6.64118,20.00000,stop,-12.85325,22.00000,timeout,-2.15857,-2.15857,stop,-12.85325,-7.60019,stop,-12.85325,-8.51611,stop,-12.85325,-6.04314
holdout72,LEN,2024-09-19,2024-09-20,three_low_break,signal,2024-09-30,6.00000,178.49151,2.15709,false,false,stop,-5.00000,17.00000,stop,-5.00000,17.00000,timeout,-6.64118,20.00000,stop,-12.85325,22.00000,timeout,-2.15857,-2.15857,stop,-12.85325,-7.60019,stop,-12.85325,-8.51611,stop,-12.85325,-6.04314
holdout72,LEN,2024-12-18,2024-12-19,next_open,baseline,2024-12-20,1.00000,132.60419,-0.36850,false,false,stop,-5.00000,12.00000,stop,-5.00000,12.00000,timeout,-1.27638,20.00000,stop,-10.00000,32.00000,timeout,-1.45768,-1.45768,timeout,2.64704,2.64704,timeout,-8.14741,-8.14741,stop,-10.00000,-10.83332
holdout72,LEN,2024-12-18,2024-12-19,day3,baseline,2024-12-24,3.00000,132.21953,-0.65751,false,false,stop,-5.00000,11.00000,stop,-5.00000,11.00000,timeout,-3.73118,20.00000,stop,-10.00000,30.00000,timeout,-3.16387,-3.16387,timeout,-2.16743,-2.16743,stop,-10.00000,-10.98272,stop,-10.00000,-11.98283
holdout72,LEN,2024-12-18,2024-12-19,sma5_reclaim,signal,2025-01-15,16.00000,136.68166,2.69509,false,false,stop,-5.00000,4.00000,stop,-5.00000,4.00000,stop,-10.00000,13.00000,stop,-10.00000,13.00000,timeout,-6.62223,-6.62223,stop,-10.00000,-12.54705,stop,-10.00000,-15.52006,stop,-10.00000,-16.60051
holdout72,LEN,2024-12-18,2024-12-19,three_low_break,signal,2025-01-16,17.00000,133.21966,0.09393,false,false,stop,-6.82565,12.00000,stop,-6.82565,12.00000,stop,-10.00000,16.00000,stop,-10.00000,16.00000,timeout,-2.00029,-2.00029,stop,-10.00000,-10.27440,stop,-10.00000,-13.32466,stop,-10.00000,-13.81010
holdout72,LEN,2025-06-16,2025-06-18,next_open,baseline,2025-06-20,1.00000,101.13074,0.85098,false,false,target,5.00000,2.00000,target,5.00000,2.00000,target,5.00000,2.00000,target,5.00000,2.00000,target,5.00000,6.05003,target,5.00000,5.52036,target,5.00000,14.38033,target,5.00000,29.28820
holdout72,LEN,2025-06-16,2025-06-18,day3,baseline,2025-06-24,3.00000,107.45323,7.15598,true,false,target,5.00000,6.00000,target,5.00000,6.00000,target,5.00000,6.00000,target,5.00000,6.00000,target,5.00000,0.08202,target,5.00000,2.88272,target,5.00000,9.53552,target,5.00000,23.04051
holdout72,LEN,2025-06-16,2025-06-18,sma5_reclaim,chase_skip,,,,,,,,,,,,,,,,,,,,,,,,,,,,,,
holdout72,LEN,2025-06-16,2025-06-18,three_low_break,signal,2025-06-25,4.00000,107.65687,7.35906,true,false,target,5.00000,5.00000,target,5.00000,5.00000,target,5.00000,5.00000,target,5.00000,5.00000,target,5.00000,4.36173,target,5.00000,4.33459,target,5.00000,9.32832,target,5.00000,22.80778
holdout72,MPWR,2023-05-04,2023-05-05,next_open,baseline,2023-05-08,1.00000,395.71743,-1.26194,false,false,target,5.00000,9.00000,target,5.00000,9.00000,target,5.00000,9.00000,target,5.00000,9.00000,target,5.00000,10.42159,target,5.00000,21.79374,target,5.00000,26.14263,target,5.00000,26.79189
holdout72,MPWR,2023-05-04,2023-05-05,day3,baseline,2023-05-10,3.00000,396.89655,-0.96773,false,false,target,5.00000,7.00000,target,5.00000,7.00000,target,5.00000,7.00000,target,5.00000,7.00000,target,5.00000,2.07223,target,5.00000,23.22178,target,5.00000,24.23580,target,5.00000,26.41521
holdout72,MPWR,2023-05-04,2023-05-05,sma5_reclaim,signal,2023-05-16,7.00000,399.19633,-0.39390,false,false,target,5.00000,3.00000,target,5.00000,3.00000,target,5.00000,3.00000,target,5.00000,3.00000,target,5.00000,25.70975,target,5.00000,26.76187,target,5.00000,32.12658,target,5.00000,38.18714
holdout72,MPWR,2023-05-04,2023-05-05,three_low_break,signal,2023-05-22,11.00000,417.54581,4.18460,true,false,target,5.00000,1.00000,target,5.00000,1.00000,target,5.00000,1.00000,target,5.00000,1.00000,target,5.00000,13.69259,target,5.00000,17.87715,target,5.00000,20.30144,target,5.00000,24.78623
holdout72,MPWR,2023-07-31,2023-08-02,next_open,baseline,2023-08-03,1.00000,512.77016,-0.98599,false,false,stop,-5.20754,8.00000,stop,-5.20754,8.00000,timeout,-1.91546,20.00000,stop,-10.18660,29.00000,timeout,-7.58759,-7.58759,timeout,-0.05331,-0.05331,stop,-10.18660,-11.60891,stop,-10.18660,-12.34129
holdout72,MPWR,2023-07-31,2023-08-02,day3,baseline,2023-08-07,3.00000,529.88528,2.31887,false,false,stop,-5.00000,3.00000,stop,-5.00000,3.00000,stop,-10.00000,9.00000,stop,-10.00000,9.00000,stop,-10.00000,-8.07768,stop,-10.00000,-3.60216,stop,-10.00000,-18.85836,stop,-10.00000,-12.52444
holdout72,MPWR,2023-07-31,2023-08-02,sma5_reclaim,signal,2023-08-15,9.00000,505.60387,-2.36978,false,false,stop,-5.00000,3.00000,stop,-5.00000,3.00000,timeout,-8.48106,20.00000,stop,-10.00000,23.00000,timeout,-0.97324,-0.97324,timeout,-7.47113,-7.47113,stop,-10.00000,-10.58402,stop,-10.00000,-7.92283
holdout72,MPWR,2023-07-31,2023-08-02,three_low_break,signal,2023-08-30,20.00000,497.19764,-3.99299,false,true,target,5.00000,4.00000,target,5.00000,4.00000,target,5.00000,4.00000,target,5.00000,4.00000,target,5.00000,-7.63672,target,5.00000,-9.07225,target,5.00000,-6.36607,target,5.00000,-20.10757
holdout72,MPWR,2024-10-30,2024-10-31,next_open,baseline,2024-11-01,1.00000,754.55782,0.91137,false,false,stop,-17.86954,7.00000,stop,-17.86954,7.00000,stop,-17.86954,7.00000,stop,-17.86954,7.00000,stop,-17.86954,-25.16771,stop,-17.86954,-25.91684,stop,-17.86954,-17.95829,stop,-17.86954,-22.61651
holdout72,MPWR,2024-10-30,2024-10-31,day3,baseline,2024-11-05,3.00000,757.45308,1.29856,false,false,stop,-18.18347,5.00000,stop,-18.18347,5.00000,stop,-18.18347,5.00000,stop,-18.18347,5.00000,stop,-18.18347,-23.82989,stop,-18.18347,-25.59155,stop,-18.18347,-22.87430,stop,-18.18347,-19.24226
holdout72,MPWR,2024-10-30,2024-10-31,sma5_reclaim,signal,2024-11-25,17.00000,583.14709,-22.01238,false,true,stop,-5.00000,3.00000,stop,-5.00000,3.00000,target,5.00000,12.00000,target,5.00000,12.00000,timeout,2.95697,2.95697,target,5.00000,4.63051,target,5.00000,5.08115,target,5.00000,14.80643
holdout72,MPWR,2024-10-30,2024-10-31,three_low_break,signal,2024-11-07,5.00000,781.56048,4.52259,false,false,stop,-5.00000,2.00000,stop,-5.00000,2.00000,stop,-20.70712,3.00000,stop,-20.70712,3.00000,stop,-20.70712,-27.86780,stop,-20.70712,-25.69931,stop,-20.70712,-25.25326,stop,-20.70712,-20.31531
holdout72,MPWR,2025-10-30,2025-10-31,next_open,baseline,2025-11-03,1.00000,1023.13444,2.48756,false,false,stop,-6.20194,2.00000,stop,-6.20194,2.00000,stop,-10.00000,5.00000,stop,-10.00000,5.00000,stop,-10.00000,-12.91165,stop,-10.00000,-6.98835,stop,-10.00000,-9.75922,stop,-10.00000,-8.94237
holdout72,MPWR,2025-10-30,2025-10-31,day3,baseline,2025-11-05,3.00000,954.63410,-4.37413,false,false,target,5.00000,1.00000,target,5.00000,1.00000,target,5.00000,1.00000,target,5.00000,1.00000,target,5.00000,-7.94868,target,5.00000,0.23256,target,5.00000,-2.49001,target,5.00000,-2.40847
holdout72,MPWR,2025-10-30,2025-10-31,sma5_reclaim,signal,2025-11-11,7.00000,960.74310,-3.76219,false,true,stop,-5.00000,3.00000,stop,-5.00000,3.00000,stop,-10.00000,4.00000,stop,-10.00000,4.00000,stop,-10.00000,-6.05672,stop,-10.00000,1.47748,stop,-10.00000,-2.15780,stop,-10.00000,-0.68219
holdout72,MPWR,2025-10-30,2025-10-31,three_low_break,no_signal,,,,,,,,,,,,,,,,,,,,,,,,,,,,,,
holdout72,NEM,2025-10-23,2025-10-24,next_open,baseline,2025-10-27,1.00000,78.50369,-4.95382,false,false,target,5.00000,9.00000,target,5.00000,9.00000,target,5.00000,9.00000,target,5.00000,9.00000,target,5.00000,11.38314,target,5.00000,14.56724,target,5.00000,25.83158,target,5.00000,33.88116
holdout72,NEM,2025-10-23,2025-10-24,day3,baseline,2025-10-29,3.00000,80.56436,-2.45892,false,false,target,6.51746,9.00000,target,6.51746,9.00000,target,6.51746,9.00000,target,6.51746,9.00000,target,6.51746,14.44909,target,6.51746,11.89583,target,6.51746,21.03446,target,6.51746,30.45675
holdout72,NEM,2025-10-23,2025-10-24,sma5_reclaim,signal,2025-11-06,9.00000,81.66405,-1.12750,false,false,target,5.08310,3.00000,target,5.08310,3.00000,target,5.08310,3.00000,target,5.08310,3.00000,target,5.08310,-0.52166,target,5.08310,9.20887,target,5.08310,23.23715,target,5.08310,25.96250
holdout72,NEM,2025-10-23,2025-10-24,three_low_break,signal,2025-10-31,5.00000,81.25786,-1.61929,false,false,target,5.60839,7.00000,target,5.60839,7.00000,target,5.60839,7.00000,target,5.60839,7.00000,target,5.60839,7.04706,target,5.60839,10.94085,target,5.60839,21.89677,target,5.60839,24.55015
holdout72,NOC,2023-01-26,2023-01-27,next_open,baseline,2023-01-30,1.00000,418.13403,1.68171,false,false,target,5.12348,11.00000,target,5.12348,11.00000,target,5.12348,11.00000,target,5.12348,11.00000,target,5.12348,4.33024,target,5.12348,4.32043,target,5.12348,1.52381,target,5.12348,4.13323
holdout72,NOC,2023-01-26,2023-01-27,day3,baseline,2023-02-01,3.00000,418.54745,1.78225,false,false,target,5.01964,9.00000,target,5.01964,9.00000,target,5.01964,9.00000,target,5.01964,9.00000,target,5.01964,3.47738,target,5.01964,5.30563,target,5.01964,-0.05225,target,5.01964,4.03037
holdout72,NOC,2023-01-26,2023-01-27,sma5_reclaim,no_signal,,,,,,,,,,,,,,,,,,,,,,,,,,,,,,
holdout72,NOC,2023-01-26,2023-01-27,three_low_break,signal,2023-02-09,9.00000,428.28177,4.14943,false,false,target,5.00000,8.00000,target,5.00000,8.00000,target,5.00000,8.00000,target,5.00000,8.00000,target,5.00000,4.48652,target,5.00000,1.23872,target,5.00000,0.24127,target,5.00000,4.92910
holdout72,NOC,2024-01-25,2024-01-25,next_open,baseline,2024-01-26,1.00000,416.14082,0.27385,false,false,target,5.00000,17.00000,target,5.00000,17.00000,target,5.00000,17.00000,target,5.00000,17.00000,timeout,4.40171,4.40171,target,5.00000,6.25472,target,5.00000,5.82841,target,5.00000,8.28488
holdout72,NOC,2024-01-25,2024-01-25,day3,baseline,2024-01-30,3.00000,423.07427,1.94454,false,false,target,5.00000,19.00000,target,5.00000,19.00000,target,5.00000,19.00000,target,5.00000,19.00000,timeout,0.71558,0.71558,target,5.00000,4.49526,target,5.00000,4.66072,target,5.00000,8.49356
holdout72,NOC,2024-01-25,2024-01-25,sma5_reclaim,signal,2024-02-07,9.00000,428.01173,3.13428,false,false,timeout,3.30102,20.00000,target,5.00000,30.00000,timeout,3.30102,20.00000,target,5.00000,30.00000,timeout,2.63962,2.63962,timeout,2.94927,2.94927,target,5.00000,5.02170,target,5.00000,1.82904
holdout72,NOC,2024-01-25,2024-01-25,three_low_break,signal,2024-01-31,4.00000,425.34722,2.49223,false,false,target,5.00000,18.00000,target,5.00000,18.00000,target,5.00000,18.00000,target,5.00000,18.00000,timeout,0.22228,0.22228,target,5.00000,2.55711,target,5.00000,4.10144,target,5.00000,7.91380
holdout72,NOC,2025-04-22,2025-04-22,next_open,baseline,2025-04-23,1.00000,455.20662,0.55809,false,false,target,5.58210,8.00000,target,5.58210,8.00000,target,5.58210,8.00000,target,5.58210,8.00000,target,5.58210,4.15068,target,5.58210,1.02642,target,5.58210,5.37495,target,5.58210,7.15987
holdout72,NOC,2025-04-22,2025-04-22,day3,baseline,2025-04-25,3.00000,453.87028,0.26289,false,false,target,5.89297,6.00000,target,5.89297,6.00000,target,5.89297,6.00000,target,5.89297,6.00000,target,5.89297,3.72233,target,5.89297,1.32388,target,5.89297,6.10630,target,5.89297,4.51695
holdout72,NOC,2025-04-22,2025-04-22,sma5_reclaim,signal,2025-05-19,19.00000,464.42449,2.59438,true,false,target,6.36250,19.00000,target,6.36250,19.00000,target,6.36250,19.00000,target,6.36250,19.00000,timeout,2.01092,2.01092,target,6.36250,4.38931,target,6.36250,6.40471,target,6.36250,9.53649
holdout72,NOC,2025-04-22,2025-04-22,three_low_break,signal,2025-05-19,19.00000,464.42449,2.59438,true,false,target,6.36250,19.00000,target,6.36250,19.00000,target,6.36250,19.00000,target,6.36250,19.00000,timeout,2.01092,2.01092,target,6.36250,4.38931,target,6.36250,6.40471,target,6.36250,9.53649
holdout72,NOC,2026-04-21,2026-04-21,next_open,baseline,2026-04-22,1.00000,605.66765,-0.00491,false,false,stop,-5.00000,3.00000,stop,-5.00000,3.00000,stop,-10.00000,12.00000,stop,-10.00000,12.00000,timeout,-8.42743,-8.42743,stop,-10.00000,-9.08526,stop,-10.00000,-10.52266,stop,-10.00000,-14.28650
holdout72,NOC,2026-04-21,2026-04-21,day3,baseline,2026-04-24,3.00000,577.14349,-4.71422,false,false,stop,-5.00000,9.00000,stop,-5.00000,9.00000,timeout,-5.27888,20.00000,stop,-10.00000,39.00000,timeout,-5.63264,-5.63264,timeout,-4.59198,-4.59198,timeout,-6.71964,-6.71964,stop,-10.00000,-11.47843
holdout72,NOC,2026-04-21,2026-04-21,sma5_reclaim,signal,2026-05-13,16.00000,549.42213,-9.29099,false,true,timeout,-1.77215,20.00000,stop,-5.00000,26.00000,timeout,-1.77215,20.00000,stop,-10.00000,32.00000,timeout,-0.54298,-0.54298,timeout,-0.28824,-0.28824,timeout,-9.40187,-9.40187,stop,-10.00000,-2.22693
holdout72,NOC,2026-04-21,2026-04-21,three_low_break,no_signal,,,,,,,,,,,,,,,,,,,,,,,,,,,,,,
holdout72,OKE,2025-04-29,2025-04-30,next_open,baseline,2025-05-01,1.00000,75.11594,-1.15628,false,false,target,6.34725,8.00000,target,6.34725,8.00000,target,6.34725,8.00000,target,6.34725,8.00000,target,6.34725,7.26995,target,6.34725,0.79859,target,6.34725,4.42704,target,6.34725,1.78363
holdout72,OKE,2025-04-29,2025-04-30,day3,baseline,2025-05-05,3.00000,76.06235,0.08909,false,false,target,5.02401,6.00000,target,5.02401,6.00000,target,5.02401,6.00000,target,5.02401,6.00000,target,5.02401,4.33444,target,5.02401,-0.84965,target,5.02401,-0.04926,target,5.02401,1.14518
holdout72,OKE,2025-04-29,2025-04-30,sma5_reclaim,signal,2025-05-09,7.00000,78.29149,3.02237,false,false,target,5.00000,3.00000,target,5.00000,3.00000,target,5.00000,3.00000,target,5.00000,3.00000,target,5.00000,-2.93097,target,5.00000,-2.23711,target,5.00000,-4.47422,target,5.00000,-2.38067
holdout72,OKE,2025-04-29,2025-04-30,three_low_break,signal,2025-05-09,7.00000,78.29149,3.02237,false,false,target,5.00000,3.00000,target,5.00000,3.00000,target,5.00000,3.00000,target,5.00000,3.00000,target,5.00000,-2.93097,target,5.00000,-2.23711,target,5.00000,-4.47422,target,5.00000,-2.38067
holdout72,OKE,2025-08-04,2025-08-05,next_open,baseline,2025-08-06,1.00000,72.78877,1.37384,false,false,stop,-5.00000,9.00000,stop,-5.00000,9.00000,timeout,-3.73990,20.00000,timeout,-4.89966,40.00000,timeout,-3.98749,-3.98749,timeout,-5.35575,-5.35575,timeout,-6.76310,-6.76310,timeout,-5.01694,-5.01694
holdout72,OKE,2025-08-04,2025-08-05,day3,baseline,2025-08-08,3.00000,71.61261,-0.26420,false,false,stop,-5.00000,20.00000,stop,-5.00000,20.00000,timeout,-3.80132,20.00000,timeout,-3.45695,40.00000,timeout,-0.87417,-0.87417,timeout,-3.80132,-3.80132,timeout,-5.13907,-5.13907,timeout,-4.03974,-4.03974
holdout72,OKE,2025-08-04,2025-08-05,sma5_reclaim,signal,2025-08-14,7.00000,70.99608,-1.12285,false,false,stop,-5.00000,16.00000,stop,-5.00000,16.00000,timeout,-2.07081,20.00000,timeout,-4.80962,40.00000,timeout,1.38945,1.38945,timeout,-2.40481,-2.40481,timeout,-1.28257,-1.28257,timeout,-7.05411,-7.05411
holdout72,OKE,2025-08-04,2025-08-05,three_low_break,signal,2025-08-25,14.00000,70.96762,-1.16248,false,false,stop,-5.00000,9.00000,stop,-5.00000,9.00000,timeout,-4.27693,20.00000,stop,-10.00000,38.00000,timeout,-4.62443,-4.62443,timeout,-1.53702,-1.53702,timeout,-4.77145,-4.77145,stop,-10.00000,-8.29992
holdout72,OKE,2026-02-23,2026-02-24,next_open,baseline,2026-02-25,1.00000,80.05471,-1.09784,false,false,target,5.00000,4.00000,target,5.00000,4.00000,target,5.00000,4.00000,target,5.00000,4.00000,target,5.00000,4.61088,target,5.00000,14.61332,target,5.00000,5.15979,target,5.00000,6.73335
holdout72,OKE,2026-02-23,2026-02-24,day3,baseline,2026-02-27,3.00000,82.73036,2.20774,false,false,target,5.00000,15.00000,target,5.00000,15.00000,target,5.00000,15.00000,target,5.00000,15.00000,timeout,0.75543,0.75543,target,5.00000,10.90652,target,5.00000,0.72002,target,5.00000,5.98442
holdout72,OKE,2026-02-23,2026-02-24,sma5_reclaim,no_signal,,,,,,,,,,,,,,,,,,,,,,,,,,,,,,
holdout72,OKE,2026-02-23,2026-02-24,three_low_break,signal,2026-03-03,5.00000,84.39044,4.25866,false,false,target,5.00000,14.00000,target,5.00000,14.00000,target,5.00000,14.00000,target,5.00000,14.00000,timeout,0.16200,0.16200,target,5.00000,2.17542,target,5.00000,-3.36728,target,5.00000,4.55913
holdout72,REGN,2024-10-31,2024-10-31,next_open,baseline,2024-11-01,1.00000,836.71412,0.76473,false,false,stop,-5.26397,10.00000,stop,-5.26397,10.00000,stop,-10.00000,11.00000,stop,-10.00000,11.00000,stop,-10.00000,-10.39533,stop,-10.00000,-11.17557,stop,-10.00000,-14.17696,stop,-10.00000,-15.66167
holdout72,REGN,2024-10-31,2024-10-31,day3,baseline,2024-11-05,3.00000,817.22800,-1.58196,false,false,stop,-5.00000,8.00000,stop,-5.00000,8.00000,stop,-10.00000,11.00000,stop,-10.00000,11.00000,stop,-10.00000,-9.73889,stop,-10.00000,-6.91444,stop,-10.00000,-14.92109,stop,-10.00000,-12.94518
holdout72,REGN,2024-10-31,2024-10-31,sma5_reclaim,no_signal,,,,,,,,,,,,,,,,,,,,,,,,,,,,,,
holdout72,REGN,2024-10-31,2024-10-31,three_low_break,no_signal,,,,,,,,,,,,,,,,,,,,,,,,,,,,,,
holdout72,REGN,2025-04-29,2025-04-29,next_open,baseline,2025-04-30,1.00000,574.58219,1.81927,false,false,target,5.00000,3.00000,target,5.00000,3.00000,target,5.00000,3.00000,target,5.00000,3.00000,target,5.00000,-1.36381,target,5.00000,-15.23594,target,5.00000,-8.50018,target,5.00000,-9.92478
holdout72,REGN,2025-04-29,2025-04-29,day3,baseline,2025-05-02,3.00000,595.15471,5.46484,true,false,stop,-5.00000,3.00000,stop,-5.00000,3.00000,stop,-10.00000,5.00000,stop,-10.00000,5.00000,stop,-10.00000,-0.94667,stop,-10.00000,-18.16595,stop,-10.00000,-12.75797,stop,-10.00000,-10.71663
holdout72,REGN,2025-04-29,2025-04-29,sma5_reclaim,signal,2025-05-13,10.00000,566.83526,0.44647,true,false,target,5.00000,6.00000,target,5.00000,6.00000,target,5.00000,6.00000,target,5.00000,6.00000,target,5.00000,5.72250,target,5.00000,-8.54652,target,5.00000,-8.69373,target,5.00000,-0.50245
holdout72,REGN,2025-04-29,2025-04-29,three_low_break,signal,2025-05-05,4.00000,601.98907,6.67592,true,false,stop,-5.00000,2.00000,stop,-5.00000,2.00000,stop,-10.00000,4.00000,stop,-10.00000,4.00000,stop,-10.00000,-1.70542,stop,-10.00000,-19.97785,stop,-10.00000,-15.25009,stop,-10.00000,-9.67578
holdout72,REGN,2026-04-29,2026-04-29,next_open,baseline,2026-04-30,1.00000,691.23920,0.97908,false,false,target,5.00000,10.00000,target,5.00000,10.00000,target,5.00000,10.00000,target,5.00000,10.00000,target,5.00000,2.85537,target,5.00000,-11.16491,target,5.00000,-11.54639,target,5.00000,-8.70409
holdout72,REGN,2026-04-29,2026-04-29,day3,baseline,2026-05-04,3.00000,700.69402,2.36028,false,false,stop,-12.33062,11.00000,stop,-12.33062,11.00000,stop,-12.33062,11.00000,stop,-12.33062,11.00000,stop,-12.33062,-10.37349,stop,-12.33062,-11.76918,stop,-12.33062,-13.05355,stop,-12.33062,-6.73434
holdout72,REGN,2026-04-29,2026-04-29,sma5_reclaim,no_signal,,,,,,,,,,,,,,,,,,,,,,,,,,,,,,
holdout72,REGN,2026-04-29,2026-04-29,three_low_break,signal,2026-05-21,16.00000,644.24770,-5.88563,true,true,stop,-5.00000,6.00000,stop,-5.00000,6.00000,timeout,-5.43566,20.00000,target,5.00000,31.00000,timeout,-2.52248,-2.52248,timeout,-5.43566,-5.43566,timeout,1.43721,1.43721,target,5.00000,4.20930
holdout72,TMO,2026-04-23,2026-04-23,next_open,baseline,2026-04-24,1.00000,468.32121,0.52496,false,false,stop,-5.00000,14.00000,stop,-5.00000,14.00000,timeout,-4.21614,20.00000,target,5.00000,25.00000,timeout,-0.88458,-0.88458,timeout,-4.44847,-4.44847,target,5.00000,0.10231,target,5.00000,0.14291
holdout72,TMO,2026-04-23,2026-04-23,day3,baseline,2026-04-28,3.00000,471.15619,1.13349,false,false,stop,-5.00000,10.00000,stop,-5.00000,10.00000,timeout,-5.04460,20.00000,target,5.00000,23.00000,timeout,-2.68862,-2.68862,timeout,3.22676,3.22676,target,5.00000,-0.56145,target,5.00000,8.80406
holdout72,TMO,2026-04-23,2026-04-23,sma5_reclaim,signal,2026-05-01,6.00000,479.15204,2.84980,false,false,stop,-5.00000,7.00000,stop,-5.00000,7.00000,timeout,2.60625,20.00000,target,5.00000,38.00000,timeout,-8.67917,-8.67917,timeout,2.60625,2.60625,timeout,-1.20940,-1.20940,target,5.00000,4.55470
holdout72,TMO,2026-04-23,2026-04-23,three_low_break,no_signal,,,,,,,,,,,,,,,,,,,,,,,,,,,,,,
holdout72,TPR,2025-08-14,2025-08-14,next_open,baseline,2025-08-15,1.00000,94.55930,0.47027,false,false,target,5.00000,1.00000,target,5.00000,1.00000,target,5.00000,1.00000,target,5.00000,1.00000,target,5.00000,5.90805,target,5.00000,11.16495,target,5.00000,16.37499,target,5.00000,21.38666
holdout72,TPR,2025-08-14,2025-08-14,day3,baseline,2025-08-19,3.00000,98.22798,4.36827,true,false,target,5.00000,11.00000,target,5.00000,11.00000,target,5.00000,11.00000,target,5.00000,11.00000,timeout,2.92380,2.92380,target,5.00000,13.87794,target,5.00000,15.50620,target,5.00000,17.41590
holdout72,TPR,2025-08-14,2025-08-14,sma5_reclaim,signal,2025-08-25,7.00000,98.02143,4.14881,true,false,target,5.00000,7.00000,target,5.00000,7.00000,target,5.00000,7.00000,target,5.00000,7.00000,target,5.00000,5.57668,target,5.00000,14.23877,target,5.00000,14.29920,target,5.00000,15.53808
holdout72,TPR,2025-08-14,2025-08-14,three_low_break,signal,2025-08-25,7.00000,98.02143,4.14881,true,false,target,5.00000,7.00000,target,5.00000,7.00000,target,5.00000,7.00000,target,5.00000,7.00000,target,5.00000,5.57668,target,5.00000,14.23877,target,5.00000,14.29920,target,5.00000,15.53808
holdout72,WAB,2024-07-24,2024-07-24,next_open,baseline,2024-07-25,1.00000,156.82855,0.79476,false,false,stop,-5.35545,8.00000,stop,-5.35545,8.00000,timeout,1.97876,20.00000,target,5.00000,22.00000,timeout,-2.20778,-2.20778,target,5.00000,5.04836,target,5.00000,1.60612,target,5.00000,13.25921
holdout72,WAB,2024-07-24,2024-07-24,day3,baseline,2024-07-29,3.00000,158.28277,1.72940,false,false,stop,-5.00000,5.00000,stop,-5.00000,5.00000,timeout,4.08323,20.00000,target,5.00000,24.00000,timeout,-2.86875,-2.86875,timeout,3.58884,3.58884,target,5.00000,4.96561,target,5.00000,14.06475
holdout72,WAB,2024-07-24,2024-07-24,sma5_reclaim,no_signal,,,,,,,,,,,,,,,,,,,,,,,,,,,,,,
holdout72,WAB,2024-07-24,2024-07-24,three_low_break,signal,2024-08-14,15.00000,154.77113,-0.52756,false,false,target,5.00000,8.00000,target,5.00000,8.00000,target,5.00000,8.00000,target,5.00000,8.00000,target,5.00000,5.93920,target,5.00000,8.14720,target,5.00000,16.65280,target,5.00000,20.28800
holdout72,WAB,2025-02-12,2025-02-12,next_open,baseline,2025-02-13,1.00000,189.02534,0.72383,false,false,stop,-5.00000,8.00000,stop,-5.00000,8.00000,timeout,-7.42779,20.00000,stop,-12.59608,36.00000,timeout,-4.83314,-4.83314,timeout,-6.14622,-6.14622,timeout,-4.51800,-4.51800,stop,-12.59608,-8.98773
holdout72,WAB,2025-02-12,2025-02-12,day3,baseline,2025-02-18,3.00000,186.18956,-0.78724,false,false,stop,-5.00000,11.00000,stop,-5.00000,11.00000,timeout,-3.02110,20.00000,stop,-11.26486,34.00000,timeout,-5.27134,-5.27134,timeout,-1.13346,-1.13346,stop,-11.26486,-14.17631,stop,-11.26486,-8.85466
holdout72,WAB,2025-02-12,2025-02-12,sma5_reclaim,signal,2025-03-03,12.00000,185.75706,-1.01770,false,false,stop,-5.00000,2.00000,stop,-5.00000,2.00000,timeout,-2.83805,20.00000,stop,-11.05826,25.00000,timeout,-2.79530,-2.79530,timeout,-0.63602,-0.63602,stop,-11.05826,-8.64244,stop,-11.05826,2.29289
holdout72,WAB,2025-02-12,2025-02-12,three_low_break,no_signal,,,,,,,,,,,,,,,,,,,,,,,,,,,,,,
holdout72,WAB,2025-07-24,2025-07-24,next_open,baseline,2025-07-25,1.00000,199.50968,0.00000,false,false,stop,-5.00000,4.00000,stop,-5.00000,4.00000,timeout,-4.50599,20.00000,timeout,-5.85801,40.00000,timeout,-4.62382,-4.62382,timeout,-2.34577,-2.34577,timeout,-4.74546,-4.74546,timeout,-2.95941,-2.95941
holdout72,WAB,2025-07-24,2025-07-24,day3,baseline,2025-07-29,3.00000,197.81976,-0.84704,false,false,stop,-5.00000,3.00000,stop,-5.00000,3.00000,timeout,-2.73421,20.00000,timeout,-2.13042,40.00000,timeout,-3.06030,-3.06030,timeout,-1.79330,-1.79330,timeout,-4.99340,-4.99340,timeout,-1.04360,-1.04360
holdout72,WAB,2025-07-24,2025-07-24,sma5_reclaim,signal,2025-08-20,19.00000,191.20658,-4.16175,false,false,timeout,-3.35763,20.00000,target,5.00000,23.00000,timeout,-3.35763,20.00000,target,5.00000,23.00000,timeout,-0.44248,-0.44248,timeout,-1.76991,-1.76991,target,5.00000,4.15409,target,5.00000,1.06715
holdout72,WAB,2025-07-24,2025-07-24,three_low_break,no_signal,,,,,,,,,,,,,,,,,,,,,,,,,,,,,,
holdout72,ZBH,2023-08-01,2023-08-02,next_open,baseline,2023-08-03,1.00000,123.80860,-0.56862,false,false,stop,-5.00000,10.00000,stop,-5.00000,10.00000,stop,-10.00000,14.00000,stop,-10.00000,14.00000,timeout,-6.43165,-6.43165,stop,-10.00000,-6.42382,stop,-10.00000,-4.96671,stop,-10.00000,-12.52491
holdout72,ZBH,2023-08-01,2023-08-02,day3,baseline,2023-08-07,3.00000,122.95509,-1.25409,false,false,stop,-5.00000,9.00000,stop,-5.00000,9.00000,stop,-10.00000,14.00000,stop,-10.00000,14.00000,timeout,-5.06429,-5.06429,stop,-10.00000,-3.23420,stop,-10.00000,-7.07581,stop,-10.00000,-12.32086
holdout72,ZBH,2023-08-01,2023-08-02,sma5_reclaim,signal,2023-08-29,19.00000,114.38111,-8.13990,false,true,timeout,-4.63834,20.00000,stop,-5.00000,21.00000,timeout,-4.63834,20.00000,stop,-10.00000,31.00000,timeout,2.96786,2.96786,timeout,-4.43126,-4.43126,stop,-10.00000,-11.36565,stop,-10.00000,-12.30893
holdout72,ZBH,2023-08-01,2023-08-02,three_low_break,signal,2023-08-29,19.00000,114.38111,-8.13990,false,true,timeout,-4.63834,20.00000,stop,-5.00000,21.00000,timeout,-4.63834,20.00000,stop,-10.00000,31.00000,timeout,2.96786,2.96786,timeout,-4.43126,-4.43126,stop,-10.00000,-11.36565,stop,-10.00000,-12.30893
holdout72,ZBH,2025-02-06,2025-02-06,next_open,baseline,2025-02-07,1.00000,101.12124,0.24345,false,false,stop,-5.00000,4.00000,stop,-5.00000,4.00000,target,5.00000,20.00000,target,5.00000,20.00000,timeout,1.83602,1.83602,target,5.00000,4.90577,target,5.00000,8.06295,target,5.00000,0.06822
holdout72,ZBH,2025-02-06,2025-02-06,day3,baseline,2025-02-11,3.00000,97.86972,-2.97984,false,false,target,5.00000,8.00000,target,5.00000,8.00000,target,5.00000,8.00000,target,5.00000,8.00000,target,5.00000,7.74867,target,5.00000,7.96949,target,5.00000,12.67690,target,5.00000,2.95020
holdout72,ZBH,2025-02-06,2025-02-06,sma5_reclaim,signal,2025-02-14,6.00000,98.86187,-1.99630,false,false,target,5.00000,6.00000,target,5.00000,6.00000,target,5.00000,6.00000,target,5.00000,6.00000,target,5.00000,3.65660,target,5.00000,9.27067,target,5.00000,12.70120,target,5.00000,-3.14150
holdout72,ZBH,2025-02-06,2025-02-06,three_low_break,signal,2025-02-21,10.00000,101.33735,0.45769,false,false,target,5.00000,11.00000,target,5.00000,11.00000,target,5.00000,11.00000,target,5.00000,11.00000,target,5.00000,4.68205,target,5.00000,7.33811,target,5.00000,1.84627,target,5.00000,-5.34242
holdout72,ZBH,2025-05-05,2025-05-05,next_open,baseline,2025-05-06,1.00000,89.07181,0.00000,false,false,target,5.00000,3.00000,target,5.00000,3.00000,target,5.00000,3.00000,target,5.00000,3.00000,target,5.00000,5.38240,target,5.00000,1.59151,target,5.00000,0.81786,target,5.00000,3.79410
holdout72,ZBH,2025-05-05,2025-05-05,day3,baseline,2025-05-08,3.00000,92.91111,4.31034,false,false,target,5.00000,3.00000,target,5.00000,3.00000,target,5.00000,3.00000,target,5.00000,3.00000,target,5.00000,-2.87137,target,5.00000,-2.11909,target,5.00000,-3.34817,target,5.00000,-1.66343
holdout72,ZBH,2025-05-05,2025-05-05,sma5_reclaim,signal,2025-05-28,16.00000,92.58625,3.94562,true,false,stop,-5.00000,5.00000,stop,-5.00000,5.00000,timeout,-1.33971,20.00000,timeout,3.26550,40.00000,timeout,0.20202,0.20202,timeout,-2.50168,-2.50168,timeout,-0.01785,-0.01785,timeout,3.99040,3.99040
holdout72,ZBH,2025-05-05,2025-05-05,three_low_break,signal,2025-05-09,4.00000,93.60022,5.08400,true,false,target,5.00000,2.00000,target,5.00000,2.00000,target,5.00000,2.00000,target,5.00000,2.00000,target,5.00000,-2.56626,target,5.00000,-2.83971,target,5.00000,-3.76525,target,5.00000,-1.43838
holdout72,ZBH,2025-11-05,2025-11-05,next_open,baseline,2025-11-06,1.00000,85.15812,-1.69046,false,false,target,5.00000,6.00000,target,5.00000,6.00000,target,5.00000,6.00000,target,5.00000,6.00000,target,5.00000,3.48553,target,5.00000,9.53875,target,5.00000,3.55525,target,5.00000,7.93107
holdout72,ZBH,2025-11-05,2025-11-05,day3,baseline,2025-11-10,3.00000,87.02810,0.46830,false,false,target,5.00000,10.00000,target,5.00000,10.00000,target,5.00000,10.00000,target,5.00000,10.00000,target,5.00000,6.32105,target,5.00000,5.83220,target,5.00000,2.58072,target,5.00000,5.83993
holdout72,ZBH,2025-11-05,2025-11-05,sma5_reclaim,signal,2025-11-24,13.00000,92.19279,6.43061,true,false,target,5.00000,4.00000,target,5.00000,4.00000,target,5.00000,4.00000,target,5.00000,4.00000,target,5.00000,-0.46147,target,5.00000,-3.16592,target,5.00000,1.23425,target,5.00000,-6.81456
holdout72,ZBH,2025-11-05,2025-11-05,three_low_break,signal,2025-11-13,6.00000,88.54189,2.21588,false,false,target,5.00000,8.00000,target,5.00000,8.00000,target,5.00000,8.00000,target,5.00000,8.00000,target,5.00000,9.00659,target,5.00000,2.34663,target,5.00000,1.43033,target,5.00000,2.46182
holdout72,ZBH,2026-04-28,2026-04-28,next_open,baseline,2026-04-29,1.00000,81.59764,-0.92995,false,false,target,5.00000,14.00000,target,5.00000,14.00000,target,5.00000,14.00000,target,5.00000,14.00000,timeout,0.84116,0.84116,target,5.00000,0.36572,target,5.00000,7.97269,target,5.00000,13.79664
holdout72,ZBH,2026-04-28,2026-04-28,day3,baseline,2026-05-01,3.00000,82.31882,-0.05435,false,false,target,5.00000,14.00000,target,5.00000,14.00000,target,5.00000,14.00000,target,5.00000,14.00000,timeout,1.14193,1.14193,target,5.00000,-0.51356,target,5.00000,6.65217,target,5.00000,4.30640
holdout72,ZBH,2026-04-28,2026-04-28,sma5_reclaim,signal,2026-05-13,11.00000,81.82643,-0.65217,false,false,target,5.00000,5.00000,target,5.00000,5.00000,target,5.00000,5.00000,target,5.00000,5.00000,target,5.00000,0.36470,target,5.00000,7.67080,target,5.00000,13.47847,target,5.00000,11.33322
holdout72,ZBH,2026-04-28,2026-04-28,three_low_break,signal,2026-05-04,4.00000,82.06516,-0.36232,false,false,target,5.00000,12.00000,target,5.00000,12.00000,target,5.00000,12.00000,target,5.00000,12.00000,timeout,3.20000,3.20000,target,5.00000,3.00606,target,5.00000,6.63030,target,5.00000,6.30597
