cohort,ticker,earnings_date,selloff_date,method,entry_date,entry_lag,entry_price,entry_pct_over_anchor,signal_day,skip,plus5_already_touched,trade_20_5_status,trade_20_5_ret_pct,trade_20_5_hitday,trade_20_10_status,trade_20_10_ret_pct,trade_20_10_hitday,trade_40_5_status,trade_40_5_ret_pct,trade_40_5_hitday,trade_40_10_status,trade_40_10_ret_pct,trade_40_10_hitday,dte_14_status,dte_14_ret_pct,dte_14_expire_stock_pct,dte_30_status,dte_30_ret_pct,dte_30_expire_stock_pct,dte_45_status,dte_45_ret_pct,dte_45_expire_stock_pct,dte_60_status,dte_60_ret_pct,dte_60_expire_stock_pct,anchor_20_5_first,anchor_20_5_ever_plus5,anchor_20_5_up_day,anchor_20_5_stop_day,anchor_20_5_minpct,anchor_20_5_minday,anchor_20_10_first,anchor_20_10_ever_plus5,anchor_20_10_up_day,anchor_20_10_stop_day,anchor_20_10_minpct,anchor_20_10_minday,anchor_40_5_first,anchor_40_5_ever_plus5,anchor_40_5_up_day,anchor_40_5_stop_day,anchor_40_5_minpct,anchor_40_5_minday,anchor_40_10_first,anchor_40_10_ever_plus5,anchor_40_10_up_day,anchor_40_10_stop_day,anchor_40_10_minpct,anchor_40_10_minday,anchor_60_5_first,anchor_60_5_ever_plus5,anchor_60_5_up_day,anchor_60_5_stop_day,anchor_60_5_minpct,anchor_60_5_minday,anchor_60_10_first,anchor_60_10_ever_plus5,anchor_60_10_up_day,anchor_60_10_stop_day,anchor_60_10_minpct,anchor_60_10_minday
original_92,ABNB,2023-05-09,2023-05-10,next_open,2023-05-11,1.00000,113.14000,-0.04417,0.00000,,false,stop,-5.00000,2.00000,target,5.00000,18.00000,stop,-5.00000,2.00000,target,5.00000,18.00000,timeout,-7.70727,-7.70727,target,5.00000,4.17182,target,5.00000,10.24395,target,5.00000,16.41329,stop,true,18.00000,2.00000,-8.51665,3.00000,target,true,18.00000,,-8.51665,3.00000,stop,true,18.00000,2.00000,-8.51665,3.00000,target,true,18.00000,,-8.51665,3.00000,stop,true,18.00000,2.00000,-8.51665,3.00000,target,true,18.00000,,-8.51665,3.00000
original_92,ABNB,2023-05-09,2023-05-10,day3,2023-05-15,3.00000,105.06000,-7.18261,2.00000,,false,target,5.00000,4.00000,target,5.00000,4.00000,target,5.00000,4.00000,target,5.00000,4.00000,target,5.00000,1.66571,target,5.00000,19.11289,target,5.00000,19.07481,target,5.00000,36.43632,stop,true,18.00000,2.00000,-8.51665,3.00000,target,true,18.00000,,-8.51665,3.00000,stop,true,18.00000,2.00000,-8.51665,3.00000,target,true,18.00000,,-8.51665,3.00000,stop,true,18.00000,2.00000,-8.51665,3.00000,target,true,18.00000,,-8.51665,3.00000
original_92,ABNB,2023-05-09,2023-05-10,sma5_reversal,2023-05-18,6.00000,108.34000,-4.28483,5.00000,,false,target,5.00000,11.00000,target,5.00000,11.00000,target,5.00000,11.00000,target,5.00000,11.00000,timeout,3.52594,3.52594,target,5.00000,18.77423,target,5.00000,18.29426,target,5.00000,34.17020,stop,true,18.00000,2.00000,-8.51665,3.00000,target,true,18.00000,,-8.51665,3.00000,stop,true,18.00000,2.00000,-8.51665,3.00000,target,true,18.00000,,-8.51665,3.00000,stop,true,18.00000,2.00000,-8.51665,3.00000,target,true,18.00000,,-8.51665,3.00000
original_92,ABNB,2023-05-09,2023-05-10,three_rising_lows_break,2023-05-18,6.00000,108.34000,-4.28483,5.00000,,false,target,5.00000,11.00000,target,5.00000,11.00000,target,5.00000,11.00000,target,5.00000,11.00000,timeout,3.52594,3.52594,target,5.00000,18.77423,target,5.00000,18.29426,target,5.00000,34.17020,stop,true,18.00000,2.00000,-8.51665,3.00000,target,true,18.00000,,-8.51665,3.00000,stop,true,18.00000,2.00000,-8.51665,3.00000,target,true,18.00000,,-8.51665,3.00000,stop,true,18.00000,2.00000,-8.51665,3.00000,target,true,18.00000,,-8.51665,3.00000
original_92,ADBE,2025-06-12,2025-06-13,next_open,2025-06-16,1.00000,392.98500,0.33318,0.00000,,false,stop,-5.00000,12.00000,timeout,-7.32980,,stop,-5.00000,12.00000,stop,-10.00000,33.00000,timeout,-1.55349,-1.55349,timeout,-7.94305,-7.94305,timeout,-8.98126,-8.98126,stop,-10.00000,-9.70393,stop,false,,16.00000,-8.04228,19.00000,timeout,false,,,-8.04228,19.00000,stop,false,,16.00000,-15.73734,40.00000,stop,false,,33.00000,-15.73734,40.00000,stop,false,,16.00000,-15.73734,40.00000,stop,false,,33.00000,-15.73734,40.00000
original_92,ADBE,2025-06-12,2025-06-13,day3,2025-06-18,3.00000,383.98500,-1.96461,2.00000,,false,stop,-5.00000,16.00000,timeout,-4.56658,,stop,-5.00000,16.00000,stop,-10.00000,32.00000,timeout,-1.43625,-1.43625,timeout,-4.73847,-4.73847,timeout,-9.42355,-9.42355,stop,-10.00000,-7.58754,stop,false,,16.00000,-8.04228,19.00000,timeout,false,,,-8.04228,19.00000,stop,false,,16.00000,-15.73734,40.00000,stop,false,,33.00000,-15.73734,40.00000,stop,false,,16.00000,-15.73734,40.00000,stop,false,,33.00000,-15.73734,40.00000
original_92,ADBE,2025-06-12,2025-06-13,sma5_reversal,2025-06-25,7.00000,383.60000,-2.06291,6.00000,,false,stop,-5.00000,12.00000,timeout,-2.90407,,stop,-5.00000,12.00000,stop,-10.00000,28.00000,timeout,-2.66423,-2.66423,timeout,-3.35245,-3.35245,stop,-10.00000,-11.09228,stop,-10.00000,-5.60740,stop,false,,16.00000,-8.04228,19.00000,timeout,false,,,-8.04228,19.00000,stop,false,,16.00000,-15.73734,40.00000,stop,false,,33.00000,-15.73734,40.00000,stop,false,,16.00000,-15.73734,40.00000,stop,false,,33.00000,-15.73734,40.00000
original_92,ADBE,2025-06-12,2025-06-13,three_rising_lows_break,2025-06-25,7.00000,383.60000,-2.06291,6.00000,,false,stop,-5.00000,12.00000,timeout,-2.90407,,stop,-5.00000,12.00000,stop,-10.00000,28.00000,timeout,-2.66423,-2.66423,timeout,-3.35245,-3.35245,stop,-10.00000,-11.09228,stop,-10.00000,-5.60740,stop,false,,16.00000,-8.04228,19.00000,timeout,false,,,-8.04228,19.00000,stop,false,,16.00000,-15.73734,40.00000,stop,false,,33.00000,-15.73734,40.00000,stop,false,,16.00000,-15.73734,40.00000,stop,false,,33.00000,-15.73734,40.00000
original_92,ADBE,2025-03-12,2025-03-13,next_open,2025-03-14,1.00000,379.74500,0.50418,0.00000,,false,target,5.00000,2.00000,target,5.00000,2.00000,target,5.00000,2.00000,target,5.00000,2.00000,target,5.00000,1.57079,target,5.00000,-7.18245,target,5.00000,-2.92960,target,5.00000,4.64917,target,true,2.00000,16.00000,-12.12947,17.00000,target,true,2.00000,17.00000,-12.12947,17.00000,target,true,2.00000,16.00000,-12.12947,17.00000,target,true,2.00000,17.00000,-12.12947,17.00000,target,true,2.00000,16.00000,-12.12947,17.00000,target,true,2.00000,17.00000,-12.12947,17.00000
original_92,ADBE,2025-03-12,2025-03-13,day3,2025-03-18,3.00000,395.36000,4.63688,2.00000,,true,stop,-5.00000,10.00000,stop,-10.00000,14.00000,stop,-5.00000,10.00000,stop,-10.00000,14.00000,timeout,-3.07568,-3.07568,stop,-10.00000,-11.77661,stop,-10.00000,-3.66501,stop,-10.00000,5.50511,target,true,2.00000,16.00000,-12.12947,17.00000,target,true,2.00000,17.00000,-12.12947,17.00000,target,true,2.00000,16.00000,-12.12947,17.00000,target,true,2.00000,17.00000,-12.12947,17.00000,target,true,2.00000,16.00000,-12.12947,17.00000,target,true,2.00000,17.00000,-12.12947,17.00000
original_92,ADBE,2025-03-12,2025-03-13,sma5_reversal,2025-03-25,8.00000,393.57000,4.16314,7.00000,,true,stop,-5.51236,8.00000,stop,-10.00000,9.00000,stop,-5.51236,8.00000,stop,-10.00000,9.00000,stop,-10.00000,-13.61130,stop,-10.00000,-8.29840,stop,-10.00000,-2.61453,stop,-10.00000,3.58767,target,true,2.00000,16.00000,-12.12947,17.00000,target,true,2.00000,17.00000,-12.12947,17.00000,target,true,2.00000,16.00000,-12.12947,17.00000,target,true,2.00000,17.00000,-12.12947,17.00000,target,true,2.00000,16.00000,-12.12947,17.00000,target,true,2.00000,17.00000,-12.12947,17.00000
original_92,ADBE,2025-03-12,2025-03-13,three_rising_lows_break,2025-03-26,9.00000,403.00000,6.65890,8.00000,,true,stop,-5.70720,4.00000,stop,-10.91811,8.00000,stop,-5.70720,4.00000,stop,-10.91811,8.00000,stop,-10.91811,-9.51861,stop,-10.91811,-8.75434,stop,-10.91811,-4.89330,stop,-10.91811,1.16377,target,true,2.00000,16.00000,-12.12947,17.00000,target,true,2.00000,17.00000,-12.12947,17.00000,target,true,2.00000,16.00000,-12.12947,17.00000,target,true,2.00000,17.00000,-12.12947,17.00000,target,true,2.00000,16.00000,-12.12947,17.00000,target,true,2.00000,17.00000,-12.12947,17.00000
original_92,ADBE,2024-12-11,2024-12-12,next_open,2024-12-13,1.00000,473.98000,-0.13695,0.00000,,false,stop,-5.00000,4.00000,stop,-10.00000,14.00000,stop,-5.00000,4.00000,stop,-10.00000,14.00000,timeout,-5.80193,-5.80193,stop,-10.00000,-14.35926,stop,-10.00000,-7.46445,stop,-10.00000,-3.19845,stop,false,,4.00000,-14.93374,19.00000,stop,false,,14.00000,-14.93374,19.00000,stop,false,,4.00000,-14.93374,19.00000,stop,false,,14.00000,-14.93374,19.00000,stop,false,,4.00000,-21.09643,60.00000,stop,false,,14.00000,-21.09643,60.00000
original_92,ADBE,2024-12-11,2024-12-12,day3,2024-12-17,3.00000,460.59000,-2.95809,2.00000,,false,stop,-5.00000,3.00000,stop,-10.98374,16.00000,stop,-5.00000,3.00000,stop,-10.98374,16.00000,timeout,-3.45427,-3.45427,stop,-10.98374,-7.30802,stop,-10.98374,-5.02399,stop,-10.98374,-0.09336,stop,false,,4.00000,-14.93374,19.00000,stop,false,,14.00000,-14.93374,19.00000,stop,false,,4.00000,-14.93374,19.00000,stop,false,,14.00000,-14.93374,19.00000,stop,false,,4.00000,-21.09643,60.00000,stop,false,,14.00000,-21.09643,60.00000
original_92,ADBE,2024-12-11,2024-12-12,sma5_reversal,,,,,,no_signal,,,,,,,,,,,,,,,,,,,,,,,,,,stop,false,,4.00000,-14.93374,19.00000,stop,false,,14.00000,-14.93374,19.00000,stop,false,,4.00000,-14.93374,19.00000,stop,false,,14.00000,-14.93374,19.00000,stop,false,,4.00000,-21.09643,60.00000,stop,false,,14.00000,-21.09643,60.00000
original_92,ADBE,2024-12-11,2024-12-12,three_rising_lows_break,,,,,,no_signal,,,,,,,,,,,,,,,,,,,,,,,,,,stop,false,,4.00000,-14.93374,19.00000,stop,false,,14.00000,-14.93374,19.00000,stop,false,,4.00000,-14.93374,19.00000,stop,false,,14.00000,-14.93374,19.00000,stop,false,,4.00000,-21.09643,60.00000,stop,false,,14.00000,-21.09643,60.00000
original_92,ADBE,2024-09-12,2024-09-13,next_open,2024-09-16,1.00000,537.40000,0.09872,0.00000,,false,stop,-5.00000,3.00000,timeout,-7.81169,,stop,-5.00000,3.00000,stop,-10.00000,28.00000,timeout,-3.65091,-3.65091,timeout,-6.48679,-6.48679,stop,-10.00000,-11.03833,stop,-10.00000,-6.33234,stop,false,,3.00000,-9.40079,16.00000,timeout,false,,,-9.40079,16.00000,stop,false,,3.00000,-11.51489,35.00000,stop,false,,29.00000,-11.51489,35.00000,stop,false,,3.00000,-11.51489,35.00000,stop,false,,29.00000,-11.51489,35.00000
original_92,ADBE,2024-09-12,2024-09-13,day3,2024-09-18,3.00000,517.01000,-3.69922,2.00000,,false,stop,-5.00000,14.00000,timeout,-1.73691,,stop,-5.00000,14.00000,timeout,1.82008,,timeout,-2.16630,-2.16630,timeout,-4.27651,-4.27651,timeout,-6.61689,-6.61689,timeout,-2.63825,-2.63825,stop,false,,3.00000,-9.40079,16.00000,timeout,false,,,-9.40079,16.00000,stop,false,,3.00000,-11.51489,35.00000,stop,false,,29.00000,-11.51489,35.00000,stop,false,,3.00000,-11.51489,35.00000,stop,false,,29.00000,-11.51489,35.00000
original_92,ADBE,2024-09-12,2024-09-13,sma5_reversal,2024-10-11,20.00000,504.78000,-5.97724,19.00000,,false,stop,-5.00000,13.00000,timeout,-0.76469,,stop,-5.00000,13.00000,target,5.00000,24.00000,timeout,-4.17211,-4.17211,timeout,-2.00087,-2.00087,target,5.00000,2.76358,target,5.00000,8.37395,stop,false,,3.00000,-9.40079,16.00000,timeout,false,,,-9.40079,16.00000,stop,false,,3.00000,-11.51489,35.00000,stop,false,,29.00000,-11.51489,35.00000,stop,false,,3.00000,-11.51489,35.00000,stop,false,,29.00000,-11.51489,35.00000
original_92,ADBE,2024-09-12,2024-09-13,three_rising_lows_break,,,,,,no_signal,,,,,,,,,,,,,,,,,,,,,,,,,,stop,false,,3.00000,-9.40079,16.00000,timeout,false,,,-9.40079,16.00000,stop,false,,3.00000,-11.51489,35.00000,stop,false,,29.00000,-11.51489,35.00000,stop,false,,3.00000,-11.51489,35.00000,stop,false,,29.00000,-11.51489,35.00000
original_92,ADBE,2024-03-14,2024-03-15,next_open,2024-03-18,1.00000,495.55000,0.62746,0.00000,,false,target,5.00000,2.00000,target,5.00000,2.00000,target,5.00000,2.00000,target,5.00000,2.00000,target,5.00000,1.31975,target,5.00000,-4.25790,target,5.00000,-3.83009,target,5.00000,-2.44577,target,true,2.00000,,-4.89583,20.00000,target,true,2.00000,,-4.89583,20.00000,target,true,2.00000,24.00000,-6.51830,32.00000,target,true,2.00000,,-6.51830,32.00000,target,true,2.00000,24.00000,-11.87711,53.00000,target,true,2.00000,53.00000,-11.87711,53.00000
original_92,ADBE,2024-03-14,2024-03-15,day3,2024-03-20,3.00000,523.29000,6.26041,2.00000,,true,stop,-5.00000,3.00000,stop,-10.00000,17.00000,stop,-5.00000,3.00000,stop,-10.00000,17.00000,timeout,-5.02207,-5.02207,stop,-10.00000,-11.13532,stop,-10.00000,-7.09167,stop,-10.00000,-7.61719,target,true,2.00000,,-4.89583,20.00000,target,true,2.00000,,-4.89583,20.00000,target,true,2.00000,24.00000,-6.51830,32.00000,target,true,2.00000,,-6.51830,32.00000,target,true,2.00000,24.00000,-11.87711,53.00000,target,true,2.00000,53.00000,-11.87711,53.00000
original_92,ADBE,2024-03-14,2024-03-15,sma5_reversal,2024-04-10,17.00000,489.39000,-0.62340,16.00000,,true,stop,-5.00000,8.00000,timeout,0.58849,,stop,-5.00000,8.00000,stop,-10.00000,37.00000,timeout,-2.50720,-2.50720,timeout,-1.45079,-1.45079,timeout,-2.85253,-2.85253,stop,-10.00000,-4.89589,target,true,2.00000,,-4.89583,20.00000,target,true,2.00000,,-4.89583,20.00000,target,true,2.00000,24.00000,-6.51830,32.00000,target,true,2.00000,,-6.51830,32.00000,target,true,2.00000,24.00000,-11.87711,53.00000,target,true,2.00000,53.00000,-11.87711,53.00000
original_92,ADBE,2024-03-14,2024-03-15,three_rising_lows_break,,,,,,no_signal,,,,,,,,,,,,,,,,,,,,,,,,,,target,true,2.00000,,-4.89583,20.00000,target,true,2.00000,,-4.89583,20.00000,target,true,2.00000,24.00000,-6.51830,32.00000,target,true,2.00000,,-6.51830,32.00000,target,true,2.00000,24.00000,-11.87711,53.00000,target,true,2.00000,53.00000,-11.87711,53.00000
original_92,AMD,2026-02-03,2026-02-04,next_open,2026-02-05,1.00000,201.85500,0.83171,0.00000,,false,stop,-5.00000,1.00000,target,5.00000,3.00000,stop,-5.00000,1.00000,target,5.00000,3.00000,target,5.00000,0.75054,target,5.00000,-4.66919,target,5.00000,-0.26009,target,5.00000,9.07830,target,true,3.00000,17.00000,-5.97932,18.00000,target,true,3.00000,,-5.97932,18.00000,target,true,3.00000,17.00000,-5.97932,18.00000,target,true,3.00000,,-5.97932,18.00000,target,true,3.00000,17.00000,-5.97932,18.00000,target,true,3.00000,,-5.97932,18.00000
original_92,AMD,2026-02-03,2026-02-04,day3,2026-02-09,3.00000,206.89500,3.34932,2.00000,,false,target,5.00000,1.00000,target,5.00000,1.00000,target,5.00000,1.00000,target,5.00000,1.00000,target,5.00000,-4.97595,target,5.00000,-0.99809,target,5.00000,-1.51043,target,5.00000,18.43689,target,true,3.00000,17.00000,-5.97932,18.00000,target,true,3.00000,,-5.97932,18.00000,target,true,3.00000,17.00000,-5.97932,18.00000,target,true,3.00000,,-5.97932,18.00000,target,true,3.00000,17.00000,-5.97932,18.00000,target,true,3.00000,,-5.97932,18.00000
original_92,AMD,2026-02-03,2026-02-04,sma5_reversal,2026-02-25,14.00000,214.82000,7.30806,13.00000,,true,stop,-5.00000,2.00000,stop,-10.00000,4.00000,stop,-5.00000,2.00000,stop,-10.00000,4.00000,stop,-10.00000,-4.65040,stop,-10.00000,-5.97244,stop,-10.00000,14.06759,stop,-10.00000,61.90764,target,true,3.00000,17.00000,-5.97932,18.00000,target,true,3.00000,,-5.97932,18.00000,target,true,3.00000,17.00000,-5.97932,18.00000,target,true,3.00000,,-5.97932,18.00000,target,true,3.00000,17.00000,-5.97932,18.00000,target,true,3.00000,,-5.97932,18.00000
original_92,AMD,2026-02-03,2026-02-04,three_rising_lows_break,2026-02-10,4.00000,215.14000,7.46791,3.00000,,true,stop,-5.16873,4.00000,stop,-10.00000,14.00000,stop,-5.16873,4.00000,stop,-10.00000,14.00000,timeout,-0.60426,-0.60426,stop,-10.00000,-8.08776,stop,-10.00000,-6.11230,stop,-10.00000,13.89793,target,true,3.00000,17.00000,-5.97932,18.00000,target,true,3.00000,,-5.97932,18.00000,target,true,3.00000,17.00000,-5.97932,18.00000,target,true,3.00000,,-5.97932,18.00000,target,true,3.00000,17.00000,-5.97932,18.00000,target,true,3.00000,,-5.97932,18.00000
original_92,AMD,2025-08-05,2025-08-06,next_open,2025-08-07,1.00000,166.83500,2.27746,0.00000,,false,target,5.00000,1.00000,target,5.00000,1.00000,target,5.00000,1.00000,target,5.00000,1.00000,target,5.00000,-1.87311,target,5.00000,-9.40750,target,5.00000,-5.66128,target,5.00000,22.10268,target,true,1.00000,,-3.98480,18.00000,target,true,1.00000,,-3.98480,18.00000,target,true,1.00000,21.00000,-8.52133,22.00000,target,true,1.00000,,-8.52133,22.00000,target,true,1.00000,21.00000,-8.52133,22.00000,target,true,1.00000,,-8.52133,22.00000
original_92,AMD,2025-08-05,2025-08-06,day3,2025-08-11,3.00000,170.04000,4.24228,2.00000,,true,target,5.00000,1.00000,target,5.00000,1.00000,target,5.00000,1.00000,target,5.00000,1.00000,target,5.00000,-3.92849,target,5.00000,-6.17502,target,5.00000,-5.15761,target,5.00000,26.38203,target,true,1.00000,,-3.98480,18.00000,target,true,1.00000,,-3.98480,18.00000,target,true,1.00000,21.00000,-8.52133,22.00000,target,true,1.00000,,-8.52133,22.00000,target,true,1.00000,21.00000,-8.52133,22.00000,target,true,1.00000,,-8.52133,22.00000
original_92,AMD,2025-08-05,2025-08-06,sma5_reversal,2025-08-27,15.00000,166.04000,1.79009,14.00000,,true,stop,-5.00000,4.00000,stop,-10.00000,8.00000,stop,-5.00000,4.00000,stop,-10.00000,8.00000,stop,-10.00000,-3.91472,stop,-10.00000,-3.96290,stop,-10.00000,29.42664,stop,-10.00000,52.32474,target,true,1.00000,,-3.98480,18.00000,target,true,1.00000,,-3.98480,18.00000,target,true,1.00000,21.00000,-8.52133,22.00000,target,true,1.00000,,-8.52133,22.00000,target,true,1.00000,21.00000,-8.52133,22.00000,target,true,1.00000,,-8.52133,22.00000
original_92,AMD,2025-08-05,2025-08-06,three_rising_lows_break,,,,,,no_signal,,,,,,,,,,,,,,,,,,,,,,,,,,target,true,1.00000,,-3.98480,18.00000,target,true,1.00000,,-3.98480,18.00000,target,true,1.00000,21.00000,-8.52133,22.00000,target,true,1.00000,,-8.52133,22.00000,target,true,1.00000,21.00000,-8.52133,22.00000,target,true,1.00000,,-8.52133,22.00000
original_92,AMD,2025-02-04,2025-02-05,next_open,2025-02-06,1.00000,110.93000,-0.96420,0.00000,,false,target,5.00000,10.00000,target,5.00000,10.00000,target,5.00000,10.00000,target,5.00000,10.00000,target,5.00000,2.92076,target,5.00000,-9.57360,target,5.00000,-4.04760,target,5.00000,-24.60110,stop,false,,13.00000,-14.39157,18.00000,stop,false,,15.00000,-14.39157,18.00000,stop,false,,13.00000,-16.40032,40.00000,stop,false,,15.00000,-16.40032,40.00000,stop,false,,13.00000,-31.72038,43.00000,stop,false,,15.00000,-31.72038,43.00000
original_92,AMD,2025-02-04,2025-02-05,day3,2025-02-10,3.00000,108.44000,-3.18722,2.00000,,false,target,5.00000,4.00000,target,5.00000,4.00000,target,5.00000,4.00000,target,5.00000,4.00000,target,5.00000,-0.30432,target,5.00000,-7.05459,target,5.00000,-1.65068,target,5.00000,-13.86942,stop,false,,13.00000,-14.39157,18.00000,stop,false,,15.00000,-14.39157,18.00000,stop,false,,13.00000,-16.40032,40.00000,stop,false,,15.00000,-16.40032,40.00000,stop,false,,13.00000,-31.72038,43.00000,stop,false,,15.00000,-31.72038,43.00000
original_92,AMD,2025-02-04,2025-02-05,sma5_reversal,,,,,,no_signal,,,,,,,,,,,,,,,,,,,,,,,,,,stop,false,,13.00000,-14.39157,18.00000,stop,false,,15.00000,-14.39157,18.00000,stop,false,,13.00000,-16.40032,40.00000,stop,false,,15.00000,-16.40032,40.00000,stop,false,,13.00000,-31.72038,43.00000,stop,false,,15.00000,-31.72038,43.00000
original_92,AMD,2025-02-04,2025-02-05,three_rising_lows_break,,,,,,no_signal,,,,,,,,,,,,,,,,,,,,,,,,,,stop,false,,13.00000,-14.39157,18.00000,stop,false,,15.00000,-14.39157,18.00000,stop,false,,13.00000,-16.40032,40.00000,stop,false,,15.00000,-16.40032,40.00000,stop,false,,13.00000,-31.72038,43.00000,stop,false,,15.00000,-31.72038,43.00000
original_92,AMD,2024-10-29,2024-10-30,next_open,2024-10-31,1.00000,147.80000,-0.53836,0.00000,,false,stop,-5.00000,3.00000,stop,-10.00000,20.00000,stop,-5.00000,3.00000,stop,-10.00000,20.00000,timeout,-6.06225,-6.06225,stop,-10.00000,-7.18877,stop,-10.00000,-14.13396,stop,-10.00000,-17.15832,stop,false,,3.00000,-10.52490,20.00000,stop,false,,12.00000,-10.52490,20.00000,stop,false,,3.00000,-20.65949,36.00000,stop,false,,12.00000,-20.65949,36.00000,stop,false,,3.00000,-24.09152,58.00000,stop,false,,12.00000,-24.09152,58.00000
original_92,AMD,2024-10-29,2024-10-30,day3,2024-11-04,3.00000,141.70000,-4.64334,2.00000,,false,target,5.00000,4.00000,target,5.00000,4.00000,target,5.00000,4.00000,target,5.00000,4.00000,target,5.00000,-1.95483,target,5.00000,1.61609,target,5.00000,-16.10445,target,5.00000,-11.52435,stop,false,,3.00000,-10.52490,20.00000,stop,false,,12.00000,-10.52490,20.00000,stop,false,,3.00000,-20.65949,36.00000,stop,false,,12.00000,-20.65949,36.00000,stop,false,,3.00000,-24.09152,58.00000,stop,false,,12.00000,-24.09152,58.00000
original_92,AMD,2024-10-29,2024-10-30,sma5_reversal,2024-11-07,6.00000,146.68000,-1.29206,5.00000,,false,stop,-5.00000,5.00000,timeout,-3.62694,,stop,-5.00000,5.00000,stop,-10.00000,22.00000,timeout,-6.26534,-6.26534,timeout,-5.51541,-5.51541,stop,-10.00000,-18.72784,stop,-10.00000,-11.67848,stop,false,,3.00000,-10.52490,20.00000,stop,false,,12.00000,-10.52490,20.00000,stop,false,,3.00000,-20.65949,36.00000,stop,false,,12.00000,-20.65949,36.00000,stop,false,,3.00000,-24.09152,58.00000,stop,false,,12.00000,-24.09152,58.00000
original_92,AMD,2024-10-29,2024-10-30,three_rising_lows_break,2024-11-07,6.00000,146.68000,-1.29206,5.00000,,false,stop,-5.00000,5.00000,timeout,-3.62694,,stop,-5.00000,5.00000,stop,-10.00000,22.00000,timeout,-6.26534,-6.26534,timeout,-5.51541,-5.51541,stop,-10.00000,-18.72784,stop,-10.00000,-11.67848,stop,false,,3.00000,-10.52490,20.00000,stop,false,,12.00000,-10.52490,20.00000,stop,false,,3.00000,-20.65949,36.00000,stop,false,,12.00000,-20.65949,36.00000,stop,false,,3.00000,-24.09152,58.00000,stop,false,,12.00000,-24.09152,58.00000
original_92,AMD,2024-04-30,2024-05-01,next_open,2024-05-02,1.00000,145.51000,0.85950,0.00000,,false,target,5.21614,3.00000,target,5.21614,3.00000,target,5.21614,3.00000,target,5.21614,3.00000,target,5.21614,11.75864,target,5.21614,14.70002,target,5.21614,9.70380,target,5.21614,8.37056,target,true,3.00000,,-2.15915,1.00000,target,true,3.00000,,-2.15915,1.00000,target,true,3.00000,,-2.15915,1.00000,target,true,3.00000,,-2.15915,1.00000,target,true,3.00000,58.00000,-5.17086,58.00000,target,true,3.00000,,-5.17086,58.00000
original_92,AMD,2024-04-30,2024-05-01,day3,2024-05-06,3.00000,153.10000,6.12047,2.00000,,false,target,5.10777,9.00000,target,5.10777,9.00000,target,5.10777,9.00000,target,5.10777,9.00000,target,5.10777,8.64141,target,5.10777,8.53690,target,5.10777,5.66950,target,5.10777,12.27956,target,true,3.00000,,-2.15915,1.00000,target,true,3.00000,,-2.15915,1.00000,target,true,3.00000,,-2.15915,1.00000,target,true,3.00000,,-2.15915,1.00000,target,true,3.00000,58.00000,-5.17086,58.00000,target,true,3.00000,,-5.17086,58.00000
original_92,AMD,2024-04-30,2024-05-01,sma5_reversal,,,,,,no_signal,,,,,,,,,,,,,,,,,,,,,,,,,,target,true,3.00000,,-2.15915,1.00000,target,true,3.00000,,-2.15915,1.00000,target,true,3.00000,,-2.15915,1.00000,target,true,3.00000,,-2.15915,1.00000,target,true,3.00000,58.00000,-5.17086,58.00000,target,true,3.00000,,-5.17086,58.00000
original_92,AMD,2024-04-30,2024-05-01,three_rising_lows_break,,,,,3.00000,chase_skip,,,,,,,,,,,,,,,,,,,,,,,,,,target,true,3.00000,,-2.15915,1.00000,target,true,3.00000,,-2.15915,1.00000,target,true,3.00000,,-2.15915,1.00000,target,true,3.00000,,-2.15915,1.00000,target,true,3.00000,58.00000,-5.17086,58.00000,target,true,3.00000,,-5.17086,58.00000
original_92,AMD,2023-05-02,2023-05-03,next_open,2023-05-04,1.00000,81.57000,-0.06126,0.00000,,false,target,5.00000,1.00000,target,5.00000,1.00000,target,5.00000,1.00000,target,5.00000,1.00000,target,5.00000,32.31580,target,5.00000,44.48940,target,5.00000,47.21098,target,5.00000,41.98848,target,true,1.00000,,-0.62485,1.00000,target,true,1.00000,,-0.62485,1.00000,target,true,1.00000,,-0.62485,1.00000,target,true,1.00000,,-0.62485,1.00000,target,true,1.00000,,-0.62485,1.00000,target,true,1.00000,,-0.62485,1.00000
original_92,AMD,2023-05-02,2023-05-03,day3,2023-05-08,3.00000,89.99000,10.25484,2.00000,,true,target,5.00000,1.00000,target,5.00000,1.00000,target,5.00000,1.00000,target,5.00000,1.00000,target,5.00000,20.01333,target,5.00000,30.93677,target,5.00000,23.01367,target,5.00000,25.75842,target,true,1.00000,,-0.62485,1.00000,target,true,1.00000,,-0.62485,1.00000,target,true,1.00000,,-0.62485,1.00000,target,true,1.00000,,-0.62485,1.00000,target,true,1.00000,,-0.62485,1.00000,target,true,1.00000,,-0.62485,1.00000
original_92,AMD,2023-05-02,2023-05-03,sma5_reversal,,,,,,no_signal,,,,,,,,,,,,,,,,,,,,,,,,,,target,true,1.00000,,-0.62485,1.00000,target,true,1.00000,,-0.62485,1.00000,target,true,1.00000,,-0.62485,1.00000,target,true,1.00000,,-0.62485,1.00000,target,true,1.00000,,-0.62485,1.00000,target,true,1.00000,,-0.62485,1.00000
original_92,AMD,2023-05-02,2023-05-03,three_rising_lows_break,,,,,3.00000,chase_skip,,,,,,,,,,,,,,,,,,,,,,,,,,target,true,1.00000,,-0.62485,1.00000,target,true,1.00000,,-0.62485,1.00000,target,true,1.00000,,-0.62485,1.00000,target,true,1.00000,,-0.62485,1.00000,target,true,1.00000,,-0.62485,1.00000,target,true,1.00000,,-0.62485,1.00000
original_92,ANET,2026-05-05,2026-05-06,next_open,2026-05-07,1.00000,149.22000,1.46879,0.00000,,false,stop,-5.00000,1.00000,target,5.55220,13.00000,stop,-5.00000,1.00000,target,5.55220,13.00000,timeout,-0.42220,-0.42220,target,5.55220,3.38426,target,5.55220,13.70460,target,5.55220,16.12384,stop,true,13.00000,1.00000,-8.11234,3.00000,target,true,13.00000,,-8.11234,3.00000,stop,true,13.00000,1.00000,-8.11234,3.00000,target,true,13.00000,,-8.11234,3.00000,stop,true,13.00000,1.00000,-8.11234,3.00000,target,true,13.00000,,-8.11234,3.00000
original_92,ANET,2026-05-05,2026-05-06,day3,2026-05-11,3.00000,141.40000,-3.84877,2.00000,,false,target,5.00000,9.00000,target,5.00000,9.00000,target,5.00000,9.00000,target,5.00000,9.00000,target,5.00000,8.93211,target,5.00000,7.32673,target,5.00000,17.00849,target,5.00000,32.22065,stop,true,13.00000,1.00000,-8.11234,3.00000,target,true,13.00000,,-8.11234,3.00000,stop,true,13.00000,1.00000,-8.11234,3.00000,target,true,13.00000,,-8.11234,3.00000,stop,true,13.00000,1.00000,-8.11234,3.00000,target,true,13.00000,,-8.11234,3.00000
original_92,ANET,2026-05-05,2026-05-06,sma5_reversal,2026-05-22,12.00000,152.26000,3.53597,11.00000,,false,target,5.00000,2.00000,target,5.00000,2.00000,target,5.00000,2.00000,target,5.00000,2.00000,target,5.00000,1.32011,target,5.00000,11.43439,target,5.00000,13.80533,target,5.00000,14.65914,stop,true,13.00000,1.00000,-8.11234,3.00000,target,true,13.00000,,-8.11234,3.00000,stop,true,13.00000,1.00000,-8.11234,3.00000,target,true,13.00000,,-8.11234,3.00000,stop,true,13.00000,1.00000,-8.11234,3.00000,target,true,13.00000,,-8.11234,3.00000
original_92,ANET,2026-05-05,2026-05-06,three_rising_lows_break,2026-05-15,7.00000,144.99000,-1.40759,6.00000,,false,stop,-5.00000,3.00000,target,5.01414,6.00000,stop,-5.00000,3.00000,target,5.01414,6.00000,target,5.01414,9.98690,target,5.01414,12.58707,target,5.01414,13.18022,target,5.01414,25.91903,stop,true,13.00000,1.00000,-8.11234,3.00000,target,true,13.00000,,-8.11234,3.00000,stop,true,13.00000,1.00000,-8.11234,3.00000,target,true,13.00000,,-8.11234,3.00000,stop,true,13.00000,1.00000,-8.11234,3.00000,target,true,13.00000,,-8.11234,3.00000
original_92,ANET,2025-11-04,2025-11-05,next_open,2025-11-06,1.00000,140.65000,0.16379,0.00000,,false,stop,-5.00000,1.00000,stop,-10.00000,7.00000,stop,-5.00000,1.00000,stop,-10.00000,7.00000,stop,-10.00000,-14.97334,stop,-10.00000,-8.57448,stop,-10.00000,-6.77568,stop,-10.00000,-2.46001,stop,false,,1.00000,-18.44467,12.00000,stop,false,,7.00000,-18.44467,12.00000,stop,false,,1.00000,-18.44467,12.00000,stop,false,,7.00000,-18.44467,12.00000,stop,true,55.00000,1.00000,-18.44467,12.00000,stop,true,55.00000,7.00000,-18.44467,12.00000
original_92,ANET,2025-11-04,2025-11-05,day3,2025-11-10,3.00000,137.50000,-2.07948,2.00000,,false,stop,-5.00000,4.00000,stop,-10.00000,7.00000,stop,-5.00000,4.00000,stop,-10.00000,7.00000,stop,-10.00000,-11.14909,stop,-10.00000,-3.73818,stop,-10.00000,-4.89455,stop,-10.00000,-10.62545,stop,false,,1.00000,-18.44467,12.00000,stop,false,,7.00000,-18.44467,12.00000,stop,false,,1.00000,-18.44467,12.00000,stop,false,,7.00000,-18.44467,12.00000,stop,true,55.00000,1.00000,-18.44467,12.00000,stop,true,55.00000,7.00000,-18.44467,12.00000
original_92,ANET,2025-11-04,2025-11-05,sma5_reversal,2025-11-25,14.00000,122.40000,-12.83293,13.00000,,false,target,6.20915,3.00000,target,6.20915,3.00000,target,6.20915,3.00000,target,6.20915,3.00000,target,6.20915,6.24183,target,6.20915,6.83824,target,6.20915,0.40033,target,6.20915,11.38889,stop,false,,1.00000,-18.44467,12.00000,stop,false,,7.00000,-18.44467,12.00000,stop,false,,1.00000,-18.44467,12.00000,stop,false,,7.00000,-18.44467,12.00000,stop,true,55.00000,1.00000,-18.44467,12.00000,stop,true,55.00000,7.00000,-18.44467,12.00000
original_92,ANET,2025-11-04,2025-11-05,three_rising_lows_break,2025-11-26,15.00000,127.47500,-9.21877,14.00000,,false,target,5.00000,10.00000,target,5.00000,10.00000,target,5.00000,10.00000,target,5.00000,10.00000,target,5.00000,3.83212,target,5.00000,3.42420,target,5.00000,-3.59678,target,5.00000,6.95430,stop,false,,1.00000,-18.44467,12.00000,stop,false,,7.00000,-18.44467,12.00000,stop,false,,1.00000,-18.44467,12.00000,stop,false,,7.00000,-18.44467,12.00000,stop,true,55.00000,1.00000,-18.44467,12.00000,stop,true,55.00000,7.00000,-18.44467,12.00000
original_92,ANET,2025-02-18,2025-02-19,next_open,2025-02-20,1.00000,104.70000,0.75058,0.00000,,false,stop,-5.00000,2.00000,stop,-10.17192,3.00000,stop,-5.00000,2.00000,stop,-10.17192,3.00000,stop,-10.17192,-19.44604,stop,-10.17192,-20.60172,stop,-10.17192,-38.51958,stop,-10.17192,-35.36772,stop,false,,2.00000,-26.86682,13.00000,stop,false,,3.00000,-26.86682,13.00000,stop,false,,2.00000,-42.81178,33.00000,stop,false,,3.00000,-42.81178,33.00000,stop,false,,2.00000,-42.81178,33.00000,stop,false,,3.00000,-42.81178,33.00000
original_92,ANET,2025-02-18,2025-02-19,day3,2025-02-24,3.00000,94.05000,-9.49769,2.00000,,false,stop,-5.00000,6.00000,stop,-12.04678,7.00000,stop,-5.00000,6.00000,stop,-12.04678,7.00000,stop,-12.04678,-17.53323,stop,-12.04678,-13.17384,stop,-12.04678,-22.75385,stop,-12.04678,-17.16108,stop,false,,2.00000,-26.86682,13.00000,stop,false,,3.00000,-26.86682,13.00000,stop,false,,2.00000,-42.81178,33.00000,stop,false,,3.00000,-42.81178,33.00000,stop,false,,2.00000,-42.81178,33.00000,stop,false,,3.00000,-42.81178,33.00000
original_92,ANET,2025-02-18,2025-02-19,sma5_reversal,,,,,,no_signal,,,,,,,,,,,,,,,,,,,,,,,,,,stop,false,,2.00000,-26.86682,13.00000,stop,false,,3.00000,-26.86682,13.00000,stop,false,,2.00000,-42.81178,33.00000,stop,false,,3.00000,-42.81178,33.00000,stop,false,,2.00000,-42.81178,33.00000,stop,false,,3.00000,-42.81178,33.00000
original_92,ANET,2025-02-18,2025-02-19,three_rising_lows_break,2025-03-18,19.00000,83.51000,-19.64011,18.00000,,false,target,5.00000,6.00000,target,5.00000,6.00000,target,5.00000,6.00000,target,5.00000,6.00000,target,5.00000,-6.01126,target,5.00000,-14.74075,target,5.00000,8.99293,target,5.00000,15.45923,stop,false,,2.00000,-26.86682,13.00000,stop,false,,3.00000,-26.86682,13.00000,stop,false,,2.00000,-42.81178,33.00000,stop,false,,3.00000,-42.81178,33.00000,stop,false,,2.00000,-42.81178,33.00000,stop,false,,3.00000,-42.81178,33.00000
original_92,ANET,2024-11-07,2024-11-08,next_open,2024-11-11,1.00000,101.33000,1.21613,0.00000,,false,stop,-5.00000,4.00000,target,5.00000,17.00000,stop,-5.00000,4.00000,target,5.00000,17.00000,timeout,-1.38162,-1.38162,target,5.00000,5.82256,target,5.00000,13.35241,target,5.00000,12.83924,stop,true,17.00000,5.00000,-8.00350,7.00000,target,true,17.00000,,-8.00350,7.00000,stop,true,17.00000,5.00000,-8.00350,7.00000,target,true,17.00000,,-8.00350,7.00000,stop,true,17.00000,5.00000,-8.00350,7.00000,target,true,17.00000,,-8.00350,7.00000
original_92,ANET,2024-11-07,2024-11-08,day3,2024-11-13,3.00000,99.31000,-0.80160,2.00000,,false,stop,-5.00000,3.00000,target,6.74655,15.00000,stop,-5.00000,3.00000,target,6.74655,15.00000,timeout,1.27127,1.27127,target,6.74655,13.15074,target,6.74655,13.81533,target,6.74655,15.13443,stop,true,17.00000,5.00000,-8.00350,7.00000,target,true,17.00000,,-8.00350,7.00000,stop,true,17.00000,5.00000,-8.00350,7.00000,target,true,17.00000,,-8.00350,7.00000,stop,true,17.00000,5.00000,-8.00350,7.00000,target,true,17.00000,,-8.00350,7.00000
original_92,ANET,2024-11-07,2024-11-08,sma5_reversal,2024-11-21,9.00000,98.00000,-2.11013,8.00000,,false,target,5.00000,3.00000,target,5.00000,3.00000,target,5.00000,3.00000,target,5.00000,3.00000,target,5.00000,9.01020,target,5.00000,15.11224,target,5.00000,17.55102,target,5.00000,22.39796,stop,true,17.00000,5.00000,-8.00350,7.00000,target,true,17.00000,,-8.00350,7.00000,stop,true,17.00000,5.00000,-8.00350,7.00000,target,true,17.00000,,-8.00350,7.00000,stop,true,17.00000,5.00000,-8.00350,7.00000,target,true,17.00000,,-8.00350,7.00000
original_92,ANET,2024-11-07,2024-11-08,three_rising_lows_break,2024-11-22,10.00000,101.25000,1.13622,9.00000,,false,target,5.00000,8.00000,target,5.00000,8.00000,target,5.00000,8.00000,target,5.00000,8.00000,target,5.00000,6.91358,target,5.00000,11.41728,target,5.00000,17.51111,target,5.00000,20.00000,stop,true,17.00000,5.00000,-8.00350,7.00000,target,true,17.00000,,-8.00350,7.00000,stop,true,17.00000,5.00000,-8.00350,7.00000,target,true,17.00000,,-8.00350,7.00000,stop,true,17.00000,5.00000,-8.00350,7.00000,target,true,17.00000,,-8.00350,7.00000
original_92,ANET,2024-02-12,2024-02-13,next_open,2024-02-14,1.00000,67.50000,1.69109,0.00000,,false,stop,-5.00000,4.00000,target,5.00000,12.00000,stop,-5.00000,4.00000,target,5.00000,12.00000,timeout,1.17407,1.17407,target,5.00000,2.86296,target,5.00000,7.40000,target,5.00000,0.45185,target,true,12.00000,,-4.68156,5.00000,target,true,12.00000,,-4.68156,5.00000,target,true,12.00000,,-4.68156,5.00000,target,true,12.00000,,-4.68156,5.00000,target,true,12.00000,46.00000,-9.48740,47.00000,target,true,12.00000,,-9.48740,47.00000
original_92,ANET,2024-02-12,2024-02-13,day3,2024-02-16,3.00000,66.33250,-0.06779,2.00000,,false,target,6.13199,10.00000,target,6.13199,10.00000,target,6.13199,10.00000,target,6.13199,10.00000,target,6.13199,8.44609,target,6.13199,4.67343,target,6.13199,12.97252,target,6.13199,-0.96861,target,true,12.00000,,-4.68156,5.00000,target,true,12.00000,,-4.68156,5.00000,target,true,12.00000,,-4.68156,5.00000,target,true,12.00000,,-4.68156,5.00000,target,true,12.00000,46.00000,-9.48740,47.00000,target,true,12.00000,,-9.48740,47.00000
original_92,ANET,2024-02-12,2024-02-13,sma5_reversal,2024-02-23,7.00000,67.38250,1.51407,6.00000,,false,target,5.00000,6.00000,target,5.00000,6.00000,target,5.00000,6.00000,target,5.00000,6.00000,target,5.00000,1.32824,target,5.00000,13.68679,target,5.00000,10.33280,target,5.00000,-6.80815,target,true,12.00000,,-4.68156,5.00000,target,true,12.00000,,-4.68156,5.00000,target,true,12.00000,,-4.68156,5.00000,target,true,12.00000,,-4.68156,5.00000,target,true,12.00000,46.00000,-9.48740,47.00000,target,true,12.00000,,-9.48740,47.00000
original_92,ANET,2024-02-12,2024-02-13,three_rising_lows_break,,,,,12.00000,chase_skip,,,,,,,,,,,,,,,,,,,,,,,,,,target,true,12.00000,,-4.68156,5.00000,target,true,12.00000,,-4.68156,5.00000,target,true,12.00000,,-4.68156,5.00000,target,true,12.00000,,-4.68156,5.00000,target,true,12.00000,46.00000,-9.48740,47.00000,target,true,12.00000,,-9.48740,47.00000
original_92,ANET,2023-05-01,2023-05-02,next_open,2023-05-03,1.00000,33.77500,0.08890,0.00000,,false,target,5.00000,6.00000,target,5.00000,6.00000,target,5.00000,6.00000,target,5.00000,6.00000,target,5.00000,0.54034,target,5.00000,20.28127,target,5.00000,16.79497,target,5.00000,19.95559,target,true,6.00000,,-2.44481,2.00000,target,true,6.00000,,-2.44481,2.00000,target,true,6.00000,,-2.44481,2.00000,target,true,6.00000,,-2.44481,2.00000,target,true,6.00000,,-2.44481,2.00000,target,true,6.00000,,-2.44481,2.00000
original_92,ANET,2023-05-01,2023-05-02,day3,2023-05-05,3.00000,33.84750,0.30375,2.00000,,false,target,5.48046,11.00000,target,5.48046,11.00000,target,5.48046,11.00000,target,5.48046,11.00000,target,5.48046,6.29293,target,5.48046,20.02364,target,5.48046,16.54480,target,5.48046,18.10326,target,true,6.00000,,-2.44481,2.00000,target,true,6.00000,,-2.44481,2.00000,target,true,6.00000,,-2.44481,2.00000,target,true,6.00000,,-2.44481,2.00000,target,true,6.00000,,-2.44481,2.00000,target,true,6.00000,,-2.44481,2.00000
original_92,ANET,2023-05-01,2023-05-02,sma5_reversal,2023-05-19,13.00000,35.70250,5.80086,12.00000,,true,target,7.28941,5.00000,target,7.28941,5.00000,target,7.28941,5.00000,target,7.28941,5.00000,target,7.28941,13.78755,target,7.28941,10.48946,target,7.28941,11.96695,target,7.28941,21.49709,target,true,6.00000,,-2.44481,2.00000,target,true,6.00000,,-2.44481,2.00000,target,true,6.00000,,-2.44481,2.00000,target,true,6.00000,,-2.44481,2.00000,target,true,6.00000,,-2.44481,2.00000,target,true,6.00000,,-2.44481,2.00000
original_92,ANET,2023-05-01,2023-05-02,three_rising_lows_break,,,,,18.00000,chase_skip,,,,,,,,,,,,,,,,,,,,,,,,,,target,true,6.00000,,-2.44481,2.00000,target,true,6.00000,,-2.44481,2.00000,target,true,6.00000,,-2.44481,2.00000,target,true,6.00000,,-2.44481,2.00000,target,true,6.00000,,-2.44481,2.00000,target,true,6.00000,,-2.44481,2.00000
original_92,COIN,2025-02-13,2025-02-14,next_open,2025-02-18,1.00000,278.80000,1.63683,0.00000,,false,stop,-5.00000,1.00000,stop,-10.00000,3.00000,stop,-5.00000,1.00000,stop,-10.00000,3.00000,stop,-10.00000,-23.76255,stop,-10.00000,-31.71449,stop,-10.00000,-42.41392,stop,-10.00000,-37.22023,stop,false,,1.00000,-35.52915,15.00000,stop,false,,4.00000,-35.52915,15.00000,stop,false,,1.00000,-48.02231,35.00000,stop,false,,4.00000,-48.02231,35.00000,stop,false,,1.00000,-48.02231,35.00000,stop,false,,4.00000,-48.02231,35.00000
original_92,COIN,2025-02-13,2025-02-14,day3,2025-02-20,3.00000,260.66000,-4.97612,2.00000,,false,stop,-5.00000,2.00000,stop,-10.00000,3.00000,stop,-5.00000,2.00000,stop,-10.00000,3.00000,stop,-10.00000,-17.83549,stop,-10.00000,-27.16182,stop,-10.00000,-38.40635,stop,-10.00000,-32.86273,stop,false,,1.00000,-35.52915,15.00000,stop,false,,4.00000,-35.52915,15.00000,stop,false,,1.00000,-48.02231,35.00000,stop,false,,4.00000,-48.02231,35.00000,stop,false,,1.00000,-48.02231,35.00000,stop,false,,4.00000,-48.02231,35.00000
original_92,COIN,2025-02-13,2025-02-14,sma5_reversal,2025-03-18,21.00000,185.00000,-32.55805,20.00000,,false,target,6.75676,5.00000,target,6.75676,5.00000,target,6.75676,5.00000,target,6.75676,5.00000,target,6.75676,-5.66486,target,6.75676,-5.38919,target,6.75676,10.77297,target,6.75676,44.03243,stop,false,,1.00000,-35.52915,15.00000,stop,false,,4.00000,-35.52915,15.00000,stop,false,,1.00000,-48.02231,35.00000,stop,false,,4.00000,-48.02231,35.00000,stop,false,,1.00000,-48.02231,35.00000,stop,false,,4.00000,-48.02231,35.00000
original_92,COIN,2025-02-13,2025-02-14,three_rising_lows_break,2025-03-18,21.00000,185.00000,-32.55805,20.00000,,false,target,6.75676,5.00000,target,6.75676,5.00000,target,6.75676,5.00000,target,6.75676,5.00000,target,6.75676,-5.66486,target,6.75676,-5.38919,target,6.75676,10.77297,target,6.75676,44.03243,stop,false,,1.00000,-35.52915,15.00000,stop,false,,4.00000,-35.52915,15.00000,stop,false,,1.00000,-48.02231,35.00000,stop,false,,4.00000,-48.02231,35.00000,stop,false,,1.00000,-48.02231,35.00000,stop,false,,4.00000,-48.02231,35.00000
original_92,COIN,2024-10-30,2024-10-31,next_open,2024-11-01,1.00000,180.00000,0.41841,0.00000,,false,target,5.00000,1.00000,target,5.00000,1.00000,target,5.00000,1.00000,target,5.00000,1.00000,target,5.00000,69.91667,target,5.00000,64.55556,target,5.00000,75.17222,target,5.00000,37.94444,target,true,1.00000,,-1.60112,2.00000,target,true,1.00000,,-1.60112,2.00000,target,true,1.00000,,-1.60112,2.00000,target,true,1.00000,,-1.60112,2.00000,target,true,1.00000,,-1.60112,2.00000,target,true,1.00000,,-1.60112,2.00000
original_92,COIN,2024-10-30,2024-10-31,day3,2024-11-05,3.00000,185.59000,3.53696,2.00000,,true,target,5.00000,1.00000,target,5.00000,1.00000,target,5.00000,1.00000,target,5.00000,1.00000,target,5.00000,74.88550,target,5.00000,72.73021,target,5.00000,50.17512,target,5.00000,45.83221,target,true,1.00000,,-1.60112,2.00000,target,true,1.00000,,-1.60112,2.00000,target,true,1.00000,,-1.60112,2.00000,target,true,1.00000,,-1.60112,2.00000,target,true,1.00000,,-1.60112,2.00000,target,true,1.00000,,-1.60112,2.00000
original_92,COIN,2024-10-30,2024-10-31,sma5_reversal,,,,,11.00000,chase_skip,,,,,,,,,,,,,,,,,,,,,,,,,,target,true,1.00000,,-1.60112,2.00000,target,true,1.00000,,-1.60112,2.00000,target,true,1.00000,,-1.60112,2.00000,target,true,1.00000,,-1.60112,2.00000,target,true,1.00000,,-1.60112,2.00000,target,true,1.00000,,-1.60112,2.00000
original_92,COIN,2024-10-30,2024-10-31,three_rising_lows_break,,,,,4.00000,chase_skip,,,,,,,,,,,,,,,,,,,,,,,,,,target,true,1.00000,,-1.60112,2.00000,target,true,1.00000,,-1.60112,2.00000,target,true,1.00000,,-1.60112,2.00000,target,true,1.00000,,-1.60112,2.00000,target,true,1.00000,,-1.60112,2.00000,target,true,1.00000,,-1.60112,2.00000
original_92,COIN,2024-08-01,2024-08-05,next_open,2024-08-06,1.00000,191.99000,1.33003,0.00000,,false,stop,-5.00000,2.00000,target,5.00000,7.00000,stop,-5.00000,2.00000,target,5.00000,7.00000,target,5.00000,2.73973,target,5.00000,-16.81858,target,5.00000,-11.40684,target,5.00000,-10.97974,stop,true,2.00000,2.00000,-11.29466,20.00000,target,true,2.00000,20.00000,-11.29466,20.00000,stop,true,2.00000,2.00000,-22.87961,23.00000,target,true,2.00000,20.00000,-22.87961,23.00000,stop,true,2.00000,2.00000,-22.87961,23.00000,target,true,2.00000,20.00000,-22.87961,23.00000
original_92,COIN,2024-08-01,2024-08-05,day3,2024-08-08,3.00000,185.67000,-2.00559,2.00000,,true,target,5.00000,1.00000,target,5.00000,1.00000,target,5.00000,1.00000,target,5.00000,1.00000,target,5.00000,6.87241,target,5.00000,-20.63877,target,5.00000,-8.39123,target,5.00000,-9.02138,stop,true,2.00000,2.00000,-11.29466,20.00000,target,true,2.00000,20.00000,-11.29466,20.00000,stop,true,2.00000,2.00000,-22.87961,23.00000,target,true,2.00000,20.00000,-22.87961,23.00000,stop,true,2.00000,2.00000,-22.87961,23.00000,target,true,2.00000,20.00000,-22.87961,23.00000
original_92,COIN,2024-08-01,2024-08-05,sma5_reversal,,,,,14.00000,chase_skip,,,,,,,,,,,,,,,,,,,,,,,,,,stop,true,2.00000,2.00000,-11.29466,20.00000,target,true,2.00000,20.00000,-11.29466,20.00000,stop,true,2.00000,2.00000,-22.87961,23.00000,target,true,2.00000,20.00000,-22.87961,23.00000,stop,true,2.00000,2.00000,-22.87961,23.00000,target,true,2.00000,20.00000,-22.87961,23.00000
original_92,COIN,2024-08-01,2024-08-05,three_rising_lows_break,2024-08-19,10.00000,203.33500,7.31778,9.00000,,true,stop,-5.00000,2.00000,stop,-10.00000,10.00000,stop,-5.00000,2.00000,stop,-10.00000,10.00000,stop,-10.00000,-9.82369,stop,-10.00000,-20.01377,stop,-10.00000,-19.78754,stop,-10.00000,8.29911,stop,true,2.00000,2.00000,-11.29466,20.00000,target,true,2.00000,20.00000,-11.29466,20.00000,stop,true,2.00000,2.00000,-22.87961,23.00000,target,true,2.00000,20.00000,-22.87961,23.00000,stop,true,2.00000,2.00000,-22.87961,23.00000,target,true,2.00000,20.00000,-22.87961,23.00000
original_92,CRM,2024-05-29,2024-05-30,next_open,2024-05-31,1.00000,215.28636,0.50456,0.00000,,false,target,5.00000,1.00000,target,5.00000,1.00000,target,5.00000,1.00000,target,5.00000,1.00000,target,5.00000,5.85551,target,5.00000,17.33832,target,5.00000,15.58286,target,5.00000,17.90037,target,true,1.00000,,-0.89445,1.00000,target,true,1.00000,,-0.89445,1.00000,target,true,1.00000,,-0.89445,1.00000,target,true,1.00000,,-0.89445,1.00000,target,true,1.00000,,-0.89445,1.00000,target,true,1.00000,,-0.89445,1.00000
original_92,CRM,2024-05-29,2024-05-30,day3,2024-06-04,3.00000,231.60651,8.12348,2.00000,,true,target,5.00000,17.00000,target,5.00000,17.00000,target,5.00000,17.00000,target,5.00000,17.00000,timeout,-1.65875,-1.65875,target,5.00000,10.70338,target,5.00000,5.21613,target,5.00000,3.66102,target,true,1.00000,,-0.89445,1.00000,target,true,1.00000,,-0.89445,1.00000,target,true,1.00000,,-0.89445,1.00000,target,true,1.00000,,-0.89445,1.00000,target,true,1.00000,,-0.89445,1.00000,target,true,1.00000,,-0.89445,1.00000
original_92,CRM,2024-05-29,2024-05-30,sma5_reversal,,,,,14.00000,chase_skip,,,,,,,,,,,,,,,,,,,,,,,,,,target,true,1.00000,,-0.89445,1.00000,target,true,1.00000,,-0.89445,1.00000,target,true,1.00000,,-0.89445,1.00000,target,true,1.00000,,-0.89445,1.00000,target,true,1.00000,,-0.89445,1.00000,target,true,1.00000,,-0.89445,1.00000
original_92,CRM,2024-05-29,2024-05-30,three_rising_lows_break,,,,,14.00000,chase_skip,,,,,,,,,,,,,,,,,,,,,,,,,,target,true,1.00000,,-0.89445,1.00000,target,true,1.00000,,-0.89445,1.00000,target,true,1.00000,,-0.89445,1.00000,target,true,1.00000,,-0.89445,1.00000,target,true,1.00000,,-0.89445,1.00000,target,true,1.00000,,-0.89445,1.00000
original_92,CRWD,2025-03-04,2025-03-05,next_open,2025-03-06,1.00000,89.14500,-2.42447,0.00000,,false,stop,-5.00000,2.00000,stop,-10.00000,2.00000,stop,-5.00000,2.00000,stop,-10.00000,2.00000,stop,-10.00000,3.49150,stop,-10.00000,-9.80145,stop,-10.00000,5.33962,stop,-10.00000,24.36760,stop,true,14.00000,1.00000,-16.87007,3.00000,stop,true,14.00000,2.00000,-16.87007,3.00000,stop,true,14.00000,1.00000,-18.45447,23.00000,stop,true,14.00000,2.00000,-18.45447,23.00000,stop,true,14.00000,1.00000,-18.45447,23.00000,stop,true,14.00000,2.00000,-18.45447,23.00000
original_92,CRWD,2025-03-04,2025-03-05,day3,2025-03-10,3.00000,80.66250,-11.70917,2.00000,,false,stop,-5.00000,1.00000,target,5.00000,2.00000,stop,-5.00000,1.00000,target,5.00000,2.00000,target,5.00000,15.49357,target,5.00000,17.15791,target,5.00000,28.32791,target,5.00000,27.24934,stop,true,14.00000,1.00000,-16.87007,3.00000,stop,true,14.00000,2.00000,-16.87007,3.00000,stop,true,14.00000,1.00000,-18.45447,23.00000,stop,true,14.00000,2.00000,-18.45447,23.00000,stop,true,14.00000,1.00000,-18.45447,23.00000,stop,true,14.00000,2.00000,-18.45447,23.00000
original_92,CRWD,2025-03-04,2025-03-05,sma5_reversal,2025-03-13,6.00000,86.64250,-5.16364,5.00000,,false,target,5.00000,3.00000,target,5.00000,3.00000,target,5.00000,3.00000,target,5.00000,3.00000,target,5.00000,5.76795,target,5.00000,9.04002,target,5.00000,22.59572,target,5.00000,23.91148,stop,true,14.00000,1.00000,-16.87007,3.00000,stop,true,14.00000,2.00000,-16.87007,3.00000,stop,true,14.00000,1.00000,-18.45447,23.00000,stop,true,14.00000,2.00000,-18.45447,23.00000,stop,true,14.00000,1.00000,-18.45447,23.00000,stop,true,14.00000,2.00000,-18.45447,23.00000
original_92,CRWD,2025-03-04,2025-03-05,three_rising_lows_break,2025-03-13,6.00000,86.64250,-5.16364,5.00000,,false,target,5.00000,3.00000,target,5.00000,3.00000,target,5.00000,3.00000,target,5.00000,3.00000,target,5.00000,5.76795,target,5.00000,9.04002,target,5.00000,22.59572,target,5.00000,23.91148,stop,true,14.00000,1.00000,-16.87007,3.00000,stop,true,14.00000,2.00000,-16.87007,3.00000,stop,true,14.00000,1.00000,-18.45447,23.00000,stop,true,14.00000,2.00000,-18.45447,23.00000,stop,true,14.00000,1.00000,-18.45447,23.00000,stop,true,14.00000,2.00000,-18.45447,23.00000
original_92,CRWD,2024-11-26,2024-11-29,next_open,2024-12-02,1.00000,86.22500,-0.30928,0.00000,,false,target,5.00000,3.00000,target,5.00000,3.00000,target,5.00000,3.00000,target,5.00000,3.00000,target,5.00000,12.55436,target,5.00000,-0.79443,target,5.00000,5.35807,target,5.00000,15.41606,target,true,3.00000,,-2.71989,1.00000,target,true,3.00000,,-2.71989,1.00000,target,true,3.00000,,-3.01182,28.00000,target,true,3.00000,,-3.01182,28.00000,target,true,3.00000,,-3.01182,28.00000,target,true,3.00000,,-3.01182,28.00000
original_92,CRWD,2024-11-26,2024-11-29,day3,2024-12-04,3.00000,88.27500,2.06087,2.00000,,false,target,5.00000,3.00000,target,5.00000,3.00000,target,5.00000,3.00000,target,5.00000,3.00000,target,5.00000,-1.11017,target,5.00000,1.67658,target,5.00000,1.10450,target,5.00000,12.73577,target,true,3.00000,,-2.71989,1.00000,target,true,3.00000,,-2.71989,1.00000,target,true,3.00000,,-3.01182,28.00000,target,true,3.00000,,-3.01182,28.00000,target,true,3.00000,,-3.01182,28.00000,target,true,3.00000,,-3.01182,28.00000
original_92,CRWD,2024-11-26,2024-11-29,sma5_reversal,2024-12-12,9.00000,90.11750,4.19111,8.00000,,true,target,5.00000,3.00000,target,5.00000,3.00000,target,5.00000,3.00000,target,5.00000,3.00000,target,5.00000,1.27889,target,5.00000,-3.22634,target,5.00000,4.00866,target,5.00000,18.98910,target,true,3.00000,,-2.71989,1.00000,target,true,3.00000,,-2.71989,1.00000,target,true,3.00000,,-3.01182,28.00000,target,true,3.00000,,-3.01182,28.00000,target,true,3.00000,,-3.01182,28.00000,target,true,3.00000,,-3.01182,28.00000
original_92,CRWD,2024-11-26,2024-11-29,three_rising_lows_break,2024-12-05,4.00000,90.30000,4.40212,3.00000,,true,target,5.00000,8.00000,target,5.00000,8.00000,target,5.00000,8.00000,target,5.00000,8.00000,target,5.00000,-2.81561,target,5.00000,-0.60354,target,5.00000,-1.16279,target,5.00000,10.06921,target,true,3.00000,,-2.71989,1.00000,target,true,3.00000,,-2.71989,1.00000,target,true,3.00000,,-3.01182,28.00000,target,true,3.00000,,-3.01182,28.00000,target,true,3.00000,,-3.01182,28.00000,target,true,3.00000,,-3.01182,28.00000
original_92,CSCO,2026-02-11,2026-02-12,next_open,2026-02-13,1.00000,73.41385,-0.83333,0.00000,,false,target,5.00000,3.00000,target,5.00000,3.00000,target,5.00000,3.00000,target,5.00000,3.00000,target,5.00000,6.83697,target,5.00000,5.31765,target,5.00000,3.58319,target,5.00000,11.67413,target,true,4.00000,,-2.10667,1.00000,target,true,4.00000,,-2.10667,1.00000,target,true,4.00000,,-2.10667,1.00000,target,true,4.00000,,-2.10667,1.00000,target,true,4.00000,,-2.10667,1.00000,target,true,4.00000,,-2.10667,1.00000
original_92,CSCO,2026-02-11,2026-02-12,day3,2026-02-18,3.00000,75.56074,2.06667,2.00000,,false,target,5.00000,11.00000,target,5.00000,11.00000,target,5.00000,11.00000,target,5.00000,11.00000,target,5.00000,5.64337,target,5.00000,1.43697,target,5.00000,3.78600,target,5.00000,13.28198,target,true,4.00000,,-2.10667,1.00000,target,true,4.00000,,-2.10667,1.00000,target,true,4.00000,,-2.10667,1.00000,target,true,4.00000,,-2.10667,1.00000,target,true,4.00000,,-2.10667,1.00000,target,true,4.00000,,-2.10667,1.00000
original_92,CSCO,2026-02-11,2026-02-12,sma5_reversal,2026-02-26,9.00000,77.91986,5.25333,8.00000,,true,timeout,3.66101,,timeout,3.66101,,target,5.00000,21.00000,target,5.00000,21.00000,timeout,-1.52014,-1.52014,target,5.00000,1.24145,target,5.00000,4.71943,target,5.00000,12.41228,target,true,4.00000,,-2.10667,1.00000,target,true,4.00000,,-2.10667,1.00000,target,true,4.00000,,-2.10667,1.00000,target,true,4.00000,,-2.10667,1.00000,target,true,4.00000,,-2.10667,1.00000,target,true,4.00000,,-2.10667,1.00000
original_92,CSCO,2026-02-11,2026-02-12,three_rising_lows_break,2026-02-19,4.00000,76.98214,3.98667,3.00000,,false,timeout,-0.50006,,timeout,-0.50006,,target,5.00000,25.00000,target,5.00000,25.00000,timeout,2.59008,2.59008,timeout,-0.43595,-0.43595,target,5.00000,1.86970,target,5.00000,13.07254,target,true,4.00000,,-2.10667,1.00000,target,true,4.00000,,-2.10667,1.00000,target,true,4.00000,,-2.10667,1.00000,target,true,4.00000,,-2.10667,1.00000,target,true,4.00000,,-2.10667,1.00000,target,true,4.00000,,-2.10667,1.00000
original_92,CSCO,2025-08-13,2025-08-15,next_open,2025-08-18,1.00000,64.48947,-0.18127,0.00000,,false,target,5.00000,9.00000,target,5.00000,9.00000,target,5.00000,9.00000,target,5.00000,9.00000,target,5.00000,4.55508,target,5.00000,2.48184,target,5.00000,3.37470,target,5.00000,6.76977,target,true,9.00000,,-0.67976,1.00000,target,true,9.00000,,-0.67976,1.00000,target,true,9.00000,,-0.67976,1.00000,target,true,9.00000,,-0.67976,1.00000,target,true,9.00000,,-0.67976,1.00000,target,true,9.00000,,-0.67976,1.00000
original_92,CSCO,2025-08-13,2025-08-15,day3,2025-08-20,3.00000,65.21166,0.93656,2.00000,,false,timeout,1.34690,,timeout,1.34690,,target,5.10556,35.00000,target,5.10556,35.00000,timeout,1.27207,1.27207,timeout,2.08022,2.08022,timeout,2.25998,2.25998,target,5.10556,5.58735,target,true,9.00000,,-0.67976,1.00000,target,true,9.00000,,-0.67976,1.00000,target,true,9.00000,,-0.67976,1.00000,target,true,9.00000,,-0.67976,1.00000,target,true,9.00000,,-0.67976,1.00000,target,true,9.00000,,-0.67976,1.00000
original_92,CSCO,2025-08-13,2025-08-15,sma5_reversal,2025-09-11,18.00000,66.66580,3.18731,17.00000,,true,timeout,3.57879,,timeout,3.57879,,target,5.00000,33.00000,target,5.00000,33.00000,timeout,-0.67340,-0.67340,timeout,0.05891,0.05891,timeout,4.02062,4.02062,target,5.00000,6.17084,target,true,9.00000,,-0.67976,1.00000,target,true,9.00000,,-0.67976,1.00000,target,true,9.00000,,-0.67976,1.00000,target,true,9.00000,,-0.67976,1.00000,target,true,9.00000,,-0.67976,1.00000,target,true,9.00000,,-0.67976,1.00000
original_92,CSCO,2025-08-13,2025-08-15,three_rising_lows_break,2025-08-27,8.00000,66.67555,3.20242,7.00000,,false,timeout,-1.46370,,timeout,-1.46370,,timeout,4.04957,,timeout,4.04957,,timeout,-0.27810,-0.27810,timeout,-1.61007,-1.61007,timeout,0.04427,0.04427,timeout,4.00539,4.00539,target,true,9.00000,,-0.67976,1.00000,target,true,9.00000,,-0.67976,1.00000,target,true,9.00000,,-0.67976,1.00000,target,true,9.00000,,-0.67976,1.00000,target,true,9.00000,,-0.67976,1.00000,target,true,9.00000,,-0.67976,1.00000
original_92,CSCO,2023-11-15,2023-11-16,next_open,2023-11-17,1.00000,44.54078,0.02082,0.00000,,false,timeout,3.78772,,timeout,3.78772,,target,5.00000,22.00000,target,5.00000,22.00000,timeout,0.87409,0.87409,timeout,3.78772,3.78772,target,5.00000,5.14048,target,5.00000,6.10543,timeout,false,,,-1.01998,2.00000,timeout,false,,,-1.01998,2.00000,target,true,22.00000,,-1.01998,2.00000,target,true,22.00000,,-1.01998,2.00000,target,true,22.00000,,-1.01998,2.00000,target,true,22.00000,,-1.01998,2.00000
original_92,CSCO,2023-11-15,2023-11-16,day3,2023-11-21,3.00000,44.74471,0.47877,2.00000,,false,timeout,3.95691,,timeout,3.95691,,target,5.00000,28.00000,target,5.00000,28.00000,timeout,-0.70437,-0.70437,timeout,2.96250,2.96250,target,5.00000,4.57793,target,5.00000,7.04153,timeout,false,,,-1.01998,2.00000,timeout,false,,,-1.01998,2.00000,target,true,22.00000,,-1.01998,2.00000,target,true,22.00000,,-1.01998,2.00000,target,true,22.00000,,-1.01998,2.00000,target,true,22.00000,,-1.01998,2.00000
original_92,CSCO,2023-11-15,2023-11-16,sma5_reversal,2023-12-08,15.00000,44.75398,0.49958,14.00000,,false,target,5.00000,16.00000,target,5.00000,16.00000,target,5.00000,16.00000,target,5.00000,16.00000,timeout,3.74896,3.74896,target,5.00000,4.55627,target,5.00000,7.64557,target,5.00000,4.32666,timeout,false,,,-1.01998,2.00000,timeout,false,,,-1.01998,2.00000,target,true,22.00000,,-1.01998,2.00000,target,true,22.00000,,-1.01998,2.00000,target,true,22.00000,,-1.01998,2.00000,target,true,22.00000,,-1.01998,2.00000
original_92,CSCO,2023-11-15,2023-11-16,three_rising_lows_break,2023-11-27,6.00000,44.80033,0.60366,5.00000,,false,timeout,3.64163,,timeout,3.64163,,target,5.00000,25.00000,target,5.00000,25.00000,timeout,2.19326,2.19326,timeout,4.36582,4.36582,target,5.00000,5.17792,target,5.00000,8.72278,timeout,false,,,-1.01998,2.00000,timeout,false,,,-1.01998,2.00000,target,true,22.00000,,-1.01998,2.00000,target,true,22.00000,,-1.01998,2.00000,target,true,22.00000,,-1.01998,2.00000,target,true,22.00000,,-1.01998,2.00000
original_92,DELL,2025-08-28,2025-08-29,next_open,2025-09-02,1.00000,117.61128,-2.48874,0.00000,,false,target,5.00000,3.00000,target,5.00000,3.00000,target,5.00000,3.00000,target,5.00000,3.00000,target,5.00000,7.19503,target,5.00000,23.72597,target,5.00000,25.58979,target,5.00000,36.50177,target,true,4.00000,,-3.64306,1.00000,target,true,4.00000,,-3.64306,1.00000,target,true,4.00000,,-3.64306,1.00000,target,true,4.00000,,-3.64306,1.00000,target,true,4.00000,,-4.23634,59.00000,target,true,4.00000,,-4.23634,59.00000
original_92,DELL,2025-08-28,2025-08-29,day3,2025-09-04,3.00000,122.46937,1.53909,2.00000,,false,target,5.00000,10.00000,target,5.00000,10.00000,target,5.00000,10.00000,target,5.00000,10.00000,target,5.00000,6.51455,target,5.00000,13.47255,target,5.00000,20.60792,target,5.00000,29.54969,target,true,4.00000,,-3.64306,1.00000,target,true,4.00000,,-3.64306,1.00000,target,true,4.00000,,-3.64306,1.00000,target,true,4.00000,,-3.64306,1.00000,target,true,4.00000,,-4.23634,59.00000,target,true,4.00000,,-4.23634,59.00000
original_92,DELL,2025-08-28,2025-08-29,sma5_reversal,2025-09-11,8.00000,123.33336,2.25542,7.00000,,true,target,5.00000,5.00000,target,5.00000,5.00000,target,5.00000,5.00000,target,5.00000,5.00000,target,5.00000,4.84768,target,5.00000,20.54762,target,5.00000,27.46107,target,5.00000,14.64586,target,true,4.00000,,-3.64306,1.00000,target,true,4.00000,,-3.64306,1.00000,target,true,4.00000,,-3.64306,1.00000,target,true,4.00000,,-3.64306,1.00000,target,true,4.00000,,-4.23634,59.00000,target,true,4.00000,,-4.23634,59.00000
original_92,DELL,2025-08-28,2025-08-29,three_rising_lows_break,2025-09-05,4.00000,125.64886,4.17519,3.00000,,false,stop,-5.01375,3.00000,target,5.00000,10.00000,stop,-5.01375,3.00000,target,5.00000,10.00000,target,5.00000,3.68566,target,5.00000,10.60118,target,5.00000,16.20432,target,5.00000,21.95756,target,true,4.00000,,-3.64306,1.00000,target,true,4.00000,,-3.64306,1.00000,target,true,4.00000,,-3.64306,1.00000,target,true,4.00000,,-3.64306,1.00000,target,true,4.00000,,-4.23634,59.00000,target,true,4.00000,,-4.23634,59.00000
original_92,DELL,2025-02-27,2025-03-03,next_open,2025-03-04,1.00000,90.87320,-2.67895,0.00000,,false,target,5.00000,2.00000,target,5.00000,2.00000,target,5.00000,2.00000,target,5.00000,2.00000,target,5.00000,3.69893,target,5.00000,-16.95699,target,5.00000,-8.81720,target,5.00000,2.36194,stop,true,12.00000,4.00000,-7.56582,4.00000,target,true,12.00000,,-7.56582,4.00000,stop,true,12.00000,4.00000,-30.67706,25.00000,target,true,12.00000,23.00000,-30.67706,25.00000,stop,true,12.00000,4.00000,-30.67706,25.00000,target,true,12.00000,23.00000,-30.67706,25.00000
original_92,DELL,2025-02-27,2025-03-03,day3,2025-03-06,3.00000,92.09462,-1.37087,2.00000,,false,stop,-5.00000,2.00000,target,5.00000,10.00000,stop,-5.00000,2.00000,target,5.00000,10.00000,target,5.00000,4.95491,target,5.00000,-24.00000,target,5.00000,-10.02653,target,5.00000,0.75876,stop,true,12.00000,4.00000,-7.56582,4.00000,target,true,12.00000,,-7.56582,4.00000,stop,true,12.00000,4.00000,-30.67706,25.00000,target,true,12.00000,23.00000,-30.67706,25.00000,stop,true,12.00000,4.00000,-30.67706,25.00000,target,true,12.00000,23.00000,-30.67706,25.00000
original_92,DELL,2025-02-27,2025-03-03,sma5_reversal,2025-03-13,8.00000,91.80148,-1.68481,7.00000,,false,target,5.00000,3.00000,target,5.00000,3.00000,target,5.00000,3.00000,target,5.00000,3.00000,target,5.00000,3.35285,target,5.00000,-12.79404,target,5.00000,1.64825,target,5.00000,10.78577,stop,true,12.00000,4.00000,-7.56582,4.00000,target,true,12.00000,,-7.56582,4.00000,stop,true,12.00000,4.00000,-30.67706,25.00000,target,true,12.00000,23.00000,-30.67706,25.00000,stop,true,12.00000,4.00000,-30.67706,25.00000,target,true,12.00000,23.00000,-30.67706,25.00000
original_92,DELL,2025-02-27,2025-03-03,three_rising_lows_break,2025-03-13,8.00000,91.80148,-1.68481,7.00000,,false,target,5.00000,3.00000,target,5.00000,3.00000,target,5.00000,3.00000,target,5.00000,3.00000,target,5.00000,3.35285,target,5.00000,-12.79404,target,5.00000,1.64825,target,5.00000,10.78577,stop,true,12.00000,4.00000,-7.56582,4.00000,target,true,12.00000,,-7.56582,4.00000,stop,true,12.00000,4.00000,-30.67706,25.00000,target,true,12.00000,23.00000,-30.67706,25.00000,stop,true,12.00000,4.00000,-30.67706,25.00000,target,true,12.00000,23.00000,-30.67706,25.00000
original_92,DELL,2024-11-26,2024-11-27,next_open,2024-11-29,1.00000,121.94612,0.73967,0.00000,,false,stop,-5.00000,8.00000,stop,-10.00000,14.00000,stop,-5.00000,8.00000,stop,-10.00000,14.00000,timeout,-5.46688,-5.46688,stop,-10.00000,-6.36073,stop,-10.00000,-12.07502,stop,-10.00000,-18.83824,stop,false,,8.00000,-11.42467,16.00000,stop,false,,14.00000,-11.42467,16.00000,stop,false,,8.00000,-19.24789,38.00000,stop,false,,14.00000,-19.24789,38.00000,stop,false,,8.00000,-20.59899,43.00000,stop,false,,14.00000,-20.59899,43.00000
original_92,DELL,2024-11-26,2024-11-27,day3,2024-12-03,3.00000,121.80987,0.62711,2.00000,,false,stop,-5.00000,6.00000,stop,-10.00000,12.00000,stop,-5.00000,6.00000,stop,-10.00000,12.00000,timeout,-5.49696,-5.49696,stop,-10.00000,-6.89517,stop,-10.00000,-12.40013,stop,-10.00000,-16.89442,stop,false,,8.00000,-11.42467,16.00000,stop,false,,14.00000,-11.42467,16.00000,stop,false,,8.00000,-19.24789,38.00000,stop,false,,14.00000,-19.24789,38.00000,stop,false,,8.00000,-20.59899,43.00000,stop,false,,14.00000,-20.59899,43.00000
original_92,DELL,2024-11-26,2024-11-27,sma5_reversal,2024-12-23,17.00000,113.40113,-6.31934,16.00000,,false,target,5.00000,9.00000,target,5.00000,9.00000,target,5.00000,9.00000,target,5.00000,9.00000,target,5.00000,6.98592,target,5.00000,-0.80580,target,5.00000,-8.73307,target,5.00000,1.33111,stop,false,,8.00000,-11.42467,16.00000,stop,false,,14.00000,-11.42467,16.00000,stop,false,,8.00000,-19.24789,38.00000,stop,false,,14.00000,-19.24789,38.00000,stop,false,,8.00000,-20.59899,43.00000,stop,false,,14.00000,-20.59899,43.00000
original_92,DELL,2024-11-26,2024-11-27,three_rising_lows_break,,,,,,no_signal,,,,,,,,,,,,,,,,,,,,,,,,,,stop,false,,8.00000,-11.42467,16.00000,stop,false,,14.00000,-11.42467,16.00000,stop,false,,8.00000,-19.24789,38.00000,stop,false,,14.00000,-19.24789,38.00000,stop,false,,8.00000,-20.59899,43.00000,stop,false,,14.00000,-20.59899,43.00000
original_92,DIS,2023-05-10,2023-05-11,next_open,2023-05-12,1.00000,89.52947,0.03250,0.00000,,false,stop,-5.00000,12.00000,timeout,-0.44401,,stop,-5.00000,12.00000,timeout,-3.08642,,timeout,-4.38597,-4.38597,timeout,-0.44401,-0.44401,timeout,-3.94195,-3.94195,timeout,-3.08642,-3.08642,stop,false,,12.00000,-5.74152,12.00000,timeout,false,,,-5.74152,12.00000,stop,false,,12.00000,-5.74152,12.00000,timeout,false,,,-5.74152,12.00000,stop,false,,12.00000,-7.74564,50.00000,timeout,false,,,-7.74564,50.00000
original_92,DIS,2023-05-10,2023-05-11,day3,2023-05-16,3.00000,89.23860,-0.29249,2.00000,,false,stop,-5.00000,10.00000,timeout,1.96654,,stop,-5.00000,10.00000,timeout,-1.70578,,timeout,-4.58496,-4.58496,timeout,0.97784,0.97784,timeout,-2.99870,-2.99870,timeout,-3.71578,-3.71578,stop,false,,12.00000,-5.74152,12.00000,timeout,false,,,-5.74152,12.00000,stop,false,,12.00000,-5.74152,12.00000,timeout,false,,,-5.74152,12.00000,stop,false,,12.00000,-7.74564,50.00000,timeout,false,,,-7.74564,50.00000
original_92,DIS,2023-05-10,2023-05-11,sma5_reversal,2023-06-02,15.00000,86.90195,-2.90326,14.00000,,false,target,5.00948,8.00000,target,5.00948,8.00000,target,5.00948,8.00000,target,5.00948,8.00000,target,5.00948,1.88553,target,5.00948,-0.39049,target,5.00948,-4.54089,target,5.00948,-0.66942,stop,false,,12.00000,-5.74152,12.00000,timeout,false,,,-5.74152,12.00000,stop,false,,12.00000,-5.74152,12.00000,timeout,false,,,-5.74152,12.00000,stop,false,,12.00000,-7.74564,50.00000,timeout,false,,,-7.74564,50.00000
original_92,DIS,2023-05-10,2023-05-11,three_rising_lows_break,2023-05-19,6.00000,90.16938,0.74748,5.00000,,false,stop,-5.00000,5.00000,timeout,-1.80645,,stop,-5.00000,5.00000,timeout,-7.58065,,timeout,-2.39785,-2.39785,timeout,-1.80645,-1.80645,timeout,-2.68817,-2.68817,timeout,-7.58065,-7.58065,stop,false,,12.00000,-5.74152,12.00000,timeout,false,,,-5.74152,12.00000,stop,false,,12.00000,-5.74152,12.00000,timeout,false,,,-5.74152,12.00000,stop,false,,12.00000,-7.74564,50.00000,timeout,false,,,-7.74564,50.00000
original_92,FDX,2024-09-19,2024-09-20,next_open,2024-09-23,1.00000,247.12043,0.34166,0.00000,,false,target,5.00000,2.00000,target,5.00000,2.00000,target,5.00000,2.00000,target,5.00000,2.00000,target,5.00000,1.95296,target,5.00000,4.90783,target,5.00000,10.84106,target,5.00000,17.40049,target,true,2.00000,,0.33773,1.00000,target,true,2.00000,,0.33773,1.00000,target,true,2.00000,,0.33773,1.00000,target,true,2.00000,,0.33773,1.00000,target,true,2.00000,,0.33773,1.00000,target,true,2.00000,,0.33773,1.00000
original_92,FDX,2024-09-19,2024-09-20,day3,2024-09-25,3.00000,257.27567,4.46513,2.00000,,true,timeout,1.42100,,timeout,1.42100,,target,5.00000,31.00000,target,5.00000,31.00000,timeout,-0.51502,-0.51502,timeout,2.29691,2.29691,target,5.00000,7.62001,target,5.00000,12.76644,target,true,2.00000,,0.33773,1.00000,target,true,2.00000,,0.33773,1.00000,target,true,2.00000,,0.33773,1.00000,target,true,2.00000,,0.33773,1.00000,target,true,2.00000,,0.33773,1.00000,target,true,2.00000,,0.33773,1.00000
original_92,FDX,2024-09-19,2024-09-20,sma5_reversal,2024-10-10,14.00000,254.70301,3.42052,13.00000,,true,target,5.53256,11.00000,target,5.53256,11.00000,target,5.53256,11.00000,target,5.53256,11.00000,target,5.53256,3.61496,target,5.53256,8.70704,target,5.53256,13.90545,target,5.53256,6.66836,target,true,2.00000,,0.33773,1.00000,target,true,2.00000,,0.33773,1.00000,target,true,2.00000,,0.33773,1.00000,target,true,2.00000,,0.33773,1.00000,target,true,2.00000,,0.33773,1.00000,target,true,2.00000,,0.33773,1.00000
original_92,FDX,2024-09-19,2024-09-20,three_rising_lows_break,2024-10-01,7.00000,264.86792,7.54791,6.00000,,true,stop,-5.00000,4.00000,timeout,0.58059,,stop,-5.00000,4.00000,target,5.00000,29.00000,timeout,-2.89929,-2.89929,timeout,-0.00365,-0.00365,target,5.00000,7.52209,target,5.00000,10.51997,target,true,2.00000,,0.33773,1.00000,target,true,2.00000,,0.33773,1.00000,target,true,2.00000,,0.33773,1.00000,target,true,2.00000,,0.33773,1.00000,target,true,2.00000,,0.33773,1.00000,target,true,2.00000,,0.33773,1.00000
original_92,GILD,2024-02-06,2024-02-08,next_open,2024-02-09,1.00000,67.77372,0.02710,0.00000,,false,timeout,1.76104,,timeout,1.76104,,stop,-5.00000,38.00000,timeout,-4.99716,,timeout,-0.36576,-0.36576,timeout,1.76104,1.76104,timeout,-0.67262,-0.67262,timeout,-4.28552,-4.28552,timeout,false,,,-3.29268,6.00000,timeout,false,,,-3.29268,6.00000,stop,false,,38.00000,-6.17604,39.00000,timeout,false,,,-6.17604,39.00000,stop,false,,38.00000,-11.93908,59.00000,stop,false,,53.00000,-11.93908,59.00000
original_92,GILD,2024-02-06,2024-02-08,day3,2024-02-13,3.00000,68.57246,1.20596,2.00000,,false,timeout,0.52216,,timeout,0.52216,,stop,-5.00000,36.00000,timeout,-7.86212,,timeout,-2.23591,-2.23591,timeout,0.37510,0.37510,timeout,-0.92337,-0.92337,timeout,-7.92975,-7.92975,timeout,false,,,-3.29268,6.00000,timeout,false,,,-3.29268,6.00000,stop,false,,38.00000,-6.17604,39.00000,timeout,false,,,-6.17604,39.00000,stop,false,,38.00000,-11.93908,59.00000,stop,false,,53.00000,-11.93908,59.00000
original_92,GILD,2024-02-06,2024-02-08,sma5_reversal,2024-02-22,9.00000,66.34149,-2.08672,8.00000,,false,target,5.00000,13.00000,target,5.00000,13.00000,target,5.00000,13.00000,target,5.00000,13.00000,timeout,1.93745,1.93745,target,5.00000,1.51367,target,5.00000,-2.72248,target,5.00000,-6.39939,timeout,false,,,-3.29268,6.00000,timeout,false,,,-3.29268,6.00000,stop,false,,38.00000,-6.17604,39.00000,timeout,false,,,-6.17604,39.00000,stop,false,,38.00000,-11.93908,59.00000,stop,false,,53.00000,-11.93908,59.00000
original_92,GILD,2024-02-06,2024-02-08,three_rising_lows_break,2024-02-22,9.00000,66.34149,-2.08672,8.00000,,false,target,5.00000,13.00000,target,5.00000,13.00000,target,5.00000,13.00000,target,5.00000,13.00000,timeout,1.93745,1.93745,target,5.00000,1.51367,target,5.00000,-2.72248,target,5.00000,-6.39939,timeout,false,,,-3.29268,6.00000,timeout,false,,,-3.29268,6.00000,stop,false,,38.00000,-6.17604,39.00000,timeout,false,,,-6.17604,39.00000,stop,false,,38.00000,-11.93908,59.00000,stop,false,,53.00000,-11.93908,59.00000
original_92,GILD,2023-11-07,2023-11-09,next_open,2023-11-10,1.00000,68.65405,0.64017,0.00000,,false,target,5.00000,17.00000,target,5.00000,17.00000,target,5.00000,17.00000,target,5.00000,17.00000,timeout,-0.10602,-0.10602,target,5.00000,4.71773,target,5.00000,6.52742,target,5.00000,15.08599,target,true,17.00000,,-1.32035,5.00000,target,true,17.00000,,-1.32035,5.00000,target,true,17.00000,,-1.32035,5.00000,target,true,17.00000,,-1.32035,5.00000,target,true,17.00000,,-1.32035,5.00000,target,true,17.00000,,-1.32035,5.00000
original_92,GILD,2023-11-07,2023-11-09,day3,2023-11-14,3.00000,68.52668,0.45345,2.00000,,false,target,5.00000,15.00000,target,5.00000,15.00000,target,5.00000,15.00000,target,5.00000,15.00000,timeout,-1.07541,-1.07541,target,5.00000,9.56572,target,5.00000,8.53410,target,5.00000,15.72862,target,true,17.00000,,-1.32035,5.00000,target,true,17.00000,,-1.32035,5.00000,target,true,17.00000,,-1.32035,5.00000,target,true,17.00000,,-1.32035,5.00000,target,true,17.00000,,-1.32035,5.00000,target,true,17.00000,,-1.32035,5.00000
original_92,GILD,2023-11-07,2023-11-09,sma5_reversal,2023-11-30,14.00000,68.58127,0.53348,13.00000,,false,target,5.00000,4.00000,target,5.00000,4.00000,target,5.00000,4.00000,target,5.00000,4.00000,target,5.00000,9.47851,target,5.00000,8.44771,target,5.00000,15.63651,target,5.00000,5.85064,target,true,17.00000,,-1.32035,5.00000,target,true,17.00000,,-1.32035,5.00000,target,true,17.00000,,-1.32035,5.00000,target,true,17.00000,,-1.32035,5.00000,target,true,17.00000,,-1.32035,5.00000,target,true,17.00000,,-1.32035,5.00000
original_92,GILD,2023-11-07,2023-11-09,three_rising_lows_break,2023-12-01,15.00000,69.85500,2.40064,14.00000,,false,target,5.00000,7.00000,target,5.00000,7.00000,target,5.00000,7.00000,target,5.00000,7.00000,target,5.00000,5.57657,target,5.00000,6.47029,target,5.00000,13.52800,target,5.00000,3.32914,target,true,17.00000,,-1.32035,5.00000,target,true,17.00000,,-1.32035,5.00000,target,true,17.00000,,-1.32035,5.00000,target,true,17.00000,,-1.32035,5.00000,target,true,17.00000,,-1.32035,5.00000,target,true,17.00000,,-1.32035,5.00000
original_92,GOOG,2025-02-04,2025-02-05,next_open,2025-02-06,1.00000,189.87779,-1.19503,0.00000,,false,stop,-5.00000,11.00000,stop,-10.00000,15.00000,stop,-5.00000,11.00000,stop,-10.00000,15.00000,timeout,-2.27761,-2.27761,stop,-10.00000,-7.97948,stop,-10.00000,-12.85439,stop,-10.00000,-21.77076,stop,false,,5.00000,-13.32644,18.00000,stop,false,,14.00000,-13.32644,18.00000,stop,false,,5.00000,-21.18294,40.00000,stop,false,,14.00000,-21.18294,40.00000,stop,false,,5.00000,-26.11354,42.00000,stop,false,,14.00000,-26.11354,42.00000
original_92,GOOG,2025-02-04,2025-02-05,day3,2025-02-10,3.00000,187.95903,-2.19348,2.00000,,false,stop,-5.00000,11.00000,stop,-10.00000,13.00000,stop,-5.00000,11.00000,stop,-10.00000,13.00000,timeout,-4.16270,-4.16270,stop,-10.00000,-10.50855,stop,-10.00000,-13.11386,stop,-10.00000,-15.59209,stop,false,,5.00000,-13.32644,18.00000,stop,false,,14.00000,-13.32644,18.00000,stop,false,,5.00000,-21.18294,40.00000,stop,false,,14.00000,-21.18294,40.00000,stop,false,,5.00000,-26.11354,42.00000,stop,false,,14.00000,-26.11354,42.00000
original_92,GOOG,2025-02-04,2025-02-05,sma5_reversal,2025-02-14,7.00000,185.74202,-3.34713,6.00000,,false,stop,-5.00000,7.00000,stop,-10.00000,11.00000,stop,-5.00000,7.00000,stop,-10.00000,11.00000,timeout,-7.81994,-7.81994,stop,-10.00000,-10.17986,stop,-10.00000,-16.28326,stop,-10.00000,-14.97041,stop,false,,5.00000,-13.32644,18.00000,stop,false,,14.00000,-13.32644,18.00000,stop,false,,5.00000,-21.18294,40.00000,stop,false,,14.00000,-21.18294,40.00000,stop,false,,5.00000,-26.11354,42.00000,stop,false,,14.00000,-26.11354,42.00000
original_92,GOOG,2025-02-04,2025-02-05,three_rising_lows_break,,,,,,no_signal,,,,,,,,,,,,,,,,,,,,,,,,,,stop,false,,5.00000,-13.32644,18.00000,stop,false,,14.00000,-13.32644,18.00000,stop,false,,5.00000,-21.18294,40.00000,stop,false,,14.00000,-21.18294,40.00000,stop,false,,5.00000,-26.11354,42.00000,stop,false,,14.00000,-26.11354,42.00000
original_92,GOOG,2024-07-23,2024-07-24,next_open,2024-07-25,1.00000,172.81148,-0.06882,0.00000,,false,stop,-9.68723,8.00000,stop,-10.00000,8.00000,stop,-9.68723,8.00000,stop,-10.00000,8.00000,stop,-10.00000,-5.97418,stop,-10.00000,-3.91392,stop,-10.00000,-12.69440,stop,-10.00000,-6.29287,stop,false,,8.00000,-10.19097,8.00000,stop,false,,8.00000,-10.19097,8.00000,stop,false,,8.00000,-14.89643,32.00000,stop,false,,8.00000,-14.89643,32.00000,stop,false,,8.00000,-14.89643,32.00000,stop,false,,8.00000,-14.89643,32.00000
original_92,GOOG,2024-07-23,2024-07-24,day3,2024-07-29,3.00000,169.09243,-2.21942,2.00000,,false,stop,-7.70088,6.00000,timeout,-1.80059,,stop,-7.70088,6.00000,stop,-10.00000,29.00000,timeout,-3.84164,-3.84164,timeout,-3.51906,-3.51906,stop,-10.00000,-8.65410,stop,-10.00000,-2.92810,stop,false,,8.00000,-10.19097,8.00000,stop,false,,8.00000,-10.19097,8.00000,stop,false,,8.00000,-14.89643,32.00000,stop,false,,8.00000,-14.89643,32.00000,stop,false,,8.00000,-14.89643,32.00000,stop,false,,8.00000,-14.89643,32.00000
original_92,GOOG,2024-07-23,2024-07-24,sma5_reversal,2024-08-19,18.00000,165.62133,-4.22664,17.00000,,false,stop,-5.00000,11.00000,stop,-10.00000,15.00000,stop,-5.00000,11.00000,stop,-10.00000,15.00000,timeout,-1.13174,-1.13174,stop,-10.00000,-3.57983,stop,-10.00000,0.25755,stop,-10.00000,-1.03756,stop,false,,8.00000,-10.19097,8.00000,stop,false,,8.00000,-10.19097,8.00000,stop,false,,8.00000,-14.89643,32.00000,stop,false,,8.00000,-14.89643,32.00000,stop,false,,8.00000,-14.89643,32.00000,stop,false,,8.00000,-14.89643,32.00000
original_92,GOOG,2024-07-23,2024-07-24,three_rising_lows_break,2024-08-01,6.00000,170.56021,-1.37065,5.00000,,false,stop,-8.49517,3.00000,timeout,-4.34934,,stop,-8.49517,3.00000,stop,-10.00000,26.00000,timeout,-5.12269,-5.12269,timeout,-3.99465,-3.99465,stop,-10.00000,-7.79249,stop,-10.00000,-2.65723,stop,false,,8.00000,-10.19097,8.00000,stop,false,,8.00000,-10.19097,8.00000,stop,false,,8.00000,-14.89643,32.00000,stop,false,,8.00000,-14.89643,32.00000,stop,false,,8.00000,-14.89643,32.00000,stop,false,,8.00000,-14.89643,32.00000
original_92,GOOG,2024-01-30,2024-01-31,next_open,2024-02-01,1.00000,142.34178,1.33286,0.00000,,false,timeout,-2.72114,,timeout,-2.72114,,stop,-5.00000,22.00000,target,5.00000,32.00000,timeout,0.17399,0.17399,timeout,-3.90424,-3.90424,timeout,-1.05783,-1.05783,target,5.00000,8.91503,target,true,7.00000,,-3.63893,19.00000,target,true,7.00000,,-3.63893,19.00000,target,true,7.00000,22.00000,-7.22849,23.00000,target,true,7.00000,,-7.22849,23.00000,target,true,7.00000,22.00000,-7.22849,23.00000,target,true,7.00000,,-7.22849,23.00000
original_92,GOOG,2024-01-30,2024-01-31,day3,2024-02-05,3.00000,142.68850,1.57969,2.00000,,false,stop,-5.00000,17.00000,timeout,-6.83144,,stop,-5.00000,17.00000,target,5.00000,30.00000,timeout,-1.58289,-1.58289,timeout,-7.97001,-7.97001,target,5.00000,3.26298,target,5.00000,6.87309,target,true,7.00000,,-3.63893,19.00000,target,true,7.00000,,-3.63893,19.00000,target,true,7.00000,22.00000,-7.22849,23.00000,target,true,7.00000,,-7.22849,23.00000,target,true,7.00000,22.00000,-7.22849,23.00000,target,true,7.00000,,-7.22849,23.00000
original_92,GOOG,2024-01-30,2024-01-31,sma5_reversal,2024-02-22,15.00000,144.74898,3.04654,14.00000,,true,stop,-5.00000,3.00000,timeout,2.43635,,stop,-5.00000,3.00000,target,5.00000,27.00000,timeout,-7.44593,-7.44593,timeout,3.86668,3.86668,target,5.00000,5.35177,target,5.00000,8.09609,target,true,7.00000,,-3.63893,19.00000,target,true,7.00000,,-3.63893,19.00000,target,true,7.00000,22.00000,-7.22849,23.00000,target,true,7.00000,,-7.22849,23.00000,target,true,7.00000,22.00000,-7.22849,23.00000,target,true,7.00000,,-7.22849,23.00000
original_92,GOOG,2024-01-30,2024-01-31,three_rising_lows_break,2024-02-09,7.00000,146.56181,4.33709,6.00000,,false,stop,-5.00000,11.00000,stop,-10.00000,16.00000,stop,-5.00000,11.00000,stop,-10.00000,16.00000,timeout,-1.79790,-1.79790,stop,-10.00000,-7.88104,stop,-10.00000,2.16289,stop,-10.00000,6.88746,target,true,7.00000,,-3.63893,19.00000,target,true,7.00000,,-3.63893,19.00000,target,true,7.00000,22.00000,-7.22849,23.00000,target,true,7.00000,,-7.22849,23.00000,target,true,7.00000,22.00000,-7.22849,23.00000,target,true,7.00000,,-7.22849,23.00000
original_92,HPE,2025-03-06,2025-03-07,next_open,2025-03-10,1.00000,14.92555,-1.89753,0.00000,,false,stop,-5.00000,4.00000,target,5.00000,8.00000,stop,-5.00000,4.00000,target,5.00000,8.00000,target,5.00000,7.11198,target,5.00000,-5.75706,target,5.00000,5.16213,target,5.00000,9.77678,stop,true,11.00000,1.00000,-23.70897,20.00000,target,true,11.00000,19.00000,-23.70897,20.00000,stop,true,11.00000,1.00000,-23.70897,20.00000,target,true,11.00000,19.00000,-23.70897,20.00000,stop,true,11.00000,1.00000,-23.70897,20.00000,target,true,11.00000,19.00000,-23.70897,20.00000
original_92,HPE,2025-03-06,2025-03-07,day3,2025-03-12,3.00000,14.67535,-3.54206,2.00000,,false,target,5.00000,5.00000,target,5.00000,5.00000,target,5.00000,5.00000,target,5.00000,5.00000,target,5.00000,6.22792,target,5.00000,-6.53000,target,5.00000,7.35168,target,5.00000,11.64838,stop,true,11.00000,1.00000,-23.70897,20.00000,target,true,11.00000,19.00000,-23.70897,20.00000,stop,true,11.00000,1.00000,-23.70897,20.00000,target,true,11.00000,19.00000,-23.70897,20.00000,stop,true,11.00000,1.00000,-23.70897,20.00000,target,true,11.00000,19.00000,-23.70897,20.00000
original_92,HPE,2025-03-06,2025-03-07,sma5_reversal,2025-03-17,6.00000,15.06028,-1.01202,5.00000,,false,target,5.00000,3.00000,target,5.00000,3.00000,target,5.00000,3.00000,target,5.00000,3.00000,target,5.00000,-0.60965,target,5.00000,-4.15240,target,5.00000,5.70290,target,5.00000,14.33433,stop,true,11.00000,1.00000,-23.70897,20.00000,target,true,11.00000,19.00000,-23.70897,20.00000,stop,true,11.00000,1.00000,-23.70897,20.00000,target,true,11.00000,19.00000,-23.70897,20.00000,stop,true,11.00000,1.00000,-23.70897,20.00000,target,true,11.00000,19.00000,-23.70897,20.00000
original_92,HPE,2025-03-06,2025-03-07,three_rising_lows_break,2025-03-18,7.00000,15.16132,-0.34788,6.00000,,false,target,5.00000,2.00000,target,5.00000,2.00000,target,5.00000,2.00000,target,5.00000,2.00000,target,5.00000,0.07163,target,5.00000,-3.12759,target,5.00000,7.87773,target,5.00000,13.57234,stop,true,11.00000,1.00000,-23.70897,20.00000,target,true,11.00000,19.00000,-23.70897,20.00000,stop,true,11.00000,1.00000,-23.70897,20.00000,target,true,11.00000,19.00000,-23.70897,20.00000,stop,true,11.00000,1.00000,-23.70897,20.00000,target,true,11.00000,19.00000,-23.70897,20.00000
original_92,HPE,2024-09-04,2024-09-05,next_open,2024-09-06,1.00000,16.68809,-0.36848,0.00000,,false,stop,-6.74253,3.00000,stop,-10.00000,4.00000,stop,-6.74253,3.00000,stop,-10.00000,4.00000,stop,-10.00000,7.79277,stop,-10.00000,18.16517,stop,-10.00000,14.44027,stop,-10.00000,14.61219,stop,true,9.00000,3.00000,-10.60091,4.00000,stop,true,9.00000,4.00000,-10.60091,4.00000,stop,true,9.00000,3.00000,-10.60091,4.00000,stop,true,9.00000,4.00000,-10.60091,4.00000,stop,true,9.00000,3.00000,-10.60091,4.00000,stop,true,9.00000,4.00000,-10.60091,4.00000
original_92,HPE,2024-09-04,2024-09-05,day3,2024-09-10,3.00000,15.56289,-7.08616,2.00000,,false,target,5.00000,5.00000,target,5.00000,5.00000,target,5.00000,5.00000,target,5.00000,5.00000,target,5.00000,16.01635,target,5.00000,26.21694,target,5.00000,19.58041,target,5.00000,35.43434,stop,true,9.00000,3.00000,-10.60091,4.00000,stop,true,9.00000,4.00000,-10.60091,4.00000,stop,true,9.00000,3.00000,-10.60091,4.00000,stop,true,9.00000,4.00000,-10.60091,4.00000,stop,true,9.00000,3.00000,-10.60091,4.00000,stop,true,9.00000,4.00000,-10.60091,4.00000
original_92,HPE,2024-09-04,2024-09-05,sma5_reversal,2024-09-16,7.00000,15.99018,-4.53514,6.00000,,false,target,6.71021,2.00000,target,6.71021,2.00000,target,6.71021,2.00000,target,6.71021,2.00000,target,6.71021,22.36570,target,6.71021,24.93741,target,6.71021,16.56439,target,6.71021,26.01394,stop,true,9.00000,3.00000,-10.60091,4.00000,stop,true,9.00000,4.00000,-10.60091,4.00000,stop,true,9.00000,3.00000,-10.60091,4.00000,stop,true,9.00000,4.00000,-10.60091,4.00000,stop,true,9.00000,3.00000,-10.60091,4.00000,stop,true,9.00000,4.00000,-10.60091,4.00000
original_92,HPE,2024-09-04,2024-09-05,three_rising_lows_break,2024-09-16,7.00000,15.99018,-4.53514,6.00000,,false,target,6.71021,2.00000,target,6.71021,2.00000,target,6.71021,2.00000,target,6.71021,2.00000,target,6.71021,22.36570,target,6.71021,24.93741,target,6.71021,16.56439,target,6.71021,26.01394,stop,true,9.00000,3.00000,-10.60091,4.00000,stop,true,9.00000,4.00000,-10.60091,4.00000,stop,true,9.00000,3.00000,-10.60091,4.00000,stop,true,9.00000,4.00000,-10.60091,4.00000,stop,true,9.00000,3.00000,-10.60091,4.00000,stop,true,9.00000,4.00000,-10.60091,4.00000
original_92,HPE,2023-05-30,2023-05-31,next_open,2023-06-01,1.00000,13.19562,0.55479,0.00000,,false,target,5.00000,2.00000,target,5.00000,2.00000,target,5.00000,2.00000,target,5.00000,2.00000,target,5.00000,32.24083,target,5.00000,27.31495,target,5.00000,27.84543,target,5.00000,31.71035,target,true,2.00000,,0.06935,1.00000,target,true,2.00000,,0.06935,1.00000,target,true,2.00000,,0.06935,1.00000,target,true,2.00000,,0.06935,1.00000,target,true,2.00000,,0.06935,1.00000,target,true,2.00000,,0.06935,1.00000
original_92,HPE,2023-05-30,2023-05-31,day3,2023-06-05,3.00000,13.85995,5.61720,2.00000,,true,target,5.00000,5.00000,target,5.00000,5.00000,target,5.00000,5.00000,target,5.00000,5.00000,target,5.00000,26.76811,target,5.00000,20.27458,target,5.00000,24.09854,target,5.00000,25.32510,target,true,2.00000,,0.06935,1.00000,target,true,2.00000,,0.06935,1.00000,target,true,2.00000,,0.06935,1.00000,target,true,2.00000,,0.06935,1.00000,target,true,2.00000,,0.06935,1.00000,target,true,2.00000,,0.06935,1.00000
original_92,HPE,2023-05-30,2023-05-31,sma5_reversal,,,,,20.00000,chase_skip,,,,,,,,,,,,,,,,,,,,,,,,,,target,true,2.00000,,0.06935,1.00000,target,true,2.00000,,0.06935,1.00000,target,true,2.00000,,0.06935,1.00000,target,true,2.00000,,0.06935,1.00000,target,true,2.00000,,0.06935,1.00000,target,true,2.00000,,0.06935,1.00000
original_92,HPE,2023-05-30,2023-05-31,three_rising_lows_break,,,,,8.00000,chase_skip,,,,,,,,,,,,,,,,,,,,,,,,,,target,true,2.00000,,0.06935,1.00000,target,true,2.00000,,0.06935,1.00000,target,true,2.00000,,0.06935,1.00000,target,true,2.00000,,0.06935,1.00000,target,true,2.00000,,0.06935,1.00000,target,true,2.00000,,0.06935,1.00000
original_92,IBM,2026-04-22,2026-04-23,next_open,2026-04-24,1.00000,228.59564,0.36784,0.00000,,false,stop,-5.19706,14.00000,target,5.00000,20.00000,stop,-5.19706,14.00000,target,5.00000,20.00000,timeout,-0.20651,-0.20651,target,5.00000,10.25234,target,5.00000,21.97078,target,5.00000,15.07349,stop,true,20.00000,14.00000,-7.43343,14.00000,target,true,20.00000,,-7.43343,14.00000,stop,true,20.00000,14.00000,-7.43343,14.00000,target,true,20.00000,,-7.43343,14.00000,stop,true,20.00000,14.00000,-10.87733,57.00000,target,true,20.00000,57.00000,-10.87733,57.00000
original_92,IBM,2026-04-22,2026-04-23,day3,2026-04-28,3.00000,227.18620,-0.25100,2.00000,,false,stop,-5.00000,12.00000,target,5.00000,18.00000,stop,-5.00000,12.00000,target,5.00000,18.00000,timeout,-4.19373,-4.19373,target,5.00000,15.47274,target,5.00000,18.97774,target,5.00000,18.71115,stop,true,20.00000,14.00000,-7.43343,14.00000,target,true,20.00000,,-7.43343,14.00000,stop,true,20.00000,14.00000,-7.43343,14.00000,target,true,20.00000,,-7.43343,14.00000,stop,true,20.00000,14.00000,-10.87733,57.00000,target,true,20.00000,57.00000,-10.87733,57.00000
original_92,IBM,2026-04-22,2026-04-23,sma5_reversal,2026-05-08,11.00000,228.09377,0.14749,10.00000,,false,stop,-5.00000,4.00000,target,5.00000,10.00000,stop,-5.00000,4.00000,target,5.00000,10.00000,target,5.00000,10.49493,target,5.00000,23.98903,target,5.00000,9.78975,target,5.00000,33.25643,stop,true,20.00000,14.00000,-7.43343,14.00000,target,true,20.00000,,-7.43343,14.00000,stop,true,20.00000,14.00000,-7.43343,14.00000,target,true,20.00000,,-7.43343,14.00000,stop,true,20.00000,14.00000,-10.87733,57.00000,target,true,20.00000,57.00000,-10.87733,57.00000
original_92,IBM,2026-04-22,2026-04-23,three_rising_lows_break,2026-04-29,4.00000,227.02850,-0.32024,3.00000,,false,stop,-5.00000,11.00000,target,5.00000,17.00000,stop,-5.00000,11.00000,target,5.00000,17.00000,timeout,-6.13018,-6.13018,target,5.00000,30.23869,target,5.00000,19.06038,target,5.00000,18.79361,stop,true,20.00000,14.00000,-7.43343,14.00000,target,true,20.00000,,-7.43343,14.00000,stop,true,20.00000,14.00000,-7.43343,14.00000,target,true,20.00000,,-7.43343,14.00000,stop,true,20.00000,14.00000,-10.87733,57.00000,target,true,20.00000,57.00000,-10.87733,57.00000
original_92,ISRG,2023-07-20,2023-07-24,next_open,2023-07-25,1.00000,322.76000,-0.24725,0.00000,,false,stop,-5.00000,8.00000,stop,-10.00000,18.00000,stop,-5.00000,8.00000,stop,-10.00000,18.00000,timeout,-6.16247,-6.16247,stop,-10.00000,-11.50081,stop,-10.00000,-7.60317,stop,-10.00000,-10.70765,stop,false,,8.00000,-12.69007,20.00000,stop,false,,18.00000,-12.69007,20.00000,stop,false,,8.00000,-12.69007,20.00000,stop,false,,18.00000,-12.69007,20.00000,stop,false,,8.00000,-17.94412,58.00000,stop,false,,18.00000,-17.94412,58.00000
original_92,ISRG,2023-07-20,2023-07-24,day3,2023-07-27,3.00000,331.71000,2.51885,2.00000,,false,stop,-5.00000,5.00000,stop,-10.00000,9.00000,stop,-5.00000,5.00000,stop,-10.00000,9.00000,stop,-10.00000,-8.15170,stop,-10.00000,-10.29815,stop,-10.00000,-10.09617,stop,-10.00000,-11.59447,stop,false,,8.00000,-12.69007,20.00000,stop,false,,18.00000,-12.69007,20.00000,stop,false,,8.00000,-12.69007,20.00000,stop,false,,18.00000,-12.69007,20.00000,stop,false,,8.00000,-17.94412,58.00000,stop,false,,18.00000,-17.94412,58.00000
original_92,ISRG,2023-07-20,2023-07-24,sma5_reversal,,,,,,no_signal,,,,,,,,,,,,,,,,,,,,,,,,,,stop,false,,8.00000,-12.69007,20.00000,stop,false,,18.00000,-12.69007,20.00000,stop,false,,8.00000,-12.69007,20.00000,stop,false,,18.00000,-12.69007,20.00000,stop,false,,8.00000,-17.94412,58.00000,stop,false,,18.00000,-17.94412,58.00000
original_92,ISRG,2023-07-20,2023-07-24,three_rising_lows_break,2023-08-16,17.00000,305.60000,-5.55075,16.00000,,false,stop,-5.00000,2.00000,target,5.00000,12.00000,stop,-5.00000,2.00000,target,5.00000,12.00000,timeout,4.24738,4.24738,target,5.00000,-3.29188,target,5.00000,-4.35537,target,5.00000,-10.61846,stop,false,,8.00000,-12.69007,20.00000,stop,false,,18.00000,-12.69007,20.00000,stop,false,,8.00000,-12.69007,20.00000,stop,false,,18.00000,-12.69007,20.00000,stop,false,,8.00000,-17.94412,58.00000,stop,false,,18.00000,-17.94412,58.00000
original_92,ISRG,2023-01-24,2023-01-25,next_open,2023-01-26,1.00000,246.48000,1.09926,0.00000,,false,target,5.00000,6.00000,target,5.00000,6.00000,target,5.00000,6.00000,target,5.00000,6.00000,target,5.00000,-0.93314,target,5.00000,-6.26014,target,5.00000,-8.81613,target,5.00000,2.47079,target,true,6.00000,,-4.86874,20.00000,target,true,6.00000,,-4.86874,20.00000,target,true,6.00000,21.00000,-8.67514,32.00000,target,true,6.00000,,-8.67514,32.00000,target,true,6.00000,21.00000,-8.67514,32.00000,target,true,6.00000,,-8.67514,32.00000
original_92,ISRG,2023-01-24,2023-01-25,day3,2023-01-30,3.00000,245.00000,0.49221,2.00000,,false,target,5.00000,4.00000,target,5.00000,4.00000,target,5.00000,4.00000,target,5.00000,4.00000,target,5.00000,0.05306,target,5.00000,-7.21224,target,5.00000,-1.83673,target,5.00000,4.27347,target,true,6.00000,,-4.86874,20.00000,target,true,6.00000,,-4.86874,20.00000,target,true,6.00000,21.00000,-8.67514,32.00000,target,true,6.00000,,-8.67514,32.00000,target,true,6.00000,21.00000,-8.67514,32.00000,target,true,6.00000,,-8.67514,32.00000
original_92,ISRG,2023-01-24,2023-01-25,sma5_reversal,2023-02-02,6.00000,253.85000,4.12223,5.00000,,false,stop,-5.00000,9.00000,stop,-10.00000,19.00000,stop,-5.00000,9.00000,stop,-10.00000,19.00000,timeout,-5.39295,-5.39295,stop,-10.00000,-7.47686,stop,-10.00000,-6.32263,stop,-10.00000,-0.12606,target,true,6.00000,,-4.86874,20.00000,target,true,6.00000,,-4.86874,20.00000,target,true,6.00000,21.00000,-8.67514,32.00000,target,true,6.00000,,-8.67514,32.00000,target,true,6.00000,21.00000,-8.67514,32.00000,target,true,6.00000,,-8.67514,32.00000
original_92,ISRG,2023-01-24,2023-01-25,three_rising_lows_break,2023-02-03,7.00000,257.81000,5.74651,6.00000,,true,stop,-5.00000,5.00000,stop,-10.00000,14.00000,stop,-5.00000,5.00000,stop,-10.00000,14.00000,timeout,-7.33098,-7.33098,stop,-10.00000,-8.89803,stop,-10.00000,-6.71425,stop,-10.00000,-1.20244,target,true,6.00000,,-4.86874,20.00000,target,true,6.00000,,-4.86874,20.00000,target,true,6.00000,21.00000,-8.67514,32.00000,target,true,6.00000,,-8.67514,32.00000,target,true,6.00000,21.00000,-8.67514,32.00000,target,true,6.00000,,-8.67514,32.00000
original_92,KLAC,2026-01-29,2026-01-30,next_open,2026-02-02,1.00000,139.48543,-1.95456,0.00000,,false,stop,-5.00000,2.00000,target,5.00000,8.00000,stop,-5.00000,2.00000,target,5.00000,8.00000,target,5.00000,4.57847,target,5.00000,5.55687,target,5.00000,8.10369,target,5.00000,8.48417,stop,true,8.00000,2.00000,-10.00742,3.00000,stop,true,8.00000,3.00000,-10.00742,3.00000,stop,true,8.00000,2.00000,-10.00742,3.00000,stop,true,8.00000,3.00000,-10.00742,3.00000,stop,true,8.00000,2.00000,-10.00742,3.00000,stop,true,8.00000,3.00000,-10.00742,3.00000
original_92,KLAC,2026-01-29,2026-01-30,day3,2026-02-04,3.00000,136.01829,-4.39164,2.00000,,false,stop,-5.00000,1.00000,target,5.00000,3.00000,stop,-5.00000,1.00000,target,5.00000,3.00000,target,5.00000,8.56951,target,5.00000,-1.38679,target,5.00000,9.91682,target,5.00000,11.24946,stop,true,8.00000,2.00000,-10.00742,3.00000,stop,true,8.00000,3.00000,-10.00742,3.00000,stop,true,8.00000,2.00000,-10.00742,3.00000,stop,true,8.00000,3.00000,-10.00742,3.00000,stop,true,8.00000,2.00000,-10.00742,3.00000,stop,true,8.00000,3.00000,-10.00742,3.00000
original_92,KLAC,2026-01-29,2026-01-30,sma5_reversal,2026-02-09,6.00000,143.46765,0.84457,5.00000,,false,target,5.00000,10.00000,target,5.00000,10.00000,target,5.00000,10.00000,target,5.00000,10.00000,target,5.00000,3.44396,target,5.00000,1.86831,target,5.00000,0.90386,target,5.00000,20.80121,stop,true,8.00000,2.00000,-10.00742,3.00000,stop,true,8.00000,3.00000,-10.00742,3.00000,stop,true,8.00000,2.00000,-10.00742,3.00000,stop,true,8.00000,3.00000,-10.00742,3.00000,stop,true,8.00000,2.00000,-10.00742,3.00000,stop,true,8.00000,3.00000,-10.00742,3.00000
original_92,KLAC,2026-01-29,2026-01-30,three_rising_lows_break,2026-02-09,6.00000,143.46765,0.84457,5.00000,,false,target,5.00000,10.00000,target,5.00000,10.00000,target,5.00000,10.00000,target,5.00000,10.00000,target,5.00000,3.44396,target,5.00000,1.86831,target,5.00000,0.90386,target,5.00000,20.80121,stop,true,8.00000,2.00000,-10.00742,3.00000,stop,true,8.00000,3.00000,-10.00742,3.00000,stop,true,8.00000,2.00000,-10.00742,3.00000,stop,true,8.00000,3.00000,-10.00742,3.00000,stop,true,8.00000,2.00000,-10.00742,3.00000,stop,true,8.00000,3.00000,-10.00742,3.00000
original_92,NFLX,2025-10-21,2025-10-22,next_open,2025-10-23,1.00000,112.69000,0.94324,0.00000,,false,timeout,-2.38708,,timeout,-2.38708,,stop,-5.00000,21.00000,stop,-12.34803,31.00000,timeout,-2.65152,-2.65152,timeout,-7.43633,-7.43633,stop,-12.34803,-11.04801,stop,-12.34803,-17.26861,timeout,false,,,-3.85176,10.00000,timeout,false,,,-3.85176,10.00000,stop,false,,21.00000,-17.27653,34.00000,stop,false,,31.00000,-17.27653,34.00000,stop,false,,21.00000,-22.05093,60.00000,stop,false,,31.00000,-22.05093,60.00000
original_92,NFLX,2025-10-21,2025-10-22,day3,2025-10-27,3.00000,110.06700,-1.40634,2.00000,,false,target,5.00000,13.00000,target,5.00000,13.00000,target,5.00000,13.00000,target,5.00000,13.00000,timeout,1.76256,1.76256,target,5.00000,-3.56783,target,5.00000,-14.51570,target,5.00000,-14.17046,timeout,false,,,-3.85176,10.00000,timeout,false,,,-3.85176,10.00000,stop,false,,21.00000,-17.27653,34.00000,stop,false,,31.00000,-17.27653,34.00000,stop,false,,21.00000,-22.05093,60.00000,stop,false,,31.00000,-22.05093,60.00000
original_92,NFLX,2025-10-21,2025-10-22,sma5_reversal,2025-11-03,8.00000,113.32400,1.51115,7.00000,,false,stop,-5.00000,1.00000,timeout,-3.70089,,stop,-5.00000,1.00000,stop,-10.00000,23.00000,timeout,-2.67728,-2.67728,timeout,-8.26303,-8.26303,stop,-10.00000,-17.05199,stop,-10.00000,-19.70809,timeout,false,,,-3.85176,10.00000,timeout,false,,,-3.85176,10.00000,stop,false,,21.00000,-17.27653,34.00000,stop,false,,31.00000,-17.27653,34.00000,stop,false,,21.00000,-22.05093,60.00000,stop,false,,31.00000,-22.05093,60.00000
original_92,NFLX,2025-10-21,2025-10-22,three_rising_lows_break,2025-11-11,14.00000,111.76000,0.11018,13.00000,,false,stop,-5.00000,8.00000,stop,-11.61865,18.00000,stop,-5.00000,8.00000,stop,-11.61865,18.00000,timeout,-6.58554,-6.58554,stop,-11.61865,-15.81067,stop,-11.61865,-15.47065,stop,-11.61865,-19.95347,timeout,false,,,-3.85176,10.00000,timeout,false,,,-3.85176,10.00000,stop,false,,21.00000,-17.27653,34.00000,stop,false,,31.00000,-17.27653,34.00000,stop,false,,21.00000,-22.05093,60.00000,stop,false,,31.00000,-22.05093,60.00000
original_92,NFLX,2025-07-17,2025-07-18,next_open,2025-07-21,1.00000,120.60000,-0.26794,0.00000,,false,stop,-5.00000,12.00000,timeout,2.73217,,stop,-5.00000,12.00000,target,5.00000,34.00000,timeout,-2.90299,-2.90299,timeout,0.65174,0.65174,timeout,4.26866,4.26866,target,5.00000,1.73881,stop,false,,12.00000,-5.33641,12.00000,timeout,false,,,-5.33641,12.00000,stop,false,,12.00000,-5.33641,12.00000,timeout,false,,,-5.33641,12.00000,stop,false,,12.00000,-6.22209,53.00000,timeout,false,,,-6.22209,53.00000
original_92,NFLX,2025-07-17,2025-07-18,day3,2025-07-23,3.00000,118.98100,-1.60679,2.00000,,false,target,5.00000,19.00000,target,5.00000,19.00000,target,5.00000,19.00000,target,5.00000,19.00000,timeout,-0.95225,-0.95225,target,5.00000,1.24726,target,5.00000,4.53938,target,5.00000,3.12319,stop,false,,12.00000,-5.33641,12.00000,timeout,false,,,-5.33641,12.00000,stop,false,,12.00000,-5.33641,12.00000,timeout,false,,,-5.33641,12.00000,stop,false,,12.00000,-6.22209,53.00000,timeout,false,,,-6.22209,53.00000
original_92,NFLX,2025-07-17,2025-07-18,sma5_reversal,2025-07-31,9.00000,118.48000,-2.02110,8.00000,,false,target,5.00000,11.00000,target,5.00000,11.00000,target,5.00000,11.00000,target,5.00000,11.00000,target,5.00000,3.86226,target,5.00000,1.97924,target,5.00000,0.30722,target,5.00000,1.82394,stop,false,,12.00000,-5.33641,12.00000,timeout,false,,,-5.33641,12.00000,stop,false,,12.00000,-5.33641,12.00000,timeout,false,,,-5.33641,12.00000,stop,false,,12.00000,-6.22209,53.00000,timeout,false,,,-6.22209,53.00000
original_92,NFLX,2025-07-17,2025-07-18,three_rising_lows_break,2025-08-11,16.00000,121.40100,0.39446,15.00000,,false,timeout,2.53293,,timeout,2.53293,,stop,-5.00000,38.00000,timeout,-4.17624,,timeout,0.33443,0.33443,timeout,2.77592,2.77592,timeout,-0.47528,-0.47528,timeout,0.50000,0.50000,stop,false,,12.00000,-5.33641,12.00000,timeout,false,,,-5.33641,12.00000,stop,false,,12.00000,-5.33641,12.00000,timeout,false,,,-5.33641,12.00000,stop,false,,12.00000,-6.22209,53.00000,timeout,false,,,-6.22209,53.00000
original_92,NFLX,2023-07-19,2023-07-20,next_open,2023-07-21,1.00000,43.73700,-0.01143,0.00000,,false,stop,-5.00000,5.00000,timeout,-7.85834,,stop,-5.00000,5.00000,timeout,-9.24389,,timeout,-1.31925,-1.31925,timeout,-7.50852,-7.50852,timeout,0.57388,0.57388,stop,-10.00000,-9.41308,stop,false,,5.00000,-8.19309,20.00000,timeout,false,,,-8.19309,20.00000,stop,false,,5.00000,-9.69091,40.00000,timeout,false,,,-9.69091,40.00000,stop,false,,5.00000,-19.51671,60.00000,stop,false,,41.00000,-19.51671,60.00000
original_92,NFLX,2023-07-19,2023-07-20,day3,2023-07-25,3.00000,42.71800,-2.34100,2.00000,,false,stop,-5.00000,18.00000,timeout,-4.42202,,stop,-5.00000,18.00000,target,5.00000,30.00000,timeout,2.60312,2.60312,timeout,-4.74039,-4.74039,target,5.00000,3.65654,target,5.00000,-11.08900,stop,false,,5.00000,-8.19309,20.00000,timeout,false,,,-8.19309,20.00000,stop,false,,5.00000,-9.69091,40.00000,timeout,false,,,-9.69091,40.00000,stop,false,,5.00000,-19.51671,60.00000,stop,false,,41.00000,-19.51671,60.00000
original_92,NFLX,2023-07-19,2023-07-20,sma5_reversal,2023-08-08,13.00000,44.03600,0.67212,12.00000,,false,stop,-5.00000,7.00000,timeout,1.88936,,stop,-5.00000,7.00000,stop,-10.00000,28.00000,timeout,-6.17449,-6.17449,timeout,0.63130,0.63130,stop,-10.00000,-13.75011,stop,-10.00000,-13.36407,stop,false,,5.00000,-8.19309,20.00000,timeout,false,,,-8.19309,20.00000,stop,false,,5.00000,-9.69091,40.00000,timeout,false,,,-9.69091,40.00000,stop,false,,5.00000,-19.51671,60.00000,stop,false,,41.00000,-19.51671,60.00000
original_92,NFLX,2023-07-19,2023-07-20,three_rising_lows_break,2023-08-01,8.00000,43.73700,-0.01143,7.00000,,false,stop,-5.00000,12.00000,timeout,-4.41503,,stop,-5.00000,12.00000,stop,-10.00000,34.00000,timeout,-3.12550,-3.12550,timeout,-0.84368,-0.84368,timeout,-9.24389,-9.24389,stop,-10.00000,-13.66577,stop,false,,5.00000,-8.19309,20.00000,timeout,false,,,-8.19309,20.00000,stop,false,,5.00000,-9.69091,40.00000,timeout,false,,,-9.69091,40.00000,stop,false,,5.00000,-19.51671,60.00000,stop,false,,41.00000,-19.51671,60.00000
original_92,NOW,2026-01-28,2026-01-29,next_open,2026-01-30,1.00000,117.54000,0.69391,0.00000,,false,stop,-5.00000,3.00000,stop,-10.00000,4.00000,stop,-5.00000,3.00000,stop,-10.00000,4.00000,stop,-10.00000,-8.89910,stop,-10.00000,-8.10788,stop,-10.00000,-2.26306,stop,-10.00000,-11.05156,stop,false,,3.00000,-16.04558,7.00000,stop,false,,5.00000,-16.04558,7.00000,stop,true,25.00000,3.00000,-16.04558,7.00000,stop,true,25.00000,5.00000,-16.04558,7.00000,stop,true,25.00000,3.00000,-30.40350,49.00000,stop,true,25.00000,5.00000,-30.40350,49.00000
original_92,NOW,2026-01-28,2026-01-29,day3,2026-02-03,3.00000,115.02000,-1.46492,2.00000,,false,stop,-5.00000,1.00000,stop,-10.00000,3.00000,stop,-5.00000,1.00000,stop,-10.00000,3.00000,stop,-10.00000,-7.92036,stop,-10.00000,4.66006,stop,-10.00000,-4.03408,stop,-10.00000,-11.31977,stop,false,,3.00000,-16.04558,7.00000,stop,false,,5.00000,-16.04558,7.00000,stop,true,25.00000,3.00000,-16.04558,7.00000,stop,true,25.00000,5.00000,-16.04558,7.00000,stop,true,25.00000,3.00000,-30.40350,49.00000,stop,true,25.00000,5.00000,-30.40350,49.00000
original_92,NOW,2026-01-28,2026-01-29,sma5_reversal,2026-02-11,9.00000,105.58000,-9.55196,8.00000,,false,stop,-5.00000,1.00000,target,5.00000,13.00000,stop,-5.00000,1.00000,target,5.00000,13.00000,timeout,-1.27865,-1.27865,target,5.00000,7.61508,target,5.00000,-5.84391,target,5.00000,-21.38663,stop,false,,3.00000,-16.04558,7.00000,stop,false,,5.00000,-16.04558,7.00000,stop,true,25.00000,3.00000,-16.04558,7.00000,stop,true,25.00000,5.00000,-16.04558,7.00000,stop,true,25.00000,3.00000,-30.40350,49.00000,stop,true,25.00000,5.00000,-30.40350,49.00000
original_92,NOW,2026-01-28,2026-01-29,three_rising_lows_break,,,,,,no_signal,,,,,,,,,,,,,,,,,,,,,,,,,,stop,false,,3.00000,-16.04558,7.00000,stop,false,,5.00000,-16.04558,7.00000,stop,true,25.00000,3.00000,-16.04558,7.00000,stop,true,25.00000,5.00000,-16.04558,7.00000,stop,true,25.00000,3.00000,-30.40350,49.00000,stop,true,25.00000,5.00000,-30.40350,49.00000
original_92,NOW,2025-01-29,2025-01-30,next_open,2025-01-31,1.00000,206.40200,1.90175,0.00000,,false,stop,-5.00000,9.00000,stop,-10.00000,16.00000,stop,-5.00000,9.00000,stop,-10.00000,16.00000,timeout,-4.39724,-4.39724,stop,-10.00000,-9.90785,stop,-10.00000,-18.32153,stop,-10.00000,-21.36123,stop,false,,14.00000,-11.30980,17.00000,stop,false,,17.00000,-11.30980,17.00000,stop,false,,14.00000,-23.18835,26.00000,stop,false,,17.00000,-23.18835,26.00000,stop,false,,14.00000,-32.98852,46.00000,stop,false,,17.00000,-32.98852,46.00000
original_92,NOW,2025-01-29,2025-01-30,day3,2025-02-04,3.00000,207.98200,2.68181,2.00000,,false,stop,-5.00000,7.00000,stop,-10.00000,13.00000,stop,-5.00000,7.00000,stop,-10.00000,13.00000,timeout,-4.08016,-4.08016,stop,-10.00000,-16.61875,stop,-10.00000,-20.40177,stop,-10.00000,-30.60457,stop,false,,14.00000,-11.30980,17.00000,stop,false,,17.00000,-11.30980,17.00000,stop,false,,14.00000,-23.18835,26.00000,stop,false,,17.00000,-23.18835,26.00000,stop,false,,14.00000,-32.98852,46.00000,stop,false,,17.00000,-32.98852,46.00000
original_92,NOW,2025-01-29,2025-01-30,sma5_reversal,2025-02-19,13.00000,199.46400,-1.52357,12.00000,,false,stop,-5.00000,3.00000,stop,-10.00000,10.00000,stop,-5.00000,3.00000,stop,-10.00000,10.00000,stop,-10.00000,-8.17491,stop,-10.00000,-17.00257,stop,-10.00000,-27.64108,stop,-10.00000,-22.57651,stop,false,,14.00000,-11.30980,17.00000,stop,false,,17.00000,-11.30980,17.00000,stop,false,,14.00000,-23.18835,26.00000,stop,false,,17.00000,-23.18835,26.00000,stop,false,,14.00000,-32.98852,46.00000,stop,false,,17.00000,-32.98852,46.00000
original_92,NOW,2025-01-29,2025-01-30,three_rising_lows_break,,,,,,no_signal,,,,,,,,,,,,,,,,,,,,,,,,,,stop,false,,14.00000,-11.30980,17.00000,stop,false,,17.00000,-11.30980,17.00000,stop,false,,14.00000,-23.18835,26.00000,stop,false,,17.00000,-23.18835,26.00000,stop,false,,14.00000,-32.98852,46.00000,stop,false,,17.00000,-32.98852,46.00000
original_92,PANW,2026-06-02,2026-06-03,next_open,2026-06-04,1.00000,269.85500,-3.77099,0.00000,,false,stop,-5.00000,4.00000,target,5.00000,8.00000,stop,-5.00000,4.00000,target,5.00000,8.00000,target,5.00000,6.64246,target,5.00000,28.98038,target,5.00000,32.91583,target,5.00000,28.63575,stop,true,12.00000,3.00000,-10.44111,4.00000,stop,true,12.00000,4.00000,-10.44111,4.00000,stop,true,12.00000,3.00000,-10.44111,4.00000,stop,true,12.00000,4.00000,-10.44111,4.00000,stop,true,12.00000,3.00000,-10.44111,4.00000,stop,true,12.00000,4.00000,-10.44111,4.00000
original_92,PANW,2026-06-02,2026-06-03,day3,2026-06-08,3.00000,269.63000,-3.85123,2.00000,,false,stop,-5.00000,2.00000,target,5.00000,6.00000,stop,-5.00000,2.00000,target,5.00000,6.00000,target,5.00000,6.21963,target,5.00000,18.89997,target,5.00000,20.76920,target,5.00000,34.94789,stop,true,12.00000,3.00000,-10.44111,4.00000,stop,true,12.00000,4.00000,-10.44111,4.00000,stop,true,12.00000,3.00000,-10.44111,4.00000,stop,true,12.00000,4.00000,-10.44111,4.00000,stop,true,12.00000,3.00000,-10.44111,4.00000,stop,true,12.00000,4.00000,-10.44111,4.00000
original_92,PANW,2026-06-02,2026-06-03,sma5_reversal,2026-06-12,7.00000,276.93500,-1.24630,6.00000,,false,target,5.00000,6.00000,target,5.00000,6.00000,target,5.00000,6.00000,target,5.00000,6.00000,target,5.00000,9.84527,target,5.00000,17.68466,target,5.00000,14.58284,target,5.00000,38.58848,stop,true,12.00000,3.00000,-10.44111,4.00000,stop,true,12.00000,4.00000,-10.44111,4.00000,stop,true,12.00000,3.00000,-10.44111,4.00000,stop,true,12.00000,4.00000,-10.44111,4.00000,stop,true,12.00000,3.00000,-10.44111,4.00000,stop,true,12.00000,4.00000,-10.44111,4.00000
original_92,PANW,2026-06-02,2026-06-03,three_rising_lows_break,2026-06-12,7.00000,276.93500,-1.24630,6.00000,,false,target,5.00000,6.00000,target,5.00000,6.00000,target,5.00000,6.00000,target,5.00000,6.00000,target,5.00000,9.84527,target,5.00000,17.68466,target,5.00000,14.58284,target,5.00000,38.58848,stop,true,12.00000,3.00000,-10.44111,4.00000,stop,true,12.00000,4.00000,-10.44111,4.00000,stop,true,12.00000,3.00000,-10.44111,4.00000,stop,true,12.00000,4.00000,-10.44111,4.00000,stop,true,12.00000,3.00000,-10.44111,4.00000,stop,true,12.00000,4.00000,-10.44111,4.00000
original_92,PANW,2026-02-17,2026-02-18,next_open,2026-02-19,1.00000,152.48000,0.08533,0.00000,,false,stop,-5.00000,3.00000,target,5.00000,10.00000,stop,-5.00000,3.00000,target,5.00000,10.00000,target,5.00000,7.00420,target,5.00000,6.86647,target,5.00000,7.03699,target,5.00000,11.20147,stop,true,10.00000,3.00000,-8.38819,4.00000,target,true,10.00000,,-8.38819,4.00000,stop,true,10.00000,3.00000,-8.38819,4.00000,target,true,10.00000,,-8.38819,4.00000,stop,true,10.00000,3.00000,-8.38819,4.00000,target,true,10.00000,,-8.38819,4.00000
original_92,PANW,2026-02-17,2026-02-18,day3,2026-02-23,3.00000,147.72000,-3.03905,2.00000,,false,stop,-5.00000,2.00000,target,5.00000,7.00000,stop,-5.00000,2.00000,target,5.00000,7.00000,target,5.00000,11.76550,target,5.00000,3.72326,target,5.00000,13.04495,target,5.00000,20.86380,stop,true,10.00000,3.00000,-8.38819,4.00000,target,true,10.00000,,-8.38819,4.00000,stop,true,10.00000,3.00000,-8.38819,4.00000,target,true,10.00000,,-8.38819,4.00000,stop,true,10.00000,3.00000,-8.38819,4.00000,target,true,10.00000,,-8.38819,4.00000
original_92,PANW,2026-02-17,2026-02-18,sma5_reversal,2026-02-27,7.00000,147.16500,-3.40335,6.00000,,false,target,5.00000,3.00000,target,5.00000,3.00000,target,5.00000,3.00000,target,5.00000,3.00000,target,5.00000,13.48826,target,5.00000,-0.09853,target,5.00000,10.42707,target,5.00000,22.98441,stop,true,10.00000,3.00000,-8.38819,4.00000,target,true,10.00000,,-8.38819,4.00000,stop,true,10.00000,3.00000,-8.38819,4.00000,target,true,10.00000,,-8.38819,4.00000,stop,true,10.00000,3.00000,-8.38819,4.00000,target,true,10.00000,,-8.38819,4.00000
original_92,PANW,2026-02-17,2026-02-18,three_rising_lows_break,2026-02-27,7.00000,147.16500,-3.40335,6.00000,,false,target,5.00000,3.00000,target,5.00000,3.00000,target,5.00000,3.00000,target,5.00000,3.00000,target,5.00000,13.48826,target,5.00000,-0.09853,target,5.00000,10.42707,target,5.00000,22.98441,stop,true,10.00000,3.00000,-8.38819,4.00000,target,true,10.00000,,-8.38819,4.00000,stop,true,10.00000,3.00000,-8.38819,4.00000,target,true,10.00000,,-8.38819,4.00000,stop,true,10.00000,3.00000,-8.38819,4.00000,target,true,10.00000,,-8.38819,4.00000
original_92,PANW,2025-11-19,2025-11-20,next_open,2025-11-21,1.00000,185.01000,-0.03242,0.00000,,false,target,5.00000,9.00000,target,5.00000,9.00000,target,5.00000,9.00000,target,5.00000,9.00000,target,5.00000,7.47527,target,5.00000,1.01076,target,5.00000,-1.56208,target,5.00000,-0.51349,target,true,9.00000,,-2.71249,1.00000,target,true,9.00000,,-2.71249,1.00000,target,true,9.00000,,-4.23623,28.00000,target,true,9.00000,,-4.23623,28.00000,target,true,9.00000,46.00000,-20.48954,59.00000,target,true,9.00000,49.00000,-20.48954,59.00000
original_92,PANW,2025-11-19,2025-11-20,day3,2025-11-25,3.00000,183.53000,-0.83212,2.00000,,false,target,5.00000,6.00000,target,5.00000,6.00000,target,5.00000,6.00000,target,5.00000,6.00000,target,5.00000,6.24966,target,5.00000,2.01057,target,5.00000,2.99134,target,5.00000,-1.82531,target,true,9.00000,,-2.71249,1.00000,target,true,9.00000,,-2.71249,1.00000,target,true,9.00000,,-4.23623,28.00000,target,true,9.00000,,-4.23623,28.00000,target,true,9.00000,46.00000,-20.48954,59.00000,target,true,9.00000,49.00000,-20.48954,59.00000
original_92,PANW,2025-11-19,2025-11-20,sma5_reversal,,,,,,no_signal,,,,,,,,,,,,,,,,,,,,,,,,,,target,true,9.00000,,-2.71249,1.00000,target,true,9.00000,,-2.71249,1.00000,target,true,9.00000,,-4.23623,28.00000,target,true,9.00000,,-4.23623,28.00000,target,true,9.00000,46.00000,-20.48954,59.00000,target,true,9.00000,49.00000,-20.48954,59.00000
original_92,PANW,2025-11-19,2025-11-20,three_rising_lows_break,2025-12-01,6.00000,189.54000,2.41530,5.00000,,false,target,5.00000,5.00000,target,5.00000,5.00000,target,5.00000,5.00000,target,5.00000,5.00000,target,5.00000,-1.93099,target,5.00000,-2.81735,target,5.00000,-0.95494,target,5.00000,-6.63185,target,true,9.00000,,-2.71249,1.00000,target,true,9.00000,,-2.71249,1.00000,target,true,9.00000,,-4.23623,28.00000,target,true,9.00000,,-4.23623,28.00000,target,true,9.00000,46.00000,-20.48954,59.00000,target,true,9.00000,49.00000,-20.48954,59.00000
original_92,PANW,2025-05-20,2025-05-21,next_open,2025-05-22,1.00000,183.01000,0.96546,0.00000,,false,target,5.00000,6.00000,target,5.00000,6.00000,target,5.00000,6.00000,target,5.00000,6.00000,target,5.00000,7.70450,target,5.00000,8.86837,target,5.00000,10.27813,target,5.00000,9.21808,target,true,6.00000,,0.66203,1.00000,target,true,6.00000,,0.66203,1.00000,target,true,6.00000,,0.66203,1.00000,target,true,6.00000,,0.66203,1.00000,target,true,6.00000,49.00000,-8.85468,53.00000,target,true,6.00000,,-8.85468,53.00000
original_92,PANW,2025-05-20,2025-05-21,day3,2025-05-27,3.00000,188.67000,4.08805,2.00000,,false,target,5.00000,6.00000,target,5.00000,6.00000,target,5.00000,6.00000,target,5.00000,6.00000,target,5.00000,3.85859,target,5.00000,7.24546,target,5.00000,-0.67843,target,5.00000,7.73838,target,true,6.00000,,0.66203,1.00000,target,true,6.00000,,0.66203,1.00000,target,true,6.00000,,0.66203,1.00000,target,true,6.00000,,0.66203,1.00000,target,true,6.00000,49.00000,-8.85468,53.00000,target,true,6.00000,,-8.85468,53.00000
original_92,PANW,2025-05-20,2025-05-21,sma5_reversal,2025-06-02,7.00000,192.14000,6.00243,6.00000,,true,target,5.00000,12.00000,target,5.00000,12.00000,target,5.00000,12.00000,target,5.00000,12.00000,timeout,3.10711,3.10711,target,5.00000,2.51379,target,5.00000,2.15468,target,5.00000,-10.02394,target,true,6.00000,,0.66203,1.00000,target,true,6.00000,,0.66203,1.00000,target,true,6.00000,,0.66203,1.00000,target,true,6.00000,,0.66203,1.00000,target,true,6.00000,49.00000,-8.85468,53.00000,target,true,6.00000,,-8.85468,53.00000
original_92,PANW,2025-05-20,2025-05-21,three_rising_lows_break,2025-06-03,8.00000,195.00000,7.58027,7.00000,,true,target,5.00000,15.00000,target,5.00000,15.00000,target,5.00000,15.00000,target,5.00000,15.00000,timeout,3.61538,3.61538,target,5.00000,3.49744,target,5.00000,0.40000,target,5.00000,-11.34359,target,true,6.00000,,0.66203,1.00000,target,true,6.00000,,0.66203,1.00000,target,true,6.00000,,0.66203,1.00000,target,true,6.00000,,0.66203,1.00000,target,true,6.00000,49.00000,-8.85468,53.00000,target,true,6.00000,,-8.85468,53.00000
original_92,PANW,2024-02-20,2024-02-21,next_open,2024-02-22,1.00000,137.06335,4.64049,0.00000,,false,target,5.25060,3.00000,target,5.25060,3.00000,target,5.25060,3.00000,target,5.25060,3.00000,target,5.25060,4.50824,target,5.25060,4.61586,target,5.25060,-1.86655,target,5.25060,2.75540,target,true,1.00000,,1.15662,1.00000,target,true,1.00000,,1.15662,1.00000,target,true,1.00000,,1.15662,1.00000,target,true,1.00000,,1.15662,1.00000,target,true,1.00000,,1.15662,1.00000,target,true,1.00000,,1.15662,1.00000
original_92,PANW,2024-02-20,2024-02-21,day3,2024-02-26,3.00000,144.26000,10.13475,2.00000,,true,target,5.00000,1.00000,target,5.00000,1.00000,target,5.00000,1.00000,target,5.00000,1.00000,target,5.00000,-1.79884,target,5.00000,-2.16969,target,5.00000,-1.61514,target,5.00000,1.00513,target,true,1.00000,,1.15662,1.00000,target,true,1.00000,,1.15662,1.00000,target,true,1.00000,,1.15662,1.00000,target,true,1.00000,,1.15662,1.00000,target,true,1.00000,,1.15662,1.00000,target,true,1.00000,,1.15662,1.00000
original_92,PANW,2024-02-20,2024-02-21,sma5_reversal,,,,,,no_signal,,,,,,,,,,,,,,,,,,,,,,,,,,target,true,1.00000,,1.15662,1.00000,target,true,1.00000,,1.15662,1.00000,target,true,1.00000,,1.15662,1.00000,target,true,1.00000,,1.15662,1.00000,target,true,1.00000,,1.15662,1.00000,target,true,1.00000,,1.15662,1.00000
original_92,PANW,2024-02-20,2024-02-21,three_rising_lows_break,,,,,3.00000,chase_skip,,,,,,,,,,,,,,,,,,,,,,,,,,target,true,1.00000,,1.15662,1.00000,target,true,1.00000,,1.15662,1.00000,target,true,1.00000,,1.15662,1.00000,target,true,1.00000,,1.15662,1.00000,target,true,1.00000,,1.15662,1.00000,target,true,1.00000,,1.15662,1.00000
original_92,PANW,2023-11-15,2023-11-16,next_open,2023-11-17,1.00000,121.52000,0.30541,0.00000,,false,target,5.00000,2.00000,target,5.00000,2.00000,target,5.00000,2.00000,target,5.00000,2.00000,target,5.00000,21.85648,target,5.00000,26.44009,target,5.00000,21.32982,target,5.00000,36.62360,target,true,2.00000,,0.28064,1.00000,target,true,2.00000,,0.28064,1.00000,target,true,2.00000,,0.28064,1.00000,target,true,2.00000,,0.28064,1.00000,target,true,2.00000,,0.28064,1.00000,target,true,2.00000,,0.28064,1.00000
original_92,PANW,2023-11-15,2023-11-16,day3,2023-11-21,3.00000,129.77500,7.11927,2.00000,,true,target,5.00000,5.00000,target,5.00000,5.00000,target,5.00000,5.00000,target,5.00000,5.00000,target,5.00000,12.80293,target,5.00000,15.35350,target,5.00000,9.00790,target,5.00000,30.12522,target,true,2.00000,,0.28064,1.00000,target,true,2.00000,,0.28064,1.00000,target,true,2.00000,,0.28064,1.00000,target,true,2.00000,,0.28064,1.00000,target,true,2.00000,,0.28064,1.00000,target,true,2.00000,,0.28064,1.00000
original_92,PANW,2023-11-15,2023-11-16,sma5_reversal,,,,,,no_signal,,,,,,,,,,,,,,,,,,,,,,,,,,target,true,2.00000,,0.28064,1.00000,target,true,2.00000,,0.28064,1.00000,target,true,2.00000,,0.28064,1.00000,target,true,2.00000,,0.28064,1.00000,target,true,2.00000,,0.28064,1.00000,target,true,2.00000,,0.28064,1.00000
original_92,PANW,2023-11-15,2023-11-16,three_rising_lows_break,,,,,3.00000,chase_skip,,,,,,,,,,,,,,,,,,,,,,,,,,target,true,2.00000,,0.28064,1.00000,target,true,2.00000,,0.28064,1.00000,target,true,2.00000,,0.28064,1.00000,target,true,2.00000,,0.28064,1.00000,target,true,2.00000,,0.28064,1.00000,target,true,2.00000,,0.28064,1.00000
original_92,PYPL,2024-02-07,2024-02-08,next_open,2024-02-09,1.00000,55.58512,0.13362,0.00000,,false,target,5.00000,1.00000,target,5.00000,1.00000,target,5.00000,1.00000,target,5.00000,1.00000,target,5.00000,5.25754,target,5.00000,4.99066,target,5.00000,17.42728,target,5.00000,19.20648,target,true,1.00000,,0.05363,1.00000,target,true,1.00000,,0.05363,1.00000,target,true,1.00000,,0.05363,1.00000,target,true,1.00000,,0.05363,1.00000,target,true,1.00000,,0.05363,1.00000,target,true,1.00000,,0.05363,1.00000
original_92,PYPL,2024-02-07,2024-02-08,day3,2024-02-13,3.00000,57.24165,3.11776,2.00000,,true,target,5.00000,11.00000,target,5.00000,11.00000,target,5.00000,11.00000,target,5.00000,11.00000,timeout,3.93918,3.93918,target,5.00000,8.84589,target,5.00000,15.73946,target,5.00000,11.59295,target,true,1.00000,,0.05363,1.00000,target,true,1.00000,,0.05363,1.00000,target,true,1.00000,,0.05363,1.00000,target,true,1.00000,,0.05363,1.00000,target,true,1.00000,,0.05363,1.00000,target,true,1.00000,,0.05363,1.00000
original_92,PYPL,2024-02-07,2024-02-08,sma5_reversal,2024-02-26,11.00000,58.28007,4.98842,10.00000,,true,target,5.00000,13.00000,target,5.00000,13.00000,target,5.00000,13.00000,target,5.00000,13.00000,timeout,1.95147,1.95147,target,5.00000,12.96453,target,5.00000,11.65790,target,5.00000,11.92941,target,true,1.00000,,0.05363,1.00000,target,true,1.00000,,0.05363,1.00000,target,true,1.00000,,0.05363,1.00000,target,true,1.00000,,0.05363,1.00000,target,true,1.00000,,0.05363,1.00000,target,true,1.00000,,0.05363,1.00000
original_92,PYPL,2024-02-07,2024-02-08,three_rising_lows_break,2024-02-26,11.00000,58.28007,4.98842,10.00000,,true,target,5.00000,13.00000,target,5.00000,13.00000,target,5.00000,13.00000,target,5.00000,13.00000,timeout,1.95147,1.95147,target,5.00000,12.96453,target,5.00000,11.65790,target,5.00000,11.92941,target,true,1.00000,,0.05363,1.00000,target,true,1.00000,,0.05363,1.00000,target,true,1.00000,,0.05363,1.00000,target,true,1.00000,,0.05363,1.00000,target,true,1.00000,,0.05363,1.00000,target,true,1.00000,,0.05363,1.00000
original_92,PYPL,2023-08-02,2023-08-03,next_open,2023-08-04,1.00000,64.08533,0.96603,0.00000,,false,stop,-5.00000,6.00000,stop,-10.00000,10.00000,stop,-5.00000,6.00000,stop,-10.00000,10.00000,stop,-10.00000,-8.30247,stop,-10.00000,-1.89815,stop,-10.00000,-2.87037,stop,-10.00000,-11.57408,stop,false,,8.00000,-10.73543,11.00000,stop,false,,11.00000,-10.73543,11.00000,stop,false,,8.00000,-11.91960,38.00000,stop,false,,11.00000,-11.91960,38.00000,stop,false,,8.00000,-21.70458,60.00000,stop,false,,11.00000,-21.70458,60.00000
original_92,PYPL,2023-08-02,2023-08-03,day3,2023-08-08,3.00000,63.06669,-0.63883,2.00000,,false,stop,-5.00000,6.00000,stop,-10.00470,9.00000,stop,-5.00000,6.00000,stop,-10.00470,9.00000,stop,-10.00470,-4.37510,stop,-10.00470,-3.32445,stop,-10.00470,-9.23632,stop,-10.00470,-9.40881,stop,false,,8.00000,-10.73543,11.00000,stop,false,,11.00000,-10.73543,11.00000,stop,false,,8.00000,-11.91960,38.00000,stop,false,,11.00000,-11.91960,38.00000,stop,false,,8.00000,-21.70458,60.00000,stop,false,,11.00000,-21.70458,60.00000
original_92,PYPL,2023-08-02,2023-08-03,sma5_reversal,2023-08-15,8.00000,62.06782,-2.21253,7.00000,,false,stop,-5.00000,1.00000,timeout,0.07967,,stop,-5.00000,1.00000,stop,-10.00000,38.00000,timeout,-0.41428,-0.41428,timeout,2.67687,2.67687,timeout,-6.85150,-6.85150,stop,-10.00000,-11.16953,stop,false,,8.00000,-10.73543,11.00000,stop,false,,11.00000,-10.73543,11.00000,stop,false,,8.00000,-11.91960,38.00000,stop,false,,11.00000,-11.91960,38.00000,stop,false,,8.00000,-21.70458,60.00000,stop,false,,11.00000,-21.70458,60.00000
original_92,PYPL,2023-08-02,2023-08-03,three_rising_lows_break,2023-08-23,14.00000,60.60415,-4.51854,13.00000,,false,target,5.00000,16.00000,target,5.00000,16.00000,target,5.00000,16.00000,target,5.00000,16.00000,timeout,2.48042,2.48042,target,5.00000,-5.54830,target,5.00000,-5.72781,target,5.00000,-12.87533,stop,false,,8.00000,-10.73543,11.00000,stop,false,,11.00000,-10.73543,11.00000,stop,false,,8.00000,-11.91960,38.00000,stop,false,,11.00000,-11.91960,38.00000,stop,false,,8.00000,-21.70458,60.00000,stop,false,,11.00000,-21.70458,60.00000
original_92,PYPL,2023-05-08,2023-05-09,next_open,2023-05-10,1.00000,65.76658,0.90281,0.00000,,false,stop,-5.00000,1.00000,stop,-10.00000,12.00000,stop,-5.00000,1.00000,stop,-10.00000,12.00000,timeout,-7.06767,-7.06767,stop,-10.00000,-4.52632,stop,-10.00000,0.66166,stop,-10.00000,0.43609,stop,false,,3.00000,-10.55307,13.00000,stop,false,,13.00000,-10.55307,13.00000,stop,false,,3.00000,-10.55307,13.00000,stop,false,,13.00000,-10.55307,13.00000,stop,true,41.00000,3.00000,-10.55307,13.00000,stop,true,41.00000,13.00000,-10.55307,13.00000
original_92,PYPL,2023-05-08,2023-05-09,day3,2023-05-12,3.00000,63.39305,-2.73879,2.00000,,false,stop,-5.00000,3.00000,timeout,-0.95164,,stop,-5.00000,3.00000,target,5.00000,26.00000,timeout,-6.05304,-6.05304,timeout,-0.95164,-0.95164,target,5.00000,3.65055,target,5.00000,10.17161,stop,false,,3.00000,-10.55307,13.00000,stop,false,,13.00000,-10.55307,13.00000,stop,false,,3.00000,-10.55307,13.00000,stop,false,,13.00000,-10.55307,13.00000,stop,true,41.00000,3.00000,-10.55307,13.00000,stop,true,41.00000,13.00000,-10.55307,13.00000
original_92,PYPL,2023-05-08,2023-05-09,sma5_reversal,2023-05-23,10.00000,62.33485,-4.36234,9.00000,,false,stop,-5.00000,3.00000,target,5.00000,17.00000,stop,-5.00000,3.00000,target,5.00000,17.00000,timeout,3.15723,3.15723,target,5.00000,8.78947,target,5.00000,5.96541,target,5.00000,15.80200,stop,false,,3.00000,-10.55307,13.00000,stop,false,,13.00000,-10.55307,13.00000,stop,false,,3.00000,-10.55307,13.00000,stop,false,,13.00000,-10.55307,13.00000,stop,true,41.00000,3.00000,-10.55307,13.00000,stop,true,41.00000,13.00000,-10.55307,13.00000
original_92,PYPL,2023-05-08,2023-05-09,three_rising_lows_break,2023-06-05,18.00000,63.36338,-2.78431,17.00000,,false,target,5.00000,11.00000,target,5.00000,11.00000,target,5.00000,11.00000,target,5.00000,11.00000,timeout,3.68347,3.68347,target,5.00000,7.46059,target,5.00000,13.96910,target,5.00000,-2.06025,stop,false,,3.00000,-10.55307,13.00000,stop,false,,13.00000,-10.55307,13.00000,stop,false,,3.00000,-10.55307,13.00000,stop,false,,13.00000,-10.55307,13.00000,stop,true,41.00000,3.00000,-10.55307,13.00000,stop,true,41.00000,13.00000,-10.55307,13.00000
original_92,QCOM,2026-02-04,2026-02-05,next_open,2026-02-06,1.00000,134.76295,0.41820,0.00000,,false,target,5.00000,8.00000,target,5.00000,8.00000,target,5.00000,8.00000,target,5.00000,8.00000,target,5.00000,4.39103,target,5.00000,-0.22562,target,5.00000,-5.62281,target,5.00000,-8.76994,target,true,7.00000,,-1.48451,20.00000,target,true,7.00000,,-1.48451,20.00000,target,true,7.00000,31.00000,-8.65424,40.00000,target,true,7.00000,,-8.65424,40.00000,target,true,7.00000,31.00000,-9.92426,41.00000,target,true,7.00000,,-9.92426,41.00000
original_92,QCOM,2026-02-04,2026-02-05,day3,2026-02-10,3.00000,136.01832,1.35363,2.00000,,false,target,5.00000,10.00000,target,5.00000,10.00000,target,5.00000,10.00000,target,5.00000,10.00000,target,5.00000,4.80292,target,5.00000,-4.45399,target,5.00000,-7.39723,target,5.00000,-6.70513,target,true,7.00000,,-1.48451,20.00000,target,true,7.00000,,-1.48451,20.00000,target,true,7.00000,31.00000,-8.65424,40.00000,target,true,7.00000,,-8.65424,40.00000,target,true,7.00000,31.00000,-9.92426,41.00000,target,true,7.00000,,-9.92426,41.00000
original_92,QCOM,2026-02-04,2026-02-05,sma5_reversal,2026-02-25,13.00000,143.35855,6.82318,12.00000,,true,stop,-5.33997,4.00000,stop,-10.00000,13.00000,stop,-5.33997,4.00000,stop,-10.00000,13.00000,timeout,-7.29320,-7.29320,stop,-10.00000,-12.13867,stop,-10.00000,-11.48201,stop,-10.00000,2.88852,target,true,7.00000,,-1.48451,20.00000,target,true,7.00000,,-1.48451,20.00000,target,true,7.00000,31.00000,-8.65424,40.00000,target,true,7.00000,,-8.65424,40.00000,target,true,7.00000,31.00000,-9.92426,41.00000,target,true,7.00000,,-9.92426,41.00000
original_92,QCOM,2026-02-04,2026-02-05,three_rising_lows_break,2026-02-11,4.00000,137.87430,2.73661,3.00000,,false,stop,-5.00000,19.00000,timeout,-3.60558,,stop,-5.00000,19.00000,stop,-10.00000,36.00000,timeout,4.13483,4.13483,timeout,-6.69606,-6.69606,timeout,-8.64379,-8.64379,stop,-10.00000,-7.96101,target,true,7.00000,,-1.48451,20.00000,target,true,7.00000,,-1.48451,20.00000,target,true,7.00000,31.00000,-8.65424,40.00000,target,true,7.00000,,-8.65424,40.00000,target,true,7.00000,31.00000,-9.92426,41.00000,target,true,7.00000,,-9.92426,41.00000
original_92,QCOM,2025-07-30,2025-07-31,next_open,2025-08-01,1.00000,142.66035,-0.20442,0.00000,,false,target,5.00000,8.00000,target,5.00000,8.00000,target,5.00000,8.00000,target,5.00000,8.00000,target,5.00000,7.77687,target,5.00000,9.74327,target,5.00000,10.70428,target,5.00000,14.23374,target,true,9.00000,,-1.80567,4.00000,target,true,9.00000,,-1.80567,4.00000,target,true,9.00000,,-1.80567,4.00000,target,true,9.00000,,-1.80567,4.00000,target,true,9.00000,,-1.80567,4.00000,target,true,9.00000,,-1.80567,4.00000
original_92,QCOM,2025-07-30,2025-07-31,day3,2025-08-05,3.00000,144.66691,1.19924,2.00000,,false,target,5.00000,7.00000,target,5.00000,7.00000,target,5.00000,7.00000,target,5.00000,7.00000,target,5.00000,5.20469,target,5.00000,8.14631,target,5.00000,12.98110,target,5.00000,14.55884,target,true,9.00000,,-1.80567,4.00000,target,true,9.00000,,-1.80567,4.00000,target,true,9.00000,,-1.80567,4.00000,target,true,9.00000,,-1.80567,4.00000,target,true,9.00000,,-1.80567,4.00000,target,true,9.00000,,-1.80567,4.00000
original_92,QCOM,2025-07-30,2025-07-31,sma5_reversal,2025-08-25,17.00000,153.52108,7.39302,16.00000,,true,target,5.00000,16.00000,target,5.00000,16.00000,target,5.00000,16.00000,target,5.00000,16.00000,timeout,2.24726,2.24726,target,5.00000,10.74022,target,5.00000,5.70570,target,5.00000,7.79863,target,true,9.00000,,-1.80567,4.00000,target,true,9.00000,,-1.80567,4.00000,target,true,9.00000,,-1.80567,4.00000,target,true,9.00000,,-1.80567,4.00000,target,true,9.00000,,-1.80567,4.00000,target,true,9.00000,,-1.80567,4.00000
original_92,QCOM,2025-07-30,2025-07-31,three_rising_lows_break,2025-08-13,9.00000,149.97552,4.91278,8.00000,,false,target,5.00000,17.00000,target,5.00000,17.00000,target,5.00000,17.00000,target,5.00000,17.00000,timeout,3.76697,3.76697,target,5.00000,5.70303,target,5.00000,10.51692,target,5.00000,0.32088,target,true,9.00000,,-1.80567,4.00000,target,true,9.00000,,-1.80567,4.00000,target,true,9.00000,,-1.80567,4.00000,target,true,9.00000,,-1.80567,4.00000,target,true,9.00000,,-1.80567,4.00000,target,true,9.00000,,-1.80567,4.00000
original_92,QCOM,2024-07-31,2024-08-01,next_open,2024-08-02,1.00000,152.99333,-2.12195,0.00000,,false,stop,-5.00000,2.00000,target,5.00000,8.00000,stop,-5.00000,2.00000,target,5.00000,8.00000,target,5.00000,7.26389,target,5.00000,9.20758,target,5.00000,4.33031,target,5.00000,3.81056,stop,true,10.00000,2.00000,-7.68896,2.00000,target,true,10.00000,,-7.68896,2.00000,stop,true,10.00000,2.00000,-7.68896,2.00000,target,true,10.00000,,-7.68896,2.00000,stop,true,10.00000,2.00000,-7.68896,2.00000,target,true,10.00000,,-7.68896,2.00000
original_92,QCOM,2024-07-31,2024-08-01,day3,2024-08-06,3.00000,150.99179,-3.40244,2.00000,,false,target,5.00000,6.00000,target,5.00000,6.00000,target,5.00000,6.00000,target,5.00000,6.00000,target,5.00000,8.64159,target,5.00000,3.86692,target,5.00000,7.17898,target,5.00000,7.16629,stop,true,10.00000,2.00000,-7.68896,2.00000,target,true,10.00000,,-7.68896,2.00000,stop,true,10.00000,2.00000,-7.68896,2.00000,target,true,10.00000,,-7.68896,2.00000,stop,true,10.00000,2.00000,-7.68896,2.00000,target,true,10.00000,,-7.68896,2.00000
original_92,QCOM,2024-07-31,2024-08-01,sma5_reversal,2024-08-09,6.00000,156.37687,0.04268,5.00000,,false,target,5.00000,5.00000,target,5.00000,5.00000,target,5.00000,5.00000,target,5.00000,5.00000,target,5.00000,5.74755,target,5.00000,-3.08558,target,5.00000,1.67468,target,5.00000,1.90749,stop,true,10.00000,2.00000,-7.68896,2.00000,target,true,10.00000,,-7.68896,2.00000,stop,true,10.00000,2.00000,-7.68896,2.00000,target,true,10.00000,,-7.68896,2.00000,stop,true,10.00000,2.00000,-7.68896,2.00000,target,true,10.00000,,-7.68896,2.00000
original_92,QCOM,2024-07-31,2024-08-01,three_rising_lows_break,2024-08-16,11.00000,164.20667,5.05183,10.00000,,true,stop,-5.00000,12.00000,timeout,-2.14076,,stop,-5.00000,12.00000,timeout,-0.82803,,timeout,1.75001,1.75001,timeout,-2.14076,-2.14076,timeout,-0.78719,-0.78719,timeout,1.56988,1.56988,stop,true,10.00000,2.00000,-7.68896,2.00000,target,true,10.00000,,-7.68896,2.00000,stop,true,10.00000,2.00000,-7.68896,2.00000,target,true,10.00000,,-7.68896,2.00000,stop,true,10.00000,2.00000,-7.68896,2.00000,target,true,10.00000,,-7.68896,2.00000
original_92,SBUX,2024-04-30,2024-05-01,next_open,2024-05-02,1.00000,70.25984,0.61795,0.00000,,false,target,5.00000,13.00000,target,5.00000,13.00000,target,5.00000,13.00000,target,5.00000,13.00000,timeout,1.26988,1.26988,target,5.00000,7.91538,target,5.00000,7.14859,target,5.00000,3.75858,target,true,12.00000,,-3.54648,4.00000,target,true,12.00000,,-3.54648,4.00000,target,true,12.00000,,-3.54648,4.00000,target,true,12.00000,,-3.54648,4.00000,target,true,12.00000,,-3.54648,4.00000,target,true,12.00000,,-3.54648,4.00000
original_92,SBUX,2024-04-30,2024-05-01,day3,2024-05-06,3.00000,68.76834,-1.51800,2.00000,,false,target,5.00000,10.00000,target,5.00000,10.00000,target,5.00000,10.00000,target,5.00000,10.00000,target,5.00000,6.57248,target,5.00000,11.54788,target,5.00000,9.56871,target,5.00000,4.52460,target,true,12.00000,,-3.54648,4.00000,target,true,12.00000,,-3.54648,4.00000,target,true,12.00000,,-3.54648,4.00000,target,true,12.00000,,-3.54648,4.00000,target,true,12.00000,,-3.54648,4.00000,target,true,12.00000,,-3.54648,4.00000
original_92,SBUX,2024-04-30,2024-05-01,sma5_reversal,2024-05-09,6.00000,69.01224,-1.16873,5.00000,,false,target,5.00000,7.00000,target,5.00000,7.00000,target,5.00000,7.00000,target,5.00000,7.00000,target,5.00000,7.24356,target,5.00000,11.52344,target,5.00000,9.44171,target,5.00000,2.12825,target,true,12.00000,,-3.54648,4.00000,target,true,12.00000,,-3.54648,4.00000,target,true,12.00000,,-3.54648,4.00000,target,true,12.00000,,-3.54648,4.00000,target,true,12.00000,,-3.54648,4.00000,target,true,12.00000,,-3.54648,4.00000
original_92,SBUX,2024-04-30,2024-05-01,three_rising_lows_break,2024-05-10,7.00000,70.64444,1.16873,6.00000,,false,target,5.00000,9.00000,target,5.00000,9.00000,target,5.00000,9.00000,target,5.00000,9.00000,target,5.00000,5.52168,target,5.00000,8.94675,target,5.00000,6.67229,target,5.00000,-2.66639,target,true,12.00000,,-3.54648,4.00000,target,true,12.00000,,-3.54648,4.00000,target,true,12.00000,,-3.54648,4.00000,target,true,12.00000,,-3.54648,4.00000,target,true,12.00000,,-3.54648,4.00000,target,true,12.00000,,-3.54648,4.00000
original_92,SBUX,2023-05-02,2023-05-03,next_open,2023-05-04,1.00000,95.70460,0.29819,0.00000,,false,stop,-5.00000,16.00000,timeout,-6.00788,,stop,-5.00000,16.00000,timeout,-4.52359,,timeout,3.21592,3.21592,timeout,-4.09951,-4.09951,timeout,-1.81524,-1.81524,timeout,-4.43685,-4.43685,stop,false,,16.00000,-6.69430,20.00000,timeout,false,,,-6.69430,20.00000,stop,false,,16.00000,-6.69430,20.00000,timeout,false,,,-6.69430,20.00000,stop,false,,16.00000,-7.63200,44.00000,timeout,false,,,-7.63200,44.00000
original_92,SBUX,2023-05-02,2023-05-03,day3,2023-05-08,3.00000,98.64174,3.37630,2.00000,,false,stop,-5.00000,12.00000,timeout,-6.55291,,stop,-5.00000,12.00000,timeout,-7.92755,,timeout,-3.77559,-3.77559,timeout,-8.43251,-8.43251,timeout,-5.69260,-5.69260,stop,-10.00000,-10.18120,stop,false,,16.00000,-6.69430,20.00000,timeout,false,,,-6.69430,20.00000,stop,false,,16.00000,-6.69430,20.00000,timeout,false,,,-6.69430,20.00000,stop,false,,16.00000,-7.63200,44.00000,timeout,false,,,-7.63200,44.00000
original_92,SBUX,2023-05-02,2023-05-03,sma5_reversal,2023-05-16,9.00000,98.15514,2.86634,8.00000,,false,stop,-5.00000,6.00000,timeout,-6.71929,,stop,-5.00000,6.00000,stop,-10.00000,36.00000,timeout,-8.13833,-8.13833,timeout,-4.72700,-4.72700,timeout,-6.90725,-6.90725,stop,-10.00000,-4.51085,stop,false,,16.00000,-6.69430,20.00000,timeout,false,,,-6.69430,20.00000,stop,false,,16.00000,-6.69430,20.00000,timeout,false,,,-6.69430,20.00000,stop,false,,16.00000,-7.63200,44.00000,timeout,false,,,-7.63200,44.00000
original_92,SBUX,2023-05-02,2023-05-03,three_rising_lows_break,,,,,,no_signal,,,,,,,,,,,,,,,,,,,,,,,,,,stop,false,,16.00000,-6.69430,20.00000,timeout,false,,,-6.69430,20.00000,stop,false,,16.00000,-6.69430,20.00000,timeout,false,,,-6.69430,20.00000,stop,false,,16.00000,-7.63200,44.00000,timeout,false,,,-7.63200,44.00000
original_92,TXN,2025-10-21,2025-10-22,next_open,2025-10-23,1.00000,165.70864,-0.41591,0.00000,,false,stop,-5.00000,5.00000,timeout,-6.76932,,stop,-5.00000,5.00000,target,5.00000,28.00000,timeout,-4.22327,-4.22327,timeout,-5.39837,-5.39837,target,5.00000,8.33489,target,5.00000,6.12712,stop,false,,5.00000,-9.25519,18.00000,timeout,false,,,-9.25519,18.00000,stop,true,28.00000,5.00000,-9.73392,21.00000,target,true,28.00000,,-9.73392,21.00000,stop,true,28.00000,5.00000,-9.73392,21.00000,target,true,28.00000,,-9.73392,21.00000
original_92,TXN,2025-10-21,2025-10-22,day3,2025-10-27,3.00000,165.53318,-0.52135,2.00000,,false,stop,-5.00000,3.00000,timeout,-5.29810,,stop,-5.00000,3.00000,target,5.00000,26.00000,timeout,-4.59704,-4.59704,timeout,-1.76312,-1.76312,target,5.00000,7.93284,target,5.00000,5.08703,stop,false,,5.00000,-9.25519,18.00000,timeout,false,,,-9.25519,18.00000,stop,true,28.00000,5.00000,-9.73392,21.00000,target,true,28.00000,,-9.73392,21.00000,stop,true,28.00000,5.00000,-9.73392,21.00000,target,true,28.00000,,-9.73392,21.00000
original_92,TXN,2025-10-21,2025-10-22,sma5_reversal,2025-11-06,11.00000,160.05765,-3.81192,10.00000,,false,stop,-5.00000,8.00000,target,5.00000,18.00000,stop,-5.00000,8.00000,target,5.00000,18.00000,timeout,-5.78802,-5.78802,target,5.00000,12.15975,target,5.00000,8.31951,target,5.00000,8.86021,stop,false,,5.00000,-9.25519,18.00000,timeout,false,,,-9.25519,18.00000,stop,true,28.00000,5.00000,-9.73392,21.00000,target,true,28.00000,,-9.73392,21.00000,stop,true,28.00000,5.00000,-9.73392,21.00000,target,true,28.00000,,-9.73392,21.00000
original_92,TXN,2025-10-21,2025-10-22,three_rising_lows_break,,,,,,no_signal,,,,,,,,,,,,,,,,,,,,,,,,,,stop,false,,5.00000,-9.25519,18.00000,timeout,false,,,-9.25519,18.00000,stop,true,28.00000,5.00000,-9.73392,21.00000,target,true,28.00000,,-9.73392,21.00000,stop,true,28.00000,5.00000,-9.73392,21.00000,target,true,28.00000,,-9.73392,21.00000
original_92,TXN,2025-07-22,2025-07-23,next_open,2025-07-24,1.00000,180.41016,0.09128,0.00000,,false,target,5.00000,17.00000,target,5.00000,17.00000,target,5.00000,17.00000,target,5.00000,17.00000,timeout,0.44724,0.44724,target,5.00000,11.33429,target,5.00000,1.53864,target,5.00000,-2.95125,target,true,16.00000,,-3.78202,7.00000,target,true,16.00000,,-3.78202,7.00000,target,true,16.00000,37.00000,-5.89652,37.00000,target,true,16.00000,,-5.89652,37.00000,target,true,16.00000,37.00000,-7.45401,59.00000,target,true,16.00000,,-7.45401,59.00000
original_92,TXN,2025-07-22,2025-07-23,day3,2025-07-28,3.00000,181.81825,0.87248,2.00000,,false,target,5.00000,17.00000,target,5.00000,17.00000,target,5.00000,17.00000,target,5.00000,17.00000,timeout,-1.51013,-1.51013,target,5.00000,10.15575,target,5.00000,-1.16702,target,5.00000,-1.05980,target,true,16.00000,,-3.78202,7.00000,target,true,16.00000,,-3.78202,7.00000,target,true,16.00000,37.00000,-5.89652,37.00000,target,true,16.00000,,-5.89652,37.00000,target,true,16.00000,37.00000,-7.45401,59.00000,target,true,16.00000,,-7.45401,59.00000
original_92,TXN,2025-07-22,2025-07-23,sma5_reversal,2025-08-06,10.00000,180.02782,-0.12085,9.00000,,false,target,5.00000,6.00000,target,5.00000,6.00000,target,5.00000,6.00000,target,5.00000,6.00000,target,5.00000,8.70648,target,5.00000,1.75429,target,5.00000,-2.88050,target,5.00000,-2.36613,target,true,16.00000,,-3.78202,7.00000,target,true,16.00000,,-3.78202,7.00000,target,true,16.00000,37.00000,-5.89652,37.00000,target,true,16.00000,,-5.89652,37.00000,target,true,16.00000,37.00000,-7.45401,59.00000,target,true,16.00000,,-7.45401,59.00000
original_92,TXN,2025-07-22,2025-07-23,three_rising_lows_break,2025-07-30,5.00000,185.95543,3.16779,4.00000,,false,stop,-5.00000,2.00000,target,5.00000,16.00000,stop,-5.00000,2.00000,target,5.00000,16.00000,timeout,1.32036,1.32036,target,5.00000,6.13765,target,5.00000,-4.28321,target,5.00000,-3.26104,target,true,16.00000,,-3.78202,7.00000,target,true,16.00000,,-3.78202,7.00000,target,true,16.00000,37.00000,-5.89652,37.00000,target,true,16.00000,,-5.89652,37.00000,target,true,16.00000,37.00000,-7.45401,59.00000,target,true,16.00000,,-7.45401,59.00000
original_92,CVS,2025-10-29,2025-10-30,next_open,2025-10-31,1.00000,74.89933,-0.05216,0.00000,,false,target,5.00000,9.00000,target,5.00000,9.00000,target,5.00000,9.00000,target,5.00000,9.00000,target,5.00000,1.51337,target,5.00000,4.84018,target,5.00000,3.96608,target,5.00000,4.17482,target,true,9.00000,,-0.96492,15.00000,target,true,9.00000,,-0.96492,15.00000,target,true,9.00000,,-3.32507,24.00000,target,true,9.00000,,-3.32507,24.00000,target,true,9.00000,59.00000,-7.06531,59.00000,target,true,9.00000,,-7.06531,59.00000
original_92,CVS,2025-10-29,2025-10-30,day3,2025-11-04,3.00000,76.64844,2.28191,2.00000,,false,timeout,-1.04538,,timeout,-1.04538,,stop,-5.00000,22.00000,timeout,1.17287,,timeout,-0.63743,-0.63743,timeout,-2.15451,-2.15451,timeout,-0.91790,-0.91790,timeout,2.15451,2.15451,target,true,9.00000,,-0.96492,15.00000,target,true,9.00000,,-0.96492,15.00000,target,true,9.00000,,-3.32507,24.00000,target,true,9.00000,,-3.32507,24.00000,target,true,9.00000,59.00000,-7.06531,59.00000,target,true,9.00000,,-7.06531,59.00000
original_92,CVS,2025-10-29,2025-10-30,sma5_reversal,2025-11-12,9.00000,77.88944,3.93793,8.00000,,false,stop,-5.00000,15.00000,timeout,-0.92837,,stop,-5.00000,15.00000,timeout,0.74018,,timeout,0.18818,0.18818,timeout,-0.36382,-0.36382,timeout,-0.12545,-0.12545,timeout,0.74018,0.74018,target,true,9.00000,,-0.96492,15.00000,target,true,9.00000,,-0.96492,15.00000,target,true,9.00000,,-3.32507,24.00000,target,true,9.00000,,-3.32507,24.00000,target,true,9.00000,59.00000,-7.06531,59.00000,target,true,9.00000,,-7.06531,59.00000
original_92,CVS,2025-10-29,2025-10-30,three_rising_lows_break,2025-11-13,10.00000,77.42040,3.31204,9.00000,,true,stop,-5.00000,14.00000,timeout,2.01944,,stop,-5.00000,14.00000,timeout,1.42623,,timeout,0.79515,0.79515,timeout,0.23981,0.23981,timeout,0.47962,0.47962,timeout,1.42623,1.42623,target,true,9.00000,,-0.96492,15.00000,target,true,9.00000,,-0.96492,15.00000,target,true,9.00000,,-3.32507,24.00000,target,true,9.00000,,-3.32507,24.00000,target,true,9.00000,59.00000,-7.06531,59.00000,target,true,9.00000,,-7.06531,59.00000
original_92,CVS,2024-05-01,2024-05-01,next_open,2024-05-02,1.00000,51.67658,0.14207,0.00000,,false,target,5.00000,16.00000,target,5.00000,16.00000,target,5.00000,16.00000,target,5.00000,16.00000,timeout,2.00390,2.00390,target,5.00000,5.69250,target,5.00000,6.79198,target,5.00000,3.12112,target,true,16.00000,19.00000,-6.28574,19.00000,target,true,16.00000,,-6.28574,19.00000,target,true,16.00000,19.00000,-6.28574,19.00000,target,true,16.00000,,-6.28574,19.00000,target,true,16.00000,19.00000,-6.28574,19.00000,target,true,16.00000,,-6.28574,19.00000
original_92,CVS,2024-05-01,2024-05-01,day3,2024-05-06,3.00000,51.31001,-0.56828,2.00000,,false,target,5.00000,14.00000,target,5.00000,14.00000,target,5.00000,14.00000,target,5.00000,14.00000,timeout,2.51831,2.51831,target,5.00000,8.41222,target,5.00000,8.94803,target,5.00000,1.12520,target,true,16.00000,19.00000,-6.28574,19.00000,target,true,16.00000,,-6.28574,19.00000,target,true,16.00000,19.00000,-6.28574,19.00000,target,true,16.00000,,-6.28574,19.00000,target,true,16.00000,19.00000,-6.28574,19.00000,target,true,16.00000,,-6.28574,19.00000
original_92,CVS,2024-05-01,2024-05-01,sma5_reversal,2024-05-31,21.00000,51.31918,-0.55052,20.00000,,true,target,5.00000,1.00000,target,5.00000,1.00000,target,5.00000,1.00000,target,5.00000,1.00000,target,5.00000,7.53571,target,5.00000,5.46428,target,5.00000,4.76786,target,5.00000,14.09511,target,true,16.00000,19.00000,-6.28574,19.00000,target,true,16.00000,,-6.28574,19.00000,target,true,16.00000,19.00000,-6.28574,19.00000,target,true,16.00000,,-6.28574,19.00000,target,true,16.00000,19.00000,-6.28574,19.00000,target,true,16.00000,,-6.28574,19.00000
original_92,CVS,2024-05-01,2024-05-01,three_rising_lows_break,2024-05-14,9.00000,51.95150,0.67484,8.00000,,false,target,5.00000,8.00000,target,5.00000,8.00000,target,5.00000,8.00000,target,5.00000,8.00000,target,5.00000,-5.39778,target,5.00000,7.65567,target,5.00000,4.18063,target,5.00000,4.07479,target,true,16.00000,19.00000,-6.28574,19.00000,target,true,16.00000,,-6.28574,19.00000,target,true,16.00000,19.00000,-6.28574,19.00000,target,true,16.00000,,-6.28574,19.00000,target,true,16.00000,19.00000,-6.28574,19.00000,target,true,16.00000,,-6.28574,19.00000
original_92,CVS,2023-05-03,2023-05-04,next_open,2023-05-05,1.00000,62.81212,3.22721,0.00000,,false,stop,-5.00000,8.00000,timeout,-1.43642,,stop,-5.00000,8.00000,timeout,-1.74623,,timeout,-2.29545,-2.29545,timeout,-1.43642,-1.43642,timeout,-4.63315,-4.63315,timeout,-1.74623,-1.74623,timeout,false,,,-3.56157,18.00000,timeout,false,,,-3.56157,18.00000,target,true,27.00000,,-3.56157,18.00000,target,true,27.00000,,-3.56157,18.00000,target,true,27.00000,,-3.56157,18.00000,target,true,27.00000,,-3.56157,18.00000
original_92,CVS,2023-05-03,2023-05-04,day3,2023-05-09,3.00000,61.54721,1.14842,2.00000,,false,timeout,1.33659,,timeout,1.33659,,timeout,-0.05749,,timeout,-0.05749,,timeout,0.12935,0.12935,timeout,3.11871,3.11871,timeout,0.02874,0.02874,timeout,-0.58925,-0.58925,timeout,false,,,-3.56157,18.00000,timeout,false,,,-3.56157,18.00000,target,true,27.00000,,-3.56157,18.00000,target,true,27.00000,,-3.56157,18.00000,target,true,27.00000,,-3.56157,18.00000,target,true,27.00000,,-3.56157,18.00000
original_92,CVS,2023-05-03,2023-05-04,sma5_reversal,2023-05-18,10.00000,61.25530,0.66870,9.00000,,false,target,5.00000,18.00000,target,5.00000,18.00000,target,5.00000,18.00000,target,5.00000,18.00000,timeout,-0.53430,-0.53430,target,5.00000,-2.20939,target,5.00000,-0.17328,target,5.00000,2.77256,timeout,false,,,-3.56157,18.00000,timeout,false,,,-3.56157,18.00000,target,true,27.00000,,-3.56157,18.00000,target,true,27.00000,,-3.56157,18.00000,target,true,27.00000,,-3.56157,18.00000,target,true,27.00000,,-3.56157,18.00000
original_92,CVS,2023-05-03,2023-05-04,three_rising_lows_break,2023-06-05,21.00000,62.36984,2.50036,20.00000,,false,stop,-5.00000,8.00000,timeout,-1.04950,,stop,-5.00000,8.00000,target,5.00000,31.00000,timeout,-3.95689,-3.95689,timeout,-1.30478,-1.30478,target,5.00000,7.05429,target,5.00000,4.22315,timeout,false,,,-3.56157,18.00000,timeout,false,,,-3.56157,18.00000,target,true,27.00000,,-3.56157,18.00000,target,true,27.00000,,-3.56157,18.00000,target,true,27.00000,,-3.56157,18.00000,target,true,27.00000,,-3.56157,18.00000
original_92,DIS,2025-11-13,2025-11-13,next_open,2025-11-14,1.00000,105.98531,-0.08363,0.00000,,false,stop,-5.00000,7.00000,target,5.00000,20.00000,stop,-5.00000,7.00000,target,5.00000,20.00000,timeout,-2.83668,-2.83668,target,5.00000,3.79464,target,5.00000,6.92206,target,5.00000,5.78907,stop,true,20.00000,7.00000,-5.31549,7.00000,target,true,20.00000,,-5.31549,7.00000,stop,true,20.00000,7.00000,-5.31549,7.00000,target,true,20.00000,,-5.31549,7.00000,stop,true,20.00000,7.00000,-5.31549,7.00000,target,true,20.00000,,-5.31549,7.00000
original_92,DIS,2025-11-13,2025-11-13,day3,2025-11-18,3.00000,103.59986,-2.33250,2.00000,,false,target,5.00000,17.00000,target,5.00000,17.00000,target,5.00000,17.00000,target,5.00000,17.00000,timeout,-0.25690,-0.25690,target,5.00000,7.16166,target,5.00000,7.14250,target,5.00000,6.51985,stop,true,20.00000,7.00000,-5.31549,7.00000,target,true,20.00000,,-5.31549,7.00000,stop,true,20.00000,7.00000,-5.31549,7.00000,target,true,20.00000,,-5.31549,7.00000,stop,true,20.00000,7.00000,-5.31549,7.00000,target,true,20.00000,,-5.31549,7.00000
original_92,DIS,2025-11-13,2025-11-13,sma5_reversal,2025-12-09,17.00000,106.05431,-0.01859,16.00000,,false,target,5.00000,4.00000,target,5.00000,4.00000,target,5.00000,4.00000,target,5.00000,4.00000,target,5.00000,5.94482,target,5.00000,6.83378,target,5.00000,3.84876,target,5.00000,1.71526,stop,true,20.00000,7.00000,-5.31549,7.00000,target,true,20.00000,,-5.31549,7.00000,stop,true,20.00000,7.00000,-5.31549,7.00000,target,true,20.00000,,-5.31549,7.00000,stop,true,20.00000,7.00000,-5.31549,7.00000,target,true,20.00000,,-5.31549,7.00000
original_92,DIS,2025-11-13,2025-11-13,three_rising_lows_break,2025-12-01,11.00000,103.42242,-2.49977,10.00000,,false,target,5.00000,9.00000,target,5.00000,9.00000,target,5.00000,9.00000,target,5.00000,9.00000,target,5.00000,6.02132,target,5.00000,9.16866,target,5.00000,8.82322,target,5.00000,8.23789,stop,true,20.00000,7.00000,-5.31549,7.00000,target,true,20.00000,,-5.31549,7.00000,stop,true,20.00000,7.00000,-5.31549,7.00000,target,true,20.00000,,-5.31549,7.00000,stop,true,20.00000,7.00000,-5.31549,7.00000,target,true,20.00000,,-5.31549,7.00000
original_92,DIS,2024-05-07,2024-05-07,next_open,2024-05-08,1.00000,102.03865,-0.46494,0.00000,,false,timeout,-3.24118,,timeout,-3.24118,,stop,-5.00000,26.00000,timeout,-6.58723,,timeout,-1.79218,-1.79218,timeout,-3.20305,-3.20305,timeout,-2.50715,-2.50715,timeout,-6.58723,-6.58723,timeout,false,,,-4.85815,12.00000,timeout,false,,,-4.85815,12.00000,stop,false,,26.00000,-8.00835,38.00000,timeout,false,,,-8.00835,38.00000,stop,false,,26.00000,-15.16216,60.00000,stop,false,,51.00000,-15.16216,60.00000
original_92,DIS,2024-05-07,2024-05-07,day3,2024-05-10,3.00000,104.00355,1.45175,2.00000,,false,stop,-5.00000,4.00000,timeout,-5.03180,,stop,-5.00000,4.00000,timeout,-8.81244,,timeout,-4.82604,-4.82604,timeout,-5.03180,-5.03180,timeout,-4.62028,-4.62028,timeout,-8.81244,-8.81244,timeout,false,,,-4.85815,12.00000,timeout,false,,,-4.85815,12.00000,stop,false,,26.00000,-8.00835,38.00000,timeout,false,,,-8.00835,38.00000,stop,false,,26.00000,-15.16216,60.00000,stop,false,,51.00000,-15.16216,60.00000
original_92,DIS,2024-05-07,2024-05-07,sma5_reversal,2024-05-29,15.00000,98.98430,-3.44435,14.00000,,false,timeout,0.41274,,timeout,0.41274,,stop,-5.00000,28.00000,stop,-10.45750,38.00000,timeout,-0.94340,-0.94340,timeout,-2.42728,-2.42728,timeout,-4.10956,-4.10956,stop,-10.45750,-11.21768,timeout,false,,,-4.85815,12.00000,timeout,false,,,-4.85815,12.00000,stop,false,,26.00000,-8.00835,38.00000,timeout,false,,,-8.00835,38.00000,stop,false,,26.00000,-15.16216,60.00000,stop,false,,51.00000,-15.16216,60.00000
original_92,DIS,2024-05-07,2024-05-07,three_rising_lows_break,2024-06-03,18.00000,101.32856,-1.15760,17.00000,,false,stop,-5.00000,19.00000,timeout,-5.88461,,stop,-5.00000,19.00000,stop,-12.52909,35.00000,timeout,-2.54392,-2.54392,timeout,-5.33743,-5.33743,timeout,-6.65591,-6.65591,stop,-12.52909,-13.61886,timeout,false,,,-4.85815,12.00000,timeout,false,,,-4.85815,12.00000,stop,false,,26.00000,-8.00835,38.00000,timeout,false,,,-8.00835,38.00000,stop,false,,26.00000,-15.16216,60.00000,stop,false,,51.00000,-15.16216,60.00000
original_92,DOW,2025-01-30,2025-01-30,next_open,2025-01-31,1.00000,34.93689,0.71336,0.00000,,false,stop,-5.00000,2.00000,timeout,-0.02048,,stop,-5.00000,2.00000,stop,-10.00000,40.00000,timeout,-0.39923,-0.39923,timeout,-0.02048,-0.02048,timeout,-1.59454,-1.59454,stop,-10.00000,-9.20254,timeout,false,,,-4.90272,2.00000,timeout,false,,,-4.90272,2.00000,stop,false,,22.00000,-9.83627,40.00000,timeout,false,,,-9.83627,40.00000,stop,false,,22.00000,-33.78746,48.00000,stop,false,,41.00000,-33.78746,48.00000
original_92,DOW,2025-01-30,2025-01-30,day3,2025-02-04,3.00000,33.81657,-2.51621,2.00000,,false,target,5.00000,9.00000,target,5.00000,9.00000,target,5.00000,9.00000,target,5.00000,9.00000,target,5.00000,5.69452,target,5.00000,1.47584,target,5.00000,-1.96632,target,5.00000,-23.56788,timeout,false,,,-4.90272,2.00000,timeout,false,,,-4.90272,2.00000,stop,false,,22.00000,-9.83627,40.00000,timeout,false,,,-9.83627,40.00000,stop,false,,22.00000,-33.78746,48.00000,stop,false,,41.00000,-33.78746,48.00000
original_92,DOW,2025-01-30,2025-01-30,sma5_reversal,2025-02-07,6.00000,35.00438,0.90791,5.00000,,false,stop,-5.00000,16.00000,timeout,-1.94137,,stop,-5.00000,16.00000,stop,-10.00000,35.00000,timeout,1.56812,1.56812,timeout,-1.94137,-1.94137,timeout,-4.97871,-4.97871,stop,-10.00000,-32.41941,timeout,false,,,-4.90272,2.00000,timeout,false,,,-4.90272,2.00000,stop,false,,22.00000,-9.83627,40.00000,timeout,false,,,-9.83627,40.00000,stop,false,,22.00000,-33.78746,48.00000,stop,false,,41.00000,-33.78746,48.00000
original_92,DOW,2025-01-30,2025-01-30,three_rising_lows_break,2025-02-19,13.00000,35.09437,1.16732,12.00000,,false,stop,-5.00000,9.00000,timeout,-1.77494,,stop,-5.00000,9.00000,stop,-10.00000,28.00000,timeout,-1.33095,-1.33095,timeout,-5.53575,-5.53575,stop,-10.00000,-26.35079,stop,-10.00000,-26.48138,timeout,false,,,-4.90272,2.00000,timeout,false,,,-4.90272,2.00000,stop,false,,22.00000,-9.83627,40.00000,timeout,false,,,-9.83627,40.00000,stop,false,,22.00000,-33.78746,48.00000,stop,false,,41.00000,-33.78746,48.00000
original_92,GE,2026-04-21,2026-04-21,next_open,2026-04-22,1.00000,285.85846,-0.02790,0.00000,,false,stop,-5.00000,1.00000,target,5.00000,11.00000,stop,-5.00000,1.00000,target,5.00000,11.00000,target,5.00000,6.69109,target,5.00000,5.64800,target,5.00000,14.42526,target,5.00000,24.76539,stop,true,11.00000,1.00000,-6.21491,1.00000,target,true,11.00000,,-6.21491,1.00000,stop,true,11.00000,1.00000,-6.21491,1.00000,target,true,11.00000,,-6.21491,1.00000,stop,true,11.00000,1.00000,-6.21491,1.00000,target,true,11.00000,,-6.21491,1.00000
original_92,GE,2026-04-21,2026-04-21,day3,2026-04-24,3.00000,279.83513,-2.13441,2.00000,,false,target,7.06318,9.00000,target,7.06318,9.00000,target,7.06318,9.00000,target,7.06318,9.00000,target,7.06318,5.89430,target,7.06318,7.92203,target,7.06318,14.76426,target,7.06318,27.03396,stop,true,11.00000,1.00000,-6.21491,1.00000,target,true,11.00000,,-6.21491,1.00000,stop,true,11.00000,1.00000,-6.21491,1.00000,target,true,11.00000,,-6.21491,1.00000,stop,true,11.00000,1.00000,-6.21491,1.00000,target,true,11.00000,,-6.21491,1.00000
original_92,GE,2026-04-21,2026-04-21,sma5_reversal,,,,,,no_signal,,,,,,,,,,,,,,,,,,,,,,,,,,stop,true,11.00000,1.00000,-6.21491,1.00000,target,true,11.00000,,-6.21491,1.00000,stop,true,11.00000,1.00000,-6.21491,1.00000,target,true,11.00000,,-6.21491,1.00000,stop,true,11.00000,1.00000,-6.21491,1.00000,target,true,11.00000,,-6.21491,1.00000
original_92,GE,2026-04-21,2026-04-21,three_rising_lows_break,2026-04-29,6.00000,286.41691,0.16741,5.00000,,false,target,5.00000,6.00000,target,5.00000,6.00000,target,5.00000,6.00000,target,5.00000,6.00000,target,5.00000,2.61133,target,5.00000,12.72588,target,5.00000,16.74385,target,5.00000,28.47742,stop,true,11.00000,1.00000,-6.21491,1.00000,target,true,11.00000,,-6.21491,1.00000,stop,true,11.00000,1.00000,-6.21491,1.00000,target,true,11.00000,,-6.21491,1.00000,stop,true,11.00000,1.00000,-6.21491,1.00000,target,true,11.00000,,-6.21491,1.00000
original_92,GE,2026-01-22,2026-01-22,next_open,2026-01-23,1.00000,295.74905,0.67797,0.00000,,false,target,5.00000,8.00000,target,5.00000,8.00000,target,5.00000,8.00000,target,5.00000,8.00000,target,5.00000,8.08081,target,5.00000,15.56229,target,5.00000,8.55184,target,5.00000,-2.00223,target,true,8.00000,,-1.67119,1.00000,target,true,8.00000,,-1.67119,1.00000,target,true,8.00000,,-4.16908,40.00000,target,true,8.00000,,-4.16908,40.00000,target,true,8.00000,46.00000,-8.07306,46.00000,target,true,8.00000,,-8.07306,46.00000
original_92,GE,2026-01-22,2026-01-22,day3,2026-01-27,3.00000,294.26532,0.17288,2.00000,,false,target,5.00000,6.00000,target,5.00000,6.00000,target,5.00000,6.00000,target,5.00000,6.00000,target,5.00000,7.04545,target,5.00000,15.33958,target,5.00000,1.56224,target,5.00000,-4.15824,target,true,8.00000,,-1.67119,1.00000,target,true,8.00000,,-1.67119,1.00000,target,true,8.00000,,-4.16908,40.00000,target,true,8.00000,,-4.16908,40.00000,target,true,8.00000,46.00000,-8.07306,46.00000,target,true,8.00000,,-8.07306,46.00000
original_92,GE,2026-01-22,2026-01-22,sma5_reversal,2026-01-30,6.00000,295.74905,0.67797,5.00000,,false,target,5.00000,3.00000,target,5.00000,3.00000,target,5.00000,3.00000,target,5.00000,3.00000,target,5.00000,6.19865,target,5.00000,15.23906,target,5.00000,2.50601,target,5.00000,-4.31536,target,true,8.00000,,-1.67119,1.00000,target,true,8.00000,,-1.67119,1.00000,target,true,8.00000,,-4.16908,40.00000,target,true,8.00000,,-4.16908,40.00000,target,true,8.00000,46.00000,-8.07306,46.00000,target,true,8.00000,,-8.07306,46.00000
original_92,GE,2026-01-22,2026-01-22,three_rising_lows_break,2026-02-03,8.00000,308.57978,5.04576,7.00000,,false,target,5.00000,9.00000,target,5.00000,9.00000,target,5.00000,9.00000,target,5.00000,9.00000,target,5.00000,5.54883,target,5.00000,5.51979,target,5.00000,-7.31795,target,5.00000,-9.13740,target,true,8.00000,,-1.67119,1.00000,target,true,8.00000,,-1.67119,1.00000,target,true,8.00000,,-4.16908,40.00000,target,true,8.00000,,-4.16908,40.00000,target,true,8.00000,46.00000,-8.07306,46.00000,target,true,8.00000,,-8.07306,46.00000
original_92,GE,2024-10-22,2024-10-22,next_open,2024-10-23,1.00000,177.63979,1.72082,0.00000,,false,stop,-5.00000,7.00000,timeout,-1.19087,,stop,-5.00000,7.00000,stop,-10.00000,40.00000,timeout,0.58987,0.58987,timeout,0.80690,0.80690,timeout,-2.29271,-2.29271,stop,-10.00000,-6.30495,target,true,13.00000,,-3.52655,7.00000,target,true,13.00000,,-3.52655,7.00000,target,true,13.00000,36.00000,-9.65697,40.00000,target,true,13.00000,,-9.65697,40.00000,target,true,13.00000,36.00000,-9.65697,40.00000,target,true,13.00000,,-9.65697,40.00000
original_92,GE,2024-10-22,2024-10-22,day3,2024-10-25,3.00000,177.93635,1.89064,2.00000,,false,stop,-5.00000,5.00000,timeout,-0.72222,,stop,-5.00000,5.00000,stop,-10.00000,38.00000,timeout,2.67222,2.67222,timeout,0.63889,0.63889,timeout,-4.82222,-4.82222,stop,-10.00000,-4.72778,target,true,13.00000,,-3.52655,7.00000,target,true,13.00000,,-3.52655,7.00000,target,true,13.00000,36.00000,-9.65697,40.00000,target,true,13.00000,,-9.65697,40.00000,target,true,13.00000,36.00000,-9.65697,40.00000,target,true,13.00000,,-9.65697,40.00000
original_92,GE,2024-10-22,2024-10-22,sma5_reversal,2024-11-06,11.00000,179.41915,2.73973,10.00000,,false,timeout,0.63361,,timeout,0.63361,,stop,-5.00000,23.00000,stop,-10.00000,30.00000,timeout,-1.93939,-1.93939,timeout,-3.26171,-3.26171,stop,-10.00000,-7.23416,stop,-10.00000,-5.10185,target,true,13.00000,,-3.52655,7.00000,target,true,13.00000,,-3.52655,7.00000,target,true,13.00000,36.00000,-9.65697,40.00000,target,true,13.00000,,-9.65697,40.00000,target,true,13.00000,36.00000,-9.65697,40.00000,target,true,13.00000,,-9.65697,40.00000
original_92,GE,2024-10-22,2024-10-22,three_rising_lows_break,2024-11-07,12.00000,178.94466,2.46802,11.00000,,false,timeout,-4.48017,,timeout,-4.48017,,stop,-5.00000,22.00000,stop,-10.00000,29.00000,timeout,-1.28163,-1.28163,timeout,-3.00519,-3.00519,stop,-10.00000,-6.98818,stop,-10.00000,-4.57908,target,true,13.00000,,-3.52655,7.00000,target,true,13.00000,,-3.52655,7.00000,target,true,13.00000,36.00000,-9.65697,40.00000,target,true,13.00000,,-9.65697,40.00000,target,true,13.00000,36.00000,-9.65697,40.00000,target,true,13.00000,,-9.65697,40.00000
original_92,HON,2025-02-06,2025-02-06,next_open,2025-02-07,1.00000,705.41253,1.03899,0.00000,,false,timeout,1.73023,,timeout,1.73023,,stop,-5.00000,40.00000,timeout,-9.42823,,timeout,-0.02830,-0.02830,timeout,1.73023,1.73023,timeout,0.46406,0.46406,stop,-10.00000,-13.28366,timeout,false,,,-3.94624,6.00000,timeout,false,,,-3.94624,6.00000,stop,false,,40.00000,-8.62136,40.00000,timeout,false,,,-8.62136,40.00000,stop,false,,40.00000,-14.05971,43.00000,stop,false,,41.00000,-14.05971,43.00000
original_92,HON,2025-02-06,2025-02-06,day3,2025-02-11,3.00000,687.34465,-1.54895,2.00000,,false,target,5.00000,14.00000,target,5.00000,14.00000,target,5.00000,14.00000,target,5.00000,14.00000,timeout,2.62865,2.62865,target,5.00000,0.59359,target,5.00000,2.37000,target,5.00000,-3.36805,timeout,false,,,-3.94624,6.00000,timeout,false,,,-3.94624,6.00000,stop,false,,40.00000,-8.62136,40.00000,timeout,false,,,-8.62136,40.00000,stop,false,,40.00000,-14.05971,43.00000,stop,false,,41.00000,-14.05971,43.00000
original_92,HON,2025-02-06,2025-02-06,sma5_reversal,2025-02-19,8.00000,691.86994,-0.90077,7.00000,,false,target,5.00000,14.00000,target,5.00000,14.00000,target,5.00000,14.00000,target,5.00000,14.00000,timeout,1.35231,1.35231,target,5.00000,1.59407,target,5.00000,-7.65538,target,5.00000,-4.94292,timeout,false,,,-3.94624,6.00000,timeout,false,,,-3.94624,6.00000,stop,false,,40.00000,-8.62136,40.00000,timeout,false,,,-8.62136,40.00000,stop,false,,40.00000,-14.05971,43.00000,stop,false,,41.00000,-14.05971,43.00000
original_92,HON,2025-02-06,2025-02-06,three_rising_lows_break,2025-02-20,9.00000,697.39345,-0.10962,8.00000,,false,timeout,0.08430,,timeout,0.08430,,stop,-5.00000,32.00000,stop,-10.00000,33.00000,timeout,1.33625,1.33625,timeout,0.78942,0.78942,timeout,-8.38677,-8.38677,stop,-10.00000,-6.83263,timeout,false,,,-3.94624,6.00000,timeout,false,,,-3.94624,6.00000,stop,false,,40.00000,-8.62136,40.00000,timeout,false,,,-8.62136,40.00000,stop,false,,40.00000,-14.05971,43.00000,stop,false,,41.00000,-14.05971,43.00000
original_92,HON,2024-10-24,2024-10-24,next_open,2024-10-25,1.00000,692.35464,0.00000,0.00000,,false,target,5.00000,11.00000,target,5.00000,11.00000,target,5.00000,11.00000,target,5.00000,11.00000,target,5.00000,4.96891,target,5.00000,10.10898,target,5.00000,8.17699,target,5.00000,10.00806,target,true,11.00000,,-2.90292,3.00000,target,true,11.00000,,-2.90292,3.00000,target,true,11.00000,,-2.90292,3.00000,target,true,11.00000,,-2.90292,3.00000,target,true,11.00000,,-2.90292,3.00000,target,true,11.00000,,-2.90292,3.00000
original_92,HON,2024-10-24,2024-10-24,day3,2024-10-29,3.00000,678.87839,-1.94644,2.00000,,false,target,5.00000,7.00000,target,5.00000,7.00000,target,5.00000,7.00000,target,5.00000,7.00000,target,5.00000,14.08574,target,5.00000,12.55450,target,5.00000,11.56443,target,5.00000,12.49078,target,true,11.00000,,-2.90292,3.00000,target,true,11.00000,,-2.90292,3.00000,target,true,11.00000,,-2.90292,3.00000,target,true,11.00000,,-2.90292,3.00000,target,true,11.00000,,-2.90292,3.00000,target,true,11.00000,,-2.90292,3.00000
original_92,HON,2024-10-24,2024-10-24,sma5_reversal,2024-11-04,7.00000,691.46063,-0.12912,6.00000,,false,target,5.00000,5.00000,target,5.00000,5.00000,target,5.00000,5.00000,target,5.00000,5.00000,target,5.00000,10.12623,target,5.00000,10.57857,target,5.00000,9.17823,target,5.00000,9.00500,target,true,11.00000,,-2.90292,3.00000,target,true,11.00000,,-2.90292,3.00000,target,true,11.00000,,-2.90292,3.00000,target,true,11.00000,,-2.90292,3.00000,target,true,11.00000,,-2.90292,3.00000,target,true,11.00000,,-2.90292,3.00000
original_92,HON,2024-10-24,2024-10-24,three_rising_lows_break,2024-11-04,7.00000,691.46063,-0.12912,6.00000,,false,target,5.00000,5.00000,target,5.00000,5.00000,target,5.00000,5.00000,target,5.00000,5.00000,target,5.00000,10.12623,target,5.00000,10.57857,target,5.00000,9.17823,target,5.00000,9.00500,target,true,11.00000,,-2.90292,3.00000,target,true,11.00000,,-2.90292,3.00000,target,true,11.00000,,-2.90292,3.00000,target,true,11.00000,,-2.90292,3.00000,target,true,11.00000,,-2.90292,3.00000,target,true,11.00000,,-2.90292,3.00000
original_92,HON,2024-07-25,2024-07-25,next_open,2024-07-26,1.00000,668.59780,0.28649,0.00000,,false,timeout,-0.88406,,timeout,-0.88406,,timeout,0.70564,,timeout,0.70564,,timeout,-2.36418,-2.36418,timeout,0.27479,0.27479,timeout,-0.37892,-0.37892,timeout,1.65649,1.65649,timeout,false,,,-3.39837,14.00000,timeout,false,,,-3.39837,14.00000,timeout,false,,,-3.39837,14.00000,timeout,false,,,-3.39837,14.00000,target,true,53.00000,,-3.39837,14.00000,target,true,53.00000,,-3.39837,14.00000
original_92,HON,2024-07-25,2024-07-25,day3,2024-07-30,3.00000,665.04125,-0.24697,2.00000,,false,timeout,1.49314,,timeout,1.49314,,timeout,2.20013,,timeout,2.20013,,timeout,-2.58480,-2.58480,timeout,3.31539,3.31539,timeout,1.64251,1.64251,timeout,3.37513,3.37513,timeout,false,,,-3.39837,14.00000,timeout,false,,,-3.39837,14.00000,timeout,false,,,-3.39837,14.00000,timeout,false,,,-3.39837,14.00000,target,true,53.00000,,-3.39837,14.00000,target,true,53.00000,,-3.39837,14.00000
original_92,HON,2024-07-25,2024-07-25,sma5_reversal,2024-08-16,16.00000,654.24367,-1.86656,15.00000,,false,target,5.00000,10.00000,target,5.00000,10.00000,target,5.00000,10.00000,target,5.00000,10.00000,target,5.00000,5.22294,target,5.00000,3.32001,target,5.00000,4.61562,target,5.00000,9.96002,timeout,false,,,-3.39837,14.00000,timeout,false,,,-3.39837,14.00000,timeout,false,,,-3.39837,14.00000,timeout,false,,,-3.39837,14.00000,target,true,53.00000,,-3.39837,14.00000,target,true,53.00000,,-3.39837,14.00000
original_92,HON,2024-07-25,2024-07-25,three_rising_lows_break,2024-08-01,5.00000,672.87883,0.92862,4.00000,,false,timeout,0.87440,,timeout,0.87440,,timeout,1.87579,,timeout,1.87579,,timeout,-2.87280,-2.87280,timeout,2.30882,2.30882,timeout,0.45859,0.45859,timeout,1.71832,1.71832,timeout,false,,,-3.39837,14.00000,timeout,false,,,-3.39837,14.00000,timeout,false,,,-3.39837,14.00000,timeout,false,,,-3.39837,14.00000,target,true,53.00000,,-3.39837,14.00000,target,true,53.00000,,-3.39837,14.00000
original_92,HON,2023-07-27,2023-07-27,next_open,2023-07-28,1.00000,636.69486,0.63642,0.00000,,false,stop,-5.00000,8.00000,timeout,-5.81134,,stop,-5.00000,8.00000,timeout,-3.46120,,timeout,-3.00847,-3.00847,timeout,-5.23143,-5.23143,timeout,-5.27722,-5.27722,timeout,-4.42262,-4.42262,stop,false,,8.00000,-5.25797,16.00000,timeout,false,,,-5.25797,16.00000,stop,false,,8.00000,-6.19992,29.00000,timeout,false,,,-6.19992,29.00000,stop,false,,8.00000,-8.29881,49.00000,timeout,false,,,-8.29881,49.00000
original_92,HON,2023-07-27,2023-07-27,day3,2023-08-01,3.00000,622.81166,-1.55797,2.00000,,false,timeout,-2.29729,,timeout,-2.29729,,timeout,-2.29209,,timeout,-2.29209,,timeout,-2.33889,-2.33889,timeout,-2.26609,-2.26609,timeout,0.38605,0.38605,timeout,-3.93017,-3.93017,stop,false,,8.00000,-5.25797,16.00000,timeout,false,,,-5.25797,16.00000,stop,false,,8.00000,-6.19992,29.00000,timeout,false,,,-6.19992,29.00000,stop,false,,8.00000,-8.29881,49.00000,timeout,false,,,-8.29881,49.00000
original_92,HON,2023-07-27,2023-07-27,sma5_reversal,,,,,,no_signal,,,,,,,,,,,,,,,,,,,,,,,,,,stop,false,,8.00000,-5.25797,16.00000,timeout,false,,,-5.25797,16.00000,stop,false,,8.00000,-6.19992,29.00000,timeout,false,,,-6.19992,29.00000,stop,false,,8.00000,-8.29881,49.00000,timeout,false,,,-8.29881,49.00000
original_92,HON,2023-07-27,2023-07-27,three_rising_lows_break,2023-08-14,12.00000,618.44696,-2.24785,11.00000,,false,timeout,-2.48233,,timeout,-2.48233,,stop,-5.00000,35.00000,timeout,-2.31998,,timeout,-1.60775,-1.60775,timeout,0.33517,0.33517,timeout,-2.01100,-2.01100,timeout,-3.87012,-3.87012,stop,false,,8.00000,-5.25797,16.00000,timeout,false,,,-5.25797,16.00000,stop,false,,8.00000,-6.19992,29.00000,timeout,false,,,-6.19992,29.00000,stop,false,,8.00000,-8.29881,49.00000,timeout,false,,,-8.29881,49.00000
original_92,JCI,2025-07-29,2025-07-29,next_open,2025-07-30,1.00000,101.08297,-0.54243,0.00000,,false,target,5.00000,11.00000,target,5.00000,11.00000,target,5.00000,11.00000,target,5.00000,11.00000,target,5.00000,3.00935,target,5.00000,4.10012,target,5.00000,4.72341,target,5.00000,4.60194,target,true,20.00000,,-1.11391,1.00000,target,true,20.00000,,-1.11391,1.00000,target,true,20.00000,,-1.11391,1.00000,target,true,20.00000,,-1.11391,1.00000,target,true,20.00000,,-1.11391,1.00000,target,true,20.00000,,-1.11391,1.00000
original_92,JCI,2025-07-29,2025-07-29,day3,2025-08-01,3.00000,102.64823,0.99768,2.00000,,false,target,5.00000,19.00000,target,5.00000,19.00000,target,5.00000,19.00000,target,5.00000,19.00000,timeout,-0.71929,-0.71929,target,5.00000,2.51271,target,5.00000,3.39503,target,5.00000,5.83690,target,true,20.00000,,-1.11391,1.00000,target,true,20.00000,,-1.11391,1.00000,target,true,20.00000,,-1.11391,1.00000,target,true,20.00000,,-1.11391,1.00000,target,true,20.00000,,-1.11391,1.00000,target,true,20.00000,,-1.11391,1.00000
original_92,JCI,2025-07-29,2025-07-29,sma5_reversal,2025-08-19,15.00000,103.89848,2.22782,14.00000,,false,timeout,1.34546,,timeout,1.34546,,target,5.00000,34.00000,target,5.00000,34.00000,timeout,0.39795,0.39795,timeout,2.78567,2.78567,timeout,3.46015,3.46015,target,5.00000,3.49819,target,true,20.00000,,-1.11391,1.00000,target,true,20.00000,,-1.11391,1.00000,target,true,20.00000,,-1.11391,1.00000,target,true,20.00000,,-1.11391,1.00000,target,true,20.00000,,-1.11391,1.00000,target,true,20.00000,,-1.11391,1.00000
original_92,JCI,2025-07-29,2025-07-29,three_rising_lows_break,2025-08-25,19.00000,105.36531,3.67106,18.00000,,false,timeout,2.48874,,timeout,2.48874,,timeout,3.71721,,timeout,3.71721,,timeout,0.13080,0.13080,timeout,-0.09013,-0.09013,timeout,1.05395,1.05395,target,5.03009,5.91159,target,true,20.00000,,-1.11391,1.00000,target,true,20.00000,,-1.11391,1.00000,target,true,20.00000,,-1.11391,1.00000,target,true,20.00000,,-1.11391,1.00000,target,true,20.00000,,-1.11391,1.00000,target,true,20.00000,,-1.11391,1.00000
original_92,JCI,2023-12-12,2023-12-12,next_open,2023-12-13,1.00000,49.62644,-1.78605,0.00000,,false,target,5.00000,2.00000,target,5.00000,2.00000,target,5.00000,2.00000,target,5.00000,2.00000,target,5.00000,11.17382,target,5.00000,8.59107,target,5.00000,9.07292,target,5.00000,6.97203,target,true,6.00000,,-2.80128,1.00000,target,true,6.00000,,-2.80128,1.00000,target,true,6.00000,,-2.80128,1.00000,target,true,6.00000,,-2.80128,1.00000,target,true,6.00000,,-2.80128,1.00000,target,true,6.00000,,-2.80128,1.00000
original_92,JCI,2023-12-12,2023-12-12,day3,2023-12-15,3.00000,51.14469,1.21867,2.00000,,false,target,5.00000,6.00000,target,5.00000,6.00000,target,5.00000,6.00000,target,5.00000,6.00000,target,5.00000,7.79877,target,5.00000,5.36750,target,5.00000,5.94726,target,5.00000,2.37516,target,true,6.00000,,-2.80128,1.00000,target,true,6.00000,,-2.80128,1.00000,target,true,6.00000,,-2.80128,1.00000,target,true,6.00000,,-2.80128,1.00000,target,true,6.00000,,-2.80128,1.00000,target,true,6.00000,,-2.80128,1.00000
original_92,JCI,2023-12-12,2023-12-12,sma5_reversal,,,,,16.00000,chase_skip,,,,,,,,,,,,,,,,,,,,,,,,,,target,true,6.00000,,-2.80128,1.00000,target,true,6.00000,,-2.80128,1.00000,target,true,6.00000,,-2.80128,1.00000,target,true,6.00000,,-2.80128,1.00000,target,true,6.00000,,-2.80128,1.00000,target,true,6.00000,,-2.80128,1.00000
original_92,JCI,2023-12-12,2023-12-12,three_rising_lows_break,2023-12-26,9.00000,54.32031,7.50342,8.00000,,true,stop,-5.00000,14.00000,timeout,-3.11675,,stop,-5.00000,14.00000,timeout,2.60609,,timeout,1.53196,1.53196,timeout,-1.91935,-1.91935,timeout,-2.27153,-2.27153,timeout,2.90544,2.90544,target,true,6.00000,,-2.80128,1.00000,target,true,6.00000,,-2.80128,1.00000,target,true,6.00000,,-2.80128,1.00000,target,true,6.00000,,-2.80128,1.00000,target,true,6.00000,,-2.80128,1.00000,target,true,6.00000,,-2.80128,1.00000
original_92,JCI,2023-08-02,2023-08-02,next_open,2023-08-03,1.00000,59.86230,-0.17309,0.00000,,false,stop,-5.00000,6.00000,timeout,-6.95145,,stop,-5.00000,6.00000,stop,-10.00000,25.00000,timeout,-6.74653,-6.74653,timeout,-5.76923,-5.76923,stop,-10.00000,-9.94641,stop,-10.00000,-16.87683,stop,false,,6.00000,-8.95358,17.00000,timeout,false,,,-8.95358,17.00000,stop,false,,6.00000,-18.47816,40.00000,stop,false,,25.00000,-18.47816,40.00000,stop,false,,6.00000,-24.11783,59.00000,stop,false,,25.00000,-24.11783,59.00000
original_92,JCI,2023-08-02,2023-08-02,day3,2023-08-07,3.00000,59.23480,-1.21951,2.00000,,false,stop,-5.00000,4.00000,timeout,-4.77101,,stop,-5.00000,4.00000,stop,-10.00000,23.00000,timeout,-6.25249,-6.25249,timeout,-8.27559,-8.27559,stop,-10.00000,-12.03505,stop,-10.00000,-16.04439,stop,false,,6.00000,-8.95358,17.00000,timeout,false,,,-8.95358,17.00000,stop,false,,6.00000,-18.47816,40.00000,stop,false,,25.00000,-18.47816,40.00000,stop,false,,6.00000,-24.11783,59.00000,stop,false,,25.00000,-24.11783,59.00000
original_92,JCI,2023-08-02,2023-08-02,sma5_reversal,,,,,,no_signal,,,,,,,,,,,,,,,,,,,,,,,,,,stop,false,,6.00000,-8.95358,17.00000,timeout,false,,,-8.95358,17.00000,stop,false,,6.00000,-18.47816,40.00000,stop,false,,25.00000,-18.47816,40.00000,stop,false,,6.00000,-24.11783,59.00000,stop,false,,25.00000,-24.11783,59.00000
original_92,JCI,2023-08-02,2023-08-02,three_rising_lows_break,,,,,,no_signal,,,,,,,,,,,,,,,,,,,,,,,,,,stop,false,,6.00000,-8.95358,17.00000,timeout,false,,,-8.95358,17.00000,stop,false,,6.00000,-18.47816,40.00000,stop,false,,25.00000,-18.47816,40.00000,stop,false,,6.00000,-24.11783,59.00000,stop,false,,25.00000,-24.11783,59.00000
original_92,JCI,2023-02-01,2023-02-02,next_open,2023-02-03,1.00000,59.71470,-0.83630,0.00000,,false,timeout,1.84289,,timeout,1.84289,,stop,-5.45057,26.00000,stop,-10.00000,30.00000,timeout,1.06200,1.06200,timeout,1.84289,1.84289,stop,-10.00000,-8.01710,stop,-10.00000,-9.99692,timeout,false,,,-3.85628,13.00000,timeout,false,,,-3.85628,13.00000,stop,false,,25.00000,-11.37287,30.00000,stop,false,,28.00000,-11.37287,30.00000,stop,false,,25.00000,-14.45800,44.00000,stop,false,,28.00000,-14.45800,44.00000
original_92,JCI,2023-02-01,2023-02-02,day3,2023-02-07,3.00000,60.93641,1.19250,2.00000,,false,timeout,-0.35200,,timeout,-0.35200,,stop,-5.00000,23.00000,stop,-10.00000,26.00000,timeout,-4.05571,-4.05571,timeout,-3.12213,-3.12213,stop,-10.00000,-10.33860,stop,-10.00000,-13.80310,timeout,false,,,-3.85628,13.00000,timeout,false,,,-3.85628,13.00000,stop,false,,25.00000,-11.37287,30.00000,stop,false,,28.00000,-11.37287,30.00000,stop,false,,25.00000,-14.45800,44.00000,stop,false,,28.00000,-14.45800,44.00000
original_92,JCI,2023-02-01,2023-02-02,sma5_reversal,2023-02-14,8.00000,60.97372,1.25445,7.00000,,false,stop,-5.00000,6.00000,timeout,-4.29795,,stop,-5.00000,6.00000,stop,-10.00000,21.00000,timeout,-4.06852,-4.06852,stop,-10.00000,-9.07005,stop,-10.00000,-7.33117,stop,-10.00000,-11.53219,timeout,false,,,-3.85628,13.00000,timeout,false,,,-3.85628,13.00000,stop,false,,25.00000,-11.37287,30.00000,stop,false,,28.00000,-11.37287,30.00000,stop,false,,25.00000,-14.45800,44.00000,stop,false,,28.00000,-14.45800,44.00000
original_92,JCI,2023-02-01,2023-02-02,three_rising_lows_break,,,,,,no_signal,,,,,,,,,,,,,,,,,,,,,,,,,,timeout,false,,,-3.85628,13.00000,timeout,false,,,-3.85628,13.00000,stop,false,,25.00000,-11.37287,30.00000,stop,false,,28.00000,-11.37287,30.00000,stop,false,,25.00000,-14.45800,44.00000,stop,false,,28.00000,-14.45800,44.00000
original_92,LOW,2026-02-25,2026-02-25,next_open,2026-02-26,1.00000,260.47219,0.12166,0.00000,,false,stop,-5.00000,7.00000,stop,-10.00000,12.00000,stop,-5.00000,7.00000,stop,-10.00000,12.00000,timeout,-9.07192,-9.07192,stop,-10.00000,-12.54272,stop,-10.00000,-7.26058,stop,-10.00000,-7.45261,stop,false,,7.00000,-14.77834,17.00000,stop,false,,15.00000,-14.77834,17.00000,stop,false,,7.00000,-14.77834,17.00000,stop,false,,15.00000,-14.77834,17.00000,stop,false,,7.00000,-20.53895,59.00000,stop,false,,15.00000,-20.53895,59.00000
original_92,LOW,2026-02-25,2026-02-25,day3,2026-03-02,3.00000,257.16857,-1.14820,2.00000,,false,stop,-5.00000,6.00000,stop,-10.00000,13.00000,stop,-5.00000,6.00000,stop,-10.00000,13.00000,timeout,-6.88077,-6.88077,stop,-10.00000,-9.23846,stop,-10.00000,-6.76154,stop,-10.00000,-9.82691,stop,false,,7.00000,-14.77834,17.00000,stop,false,,15.00000,-14.77834,17.00000,stop,false,,7.00000,-14.77834,17.00000,stop,false,,15.00000,-14.77834,17.00000,stop,false,,7.00000,-20.53895,59.00000,stop,false,,15.00000,-20.53895,59.00000
original_92,LOW,2026-02-25,2026-02-25,sma5_reversal,2026-03-24,19.00000,227.85135,-12.41731,18.00000,,false,target,6.07744,11.00000,target,6.07744,11.00000,target,6.07744,11.00000,target,6.07744,11.00000,timeout,0.54263,0.54263,target,6.07744,7.53752,target,6.07744,-0.02596,target,6.07744,-6.20673,stop,false,,7.00000,-14.77834,17.00000,stop,false,,15.00000,-14.77834,17.00000,stop,false,,7.00000,-14.77834,17.00000,stop,false,,15.00000,-14.77834,17.00000,stop,false,,7.00000,-20.53895,59.00000,stop,false,,15.00000,-20.53895,59.00000
original_92,LOW,2026-02-25,2026-02-25,three_rising_lows_break,,,,,,no_signal,,,,,,,,,,,,,,,,,,,,,,,,,,stop,false,,7.00000,-14.77834,17.00000,stop,false,,15.00000,-14.77834,17.00000,stop,false,,7.00000,-14.77834,17.00000,stop,false,,15.00000,-14.77834,17.00000,stop,false,,7.00000,-20.53895,59.00000,stop,false,,15.00000,-20.53895,59.00000
original_92,LOW,2023-03-01,2023-03-01,next_open,2023-03-02,1.00000,179.69357,-0.84916,0.00000,,false,target,5.00000,3.00000,target,5.00000,3.00000,target,5.00000,3.00000,target,5.00000,3.00000,target,5.00000,3.63853,target,5.00000,3.79425,target,5.00000,4.94135,target,5.00000,8.61681,target,true,6.00000,,-3.53559,17.00000,target,true,6.00000,,-3.53559,17.00000,target,true,6.00000,,-3.53559,17.00000,target,true,6.00000,,-3.53559,17.00000,target,true,6.00000,,-3.53559,17.00000,target,true,6.00000,,-3.53559,17.00000
original_92,LOW,2023-03-01,2023-03-01,day3,2023-03-06,3.00000,186.81938,3.08270,2.00000,,false,stop,-5.00000,14.00000,timeout,-0.16475,,stop,-5.00000,14.00000,target,5.00000,33.00000,timeout,-1.75237,-1.75237,timeout,-0.43435,-0.43435,target,5.00000,4.72292,target,5.00000,3.26465,target,true,6.00000,,-3.53559,17.00000,target,true,6.00000,,-3.53559,17.00000,target,true,6.00000,,-3.53559,17.00000,target,true,6.00000,,-3.53559,17.00000,target,true,6.00000,,-3.53559,17.00000,target,true,6.00000,,-3.53559,17.00000
original_92,LOW,2023-03-01,2023-03-01,sma5_reversal,,,,,,no_signal,,,,,,,,,,,,,,,,,,,,,,,,,,target,true,6.00000,,-3.53559,17.00000,target,true,6.00000,,-3.53559,17.00000,target,true,6.00000,,-3.53559,17.00000,target,true,6.00000,,-3.53559,17.00000,target,true,6.00000,,-3.53559,17.00000,target,true,6.00000,,-3.53559,17.00000
original_92,LOW,2023-03-01,2023-03-01,three_rising_lows_break,2023-03-07,4.00000,188.86199,4.20977,3.00000,,false,stop,-5.00000,12.00000,timeout,0.74078,,stop,-5.00000,12.00000,timeout,2.22722,,timeout,-2.81495,-2.81495,timeout,-1.93590,-1.93590,timeout,4.22243,4.22243,timeout,2.14781,2.14781,target,true,6.00000,,-3.53559,17.00000,target,true,6.00000,,-3.53559,17.00000,target,true,6.00000,,-3.53559,17.00000,target,true,6.00000,,-3.53559,17.00000,target,true,6.00000,,-3.53559,17.00000,target,true,6.00000,,-3.53559,17.00000
original_92,PYPL,2026-05-05,2026-05-05,next_open,2026-05-06,1.00000,46.41696,0.41945,0.00000,,false,stop,-5.00000,5.00000,timeout,-8.72871,,stop,-5.00000,5.00000,stop,-10.00000,22.00000,timeout,-4.94806,-4.94806,stop,-10.00000,-11.26462,stop,-10.00000,-8.64275,stop,-10.00000,-2.28148,stop,false,,10.00000,-8.98042,20.00000,timeout,false,,,-8.98042,20.00000,stop,false,,10.00000,-13.24475,26.00000,stop,false,,22.00000,-13.24475,26.00000,stop,true,48.00000,10.00000,-13.24475,26.00000,stop,true,48.00000,22.00000,-13.24475,26.00000
original_92,PYPL,2026-05-05,2026-05-05,day3,2026-05-08,3.00000,45.35808,-1.87137,2.00000,,false,stop,-5.00000,9.00000,timeout,-9.19309,,stop,-5.00000,9.00000,stop,-10.00000,21.00000,timeout,-3.04691,-3.04691,timeout,-9.19309,-9.19309,stop,-10.00000,-6.88389,stop,-10.00000,0.39562,stop,false,,10.00000,-8.98042,20.00000,timeout,false,,,-8.98042,20.00000,stop,false,,10.00000,-13.24475,26.00000,stop,false,,22.00000,-13.24475,26.00000,stop,true,48.00000,10.00000,-13.24475,26.00000,stop,true,48.00000,22.00000,-13.24475,26.00000
original_92,PYPL,2026-05-05,2026-05-05,sma5_reversal,,,,,,no_signal,,,,,,,,,,,,,,,,,,,,,,,,,,stop,false,,10.00000,-8.98042,20.00000,timeout,false,,,-8.98042,20.00000,stop,false,,10.00000,-13.24475,26.00000,stop,false,,22.00000,-13.24475,26.00000,stop,true,48.00000,10.00000,-13.24475,26.00000,stop,true,48.00000,22.00000,-13.24475,26.00000
original_92,PYPL,2026-05-05,2026-05-05,three_rising_lows_break,,,,,,no_signal,,,,,,,,,,,,,,,,,,,,,,,,,,stop,false,,10.00000,-8.98042,20.00000,timeout,false,,,-8.98042,20.00000,stop,false,,10.00000,-13.24475,26.00000,stop,false,,22.00000,-13.24475,26.00000,stop,true,48.00000,10.00000,-13.24475,26.00000,stop,true,48.00000,22.00000,-13.24475,26.00000
original_92,PYPL,2026-02-03,2026-02-03,next_open,2026-02-04,1.00000,41.23631,-0.23981,0.00000,,false,stop,-5.00000,2.00000,target,5.00000,13.00000,stop,-5.00000,2.00000,target,5.00000,13.00000,timeout,-0.36058,-0.36058,target,5.00000,13.25051,target,5.00000,6.11358,target,5.00000,9.32037,stop,true,13.00000,2.00000,-7.76978,7.00000,target,true,13.00000,,-7.76978,7.00000,stop,true,13.00000,2.00000,-7.76978,7.00000,target,true,13.00000,,-7.76978,7.00000,stop,true,13.00000,2.00000,-7.76978,7.00000,target,true,13.00000,,-7.76978,7.00000
original_92,PYPL,2026-02-03,2026-02-03,day3,2026-02-06,3.00000,39.89811,-3.47722,2.00000,,false,target,5.00000,3.00000,target,5.00000,3.00000,target,5.00000,3.00000,target,5.00000,3.00000,target,5.00000,3.47826,target,5.00000,17.04897,target,5.00000,13.36082,target,5.00000,11.81578,stop,true,13.00000,2.00000,-7.76978,7.00000,target,true,13.00000,,-7.76978,7.00000,stop,true,13.00000,2.00000,-7.76978,7.00000,target,true,13.00000,,-7.76978,7.00000,stop,true,13.00000,2.00000,-7.76978,7.00000,target,true,13.00000,,-7.76978,7.00000
original_92,PYPL,2026-02-03,2026-02-03,sma5_reversal,2026-02-18,10.00000,40.41356,-2.23022,9.00000,,false,target,5.00000,3.00000,target,5.00000,3.00000,target,5.00000,3.00000,target,5.00000,3.00000,target,5.00000,15.01483,target,5.00000,8.27385,target,5.00000,11.54593,target,5.00000,25.00328,stop,true,13.00000,2.00000,-7.76978,7.00000,target,true,13.00000,,-7.76978,7.00000,stop,true,13.00000,2.00000,-7.76978,7.00000,target,true,13.00000,,-7.76978,7.00000,stop,true,13.00000,2.00000,-7.76978,7.00000,target,true,13.00000,,-7.76978,7.00000
original_92,PYPL,2026-02-03,2026-02-03,three_rising_lows_break,2026-02-10,5.00000,40.39374,-2.27818,4.00000,,false,stop,-5.00000,3.00000,target,5.00000,8.00000,stop,-5.00000,3.00000,target,5.00000,8.00000,target,5.00000,15.38650,target,5.00000,9.18849,target,5.00000,7.29319,target,5.00000,11.35453,stop,true,13.00000,2.00000,-7.76978,7.00000,target,true,13.00000,,-7.76978,7.00000,stop,true,13.00000,2.00000,-7.76978,7.00000,target,true,13.00000,,-7.76978,7.00000,stop,true,13.00000,2.00000,-7.76978,7.00000,target,true,13.00000,,-7.76978,7.00000
original_92,PYPL,2025-07-29,2025-07-29,next_open,2025-07-30,1.00000,71.39382,1.03569,0.00000,,false,stop,-5.00000,2.00000,timeout,-2.78432,,stop,-5.00000,2.00000,timeout,-5.99806,,timeout,-2.16096,-2.16096,timeout,-2.77047,-2.77047,timeout,-7.34174,-7.34174,timeout,-6.77379,-6.77379,stop,false,,3.00000,-6.82995,3.00000,timeout,false,,,-6.82995,3.00000,stop,false,,3.00000,-8.69839,30.00000,timeout,false,,,-8.69839,30.00000,stop,true,49.00000,3.00000,-8.69839,30.00000,target,true,49.00000,,-8.69839,30.00000
original_92,PYPL,2025-07-29,2025-07-29,day3,2025-08-01,3.00000,67.25003,-4.82855,2.00000,,false,timeout,3.02941,,timeout,3.02941,,timeout,-1.02941,,timeout,-1.02941,,timeout,1.80882,1.80882,timeout,3.22059,3.22059,timeout,-1.30882,-1.30882,timeout,-1.38235,-1.38235,stop,false,,3.00000,-6.82995,3.00000,timeout,false,,,-6.82995,3.00000,stop,false,,3.00000,-8.69839,30.00000,timeout,false,,,-8.69839,30.00000,stop,true,49.00000,3.00000,-8.69839,30.00000,target,true,49.00000,,-8.69839,30.00000
original_92,PYPL,2025-07-29,2025-07-29,sma5_reversal,2025-08-07,7.00000,69.22798,-2.02939,6.00000,,false,stop,-5.00000,20.00000,timeout,-2.20000,,stop,-5.00000,20.00000,timeout,-1.52857,,timeout,-3.50000,-3.50000,timeout,-2.48571,-2.48571,timeout,-2.54286,-2.54286,timeout,1.84286,1.84286,stop,false,,3.00000,-6.82995,3.00000,timeout,false,,,-6.82995,3.00000,stop,false,,3.00000,-8.69839,30.00000,timeout,false,,,-8.69839,30.00000,stop,true,49.00000,3.00000,-8.69839,30.00000,target,true,49.00000,,-8.69839,30.00000
original_92,PYPL,2025-07-29,2025-07-29,three_rising_lows_break,2025-08-07,7.00000,69.22798,-2.02939,6.00000,,false,stop,-5.00000,20.00000,timeout,-2.20000,,stop,-5.00000,20.00000,timeout,-1.52857,,timeout,-3.50000,-3.50000,timeout,-2.48571,-2.48571,timeout,-2.54286,-2.54286,timeout,1.84286,1.84286,stop,false,,3.00000,-6.82995,3.00000,timeout,false,,,-6.82995,3.00000,stop,false,,3.00000,-8.69839,30.00000,timeout,false,,,-8.69839,30.00000,stop,true,49.00000,3.00000,-8.69839,30.00000,target,true,49.00000,,-8.69839,30.00000
original_92,PYPL,2025-02-04,2025-02-04,next_open,2025-02-05,1.00000,77.34743,0.62399,0.00000,,false,stop,-5.00000,13.00000,stop,-10.00000,17.00000,stop,-5.00000,13.00000,stop,-10.00000,17.00000,timeout,0.19179,0.19179,stop,-10.00000,-9.88365,stop,-10.00000,-10.25444,stop,-10.00000,-25.36760,stop,false,,14.00000,-14.64780,19.00000,stop,false,,17.00000,-14.64780,19.00000,stop,false,,14.00000,-18.43036,38.00000,stop,false,,17.00000,-18.43036,38.00000,stop,false,,14.00000,-28.14410,43.00000,stop,false,,17.00000,-28.14410,43.00000
original_92,PYPL,2025-02-04,2025-02-04,day3,2025-02-07,3.00000,78.12872,1.64040,2.00000,,false,stop,-5.00000,10.00000,stop,-10.00000,14.00000,stop,-5.00000,10.00000,stop,-10.00000,14.00000,timeout,-5.12658,-5.12658,stop,-10.00000,-10.78481,stop,-10.00000,-10.16456,stop,-10.00000,-27.32911,stop,false,,14.00000,-14.64780,19.00000,stop,false,,17.00000,-14.64780,19.00000,stop,false,,14.00000,-18.43036,38.00000,stop,false,,17.00000,-18.43036,38.00000,stop,false,,14.00000,-28.14410,43.00000,stop,false,,17.00000,-28.14410,43.00000
original_92,PYPL,2025-02-04,2025-02-04,sma5_reversal,2025-02-18,9.00000,77.33754,0.61113,8.00000,,false,stop,-5.00000,5.00000,stop,-10.00000,9.00000,stop,-5.00000,5.00000,stop,-10.00000,9.00000,stop,-10.00000,-13.70844,stop,-10.00000,-10.90793,stop,-10.00000,-25.35806,stop,-10.00000,-21.99489,stop,false,,14.00000,-14.64780,19.00000,stop,false,,17.00000,-14.64780,19.00000,stop,false,,14.00000,-18.43036,38.00000,stop,false,,17.00000,-18.43036,38.00000,stop,false,,14.00000,-28.14410,43.00000,stop,false,,17.00000,-28.14410,43.00000
original_92,PYPL,2025-02-04,2025-02-04,three_rising_lows_break,2025-02-18,9.00000,77.33754,0.61113,8.00000,,false,stop,-5.00000,5.00000,stop,-10.00000,9.00000,stop,-5.00000,5.00000,stop,-10.00000,9.00000,stop,-10.00000,-13.70844,stop,-10.00000,-10.90793,stop,-10.00000,-25.35806,stop,-10.00000,-21.99489,stop,false,,14.00000,-14.64780,19.00000,stop,false,,17.00000,-14.64780,19.00000,stop,false,,14.00000,-18.43036,38.00000,stop,false,,17.00000,-18.43036,38.00000,stop,false,,14.00000,-28.14410,43.00000,stop,false,,17.00000,-28.14410,43.00000
original_92,PYPL,2024-10-29,2024-10-30,next_open,2024-10-31,1.00000,77.62434,0.34518,0.00000,,false,target,5.00000,6.00000,target,5.00000,6.00000,target,5.00000,6.00000,target,5.00000,6.00000,target,5.00000,9.30055,target,5.00000,10.54911,target,5.00000,15.96382,target,5.00000,8.84189,target,true,6.00000,,-2.25007,2.00000,target,true,6.00000,,-2.25007,2.00000,target,true,6.00000,,-2.25007,2.00000,target,true,6.00000,,-2.25007,2.00000,target,true,6.00000,,-2.25007,2.00000,target,true,6.00000,,-2.25007,2.00000
original_92,PYPL,2024-10-29,2024-10-30,day3,2024-11-04,3.00000,76.40791,-1.22731,2.00000,,false,target,5.28734,3.00000,target,5.28734,3.00000,target,5.28734,3.00000,target,5.28734,3.00000,target,5.28734,9.59099,target,5.28734,15.62257,target,5.28734,12.32203,target,5.28734,13.38338,target,true,6.00000,,-2.25007,2.00000,target,true,6.00000,,-2.25007,2.00000,target,true,6.00000,,-2.25007,2.00000,target,true,6.00000,,-2.25007,2.00000,target,true,6.00000,,-2.25007,2.00000,target,true,6.00000,,-2.25007,2.00000
original_92,PYPL,2024-10-29,2024-10-30,sma5_reversal,,,,,17.00000,chase_skip,,,,,,,,,,,,,,,,,,,,,,,,,,target,true,6.00000,,-2.25007,2.00000,target,true,6.00000,,-2.25007,2.00000,target,true,6.00000,,-2.25007,2.00000,target,true,6.00000,,-2.25007,2.00000,target,true,6.00000,,-2.25007,2.00000,target,true,6.00000,,-2.25007,2.00000
original_92,PYPL,2024-10-29,2024-10-30,three_rising_lows_break,2024-11-06,5.00000,80.44785,3.99514,4.00000,,false,target,5.00000,4.00000,target,5.00000,4.00000,target,5.00000,4.00000,target,5.00000,4.00000,target,5.00000,4.17358,target,5.00000,10.49235,target,5.00000,7.11169,target,5.00000,7.68947,target,true,6.00000,,-2.25007,2.00000,target,true,6.00000,,-2.25007,2.00000,target,true,6.00000,,-2.25007,2.00000,target,true,6.00000,,-2.25007,2.00000,target,true,6.00000,,-2.25007,2.00000,target,true,6.00000,,-2.25007,2.00000
original_92,TGT,2024-11-20,2024-11-20,next_open,2024-11-21,1.00000,113.79718,0.30398,0.00000,,false,target,5.00000,3.00000,target,5.00000,3.00000,target,5.00000,3.00000,target,5.00000,3.00000,target,5.00000,5.79900,target,5.00000,7.69105,target,5.00000,11.22123,target,5.00000,9.43566,target,true,3.00000,,-0.92836,1.00000,target,true,3.00000,,-0.92836,1.00000,target,true,3.00000,,-0.92836,1.00000,target,true,3.00000,,-0.92836,1.00000,target,true,3.00000,,-0.92836,1.00000,target,true,3.00000,,-0.92836,1.00000
original_92,TGT,2024-11-20,2024-11-20,day3,2024-11-25,3.00000,119.37100,5.21689,2.00000,,false,target,5.00000,10.00000,target,5.00000,10.00000,target,5.00000,10.00000,target,5.00000,10.00000,target,5.00000,5.63754,target,5.00000,3.38096,target,5.00000,7.92535,target,5.00000,7.66768,target,true,3.00000,,-0.92836,1.00000,target,true,3.00000,,-0.92836,1.00000,target,true,3.00000,,-0.92836,1.00000,target,true,3.00000,,-0.92836,1.00000,target,true,3.00000,,-0.92836,1.00000,target,true,3.00000,,-0.92836,1.00000
original_92,TGT,2024-11-20,2024-11-20,sma5_reversal,,,,,11.00000,chase_skip,,,,,,,,,,,,,,,,,,,,,,,,,,target,true,3.00000,,-0.92836,1.00000,target,true,3.00000,,-0.92836,1.00000,target,true,3.00000,,-0.92836,1.00000,target,true,3.00000,,-0.92836,1.00000,target,true,3.00000,,-0.92836,1.00000,target,true,3.00000,,-0.92836,1.00000
original_92,TGT,2024-11-20,2024-11-20,three_rising_lows_break,2024-11-26,4.00000,120.51745,6.22741,3.00000,,true,target,5.00000,9.00000,target,5.00000,9.00000,target,5.00000,9.00000,target,5.00000,9.00000,target,5.00000,4.44702,target,5.00000,5.48337,target,5.00000,9.52823,target,5.00000,6.64347,target,true,3.00000,,-0.92836,1.00000,target,true,3.00000,,-0.92836,1.00000,target,true,3.00000,,-0.92836,1.00000,target,true,3.00000,,-0.92836,1.00000,target,true,3.00000,,-0.92836,1.00000,target,true,3.00000,,-0.92836,1.00000
original_92,TGT,2024-05-22,2024-05-22,next_open,2024-05-23,1.00000,130.84398,-0.53745,0.00000,,false,target,5.00000,5.00000,target,5.00000,5.00000,target,5.00000,5.00000,target,5.00000,5.00000,target,5.00000,1.84561,target,5.00000,2.54737,target,5.00000,2.21053,target,5.00000,5.97895,target,true,6.00000,,-2.71515,16.00000,target,true,6.00000,,-2.71515,16.00000,target,true,6.00000,,-2.71515,16.00000,target,true,6.00000,,-2.71515,16.00000,target,true,6.00000,50.00000,-7.57311,50.00000,target,true,6.00000,,-7.57311,50.00000
original_92,TGT,2024-05-22,2024-05-22,day3,2024-05-28,3.00000,133.13949,1.20751,2.00000,,false,target,5.00000,4.00000,target,5.00000,4.00000,target,5.00000,4.00000,target,5.00000,4.00000,target,5.00000,0.82069,target,5.00000,1.18621,target,5.00000,5.41379,target,5.00000,2.75862,target,true,6.00000,,-2.71515,16.00000,target,true,6.00000,,-2.71515,16.00000,target,true,6.00000,,-2.71515,16.00000,target,true,6.00000,,-2.71515,16.00000,target,true,6.00000,50.00000,-7.57311,50.00000,target,true,6.00000,,-7.57311,50.00000
original_92,TGT,2024-05-22,2024-05-22,sma5_reversal,2024-06-11,13.00000,136.12365,3.47595,12.00000,,true,stop,-5.00000,4.00000,timeout,-1.44351,,stop,-5.00000,4.00000,target,5.00000,25.00000,timeout,-0.99831,-0.99831,timeout,2.12479,2.12479,target,5.00000,0.50590,target,5.00000,-8.60034,target,true,6.00000,,-2.71515,16.00000,target,true,6.00000,,-2.71515,16.00000,target,true,6.00000,,-2.71515,16.00000,target,true,6.00000,,-2.71515,16.00000,target,true,6.00000,50.00000,-7.57311,50.00000,target,true,6.00000,,-7.57311,50.00000
original_92,TGT,2024-05-22,2024-05-22,three_rising_lows_break,2024-05-29,4.00000,134.10360,1.94039,3.00000,,false,target,5.00000,3.00000,target,5.00000,3.00000,target,5.00000,3.00000,target,5.00000,3.00000,target,5.00000,0.49983,target,5.00000,1.36255,target,5.00000,4.65594,target,5.00000,2.01986,target,true,6.00000,,-2.71515,16.00000,target,true,6.00000,,-2.71515,16.00000,target,true,6.00000,,-2.71515,16.00000,target,true,6.00000,,-2.71515,16.00000,target,true,6.00000,50.00000,-7.57311,50.00000,target,true,6.00000,,-7.57311,50.00000
original_92,UPS,2025-01-30,2025-01-30,next_open,2025-01-31,1.00000,102.73585,0.09574,0.00000,,false,target,5.00000,20.00000,target,5.00000,20.00000,target,5.00000,20.00000,target,5.00000,20.00000,timeout,1.05208,1.05208,target,5.00000,4.97669,target,5.00000,4.12121,target,5.00000,-3.63981,target,true,20.00000,,-4.78677,2.00000,target,true,20.00000,,-4.78677,2.00000,target,true,20.00000,,-4.78677,2.00000,target,true,20.00000,,-4.78677,2.00000,target,true,20.00000,44.00000,-20.06436,48.00000,target,true,20.00000,44.00000,-20.06436,48.00000
original_92,UPS,2025-01-30,2025-01-30,day3,2025-02-04,3.00000,99.45752,-3.09835,2.00000,,false,target,5.00000,10.00000,target,5.00000,10.00000,target,5.00000,10.00000,target,5.00000,10.00000,target,5.00000,5.14822,target,5.00000,9.77612,target,5.00000,4.85669,target,5.00000,-10.98569,target,true,20.00000,,-4.78677,2.00000,target,true,20.00000,,-4.78677,2.00000,target,true,20.00000,,-4.78677,2.00000,target,true,20.00000,,-4.78677,2.00000,target,true,20.00000,44.00000,-20.06436,48.00000,target,true,20.00000,44.00000,-20.06436,48.00000
original_92,UPS,2025-01-30,2025-01-30,sma5_reversal,2025-02-07,6.00000,101.71751,-0.89643,5.00000,,false,target,5.00000,11.00000,target,5.00000,11.00000,target,5.00000,11.00000,target,5.00000,11.00000,timeout,3.62259,3.62259,target,5.00000,8.33474,target,5.00000,3.15049,target,5.00000,-18.12096,target,true,20.00000,,-4.78677,2.00000,target,true,20.00000,,-4.78677,2.00000,target,true,20.00000,,-4.78677,2.00000,target,true,20.00000,,-4.78677,2.00000,target,true,20.00000,44.00000,-20.06436,48.00000,target,true,20.00000,44.00000,-20.06436,48.00000
original_92,UPS,2025-01-30,2025-01-30,three_rising_lows_break,2025-02-07,6.00000,101.71751,-0.89643,5.00000,,false,target,5.00000,11.00000,target,5.00000,11.00000,target,5.00000,11.00000,target,5.00000,11.00000,timeout,3.62259,3.62259,target,5.00000,8.33474,target,5.00000,3.15049,target,5.00000,-18.12096,target,true,20.00000,,-4.78677,2.00000,target,true,20.00000,,-4.78677,2.00000,target,true,20.00000,,-4.78677,2.00000,target,true,20.00000,,-4.78677,2.00000,target,true,20.00000,44.00000,-20.06436,48.00000,target,true,20.00000,44.00000,-20.06436,48.00000
