symbol,year,date,next_date,gap,abs_gap,gap_atr20,gap_up,day_abs_oc,day_range,rv5,rv20,median20_range,atr20,range20_ratio,same_dir_mfe,t1_distance,t2_distance,t1_hit,t2_hit,eligible_contracts,total_gamma_weight,near_gamma_share_0_5,front_near_gamma_share,weighted_abs_distance
IWM,2014,2014-01-02,2014-01-03,0.0036806429471458735,0.0036806429471458735,0.327228539574506,1.0,0.00851503830673439,0.012859530836967609,0.005127358324579395,0.008209422508114586,0.008415255008543586,0.011247927677493531,1.528121349134634,0.0032306186197996745,0.004207627504271793,0.0063114412564076895,0.0,0.0,156,105056.90196241548,0.1669664575893885,0.07515304835203947,0.01605500705652896
IWM,2014,2014-01-03,2014-01-06,0.004621141930550188,0.004621141930550188,0.4327917892720658,1.0,0.0013970458728258528,0.006897764113747193,0.006025277906812889,0.008207644311745308,0.0082843231616057,0.010677517561788124,0.8326285659298497,0.00043391270468329246,0.00414216158080285,0.0062132423712042755,0.0,0.0,130,86434.89272063215,0.15017941771473226,0.03471609604049189,0.01958880149108707
SPY,2014,2014-01-03,2014-01-06,0.0032806938898681803,0.0032806938898681803,0.4515518036959702,1.0,0.0018555713901571291,0.005293899707040904,0.005216018495729504,0.006489223462628036,0.00518956979660035,0.007265376559268649,1.0201037686223817,0.0003814489254692077,0.002594784898300175,0.0038921773474502623,0.0,0.0,216,244957.71885219225,0.2242934649638755,0.06895539659091159,0.01449131976607451
IWM,2014,2014-01-06,2014-01-07,0.0037798900940670954,0.0037798900940670954,0.34464202452240755,1.0,0.012671403133176828,0.013539294758429878,0.006809492594047064,0.008480714799959006,0.008415255008543586,0.010967583246138165,1.6088989275647751,0.00849462474791407,0.004207627504271793,0.0063114412564076895,1.0,1.0,119,100566.72809918992,0.15861156024664388,0.02255808049143978,0.016123959180749693
QQQ,2014,2014-01-06,2014-01-07,0.004633937989956705,0.004633937989956705,0.5380058570573802,1.0,0.003923424335531389,0.008769929657443193,0.005796412596377802,0.006340192731921841,0.006215827733821073,0.008613173870080152,1.4109029453510982,0.006111609453833156,0.0031079138669105363,0.004661870800365804,1.0,1.0,81,134958.91850019858,0.20473424019348427,0.023417902949738636,0.015162156896145858
SPY,2014,2014-01-06,2014-01-07,0.004003047406754723,0.004003047406754723,0.5409420726047741,1.0,0.006158400179755885,0.008065811124487648,0.005235786170350947,0.006433404851629977,0.00518956979660035,0.00740014062407649,1.554235021517873,0.0038232397304238663,0.002594784898300175,0.0038921773474502623,1.0,0.0,208,285027.4983493514,0.2513666998950399,0.09603070150905861,0.013080990130546373
IWM,2014,2014-01-08,2014-01-09,0.003395432592512959,0.003395432592512959,0.31118980516292766,1.0,0.0006970014976956929,0.008799461116675365,0.008320357478669636,0.00849985333968774,0.0086580656988466,0.010911130558198184,1.016331063166638,0.0012147452464073005,0.0043290328494233,0.00649354927413495,0.0,0.0,147,111779.45158977954,0.2126270200708246,0.07606815736587651,0.015625468743333912
QQQ,2014,2014-01-08,2014-01-09,0.0036650979701318143,0.0036650979701318143,0.42032921295707903,1.0,0.0019508626364015402,0.006885541745676224,0.007198239347433641,0.006427669864176573,0.006362764328709334,0.00871958897252775,1.0821619959438187,0.00011414055168290638,0.003181382164354667,0.0047720732465320005,0.0,0.0,105,183787.88176632812,0.38763163251161664,0.17005753236974705,0.012127772304071792
SPY,2014,2014-01-08,2014-01-09,0.003214888427174989,0.003214888427174989,0.44402644451255746,1.0,0.0003816152923594718,0.005124025385900979,0.005703868118319324,0.006088324943414673,0.005104632636030388,0.007240308470150293,1.0037990490703894,0.00010865391556480475,0.002552316318015194,0.0038284744770227907,0.0,0.0,251,313893.5100131628,0.2959900376400467,0.1153428355939049,0.012276319658377813
SPY,2014,2014-01-10,2014-01-13,-0.002552412415884664,0.002552412415884664,0.36088911634851184,0.0,0.0010329026613666858,0.006577911029852563,0.003341166204344626,0.005305540499502228,0.005208962546470941,0.00707256689176459,1.2628063594561802,0.012848802680646365,0.0026044812732354703,0.003906721909853205,1.0,1.0,231,247341.2038068962,0.34173524584262005,0.0,0.011853393941085899
IWM,2014,2014-01-13,2014-01-14,0.004388274436426531,0.004388274436426531,0.40207584343768377,1.0,0.011795321546878568,0.019340812389554096,0.008486092376100728,0.0079061671070388,0.008997344313082085,0.010914046461750825,2.1496134544315115,0.009349874798998403,0.004498672156541043,0.006748008234811564,1.0,1.0,128,117567.41749267938,0.2131218071327215,0.193220485896339,0.014403624556441397
QQQ,2014,2014-01-13,2014-01-14,0.0033717115256899355,0.0033717115256899355,0.35582475036040245,1.0,0.01342048824099229,0.020646972303932743,0.009055793634153615,0.00669080289854615,0.006960998254930319,0.00947576446628529,2.96609358999752,0.01645420763303651,0.0034804991274651597,0.0052207486911977396,1.0,1.0,92,176080.04473499066,0.2147739143622734,0.1907421462639413,0.0134785755705122
SPY,2014,2014-01-13,2014-01-14,0.0033022777074376286,0.0033022777074376286,0.43820192472755304,1.0,0.010780180471923306,0.015462494507558655,0.00741765182247458,0.006182001395132435,0.005208962546470941,0.0075359726215049865,2.9684403313735586,0.008118991940523124,0.0026044812732354703,0.003906721909853205,1.0,1.0,220,319584.25421141385,0.2789856527152307,0.2537915891381612,0.0117801402610468
IWM,2014,2014-01-14,2014-01-15,0.0026010322635952043,0.0026010322635952043,0.23437527341340988,1.0,0.007864329581303231,0.011621826307943797,0.00953250528958513,0.008240567756081084,0.008997344313082085,0.011097724711801382,1.2916951828825458,0.005620905649512675,0.004498672156541043,0.006748008234811564,1.0,0.0,128,106539.59853920588,0.24974499388622579,0.1977291085664304,0.014440462173678809
QQQ,2014,2014-01-14,2014-01-15,0.004335393574474322,0.004335393574474322,0.43079264598965566,1.0,0.015643087211844486,0.01645420763303657,0.012246962937201657,0.007833291117715213,0.006960998254930319,0.010063759478796732,2.363771262459723,0.005793503843037895,0.0034804991274651597,0.0052207486911977396,1.0,1.0,95,195162.1529398777,0.40705000830465915,0.369811803538085,0.010555371172629625
QQQ,2014,2014-01-16,2014-01-17,-0.00305495192868388,0.00305495192868388,0.30897641612925136,0.0,0.0009059365673325104,0.0039637424917860885,0.012345117791539538,0.007886468339058114,0.00685069136835789,0.00988733045374547,0.5785901420247745,0.005018848529668496,0.003425345684178945,0.005138018526268417,1.0,0.0,129,211675.9139058642,0.5349715187792111,0.47995452658154336,0.009234682020994004
IWM,2014,2014-01-17,2014-01-21,0.006900742255256498,0.006900742255256498,0.6993833509421875,1.0,0.003267107397423308,0.006362289393022649,0.010058559869716658,0.007600444455003108,0.008415255008543586,0.009866895238441167,0.7560423762040884,0.0011993436616322128,0.004207627504271793,0.0063114412564076895,0.0,0.0,168,80840.62928512986,0.14679749017754534,0.13230990827982425,0.014790732441577885
QQQ,2014,2014-01-17,2014-01-21,0.006372385133028624,0.006372385133028624,0.7068816473955224,1.0,0.002610411478155994,0.007944666584810795,0.012958836984677598,0.007708689042571393,0.00685069136835789,0.009014783672072159,1.1596882938714448,0.001695996069015715,0.003425345684178945,0.005138018526268417,0.0,0.0,134,175514.81684658225,0.33924784133398495,0.28732613764587656,0.011011923525737141
SPY,2014,2014-01-17,2014-01-21,0.0057721496521281335,0.0057721496521281335,0.861479064174722,1.0,0.0024986784281176844,0.0061379119313449,0.009261727056011294,0.005464970498340717,0.0053790126485183856,0.006700278500276413,1.141085238577297,0.00037903262249838754,0.0026895063242591928,0.004034259486388789,0.0,0.0,276,262357.5589951977,0.39155025718635356,0.2959585312063579,0.011031407385135713
QQQ,2014,2014-01-21,2014-01-22,0.0025973542587529597,0.0025973542587529597,0.2854646671839994,1.0,0.0012437879614990432,0.008819524624206609,0.009337709448924807,0.007788601704689837,0.0074151041652435095,0.009098689110546933,1.1893999635967323,0.0024780493774283485,0.0037075520826217547,0.005561328123932632,0.0,0.0,93,59594.04500503574,0.039680141666471866,0.03944140867427149,0.011572194693828138
IWM,2014,2014-01-22,2014-01-23,-0.004180512478431098,0.004180512478431098,0.4495836548522466,0.0,0.004456222745624849,0.00745567510823292,0.0044253494059637456,0.0065462450285319095,0.007966705926261688,0.00929863092955415,0.9358541883234085,0.00916477196119092,0.003983352963130844,0.005975029444696266,1.0,1.0,133,33325.668280729784,0.21865843857745615,0.1275925650904565,0.01441253583945616
QQQ,2014,2014-01-22,2014-01-23,-0.0030411877312321867,0.0030411877312321867,0.34493267180497783,0.0,0.0,0.005406660999476478,0.005725622783277101,0.00768858658269221,0.00685069136835789,0.008816757529282845,0.7892139214516175,0.007398150709804652,0.003425345684178945,0.005138018526268417,1.0,1.0,93,67257.60237529712,0.2593595604463915,0.1712161954317647,0.011838430242597897
SPY,2014,2014-01-22,2014-01-23,-0.005046163424691552,0.005046163424691552,0.7549469373699187,0.0,0.0010298793200116396,0.0035774494143739955,0.003718790414525584,0.0054740029656087765,0.005208962546470941,0.006684129936696421,0.6867873175240449,0.008524847269447244,0.0026044812732354703,0.003906721909853205,1.0,1.0,237,149462.1323438065,0.5272446004047465,0.3470894194115694,0.007869558552763703
IWM,2014,2014-01-23,2014-01-24,-0.006270363674801938,0.006270363674801938,0.6552621160692457,0.0,0.0025702797174457226,0.009595571499949931,0.005467111883792019,0.006628526592585493,0.00855665042637235,0.0095692449189895,1.1214167953356533,0.021815944127118403,0.004278325213186175,0.006417487819779262,1.0,1.0,163,92411.15558803664,0.3359202996756507,0.18197011151687068,0.015271910757909046
QQQ,2014,2014-01-23,2014-01-24,-0.0048598585992490895,0.0048598585992490895,0.551700097509775,0.0,0.0003389309521278916,0.007456739541131279,0.005195507879435425,0.007438236194102422,0.007171140643403752,0.00880887754268157,1.0398261464848315,0.015453857472420562,0.003585570321701876,0.005378355482552813,1.0,1.0,121,178691.72850360736,0.059388091325953164,0.05897468831695959,0.014233601299874077
SPY,2014,2014-01-23,2014-01-24,-0.00651013308345838,0.00651013308345838,0.9221776067274647,0.0,0.003163013832683026,0.008616385528373344,0.004337422665085184,0.005709745687916462,0.005715905819192901,0.007059521979243147,1.5074400805277783,0.015489594833633324,0.0028579529095964507,0.004286929364394676,1.0,1.0,278,280262.5682593832,0.3505688634808539,0.19731383438112993,0.011572699263789697
IWM,2014,2014-01-24,2014-01-27,0.0029087866014243513,0.0029087866014243513,0.27296992745686705,1.0,0.01936213541268239,0.021782319905669586,0.012718390258806656,0.008798170879175993,0.008997344313082085,0.01065606980418742,2.4209721388563756,0.0005273119989228636,0.004498672156541043,0.006748008234811564,0.0,0.0,147,79146.04492433897,0.22812821536171732,0.038390908837826886,0.018509087808007113
QQQ,2014,2014-01-27,2014-01-28,-0.004656595096315552,0.004656595096315552,0.4475074575451833,0.0,0.009684071461586785,0.018907072054857053,0.010671109543831865,0.00890806722779465,0.007950668345988872,0.010405625689143721,2.3780481378519216,0.002227200173997801,0.003975334172994436,0.005963001259491655,0.0,0.0,102,124816.89275764198,0.13558076113443615,0.05052072361405813,0.024266908304725478
IWM,2014,2014-01-28,2014-01-29,-0.00964861428261543,0.00964861428261543,0.8329091661210118,0.0,0.009291529640773621,0.010720959036633703,0.014592880609679528,0.009706247388754327,0.009466696638087312,0.011584233521586195,1.1324920874193987,0.007746357740547438,0.004733348319043656,0.007100022478565484,1.0,1.0,140,106622.4969659553,0.15408758169806833,0.0625691620469769,0.016858202988977396
QQQ,2014,2014-01-28,2014-01-29,-0.008619660767875237,0.008619660767875237,0.8214598030403367,0.0,0.004093549404925012,0.007368478161549708,0.008808438085058462,0.008901564070186375,0.007950668345988872,0.010493101106070773,0.9267746862145394,0.004129288170127143,0.003975334172994436,0.005963001259491655,1.0,0.0,103,142008.97475602102,0.16342835696053917,0.07411342784829543,0.02195118904635155
SPY,2014,2014-01-28,2014-01-29,-0.008320798750325098,0.008320798750325098,0.9651273009152856,0.0,0.005220657560103037,0.006624048156580839,0.010336806319626985,0.007506319373421085,0.0066525881379338,0.008621452053458654,0.9957099431437484,0.003957467938255466,0.0033262940689669,0.00498944110345035,1.0,0.0,203,253891.83949132718,0.15190219359205903,0.10115078440687854,0.015188344645334648
IWM,2014,2014-01-29,2014-01-30,0.008891732762049243,0.008891732762049243,0.7275470990247468,1.0,0.004826608230103835,0.013943557617853111,0.013366972666873343,0.010164440312737078,0.009714237505207095,0.012221521842322402,1.4353733486935012,0.011751087628481649,0.004857118752603548,0.007285678128905322,1.0,1.0,178,108756.91078701164,0.1455857182151239,0.09587024116701676,0.0168451838395161
QQQ,2014,2014-01-29,2014-01-30,0.012245389282825148,0.012245389282825148,1.1223145363056966,1.0,0.0021149136868163776,0.011514460351441588,0.007406642824355101,0.009167482822322303,0.008160733103423783,0.010910835498159976,1.4109590652598074,0.009654551811903556,0.004080366551711892,0.0061205498275678375,1.0,1.0,136,110993.41008715909,0.18955599000715329,0.048793263143739066,0.01870597384322636
SPY,2014,2014-01-29,2014-01-30,0.00834505597183477,0.00834505597183477,0.9157025951126442,1.0,0.001295166827162686,0.009404201777935042,0.009797515837696995,0.007725482675140228,0.006952540124619582,0.009113281993929712,1.3526281919084366,0.005480040918776519,0.003476270062309791,0.005214405093464687,1.0,1.0,224,237848.43860443987,0.22341808671511962,0.10281229111857583,0.016181093401267332
IWM,2014,2014-01-30,2014-01-31,-0.015486725663716783,0.015486725663716783,1.192246658215905,0.0,0.005964552283663327,0.014332774718307382,0.017588068677855142,0.010790431993680134,0.010252658816139126,0.012989531618307357,1.3979568593217575,0.0007196350847564759,0.005126329408069563,0.007689494112104345,0.0,0.0,190,130317.39130202451,0.24386353704505376,0.1623326580806493,0.0161163182445256
QQQ,2014,2014-01-30,2014-01-31,-0.011098255311822625,0.011098255311822625,0.9497361416723945,0.0,0.006164926971866214,0.010701474761853205,0.014484345430359598,0.01005777389032055,0.008567362878561906,0.011685619641977254,1.2490978745199977,0.0010532939789298368,0.004283681439280953,0.006425522158921429,0.0,0.0,145,187911.10751199521,0.037256126612731325,0.03409461633460787,0.01794425188283794
SPY,2014,2014-01-30,2014-01-31,-0.012386326360671829,0.012386326360671829,1.2942626061843563,0.0,0.002236727016657225,0.008667466509462658,0.012698149151849294,0.008087995963447727,0.007644881627220026,0.009570180194874227,1.1337607215004692,0.0005086838052343889,0.003822440813610013,0.00573366122041502,0.0,0.0,248,326520.05877652956,0.3735070236074555,0.24343893525411175,0.013493816962072495
IWM,2014,2014-01-31,2014-02-03,-0.002585600089680784,0.002585600089680784,0.19807299259049393,0.0,0.008179808198735872,0.016449454661165732,0.014026009830283457,0.010652782307193551,0.010252658816139126,0.013053774044936978,1.6044086666838049,0.03439668209170543,0.005126329408069563,0.007689494112104345,1.0,1.0,154,79356.3963705475,0.11558170622187551,0.019702678593255182,0.018998356052958066
IWM,2014,2014-02-03,2014-02-04,0.004970095793314089,0.004970095793314089,0.34245652453238246,1.0,0.028783419519505693,0.03620269350969531,0.018862218879509004,0.012533683701184255,0.010696686579223846,0.0145130708200133,3.384477355820795,0.006960293889944458,0.005348343289611923,0.008022514934417885,1.0,0.0,136,74618.81787752442,0.09216271241507107,0.005937310599749044,0.02477967376423075
QQQ,2014,2014-02-03,2014-02-04,0.005101439085363424,0.005101439085363424,0.3969250612148131,1.0,0.02113575289657388,0.028219722308115546,0.015189221010592988,0.011050123067463903,0.009109978196934175,0.012852398560449074,3.097671772432174,0.006255887295329332,0.0045549890984670875,0.006832483647700631,1.0,0.0,117,84639.47597674347,0.11370749516381606,0.06019065487471023,0.020395099025936458
SPY,2014,2014-02-03,2014-02-04,0.004478376227232239,0.004478376227232239,0.42082542717680804,1.0,0.021351930244948303,0.025509879502122957,0.01312620814399303,0.00923336599450894,0.008341098326430495,0.010641886012630762,3.0583357855031665,0.005087164362236329,0.004170549163215248,0.0062558237448228715,1.0,0.0,148,155858.71209142735,0.1913391867222268,0.06458109778128096,0.020367613395176773
IWM,2014,2014-02-04,2014-02-05,-0.0060290824403914645,0.0060290824403914645,0.4144760330058845,0.0,0.0025643261565739817,0.01419539690179092,0.018258842585873403,0.012661488263160445,0.010696686579223846,0.014546275201166739,1.3270835596288866,0.014356306178060052,0.005348343289611923,0.008022514934417885,1.0,1.0,138,94547.30835648379,0.27728278119347016,0.07982944471799655,0.021597246339132143
QQQ,2014,2014-02-04,2014-02-05,-0.003297684567364567,0.003297684567364567,0.2539950553657333,0.0,0.0022427105602993436,0.009324845421913076,0.015988339697573226,0.011200179812634764,0.009362638595787409,0.012983262853743965,0.9959634056694939,0.010628127685127442,0.004681319297893704,0.007021978946840556,1.0,1.0,117,114073.2498557589,0.2656062783087759,0.07851710488417461,0.017660956973734335
SPY,2014,2014-02-04,2014-02-05,-0.0034779668879316716,0.0034779668879316716,0.3240167020628989,0.0,0.002515018285690118,0.009888515334189291,0.013337608005575352,0.009467731331719055,0.008641926018918,0.010733912374851962,1.14424901492357,0.006159645524579149,0.004320963009459,0.0064814445141885,1.0,0.0,196,232399.74226751094,0.2014504509737236,0.0884192472321142,0.018266797329835237
QQQ,2014,2014-02-05,2014-02-06,0.002951942292987564,0.002951942292987564,0.22396041799604027,1.0,0.0007090297759151376,0.014770176539849952,0.015290969507618681,0.01095233219847464,0.009949549433734002,0.013180642898423934,1.4845070762472508,0.011066573875603058,0.004974774716867001,0.0074621620753005016,1.0,1.0,152,113746.1723441388,0.27153228649535627,0.07832439428981224,0.017168925649579586
IWM,2014,2014-02-06,2014-02-07,0.004200521189839934,0.004200521189839934,0.27812493527698806,1.0,0.005786231619258508,0.010286579489667208,0.015977652871383554,0.012680199246484834,0.011171392672288751,0.015103001051152004,0.9207965194154915,0.007911204033193231,0.005585696336144376,0.008378544504216563,1.0,0.0,170,109807.58290440388,0.32472849756998656,0.13031875868679288,0.01892781750271296
QQQ,2014,2014-02-06,2014-02-07,0.005596401722284483,0.005596401722284483,0.41335884355015595,1.0,0.009771534940003157,0.011302084493521034,0.013639695904660382,0.01137882013575326,0.010600070929829734,0.01353884599206701,1.066227251528644,0.012869572293931153,0.005300035464914867,0.007950053197372301,1.0,1.0,155,166111.10643103297,0.21516252983847342,0.07155640545948942,0.019527731009516314
SPY,2014,2014-02-06,2014-02-07,0.00467659370653184,0.00467659370653184,0.4148702187638966,1.0,0.010821243175020534,0.012871594049819711,0.01367094596745254,0.00989549338445676,0.009358303512471394,0.01127242567679532,1.3754195974373253,0.008748794683153482,0.004679151756235697,0.007018727634353545,1.0,1.0,288,336302.6514021283,0.2633665933280427,0.1516986040625778,0.015316241999934555
IWM,2014,2014-02-12,2014-02-13,-0.009691508450739739,0.009691508450739739,0.6612337067495138,0.0,0.0024064552567277797,0.009269170622233579,0.0035991907376320804,0.012555183116612554,0.011453033501295052,0.014656706625530574,0.8093201352449958,0.00017956755528736323,0.005726516750647526,0.00858977512597129,0.0,0.0,208,129819.80354882403,0.3208611654456176,0.054760720702655814,0.017109826502252796
QQQ,2014,2014-02-12,2014-02-13,-0.007305850477246634,0.007305850477246634,0.5737061079285058,0.0,0.0001124088093180653,0.005282099381562914,0.006215939174169722,0.011102081547875602,0.01001316009188314,0.012734482649358642,0.5275157226183456,0.00022646254105662678,0.00500658004594157,0.007509870068912355,0.0,0.0,145,202443.83560576843,0.12146389950228142,0.02597666108618087,0.013859551205945538
SPY,2014,2014-02-12,2014-02-13,-0.006755703503311228,0.006755703503311228,0.6068516876593117,0.0,0.0009876141332304522,0.006145377872085048,0.00610231154308854,0.009956980938656127,0.009358303512471394,0.011132379856054548,0.6566764867046017,5.5270180471911345e-05,0.004679151756235697,0.007018727634353545,0.0,0.0,253,324306.560985717,0.14790251003327168,0.07663485223610726,0.013361262342443345
IWM,2014,2014-02-14,2014-02-18,0.002980922098569261,0.002980922098569261,0.19007715598253497,1.0,0.0036958656388692557,0.009415696062751703,0.004753864352397728,0.012800154148307588,0.012706995825015546,0.015682695183229487,0.7409852173096297,0.009178281541593947,0.006353497912507773,0.009530246868761659,1.0,0.0,184,134301.64766261002,0.16089372655493148,0.0,0.014035861115586412
IWM,2014,2014-02-18,2014-02-19,-0.0030368631160181403,0.0030368631160181403,0.19011298636293422,0.0,0.007430056492864656,0.01145102745735025,0.0046827167484535205,0.013028601622534585,0.012706995825015546,0.01597399090991413,0.9011592995731736,0.008071575204856796,0.006353497912507773,0.009530246868761659,1.0,0.0,179,142358.429911262,0.364815254791147,0.3559576906136886,0.013342978511996971
SPY,2014,2014-02-18,2014-02-19,-0.002605356990970864,0.002605356990970864,0.22467025035501006,0.0,0.0003258378747383883,0.00456081892759324,0.004178217908654181,0.009988815677111329,0.009646358556062166,0.011596359495100218,0.47280213575795765,0.004866842092263957,0.004823179278031083,0.007234768917046624,1.0,0.0,274,306554.12465000805,0.4559196917987927,0.4139308302446718,0.009277620687344498
IWM,2014,2014-02-20,2014-02-21,0.0027753658833866712,0.0027753658833866712,0.16753876661949688,1.0,0.009632277871374884,0.014273181234468135,0.009586628823345853,0.013328429127741109,0.014069477259822015,0.01656551459334723,1.01447843234573,0.004238002526634643,0.0070347386299110075,0.010552107944866511,0.0,0.0,188,244353.40864378173,0.4425250924015253,0.3515890947462555,0.011623599483775747
QQQ,2014,2014-02-20,2014-02-21,0.0032203584264858254,0.0032203584264858254,0.2397889479679116,1.0,0.00401383209446049,0.010146099201010424,0.0055392592013566435,0.011076047349305309,0.011001779627687119,0.01342997020411788,0.9222234533290153,0.0014390622988986745,0.0055008898138435595,0.008251334720765339,0.0,0.0,132,348008.9632683887,0.5941461342955945,0.5250609180121508,0.008045390441586643
QQQ,2014,2014-02-25,2014-02-26,0.002657573908230404,0.002657573908230404,0.2176711599211481,1.0,0.0025403507246281043,0.007731439922226354,0.00501347089426557,0.009603189344271379,0.00973559372911539,0.012209122739057927,0.7941415939640755,0.003202576216005726,0.004867796864557695,0.007301695296836543,0.0,0.0,109,137076.25976992495,0.2940235083922391,0.13084163099733628,0.01428945016200431
IWM,2014,2014-02-26,2014-02-27,-0.0033233864057905516,0.0033233864057905516,0.2208613292318448,0.0,0.00548367230459168,0.01439465614218561,0.0037826337858137206,0.01121595280240365,0.013662021692922082,0.015047389315953508,1.0536256247962983,0.0017128892136266671,0.006831010846461041,0.010246516269691561,0.0,0.0,202,110376.14149411285,0.13119460339566144,0.06406579030329744,0.01831276968774648
QQQ,2014,2014-02-26,2014-02-27,-0.003989810450604425,0.003989810450604425,0.3222930303973957,0.0,0.0035339556492484103,0.010712242502677239,0.0033636458743675638,0.009608640940043224,0.010423786981431815,0.01237944998588671,1.0276728142813412,0.0015602294038878917,0.005211893490715908,0.007817840236073861,0.0,0.0,138,148361.11607567867,0.3300237475762085,0.15807796128167842,0.01324588517246897
IWM,2014,2014-02-28,2014-03-03,-0.008509190168182301,0.008509190168182301,0.5864262991041829,0.0,0.003730098718389807,0.016191895960825427,0.004675627778911181,0.010263258348948995,0.013304684726032872,0.014510246524040326,1.2170071139786753,0.008132849949126442,0.006652342363016436,0.009978513544524654,1.0,0.0,149,91862.60126807183,0.23766235729146729,0.0516865723155834,0.0199045136243045
QQQ,2014,2014-02-28,2014-03-03,-0.009408883203203988,0.009408883203203988,0.7925222513830449,0.0,0.0008847802773144231,0.015704470224519533,0.0028707493508128928,0.008383324265209713,0.00973559372911539,0.011872074489750131,1.613098354500306,0.0069764273436048185,0.004867796864557695,0.007301695296836543,1.0,0.0,135,110252.10095094456,0.21032713115543997,0.028667077303890013,0.015558315544587184
SPY,2014,2014-02-28,2014-03-03,-0.00880347548850613,0.00880347548850613,0.8355376665925045,0.0,0.0026912106037377814,0.011303035258160505,0.0027861901510862824,0.007842813529458589,0.01052902155645004,0.010536299966473713,1.0735124054557859,0.004897925967261907,0.00526451077822502,0.00789676616733753,0.0,0.0,240,178950.97489028936,0.1729905297201172,0.05499961303729986,0.01793860668709366
IWM,2014,2014-03-03,2014-03-04,0.011207096975224706,0.011207096975224706,0.7715251128028294,1.0,0.0031754441919136234,0.014418128678136645,0.00527553610058541,0.01017290589131189,0.013304684726032872,0.014525900439599542,1.0836881124980835,0.020135405619804425,0.006652342363016436,0.009978513544524654,1.0,1.0,176,117192.72979506425,0.13898269823479728,0.06745673990892613,0.017432393156624492
QQQ,2014,2014-03-03,2014-03-04,0.010928999408332585,0.010928999408332585,0.9126757368757141,1.0,0.0020114013797363217,0.011621420721347378,0.0035442266779636402,0.008593537792370811,0.00973559372911539,0.01197467946912329,1.193704364079225,0.0036403952068382317,0.004867796864557695,0.007301695296836543,0.0,0.0,173,173337.43885833924,0.23136981609598992,0.0309505582395532,0.014815115590589399
SPY,2014,2014-03-03,2014-03-04,0.009784828632279474,0.009784828632279474,0.9268682858036884,1.0,0.001787174882007747,0.009206590871566524,0.004568749137370834,0.007908529620006294,0.010182425736570216,0.010556870681787369,0.9041647942985749,0.006370804026869736,0.005091212868285108,0.007636819302427662,1.0,0.0,296,239458.21842098524,0.16144686024750424,0.07946217416151667,0.01576371866437587
IWM,2014,2014-03-05,2014-03-06,0.0030060170668839703,0.0030060170668839703,0.21798509277018138,1.0,0.00083429395638146,0.004088084943053247,0.012467924201975799,0.008083836697931756,0.012706995825015546,0.013790012099832771,0.3217192324093839,0.0010822281921873955,0.006353497912507773,0.009530246868761659,0.0,0.0,207,113715.93842229764,0.2282341875904351,0.055575496299066315,0.01989541369018454
IWM,2014,2014-03-06,2014-03-07,0.005595505347361973,0.005595505347361973,0.4261068405898077,1.0,0.003163543740622443,0.006909771995308291,0.012572305196747582,0.007665582778277862,0.011818067711653326,0.013131695655523384,0.5846786601581949,0.0004982771926667073,0.005909033855826663,0.008863550783739994,0.0,0.0,205,117293.92701470711,0.2374279365267049,0.06730593961046584,0.018925918842119877
QQQ,2014,2014-03-06,2014-03-07,0.0031874398266957815,0.0031874398266957815,0.3001956572477518,1.0,0.0031773123348179944,0.00755993028804539,0.007396715309378491,0.006499835519280826,0.008777444199841895,0.010617874541953096,0.8612906121558214,0.0009861287454313583,0.004388722099920948,0.0065830831498814215,0.0,0.0,208,163330.47849305288,0.3245783815827745,0.1471390371380862,0.01270453865875079
SPY,2014,2014-03-06,2014-03-07,0.004145042344803507,0.004145042344803507,0.43797817148411755,1.0,0.00015947100055935248,0.0044099771608665135,0.007532664164171124,0.005837755831080927,0.008666574190577467,0.009464038654615505,0.5088489481416036,0.0,0.004333287095288733,0.0064999306429331,0.0,0.0,349,251111.2983216612,0.2643362971910721,0.13913048001331482,0.015581442471938704
IWM,2014,2014-03-07,2014-03-10,-0.0028404038977347668,0.0028404038977347668,0.21640274748533295,0.0,0.0058965758016218395,0.011959159518399633,0.012164020082940335,0.007716515485190258,0.012072133742178017,0.01312554452631097,0.990641735239921,0.007342415075256348,0.006036066871089009,0.009054100306633513,1.0,0.0,166,95914.99035705758,0.22803030373009403,0.025816072737106812,0.020770321159127886
IWM,2014,2014-03-11,2014-03-12,-0.005675065075389174,0.005675065075389174,0.42121895454519154,0.0,0.011305636564049482,0.019261329468438036,0.00435174900840014,0.008352537682932213,0.012594021601237161,0.013472957506190075,1.5294026069119906,0.004019853130890372,0.006297010800618581,0.00944551620092787,0.0,0.0,159,131563.7574126442,0.17148332523082072,0.0486223248669604,0.017710784704861874
QQQ,2014,2014-03-11,2014-03-12,-0.004544487436953015,0.004544487436953015,0.4413405335338982,0.0,0.006715849367548987,0.012220638423152099,0.003305023093511409,0.005407102185533539,0.008777444199841895,0.010297008979810746,1.392277540582055,0.0036879100277167343,0.004388722099920948,0.0065830831498814215,0.0,0.0,178,174627.86259699703,0.26372773383200093,0.0927208873910155,0.013057502139714947
SPY,2014,2014-03-11,2014-03-12,-0.004860270384477006,0.004860270384477006,0.5329523305453788,0.0,0.00642117755354743,0.010135871563169151,0.002751046236412275,0.005245725353089315,0.008111791624511559,0.009119521776935306,1.249523167303927,0.0022593514874897913,0.0040558958122557795,0.006083843718383669,0.0,0.0,269,265003.34609597205,0.27115675145368096,0.14475507170237892,0.01412509920377703
IWM,2014,2014-03-12,2014-03-13,0.0036311460211502222,0.0036311460211502222,0.26987778877389457,1.0,0.008774161211791531,0.012948328480824346,0.0050893994096001685,0.008239905427585592,0.01245374399961199,0.013454779059985633,1.0397137183185847,0.0009255415377689147,0.006226871999805995,0.009340307999708992,0.0,0.0,210,143691.38692295822,0.2880830081699878,0.07966057287266916,0.017202084162388106
QQQ,2014,2014-03-12,2014-03-13,0.003754460870708076,0.003754460870708076,0.366040013541333,1.0,0.008350963371429598,0.012582087564146041,0.0036313352106701214,0.004909825446450836,0.008777444199841895,0.010256968451030081,1.4334568557408405,0.00033001956868328186,0.004388722099920948,0.0065830831498814215,0.0,0.0,203,190661.42068859583,0.27141915541951034,0.10049938828716946,0.012393204342535321
SPY,2014,2014-03-12,2014-03-13,0.0029901621221906094,0.0029901621221906094,0.33856828052870525,1.0,0.005152379869798995,0.00778237521485311,0.0026910848299134243,0.004810872540413221,0.007939700477143909,0.00883178458868385,0.9801849877405713,0.0007986007144271667,0.003969850238571954,0.0059547753578579315,0.0,0.0,345,306156.4876127387,0.30625498547745666,0.1654868159847501,0.013355715868341366
IWM,2014,2014-03-13,2014-03-14,-0.003588259610331823,0.003588259610331823,0.2548486883717192,0.0,0.015145102612308614,0.02170805102379928,0.006332389217902426,0.008836245814136138,0.013164407124407699,0.014079961067321765,1.6489957214670983,8.570148002529088e-05,0.0065822035622038495,0.009873305343305775,0.0,0.0,227,159633.73955410777,0.13948265347059105,0.06218999337197345,0.016631688103205155
QQQ,2014,2014-03-13,2014-03-14,-0.003248218184279228,0.003248218184279228,0.29185151852977426,0.0,0.01782181209447864,0.0226622389880519,0.006847814461225064,0.005952156102794477,0.009113392008403456,0.01112969430703116,2.486696387816419,0.0040618370924938585,0.004556696004201728,0.006835044006302592,0.0,0.0,195,183845.51541522233,0.26882310790462033,0.10653308736314945,0.014128109663283225
IWM,2014,2014-03-14,2014-03-17,0.005785267142072614,0.005785267142072614,0.431441569681893,1.0,0.007802483782384684,0.010717654372261999,0.007324054547444965,0.008492840082187427,0.01245374399961199,0.013409155604403537,0.860596971689471,0.007443725632984233,0.006226871999805995,0.009340307999708992,1.0,0.0,190,123780.64482420194,0.25990407209549354,0.0,0.01866466299734275
QQQ,2014,2014-03-14,2014-03-17,0.006428326453082667,0.006428326453082667,0.5972647729813966,1.0,0.00359590630976403,0.008427913450994105,0.006981091326668508,0.0058941145752871545,0.008777444199841895,0.010762942574017996,0.960178527953036,0.007507909170534122,0.004388722099920948,0.0065830831498814215,1.0,1.0,152,143444.14711632073,0.220666431287523,0.0,0.017001950036232446
SPY,2014,2014-03-14,2014-03-17,0.005036243135156271,0.005036243135156271,0.5516470244484886,1.0,0.0010278736009338152,0.007357319802250723,0.004595138405051024,0.005544414735180165,0.007939700477143909,0.009129466691479531,0.9266495409279366,0.006358144069478655,0.003969850238571954,0.0059547753578579315,1.0,1.0,318,219795.76286206357,0.2163359431887467,0.0,0.01628123331598173
QQQ,2014,2014-03-19,2014-03-20,-0.0031097154203669763,0.0031097154203669763,0.268719564686649,0.0,0.0057420125561504776,0.013361381917930088,0.011100042207588803,0.006655018654979173,0.009523897480298488,0.011572344663453077,1.4029321446991605,0.0020093804587686392,0.004761948740149244,0.007142923110223866,0.0,0.0,138,209168.29712987714,0.35311719668375113,0.316415203521172,0.010612935750190056
IWM,2014,2014-03-20,2014-03-21,0.004699542979049287,0.004699542979049287,0.34527569478085485,1.0,0.0036216650637419523,0.011622986729557602,0.007561032809079601,0.008302838380738111,0.01245374399961199,0.013610986959369001,0.9332925688788631,0.0045105321585476865,0.006226871999805995,0.009340307999708992,0.0,0.0,205,173833.00092139916,0.21939872818827197,0.1566131272408659,0.014259226728120633
QQQ,2014,2014-03-20,2014-03-21,0.003433354252413645,0.003433354252413645,0.29575189480722797,1.0,0.005904620840945229,0.010917955706503932,0.008379197372101766,0.006601500639218101,0.009806969131131896,0.011608900273154688,1.1132854157606398,0.0005519100728472726,0.004903484565565948,0.007355226848348922,0.0,0.0,205,315153.9221057226,0.3803758465060623,0.2848738328590541,0.011565621646545697
IWM,2014,2014-03-21,2014-03-24,0.003878248732025691,0.003878248732025691,0.2775518763609514,1.0,0.009271638815850691,0.01419983762364628,0.008372231901490772,0.008411685143481796,0.013164407124407699,0.013973058957029336,1.0786537889214034,0.001343778134874185,0.0065822035622038495,0.009873305343305775,0.0,0.0,203,161725.75066905207,0.0773563314008883,0.013373039874935284,0.015830749260242603
QQQ,2014,2014-03-21,2014-03-24,0.0035955021890361483,0.0035955021890361483,0.2933702307309815,1.0,0.017660027605608808,0.020088297190690153,0.010737478596377711,0.007348328864692336,0.010815099104590584,0.01225585220449037,1.8574307083476895,0.0007836956455820054,0.005407549552295292,0.008111324328442939,0.0,0.0,210,184343.94880870573,0.216977680382824,0.1629165639055268,0.01592224079076888
SPY,2014,2014-03-21,2014-03-24,0.0034371611178185546,0.0034371611178185546,0.3426254724511472,1.0,0.00804437542813985,0.015928855075487962,0.007892295915388384,0.00620541323083138,0.007939700477143909,0.01003183182274528,2.0062287137080936,0.0012310586107706634,0.003969850238571954,0.0059547753578579315,0.0,0.0,341,305385.6813692467,0.21459300968522668,0.108323476976908,0.01529300907032474
IWM,2014,2014-03-24,2014-03-25,0.0034964695995700623,0.0034964695995700623,0.2404513732859139,1.0,0.01520112172027177,0.025531207888795246,0.009982661777096804,0.008738367922997167,0.013325765951084598,0.014541275234941201,1.9159279836156236,0.005438934304473619,0.006662882975542299,0.009994324463313449,0.0,0.0,166,96892.34297759194,0.1299948863559544,0.06737187814599127,0.017872541517947114
QQQ,2014,2014-03-24,2014-03-25,0.00521422668451188,0.00521422668451188,0.4050394324507312,1.0,0.012315253894753853,0.022167439927273044,0.010327769940758246,0.0074353571568712305,0.011269688213925655,0.012873380384133676,1.9669967355335816,0.006427601408013794,0.0056348441069628274,0.008452266160444241,1.0,0.0,160,133901.03195612214,0.17749108370718736,0.08423871051366034,0.018237114246925926
SPY,2014,2014-03-24,2014-03-25,0.005069311753950201,0.005069311753950201,0.5031458310799651,1.0,0.007546583653103123,0.01311288939762409,0.0069678547243436275,0.006180304804024716,0.007939700477143909,0.01007523354227004,1.6515597074942927,0.0030584715305719268,0.003969850238571954,0.0059547753578579315,0.0,0.0,278,238035.61017639987,0.20645801735952657,0.11016959666891253,0.015144664548662883
IWM,2014,2014-03-25,2014-03-26,0.00598646152754001,0.00598646152754001,0.3987870954371192,1.0,0.006288755632570586,0.01844138865226909,0.004689985660191583,0.008765023470893573,0.013951520522495566,0.01501167313595772,1.3218192685545649,0.0004250875875657645,0.006975760261247783,0.010463640391871674,0.0,0.0,166,114830.18118200122,0.16543503286045094,0.10629694239783344,0.016581686017853987
QQQ,2014,2014-03-25,2014-03-26,0.0049711309613855725,0.0049711309613855725,0.37306612771150943,1.0,0.0019169843071751291,0.016689257463243533,0.007556344640357109,0.007502838608115473,0.011921029572249739,0.013325066501962699,1.3999845703003262,0.002248505727921568,0.005960514786124869,0.008940772179187303,0.0,0.0,165,168783.3192555656,0.1290891076882988,0.07372481688916056,0.015733282244350805
SPY,2014,2014-03-25,2014-03-26,0.003918177967392689,0.003918177967392689,0.3857312988140138,1.0,0.00032192713508427673,0.00896066004560034,0.006326422572390119,0.006262537899628468,0.008111791624511559,0.010157791134501371,1.1046462311141891,0.0016039513608132605,0.0040558958122557795,0.006083843718383669,0.0,0.0,260,270837.0368677623,0.2469759579136947,0.14472767934987432,0.014371724870330865
QQQ,2014,2014-03-27,2014-03-28,0.003222909962516063,0.003222909962516063,0.2291353029081927,1.0,0.0042407191585333015,0.01421200989993732,0.007007820709801289,0.007953173639588005,0.01248801028838269,0.014065532118406832,1.1380523855876727,0.009752161982648166,0.006244005144191345,0.009366007716287018,1.0,1.0,205,133651.10271130293,0.18517486255188495,0.08592119289673217,0.019319735699734577
SPY,2014,2014-03-27,2014-03-28,0.0028713770399784178,0.0028713770399784178,0.2748459620336804,1.0,0.0009201524706106134,0.00779432985876184,0.005160442077291794,0.006387714514850062,0.008528842892517523,0.010447222941651044,0.9138789349256179,0.007076859998240925,0.004264421446258762,0.006396632169388143,1.0,1.0,341,318878.16037586716,0.36082525231869766,0.23262130951365573,0.012662820875593958
IWM,2014,2014-03-28,2014-03-31,0.006562253862910872,0.006562253862910872,0.41419376482139136,1.0,0.0016596998238535,0.0176449736533316,0.007750556280248185,0.0094989388383017,0.014308983150891463,0.01584343952097069,1.2331395926084587,0.014255905568469895,0.007154491575445732,0.010731737363168597,1.0,1.0,179,106686.23806180093,0.11240991756437153,0.05876304182932706,0.0200636004903056
QQQ,2014,2014-03-28,2014-03-31,0.0078116057591803845,0.0078116057591803845,0.5591263287555733,1.0,0.0012620537600939175,0.013767835328331802,0.006926689162198897,0.008000151766935183,0.01248801028838269,0.013971092680551075,1.1024843037757346,0.006041248820435552,0.006244005144191345,0.009366007716287018,0.0,0.0,145,127221.2370413439,0.17034997853774325,0.09788261285436878,0.01983806045105917
SPY,2014,2014-03-28,2014-03-31,0.006361489249213204,0.006361489249213204,0.6128253833226643,1.0,0.0020528598215090454,0.0076711045554710275,0.00541471084958344,0.006466066052917409,0.007945677799098274,0.010380590331820112,0.965443697747421,0.0033749659237811702,0.003972838899549137,0.005959258349323706,0.0,0.0,268,248018.2017965371,0.2767818584301921,0.13969729690854416,0.013582185154444409
QQQ,2014,2014-03-31,2014-04-01,0.004904760056537727,0.004904760056537727,0.3540702498642949,1.0,0.0006839756718592938,0.0072951027602788324,0.007987678684779963,0.008124691170650566,0.01248801028838269,0.013852505423479048,0.5841685418104836,0.013280342669801382,0.006244005144191345,0.009366007716287018,1.0,1.0,140,146474.76416673942,0.15969467836587686,0.07050163718972337,0.01906655111363577
SPY,2014,2014-03-31,2014-04-01,0.0032618610142212123,0.0032618610142212123,0.3202060744305944,1.0,0.001821376446272449,0.00953553756231299,0.0062342695159207945,0.006514944342079769,0.007945677799098274,0.010186755576144544,1.2000911443193862,0.003944171796304907,0.003972838899549137,0.005959258349323706,0.0,0.0,249,207703.85208792583,0.13438778761943548,0.05335938749578439,0.014988154816378687
IWM,2014,2014-04-01,2014-04-02,0.0035632320281546725,0.0035632320281546725,0.23404682330109242,1.0,0.010631960236350935,0.01260397200823946,0.014617882733321973,0.009095430477659679,0.013951520522495566,0.015224440895618177,0.903412068090836,0.001606242623515941,0.006975760261247783,0.010463640391871674,0.0,0.0,147,94854.78056097793,0.13090059892227013,0.024177442470445645,0.018284596772751387
QQQ,2014,2014-04-01,2014-04-02,0.004259581406991675,0.004259581406991675,0.30350662213161567,1.0,0.012599326101891073,0.01770712355973526,0.011695680083005516,0.008616361170652457,0.012971734741038065,0.01403455837989758,1.3650543981381356,0.0010046207273599617,0.006485867370519032,0.009728801055778549,0.0,0.0,134,170942.99864700594,0.2536584064295851,0.03199398470677669,0.015445768694290596
IWM,2014,2014-04-03,2014-04-04,0.006484660034300926,0.006484660034300926,0.41189874367235446,1.0,0.01013517366699046,0.014864882715780894,0.01116486097518935,0.009418664457604243,0.014466298488834572,0.015743335307327765,1.0275526063045055,0.0013564230531639687,0.007233149244417286,0.01084972386662593,0.0,0.0,203,114998.42063110878,0.14054645641837332,0.05289799283041207,0.016616449264783516
QQQ,2014,2014-04-03,2014-04-04,0.0066493442530060065,0.0066493442530060065,0.45597138231504053,1.0,0.008935501321019501,0.016307372996527614,0.009248920983208921,0.008756781097382881,0.013564608623130945,0.014582810480881956,1.2022000375830668,0.0010076574965591778,0.0067823043115654725,0.01017345646734821,0.0,0.0,184,212036.78490818528,0.2538956067390839,0.15258258429204782,0.014188456350058184
SPY,2014,2014-04-03,2014-04-04,0.005460418558207447,0.005460418558207447,0.5505647399313854,1.0,0.0028545397862220767,0.006184903421632441,0.0036576677077564228,0.005919520273402908,0.007945677799098274,0.009917850094955147,0.7783984674453253,0.00021086831888950108,0.003972838899549137,0.005959258349323706,0.0,0.0,303,291585.284977763,0.2234133669135472,0.09718485131554934,0.012887009354551195
IWM,2014,2014-04-04,2014-04-07,-0.004716577217250717,0.004716577217250717,0.279233125021446,0.0,0.029416762017929643,0.034757596942498775,0.016964710857970227,0.01063060840476497,0.01479882103490188,0.016891180861470033,2.348673374759088,0.016684467225529298,0.00739941051745094,0.011099115776176411,1.0,1.0,157,95306.83592894288,0.22412320423365217,0.008166302953220484,0.021644408524712312
QQQ,2014,2014-04-04,2014-04-07,-0.006252181293912362,0.006252181293912362,0.3978091643980326,0.0,0.03302728345635153,0.0366099897406339,0.016776555927673884,0.010422295680579648,0.013564608623130945,0.0157165340908453,2.698934466727259,0.010359092577115314,0.0067823043115654725,0.01017345646734821,1.0,1.0,114,101378.56683399997,0.14599710981763875,0.02212839271100804,0.02401558726567157
IWM,2014,2014-04-08,2014-04-09,0.003432791017984549,0.003432791017984549,0.1977339444969975,1.0,0.007091597101952729,0.017728925124399508,0.012798446610067354,0.011037189277684009,0.014960773116125765,0.017360656141852643,1.1850273369422357,0.010964912280701844,0.007480386558062883,0.011220579837094324,1.0,0.0,158,107559.91935495523,0.15032413926805818,0.03222790104560783,0.01920872349894086
QQQ,2014,2014-04-08,2014-04-09,0.0037063624946938045,0.0037063624946938045,0.22631001059575268,1.0,0.008055981316045235,0.01295972668507401,0.013646522439777044,0.010843349701693806,0.013989922614134561,0.016377368747131173,0.9263615705765446,0.013962601354028159,0.0069949613070672805,0.01049244196060092,1.0,1.0,114,184921.94675740684,0.2178553835670662,0.07341475964318063,0.020023574405561736
SPY,2014,2014-04-08,2014-04-09,0.00270124248251169,0.00270124248251169,0.25034526614911695,1.0,0.0045588387155222065,0.009823063131192052,0.007679276437026849,0.006936249538670073,0.009248098803956665,0.010790068148932793,1.062171083962619,0.008351227058172928,0.004624049401978332,0.006936074102967499,1.0,1.0,252,284002.0460434742,0.2781940966090695,0.08619080661665665,0.013533698378510567
IWM,2014,2014-04-10,2014-04-11,-0.008217204148520785,0.008217204148520785,0.45479247734866074,0.0,0.027280620601871086,0.03223283348093881,0.018828284869753565,0.012921513721566897,0.015203770354726547,0.018068030052795205,2.1200552710872977,0.010740945736574137,0.0076018851773632734,0.01140282776604491,1.0,0.0,217,106303.99524728954,0.1458920964085893,0.04993643257980669,0.017555591186588525
QQQ,2014,2014-04-10,2014-04-11,-0.00893069506295685,0.00893069506295685,0.5186469879134581,0.0,0.03163403352506078,0.03436500611575688,0.021241818443929066,0.013094206670971234,0.015259691448232467,0.017219217061079383,2.2520118596328094,0.00512445068543621,0.007629845724116234,0.01144476858617435,0.0,0.0,157,145397.04459772567,0.19380637115448893,0.09361774440370228,0.016929336978302286
SPY,2014,2014-04-10,2014-04-11,-0.005568924721920276,0.005568924721920276,0.49671532920593964,0.0,0.02095359274416364,0.022664130060213818,0.01291761340047507,0.008416390420558919,0.00967930034675252,0.011211501627749008,2.3415049898537146,0.0045778050975178175,0.00483965017337626,0.007259475260064391,0.0,0.0,312,282986.30615300784,0.30129560540926353,0.12440258384045812,0.013279639350264029
IWM,2014,2014-04-11,2014-04-14,0.010325145836759475,0.010325145836759475,0.5552064512022402,1.0,0.005673606342071591,0.02143369266746071,0.017493820212922926,0.013084800882967474,0.016497925423157027,0.018596948602454953,1.2991750245988916,0.003765111227746365,0.008248962711578513,0.01237344406736777,0.0,0.0,172,79916.34415019467,0.1659892566263995,0.0,0.020058166528628636
QQQ,2014,2014-04-11,2014-04-14,0.008797977153723435,0.008797977153723435,0.4971133228532582,1.0,0.002727006610453664,0.01814084474425697,0.018917753240377845,0.013224779055812791,0.016462031643394853,0.01769813189319911,1.101980918104705,0.004360668865478923,0.008231015821697427,0.01234652373254614,0.0,0.0,130,98288.89480253126,0.13148231776518918,0.0,0.0223098823327736
SPY,2014,2014-04-11,2014-04-14,0.007823250575283547,0.007823250575283547,0.6850307889144243,1.0,0.0034589046059275708,0.011584498832887776,0.012648229907171822,0.008617130970432096,0.01020012544667824,0.011420290448085024,1.135721211807289,0.002405305084038911,0.00510006272333912,0.00765009408500868,0.0,0.0,270,199946.8575228773,0.19469475856245702,0.0,0.015870868828000317
IWM,2014,2014-04-14,2014-04-15,0.0027998334101877465,0.0027998334101877465,0.1474840438063865,1.0,0.007440625803206591,0.02079784519367308,0.017363867027232385,0.013041178582336171,0.01768694938886555,0.018983975065555568,1.1758865102404787,0.00621455866875964,0.008843474694432776,0.013265212041649163,0.0,0.0,172,101335.72831014224,0.1415242915446529,0.13368178403917846,0.01808926459264997
QQQ,2014,2014-04-14,2014-04-15,0.0036570154567021618,0.0036570154567021618,0.20626035016164068,1.0,0.0009428619032808561,0.014496209535097868,0.019501607115943013,0.013183518400843152,0.016462031643394853,0.017730094290232017,0.880584477609983,0.005406665192439597,0.008231015821697427,0.01234652373254614,0.0,0.0,134,152945.77719859438,0.18836779956696256,0.15878470892552335,0.017955147332275847
IWM,2014,2014-04-15,2014-04-16,0.007017532780827507,0.007017532780827507,0.3581279472542501,1.0,0.0010808137251316907,0.027560097201084814,0.01693727528005794,0.012485262968469201,0.017774420122366623,0.01959504371169744,1.5505483167017238,0.004556438263557228,0.008887210061183311,0.013330815091774967,0.0,0.0,169,105428.53373672366,0.1846158851585845,0.15121129067551098,0.014576843714146588
QQQ,2014,2014-04-15,2014-04-16,0.008700738826772358,0.008700738826772358,0.4729192667538236,1.0,0.0003525949535878592,0.026563259139535597,0.018841211254910104,0.012810304893371618,0.01665297387675281,0.018397936896281063,1.5951060354821867,0.004545977217466746,0.008326486938376405,0.012489730407564608,0.0,0.0,129,161927.13408261398,0.18723554840652534,0.15741289682904844,0.015316439676483816
SPY,2014,2014-04-15,2014-04-16,0.006894703004896252,0.006894703004896252,0.5879147213336939,1.0,0.004800292324160127,0.015382976279459233,0.013633086133681695,0.008538393413533319,0.010918971761363534,0.01172738622577014,1.4088301184083514,0.0036124341647467695,0.005459485880681767,0.00818922882102265,0.0,0.0,257,303747.3125656948,0.36775065805158486,0.32858592508388046,0.01139033247825405
IWM,2014,2014-04-16,2014-04-17,-0.0032930112546469825,0.0032930112546469825,0.1690973566151487,0.0,0.0038416894845294536,0.010810319674560961,0.016007090144279146,0.012875898394046768,0.017774420122366623,0.019474055186691052,0.6081953504045786,0.0024167261020076047,0.008887210061183311,0.013330815091774967,0.0,0.0,167,131015.31361810054,0.25297263083935184,0.22398027005344254,0.013333437571143712
QQQ,2014,2014-04-16,2014-04-17,-0.003829215942052766,0.003829215942052766,0.20817789992984667,0.0,0.004545977217466746,0.012705489633441347,0.01787183090574201,0.013300897217351825,0.01665297387675281,0.018393959893644635,0.7629561979423948,0.0025692073777843216,0.008326486938376405,0.012489730407564608,0.0,0.0,123,235025.4861385449,0.2747814085722355,0.22586750404291453,0.014263560916940322
QQQ,2014,2014-04-21,2014-04-22,0.003454664491123527,0.003454664491123527,0.19289764256704728,1.0,0.005092532456494547,0.009722179664997178,0.004954706294304514,0.013112840591894761,0.016462031643394853,0.01790931421011408,0.5905820056480124,0.007000236569017382,0.008231015821697427,0.01234652373254614,0.0,0.0,141,130172.49301269313,0.18149322572463275,0.06470399143700344,0.019311586748965902
IWM,2014,2014-04-23,2014-04-24,0.006057899936506628,0.006057899936506628,0.32909441325287503,1.0,0.0050664029878328964,0.008735149988440615,0.006895857568236182,0.01319350328005526,0.016497925423157027,0.018407787226250354,0.5294696008371861,0.0006981572005533287,0.008248962711578513,0.01237344406736777,0.0,0.0,188,134898.74851739948,0.11817737192372328,0.05061611962179557,0.018008267840707307
QQQ,2014,2014-04-23,2014-04-24,0.01648225299637951,0.01648225299637951,0.97139312462076,1.0,0.008796945662114308,0.009710938946364302,0.00853651954845097,0.013237541730842968,0.014354109717517594,0.016967644281829068,0.676526732585385,0.00022674501091768384,0.007177054858758797,0.010765582288138197,0.0,0.0,170,173413.04091876984,0.22558725960004983,0.11739702601382496,0.017197760158641127
SPY,2014,2014-04-23,2014-04-24,0.004907965771796308,0.004907965771796308,0.4767952227723437,1.0,0.0019700264165033454,0.003301006777820276,0.0046991971724923,0.00851827634323664,0.008784605691053868,0.010293655509505227,0.3757717641421265,0.0001061967031876776,0.004392302845526934,0.006588454268290401,0.0,0.0,271,272542.24896609236,0.26167752073233735,0.1224302384688872,0.01352670213658652
IWM,2014,2014-04-24,2014-04-25,-0.0038729199810088044,0.0038729199810088044,0.21533313414071778,0.0,0.008552192677006132,0.017366244239171106,0.006600130419329272,0.012510683074111002,0.016358560716076782,0.017985713143792794,1.0615997666655355,0.01762430627289091,0.008179280358038391,0.012268920537057587,1.0,1.0,195,156226.6923250014,0.15727261141759694,0.09118244737809984,0.016776426140110157
QQQ,2014,2014-04-24,2014-04-25,-0.005936712693313084,0.005936712693313084,0.3522124273626326,0.0,0.006803561479820419,0.017689052221426322,0.007642143762738019,0.013120679627560417,0.014354109717517594,0.016855488994999984,1.23233363611808,0.012677323741959734,0.007177054858758797,0.010765582288138197,1.0,1.0,159,199208.84637209773,0.2705698028156148,0.1532295830933099,0.01565029026356171
SPY,2014,2014-04-24,2014-04-25,-0.003247620744316615,0.003247620744316615,0.32367324528080493,0.0,0.0028666629512671404,0.007750739245700451,0.0026336961394415426,0.00833675026766049,0.007914001839278293,0.010033639763765829,0.9793704124798724,0.007263173933288458,0.0039570009196391465,0.00593550137945872,1.0,1.0,296,288456.61506253877,0.314210437158942,0.16892294452168508,0.013378779176323262
IWM,2014,2014-04-25,2014-04-28,0.0035839219038746872,0.0035839219038746872,0.19578717419421543,1.0,0.013784550533127327,0.01767252834107419,0.010701925905677832,0.013086691857124497,0.017505608946251354,0.018305192455147938,1.0095351949958062,0.004731709393704708,0.008752804473125677,0.013129206709688515,0.0,0.0,154,91102.31720276483,0.14419932635076363,0.03459939474605489,0.01942722939278965
QQQ,2014,2014-04-25,2014-04-28,0.004756886194469789,0.004756886194469789,0.27875240695838754,1.0,0.010106779103047137,0.01366710481431708,0.011647215759583631,0.01356048334714444,0.014132022431714835,0.017064915228444655,0.967101834175242,0.005889170268090327,0.0070660112158574175,0.010599016823786125,0.0,0.0,136,120324.68742245433,0.10531129878859627,0.0464446314864142,0.020327684812366638
SPY,2014,2014-04-25,2014-04-28,0.004079713312661104,0.004079713312661104,0.401304185254414,1.0,0.004967460359504905,0.007798347956135668,0.00523411459247588,0.008556936482642873,0.007916010887965208,0.010166136966836506,0.985136082618529,0.0034215417225700318,0.003958005443982604,0.005937008165973905,0.0,0.0,232,222224.19470068451,0.2252793335760601,0.1001404152975311,0.015639821127748595
IWM,2014,2014-04-28,2014-04-29,0.004145629851010302,0.004145629851010302,0.2197541862539579,1.0,0.009374190087781287,0.028747443614784037,0.009997792182830688,0.013128068018947387,0.017519386290122646,0.018864850411629584,1.640893301781451,0.005026074288200455,0.008759693145061323,0.013139539717591985,0.0,0.0,155,112494.63578522988,0.13260712795262747,0.06643254298934129,0.018282789761012427
QQQ,2014,2014-04-28,2014-04-29,0.00300684783809424,0.00300684783809424,0.17148149732456786,1.0,0.001501123045132835,0.02309468862863393,0.011122421858096424,0.0135749208250782,0.015401791265812741,0.01753453220905282,1.4994806922164348,0.006802678600881906,0.007700895632906371,0.011551343449359555,0.0,0.0,131,137985.0956150604,0.061729913686897314,0.03270450509990114,0.01941903034050424
SPY,2014,2014-04-28,2014-04-29,0.0032105673643512134,0.0032105673643512134,0.3086954435366563,1.0,0.0009088380976838284,0.01459500498796387,0.005181010543288534,0.008517847442761895,0.008784605691053868,0.010400436519465412,1.6614297216353422,0.0029869723242770263,0.004392302845526934,0.006588454268290401,0.0,0.0,227,247381.69192174947,0.2254155185996622,0.0941829077692354,0.014858644401639592
IWM,2014,2014-04-29,2014-04-30,-0.003236251503640264,0.003236251503640264,0.17678708104157737,0.0,0.0016155116508155265,0.009693069904893454,0.007404878371003642,0.012363642301070546,0.016358560716076782,0.01830592758573321,0.5925380645112225,0.008458393187710245,0.008179280358038391,0.012268920537057587,1.0,0.0,154,121390.87810604756,0.12785695387968138,0.0636663519182082,0.01752587401568967
QQQ,2014,2014-04-29,2014-04-30,-0.004589278442777234,0.004589278442777234,0.26339516270271984,0.0,0.0049579186963262245,0.01164536028061533,0.01112911659706636,0.013600743693470826,0.015401791265812741,0.017423548692718054,0.7561042790174973,0.002542191106721603,0.007700895632906371,0.011551343449359555,0.0,0.0,140,160949.50583228475,0.21073808612035935,0.13822122555507318,0.018201264338607963
QQQ,2014,2014-05-01,2014-05-02,0.003422651650208053,0.003422651650208053,0.19931376629416522,1.0,0.0013709899263749659,0.009596755158230838,0.009292041492764955,0.01297522394511225,0.014081657174707475,0.017172178890827818,0.681507512870565,0.0018192571649948697,0.0070408285873537375,0.010561242881030606,0.0,0.0,170,192805.98513628994,0.2650630444184019,0.1427349514076758,0.015189072867846324
IWM,2014,2014-05-02,2014-05-05,-0.008122788919310509,0.008122788919310509,0.42563006978487317,0.0,0.0005352623833878578,0.012846841720517348,0.004539455199475901,0.011813615559798419,0.01770072673273685,0.01908415193366395,0.7257804673498282,0.005337953259759498,0.008850363366368425,0.013275545049552638,0.0,0.0,160,114327.33015203693,0.13695433436478183,0.03181140802717405,0.01761686137423011
QQQ,2014,2014-05-02,2014-05-05,-0.005943498179941553,0.005943498179941553,0.3531602592142886,0.0,0.005230234228926212,0.009437201362759983,0.0034740216202385414,0.012873035169681215,0.013313415749695544,0.016829464881367613,0.708848994141552,0.002420459650783746,0.006656707874847772,0.009985061812271658,0.0,0.0,133,125690.90206105309,0.09510364845498648,0.014776597953059427,0.017629822236187337
SPY,2014,2014-05-02,2014-05-05,-0.004892046053859289,0.004892046053859289,0.47523559174194147,0.0,0.0013275981267123482,0.007222137050521656,0.0024849980302713787,0.008240259677271624,0.007916010887965208,0.010293938709278593,0.9123455175512132,0.0027864338552490153,0.003958005443982604,0.005937008165973905,0.0,0.0,260,244302.00555143677,0.278584341484203,0.10682529177901226,0.013933823807907053
IWM,2014,2014-05-05,2014-05-06,-0.00428988944639741,0.00428988944639741,0.23738538991295785,0.0,0.006929415263086769,0.014848825459821715,0.003119931326845756,0.010736774264097956,0.017519386290122646,0.018071413105795537,0.847565389216483,0.012910317537223825,0.008759693145061323,0.013139539717591985,1.0,0.0,149,128332.68268105114,0.14689747484392038,0.03209595990876191,0.016672802815912355
SPY,2014,2014-05-06,2014-05-07,0.0033729783002993674,0.0033729783002993674,0.349743961686652,1.0,0.006489368195229384,0.007393613774725732,0.0046128603489567314,0.007603843570825698,0.007774543600918059,0.009644135910261514,0.9510029339667804,0.0029880878696497692,0.0038872718004590297,0.005830907700688544,0.0,0.0,230,313649.5461529049,0.2987504491807501,0.12101812490994467,0.012479676006158626
QQQ,2014,2014-05-07,2014-05-08,-0.0035813027649856943,0.0035813027649856943,0.22926809997530173,0.0,0.004943100537250111,0.017818175535366618,0.007041505002298346,0.011417354817625727,0.013186297223879213,0.015620589019455807,1.351264515947622,0.002324194551415637,0.006593148611939607,0.00988972291790941,0.0,0.0,162,154531.2905912964,0.08757561628944235,0.03826920119606972,0.01584064120292726
IWM,2014,2014-05-08,2014-05-09,-0.003118374224500009,0.003118374224500009,0.17052749903300102,0.0,0.009088430528894631,0.02317545624514799,0.007615083525754544,0.010163156812527267,0.017519386290122646,0.018286635540796452,1.3228463521130425,0.0037865133610230917,0.008759693145061323,0.013139539717591985,0.0,0.0,195,133908.73664440634,0.16290215944906908,0.08363823738447268,0.016808018221740908
IWM,2014,2014-05-09,2014-05-12,0.005907493711625911,0.005907493711625911,0.33887539576969944,1.0,0.012328607119251878,0.016376839997371932,0.009861152524416966,0.008478524347915545,0.01687154211827152,0.017432642751203625,0.970678310409821,0.021322737656707336,0.00843577105913576,0.01265365658870364,1.0,1.0,168,122436.35734459407,0.2844675712812155,0.0,0.015338439918315466
QQQ,2014,2014-05-09,2014-05-12,0.005990744525162572,0.005990744525162572,0.41447034481810563,1.0,0.004280952739506905,0.011685781935256868,0.007181602961448349,0.00800688617344637,0.012559349973256634,0.014453976261659129,0.9304448048776484,0.010765030287350763,0.006279674986628317,0.009419512479942476,1.0,1.0,160,150630.884477023,0.22292962712364997,0.0,0.01471372092791168
SPY,2014,2014-05-09,2014-05-12,0.004469016322016683,0.004469016322016683,0.5063008155170532,1.0,0.001331841623025909,0.006446067933514895,0.005418070173852516,0.00532103578269367,0.007572176510213091,0.008826800560162554,0.8512833694276224,0.005720348588970081,0.0037860882551065457,0.005679132382659819,1.0,1.0,283,277033.4630927746,0.18676098525128682,0.0,0.012403346838855835
IWM,2014,2014-05-13,2014-05-14,-0.002961516917803997,0.002961516917803997,0.17061514776474543,0.0,0.008453434520913294,0.013436573884455608,0.013836193170041903,0.00970447524216806,0.015907660480535525,0.017357877987993875,0.844660589839498,0.015353686102076658,0.007953830240267763,0.011930745360401644,1.0,1.0,181,149688.8046406854,0.16367859967127601,0.14383143981799948,0.014339246944182404
QQQ,2014,2014-05-13,2014-05-14,-0.003058152335044917,0.003058152335044917,0.21933964475061046,0.0,0.00022643691109991426,0.005548611451884791,0.007690406982720588,0.008040740331140165,0.011683501801491029,0.013942542573742386,0.4749099667341761,0.0045650979678835135,0.005841750900745514,0.008762626351118272,0.0,0.0,154,193524.7238595054,0.23101667894605477,0.21261650141650346,0.012639832252762178
IWM,2014,2014-05-14,2014-05-15,-0.005017360317252528,0.005017360317252528,0.297273485908663,0.0,0.013321293860177663,0.015301571566022179,0.016261941801208716,0.010342899170980779,0.01537002626486065,0.016877927413930578,0.9955462210890964,0.015171232468157436,0.007685013132430325,0.011527519698645487,1.0,1.0,210,141435.69029507178,0.28542893162325134,0.250862192503412,0.013664197082218313
IWM,2014,2014-05-16,2014-05-19,-0.0027380035830372185,0.0027380035830372185,0.1585402059034425,0.0,0.005875327162906618,0.014596566261182758,0.015480842619404607,0.01010667738689643,0.01583328030956948,0.017270089738023773,0.9218914827372023,0.002937124403741276,0.00791664015478474,0.01187496023217711,0.0,0.0,204,180685.10234720638,0.4493798713403453,0.4022859597601314,0.011232743294346311
QQQ,2014,2014-05-16,2014-05-19,-0.002964338603858141,0.002964338603858141,0.22445737224377502,0.0,0.005387451079917005,0.012838179436122666,0.009758709297419347,0.008084561350866328,0.011683501801491029,0.013206688531658833,1.098829756202398,0.001718143084089574,0.005841750900745514,0.008762626351118272,0.0,0.0,178,132288.65472168775,0.2834005468134773,0.25985767750781946,0.013900081631377062
IWM,2014,2014-05-20,2014-05-21,0.005409902626929419,0.005409902626929419,0.30004481276904554,1.0,0.012853057161413717,0.018917486457100022,0.012338713283791908,0.010476576559349917,0.01687154211827152,0.018030315461889358,1.1212659948027386,0.0043775259540308475,0.00843577105913576,0.01265365658870364,0.0,0.0,171,68144.12807043888,0.17689147572307407,0.08890227381916824,0.013960471150224684
SPY,2014,2014-05-20,2014-05-21,0.002879196360150438,0.002879196360150438,0.34639064164616634,1.0,0.0058308554482654484,0.008481266347692045,0.00575770697490793,0.005115554198832962,0.007456616239973058,0.008311992340403643,1.137414890983137,0.006007788318430851,0.003728308119986529,0.0055924621799797935,1.0,1.0,278,160308.17076325236,0.3631608736380197,0.22154460226202333,0.009312891062060092
IWM,2014,2014-05-21,2014-05-22,0.003101590306256563,0.003101590306256563,0.16931500733526095,1.0,0.0002735866746869098,0.014409431643165604,0.010734562911270772,0.010566362675104324,0.01687154211827152,0.018318460690936265,0.8540672537313881,0.009912731687527598,0.00843577105913576,0.01265365658870364,1.0,0.0,166,79995.67078366604,0.2987057094020283,0.15847056272669463,0.012483650065317866
IWM,2014,2014-05-23,2014-05-27,0.006608893951076444,0.006608893951076444,0.37290880145830446,1.0,0.0115638156207869,0.013641652123327516,0.01124914606332979,0.0105149411334348,0.01583328030956948,0.017722547510896965,0.8615809141636073,0.010025705461776058,0.00791664015478474,0.01187496023217711,1.0,0.0,159,120680.59356321205,0.1596131073909234,0.07846823272665064,0.018486080996349456
QQQ,2014,2014-05-23,2014-05-27,0.004450395394996365,0.004450395394996365,0.35826493621994915,1.0,0.0062695651646560435,0.00873263302689054,0.005108615866389473,0.006690523099833044,0.011663290974170258,0.01242207915168159,0.7487280430737767,0.008196697760027405,0.005831645487085129,0.008747468230627694,1.0,0.0,130,112108.89380822032,0.25139224708930225,0.08979270847466231,0.017006695886619
SPY,2014,2014-05-23,2014-05-27,0.0037299260956789038,0.0037299260956789038,0.4542133819159321,1.0,0.003109251758849796,0.004690131826581477,0.005391193915906512,0.00507663594835178,0.007260690506631919,0.008211836648109271,0.6459622293909247,0.0027216805145278133,0.0036303452533159595,0.00544551787997394,0.0,0.0,243,241580.8838946327,0.24602211253973919,0.13681203607404518,0.014251628308841705
IWM,2014,2014-05-28,2014-05-29,0.0030091510196779137,0.0030091510196779137,0.17607017340943495,1.0,0.0030001231959037034,0.00820612626974248,0.007640532825618713,0.010956952192592996,0.01537002626486065,0.017090634724828777,0.5339045053230349,0.002294136615505593,0.007685013132430325,0.011527519698645487,0.0,0.0,197,143610.72757306515,0.243255873797759,0.13007899235097373,0.01672700203887268
QQQ,2014,2014-05-28,2014-05-29,0.003527333449276915,0.003527333449276915,0.3051521158521434,1.0,0.0027481586967715854,0.0049466521073298205,0.005934537686601569,0.00706609192650048,0.010854496924566437,0.01155926263013699,0.4557237559425082,0.0029656924467402757,0.005427248462283219,0.008140872693424828,0.0,0.0,160,135363.46905008765,0.22508893894695658,0.12243094139195503,0.016756602401955346
IWM,2014,2014-06-02,2014-06-03,-0.005434303878410374,0.005434303878410374,0.3365153612722162,0.0,0.007252142009705476,0.015388678415722855,0.008560063296484236,0.011027063497251813,0.015075198512921946,0.016148754273402757,1.020794412924792,0.0047700366878362654,0.007537599256460973,0.01130639888469146,0.0,0.0,174,145982.7632300824,0.1789559770636635,0.08613450128722167,0.017178826316374816
QQQ,2014,2014-06-02,2014-06-03,-0.003288785877474054,0.003288785877474054,0.29446391384973813,0.0,0.002187671759439236,0.008750853946413308,0.006367770453482609,0.007123776127797579,0.00997866506277515,0.011168722966686803,0.8769563755634886,0.001321532083199406,0.004989332531387575,0.007483998797081363,0.0,0.0,144,117050.5251765304,0.22385872555850758,0.07586770401364146,0.017650604034505878
IWM,2014,2014-06-03,2014-06-04,-0.004465082916690566,0.004465082916690566,0.27960703435020595,0.0,0.0030455389568613267,0.011196703751647488,0.0036586025774201594,0.011037838395124469,0.014949068913602467,0.01596913656720839,0.7489900418787537,0.002878730517110295,0.007474534456801234,0.01121180168520185,0.0,0.0,225,150033.05852067642,0.20317638951158537,0.11241569162447743,0.016956063510439556
QQQ,2014,2014-06-03,2014-06-04,-0.002522519808771495,0.002522519808771495,0.2342668102660518,0.0,0.0028596803944862526,0.005829287175215778,0.003560765177695268,0.007105306878245597,0.008965192891459436,0.010767721667045892,0.6502132464733654,0.0015416737519247103,0.004482596445729718,0.006723894668594577,0.0,0.0,183,133906.98710582108,0.2400424680379869,0.0917739872483828,0.017806198685826814
IWM,2014,2014-06-04,2014-06-05,0.0026685915019049045,0.0026685915019049045,0.16943801050837798,1.0,0.008431958949642882,0.012647972643132754,0.004386136648864476,0.01036530077944979,0.014502998952174181,0.015749662628226822,0.8720936052496001,0.01916249121117053,0.0072514994760870905,0.010877249214130635,1.0,1.0,226,164984.91849195192,0.20640667239232105,0.12168617939268789,0.01698032401346786
IWM,2014,2014-06-05,2014-06-06,0.004269017851374235,0.004269017851374235,0.2656026487237748,1.0,0.018275350747737562,0.02475160473130751,0.010949320403680893,0.011276006854050663,0.014502998952174181,0.016072949091008457,1.7066542452998616,0.008415036427100286,0.0072514994760870905,0.010877249214130635,1.0,0.0,206,151189.89150969006,0.1412089827961176,0.06589629855200244,0.020253079612421097
QQQ,2014,2014-06-05,2014-06-06,0.003683999723890219,0.003683999723890219,0.357152239623547,1.0,0.007532777870091323,0.012772905987284065,0.003950294770277776,0.006181860412080122,0.008965192891459436,0.010314928243970428,1.424721826058198,0.0020511977441437512,0.004482596445729718,0.006723894668594577,0.0,0.0,164,117534.93950614374,0.19020114744684063,0.10741417999900242,0.017259223321439476
IWM,2014,2014-06-10,2014-06-11,-0.005571282558328838,0.005571282558328838,0.38278543949425864,0.0,0.00034297278975681245,0.007459510992627884,0.008478284281298418,0.01002250599720395,0.013539113003891563,0.01455458328218987,0.5509600954275061,0.005372574601296476,0.006769556501945781,0.010154334752918673,0.0,0.0,158,134695.40587033628,0.15399894377968804,0.060949572000392506,0.0178673955685927
QQQ,2014,2014-06-10,2014-06-11,-0.0034442720009196792,0.0034442720009196792,0.39155443556283825,0.0,0.002589894225815348,0.004316408047722946,0.003539247373698324,0.00537900184672807,0.008513077223396778,0.008796406548092668,0.507032643361911,0.0009729333826014042,0.004256538611698389,0.006384807917547583,0.0,0.0,129,106927.90945842493,0.21616784947494763,0.10571225369259302,0.015715013972183917
SPY,2014,2014-06-10,2014-06-11,-0.0035787944028017327,0.0035787944028017327,0.5783593792679698,0.0,0.001331062611341638,0.003685887346172047,0.002682397658694376,0.004305977921949981,0.00531892140529781,0.006187838446281303,0.6929764637057411,0.0021595957330939886,0.002659460702648905,0.0039891910539733575,0.0,0.0,221,285714.531914807,0.32768573634569553,0.18128444591096377,0.01179890730387157
IWM,2014,2014-06-11,2014-06-12,-0.0027562420243747443,0.0027562420243747443,0.19103531496506596,0.0,0.0006895520890317641,0.008015862196901383,0.01032203098018941,0.009780575880622885,0.013323191999650156,0.014427918863476996,0.6016472777028107,0.007571099899584821,0.006661595999825078,0.009992393999737618,1.0,0.0,197,147317.40218602095,0.18136527240138073,0.07693162892285682,0.016099941064585795
QQQ,2014,2014-06-12,2014-06-13,0.004345397970920928,0.004345397970920928,0.4823103343490624,1.0,0.006904729450762592,0.0114359427195379,0.005409475780251741,0.005746547271326239,0.008741743486651923,0.00900954771534303,1.3081993010890614,0.0010817318206253201,0.004370871743325962,0.0065563076149889425,0.0,0.0,211,141089.28334278584,0.30829841999390956,0.1674930991860887,0.01463886629718959
IWM,2014,2014-06-18,2014-06-19,0.003481623855955185,0.003481623855955185,0.27669180818512484,1.0,0.007356720266262551,0.011206138079508472,0.005444437935153507,0.007493552080203568,0.011001654459845033,0.01258303915389411,1.018586624439968,0.0005077869926213285,0.005500827229922517,0.008251240844883774,0.0,0.0,177,135846.07088396038,0.16266167116073055,0.14374352687901512,0.014638573708936786
IWM,2014,2014-06-24,2014-06-25,-0.005995242932763767,0.005995242932763767,0.5078755993114239,0.0,0.008323388358414618,0.01919485457138697,0.0066042378355154726,0.007239992221916346,0.009710506149446022,0.011804550052989547,1.9767099959544356,8.612241769156981e-05,0.004855253074723011,0.007282879612084517,0.0,0.0,174,108325.45992224693,0.2349394649750412,0.13739052261796114,0.016859563093248427
IWM,2014,2014-06-26,2014-06-27,-0.004168485584371329,0.004168485584371329,0.3412346676062002,0.0,0.0020375062560840096,0.01044234100834829,0.00710997517710945,0.0072710051122420825,0.010624473088195434,0.012215891232897663,0.9828573070555842,0.0002563340990324736,0.005312236544097717,0.007968354816146576,0.0,0.0,208,143148.1800959038,0.44742524831599045,0.345254454733608,0.01399435150700839
IWM,2014,2014-06-30,2014-07-01,0.003787598576582729,0.003787598576582729,0.3146511652434323,1.0,0.005500963746946974,0.00888621690776052,0.007753331301621957,0.0069551000687941384,0.010624473088195434,0.012037452884219972,0.8363913046787945,0.014338412324689687,0.005312236544097717,0.007968354816146576,1.0,1.0,138,83821.8482477314,0.08226998024688595,0.032607611706622096,0.01812681382217179
QQQ,2014,2014-06-30,2014-07-01,0.003513940887996281,0.003513940887996281,0.4676858187319381,1.0,0.0019204128745233806,0.005014415916676238,0.0029580796441942988,0.0037592425372207816,0.006518162943267179,0.0075134646962865355,0.7692989513028038,0.010080693964042986,0.0032590814716335894,0.004888622207450384,1.0,1.0,116,94482.4790374503,0.3544010901086346,0.10455930947295511,0.011928073663287337
IWM,2014,2014-07-01,2014-07-02,-0.003832687029984405,0.003832687029984405,0.3093452194554482,0.0,0.006372585051338531,0.014841558282374212,0.0046490759160795906,0.007022227778357262,0.010624473088195434,0.012389675963737943,1.3969218199502305,0.005635445978508846,0.005312236544097717,0.007968354816146576,1.0,0.0,134,74070.53056606892,0.25335474077077413,0.08054458163350524,0.017053371521551865
IWM,2014,2014-07-02,2014-07-03,0.004030254937726907,0.004030254937726907,0.32951539429569077,1.0,0.00384743303668289,0.008949479062174078,0.00706742659716077,0.007450165485945204,0.010122694258516769,0.012230854787046327,0.8841005006788977,0.002759674075945684,0.005061347129258384,0.007592020693887576,0.0,0.0,183,95195.0353551621,0.13553328426378097,0.061829421754537914,0.015823432151301255
QQQ,2014,2014-07-02,2014-07-03,0.00325978120885706,0.00325978120885706,0.4285431690762967,1.0,0.0010526155170640372,0.0034736231753700656,0.004219661910529257,0.004266180552963621,0.006518162943267179,0.007606657728049557,0.5329144431650152,0.0030394431925588883,0.0032590814716335894,0.004888622207450384,0.0,0.0,156,106582.33694749657,0.3491272362630002,0.14748764580014226,0.01087024139579566
SPY,2014,2014-07-02,2014-07-03,0.0028393123293850575,0.0028393123293850575,0.46407966336081063,1.0,0.0009134365541418887,0.00263886833605018,0.0030076327289835004,0.003937072720260132,0.005168697598229724,0.006118157190563124,0.5105480221853161,0.0025279337528298917,0.002584348799114862,0.0038765231986722932,0.0,0.0,257,307618.4995863111,0.3698477079234753,0.19993857282739036,0.010225799782726846
IWM,2014,2014-07-03,2014-07-07,-0.003171400887880149,0.003171400887880149,0.27991121147204834,0.0,0.002007006690873059,0.005519348151891175,0.006815451148388585,0.0061834400720523165,0.009682791844052477,0.011330024514565907,0.5700161937573159,0.014783394547828399,0.004841395922026238,0.007262093883039358,1.0,1.0,145,83674.89449022956,0.29091971124973465,0.0,0.016302697715068874
IWM,2014,2014-07-08,2014-07-09,0.0028365294949490583,0.0028365294949490583,0.2430153498474927,1.0,0.0099566486007161,0.0170198277903304,0.011764228830826354,0.007575906461293678,0.010002438593883998,0.011672223572416958,1.7015678357412953,0.0035998815079874014,0.005001219296941999,0.007501828945412998,0.0,0.0,151,102637.34156159392,0.16276343497093834,0.04469968723073772,0.016509863687427316
QQQ,2014,2014-07-08,2014-07-09,0.002652238429176723,0.002652238429176723,0.34024730064132,1.0,0.010185878258004877,0.015016279058774857,0.008865594955995539,0.0051129773657628596,0.006518162943267179,0.007795031508486955,2.30375938580757,0.005925272943984705,0.0032590814716335894,0.004888622207450384,1.0,1.0,119,114151.32288519252,0.35218127656109477,0.1407120102180685,0.011848268026382365
IWM,2014,2014-07-09,2014-07-10,-0.020259255332045645,0.020259255332045645,1.7271275582032282,0.0,0.0015428157024149902,0.009171164066316292,0.00951448683294687,0.007571203330299464,0.010002438593883998,0.011730028413837499,0.9168928137108494,0.0014038433886212065,0.005001219296941999,0.007501828945412998,0.0,0.0,197,119128.17225032943,0.3745774303592989,0.10969874279801693,0.014986830082547533
QQQ,2014,2014-07-09,2014-07-10,-0.012847527721834284,0.012847527721834284,1.6020020800113521,0.0,0.004761368512017805,0.00878215863182703,0.007940950463334347,0.005320781744499161,0.007058870183578437,0.008019669813252205,1.2441309166242502,0.0011748436780771865,0.0035294350917892186,0.0052941526376838275,0.0,0.0,162,144848.64275332185,0.4721672779025747,0.32220304769665553,0.008763320605133988
SPY,2014,2014-07-09,2014-07-10,-0.009638767976606455,0.009638767976606455,1.5593563787182252,0.0,0.0019824093840197232,0.0050323057727057,0.00496840522138843,0.004257588945814253,0.005168697598229724,0.006181247666123264,0.9736119548625288,0.0008202792172256057,0.002584348799114862,0.0038765231986722932,0.0,0.0,247,379000.5504360277,0.41040597732537165,0.2500552717341213,0.00914545315715825
QQQ,2014,2014-07-10,2014-07-11,0.0025353671506944675,0.0025353671506944675,0.2987171731090666,1.0,0.00981444227977124,0.01514834468423511,0.007989598537313989,0.005399376026688996,0.007503587910281645,0.008487517220072122,2.0188135149957245,0.0038987893702677745,0.0037517939551408226,0.005627690932711234,1.0,0.0,184,166433.8313568253,0.47381886125924155,0.346412277501828,0.009688560845646404
IWM,2014,2014-07-11,2014-07-14,0.01146828594546867,0.01146828594546867,0.9452652133998015,1.0,0.0006945809241423184,0.007553352273679457,0.007718272666654371,0.007755257314857032,0.010624473088195434,0.012132347390867266,0.7109390000782047,0.00034359144611295633,0.005312236544097717,0.007968354816146576,0.0,0.0,181,104645.40079462345,0.20134452401204747,0.0,0.01541676517218206
QQQ,2014,2014-07-11,2014-07-14,0.004513491343836273,0.004513491343836273,0.5496389254939228,1.0,0.0038987893702677745,0.006954647229745987,0.008020206482648583,0.004984161019290186,0.0071289201174949786,0.008211738897095595,0.975554097271856,0.0037617619836107785,0.0035644600587474893,0.005346690088121234,1.0,0.0,150,92111.83953411817,0.2636721470173061,0.0,0.012732175815530131
SPY,2014,2014-07-11,2014-07-14,0.005086211265427076,0.005086211265427076,0.8203303830082521,1.0,0.0019875618551739027,0.004943437033272123,0.0044241812278067,0.003908568135593549,0.005168697598229724,0.0062001985672837275,0.9564183122195516,0.0012651181581289084,0.002584348799114862,0.0038765231986722932,0.0,0.0,228,270089.73022097524,0.321040195094566,0.0,0.011127644910882988
IWM,2014,2014-07-15,2014-07-16,0.00436490603823092,0.00436490603823092,0.34511006885363527,1.0,0.008740001109153961,0.018431960007077457,0.006940872271080551,0.008049350061393745,0.010824239543928381,0.012647866382832551,1.7028411032732973,0.00034761655864379293,0.0054121197719641904,0.008118179657946286,0.0,0.0,179,120560.67060464223,0.41458325670046975,0.3603331313557382,0.013600159343816969
QQQ,2014,2014-07-15,2014-07-16,0.007224319930676515,0.007224319930676515,0.8422090927155474,1.0,0.005000476489438799,0.013543030016609173,0.005458694220030564,0.005204141884704292,0.0071289201174949786,0.0085778222927789,1.8997309260589723,0.0010395645185876656,0.0035644600587474893,0.005346690088121234,0.0,0.0,145,118508.3470130014,0.03738935397053797,0.02550823177353419,0.011814748980484222
SPY,2014,2014-07-15,2014-07-16,0.004461820726438415,0.004461820726438415,0.6942308095971441,1.0,0.0024782798408801154,0.008800351418275572,0.00391749826385843,0.004040925383323678,0.005054888948660173,0.00642699901064254,1.7409584083163991,0.0007571243047916898,0.0025274444743300867,0.00379116671149513,0.0,0.0,232,302448.97243598645,0.34213251162239633,0.24845745352732168,0.009852253876286523
IWM,2014,2014-07-16,2014-07-17,-0.006302531811684053,0.006302531811684053,0.5048766236750124,0.0,0.007040462116492785,0.011038649364442606,0.0065303660310217,0.007849987823548368,0.010740495186395447,0.012483310805336423,1.0277598167377626,0.011764703482417538,0.0053702475931977234,0.008055371389796586,1.0,1.0,173,128382.37300484329,0.2510643503243349,0.21048790053404717,0.012794321340625815
QQQ,2014,2014-07-16,2014-07-17,-0.00271146248707288,0.00271146248707288,0.31130422750564196,0.0,0.0032224279462351735,0.005301477675772294,0.004893010252843366,0.005221650320304218,0.0071289201174949786,0.008710008562359591,0.7436578876458463,0.013888863049536626,0.0035644600587474893,0.005346690088121234,1.0,1.0,139,149537.05027586524,0.490867010936903,0.38684876041118466,0.008978039514466093
SPY,2014,2014-07-16,2014-07-17,-0.003081433570737646,0.003081433570737646,0.4822583139460761,0.0,0.0007571243047915788,0.004240050150435131,0.003756399168618284,0.004070337387919687,0.004987871402988911,0.006389591390397881,0.850072066391756,0.009824558663928729,0.0024939357014944555,0.0037409035522416832,1.0,1.0,214,324557.1101072823,0.43418268169364826,0.33010004403248555,0.008330253002071592
QQQ,2014,2014-07-17,2014-07-18,0.005178586446270561,0.005178586446270561,0.5776680886747215,1.0,0.010561482127406818,0.017254016242481202,0.008372611578883494,0.006128050183736945,0.0071289201174949786,0.00896463998582855,2.4202846936295965,0.011144964270753954,0.0035644600587474893,0.005346690088121234,1.0,1.0,161,189520.71835006692,0.2806917428720993,0.20337592783129144,0.01269129988978174
SPY,2014,2014-07-17,2014-07-18,0.0032701413708708937,0.0032701413708708937,0.49861845860951504,1.0,0.008310105593755113,0.013529330352966282,0.0065513659203312175,0.004603900414037362,0.004987871402988911,0.006558404155334032,2.7124457027619084,0.007944983499370561,0.0024939357014944555,0.0037409035522416832,1.0,1.0,260,417900.70710907504,0.42663309039200475,0.31597201122505675,0.010259127968137506
IWM,2014,2014-07-18,2014-07-21,-0.0063030832490947875,0.0063030832490947875,0.47627464050957474,0.0,0.0136658166843866,0.017659045351465327,0.012242384209676816,0.009130556056290321,0.011840883659671248,0.013234135754847259,1.4913621195021196,0.004424387138735497,0.005920441829835624,0.008880662744753437,0.0,0.0,185,169415.5289172565,0.17645119203533224,0.12923560205622783,0.014381879997425856
SPY,2014,2014-07-18,2014-07-21,-0.00313595849942927,0.00313595849942927,0.45339285283960834,0.0,0.006926409819588031,0.008505210680079584,0.008210355978969231,0.005151025244325502,0.005054888948660173,0.006916647405861606,1.682571222921512,0.003359994332427396,0.0025274444743300867,0.00379116671149513,1.0,0.0,237,271364.9684399213,0.27032033675510436,0.14776555534549288,0.012470418262730622
IWM,2014,2014-07-21,2014-07-22,0.006152804766557773,0.006152804766557773,0.45731437425588645,1.0,0.0022904986515981385,0.008633562761834046,0.0116836241171842,0.009073387791373877,0.011840883659671248,0.013454212491285093,0.7291316264882337,0.00681400166837598,0.005920441829835624,0.008880662744753437,1.0,0.0,168,117105.90817103034,0.22637510278863845,0.15116483107177964,0.015415548048268718
QQQ,2014,2014-07-21,2014-07-22,0.004687468210856194,0.004687468210856194,0.4918229494332365,1.0,0.0008340474622796634,0.00635947270638141,0.010668300301834263,0.006956869454557216,0.007440890170124072,0.009530804156776145,0.8546655791151624,0.0032141544613488726,0.003720445085062036,0.005580667627593054,0.0,0.0,150,97307.58634059122,0.27036042157521206,0.1832970840715358,0.01442496259685061
SPY,2014,2014-07-21,2014-07-22,0.0033951463533936632,0.0033951463533936632,0.48213743614998833,1.0,0.0012684560588829275,0.005429029093817283,0.007969348872823539,0.005127168978806475,0.005253250609215965,0.007041864204748179,1.0334608983422462,0.002777652982252965,0.0026266253046079826,0.003939937956911974,1.0,0.0,203,244251.37235090428,0.37181126665403885,0.20886347877449862,0.011144151076072771
QQQ,2014,2014-07-22,2014-07-23,0.003519266491487816,0.003519266491487816,0.360596838171286,1.0,0.001658928638382795,0.004250945309302546,0.010690467994344748,0.007021389303928068,0.007440890170124072,0.009759560037562336,0.571295263350415,0.004022685940430204,0.003720445085062036,0.005580667627593054,1.0,0.0,143,100795.56689554415,0.12432554226711294,0.0519008581386177,0.01626431763128932
IWM,2014,2014-07-23,2014-07-24,0.0030469092517846352,0.0030469092517846352,0.23102166821814968,1.0,0.0012172801238853337,0.008086255872547387,0.01184934428007939,0.009114854179242474,0.010740495186395447,0.01318884620341107,0.7528755175822733,0.0037319935828858952,0.0053702475931977234,0.008055371389796586,0.0,0.0,217,143134.5713491973,0.18919554907187403,0.07604699340238581,0.016363634676963095
IWM,2014,2014-07-24,2014-07-25,-0.007588998178768236,0.007588998178768236,0.5831437368574452,0.0,0.005033864128708876,0.011369598803240552,0.00808312085948347,0.008852255966338861,0.010740495186395447,0.01301394098762898,1.0585730551457222,0.004946537965925701,0.0053702475931977234,0.008055371389796586,0.0,0.0,216,167410.7666955347,0.23237212348460287,0.12352801738422788,0.015148091354218745
QQQ,2014,2014-07-24,2014-07-25,-0.005148270035624569,0.005148270035624569,0.5552231022400406,0.0,0.0028747307485665896,0.0054414658212921675,0.007034828544937695,0.007026851723143923,0.00629062561550143,0.009272434837192364,0.8650118690712171,0.004052783706157248,0.003145312807750715,0.004717969211626073,1.0,0.0,177,134898.11547871729,0.3683433148306024,0.1647379893678459,0.012236568926453204
SPY,2014,2014-07-24,2014-07-25,-0.002819016238608918,0.002819016238608918,0.4239158589231258,0.0,0.000905335879457847,0.0030679505342955152,0.004663721623915635,0.004903268568778536,0.004987871402988911,0.0066499428584013585,0.6150821235000344,0.0038513885358730793,0.0024939357014944555,0.0037409035522416832,1.0,1.0,241,329967.6930938666,0.3928329945700963,0.273810238705754,0.010512301316478682
IWM,2014,2014-07-28,2014-07-29,0.003185000568340257,0.003185000568340257,0.24106790694770183,1.0,0.007289670003560733,0.014491427082728877,0.006631328271267105,0.008826853405517799,0.010149348038952247,0.013212047213863366,1.4278185186981605,0.006349777093030529,0.005074674019476123,0.007612011029214185,1.0,0.0,159,114802.7350466015,0.16101918420517145,0.038921188701150515,0.017446085465345193
IWM,2014,2014-07-29,2014-07-30,0.007411363988233388,0.007411363988233388,0.5595102832977966,1.0,0.0004409829087835826,0.009524665639545658,0.004771620046933359,0.00878539913556167,0.010281657501994132,0.01324616224129115,0.9263745303418582,0.0011385291037879774,0.005140828750997066,0.007711243126495598,0.0,0.0,170,124294.89269671375,0.14896478607725674,0.03857015018441296,0.01800845122292167
QQQ,2014,2014-07-29,2014-07-30,0.005590071677609831,0.005590071677609831,0.5798311842602611,1.0,0.0039183838900674894,0.007011757905112143,0.003903715756140967,0.007166553931290157,0.006789264059167163,0.00964086070110484,1.0327714232361545,0.0018529988295941102,0.0033946320295835815,0.005091948044375372,0.0,0.0,152,116848.96973017973,0.2366287138097715,0.1425694462676734,0.014521006333980173
SPY,2014,2014-07-29,2014-07-30,0.0035541861339867253,0.0035541861339867253,0.5120929688913425,1.0,0.006156336640135818,0.007720637803066988,0.0030631082859919143,0.005146106837137011,0.004987871402988911,0.0069405095361519484,1.547882288713479,0.0013155060645293482,0.0024939357014944555,0.0037409035522416832,0.0,0.0,210,255706.63912821753,0.32643054707253605,0.11968534865201758,0.011530747390928898
IWM,2014,2014-07-30,2014-07-31,-0.010194249519081322,0.010194249519081322,0.7977784253928736,0.0,0.003415654130373591,0.00875810122024207,0.005412446469521063,0.008422391553156341,0.009392356176503771,0.01277829682353351,0.9324711558694533,0.014227772699148433,0.0046961780882518855,0.007044267132377828,1.0,1.0,205,138811.28986298072,0.15247055165074527,0.0709121253990034,0.01629326090580936
QQQ,2014,2014-07-30,2014-07-31,-0.008249154712991813,0.008249154712991813,0.8839615143826289,0.0,0.0016470664373083865,0.007411995318376034,0.002912854636636938,0.006839353690445201,0.006789264059167163,0.009332029255541897,1.0917229398918475,0.013701550267603668,0.0033946320295835815,0.005091948044375372,1.0,1.0,178,136021.11152381048,0.30681227059037475,0.2058052621911071,0.01144397501701738
SPY,2014,2014-07-30,2014-07-31,-0.006954996176781636,0.006954996176781636,1.0084320227531653,0.0,0.003389821349026767,0.008854035183611142,0.0025766504760063196,0.004923166177327446,0.004987871402988911,0.006896841849382658,1.775112962676922,0.013680879789335965,0.0024939357014944555,0.0037409035522416832,1.0,1.0,274,285376.10653391934,0.3382787561578508,0.12517824903175861,0.011086279275626037
SPY,2014,2014-07-31,2014-08-01,-0.0027448277453453462,0.0027448277453453462,0.35268080195480894,0.0,0.012882798755676661,0.014365306220673089,0.008243949567043917,0.006600918614217484,0.005230667433261491,0.007782753498720514,2.7463619899298113,0.005167772597614917,0.0026153337166307457,0.003923000574946119,1.0,1.0,309,241197.7005058636,0.19774306738320435,0.08521643224958299,0.015287098965793939
IWM,2014,2014-08-01,2014-08-04,0.004336857206451938,0.004336857206451938,0.3098004609075995,1.0,0.004318130092840322,0.016552683314797482,0.01071293191478625,0.009252616883050672,0.011204124083841579,0.013998872673547897,1.4773741517794787,0.005757461034220812,0.005602062041920789,0.008403093062881183,1.0,0.0,148,100724.5970011955,0.13818504288212785,0.044258920988542914,0.0188727637562023
IWM,2014,2014-08-04,2014-08-05,-0.004925694373270506,0.004925694373270506,0.35241274814065443,0.0,0.004498020722631946,0.017182472104941372,0.012416053352041583,0.009125061538393084,0.011204124083841579,0.013977060702992988,1.5335845958473164,0.00497470209753148,0.005602062041920789,0.008403093062881183,0.0,0.0,153,132532.18047518373,0.2203291364728951,0.09606111665710368,0.01624454821012262
QQQ,2014,2014-08-04,2014-08-05,-0.003986542746900579,0.003986542746900579,0.3631821303605321,0.0,0.004743300676866458,0.012332726514883511,0.010531166767234576,0.008365578667410866,0.008097076975101532,0.010976704010583132,1.523108468995241,0.008390875228081685,0.004048538487550766,0.006072807731326149,1.0,1.0,147,102466.00561958872,0.18441095953425127,0.04902604717753813,0.01676310677147169
SPY,2014,2014-08-04,2014-08-05,-0.0040744406035363445,0.0040744406035363445,0.48399724056140675,0.0,0.005288558605713645,0.011665889236077927,0.009900994503189129,0.006721285997248363,0.007419410937688423,0.008418313705281143,1.572347095214614,0.009356586523261212,0.0037097054688442115,0.005564558203266318,1.0,1.0,251,271778.91031012684,0.19998606907285427,0.060382066178555356,0.01307826898102047
IWM,2014,2014-08-05,2014-08-06,-0.0063745654693924125,0.0063745654693924125,0.46038914920283813,0.0,0.0024299940741900894,0.015030202404519272,0.012092991711111436,0.008845976548384695,0.011204124083841579,0.013846037597606168,1.3414883923140057,0.00036157386351298726,0.005602062041920789,0.008403093062881183,0.0,0.0,150,136778.9749490685,0.16369789808376947,0.06377481601215239,0.01601499742878122
QQQ,2014,2014-08-05,2014-08-06,-0.006237407344673818,0.006237407344673818,0.5784277720140215,0.0,0.0036866030599865818,0.011164920279499092,0.010690690596448678,0.008085730976220552,0.008097076975101532,0.010783381515302861,1.3788828133697089,0.0008518082688926398,0.004048538487550766,0.006072807731326149,0.0,0.0,150,110597.00891334556,0.19865912836669,0.07752690148794011,0.017401366309214024
SPY,2014,2014-08-05,2014-08-06,-0.004687224218697272,0.004687224218697272,0.5424636048289826,0.0,0.0056448035330219914,0.011859184218224541,0.010237618982938046,0.006899956644418721,0.0075769483046869,0.008640624323865875,1.565166309883461,0.000156995912755864,0.00378847415234345,0.005682711228515175,0.0,0.0,258,262476.84958754026,0.1545269320785277,0.05116429492120353,0.015318020062130244
IWM,2014,2014-08-06,2014-08-07,0.003221990245601214,0.003221990245601214,0.2267062401497765,1.0,0.009578071794761556,0.01662604136376929,0.011971490087215313,0.008893351702090374,0.012930512942984715,0.014212181559151452,1.2857990581718985,0.0038362058990488723,0.006465256471492357,0.009697884707238535,0.0,0.0,192,146748.68189987016,0.23821575597107633,0.13555822571390805,0.014987877350766302
QQQ,2014,2014-08-06,2014-08-07,0.004655125444701591,0.004655125444701591,0.4242677446214025,1.0,0.005531879181557509,0.012659600440492021,0.00998836696618827,0.007906124040826294,0.008869153575214882,0.010972140832566982,1.4273741381443272,0.0018955381940943816,0.004434576787607441,0.006651865181411162,0.0,0.0,180,120665.60905455348,0.07111940058448736,0.04562093253220347,0.01634611485282948
SPY,2014,2014-08-06,2014-08-07,0.004529572989076414,0.004529572989076414,0.5122863899444174,1.0,0.005023320133960452,0.009470972491304103,0.010258108903908497,0.006785440019899414,0.008112924241573286,0.008841876493279213,1.1673931876217618,0.0009847747434539311,0.004056462120786643,0.006084693181179965,0.0,0.0,332,291870.1163483577,0.2404524580678581,0.08104176195801216,0.014103884092832584
IWM,2014,2014-08-08,2014-08-11,0.005522425983080614,0.005522425983080614,0.3897184579471233,1.0,0.008443319828900897,0.012665082537671034,0.00653779907251,0.00906160779985432,0.013578254810199955,0.014170296198364546,0.9327474491167341,0.01178139638803688,0.006789127405099978,0.010183691107649967,1.0,1.0,164,122556.84053724406,0.19613614801759194,0.0,0.015547371762497087
QQQ,2014,2014-08-08,2014-08-11,0.0038987893702677745,0.0038987893702677745,0.3515914515547214,1.0,0.005616178487565682,0.01102046079536658,0.00646608701825447,0.007942431641815878,0.010673386313710155,0.01108897657502054,1.0325177475503347,0.005143334842341751,0.0053366931568550775,0.008005039735282616,0.0,0.0,152,106807.49230190327,0.17011200609163976,0.0,0.01520238376797778
SPY,2014,2014-08-08,2014-08-11,0.0037776635623458787,0.0037776635623458787,0.4028489210986019,1.0,0.00929697439088173,0.012639705860670668,0.008749674912199358,0.007394411819917975,0.008652781049177577,0.009377370434662906,1.4607680223079305,0.003557263685435297,0.0043263905245887885,0.006489585786883183,0.0,0.0,253,258508.48442705514,0.2241766575540881,0.0,0.01377061488914118
IWM,2014,2014-08-11,2014-08-12,-0.0035291504271087737,0.0035291504271087737,0.24426652528373594,0.0,0.0039861542269035155,0.014173075407668106,0.006697486096380545,0.009274587550014573,0.01433225124519849,0.014447949521570224,0.9888938705575853,0.008032858965767664,0.007166125622599245,0.010749188433898868,1.0,0.0,174,138063.23642332273,0.22264796325825817,0.21277116234595445,0.014476199798773126
IWM,2014,2014-08-12,2014-08-13,0.0031982997348960485,0.0031982997348960485,0.22589682172996828,1.0,0.0033646615423941206,0.012661592653299893,0.00779416493637995,0.009147946538024778,0.01341907897266957,0.014158232552378362,0.9435515417330474,0.00646478364125902,0.006709539486334785,0.010064309229502178,0.0,0.0,167,152777.04866551282,0.4322270495844327,0.40729026889669373,0.013414213362400191
QQQ,2014,2014-08-12,2014-08-13,0.004087187142447046,0.004087187142447046,0.37715609417927254,1.0,0.000629169024850329,0.007760044662680116,0.004535120805437736,0.007902171743426497,0.009043178247366924,0.010836858281028584,0.8581103291798529,0.006888672152462361,0.004521589123683462,0.006782383685525193,1.0,1.0,152,127543.82841267993,0.25076951377523177,0.21565236095847737,0.012373153632095412
SPY,2014,2014-08-12,2014-08-13,0.003927011376167355,0.003927011376167355,0.42231418787123975,1.0,0.00041321125356375,0.006249633031680449,0.006342057883627482,0.007317716040253477,0.008112924241573286,0.009298791016144288,0.7703305054489821,0.003963169998811855,0.004056462120786643,0.006084693181179965,0.0,0.0,251,324137.16895385116,0.28258276818514005,0.25364245434752464,0.010626400415564284
IWM,2014,2014-08-14,2014-08-15,0.007393683068197099,0.007393683068197099,0.551665603831153,1.0,0.0007928468106650488,0.004404510348710789,0.007104832657610159,0.008635764325763101,0.012663337595485463,0.01340247247037005,0.34781591468279394,0.0,0.006331668797742732,0.009497503196614097,0.0,0.0,221,155943.06357414022,0.2986728341027009,0.2789541218361274,0.010379122626800776
QQQ,2014,2014-08-14,2014-08-15,0.005777339903338952,0.005777339903338952,0.5564363049016862,1.0,0.003831842957095155,0.0053852180635243505,0.003997215992199808,0.0076214920205549515,0.007586019990528076,0.01038275154307144,0.7098871437523692,0.0014360384933445047,0.003793009995264038,0.005689514992896057,0.0,0.0,181,141993.47359069344,0.40734375388733923,0.3758961416772671,0.008887584948146595
SPY,2014,2014-08-14,2014-08-15,0.003626924467666992,0.003626924467666992,0.4032303758325475,1.0,0.003074353522586337,0.0039967143095945385,0.004785679481110831,0.00710668768395762,0.0075769483046869,0.008994670751623067,0.5274833810232382,0.0009161331229343705,0.00378847415234345,0.005682711228515175,0.0,0.0,288,403400.7228134473,0.5022642698340035,0.46178507227547444,0.008140026458877448
IWM,2014,2014-08-15,2014-08-18,0.009789228470997724,0.009789228470997724,0.7261126943656115,1.0,0.009261665241224182,0.01913494862740889,0.006804334551866673,0.007887609525421172,0.012663337595485463,0.013481693058059472,1.5110509755524946,0.005589514320073707,0.006331668797742732,0.009497503196614097,0.0,0.0,215,119022.92037061986,0.37521226012236136,0.35895913104877164,0.011309675395586435
QQQ,2014,2014-08-15,2014-08-18,0.005236161480910884,0.005236161480910884,0.5155276890376747,1.0,0.000923134063623432,0.01179601930129645,0.003910960378949128,0.0068708597502927585,0.007586019990528076,0.010156896694889702,1.5549681276908036,0.003370382895694579,0.003793009995264038,0.005689514992896057,0.0,0.0,179,90174.3998352834,0.1868809446481701,0.1666163825446374,0.012250162007074836
SPY,2014,2014-08-15,2014-08-18,0.005518096384215854,0.005518096384215854,0.6110655749200398,1.0,0.0038173766750145832,0.011910196586510973,0.003382758444300951,0.00669068740373889,0.0075769483046869,0.009030285145645649,1.571898884296682,0.0033028144634399403,0.00378847415234345,0.005682711228515175,0.0,0.0,283,253828.96755587944,0.30408687412652957,0.2635250981184668,0.010734575406496808
IWM,2014,2014-08-19,2014-08-20,-0.005110914369432895,0.005110914369432895,0.38230121592088023,0.0,0.002692653482010643,0.005819558884076606,0.006360706665040367,0.008330224561654824,0.012663337595485463,0.01336881536492584,0.4595596413816927,0.0038457722045981413,0.006331668797742732,0.009497503196614097,0.0,0.0,181,33083.8604303,0.30766022185880565,0.2193759824947447,0.014631889110156093
IWM,2014,2014-08-22,2014-08-25,0.0065098516271151485,0.0065098516271151485,0.48810479622874653,1.0,0.0014777309422149276,0.008866451972782746,0.0069839151404982956,0.008094645834305182,0.013122257604513212,0.013336995820185216,0.6756803775695774,0.0038806880061192928,0.006561128802256606,0.009841693203384908,0.0,0.0,175,103080.1519696695,0.2007451057334702,0.05937483498739443,0.0205261414789822
QQQ,2014,2014-08-22,2014-08-25,0.004745013395537123,0.004745013395537123,0.48868050622645054,1.0,0.0011117910616256221,0.005356769418019251,0.003175557209320822,0.006785415102902458,0.007586019990528076,0.009709847917154941,0.7061370026321744,0.001607753893755115,0.003793009995264038,0.005689514992896057,0.0,0.0,180,100552.06820072568,0.20412933627417124,0.05492311342700999,0.01560422624101262
SPY,2014,2014-08-22,2014-08-25,0.004769300349407146,0.004769300349407146,0.5192599904490529,1.0,0.0007524525897458778,0.0047657116770078506,0.0036513075439492003,0.006952075407412219,0.0075769483046869,0.009184802290048737,0.6289750814400974,0.002248410860470118,0.00378847415234345,0.005682711228515175,0.0,0.0,194,236963.38471379995,0.3742678418757959,0.22707712257566218,0.013507160410194884
IWM,2014,2014-08-27,2014-08-28,-0.004119846778239178,0.004119846778239178,0.31700130810781524,0.0,0.003250896187887431,0.005560796725750254,0.00443025167140971,0.008234163818111373,0.012663337595485463,0.012996308446897569,0.4391256794522088,0.004501745593019191,0.006331668797742732,0.009497503196614097,0.0,0.0,213,129789.89066444898,0.25209132775233545,0.1225607861522721,0.018332960753685876
QQQ,2014,2014-08-27,2014-08-28,-0.0034163620313416576,0.0034163620313416576,0.37444276374824287,0.0,0.00010049368384545954,0.003315601678911412,0.0012471345422912109,0.006743430080603716,0.006644288051703388,0.00912385646645492,0.49901534266886505,0.0010092700067931837,0.003322144025851694,0.004983216038777541,0.0,0.0,200,145374.54861818437,0.2508771571396612,0.1263761710155111,0.01226519170075562
SPY,2014,2014-08-27,2014-08-28,-0.0032958984375,0.0032958984375,0.3807826851894319,0.0,0.0008980326416136997,0.0031432665061840617,0.002658779311261852,0.006938441203045373,0.005955612961199598,0.008655589042501645,0.5277821991896087,0.001003044028559108,0.002977806480599799,0.004466709720899699,0.0,0.0,230,323478.66428496665,0.3486339791250932,0.24409744031604896,0.011313119165678728
IWM,2014,2014-08-29,2014-09-02,0.0036033442616427713,0.0036033442616427713,0.3029430599740034,1.0,0.0034434735181989584,0.009986191426862245,0.005934095209608423,0.006054299071929288,0.009825660192778592,0.01189446050340941,1.0163379590718633,0.004445175484221631,0.004912830096389296,0.007369245144583944,0.0,0.0,167,108032.63468241447,0.17027073013565897,0.051090584172703374,0.02092565034966726
IWM,2014,2014-09-02,2014-09-03,0.004778201387117598,0.004778201387117598,0.4169251140931564,1.0,0.0018806085227860425,0.00854846957858912,0.006023541762142522,0.005916831748818627,0.009532478138760004,0.01146057463463324,0.8967730588156497,0.00033968168140030564,0.004766239069380002,0.007149358604070003,0.0,0.0,194,135606.9666017412,0.0986721259099359,0.026884366298683574,0.019948596867270473
QQQ,2014,2014-09-02,2014-09-03,0.002698077784448749,0.002698077784448749,0.359378500287027,1.0,0.0004999305482507044,0.004399068454100174,0.001969456628644977,0.004190255320073598,0.005370993740771801,0.007507621580850994,0.8190418135672668,0.0,0.0026854968703859004,0.00402824530557885,0.0,0.0,180,108257.2468407198,0.2179585750862105,0.05441475323808094,0.012800702818032998
SPY,2014,2014-09-02,2014-09-03,0.0038383144913922695,0.0038383144913922695,0.5318234912872786,1.0,0.0017913151622873658,0.005672485359625899,0.0014492781868093445,0.0047425883904401965,0.005505626699521137,0.007217271433613492,1.030306933108864,0.00014896602725933406,0.0027528133497605684,0.004129220024640853,0.0,0.0,202,256313.93762728508,0.1907312451984339,0.06163703417235428,0.015283195357883786
IWM,2014,2014-09-03,2014-09-04,0.0027477219417810783,0.0027477219417810783,0.24175989608064893,1.0,0.011039427888714815,0.012992581359852736,0.0057559439073365925,0.006141328660632895,0.009532478138760004,0.011365499350084362,1.3629804517488069,0.006079800410124125,0.004766239069380002,0.007149358604070003,1.0,0.0,242,148926.21815543904,0.21197705112439846,0.08387351181089288,0.018829490992106783
IWM,2014,2014-09-10,2014-09-11,-0.005955484531083299,0.005955484531083299,0.5651862158491182,0.0,0.006078472785534528,0.01059396649797552,0.007024813677592029,0.006120672735430483,0.009285079824293812,0.010537207674352008,1.1409666581710036,0.0002605417705046076,0.004642539912146906,0.006963809868220359,0.0,0.0,239,164085.00579310814,0.14582511226568437,0.06437526507789806,0.01595016555301359
QQQ,2014,2014-09-10,2014-09-11,-0.004296995168253437,0.004296995168253437,0.5886330662738574,0.0,0.006943071648983334,0.010163032442584735,0.0063165004306081005,0.0044941755873485765,0.005370993740771801,0.007299955463688291,1.892207091107935,0.004030648271758253,0.0026854968703859004,0.00402824530557885,1.0,1.0,223,193596.8265314415,0.38775096464908027,0.2045984725836256,0.009733720085626537
SPY,2014,2014-09-10,2014-09-11,-0.003998615596896515,0.003998615596896515,0.6253476377576384,0.0,0.003209219635674332,0.007170399279440519,0.00453712588507618,0.003601250000108509,0.005610797620773595,0.006394228354703134,1.2779643402022924,0.0007533605813174749,0.0028053988103867973,0.0042080982155801964,0.0,0.0,420,355263.15985855,0.3170152662277878,0.19554207676060806,0.01164386835943533
IWM,2014,2014-09-15,2014-09-16,-0.002891962398471448,0.002891962398471448,0.26313010312523755,0.0,0.010835644880257012,0.014649813041476367,0.009499168062424878,0.0071061640315325195,0.009825660192778592,0.010990617812721376,1.490974932375873,0.0033509457522471475,0.004912830096389296,0.007369245144583944,0.0,0.0,204,172317.69591345207,0.16580520495767534,0.10188817501981412,0.015470076548755936
QQQ,2014,2014-09-15,2014-09-16,-0.0037555331891451216,0.0037555331891451216,0.5071426849209566,0.0,0.010744047938247792,0.013856785863671395,0.00721567971362403,0.004859540848229699,0.005890303993796178,0.007405279225767518,2.3524738075090394,0.001019872218344542,0.002945151996898089,0.0044177279953471335,0.0,0.0,190,144782.47558111066,0.26651526002271486,0.22752904228661544,0.01447844118098646
IWM,2014,2014-09-17,2014-09-18,0.004445171201201026,0.004445171201201026,0.40139675586085705,1.0,0.0020963009663921284,0.011180005268407222,0.008221127707842956,0.006286975771993284,0.01069515224699745,0.011074257916379202,1.045333905512742,0.002516495321964296,0.005347576123498725,0.008021364185248087,0.0,0.0,198,222543.01334820347,0.3177576908743747,0.28121238871532805,0.012826515650708222
QQQ,2014,2014-09-17,2014-09-18,0.0031146143112203983,0.0031146143112203983,0.3906416250155714,1.0,0.0017109316415160336,0.010768917957441554,0.006939300820706979,0.004809943928471022,0.007356652195172073,0.00797307330240664,1.4638340473005966,0.004507257553513444,0.0036783260975860365,0.005517489146379055,1.0,0.0,191,206046.65950875793,0.3333406627157389,0.23769323355081068,0.010123928688273161
SPY,2014,2014-09-17,2014-09-18,0.0030386082707425377,0.0030386082707425377,0.46990772467859315,1.0,9.963775482013659e-05,0.009612953303333577,0.00480322575676338,0.0034340117670239997,0.005965784610343678,0.006466393530391272,1.611347698786563,0.002433479795782567,0.002982892305171839,0.004474338457757758,0.0,0.0,350,310503.2004578227,0.28792125977724414,0.2198093384658419,0.01232561329970209
IWM,2014,2014-09-18,2014-09-19,0.003985091252330486,0.003985091252330486,0.3630473202121279,1.0,0.0016487542947620781,0.005380034091292023,0.008127181452670117,0.006369515095417089,0.01069515224699745,0.010976781897197325,0.5030348298971069,0.0001726143115565737,0.005347576123498725,0.008021364185248087,0.0,0.0,225,285294.8031931759,0.43696246451563464,0.33591466164307593,0.013798786660852866
IWM,2014,2014-09-19,2014-09-22,-0.004650335821884677,0.004650335821884677,0.41173455089370836,0.0,0.01656741892361091,0.019846432512478328,0.008692186271395369,0.006965548495722423,0.01069515224699745,0.011294499846541146,1.8556474984308897,0.01240517047559897,0.005347576123498725,0.008021364185248087,1.0,1.0,218,201971.84211195377,0.21084079552246332,0.09481404041062297,0.015450827574525695
IWM,2014,2014-09-22,2014-09-23,-0.004182621778189954,0.004182621778189954,0.35766882067963446,0.0,0.009432296119500583,0.013046506485254232,0.009527152014048133,0.00758965817045222,0.0109881716322133,0.011694119074294003,1.1873227796157322,0.006385457944807715,0.00549408581610665,0.008241128724159975,1.0,0.0,187,129048.81400106254,0.09879859271646839,0.014797721201930068,0.018948818680532692
QQQ,2014,2014-09-22,2014-09-23,-0.004038379743107057,0.004038379743107057,0.4542126172655825,0.0,0.0069179348986366795,0.011329429292362551,0.0074954408277491036,0.005568311994839159,0.008635715911536454,0.008890945758879651,1.311927049062321,0.0007100800722663614,0.004317857955768227,0.006476786933652341,0.0,0.0,178,125912.61281818751,0.17509023092027107,0.09287802331481912,0.013930461488083192
SPY,2014,2014-09-22,2014-09-23,-0.0036153715429053657,0.0036153715429053657,0.5233149966610212,0.0,0.005989579088963137,0.00823563316699337,0.006657996867460793,0.004180053299772177,0.006621298118979464,0.006908595331632036,1.2438094492961331,0.0024248332151506347,0.003310649059489732,0.004965973589234598,0.0,0.0,354,276459.1444520124,0.29927518891660343,0.11038058451761504,0.014748545395194919
IWM,2014,2014-09-24,2014-09-25,-0.002588763567426544,0.002588763567426544,0.21604631860486942,0.0,0.007827216421449457,0.013585264197040042,0.010116318582861814,0.007475916513276708,0.011949288766143783,0.011982447024062351,1.1369098582278394,0.018041032864998474,0.005974644383071891,0.008961966574607837,1.0,1.0,248,195250.26333426207,0.17762754474946713,0.10399379505953033,0.016296515525447815
QQQ,2014,2014-09-24,2014-09-25,-0.0032051252660429963,0.0032051252660429963,0.34066987498806967,0.0,0.009708728874782357,0.013652897568971449,0.008257284481947633,0.006058912475809998,0.00949879053492834,0.009408302586647089,1.4373301020554032,0.018628451910683186,0.00474939526746417,0.007124092901196255,1.0,1.0,215,170897.03346330952,0.317947166075387,0.22520857144440945,0.011877050685224766
SPY,2014,2014-09-24,2014-09-25,-0.002605754053029874,0.002605754053029874,0.3584683943453894,0.0,0.007675238961782904,0.010957373472589692,0.007177688157835016,0.004583895297341979,0.006886105770211786,0.007269131935015707,1.5912293302245766,0.014113155109665154,0.003443052885105893,0.005164579327658839,1.0,1.0,429,345722.6312794846,0.32572035341479966,0.16656584403621558,0.013290061665723394
IWM,2014,2014-09-25,2014-09-26,0.003813727493095165,0.003813727493095165,0.29988256010830927,1.0,0.014320290481011022,0.018616322997949766,0.009137724532236111,0.00817810784242794,0.012366083396728794,0.012717403411914824,1.5054340489790285,0.006060589330166177,0.006183041698364397,0.009274562547546595,0.0,0.0,228,167330.5441986869,0.2528661774428753,0.19831086443939297,0.016514505336856278
QQQ,2014,2014-09-25,2014-09-26,0.003273989173503411,0.003273989173503411,0.3174258110823599,1.0,0.01788584042743624,0.019594098105032202,0.011535043978348465,0.0076959003623405684,0.009959058210492588,0.010314186998025613,1.9674649641457465,0.009178070041671482,0.004979529105246294,0.007469293657869441,1.0,1.0,198,144549.2049821252,0.339363884928652,0.2270842335285279,0.013388196767495643
IWM,2014,2014-09-26,2014-09-29,-0.011699091249327775,0.011699091249327775,0.9151979048539806,0.0,0.005156035089002753,0.00922663269383527,0.011881091086678786,0.0085644708722315,0.012366083396728794,0.012783127220111327,0.7461240877832019,0.0009113969468514949,0.006183041698364397,0.009274562547546595,0.0,0.0,198,170382.72308616235,0.11665429387693274,0.04648044405695485,0.017343617923238935
QQQ,2014,2014-09-26,2014-09-29,-0.009920993517408938,0.009920993517408938,0.9261389295404054,0.0,0.007342456033337275,0.010911683881950561,0.013577645467010797,0.008114107257021849,0.01026386286315729,0.010712208720491008,1.063116686907291,0.0005115401714355094,0.005131931431578645,0.007697897147367968,0.0,0.0,168,108540.49610910458,0.1780957585307297,0.10319080590376911,0.014886479987430977
SPY,2014,2014-09-26,2014-09-29,-0.008590181913453732,0.008590181913453732,1.0426838447329012,0.0,0.006100645484798495,0.010015258013560076,0.010476540238186172,0.00614297388566112,0.007892686915275093,0.008238529787189934,1.2689288351444765,0.0007650797967331258,0.0039463434576375465,0.005919515186456319,0.0,0.0,299,302587.43444035243,0.240744635687894,0.11913050504365508,0.014223453604922831
QQQ,2014,2014-09-29,2014-09-30,0.002736914737863305,0.002736914737863305,0.24920621041331362,1.0,0.008691190670732984,0.011963171088308912,0.013011575201775137,0.008061148485723384,0.010566805620585701,0.01098253022396222,1.1321464137660378,0.003841537503503467,0.005283402810292851,0.007925104215439276,0.0,0.0,170,125445.85003235716,0.21095437485080276,0.14163790757421207,0.014360517872364358
QQQ,2014,2014-09-30,2014-10-01,-0.0028342825863145737,0.0028342825863145737,0.2517403206057475,0.0,0.001314165546141055,0.009907029671187898,0.012985501513699982,0.008034514794914632,0.010566805620585701,0.011258754972165805,0.9375614567838305,0.016615073116604373,0.005283402810292851,0.007925104215439276,1.0,1.0,153,104913.82562748714,0.14601929480007417,0.05998070366236145,0.01615347647996943
IWM,2014,2014-10-02,2014-10-03,0.0084535344433192,0.0084535344433192,0.6068285647315877,1.0,0.00964839880038948,0.021708844215748997,0.011998408771021221,0.009422665553103624,0.013315885341147138,0.013930679823976916,1.6302967215155384,0.0051936190872365895,0.006657942670573569,0.009986914005860353,0.0,0.0,211,167180.40793076623,0.22992971626184605,0.09761079636041488,0.01706201321666432
QQQ,2014,2014-10-02,2014-10-03,0.005863591196301865,0.005863591196301865,0.49088359626681755,1.0,0.00041165911578788794,0.015848522636069316,0.009581842153109536,0.008679190263477925,0.010840300919696058,0.011944972781520156,1.4620002482840375,0.0080793712966849,0.005420150459848029,0.008130225689772043,1.0,0.0,190,135727.1007668349,0.23128680041402658,0.10822779167580056,0.014191956560129202
SPY,2014,2014-10-02,2014-10-03,0.006687867889253685,0.006687867889253685,0.7165503990040155,1.0,0.001030035094116144,0.013956079705919795,0.007704372328364929,0.006742451282734955,0.008392191667049919,0.009333422880720782,1.662983909282631,0.006439134366243993,0.0041960958335249595,0.006294143750287439,1.0,1.0,334,353769.47726121685,0.2718170847782803,0.12008101995154369,0.014085876050122207
IWM,2014,2014-10-03,2014-10-06,0.0027359363263892433,0.0027359363263892433,0.19436216626002667,1.0,0.0009111478279826279,0.011298386002455866,0.01166889303247828,0.009624396879327906,0.013315885341147138,0.014076486072546555,0.8484892827623681,0.0010914301947504423,0.006657942670573569,0.009986914005860353,0.0,0.0,175,136872.16952677863,0.12496880043543124,0.016070033992070635,0.01921101913096676
QQQ,2014,2014-10-03,2014-10-06,0.003157840417342017,0.003157840417342017,0.2592289164653448,1.0,0.003988539522573831,0.011556527587697464,0.009351862109650808,0.00892269013206113,0.011120556587156556,0.012181667309341917,1.039204062955304,0.0024370212793318746,0.005560278293578278,0.008340417440367417,0.0,0.0,155,85550.68518213542,0.17985741719604967,0.029030105573995987,0.01630317267968848
SPY,2014,2014-10-03,2014-10-06,0.0041725628312772045,0.0041725628312772045,0.43703686547193304,1.0,0.00429278223692231,0.009505318274583978,0.008743088190131058,0.007187647541561568,0.008392191667049919,0.009547393277158608,1.132638368104068,0.0013175725673968408,0.0041960958335249595,0.006294143750287439,0.0,0.0,301,280086.6700367788,0.20068929663917545,0.04617778348949605,0.015516178614177594
IWM,2014,2014-10-06,2014-10-07,-0.006347184686020357,0.006347184686020357,0.4416630937028216,0.0,0.011277834453722102,0.014188245583381895,0.011884740150349259,0.009642657582009157,0.01361372303055773,0.01437110045307779,1.0422017218606972,0.0109499128278292,0.006806861515278865,0.010210292272918297,1.0,1.0,176,143729.10087629055,0.17590711870963502,0.027460765989906214,0.01880637151211601
QQQ,2014,2014-10-06,2014-10-07,-0.0046957848996710405,0.0046957848996710405,0.3797287634578824,0.0,0.005280303155313915,0.010763581665933398,0.009361589194018772,0.008903297911071757,0.011120556587156556,0.012366155402372812,0.9678995454566152,0.009734905397401628,0.005560278293578278,0.008340417440367417,1.0,1.0,152,99928.40784145893,0.26344740258223237,0.06718502456713413,0.014605253886712874
SPY,2014,2014-10-06,2014-10-07,-0.00514542025259368,0.00514542025259368,0.5271674271081379,0.0,0.005320781753537562,0.010236162511132484,0.008739531632742277,0.0071795150999915715,0.008963458586383305,0.009760504894658826,1.141988040942431,0.010661409510295705,0.004481729293191653,0.006722593939787479,1.0,1.0,299,311442.3739555925,0.22058680611581327,0.07296118033909112,0.01481514021153532
QQQ,2014,2014-10-09,2014-10-10,-0.005884778972046645,0.005884778972046645,0.4264221690677929,0.0,0.014849461849108514,0.018917825631863554,0.015340306001352723,0.01072091264674574,0.011759849338003187,0.013800358890607017,1.6086792515894413,0.019805155505680405,0.005879924669001594,0.008819887003502391,1.0,1.0,183,126586.73831408584,0.28370123988156937,0.16996105244563636,0.013560433811555134
IWM,2014,2014-10-13,2014-10-14,0.00872319463929716,0.00872319463929716,0.5144389350383788,1.0,0.004959907108261441,0.021461275072429765,0.0173459810188479,0.01191130610860744,0.015058704105512837,0.01695671545281926,1.4251741001121745,0.01672521572451302,0.007529352052756419,0.011294028079134627,1.0,1.0,168,99758.64955640658,0.13230788572483865,0.11724991838447076,0.02240056508022565
QQQ,2014,2014-10-13,2014-10-14,0.006239262443705984,0.006239262443705984,0.4139260280439542,1.0,0.013896230033334844,0.022382525570045768,0.01717524701116834,0.012185957530655489,0.012238002060580738,0.015073375484963333,1.8289362478652529,0.0067350571654034574,0.006119001030290369,0.009178501545435553,1.0,0.0,152,59393.20539306489,0.11341368545556366,0.0960076043058936,0.02187700441420439
SPY,2014,2014-10-13,2014-10-14,0.005389224092097633,0.005389224092097633,0.4199048402744872,1.0,0.01601387663678866,0.020214169426710667,0.015177160706670759,0.010453996246231063,0.010596767991861088,0.012834393832123384,1.9075787487502116,0.007430257769231785,0.005298383995930544,0.007947575993895816,1.0,0.0,228,214647.7625019931,0.11349895407157058,0.10355751551711474,0.019914012911538062
IWM,2014,2014-10-14,2014-10-15,-0.012791344157762619,0.012791344157762619,0.7251117457871014,0.0,0.0029459046726649785,0.02024134928698188,0.018481058694718333,0.01235233499836392,0.015390823210135816,0.017640514351174585,1.315157026405949,0.006277781728138088,0.007695411605067908,0.011543117407601862,0.0,0.0,164,124341.51573140656,0.17037872783242197,0.150748692260639,0.017731978246206013
QQQ,2014,2014-10-14,2014-10-15,-0.015058637275430553,0.015058637275430553,0.9981039330480888,0.0,0.0060936464533388746,0.015608285975869614,0.017552955320623828,0.011904798765131728,0.012238002060580738,0.015087243699604805,1.275394945891106,0.014738495817148811,0.006119001030290369,0.009178501545435553,1.0,1.0,146,63938.76800446684,0.11123106603819145,0.09771134459328015,0.016823450785250278
SPY,2014,2014-10-14,2014-10-15,-0.013532196736440016,0.013532196736440016,1.04189282308449,0.0,0.003821256913809856,0.01475434701784287,0.01531125296215436,0.010221220359746064,0.010596767991861088,0.012988089020882576,1.3923440646407506,0.017810056759978377,0.005298383995930544,0.007947575993895816,1.0,1.0,212,215009.57312171342,0.23534924131332938,0.21078728039628028,0.013886637498882174
IWM,2014,2014-10-15,2014-10-16,-0.013602222973710387,0.013602222973710387,0.7265985815337652,0.0,0.0231307800771976,0.033208551717027454,0.016108328451563726,0.01266801055636443,0.01672030572005854,0.01872040947974007,1.9861210837304708,0.00190571303909004,0.00836015286002927,0.012540229290043904,0.0,0.0,205,151564.55183018936,0.1333498907394964,0.11245954835687984,0.018838146854018807
QQQ,2014,2014-10-15,2014-10-16,-0.021110799173478134,0.021110799173478134,1.318014385945407,0.0,0.008736519104772134,0.027519976857697585,0.00967818661691993,0.01186998355360798,0.013082865300912006,0.016017123484077477,2.103512970952867,0.00033188161853558995,0.006541432650456003,0.009812148975684006,0.0,0.0,180,67467.52597379511,0.16913348946802828,0.12644686130429392,0.01842278080718246
SPY,2014,2014-10-15,2014-10-16,-0.018076464354360722,0.018076464354360722,1.2869074671453538,0.0,0.006858873344966154,0.031162260522474245,0.008398255529210103,0.010190617240846913,0.011879751913547,0.01404643676087942,2.623140680819989,0.000929510468109962,0.0059398759567735,0.00890981393516025,0.0,0.0,267,209414.26591071638,0.13786208576163844,0.12464763495703494,0.019717831013277405
IWM,2014,2014-10-16,2014-10-17,0.012615960777835777,0.012615960777835777,0.6286072056288807,1.0,0.02520210639489817,0.03442703465573509,0.010861475519808358,0.012925484839605665,0.018275125850945116,0.02006970436365636,1.8838192927658917,0.0005496295033065035,0.009137562925472558,0.013706344388208837,0.0,0.0,216,186019.40466173989,0.19331783048278092,0.1597311369169805,0.015556107571123924
QQQ,2014,2014-10-16,2014-10-17,0.013182253757532791,0.013182253757532791,0.7836886564406293,1.0,0.015151545834166669,0.02422033273341079,0.009786869258407166,0.011582767644954046,0.014630591772420532,0.0168207790800548,1.6554581735420604,0.00956988591019825,0.007315295886210266,0.0109729438293154,1.0,0.0,174,74601.49705316666,0.2081760498157694,0.17272381612811208,0.018538812386143886
SPY,2014,2014-10-16,2014-10-17,0.011542351678585527,0.011542351678585527,0.767938461034659,1.0,0.017535271259029317,0.02562002897386184,0.007398556748103596,0.009995888538350076,0.01337910503021205,0.015030308109629362,1.9149284586680444,0.007058708438486105,0.006689552515106025,0.010034328772659038,1.0,0.0,367,260513.37024445186,0.19635732048885904,0.1836277318924852,0.016892925681069093
IWM,2014,2014-10-17,2014-10-20,-0.004372917808183163,0.004372917808183163,0.21772534672719518,0.0,0.015390255119228535,0.01997068735838164,0.007966755900740868,0.0127382238702492,0.018275125850945116,0.020084560084142743,1.0927797445153482,9.347790869607131e-05,0.009137562925472558,0.013706344388208837,0.0,0.0,198,128093.79460981191,0.4286475474877904,0.3683484483279622,0.01441875620916989
IWM,2014,2014-10-20,2014-10-21,0.005425822869927988,0.005425822869927988,0.2705918547150557,1.0,0.016166673142727905,0.016260142314121297,0.006363802566109552,0.012849291976655401,0.018275125850945116,0.020051685870742863,0.8897417422315802,0.011524691171074686,0.009137562925472558,0.013706344388208837,1.0,0.0,174,61169.711244778104,0.18946515505874859,0.1080989787861495,0.0174441089324827
QQQ,2014,2014-10-20,2014-10-21,0.012395361547948403,0.012395361547948403,0.7005492460715548,1.0,0.015055399054099361,0.01795890103569915,0.010370391060540652,0.01281583265826341,0.015728404305969466,0.01769377615843202,1.1418132880067902,0.013708719353880738,0.007864202152984733,0.0117963032294771,1.0,1.0,151,37362.25099820917,0.1514261964241119,0.1068226087062709,0.016594881536282767
SPY,2014,2014-10-20,2014-10-21,0.007251653189138896,0.007251653189138896,0.4617070168827909,1.0,0.011534567121799677,0.012650771074534068,0.007664609176804309,0.010897471909517181,0.01337910503021205,0.01570617929547257,0.9455618328704877,0.013146934311101699,0.006689552515106025,0.010034328772659038,1.0,1.0,280,85215.04576189276,0.20819872841354534,0.10649170092940745,0.01697217322717425
QQQ,2014,2014-10-21,2014-10-22,0.0030968866920348948,0.0030968866920348948,0.16574711705010814,1.0,0.013708719353880738,0.016220208155692025,0.014329074381791748,0.014320673554039324,0.01603436539588067,0.01868440759122618,1.0115902784564894,0.0013379117552978492,0.008017182697940335,0.012025774046910503,0.0,0.0,150,36763.30328623259,0.13686989491390114,0.08087640695202077,0.018498304286359606
IWM,2014,2014-10-22,2014-10-23,0.010004625955179813,0.010004625955179813,0.48606198742831924,1.0,0.016696805528529035,0.019855567578048773,0.012746607970233184,0.013573177872934408,0.019235945287999268,0.020583024827991143,1.0322116891461564,0.013994919144989293,0.009617972643999634,0.01442695896599945,1.0,0.0,160,79158.10466662007,0.19185888938658144,0.10946052676937432,0.01569566336284619
QQQ,2014,2014-10-22,2014-10-23,0.010065306253641326,0.010065306253641326,0.5437159120270034,1.0,0.008232946767914529,0.010188386454868326,0.014003663372274445,0.01408152044042221,0.01603436539588067,0.018512068583973015,0.6354093974611422,0.010478778619636087,0.008017182697940335,0.012025774046910503,1.0,0.0,144,53531.7487643874,0.24003814528319714,0.17141355694036686,0.015788534120517957
SPY,2014,2014-10-22,2014-10-23,0.010016049879744582,0.010016049879744582,0.6090043932413921,1.0,0.008847287630797784,0.011830682621431813,0.010664606439823573,0.011802394438303611,0.013961557922367304,0.016446597086820197,0.847375535539505,0.00811839415628035,0.006980778961183652,0.010471168441775477,1.0,0.0,266,134362.80286487023,0.27575141736614805,0.1654136097179583,0.013860353665541579
IWM,2014,2014-10-24,2014-10-27,-0.0058521790552340525,0.0058521790552340525,0.28300455670543,0.0,0.0013523397796169068,0.007933621240036631,0.013299179431330221,0.013544103265565826,0.01889474814099462,0.020678744976270435,0.4198849955995764,0.008309707012723822,0.00944737407049731,0.014171061105745966,0.0,0.0,174,111307.22001456254,0.15550634667259874,0.10036498915844422,0.018417318691105994
SPY,2014,2014-10-24,2014-10-27,-0.0035635950432354457,0.0035635950432354457,0.21566146057173533,0.0,0.006043496418854044,0.010243277848911651,0.009790194860611947,0.011635492815942715,0.01337910503021205,0.016524023503263298,0.7656175675264358,0.003589175781282483,0.006689552515106025,0.010034328772659038,0.0,0.0,293,178048.34569337947,0.13546731379052848,0.05388647669719475,0.01842281588898956
IWM,2014,2014-10-27,2014-10-28,0.004504098643169252,0.004504098643169252,0.21804683120587665,1.0,0.005343270938860556,0.014308949717991539,0.01326357947474666,0.013543320441077467,0.01889474814099462,0.020656565464675557,0.7572977216323094,0.024213047229105333,0.00944737407049731,0.014171061105745966,1.0,1.0,174,124603.97819787427,0.19788192277411812,0.1310074873080303,0.017579583139700816
QQQ,2014,2014-10-27,2014-10-28,0.004661050492381635,0.004661050492381635,0.2557622409973542,1.0,0.0026414927910631825,0.008635640565683599,0.012297348087760786,0.01368757089225626,0.015728404305969466,0.018224154097984516,0.5490474683694441,0.010589968796815619,0.007864202152984733,0.0117963032294771,1.0,0.0,153,88965.79319380387,0.18069765989051706,0.04153310068845564,0.017947527218178185
SPY,2014,2014-10-27,2014-10-28,0.0033646189324416653,0.0033646189324416653,0.20493389528215897,1.0,0.0021969444845280073,0.007254882746341979,0.01062362806117303,0.011632878951724343,0.01337910503021205,0.016418069484353284,0.5422547121021438,0.008129208338514715,0.006689552515106025,0.010034328772659038,1.0,0.0,288,208781.17790044867,0.16105330109265548,0.06752515969192655,0.016823130121167564
QQQ,2014,2014-10-28,2014-10-29,-0.003294088940401396,0.003294088940401396,0.17813140577316222,0.0,0.010388288083162944,0.011295966716603356,0.00892913164682301,0.014092229899034267,0.015728404305969466,0.01849246586307294,0.7181889845186743,0.00756811313368333,0.007864202152984733,0.0117963032294771,0.0,0.0,156,87714.51399666624,0.22306374069108767,0.05782051890790068,0.01957254026332385
IWM,2014,2014-10-29,2014-10-30,-0.003599680918496051,0.003599680918496051,0.16928860015467578,0.0,0.00402237742232936,0.016701609151110446,0.013491945391392106,0.013971518224568324,0.019913127468215205,0.02126357542803881,0.8387235595096302,0.003093498992480237,0.009956563734107603,0.014934845601161404,0.0,0.0,201,96281.0205865266,0.13773306376949435,0.05982156147044326,0.017215530588558566
QQQ,2014,2014-10-29,2014-10-30,-0.004508535810533565,0.004508535810533565,0.24943597205170165,0.0,0.0004006100765010512,0.010215365929377555,0.008449773829078081,0.013580170502988027,0.015492316671675567,0.01807492228746807,0.6593827215044085,0.002219096450045921,0.007746158335837783,0.011619237503756675,0.0,0.0,196,102568.70989994396,0.2814399464248588,0.10487870423276431,0.015311745330961522
SPY,2014,2014-10-29,2014-10-30,-0.0026752752393317536,0.0026752752393317536,0.1635078696115802,0.0,0.0022160787441113383,0.011684674035612653,0.006602464399737899,0.011459799974914676,0.012726450714519187,0.0163617521632872,0.9181408310709909,0.0009118943269303958,0.006363225357259594,0.00954483803588939,0.0,0.0,384,220741.9404496465,0.1847732180141922,0.10091095988507232,0.015956957301977676
IWM,2014,2014-10-30,2014-10-31,0.01775921360451127,0.01775921360451127,0.8392207657578221,1.0,0.012159704897245938,0.019737403347723795,0.012604152287160924,0.013947192853857714,0.019796485462886284,0.021161551678805967,0.9970155250398737,0.0004276402428979864,0.009898242731443142,0.014847364097164712,0.0,0.0,206,101597.08879314616,0.14026987594260956,0.05203737408083821,0.020070720792494993
QQQ,2014,2014-10-30,2014-10-31,0.01659671783466754,0.01659671783466754,0.9301065050261301,1.0,0.006642472108097763,0.011272169280415108,0.0072986023650473365,0.013576837053687027,0.013944590200167042,0.017843889645951114,0.808354287835585,0.0006884313002963882,0.006972295100083521,0.010458442650125282,0.0,0.0,195,124242.31163881102,0.3104882592319005,0.1490726971200693,0.015209683341228365
SPY,2014,2014-10-30,2014-10-31,0.012037284771333923,0.012037284771333923,0.7381150683810745,1.0,0.009110249190588338,0.012906179917632814,0.005768229064295121,0.011520127811301208,0.012726450714519187,0.016308141219411206,1.014122492370051,0.0001982780511642357,0.006363225357259594,0.00954483803588939,0.0,0.0,365,248711.9426285532,0.3273923797162355,0.21702757728938546,0.01454447474147236
IWM,2014,2014-11-03,2014-11-04,-0.003953240650221623,0.003953240650221623,0.185546364438073,0.0,0.0033404658642264273,0.012591016879684154,0.012790685721980758,0.013948665252446098,0.019796485462886284,0.021305945078439067,0.6360228386644349,0.005378233458945614,0.009898242731443142,0.014847364097164712,0.0,0.0,179,78872.04251972507,0.13533824809102912,0.04700388365533613,0.021833482415193305
QQQ,2014,2014-11-03,2014-11-04,-0.003146506434873131,0.003146506434873131,0.17726409408134863,0.0,0.0011812868185125946,0.005316016005054418,0.008092342168253046,0.01370349441949315,0.013944590200167042,0.01775038792362068,0.38122425462103127,0.00705273763173353,0.006972295100083521,0.010458442650125282,1.0,0.0,156,89995.50176327425,0.09866710594483903,0.03808575649017259,0.021481803334153445
SPY,2014,2014-11-03,2014-11-04,-0.0026763569087934203,0.0026763569087934203,0.1669567010483125,0.0,0.0007428382420986424,0.005645797345415021,0.006026480448664823,0.011525946400003808,0.012726450714519187,0.016030245518680673,0.4436270152662374,0.00584823644518262,0.006363225357259594,0.00954483803588939,0.0,0.0,308,165865.76994109008,0.17252598193375962,0.09266026660928542,0.018943345487548634
IWM,2014,2014-11-04,2014-11-05,0.007338961115185283,0.007338961115185283,0.3498959906633671,1.0,0.0006902660051891774,0.01052632618327201,0.00832104648887903,0.01329309732964733,0.019796485462886284,0.020974693368939045,0.5317270180611794,0.0005999802513312336,0.009898242731443142,0.014847364097164712,0.0,0.0,178,93067.95785712448,0.14240907978808723,0.06058618220766326,0.019951401570037403
QQQ,2014,2014-11-04,2014-11-05,0.006610084499909519,0.006610084499909519,0.3768104515575544,1.0,0.0001972444624990244,0.00937072996028997,0.007078212564888337,0.013237251775280389,0.013800781482057621,0.01754220052173868,0.6789999517398957,0.0,0.0069003907410288105,0.010350586111543216,0.0,0.0,159,100333.68528550642,0.1525005567540698,0.06229968609847868,0.019873939055367027
SPY,2014,2014-11-04,2014-11-05,0.007310816672641662,0.007310816672641662,0.4664892832378689,1.0,0.0007950524609509069,0.007652977079058394,0.0061342925534084766,0.010897151597214948,0.012240726847982941,0.015671992766688667,0.6252060987962877,0.00024687989244265296,0.006120363423991471,0.009180545135987206,0.0,0.0,305,198218.79500134458,0.18742987628227475,0.1017110666004748,0.016762684467328374
IWM,2014,2014-11-11,2014-11-12,-0.005793646496234595,0.005793646496234595,0.34866857064463935,0.0,0.002134562791472394,0.004866800558889615,0.0018659714408365358,0.009646907133366397,0.014380278276166142,0.01661648621073862,0.3384357705341381,0.0002571470800203368,0.007190139138083071,0.010785208707124606,0.0,0.0,182,47765.61651111998,0.1005509161283937,0.026147479995211505,0.01974571898463928
QQQ,2014,2014-11-11,2014-11-12,-0.0040085650919838844,0.0040085650919838844,0.28679031572412184,0.0,0.0029417083005311984,0.005687407452073331,0.0020478682824955864,0.008925565715696457,0.010201876192122941,0.013977337700063508,0.5574864216118095,0.0,0.005100938096061471,0.007651407144092206,0.0,0.0,155,46695.69416009409,0.15371252551168266,0.04216718337905839,0.0178046894924522
SPY,2014,2014-11-11,2014-11-12,-0.004064975032022633,0.004064975032022633,0.3306025076268223,0.0,0.0005880384133252203,0.0032343608252757214,0.002254839921080535,0.007054999560073343,0.009277346843433301,0.012295656984583727,0.3486299348142911,0.00019678592003491424,0.004638673421716651,0.006958010132574976,0.0,0.0,299,88534.74749777088,0.2100889237126795,0.09219861258887993,0.015411691803690565
IWM,2014,2014-11-17,2014-11-18,0.0038023024262423544,0.0038023024262423544,0.27856001757255666,1.0,0.007462004841874759,0.010721331497235514,0.005684373082006016,0.010093266909726707,0.011445155161746094,0.013649849893665975,0.9367571995065769,0.008264454667762822,0.005722577580873047,0.00858386637130957,1.0,0.0,180,131975.64420166094,0.17481068809923744,0.1558137862969774,0.014558519798025029
IWM,2014,2014-11-19,2014-11-20,-0.004602681478712456,0.004602681478712456,0.3466742897844459,0.0,0.009462352465557822,0.01617201938424059,0.006731783843731687,0.00931701617523793,0.011257715952606847,0.013276673853069108,1.4365275738277783,0.0,0.005628857976303424,0.008443286964455135,0.0,0.0,172,154523.4303267546,0.3048200051181347,0.24198805480326657,0.012621186336149807
QQQ,2014,2014-11-19,2014-11-20,-0.0042631764878335865,0.0042631764878335865,0.4331548260422495,0.0,0.0034759159159247766,0.008110421361067193,0.005071033318901285,0.005901993102464627,0.008178131779175367,0.0098421539632523,0.9917205518403861,0.0007789872408057175,0.004089065889587683,0.0061335988343815245,0.0,0.0,160,113011.29848592565,0.28476252302357447,0.24506323969911542,0.012359117065242889
SPY,2014,2014-11-19,2014-11-20,-0.0046779393244167355,0.0046779393244167355,0.5818541640281715,0.0,0.00043834367035600064,0.006088354268492261,0.0027395137597915867,0.004703682127456236,0.006663810547142509,0.00803971100254985,0.9136445619845829,0.000391820128927689,0.0033319052735712546,0.0049978579103568815,0.0,0.0,288,236569.2245435244,0.29909682763671397,0.25025070517248393,0.011727738532602708
IWM,2014,2014-11-20,2014-11-21,0.014084501505173819,0.014084501505173819,1.0944814815268569,1.0,0.01587855218297385,0.01605301250915817,0.009246787060561945,0.00887197954846505,0.011257715952606847,0.012868652181784956,1.4259564352785894,0.0003387611357303921,0.005628857976303424,0.008443286964455135,0.0,0.0,200,197193.09462452988,0.34914543873589815,0.2582701222533034,0.014758543458129915
QQQ,2014,2014-11-20,2014-11-21,0.008874295217465411,0.008874295217465411,0.9513572473206477,1.0,0.00875743461396361,0.010411596086165762,0.0050941341123836885,0.0052455094101758765,0.008178131779175367,0.00932803659451642,1.2731020197886325,0.0009561727413445187,0.004089065889587683,0.0061335988343815245,0.0,0.0,207,153346.89441731205,0.26685797243354903,0.19776868728690652,0.013239587329196717
SPY,2014,2014-11-20,2014-11-21,0.010020418037969714,0.010020418037969714,1.3357534677406357,1.0,0.006462387935560976,0.007490522271774235,0.0027476664559533026,0.004266923634646509,0.006663810547142509,0.007501697191861894,1.1240599081836482,0.0009631908535450151,0.0033319052735712546,0.0049978579103568815,0.0,0.0,305,397577.04642559483,0.29580070092179167,0.18421425201992744,0.013269263461758772
QQQ,2014,2014-11-21,2014-11-24,0.0026956654654184398,0.0026956654654184398,0.28843046846817183,1.0,0.006883962295806678,0.010995330013815923,0.005027939950060969,0.005099993325260269,0.008178131779175367,0.009345980262539098,1.344479437444896,0.005568908521912608,0.004089065889587683,0.0061335988343815245,1.0,0.0,197,110409.14820996666,0.1759397233841793,0.09616878881105252,0.014929737754983772
QQQ,2014,2014-11-26,2014-11-28,0.002653586216824433,0.002653586216824433,0.3064299370289142,1.0,0.00552691240867853,0.007146940942933235,0.002749785082228115,0.004213612345312337,0.007782045515305416,0.008659683327788058,0.9183884788230701,0.004253279161268608,0.003891022757652708,0.0058365341364790616,1.0,0.0,214,84549.66453973204,0.4695839409091284,0.2047256530606048,0.012295817004643706
IWM,2014,2014-11-28,2014-12-01,-0.0031708178836299394,0.0031708178836299394,0.27325167474681294,0.0,0.015108042410623246,0.016458447780150837,0.009679731479276253,0.007574758554490688,0.010647419204432709,0.011604019944499616,1.5457687411517427,0.013152183331942346,0.005323709602216354,0.00798556440332453,1.0,1.0,189,103067.97391940183,0.09503878971983283,0.02586969116584512,0.01949149860197205
QQQ,2014,2014-11-28,2014-12-01,-0.002735599563092883,0.002735599563092883,0.32394954693107875,0.0,0.001984868416023744,0.00491490196660979,0.0027513448832345144,0.00422996528835078,0.007409171043300758,0.008444523503763042,0.6633538270187131,0.012449751719536328,0.003704585521650379,0.0055568782824755684,1.0,1.0,178,59225.60706076416,0.2734952334668232,0.04796149156824329,0.015130148489733769
SPY,2014,2014-11-28,2014-12-01,-0.0038610186464319574,0.0038610186464319574,0.6236894805652835,0.0,0.0013976988637721677,0.0046266876941682515,0.0029862250237288985,0.0034499472808565807,0.005038248034770444,0.006190610498885611,0.9183128068007187,0.004966350128649877,0.002519124017385222,0.003778686026077833,1.0,1.0,324,231518.15647009428,0.1510742440233123,0.047442888300273024,0.016458158824843905
IWM,2014,2014-12-04,2014-12-05,0.003766821766994166,0.003766821766994166,0.31872152360941924,1.0,0.00324263908947775,0.009215818828868759,0.0131060632146694,0.008459290324209728,0.01198153961711743,0.011818535894081187,0.7691681639730654,0.006226041423740725,0.005990769808558715,0.008986154712838073,1.0,0.0,253,159132.10131072954,0.13424186935500063,0.06539980789852506,0.017488636735080193
IWM,2014,2014-12-05,2014-12-08,-0.003568746619314167,0.003568746619314167,0.29986051003872266,0.0,0.0037526860674306217,0.00869939678005064,0.011666146005112045,0.0085683579554707,0.01198153961711743,0.011901355796577931,0.7260666874248987,0.012257213531707611,0.005990769808558715,0.008986154712838073,1.0,1.0,213,132236.01301154474,0.10871421100388545,0.00838818643918955,0.019873626660347435
QQQ,2014,2014-12-05,2014-12-08,-0.0025621242181010917,0.0025621242181010917,0.31859963921430573,0.0,0.0015160475717395094,0.005211250877318918,0.005932092552481262,0.004434911338780924,0.007409171043300758,0.008041830255738869,0.7033514069068278,0.009896221763800561,0.003704585521650379,0.0055568782824755684,1.0,1.0,202,93388.11540029815,0.3137168137471791,0.09464095041345802,0.012102198724152273
IWM,2014,2014-12-08,2014-12-09,-0.010841525752849579,0.010841525752849579,0.8646519391421994,0.0,0.008953657818880467,0.021488908882048074,0.01053877702161813,0.009042534258616128,0.012380537244217697,0.012538601097229018,1.735700838999085,0.00191738909533834,0.0061902686221088484,0.009285402933163272,0.0,0.0,213,139056.566902383,0.16308965632637218,0.04366204193102545,0.017873890804267482
QQQ,2014,2014-12-08,2014-12-09,-0.011660074771422613,0.011660074771422613,1.3987995228440537,0.0,0.0045666763785207065,0.014175605129078379,0.00417248370837143,0.004833969505228159,0.007409171043300758,0.008335772625740697,1.9132511648378954,0.0035908651329046304,0.003704585521650379,0.0055568782824755684,0.0,0.0,212,106811.03526935604,0.24040826265653414,0.09713991196439113,0.014101476285647807
SPY,2014,2014-12-08,2014-12-09,-0.01084170895187464,0.01084170895187464,1.79054574744582,0.0,0.004385137063290467,0.010553211239003794,0.0050443343531855825,0.0035649126659430736,0.004917590968691041,0.006054974561437559,2.146012408553946,0.0022558552636797735,0.0024587954843455205,0.003688193226518281,0.0,0.0,362,330657.97728169255,0.24945490302377674,0.0729000529689363,0.013735663068549616
IWM,2014,2014-12-09,2014-12-10,-0.0036388280599024547,0.0036388280599024547,0.26574129682087805,0.0,0.027922747999623354,0.03070632226347732,0.011770681069500473,0.009753483302792005,0.013206329413573501,0.013693122233670718,2.3251216368961143,0.01886466209096649,0.0066031647067867506,0.009904747060180127,1.0,1.0,210,139025.77940312953,0.11761386995553655,0.020132609168521585,0.01868948572638011
SPY,2014,2014-12-09,2014-12-10,-0.002712246598938872,0.002712246598938872,0.4182584692830176,0.0,0.010275510856236236,0.013162413787130442,0.003942894347718718,0.003535054677490737,0.005342581534615573,0.006484618479066855,2.463680470171345,0.014684921371328485,0.0026712907673077865,0.00400693615096168,1.0,1.0,353,353844.237420805,0.30144731815396825,0.117237243534289,0.013054859838254551
IWM,2014,2014-12-10,2014-12-11,0.004755277580398953,0.004755277580398953,0.3267226835984465,1.0,0.017665994898919624,0.02208260702131105,0.01523104386919634,0.010888225362305486,0.014045785650849605,0.014554476377414171,1.5721873856145108,0.012649524415145885,0.0070228928254248025,0.010534339238137205,1.0,1.0,253,153700.52645989068,0.16585618571267158,0.046986717535244533,0.0187946190848584
QQQ,2014,2014-12-10,2014-12-11,0.002903911130069048,0.002903911130069048,0.30351653831582115,1.0,0.013935278526796435,0.018230372185864204,0.007540871605473071,0.006143705288618916,0.007871992884182449,0.009567554856096215,2.3158522186288195,0.013801759451325779,0.0039359964420912245,0.005903994663136836,1.0,1.0,242,108346.80165010548,0.14516717456321784,0.04728638013174456,0.01772777510208847
SPY,2014,2014-12-10,2014-12-11,0.0035440106700361795,0.0035440106700361795,0.4935874812315435,1.0,0.013355349186981003,0.014812311191848422,0.007097613951477937,0.00512916421045866,0.005854226643990983,0.007180106475134998,2.530190935988511,0.011330181985828025,0.0029271133219954913,0.004390669982993237,1.0,1.0,426,294848.1685883828,0.19569458486141533,0.1003575915084117,0.015820857885845748
IWM,2014,2014-12-11,2014-12-12,-0.011539820320272898,0.011539820320272898,0.7785182358932985,0.0,0.0007744285224992042,0.01557523081364168,0.015454296342402888,0.010875367838820954,0.014353505910062455,0.014822800273948255,1.0851168286852302,0.0015706833121504893,0.0071767529550312275,0.01076512943254684,0.0,0.0,241,155759.6031863202,0.17877978070642117,0.06242865303233518,0.01660659238036876
QQQ,2014,2014-12-11,2014-12-12,-0.00953762489458132,0.00953762489458132,0.9478247523022437,0.0,0.001833823378891708,0.013994832246838635,0.008458075299207472,0.006211255915437985,0.00806444879658651,0.010062645938940355,1.7353736876303703,0.0014610743340517374,0.004032224398293255,0.006048336597439883,0.0,0.0,233,125272.53261150004,0.2144039020154196,0.10572178293475373,0.01521947901441112
SPY,2014,2014-12-11,2014-12-12,-0.007590984050272476,0.007590984050272476,0.9860877558176948,0.0,0.0015204902450927094,0.012163996802749396,0.008289033851730297,0.005258754399636079,0.006663810547142509,0.007698081641808638,1.8253815465935488,0.008912089777135757,0.0033319052735712546,0.0049978579103568815,1.0,1.0,433,338783.18868057523,0.2975325871890627,0.15367317251089183,0.013644759095330085
IWM,2014,2014-12-12,2014-12-15,0.004794726319828468,0.004794726319828468,0.3242739769078735,1.0,0.0006098596930534939,0.012110118526148258,0.015213226042718403,0.011042686238633794,0.014353505910062455,0.014786034838653284,0.8437045696033413,0.004164460512257717,0.0071767529550312275,0.01076512943254684,0.0,0.0,208,147491.25018370562,0.1611884685896331,0.0,0.0200322247653798
QQQ,2014,2014-12-12,2014-12-15,0.00516215826189792,0.00516215826189792,0.5019786104360325,1.0,0.0013617293354047932,0.012936428686346018,0.008878824231871798,0.006656430381493362,0.00806444879658651,0.01028362196033398,1.6041305503510297,0.0036822179655982,0.004032224398293255,0.006048336597439883,0.0,0.0,204,83712.00771437374,0.1417605494572044,0.0,0.02078768260767212
SPY,2014,2014-12-12,2014-12-15,0.005425836732551703,0.005425836732551703,0.6683043558727771,1.0,0.008636004763477145,0.014656539822585704,0.009370162334150688,0.00637765529176894,0.006663810547142509,0.008118810965201312,2.1994232457389615,0.002723057052143707,0.0033319052735712546,0.0049978579103568815,0.0,0.0,334,198087.8756506621,0.1570969677256208,0.0,0.019724642539748247
QQQ,2014,2014-12-15,2014-12-16,-0.006298586613562529,0.006298586613562529,0.5700615692146751,0.0,0.015406941714233291,0.021899246153698298,0.009166276412883569,0.006986121375208358,0.008090524374912887,0.011048958487483293,2.7067771060184334,0.010104063080042192,0.004045262187456444,0.006067893281184665,1.0,1.0,204,91164.91797915625,0.12229285904387532,0.10583280781217508,0.020340049264114837
SPY,2014,2014-12-15,2014-12-16,-0.004661383897483828,0.004661383897483828,0.5259014846515253,0.0,0.012228939860138621,0.018566195065468576,0.009369468446966773,0.006513563368373215,0.007364894548783496,0.008863606651676542,2.5209043989007642,0.003638942780158194,0.003682447274391748,0.005523670911587623,0.0,0.0,326,225963.45357532182,0.18560028964972297,0.1400529479470366,0.018829250263162928
SPY,2014,2014-12-16,2014-12-17,0.0026779787251267617,0.0026779787251267617,0.27399797210778676,1.0,0.0033739458292246782,0.022862288469486916,0.008694867140674504,0.006674171084144256,0.007527682295683053,0.009773717318146006,3.0370952932747834,0.019653264707230278,0.0037638411478415263,0.00564576172176229,1.0,1.0,312,220447.86347977808,0.1328030307248012,0.10980301932285853,0.019842937684198928
IWM,2014,2014-12-17,2014-12-18,0.013431428719497873,0.013431428719497873,0.7893678478535363,1.0,0.02859908498288899,0.030799014596957292,0.017286388454449,0.013142990688995587,0.015814121661399925,0.017015424121999474,1.9475640352592842,0.0023636567741083248,0.007907060830699962,0.011860591246049944,0.0,0.0,206,175236.03701995,0.12008469399836923,0.10488792616997564,0.015719436517045996
QQQ,2014,2014-12-17,2014-12-18,0.014341837335018148,0.014341837335018148,1.1437204738364777,1.0,0.017491253839289733,0.021689136459323546,0.014101233472213039,0.008727498635417505,0.010703463049990843,0.012539635044662722,2.0263662665086795,0.009684291877901652,0.0053517315249954215,0.008027597287493133,1.0,1.0,202,124279.83561911667,0.22018017007004645,0.19268820419163143,0.015614163741073198
SPY,2014,2014-12-17,2014-12-18,0.014619219511287751,0.014619219511287751,1.390492872484228,1.0,0.016881630737309195,0.020409206822871635,0.013915979209699803,0.00805113075351556,0.0075723185824165765,0.010513696114938966,2.6952387965111715,0.0401973014883692,0.0037861592912082883,0.005679238936812433,1.0,1.0,346,314887.704656675,0.21301795635274412,0.1579737340682293,0.0152248775780035
QQQ,2014,2014-12-18,2014-12-19,-0.0026858396095623682,0.0026858396095623682,0.20209862495989714,0.0,0.009587428271243148,0.012395881782068706,0.018627843608736285,0.010298736959221426,0.011695605897942316,0.013289747073218955,1.0598751266276503,0.0025070112672422873,0.005847802948971158,0.008771704423456737,0.0,0.0,220,199704.70058178878,0.27245437960339997,0.21364611052647703,0.014309918713187167
IWM,2014,2014-12-19,2014-12-22,0.002523090147294793,0.002523090147294793,0.1510396334051505,1.0,0.002107037478170426,0.011293754319867297,0.015946982084866588,0.01307095394733517,0.014484954280413166,0.01670482171078121,0.779688641139788,0.004278541520868595,0.007242477140206583,0.010863715710309875,0.0,0.0,225,159992.23039429102,0.07681321264772445,0.05261688166606216,0.0180478270262006
IWM,2014,2014-12-22,2014-12-23,0.006098098425499687,0.006098098425499687,0.37536323131858984,1.0,0.004278541520868595,0.0076341951007764955,0.012815336992985774,0.013132711179280929,0.014353505910062455,0.01624585978780623,0.531869715218815,0.0,0.0071767529550312275,0.01076512943254684,0.0,0.0,200,89725.98971451638,0.2090542807885647,0.11758321343582975,0.017048794939324013
QQQ,2014,2014-12-22,2014-12-23,0.0036335556202402586,0.0036335556202402586,0.28047111157217747,1.0,0.004128663455361892,0.0048968039247099275,0.0158255848113591,0.01026319064074013,0.01115128689086,0.012955186720915413,0.43912455778745374,9.529474388059178e-05,0.00557564344543,0.008363465168145,0.0,0.0,190,100217.90759609919,0.22613947040340573,0.10028288038309897,0.016695813541764276
SPY,2014,2014-12-22,2014-12-23,0.00337396705125359,0.00337396705125359,0.26529416284617274,1.0,0.003482472651526569,0.004885100395820738,0.013859868652219389,0.009857796715966476,0.007955961661659194,0.012717833724860128,0.6140175887677624,0.00028821424375014004,0.003977980830829597,0.005966971246244395,0.0,0.0,347,294501.06777787383,0.21998242438884588,0.0817021757234621,0.014757265895644169
IWM,2014,2014-12-24,2014-12-26,0.0031729897014005637,0.0031729897014005637,0.20035307856891826,1.0,0.0010867247830583793,0.006770856617825488,0.006253767512620986,0.012903324877302362,0.014353505910062455,0.015836989998180166,0.47172144981518505,0.0057433198344571945,0.0071767529550312275,0.01076512943254684,0.0,0.0,246,101984.74946553598,0.24528029576973773,0.15795418438648656,0.01570449142960197
QQQ,2014,2014-12-24,2014-12-26,0.002876274339267404,0.002876274339267404,0.222621752561316,1.0,0.00038329775288947765,0.004121145488478693,0.010937700468668073,0.010140117298495545,0.01115128689086,0.012920005822320535,0.36956680684599136,0.006309786536685902,0.00557564344543,0.008363465168145,1.0,0.0,210,141853.17551264452,0.36223761434242224,0.22832390355064694,0.013463651837557739
SPY,2014,2014-12-24,2014-12-26,0.0025989954037093366,0.0025989954037093366,0.2053488799816172,1.0,0.0012018074938242584,0.0029804591118815734,0.010745080352380962,0.009840998706497931,0.007955961661659194,0.012656486872204992,0.37461959202804995,0.002592331387119229,0.003977980830829597,0.005966971246244395,0.0,0.0,384,363645.0809826255,0.2732635739516886,0.19914130266771185,0.013327718613558562
QQQ,2014,2014-12-29,2014-12-30,-0.0028565552461679022,0.0028565552461679022,0.22225253358911004,0.0,0.0007622851133897157,0.003525850371393159,0.003899056511373374,0.010098710923612954,0.01115128689086,0.012852745478478847,0.31618327157227694,0.005183345305677767,0.00557564344543,0.008363465168145,0.0,0.0,176,118493.42004532048,0.29446949552562457,0.15125024467630693,0.015560565078541703
IWM,2014,2014-12-30,2014-12-31,0.00382255881557092,0.00382255881557092,0.2527378117536647,1.0,0.003725511832319839,0.00803047614331488,0.004779572826091184,0.01187884812630329,0.011701936423007778,0.015124602009677296,0.6862519033623998,0.005049673799181864,0.005850968211503889,0.008776452317255833,0.0,0.0,195,91660.1872069141,0.21377311113615366,0.10857318712868062,0.013781465225144512
IWM,2014,2014-12-31,2015-01-02,0.0037618871251450248,0.0037618871251450248,0.2486189852880515,1.0,0.009768214200046033,0.015480154795863807,0.005711042791875585,0.011793242499056163,0.011701936423007778,0.015131133773981415,1.322871210052678,0.004080934996376628,0.005850968211503889,0.008776452317255833,0.0,0.0,233,64454.556385557764,0.24787348114366284,0.1000853842265286,0.016385925825517875
QQQ,2014,2014-12-31,2015-01-02,0.004939488002232206,0.004939488002232206,0.3791794273890954,1.0,0.011961722488038284,0.017320623808500298,0.006782168855776544,0.010079755078610739,0.01115128689086,0.01302678269294274,1.5532399065705063,0.004240505040025377,0.00557564344543,0.008363465168145,0.0,0.0,195,106859.49821647406,0.14188005992971134,0.047944230009500065,0.017834578184779244
SPY,2014,2014-12-31,2015-01-02,0.00408685231156114,0.00408685231156114,0.3180628961432521,1.0,0.011779470851121077,0.013462199999075625,0.005405911740691229,0.009939499198237164,0.00944266985854045,0.012849195429951898,1.4256772926249985,0.0024227153220774955,0.004721334929270225,0.007082002393905338,0.0,0.0,391,229372.31889947754,0.25551633843911864,0.10699065349086362,0.016453275450201848
IWM,2015,2015-01-02,2015-01-05,-0.005885789510182371,0.005885789510182371,0.3792320674439179,0.0,0.009494456504921422,0.02223701320672533,0.006211804532970427,0.011736567420527352,0.011701936423007778,0.015520284320504571,1.9002849103678259,0.01232984356638367,0.005850968211503889,0.008776452317255833,1.0,1.0,190,56953.034693494854,0.12710151352439839,0.016404118924076037,0.018757155867768348
QQQ,2015,2015-01-02,2015-01-05,-0.004371522896483904,0.004371522896483904,0.3239554466352903,0.0,0.007902849633210418,0.016962167218589428,0.006616535433843227,0.010069130625066878,0.012666155234207362,0.013494210212817853,1.3391725353862605,0.013347819678346307,0.006333077617103681,0.009499616425655522,1.0,1.0,170,99671.73361067833,0.09668816624719434,0.011316742534928925,0.019378377176005723
SPY,2015,2015-01-02,2015-01-05,-0.006133449602096386,0.006133449602096386,0.4628991285464428,0.0,0.004603218260270325,0.013082721887541292,0.005348113087783415,0.00989040555931204,0.011358604020876595,0.013250078092296549,1.1517895917047418,0.01400542329251242,0.005679302010438298,0.008518953015657447,1.0,1.0,315,204075.64052134755,0.21354798447973702,0.024570329221691646,0.017098243533163186
IWM,2015,2015-01-06,2015-01-07,0.006504206190958373,0.006504206190958373,0.3852679228060758,1.0,0.019639560738366035,0.028991633676984728,0.005366447133750211,0.012583049535849974,0.015527692804752743,0.016882293609043225,1.8670921714854456,0.006031402656917262,0.007763846402376371,0.011645769603564556,0.0,0.0,184,72590.6560800368,0.1528819908281736,0.02486834340405606,0.020815038749311454
QQQ,2015,2015-01-06,2015-01-07,0.006595419847328143,0.006595419847328143,0.44701498208899526,1.0,0.014865151693360557,0.02096866720834015,0.004815785565321896,0.010808092330946192,0.014085218687958506,0.014754359723037371,1.488700152470215,0.008636901500982841,0.007042609343979253,0.01056391401596888,1.0,0.0,164,84903.29256315558,0.2818627866030125,0.029562725967890103,0.017734890046900577
SPY,2015,2015-01-06,2015-01-07,0.008007160374739142,0.008007160374739142,0.5484069085326286,1.0,0.011232564970096282,0.01910040417783825,0.0064689146321789525,0.010759516671385378,0.013122567837335867,0.014600764961484321,1.455538612152909,0.00645419056486829,0.006561283918667934,0.0098419258780019,0.0,0.0,285,233917.752866557,0.30560283310421604,0.05124620159389455,0.015946979194826537
IWM,2015,2015-01-07,2015-01-08,0.00796710595760075,0.00796710595760075,0.4846046374944834,1.0,0.005772926179854476,0.01102876793229862,0.01137407397320145,0.012607725961434285,0.013795136661006032,0.01644042450520595,0.7994678271997873,0.010113843064539552,0.006897568330503016,0.010346352495754524,1.0,0.0,236,89507.76826604933,0.1599384118219944,0.052836805372240184,0.01754846330381182
QQQ,2015,2015-01-07,2015-01-08,0.008484615283869124,0.008484615283869124,0.5728257927219134,1.0,0.006254315818749578,0.011019562924249196,0.011330518195793128,0.011276644528383565,0.013465630466592327,0.014811859716638325,0.8183473437495762,0.012521999256615457,0.006732815233296163,0.010099222849944245,1.0,1.0,201,109049.59122108028,0.12522029074181545,0.026811139123111373,0.017975700157348142
SPY,2015,2015-01-07,2015-01-08,0.00840293099084155,0.00840293099084155,0.5677666202298448,1.0,0.004418624752949851,0.009135122404019133,0.011609252330848106,0.011160331499599283,0.013122567837335867,0.01479997360084299,0.6961383257648861,0.010538744243735465,0.006561283918667934,0.0098419258780019,1.0,1.0,376,272000.8218193586,0.1563485160700112,0.05058797249977226,0.015743406152767904
QQQ,2015,2015-01-08,2015-01-09,0.003097770429531188,0.003097770429531188,0.20774018064484814,1.0,0.010565464861645335,0.013598115564949866,0.015299461576079676,0.012157924304904989,0.013267272125647942,0.014911753806679917,1.024936809629641,0.000289507609551487,0.006633636062823971,0.009950454094235957,0.0,0.0,192,124196.74992796342,0.1930849024016998,0.052365737813334604,0.016235138923468728
IWM,2015,2015-01-12,2015-01-13,0.007765796469917374,0.007765796469917374,0.5091102641351518,1.0,0.004417983488097077,0.015123184583255494,0.014506115168732665,0.01182970727130816,0.012004411134162654,0.015253663139378024,1.2598022855296336,0.011008578982745654,0.006002205567081327,0.009003308350621991,1.0,1.0,186,85514.03785058802,0.18180272502428443,0.17442703083533884,0.015904425305875616
QQQ,2015,2015-01-12,2015-01-13,0.009748870842130275,0.009748870842130275,0.6608226356114064,1.0,0.012351649940048892,0.015950198351644154,0.014695401163467034,0.01187728112461333,0.013267272125647942,0.014752628491774384,1.2022213911486483,0.010532492894596235,0.006633636062823971,0.009950454094235957,1.0,1.0,161,103004.21224941226,0.21162828412547025,0.20007305949582,0.01514414292870261
SPY,2015,2015-01-12,2015-01-13,0.007253892252540695,0.007253892252540695,0.4882208424267993,1.0,0.008610193895081109,0.013110943136620541,0.013034422978716192,0.011565610475811706,0.013096832512080917,0.014857809462791005,1.001077407420963,0.006662750553030117,0.006548416256040458,0.009822624384060688,1.0,0.0,300,252807.4610883457,0.14829403351399692,0.13075691894682323,0.015404011238241727
IWM,2015,2015-01-13,2015-01-14,-0.01100019888342929,0.01100019888342929,0.6822902098431296,0.0,0.0069438540117992,0.030231177962012863,0.011006054061197255,0.011448440939992456,0.012388198814681478,0.016122463322401224,2.4403206966766913,0.003721335299170736,0.006194099407340739,0.009291149111011109,0.0,0.0,188,92428.67023027134,0.19822344694559516,0.1898104986805582,0.015523132233075212
QQQ,2015,2015-01-13,2015-01-14,-0.010047248589384883,0.010047248589384883,0.646138008740002,0.0,0.009947379201812323,0.028476748315473005,0.012661716832653224,0.011648528887232898,0.01397049524633878,0.015549694420511597,2.038349236254588,0.004296995168253437,0.00698524762316939,0.010477871434754085,0.0,0.0,170,115133.8641092683,0.21818782834474765,0.20354138233430538,0.015400684964560797
SPY,2015,2015-01-13,2015-01-14,-0.012024979773119115,0.012024979773119115,0.787686655202326,0.0,0.00999408845253813,0.024348429059337345,0.012010372963101324,0.010973001954456763,0.013096832512080917,0.015266197153016853,1.8591082261209047,0.00543882022677411,0.006548416256040458,0.009822624384060688,0.0,0.0,304,260355.89083373803,0.15845784965516535,0.13966112661709307,0.014881090581412902
IWM,2015,2015-01-14,2015-01-15,0.003681509365930813,0.003681509365930813,0.23402539891823798,1.0,0.007070181678652254,0.01336433331177877,0.010092879665531273,0.011210828143681364,0.012388198814681478,0.015731238502095367,1.0787955143196812,0.0012794838538705555,0.006194099407340739,0.009291149111011109,0.0,0.0,234,99362.93240447895,0.2134831993251551,0.20145909371273846,0.013895365363107107
QQQ,2015,2015-01-14,2015-01-15,0.004655321166453952,0.004655321166453952,0.3070139564920715,1.0,0.004577105318135821,0.01402988718516791,0.011685297632718243,0.011483521374555512,0.013814001375058888,0.015163223260745064,1.0156280431894849,0.0015774034529572045,0.006907000687529444,0.010360501031294166,0.0,0.0,203,117741.2915269381,0.18252812798336632,0.1683872377207917,0.013530964663434064
SPY,2015,2015-01-14,2015-01-15,0.0038335371408997343,0.0038335371408997343,0.2521845385764013,1.0,0.006060639874071683,0.012672170581726351,0.010899096056317947,0.010945718588815137,0.012877446234633822,0.01520131710905161,0.9840592886844767,0.0018845886763940722,0.006438723117316911,0.009658084675975367,0.0,0.0,346,264573.1051427543,0.33600555142517424,0.31216943360332167,0.013100225876020964
IWM,2015,2015-01-15,2015-01-16,-0.003657564767465926,0.003657564767465926,0.22923532628289248,0.0,0.020472587709236434,0.024737642356408362,0.006822818976387587,0.011929617235627259,0.012388198814681478,0.015955502263871123,1.9968715974344338,0.0018389379989420807,0.006194099407340739,0.009291149111011109,0.0,0.0,227,104367.17774446169,0.28348915593199947,0.26171487467887933,0.01338423818541559
QQQ,2015,2015-01-16,2015-01-20,0.006050392900198265,0.006050392900198265,0.4126894243773144,1.0,0.013062732070021399,0.015976651844083443,0.009802909184169411,0.010811122779844463,0.013814001375058888,0.014660886717238728,1.1565549626286566,0.004436527130910584,0.006907000687529444,0.010360501031294166,0.0,0.0,190,90411.04565664963,0.09748806206797754,0.08781676549089557,0.015027134937530768
SPY,2015,2015-01-16,2015-01-20,0.0038188215792553937,0.0038188215792553937,0.2625519886913554,1.0,0.014388491970001915,0.016451195865441696,0.00907213789454285,0.010479812615858255,0.012877446234633822,0.014545011059674862,1.2775200583789892,0.0015810639025137796,0.006438723117316911,0.009658084675975367,0.0,0.0,350,185948.23356438836,0.14919152612125078,0.12822301125013183,0.013920656576063761
IWM,2015,2015-01-20,2015-01-21,-0.0035280615777031343,0.0035280615777031343,0.2262678604687897,0.0,0.005477102250798782,0.016431306752396208,0.011948772450646176,0.00974092870897821,0.013121013599482338,0.015592411447182878,1.2522894384504313,0.004423645868509851,0.006560506799741169,0.009840760199611753,0.0,0.0,192,25740.66332892397,0.14022915518575582,0.08169452232883076,0.01846595307037101
QQQ,2015,2015-01-20,2015-01-21,-0.0029522047200288837,0.0029522047200288837,0.20730074479205005,0.0,0.0018732371175647078,0.015675799399652475,0.009994182665402095,0.009396672402642301,0.014186381056447803,0.014241167936904105,1.1049893089208767,0.0035657746990502837,0.007093190528223901,0.010639785792335852,0.0,0.0,160,23451.153236169153,0.15240423028597025,0.10432465123639133,0.016517449162525122
SPY,2015,2015-01-20,2015-01-21,-0.002771441974462885,0.002771441974462885,0.22337459392129172,0.0,0.0016798238544637467,0.012598829687030466,0.008707466834570283,0.008750239132179746,0.012635500134378409,0.01240714946946666,0.9970978238330139,0.0027868893788685067,0.006317750067189204,0.009476625100783807,0.0,0.0,308,83162.28850564279,0.17717248976885336,0.11756275255613013,0.01701492399696022
IWM,2015,2015-01-21,2015-01-22,0.006215480347590674,0.006215480347590674,0.39624585221745245,1.0,0.0003453651561211579,0.013212424343486665,0.011883166633937953,0.009721217678740042,0.013288378827632718,0.015685919014187515,0.994284142171797,0.01441318068260311,0.006644189413816359,0.009966284120724539,1.0,1.0,230,63477.696180787476,0.12922740654088274,0.04720778057376338,0.01961943065387029
QQQ,2015,2015-01-21,2015-01-22,0.003916208422451328,0.003916208422451328,0.2688977072026333,1.0,0.008093167166344895,0.016383770895275415,0.010220664866430135,0.009496194677621897,0.015009337163690085,0.01456393385868549,1.091571913975675,0.015603651841579191,0.0075046685818450426,0.011257002872767563,1.0,1.0,198,51934.58153451008,0.15996697477926047,0.07268022211584155,0.0181219689288404
SPY,2015,2015-01-21,2015-01-22,0.0044810107046699965,0.0044810107046699965,0.3538296682868672,1.0,0.00784120015411749,0.013498765363290944,0.00890481334169773,0.008857865389275325,0.012877446234633822,0.012664315930220469,1.0482486292185857,0.01112794231356573,0.006438723117316911,0.009658084675975367,1.0,1.0,394,167934.6860801651,0.15573668424421594,0.06954377931912582,0.017939912449813016
IWM,2015,2015-01-26,2015-01-27,-0.01173907010566444,0.01173907010566444,0.6764281917691554,0.0,0.011706862190077771,0.018663021712773224,0.010487347776331995,0.010970555679448367,0.01530166968955965,0.01735449564123228,1.2196722378282046,0.0020404510981573143,0.007650834844779825,0.011476252267169737,0.0,0.0,182,53814.999438450846,0.10535590843092846,0.038824749047650216,0.019682868116584876
QQQ,2015,2015-01-26,2015-01-27,-0.015748025727484793,0.015748025727484793,1.006514264695842,0.0,0.0,0.006913781687372407,0.007499982695209134,0.010420140218712515,0.015703200026052425,0.01564610287191874,0.44027852131425976,0.013847690870512519,0.007851600013026212,0.011777400019539318,1.0,1.0,156,60428.60912869639,0.14964030310494067,0.07590443235365534,0.017826458363933137
SPY,2015,2015-01-26,2015-01-27,-0.012071042902783935,0.012071042902783935,0.8767316981186353,0.0,0.003614821992601991,0.008353238234554214,0.007334851899783923,0.009547608623184836,0.013096832512080917,0.013768229127208468,0.6378059906354405,0.006096935134567216,0.006548416256040458,0.009822624384060688,0.0,0.0,276,187341.93335760385,0.20872573994593333,0.1238417449375686,0.017041707002853998
IWM,2015,2015-01-27,2015-01-28,0.00412838363544088,0.00412838363544088,0.2346293475956157,1.0,0.007042269020502534,0.013829944382969969,0.01060879158123835,0.010899833965136845,0.01530166968955965,0.01759534209060735,0.903819299694213,0.0022654526126451024,0.007650834844779825,0.011476252267169737,0.0,0.0,178,67244.30974578703,0.11805164572035902,0.05520713539173458,0.020940031386973305
QQQ,2015,2015-01-27,2015-01-28,0.01606858452472415,0.01606858452472415,0.9653429978216139,1.0,0.010341439596036617,0.014243893507050305,0.016176174175647408,0.01176226434417974,0.015703200026052425,0.016645466493240644,0.9070694815973143,0.0010672417840036363,0.007851600013026212,0.011777400019539318,0.0,0.0,149,61811.2946470482,0.13929899294335216,0.06957572800422741,0.018980834815713714
SPY,2015,2015-01-27,2015-01-28,0.007053332529526113,0.007053332529526113,0.48943341116025624,1.0,0.0011331513334770227,0.011725819627086234,0.010648828080280837,0.00990770393455139,0.013096832512080917,0.014411219930419963,0.8953172163017264,0.0005877215960408133,0.006548416256040458,0.009822624384060688,0.0,0.0,270,188827.53297559393,0.1808286562891839,0.09140836133511349,0.01580383573205282
IWM,2015,2015-01-28,2015-01-29,0.002827956078121252,0.002827956078121252,0.1523234195313763,1.0,0.02089274926492335,0.026262772658191026,0.014173350906306515,0.011403881562651152,0.015859835980484266,0.01856547132950056,1.655929650880861,0.011109238498126617,0.007929917990242133,0.0118948769853632,1.0,0.0,236,78629.55889580293,0.10290329864988003,0.049081090603644024,0.02003293178396922
IWM,2015,2015-01-29,2015-01-30,-0.006931527249965153,0.006931527249965153,0.36252123264363034,0.0,0.010938356224668766,0.019056600759744805,0.01215003761718829,0.011870329595683553,0.01633541195875047,0.01912033455093942,1.166582196265743,0.01626301823207532,0.008167705979375234,0.012251558969062852,1.0,1.0,222,81908.36263640929,0.1453556769463845,0.09066523391783374,0.01869026141934819
SPY,2015,2015-01-29,2015-01-30,-0.007030041736363901,0.007030041736363901,0.44195125636976135,0.0,0.008034736855571767,0.018065726558364144,0.00974861246032577,0.010476970569862729,0.013480482681183285,0.015906826001829875,1.3401394434919727,0.0072314689202850335,0.006740241340591643,0.010110362010887464,1.0,0.0,371,223738.86980451923,0.21796582468498613,0.1334866207434131,0.014550974784016518
IWM,2015,2015-01-30,2015-02-02,0.003630127998427879,0.003630127998427879,0.18630815204221493,1.0,0.015151569269906351,0.020088530327848998,0.015748405542796027,0.012745358163048112,0.017547164232584716,0.01948453655213831,1.1448305869586048,0.0062004269228264075,0.008773582116292358,0.013160373174438536,0.0,0.0,182,60447.53131591932,0.12708498890852388,0.034814303031124406,0.02155253852493384
SPY,2015,2015-01-30,2015-02-02,0.003008303397825207,0.003008303397825207,0.18819583929270353,1.0,0.005584136885262603,0.015156769083718005,0.010507872108141194,0.010607591263259022,0.01379881036614634,0.015984962309110097,1.0984112892009334,0.009897504110643718,0.00689940518307317,0.010349107774609755,1.0,0.0,289,143741.5629025629,0.22433287609227012,0.04261425537109293,0.018404507038367855
IWM,2015,2015-02-02,2015-02-03,0.004881806135624833,0.004881806135624833,0.2512303088810579,1.0,0.005511534399849749,0.021184972668673707,0.01564324366442979,0.012923576205648095,0.017547164232584716,0.019431597076673055,1.207316030548894,0.01423334307409263,0.008773582116292358,0.013160373174438536,1.0,1.0,189,67830.6048429207,0.09730398428493377,0.02027497168320847,0.02072135919828418
QQQ,2015,2015-02-02,2015-02-03,0.003628114385253678,0.003628114385253678,0.19647424948146697,1.0,0.0064146996361713615,0.02289548655779464,0.014515160158179647,0.012090776031475743,0.01593189042345288,0.0184661063463989,1.4370853645899326,0.00664387215743556,0.00796594521172644,0.01194891781758966,0.0,0.0,160,55574.369810856515,0.16979646009336682,0.05062667871069297,0.017350101469555703
SPY,2015,2015-02-02,2015-02-03,0.0053486620485756475,0.0053486620485756475,0.3266652313188845,1.0,0.009347638533670377,0.020844779331827514,0.013017752007853387,0.011050316886468913,0.014445198465604842,0.01637352719473957,1.4430247795806046,0.00911333055919017,0.007222599232802421,0.010833898849203633,1.0,0.0,300,168376.13839739648,0.14445149244898764,0.05541707679086712,0.016865691116744217
IWM,2015,2015-02-03,2015-02-04,-0.003618008503966541,0.003618008503966541,0.18562323603712683,0.0,0.01295488467864403,0.014744765447329087,0.01844493535974112,0.013216281081048843,0.017547164232584716,0.019491140124520277,0.8402933517854906,0.0027095656135367463,0.008773582116292358,0.013160373174438536,0.0,0.0,190,70946.27481763554,0.09231517298569486,0.033355726603441584,0.021142473819376107
QQQ,2015,2015-02-03,2015-02-04,-0.004079236331390512,0.004079236331390512,0.22347445634618424,0.0,0.0059599474298555055,0.013190019484586871,0.008683493842165728,0.011797896836880253,0.01593189042345288,0.018253702897799505,0.8279004646661529,0.002248102457454104,0.00796594521172644,0.01194891781758966,0.0,0.0,168,67646.40571351192,0.19055106833531,0.07584908212396674,0.016942548080476433
SPY,2015,2015-02-03,2015-02-04,-0.00449130143230303,0.00449130143230303,0.2788584097971766,0.0,0.009064021368919262,0.01133006429437346,0.013671802532079353,0.010766486524824552,0.01379881036614634,0.016106028272805935,0.8210899341127522,0.0020146610642044482,0.00689940518307317,0.010349107774609755,0.0,0.0,311,190394.72941738373,0.24782090754669936,0.12819987256518794,0.01717915931976937
IWM,2015,2015-02-04,2015-02-05,0.0030402243883405067,0.0030402243883405067,0.16417941618612908,1.0,8.439880924238086e-05,0.009626747232524388,0.016166095992522545,0.012574508951692386,0.015777245667825852,0.018517695207868355,0.6101665293934021,0.01246108780638755,0.007888622833912926,0.01183293425086939,1.0,1.0,229,76370.39606420879,0.18264915169277995,0.07006833286805275,0.020146138122991812
QQQ,2015,2015-02-04,2015-02-05,0.0025274083784796453,0.0025274083784796453,0.14194220786866718,1.0,0.0032182741184734187,0.012092895280794677,0.007856385007919601,0.011326054549596625,0.01582209157385699,0.01780589731856323,0.7643044678603615,0.006787594262381402,0.007911045786928495,0.011866568680392743,0.0,0.0,202,75605.59617045711,0.19892082058442134,0.08444237117461245,0.016435607621783466
SPY,2015,2015-02-04,2015-02-05,0.003920430566152877,0.003920430566152877,0.25121765572349297,1.0,0.0006865407557157255,0.009170313813102729,0.011650070333008274,0.010556623476359155,0.013304854249955742,0.015605712722946377,0.6892457174518265,0.00702920256329187,0.006652427124977871,0.009978640687466806,1.0,0.0,386,203990.9826373129,0.2486983452745773,0.130595043148875,0.016052127897028222
IWM,2015,2015-02-06,2015-02-09,-0.003422051924459213,0.003422051924459213,0.18627828102476698,0.0,0.0024146621083416253,0.012239810486091537,0.009198082296903637,0.012067181781050007,0.015777245667825852,0.01837064367157343,0.7757888001358741,0.0057277653148912755,0.007888622833912926,0.01183293425086939,0.0,0.0,180,62408.27735664107,0.1784161338443072,0.017709208893059384,0.019562807773826834
QQQ,2015,2015-02-06,2015-02-09,-0.0038785407460205645,0.0038785407460205645,0.22639359159747174,0.0,0.007602010483516608,0.013568091392982689,0.007078737286721023,0.010407689232082795,0.01582209157385699,0.017131848647538653,0.8575409470768953,0.0017552442693242742,0.007911045786928495,0.011866568680392743,0.0,0.0,163,59314.46634909125,0.17587140234596652,0.029754859131534184,0.017828815614126334
SPY,2015,2015-02-06,2015-02-09,-0.003794691158921948,0.003794691158921948,0.25230340742303414,0.0,0.004889593913504187,0.011231638999030517,0.008690729325337918,0.009682060757236705,0.013304854249955742,0.015040189895491319,0.8441760268864185,0.0030861412985996317,0.006652427124977871,0.009978640687466806,0.0,0.0,300,158370.86474408858,0.17064096788649952,0.04222391739217581,0.018714830610962144
IWM,2015,2015-02-09,2015-02-10,0.005636868294673025,0.005636868294673025,0.3071493289315239,1.0,0.004522620675262767,0.012562813909804583,0.011175337496125069,0.011998804116500924,0.015777245667825852,0.018352207749507122,0.7962615385664952,0.002593470775199558,0.007888622833912926,0.01183293425086939,0.0,0.0,183,75223.37369928817,0.09870188011800984,0.020841400696345172,0.020257777944952742
QQQ,2015,2015-02-09,2015-02-10,0.005544743948472819,0.005544743948472819,0.3319877630584977,1.0,0.0006813948460704378,0.0072033275536692205,0.007104462811040717,0.010322742676279854,0.01579469094745704,0.016701651583151306,0.45606005066081795,0.011318546366044346,0.00789734547372852,0.01184601821059278,1.0,0.0,155,66586.09522153065,0.1921330336214258,0.04900165735673738,0.01593155462901672
SPY,2015,2015-02-09,2015-02-10,0.0061085860830421,0.0061085860830421,0.4155950260520166,1.0,0.0006836909055398799,0.007325291637949786,0.008898395440000064,0.00956028110987698,0.012891556859173446,0.0146984099907816,0.5682239715474873,0.006022878399875697,0.006445778429586723,0.009668667644380085,0.0,0.0,309,184668.59496071545,0.20910919417343915,0.04307629802936575,0.016712929101361955
IWM,2015,2015-02-11,2015-02-12,0.0059439659439659565,0.0059439659439659565,0.34347354688020826,1.0,0.0006701365487105093,0.010052751282830539,0.008033279428786143,0.012040933080319838,0.014650881349696934,0.01730545481000028,0.686153347562158,0.006324854224980303,0.007325440674848467,0.0109881610122727,0.0,0.0,228,83345.28469338368,0.31675608291082324,0.07553342995996334,0.01664256636076539
QQQ,2015,2015-02-11,2015-02-12,0.006489791115650734,0.006489791115650734,0.41477804217466896,1.0,0.0024875827074350987,0.006697253833949712,0.008780298594452552,0.010558716365555911,0.014136890346109108,0.015646419182715053,0.4737430700799766,0.0054997329422514785,0.007068445173054554,0.010602667759581831,0.0,0.0,197,75555.02863316407,0.2142050337318942,0.07185158705676199,0.015776231475048984
SPY,2015,2015-02-11,2015-02-12,0.0046392825972372265,0.0046392825972372265,0.33578638936264166,1.0,0.001548773362781919,0.007840835934377975,0.007136679903552806,0.009600532486999786,0.012225202641109045,0.013816172257735279,0.6413665412802246,0.0052912891757428415,0.006112601320554523,0.009168901980831784,0.0,0.0,351,216631.0026125271,0.21547315035500256,0.10093800503174209,0.01616725215761868
QQQ,2015,2015-02-12,2015-02-13,0.0028302174694132542,0.0028302174694132542,0.18220045860080258,1.0,0.005120433531341284,0.007016858241927336,0.009287935382472527,0.010643901408867671,0.013905992450016497,0.015533536474868057,0.5045924098656484,0.005926596757586333,0.0069529962250082485,0.010429494337512373,0.0,0.0,192,71772.79198858739,0.3082420791995874,0.09155006039913598,0.014813979824942144
IWM,2015,2015-02-17,2015-02-18,-0.0028710203674976453,0.0028710203674976453,0.18507804225331423,0.0,0.002054907056343147,0.006575664953826048,0.0046994867867016414,0.01096129141840906,0.013861177346468589,0.015512485071395516,0.4743944031205495,0.0035499076605787216,0.006930588673234294,0.01039588300985144,0.0,0.0,170,75963.899986053,0.2812490909867615,0.26228258173651103,0.012278890706323924
SPY,2015,2015-02-18,2015-02-19,-0.003426456022330826,0.003426456022330826,0.2862270954948428,0.0,0.00224173048027132,0.00419729498922802,0.00391040179027052,0.008934524077759975,0.010474168333974682,0.01197110992027854,0.40072823496767807,0.000812455383685462,0.005237084166987341,0.007855626250481012,0.0,0.0,343,271830.585557758,0.2372342381428421,0.18184773016934258,0.016107393862937757
QQQ,2015,2015-03-02,2015-03-03,-0.003016952001704709,0.003016952001704709,0.3185898004137803,0.0,0.007089555646250689,0.0076420387293099825,0.005499868958853055,0.005843092901010589,0.007290353530369432,0.009469706807268566,1.0482398003712077,0.008042177335253697,0.003645176765184716,0.005467765147777074,1.0,1.0,185,84867.47521560916,0.18951532357176992,0.13774857274658872,0.014850845027900414
IWM,2015,2015-03-03,2015-03-04,-0.004318060848307437,0.004318060848307437,0.41616841212408573,0.0,0.003652930990489689,0.007549316395363528,0.005741323520872945,0.006484708918354021,0.00930738908788143,0.010375753475061807,0.8111100034695037,0.004933792213713817,0.004653694543940715,0.006980541815911073,1.0,0.0,251,97703.9540006786,0.1835186311926247,0.07529305181223461,0.014900460582172812
QQQ,2015,2015-03-03,2015-03-04,-0.0033067015823406987,0.0033067015823406987,0.3727594288531888,0.0,0.001650621734419877,0.008986733879030338,0.0061958105258946156,0.006033218143573706,0.007290353530369432,0.008870873078955817,1.2326883520249454,0.006026344541078421,0.003645176765184716,0.005467765147777074,1.0,1.0,226,97528.14887797117,0.19573708231146644,0.13401597978386567,0.014009528570284606
SPY,2015,2015-03-03,2015-03-04,-0.003410388581638002,0.003410388581638002,0.43610351230262356,0.0,0.0016551099517436718,0.009315747904342754,0.004133378077153195,0.005587515548694412,0.006841306853349663,0.007820135553669755,1.361691282679646,0.006409625722467727,0.0034206534266748314,0.005130980140012247,1.0,1.0,420,250863.71767772824,0.21140537699529044,0.11758415136494413,0.014119751315522441
QQQ,2015,2015-03-04,2015-03-05,0.0025818941131463546,0.0025818941131463546,0.2976989329208988,1.0,0.0005529922293517897,0.007464727146321744,0.006389110387253778,0.006042475826331907,0.007290353530369432,0.008672836304160977,1.0239184033018323,0.0022072827771528747,0.003645176765184716,0.005467765147777074,0.0,0.0,213,108466.44050993808,0.25686137458446123,0.11887145220271295,0.013484598741161502
IWM,2015,2015-03-05,2015-03-06,-0.006029969494856013,0.006029969494856013,0.6146781852764471,0.0,0.0015506605998460987,0.00824283454580912,0.005741643461604258,0.005356502306707582,0.008422140472093652,0.009809961764210125,0.9787101714963489,0.009099984517781934,0.004211070236046826,0.00631660535407024,1.0,1.0,249,108971.15262563658,0.22357727174645475,0.11062582357968859,0.013897593804928469
SPY,2015,2015-03-05,2015-03-06,-0.004941597033852774,0.004941597033852774,0.6721470451378333,0.0,0.0007596069083151136,0.004510478445855132,0.0045701301856039475,0.004817137150054538,0.006233815862807347,0.007351958279961536,0.7235501569377245,0.011202279078012634,0.0031169079314036733,0.00467536189710551,1.0,1.0,430,298678.20034979447,0.3827483904194309,0.22855130326748596,0.013238994465710597
IWM,2015,2015-03-09,2015-03-10,-0.008956420420899391,0.008956420420899391,0.9427827319868356,0.0,0.002718910720873824,0.006591376816837143,0.006907047455285256,0.005656570646558989,0.008212735526285738,0.009499983524331726,0.8025799437642595,0.0065092111105578,0.004106367763142869,0.006159551644714304,1.0,1.0,208,100056.16864268857,0.17763212104197043,0.03830302901680853,0.015004166636095996
QQQ,2015,2015-03-09,2015-03-10,-0.0071482014828732066,0.0071482014828732066,0.8530903919659762,0.0,0.0008362349677779601,0.0074328295343134565,0.005700244328349929,0.0063296617698008805,0.007188524602803377,0.008379184140616013,1.033985406604132,0.011634465695581131,0.0035942623014016883,0.005391393452102532,1.0,1.0,187,99317.30328414115,0.24567899907444307,0.14812070624945756,0.014677505866220955
SPY,2015,2015-03-09,2015-03-10,-0.007918957053422049,0.007918957053422049,1.0774954223566633,0.0,0.0029844762722310847,0.005968952544462137,0.006928292407122169,0.005549456526713465,0.006039631100663646,0.007349411319170119,0.9882975375443473,0.00868596155615986,0.003019815550331823,0.004529723325497734,1.0,1.0,375,232810.89976484282,0.2065057365727917,0.08786048832732866,0.01481410250956616
IWM,2015,2015-03-11,2015-03-12,0.006444140560121436,0.006444140560121436,0.6830752963446427,1.0,0.004731465834220128,0.01045905307099751,0.0091478398787368,0.005981194901698239,0.008044375557974411,0.00943401202562312,1.3001696645837753,0.010917762554478072,0.0040221877789872055,0.006033281668480809,1.0,1.0,265,109409.46482427188,0.18613264562035384,0.054164280951548426,0.015532524256231828
SPY,2015,2015-03-11,2015-03-12,0.003716354556654977,0.003716354556654977,0.49766779995703114,1.0,0.0038481821421841866,0.0053583035680771765,0.009148534667293564,0.0061727968399901065,0.005897564276680164,0.0074675407108433555,0.9085621311945163,0.009353981391056587,0.002948782138340082,0.004423173207510123,1.0,1.0,438,234036.08125434374,0.2738118729843521,0.10614027848308484,0.014892882766903355
IWM,2015,2015-03-13,2015-03-16,0.004077970781428908,0.004077970781428908,0.4080717316205935,1.0,0.0026842510533702235,0.01610544426235287,0.010592486267850521,0.0066190489410549065,0.008044375557974411,0.009993269480426592,2.00207513265433,0.0038177338832992014,0.0040221877789872055,0.006033281668480809,0.0,0.0,215,93725.81298268469,0.3258644859927771,0.3047900594380036,0.015089359891184212
QQQ,2015,2015-03-13,2015-03-16,0.00370236408393243,0.00370236408393243,0.42323844350290457,1.0,0.003405871530231419,0.013623486120925546,0.00967409701799911,0.0068630803666860345,0.0074487783403176,0.008747702721166022,1.8289557694563736,0.009552581809973981,0.0037243891701588,0.0055865837552382,1.0,1.0,185,76173.11898410058,0.18038346901325533,0.15524507862655101,0.01653748014920427
SPY,2015,2015-03-13,2015-03-16,0.004275396565048828,0.004275396565048828,0.5316227336458764,1.0,0.0045461257531707044,0.01620153201869783,0.010871728515972645,0.006592714611848706,0.005897564276680164,0.008042162786621438,2.7471564969221394,0.009578615757483977,0.002948782138340082,0.004423173207510123,1.0,1.0,352,188215.0827390522,0.20024225605987167,0.15517029307065625,0.015606905987584864
IWM,2015,2015-03-16,2015-03-17,-0.0029190027163440435,0.0029190027163440435,0.2931195077460988,0.0,0.0017870296451336642,0.0056860090501685825,0.01068273186257865,0.006615459722636914,0.007737220749876239,0.009958404811707362,0.7348903739446149,0.0016290998053718475,0.0038686103749381194,0.005802915562407179,0.0,0.0,202,93691.0968102183,0.1904457911321673,0.17971537397904064,0.013947842646357437
QQQ,2015,2015-03-16,2015-03-17,-0.0027178378109371515,0.0027178378109371515,0.3028724582307503,0.0,0.009174251021576207,0.010592973438263422,0.012142194981802537,0.0072165338754410285,0.0074487783403176,0.008973538983417583,1.4221088283601362,0.0023549358645060803,0.0037243891701588,0.0055865837552382,0.0,0.0,184,86226.0793033009,0.24944426270009462,0.16735706413760576,0.014190388233184855
SPY,2015,2015-03-16,2015-03-17,-0.004266944969965603,0.004266944969965603,0.5032701482394977,0.0,0.009046466336658732,0.013690686174530689,0.012708356149228217,0.007242007464634448,0.006039631100663646,0.008478438438862135,2.2668083441431266,0.003430315627225289,0.003019815550331823,0.004529723325497734,1.0,0.0,346,209435.18615237452,0.1827256533025145,0.14390921356603548,0.01519702023227455
QQQ,2015,2015-03-17,2015-03-18,-0.00271358574037861,0.00271358574037861,0.2955934811921538,0.0,0.004322893230351843,0.008269873349617405,0.007754496125126398,0.007222871825913441,0.007553382937815863,0.009180127144328375,1.0948568896480075,0.005187240008392768,0.0037766914689079316,0.005665037203361897,1.0,0.0,187,90045.25791529274,0.23146198347746821,0.15384537226553688,0.014406116138411697
SPY,2015,2015-03-17,2015-03-18,-0.002740946844664305,0.002740946844664305,0.3197854852739939,0.0,0.0013000350006597827,0.00693342204477322,0.009344480912886118,0.007252709568915653,0.006233815862807347,0.00857120466964236,1.1122275982099368,0.0037266687186989778,0.0031169079314036733,0.00467536189710551,1.0,0.0,370,227425.3280443641,0.18709181755489282,0.13527638223078126,0.015528138436639227
IWM,2015,2015-03-19,2015-03-20,0.003763321506926598,0.003763321506926598,0.3585537994698333,1.0,0.004261810684268896,0.00522677326060419,0.004410424510537044,0.0068035943086678695,0.008198019587870656,0.010495834969511243,0.6375653539956698,0.006381645244597722,0.004099009793935328,0.006148514690902992,1.0,1.0,235,134035.06002977077,0.3040887268758916,0.2560627352914466,0.015829829467315305
QQQ,2015,2015-03-19,2015-03-20,0.005921533852755179,0.005921533852755179,0.5933983836749845,1.0,0.0004628626522524826,0.004720860062933501,0.006977053059225544,0.007478749445951814,0.007955956039463693,0.009979019181148486,0.5933743272985369,0.003219264810442768,0.0039779780197318464,0.00596696702959777,0.0,0.0,212,154105.15258965216,0.292919949643263,0.23673852917560512,0.012671867280525285
IWM,2015,2015-03-24,2015-03-25,-0.002542707180803183,0.002542707180803183,0.25593092416940544,0.0,0.0006360963122367114,0.005168115717845243,0.004583924613886141,0.0070382179505485525,0.007727715502274997,0.009935130696125326,0.6687766541513825,0.02573951296432897,0.0038638577511374986,0.005795786626706248,1.0,1.0,226,78291.81126026038,0.18697084034965925,0.10187262559296054,0.017344498336266417
IWM,2015,2015-03-25,2015-03-26,-0.0031028405244128976,0.0031028405244128976,0.28249819234939555,0.0,0.024376623821798504,0.02565124872154612,0.013638237792628613,0.009445856082470614,0.008044375557974411,0.010983576562413132,3.188718445164829,0.0045252214762243614,0.0040221877789872055,0.006033281668480809,1.0,0.0,264,85844.71905647489,0.22246985710769834,0.07377400355888947,0.016869522497357407
QQQ,2015,2015-03-25,2015-03-26,-0.008249599413377218,0.008249599413377218,0.7538843531896254,0.0,0.02442182633592216,0.025716917840312464,0.010679871673033355,0.008988078805276205,0.008289649613461916,0.010942791660914318,3.1022925020316494,0.003357621654775045,0.004144824806730958,0.006217237210096437,0.0,0.0,224,76498.43819745845,0.1812630901261756,0.09443997664066908,0.016448097595813966
SPY,2015,2015-03-25,2015-03-26,-0.0038879656606044533,0.0038879656606044533,0.3852643552827197,0.0,0.015832078736429,0.017410433166550037,0.006875246587160284,0.008446597001867206,0.00711460270688891,0.010091682781687228,2.4471406041678065,0.00411528324894106,0.003557301353444455,0.005335952030166682,1.0,0.0,424,201120.75880804134,0.23007126730411154,0.12098785476488742,0.014964622980025238
IWM,2015,2015-03-27,2015-03-30,0.005036578020042537,0.005036578020042537,0.44260663651064136,1.0,0.005883324373771481,0.011194662341306501,0.012846955642960445,0.009440445758570205,0.008228118607394037,0.011379354949914867,1.3605373081577408,0.0102650875407031,0.004114059303697019,0.006171088955545528,1.0,1.0,231,89178.89744260025,0.14923964124473815,0.04566246047318408,0.01692813499852543
QQQ,2015,2015-03-27,2015-03-30,0.0060652676213388546,0.0060652676213388546,0.5340150575037903,1.0,0.004187236432667163,0.008089060328412466,0.010162076127958367,0.008935771918330868,0.00859371211597849,0.011357858802129011,0.9412766240298283,0.0062169933114877285,0.004296856057989245,0.006445284086983868,1.0,0.0,188,85480.06345128563,0.32575751096852945,0.14690550809569053,0.016238100733417943
SPY,2015,2015-03-27,2015-03-30,0.0060269767729552726,0.0060269767729552726,0.5788519500281712,1.0,0.0029737268845679843,0.0051187199666750975,0.006353018948358652,0.008475328633811556,0.007603070038181897,0.010411948638441929,0.6732438266344215,0.007875180773306178,0.0038015350190909484,0.005702302528636422,1.0,1.0,357,204376.32835500294,0.2352007232533774,0.1181065817432916,0.014670220000371104
IWM,2015,2015-03-30,2015-03-31,-0.003927209080331062,0.003927209080331062,0.3374716615113895,0.0,0.008486868832875416,0.010426777423208406,0.015276954239341946,0.009785728173883113,0.008228118607394037,0.011637152176697719,1.2672128247930927,0.0030669673021641586,0.004114059303697019,0.006171088955545528,0.0,0.0,223,90439.82046378513,0.18129401111185184,0.10885376658176978,0.016703480455791838
QQQ,2015,2015-03-30,2015-03-31,-0.0028108595738962627,0.0028108595738962627,0.24435077319686446,0.0,0.005369250896396283,0.0062169933114877,0.012788009761062183,0.009098655124096617,0.00859371211597849,0.01150337908540873,0.7234351381085129,0.008146259475585893,0.004296856057989245,0.006445284086983868,1.0,1.0,193,108730.93709567067,0.3067127646949309,0.2284250633240188,0.014054088778120618
SPY,2015,2015-03-30,2015-03-31,-0.004753927938362823,0.004753927938362823,0.44111211228991043,0.0,0.0061358793056152106,0.007971755389619231,0.009908646451695206,0.00884229198794085,0.007941056048489213,0.010777142150289487,1.0038659015806668,0.004361280741531637,0.003970528024244606,0.005955792036366909,1.0,0.0,354,249067.71108795342,0.29780203506071284,0.2371467929812789,0.012989646110103717
IWM,2015,2015-04-02,2015-04-06,-0.005936605332619305,0.005936605332619305,0.5107351980518609,0.0,0.0023319468808622457,0.007799945448234288,0.006450857344673978,0.009659954278097682,0.00932009004609368,0.011623646373431447,0.8368959322987948,0.00024222158021225404,0.00466004502304684,0.0069900675345702604,0.0,0.0,198,71773.90029656401,0.12356861942428024,0.0,0.018326727698478113
QQQ,2015,2015-04-02,2015-04-06,-0.005898047282939078,0.005898047282939078,0.5088776313792436,0.0,0.0002852950914079555,0.006466954781816371,0.00847211338746001,0.009317698988186636,0.009009117694083215,0.011590305643722685,0.717823320930037,0.0015334834936280295,0.0045045588470416075,0.006756838270562411,0.0,0.0,166,71467.3331235917,0.17824806547048375,0.0,0.017686861195497776
SPY,2015,2015-04-02,2015-04-06,-0.005183139466986009,0.005183139466986009,0.47544907826878097,0.0,0.003987974631316504,0.007684086511889122,0.007892264590277346,0.009029103365243542,0.008183517227958095,0.010901565917130405,0.9389711413617213,0.0007796325621849398,0.004091758613979047,0.006137637920968571,0.0,0.0,326,174601.8392764586,0.19544356816924574,0.0,0.014992638327557215
IWM,2015,2015-04-09,2015-04-10,0.0033595089555069624,0.0033595089555069624,0.2886052159287627,1.0,0.002712220529911824,0.01563502476327637,0.0060370866285782455,0.008973546966516532,0.010358936375845815,0.011640499790330192,1.5093272316772732,0.002790166352911072,0.005179468187922908,0.0077692022818843616,0.0,0.0,225,102859.52362420075,0.2931921713226074,0.13442020630850446,0.013293648292721325
IWM,2015,2015-04-14,2015-04-15,0.0038991445874401176,0.0038991445874401176,0.3638541798654053,1.0,0.0005567018929016898,0.010338818783552665,0.004729782502827624,0.008164327112472537,0.009666621691528925,0.010716228652045348,1.0695379537416678,0.007688598312873385,0.004833310845764462,0.0072499662686466935,1.0,1.0,191,87665.42754388934,0.2263200153046431,0.20659369568593136,0.01332439367237904
QQQ,2015,2015-04-14,2015-04-15,0.002612660110859366,0.002612660110859366,0.23771343511921852,1.0,0.001862760291706178,0.010431244462436087,0.0050117232202906955,0.007814694638119431,0.008783603911667319,0.010990797005432443,1.1875813808703506,0.005770151365203757,0.0043918019558336595,0.006587702933750489,1.0,0.0,158,85748.48320451324,0.2338651924071051,0.21455878909313872,0.01280339185914264
SPY,2015,2015-04-14,2015-04-15,0.0026731468991822993,0.0026731468991822993,0.27942096195039545,1.0,0.0030643972752926185,0.0077088846698600165,0.003943152146541484,0.006652177133102597,0.007696485590874569,0.009566737157167375,1.0016110052879392,0.004713116972109965,0.0038482427954372846,0.005772364193155927,1.0,0.0,285,255475.45833399708,0.3688862886009723,0.33415166563481863,0.011049162857838345
QQQ,2015,2015-04-15,2015-04-16,-0.002689106973113975,0.002689106973113975,0.2445015791637195,0.0,0.0036295895832951786,0.0069799908915890345,0.004601070097870256,0.00792551024705137,0.008783603911667319,0.010998321492694063,0.7946613897647942,0.0013966622322882927,0.0043918019558336595,0.006587702933750489,0.0,0.0,187,125644.79670576542,0.32079287955767294,0.2640094034411961,0.013508641883605213
IWM,2015,2015-04-16,2015-04-17,-0.010752692712329925,0.010752692712329925,1.0538848503030174,0.0,7.90870256497378e-05,0.004665108976009425,0.003380350211552378,0.008117201491436814,0.009316568040244702,0.010202910412117858,0.5007325611596021,0.01049913628623722,0.004658284020122351,0.006987426030183527,1.0,1.0,215,123063.61017419049,0.3456610443336732,0.2582677531137376,0.014768544071039185
QQQ,2015,2015-04-16,2015-04-17,-0.009564479115480529,0.009564479115480529,0.9462879203737375,0.0,0.0013017144181861617,0.004463000594319531,0.004179675697818399,0.007620556072282349,0.008403173626165973,0.010107366806186246,0.5311089348936632,0.010516348443943224,0.0042015868130829866,0.00630238021962448,1.0,1.0,182,142550.64938824502,0.36829463286572,0.306686552360022,0.012677331003672472
SPY,2015,2015-04-16,2015-04-17,-0.006797512520664628,0.006797512520664628,0.7797206140704991,0.0,0.0016187989328511065,0.005665868915500614,0.004005426926520515,0.00610771265920004,0.007653941432771151,0.008717882274752871,0.7402550653499389,0.009323259677235463,0.0038269707163855757,0.005740456074578364,1.0,1.0,314,387257.40564798244,0.41649693205177285,0.34400006058277177,0.011387039610195947
IWM,2015,2015-04-17,2015-04-20,0.004982743269801748,0.004982743269801748,0.4532349705830963,1.0,0.005514725273814025,0.013826752868904115,0.008587526594577753,0.008950238307048124,0.009941041677199006,0.01099373083103306,1.3908756564835114,0.007197072167298257,0.004970520838599503,0.007455781257899255,1.0,0.0,174,65019.644942005514,0.2943151944309069,0.049611911977394826,0.018398088288037923
QQQ,2015,2015-04-17,2015-04-20,0.004999516730655129,0.004999516730655129,0.46016253996178047,1.0,0.006094144979950089,0.013125762689071783,0.007857396678854746,0.00835800776193544,0.008783603911667319,0.010864675623249062,1.4943481993349843,0.01173268245971859,0.0043918019558336595,0.006587702933750489,1.0,1.0,140,62846.257757710155,0.17799452663041865,0.06715471077681127,0.01981462598171736
SPY,2015,2015-04-17,2015-04-20,0.005337824605151864,0.005337824605151864,0.5818193854581911,1.0,0.004738228590007276,0.01062506554399839,0.006265289512749843,0.006560820813292174,0.007696485590874569,0.009174367060575424,1.3805087294123082,0.005692157539955556,0.0038482427954372846,0.005772364193155927,1.0,0.0,258,154090.93212278525,0.18661532349632443,0.07315676780457969,0.016277767646325797
IWM,2015,2015-04-20,2015-04-21,0.0031834581856056143,0.0031834581856056143,0.2868997286919441,1.0,0.004798068448448989,0.008956378167571395,0.010102304779002359,0.0090053389060149,0.009941041677199006,0.011096065514317105,0.9009496648740486,0.0015866477064667706,0.004970520838599503,0.007455781257899255,0.0,0.0,199,74943.2176150939,0.10172625771359593,0.04396186799572023,0.018994159284090775
QQQ,2015,2015-04-20,2015-04-21,0.005762107391954485,0.005762107391954485,0.5123592310703944,1.0,0.009949291810445793,0.012108136891702773,0.0113719720400176,0.00902989306445791,0.009264794646513391,0.011246225387442691,1.3068974924618986,0.0017557054080858947,0.004632397323256696,0.006948595984885043,0.0,0.0,168,81166.07837196504,0.1789773414352598,0.09950414529390506,0.016929243777914774
SPY,2015,2015-04-20,2015-04-21,0.003907515089731195,0.003907515089731195,0.4173701003773456,1.0,0.0037788603948512023,0.006170445332427898,0.007695421519928082,0.006823608887263003,0.007696485590874569,0.009362230514831796,0.8017224562524954,0.000901896060462759,0.0038482427954372846,0.005772364193155927,0.0,0.0,321,198208.75588662096,0.24306628731581442,0.0937800994250356,0.014973827728808634
QQQ,2015,2015-04-21,2015-04-22,0.002591141825124099,0.002591141825124099,0.22735539000111385,1.0,0.0014785036065844137,0.004435440320820901,0.011325367607123752,0.009080646294227984,0.009264794646513391,0.011396878803319353,0.47874135262027473,0.004522849452900379,0.004632397323256696,0.006948595984885043,0.0,0.0,162,98984.78716615788,0.17683402869648587,0.10913334084044603,0.015727034227502185
QQQ,2015,2015-04-22,2015-04-23,-0.0034054555120637264,0.0034054555120637264,0.29530313167518396,0.0,0.002861410360597061,0.010983962355830917,0.011251225680625624,0.009121727760512297,0.00980341740919481,0.011532067041569768,1.1204217771579175,0.00018470942796811052,0.004901708704597405,0.007352563056896107,0.0,0.0,209,113778.11129177548,0.2509434101111263,0.14912542864635445,0.013870479279291496
QQQ,2015,2015-04-23,2015-04-24,0.01054466854596292,0.01054466854596292,0.9729487711052534,1.0,0.007203535168916364,0.011913566033157286,0.01115052802453137,0.007312710899921139,0.00980341740919481,0.010837845587681205,1.2152462285226504,0.004355352154260306,0.004901708704597405,0.007352563056896107,0.0,0.0,181,113026.05609780012,0.2267245338852469,0.1316345259200295,0.013849911251010866
IWM,2015,2015-04-24,2015-04-27,0.002780855493594414,0.002780855493594414,0.2675048259742575,1.0,0.003720424395557864,0.006095120968146176,0.005116197006479398,0.006531046228170127,0.009895903421043954,0.010395533925290832,0.6159236513146144,0.005546348012950952,0.004947951710521977,0.007421927565782966,1.0,0.0,200,76661.31782099078,0.09693231039536289,0.037302692066887785,0.019358519305698183
QQQ,2015,2015-04-24,2015-04-27,0.0037090286712422316,0.0037090286712422316,0.3404984726929503,1.0,0.002994300279430595,0.005988600558861288,0.005416109060810916,0.007664688838761413,0.009264794646513391,0.010892937762416646,0.6463824388287949,0.0018928050441060496,0.004632397323256696,0.006948595984885043,0.0,0.0,168,73854.09186812305,0.40338798297012646,0.18128506915009732,0.01397426126940173
SPY,2015,2015-04-24,2015-04-27,0.00321288898738592,0.00321288898738592,0.3651898768219061,1.0,4.7291719983966196e-05,0.004063122911612785,0.0038122747370408043,0.00570576763290862,0.007686907572809359,0.008797858843586633,0.5285770478085536,0.0007064187594352234,0.0038434537864046794,0.005765180679607019,0.0,0.0,293,209358.71841667942,0.17731865255548585,0.09478739401169402,0.014716583257938723
IWM,2015,2015-04-28,2015-04-29,-0.005512962777382335,0.005512962777382335,0.49847638973267416,0.0,0.004978342235620881,0.01702266525612105,0.006802011105029433,0.006406158691281723,0.009895903421043954,0.011059626676278207,1.7201729374118395,0.0067944996032258675,0.004947951710521977,0.007421927565782966,1.0,0.0,184,92702.16231567945,0.20202369531925182,0.040518956097221774,0.016680669776671795
QQQ,2015,2015-04-28,2015-04-29,-0.005543444250058038,0.005543444250058038,0.5020680926205392,0.0,0.002718827554104797,0.013050593521832073,0.006553762830963602,0.007473756496199251,0.010211247061192287,0.011041219969036647,1.2780606955864076,0.006252876369432503,0.0051056235305961435,0.007658435295894215,1.0,0.0,156,113345.36035930931,0.35472846439742667,0.19173117499521272,0.012735322153959994
SPY,2015,2015-04-28,2015-04-29,-0.005060571849526241,0.005060571849526241,0.5739106764870323,0.0,0.003321613979292204,0.010297039538682665,0.0034593075075526935,0.0052704225866887005,0.007699306651794805,0.008817699438007556,1.337398288491639,0.0036736115994748797,0.0038496533258974026,0.005774479988846104,0.0,0.0,284,249337.93708281993,0.20751869006451445,0.11727086318609749,0.013608725501079513
IWM,2015,2015-04-29,2015-04-30,-0.005977427099534749,0.005977427099534749,0.5279383195748938,0.0,0.005382808406640183,0.010203296055320495,0.008006863301046411,0.00683369995734676,0.01020205743574681,0.01132220730699732,1.0001214088022425,0.01989055050259414,0.005101028717873405,0.007651543076810108,1.0,1.0,228,93246.73385014466,0.16720089156474754,0.06396567933761672,0.015374559293854917
QQQ,2015,2015-04-29,2015-04-30,-0.005669822824316051,0.005669822824316051,0.5109065725976591,0.0,0.0007310776828253207,0.012062502888997852,0.007738655858399825,0.007160385073638798,0.010353103305574351,0.011097572684352717,1.1651098741092558,0.015598784199727378,0.005176551652787176,0.007764827479180763,1.0,1.0,220,126167.38583748645,0.16532535760451303,0.07923401347971144,0.01387648099122044
SPY,2015,2015-04-29,2015-04-30,-0.0032768315401340287,0.0032768315401340287,0.37240832010719965,0.0,0.0009507639476808993,0.008033404106302199,0.003742486331443671,0.00492092850211457,0.007699306651794805,0.008799028816517247,1.043393187155302,0.010885318460533533,0.0038496533258974026,0.005774479988846104,1.0,1.0,394,263994.98787854647,0.2929857822634968,0.1320768888950912,0.012957141816755809
IWM,2015,2015-04-30,2015-05-01,0.0028057132945567,0.0028057132945567,0.23421340029013227,1.0,0.015277078585369086,0.022590596736955137,0.009948336357102823,0.008280639086995537,0.01020205743574681,0.01197930302485305,2.214317737302707,0.005266680684026248,0.005101028717873405,0.007651543076810108,1.0,0.0,221,88517.15030427306,0.11907756248775368,0.05571227160334067,0.016739490752434066
QQQ,2015,2015-04-30,2015-05-01,0.0039023117073109237,0.0039023117073109237,0.33778020375558143,1.0,0.010116858912480486,0.019405872760115298,0.010579551746986509,0.008033350221203005,0.010353103305574351,0.01155281352762356,1.8744015381037225,0.009902819663148543,0.005176551652787176,0.007764827479180763,1.0,1.0,196,115826.69084185615,0.27381539433798424,0.1953257004084245,0.0159296250246089
SPY,2015,2015-04-30,2015-05-01,0.004509196739628907,0.004509196739628907,0.4991106497415506,1.0,0.006765762035016998,0.013007484861897348,0.005417114539189142,0.005423767177903384,0.007699306651794805,0.009034463083414185,1.6894358739257567,0.006542552129461088,0.0038496533258974026,0.005774479988846104,1.0,1.0,355,267008.6505925023,0.31853862990955306,0.17698219126258286,0.012209423483224641
QQQ,2015,2015-05-01,2015-05-04,0.0032095228273856247,0.0032095228273856247,0.2692248530306212,1.0,0.009254974287423057,0.01008795869041323,0.0104358840692188,0.008462776649784766,0.010353103305574351,0.011921346752562173,0.9743898416411665,0.004661811052258713,0.005176551652787176,0.007764827479180763,0.0,0.0,176,86726.58824508343,0.1870013111811473,0.05878798349662572,0.015325230453156627
QQQ,2015,2015-05-04,2015-05-05,-0.003936650114077733,0.003936650114077733,0.3453909919047733,0.0,0.0015539137712452522,0.006764218307519968,0.010615478567204304,0.008331458311637133,0.010181460419562922,0.011397662956893487,0.66436621356628,0.013035395772704517,0.005090730209781461,0.007636095314672192,1.0,1.0,174,97233.90798606907,0.20413014812408686,0.07636732428630508,0.01400619717833329
SPY,2015,2015-05-05,2015-05-06,0.0031594240373047366,0.0031594240373047366,0.3507170547966064,1.0,0.010093374852549464,0.012936601441121522,0.009298049512343075,0.006309421949053823,0.007699306651794805,0.009008469916403129,1.6802294058655058,0.0017655808431857878,0.0038496533258974026,0.005774479988846104,0.0,0.0,304,234600.86704286648,0.23816955844307952,0.08111195673469036,0.013070844144119262
IWM,2015,2015-05-07,2015-05-08,0.009857856856567926,0.009857856856567926,0.7880332904147032,1.0,0.004870430660870229,0.013703183675690397,0.007747038275405225,0.008571794368776841,0.010303784226500903,0.012509442147273018,1.3299175695514256,0.002603104970550829,0.0051518921132504515,0.007727838169875677,0.0,0.0,224,123791.33506694388,0.19605293124717108,0.05207214961973822,0.014167844638229574
QQQ,2015,2015-05-07,2015-05-08,0.010340015147919601,0.010340015147919601,0.8463535290869982,1.0,0.006280447759923868,0.009842548263536794,0.011452643293138219,0.009205403882413483,0.010353103305574351,0.012217134793629167,0.9506857966188107,0.004241186505214545,0.005176551652787176,0.007764827479180763,0.0,0.0,205,113879.10336431467,0.1760036063456607,0.09047706112734075,0.016517613523045586
SPY,2015,2015-05-07,2015-05-08,0.009623257588995848,0.009623257588995848,1.0247445919844684,1.0,0.0045690503876893995,0.0089457513790483,0.008496530107286284,0.006331174496691914,0.007871144388081107,0.00939088399613794,1.136524873383649,0.004647172348481554,0.003935572194040554,0.005903358291060831,1.0,0.0,393,285551.0630743229,0.2532544982188932,0.11343278836623523,0.012184423643471155
IWM,2015,2015-05-11,2015-05-12,-0.002933751226774417,0.002933751226774417,0.22565907332551652,0.0,0.000897231743235194,0.00995107043953714,0.007806510415585619,0.008691316001861342,0.010303784226500903,0.013000812170058138,0.9657685196807017,0.01224452464555692,0.0051518921132504515,0.007727838169875677,1.0,1.0,185,116997.97145895228,0.18822356538596638,0.17651412023777288,0.013278801656462532
QQQ,2015,2015-05-11,2015-05-12,-0.005911142601752517,0.005911142601752517,0.4729537264252746,0.0,0.004505383261672713,0.007263708164861981,0.011236397070350537,0.009609235368548758,0.010353103305574351,0.012498352949728711,0.7015971878645344,0.007771481066886521,0.005176551652787176,0.007764827479180763,1.0,1.0,172,113347.30622472854,0.27107143850808574,0.23586192792877925,0.013834122781587493
SPY,2015,2015-05-11,2015-05-12,-0.0047481126114713446,0.0047481126114713446,0.4862564423693326,0.0,0.0045375368938567195,0.006475374910244542,0.00946183843494729,0.006899729564394961,0.007871144388081107,0.00976462664090515,0.8226726116280992,0.004745496674985361,0.003935572194040554,0.005903358291060831,1.0,0.0,313,253344.64233423464,0.34371449522531816,0.29531751930604716,0.011740155992531542
QQQ,2015,2015-05-12,2015-05-13,0.004360746205476884,0.004360746205476884,0.34380193283697136,1.0,0.0013936776893688219,0.014215356483698947,0.008254952981321092,0.009645793071203458,0.010629462252271765,0.012683890894658587,1.3373542467457178,0.005173187608256358,0.005314731126135883,0.007972096689203824,0.0,0.0,161,111145.1431878075,0.23333082078542305,0.19595400483980926,0.014161676551564844
IWM,2015,2015-05-13,2015-05-14,0.004816752204872543,0.004816752204872543,0.3640219164171084,1.0,0.0021994482548257643,0.009856623194987271,0.0036614590683860613,0.008478246642299375,0.010303784226500903,0.013232039027434129,0.956602251980049,0.006337331554215675,0.0051518921132504515,0.007727838169875677,1.0,0.0,245,134996.84960808224,0.44652662608770716,0.4107863958198172,0.012250068316797496
QQQ,2015,2015-05-13,2015-05-14,0.008148122716832962,0.008148122716832962,0.6394786582779619,1.0,0.002309468822170868,0.008960750306726328,0.007105142218308436,0.009555223992621415,0.010629462252271765,0.012741821187238466,0.8430106899162473,0.007255702934016561,0.005314731126135883,0.007972096689203824,1.0,0.0,206,122900.79555947092,0.3389176280474666,0.28807860816085984,0.012517620257082997
SPY,2015,2015-05-13,2015-05-14,0.005808976268376842,0.005808976268376842,0.5903861465325666,1.0,0.002138057422113593,0.0070318606877714076,0.0071179688607997255,0.006853962417568107,0.00848957774267525,0.009839282819378299,0.8282933381272644,0.005112676590465437,0.004244788871337625,0.006367183307006437,1.0,0.0,382,291649.35729934135,0.448584293556276,0.37629745210970966,0.010055308946549543
QQQ,2015,2015-05-14,2015-05-15,0.0025551996223596163,0.0025551996223596163,0.19222985013284608,1.0,0.006429138457888284,0.01092941625670699,0.008988851428019978,0.01007925592329575,0.010956689306268953,0.013292418532261097,0.9975108311644505,0.0013653879942248093,0.005478344653134477,0.008217516979701715,0.0,0.0,200,139904.62010193142,0.34420641451732187,0.31365316781138136,0.009927973923116227
IWM,2015,2015-05-22,2015-05-26,-0.003937939906515808,0.003937939906515808,0.3031440543063802,0.0,0.00264509318214301,0.009939065746532512,0.006026129136852336,0.008220441846687158,0.010303784226500903,0.012990325393404648,0.9646034435551988,0.011589992142072125,0.0051518921132504515,0.007727838169875677,1.0,1.0,200,95583.29089586294,0.24425098730942146,0.08326194532822627,0.018938062842039447
SPY,2015,2015-05-22,2015-05-26,-0.0027701374781110566,0.0027701374781110566,0.32010735884972946,0.0,0.00023464041749954312,0.0029571425266489847,0.0024028209291450373,0.006372655579077893,0.006853375016871674,0.008653776308252458,0.43148704388262366,0.01046620827869904,0.003426687508435837,0.005140031262653756,1.0,1.0,296,231538.94969443395,0.30248978778956487,0.16087666624332156,0.01432460081743596
QQQ,2015,2015-05-26,2015-05-27,0.00302199487433219,0.00302199487433219,0.25725832970085893,1.0,0.009344156557413497,0.014696498846523898,0.0061143809794044855,0.00859208766081207,0.009965253476975012,0.011746927214548031,1.4747742122647012,0.014151402072787977,0.004982626738487506,0.007473940107731259,1.0,1.0,172,79713.6501486257,0.18146228395012975,0.10535193150985164,0.016168587359792888
SPY,2015,2015-05-26,2015-05-27,0.002610360985875637,0.002610360985875637,0.29494157211324434,1.0,0.008003752340363546,0.012758977362249554,0.005124228769074784,0.00677518256223497,0.006853375016871674,0.008850434230659676,1.8617071633814635,0.008189328887758807,0.003426687508435837,0.005140031262653756,1.0,1.0,284,230447.75678241934,0.2796931598818357,0.11695476804523844,0.014068034997768299
IWM,2015,2015-05-29,2015-06-01,0.006457365854379393,0.006457365854379393,0.5524327134153488,1.0,0.005778037213518106,0.01131533308083656,0.008406669472066981,0.006586513168645075,0.010303784226500903,0.011688963556226614,1.0981725579747676,0.0016841693829570126,0.0051518921132504515,0.007727838169875677,0.0,0.0,192,89939.82076678266,0.2384969430456193,0.11723880748776219,0.018071464297056274
QQQ,2015,2015-05-29,2015-06-01,0.005361166029347109,0.005361166029347109,0.4852666769031893,1.0,0.005332577197626254,0.009038322537206746,0.010360094891185523,0.008553296711505797,0.009390767978663523,0.011047875909304733,0.9624689437266943,0.0007230823526394037,0.0046953839893317615,0.007043075983997642,0.0,0.0,178,66302.53660099025,0.25992731567939387,0.0950433118620567,0.01615646974774193
SPY,2015,2015-05-29,2015-06-01,0.0037889696602748657,0.0037889696602748657,0.45222008577789097,1.0,0.005838616934999541,0.007580682336130754,0.007535362489608297,0.006751080682569791,0.006575132128108241,0.008378596571528289,1.1529323195991537,0.001887297781809627,0.0032875660640541205,0.004931349096081181,0.0,0.0,297,211227.71459521336,0.1670714780554393,0.0583438409667949,0.014771088540902835
IWM,2015,2015-06-01,2015-06-02,-0.003862212200303139,0.003862212200303139,0.3237963651668981,0.0,0.00328818392879604,0.014997214772377395,0.0084890703326281,0.006483587033691575,0.010818264318060267,0.011927904744429094,1.3862865919573335,0.0025915102536822054,0.005409132159030133,0.0081136982385452,0.0,0.0,207,106085.8729941698,0.23753324374593865,0.12268221400265794,0.01688814910383114
QQQ,2015,2015-06-01,2015-06-02,-0.0037130595862494564,0.0037130595862494564,0.34061967092558443,0.0,0.001988441991293999,0.010846028418805217,0.010533757951815456,0.008094763029806816,0.009390767978663523,0.010900895935222287,1.1549671383052107,0.00493286662561232,0.0046953839893317615,0.007043075983997642,1.0,0.0,210,79808.7855550973,0.2135411649494132,0.08325624940639251,0.015301347088306246
SPY,2015,2015-06-01,2015-06-02,-0.0025996267557667485,0.0025996267557667485,0.31580115006142895,0.0,0.0017457540479636213,0.008115510054212833,0.0077637734595132415,0.006325938548331147,0.006575132128108241,0.008231847019116539,1.2342733037286935,0.003566842558428762,0.0032875660640541205,0.004931349096081181,1.0,0.0,370,259551.27504844125,0.16608353088769776,0.05431427211429101,0.015522002647398532
QQQ,2015,2015-06-02,2015-06-03,0.004542563835616242,0.004542563835616242,0.4121064754888513,1.0,0.000545382760009927,0.010362688551143955,0.00878386910653253,0.00813523511309716,0.009792880841828548,0.011022791695344598,1.05818591265622,0.0021705513650351893,0.004896440420914274,0.007344660631371411,0.0,0.0,251,89067.4124414979,0.24686355241434574,0.10459260097027745,0.014487880504709396
SPY,2015,2015-06-02,2015-06-03,0.0030280061875487263,0.0030280061875487263,0.36146104053114997,1.0,0.0016112042982030506,0.009098654772399135,0.00576773094690968,0.006300228158637552,0.006853375016871674,0.008377130168991971,1.3276166487314673,0.003160368721440099,0.003426687508435837,0.005140031262653756,0.0,0.0,428,286099.2204950381,0.1838673675563904,0.06776773817509811,0.014738344041757626
IWM,2015,2015-06-03,2015-06-04,-0.005407127016737512,0.005407127016737512,0.4629680422861742,0.0,0.00801538941068669,0.012103255132856094,0.005842639744185733,0.005910563614600731,0.010818264318060267,0.011679266218974154,1.1187797577334688,0.008059316451023202,0.005409132159030133,0.0081136982385452,1.0,0.0,266,105938.37753866745,0.11228410275473329,0.045009048392777154,0.019086699229051197
QQQ,2015,2015-06-03,2015-06-04,-0.005615966829825569,0.005615966829825569,0.5337733377677624,0.0,0.0015374710085421794,0.006149953034752627,0.004059139985599878,0.007131403974838115,0.009390767978663523,0.010521257680856665,0.654893513366079,0.005219299511057818,0.0046953839893317615,0.007043075983997642,1.0,0.0,241,95916.6231680596,0.2450351733179797,0.12165251766360703,0.013507984634857282
SPY,2015,2015-06-03,2015-06-04,-0.0040109043604696915,0.0040109043604696915,0.49836156171310797,0.0,0.00037736712761649027,0.006320737442880307,0.003513033938590919,0.0057091715294895215,0.006575132128108241,0.008048181618747416,0.961309570625902,0.006293241116656745,0.0032875660640541205,0.004931349096081181,1.0,1.0,419,308445.53721657937,0.20626668726220562,0.09170093180873357,0.01404575612861169
IWM,2015,2015-06-09,2015-06-10,0.003937623386018885,0.003937623386018885,0.33170477784174135,1.0,0.0021649959509945083,0.010905305270913861,0.008402643183902485,0.006628375235450914,0.011385663132605577,0.011870867256236968,0.9578102868408169,0.012406972288253382,0.005692831566302788,0.008539247349454182,1.0,1.0,219,129853.06779504883,0.3124536919280335,0.08590218675836919,0.016426881919153525
QQQ,2015,2015-06-09,2015-06-10,0.0034255634651394473,0.0034255634651394473,0.3337825075611925,1.0,0.0007412381249742861,0.011118359809540115,0.00518906424343463,0.006956318258971872,0.01005295098563213,0.010262860957479737,1.10597970938391,0.013194319444685965,0.005026475492816065,0.007539713239224097,1.0,1.0,199,88581.05960312122,0.24525860675091704,0.11559558050541924,0.016030292842383335
SPY,2015,2015-06-09,2015-06-10,0.004413519704554059,0.004413519704554059,0.5984689939394986,1.0,0.0,0.006764229708573595,0.004500802214562843,0.005171434606090396,0.006792742450961278,0.007374683984046527,0.9958024696809095,0.009743557302850592,0.003396371225480639,0.005094556838220958,1.0,1.0,349,287771.9642543994,0.18032979980161076,0.08139095254218487,0.014464458368072702
QQQ,2015,2015-06-10,2015-06-11,0.0033793291971966344,0.0033793291971966344,0.3252623687801281,1.0,0.01024174790995902,0.014301489773422183,0.009274497158277455,0.007517083089824093,0.01005295098563213,0.010389548627683407,1.4226160849547707,0.0026397316030963847,0.005026475492816065,0.007539713239224097,0.0,0.0,236,111087.6535136997,0.39097013987194246,0.15505130445878335,0.012784441423493642
SPY,2015,2015-06-10,2015-06-11,0.002512437956692315,0.002512437956692315,0.33025801318050046,1.0,0.0075464577919597264,0.010077855755647144,0.007936916638635685,0.005834821302481436,0.006792742450961278,0.007607500367656962,1.4836210600360642,0.002884436460540929,0.003396371225480639,0.005094556838220958,0.0,0.0,431,319281.11869789404,0.4105159749163428,0.19526189085973858,0.012520206979584232
IWM,2015,2015-06-11,2015-06-12,-0.0030876367444114816,0.0030876367444114816,0.26591562360363663,0.0,0.0011096091914100104,0.004993241361344747,0.007108896258852317,0.007089097361257097,0.011385663132605577,0.011611340103181721,0.43855516391007593,0.00390654438792426,0.005692831566302788,0.008539247349454182,0.0,0.0,274,133963.16181507424,0.1989395318354928,0.05128090162166669,0.01566305732557378
QQQ,2015,2015-06-11,2015-06-12,-0.005289574309014444,0.005289574309014444,0.5172255968507536,0.0,0.001911515413307474,0.00628074310552329,0.008678090443802664,0.007513218450824909,0.01005295098563213,0.010226822379289091,0.6247661124081724,0.004327819772622865,0.005026475492816065,0.007539713239224097,0.0,0.0,240,120659.7078785579,0.3280117247097049,0.1641329950746332,0.011593031404461863
SPY,2015,2015-06-11,2015-06-12,-0.004678001560847966,0.004678001560847966,0.6216371380469788,0.0,0.0007093302359750808,0.0042084329848155995,0.006793506571601669,0.005872579706042517,0.006719559527272767,0.0075252929314117605,0.6262959599858854,0.004578437368373933,0.0033597797636363835,0.005039669645454575,1.0,0.0,412,336487.3442604773,0.2985849442691377,0.171536599568462,0.011595793315173753
IWM,2015,2015-06-12,2015-06-15,-0.006511551598801346,0.006511551598801346,0.5719850187176558,0.0,7.943246804242854e-05,0.0057179259146518426,0.007028161584097674,0.006822941573704944,0.01111031917587521,0.011384129628778947,0.5146500135718572,0.009440036678218133,0.005555159587937605,0.008332739381906408,1.0,1.0,223,109878.28978107253,0.17985494641176142,0.1372081376693263,0.016250788968931677
QQQ,2015,2015-06-12,2015-06-15,-0.0074482534123563315,0.0074482534123563315,0.7498891451563453,0.0,0.002933892873563493,0.006417938751217734,0.009466175999157845,0.007017449012260695,0.009714909209521743,0.009932472633409618,0.6606277642746683,0.005870887122781943,0.004857454604760871,0.0072861819071413075,1.0,0.0,212,84500.83332382739,0.18927433209263247,0.1526473629373796,0.014542041889821403
SPY,2015,2015-06-12,2015-06-15,-0.006523475801257228,0.006523475801257228,0.8769953948888798,0.0,0.002990908111650259,0.00854540000462168,0.007911144634563017,0.005634361010854599,0.006792742450961278,0.007438437920285532,1.258019138266073,0.004090697969007406,0.003396371225480639,0.005094556838220958,1.0,0.0,366,223364.220927886,0.3226678196211848,0.24890136263030452,0.015051789178055778
IWM,2015,2015-06-16,2015-06-17,0.0025312426788408615,0.0025312426788408615,0.21904162665911964,1.0,0.008294791340801355,0.010607767269020501,0.006716353609948439,0.0065872775032376615,0.01111031917587521,0.011555989231124874,0.9547671044459332,0.0017358468077268707,0.005555159587937605,0.008332739381906408,0.0,0.0,215,106878.86864763597,0.30582440249422554,0.1778253345623972,0.014955173991668472
IWM,2015,2015-06-17,2015-06-18,0.00467397862790464,0.00467397862790464,0.40114284332602773,1.0,0.004023942839135319,0.007811250437558486,0.004397801561707758,0.00658956046567949,0.01111031917587521,0.011651656525019635,0.7030626495879366,0.011197017834386536,0.005555159587937605,0.008332739381906408,1.0,1.0,259,160450.30018861569,0.17137201161734564,0.10452593102106213,0.016028097311745246
QQQ,2015,2015-06-17,2015-06-18,0.0036663751739078876,0.0036663751739078876,0.3502614565435369,1.0,0.0011010746328801169,0.009359484415922542,0.005679798462190599,0.0071716779450295655,0.009828062475405595,0.010467538193007438,0.9523224378502219,0.012602714643086488,0.004914031237702798,0.0073710468565541965,1.0,1.0,214,132923.95026512886,0.2532781902675506,0.20632262365734805,0.012707850972209464
SPY,2015,2015-06-17,2015-06-18,0.003418971618898148,0.003418971618898148,0.4196183467354905,1.0,0.0,0.009307216619740884,0.0054577225381613895,0.005811926716722929,0.0077112854965982,0.008147812519392346,1.2069604508673322,0.009606733248548549,0.0038556427482991,0.0057834641224486505,1.0,1.0,365,365227.13746970205,0.3366520795316888,0.2513372900170746,0.012804790107008709
SPY,2015,2015-06-18,2015-06-19,-0.006203553308592791,0.006203553308592791,0.7298029154933325,0.0,0.006956609898665533,0.012824719541850719,0.007268674432391299,0.006306677030639617,0.007878992810117677,0.00850031313508704,1.6277105273382237,0.005229160012949263,0.003939496405058839,0.0059092446075882585,1.0,0.0,398,437997.54411515617,0.3243554671146212,0.2470520573483537,0.012345667962552117
IWM,2015,2015-06-19,2015-06-22,0.004379771280467404,0.004379771280467404,0.3704566179128302,1.0,0.00031294723535313373,0.004381201606362994,0.006983527922041806,0.0071774004144310065,0.011571590341885336,0.011822629340901612,0.3786170679154179,0.0032705043991105853,0.005785795170942668,0.008678692756414003,0.0,0.0,205,86357.5801354103,0.15960540361667194,0.04359259992907599,0.01617801456474457
QQQ,2015,2015-06-19,2015-06-22,0.0073709851951282435,0.0073709851951282435,0.6933776290434416,1.0,0.0054303419831799316,0.006968995269692439,0.008720487764525631,0.007998641990415858,0.009799758264807036,0.010630549481812652,0.7111395078712855,0.0029810464331718745,0.004899879132403518,0.007349818698605277,0.0,0.0,175,59541.94603070647,0.2616831518226492,0.06424604667111426,0.015616882916207135
SPY,2015,2015-06-19,2015-06-22,0.005217997800174956,0.005217997800174956,0.5944586812803839,1.0,0.0030739105960257973,0.005627553218687247,0.007769907153365,0.00659116701688187,0.007878992810117677,0.008777729999562108,0.7142477921112859,0.0032088748243594978,0.003939496405058839,0.0059092446075882585,0.0,0.0,309,204918.4269992634,0.2026267904765861,0.05148183778381569,0.01607301685560131
IWM,2015,2015-06-24,2015-06-25,0.0033615379981666305,0.0033615379981666305,0.3084741708995803,1.0,0.006523736981411843,0.0106399720800648,0.008161435445100562,0.00663480611870687,0.01077263867548933,0.010897307830874874,0.9876848561043468,0.0005453218706763518,0.005386319337744665,0.008079479006616997,0.0,0.0,291,127861.86236567127,0.22816479063811293,0.1293932504700438,0.014073579912789942
QQQ,2015,2015-06-24,2015-06-25,0.0039012910580062954,0.0039012910580062954,0.3913001439371411,1.0,0.003976165071797433,0.008494440456390284,0.009007246943926264,0.006896905781411742,0.009198903476564643,0.009970073148332405,0.9234188050815983,0.0009941311236749684,0.004599451738282322,0.006899177607423482,0.0,0.0,255,107392.19332038367,0.3138402908537183,0.1992854998565047,0.012997287977618177
SPY,2015,2015-06-24,2015-06-25,0.00285038528986048,0.00285038528986048,0.3368247355580843,1.0,0.005762333334918934,0.008029458428304376,0.008266538129982725,0.006052345159116839,0.0077112854965982,0.008462517710101314,1.041260686282013,0.0007105347804245987,0.0038556427482991,0.0057834641224486505,0.0,0.0,453,324391.44074650074,0.2757909714935779,0.15337827451826133,0.014514192399648055
IWM,2015,2015-06-26,2015-06-29,-0.006823550953584556,0.006823550953584556,0.6208504179377421,0.0,0.004683888172735684,0.011865703127587056,0.005688345018401365,0.006477983656588814,0.01077263867548933,0.010990652106267587,1.101466732991309,0.020304541380013585,0.005386319337744665,0.008079479006616997,1.0,1.0,229,117613.48488167304,0.39292193494934796,0.26751998135255345,0.014508235856651633
QQQ,2015,2015-06-26,2015-06-29,-0.011073479652654816,0.011073479652654816,1.0772705363816268,0.0,0.006455780070881656,0.012456834922397377,0.005550473823348772,0.006924098384139356,0.009523044707422863,0.010279200329611538,1.3080727125735043,0.013315811863021665,0.0047615223537114315,0.007142283530567147,1.0,1.0,198,72258.93492648468,0.15226705293568185,0.07843784022232532,0.01498058506419746
SPY,2015,2015-06-26,2015-06-29,-0.008435822184134634,0.008435822184134634,0.9907130039833351,0.0,0.0022349421128877722,0.006752571279096387,0.004594205059736613,0.005932416242983238,0.0077112854965982,0.008514900026765505,0.8756738785090054,0.013246974121887689,0.0038556427482991,0.0057834641224486505,1.0,1.0,347,259850.2626638135,0.2254069572127663,0.11728300959838928,0.015153820794407318
IWM,2015,2015-06-29,2015-06-30,0.0072417246115135114,0.0072417246115135114,0.6261563955385374,1.0,0.018557991985249433,0.023375180831355192,0.010930507558772538,0.008788910020978539,0.01077263867548933,0.01156536076787195,2.169865855107538,0.0011183846405746767,0.005386319337744665,0.008079479006616997,0.0,0.0,220,126916.01551015044,0.14343340300379445,0.09809671875720664,0.017768466531088493
QQQ,2015,2015-06-29,2015-06-30,0.0074983166562643255,0.0074983166562643255,0.6855646837138965,1.0,0.0126780968734026,0.018693358486942622,0.009553694570221857,0.008592435611518809,0.009523044707422863,0.010937431338562889,1.9629602780686135,0.0021397652014572,0.0047615223537114315,0.007142283530567147,0.0,0.0,192,59672.54680292049,0.1892045165367294,0.12984196907827672,0.017646599959393525
SPY,2015,2015-06-29,2015-06-30,0.0089572405524867,0.0089572405524867,0.9757412012237328,1.0,0.012641215305140951,0.021629415688499215,0.008847281421349818,0.007483890461033587,0.0077112854965982,0.009179934742176423,2.804904019964108,0.0002895533097238001,0.0038556427482991,0.0057834641224486505,0.0,0.0,346,256591.19731740348,0.2766108234952377,0.1866293558370757,0.014719436941490485
IWM,2015,2015-06-30,2015-07-01,0.007288130932776804,0.007288130932776804,0.6479759683875587,1.0,0.0025563164566551055,0.008228141690252799,0.011509015675444803,0.008841077929687855,0.01062386967454265,0.011247532760995427,0.7744957291757266,0.0031009543567834807,0.005311934837271325,0.007967902255906987,0.0,0.0,200,106776.2864999057,0.12988394237912307,0.03274928322172024,0.01898507501197888
QQQ,2015,2015-06-30,2015-07-01,0.00990004260404409,0.00990004260404409,0.9079336750401921,1.0,0.003907323260696427,0.009117158586007496,0.010195822209616496,0.008662624812501542,0.00923832150096502,0.0109039270997475,0.9868847479550406,0.002034599336828924,0.00461916075048251,0.006928741125723765,0.0,0.0,161,60295.981238850145,0.1439984866657881,0.05886548049428788,0.01746190409137971
SPY,2015,2015-06-30,2015-07-01,0.009132813059417932,0.009132813059417932,0.9902504631070278,1.0,0.006802993538021163,0.009842751128967103,0.009132889668588414,0.007525451306314556,0.0077112854965982,0.009222730409802236,1.2764086005257087,0.0014441970727776532,0.0038556427482991,0.0057834641224486505,0.0,0.0,302,212298.12095036218,0.25626912357990994,0.08016163228528816,0.015952514700568285
IWM,2015,2015-07-01,2015-07-02,-0.003353875166342779,0.003353875166342779,0.29209475448958744,0.0,0.0042934984538904875,0.016697194558058348,0.012131822791511045,0.008567766358422317,0.01062386967454265,0.011482147881099103,1.5716678639299244,0.01167216324838427,0.005311934837271325,0.007967902255906987,1.0,1.0,229,125065.83792799135,0.16584200394306042,0.08140794935811588,0.017326446656401467
QQQ,2015,2015-07-01,2015-07-02,0.0028725462680510017,0.0028725462680510017,0.2572694233761252,1.0,0.0019420983058058283,0.008600761387205011,0.012198021010621073,0.00886116397350768,0.00923832150096502,0.011165517574357717,0.930987451162702,0.0008315285512263682,0.00461916075048251,0.006928741125723765,0.0,0.0,200,78648.06604280483,0.23360917967950168,0.14422337047857078,0.014606091261665878
SPY,2015,2015-07-01,2015-07-02,0.002747023249247027,0.002747023249247027,0.2911448292597878,1.0,0.0011071859253332095,0.00707649954718718,0.010931015883116511,0.007765239747631321,0.0077112854965982,0.00943524656175798,0.9176809171841643,0.0009612002749177506,0.0038556427482991,0.0057834641224486505,0.0,0.0,389,258678.46691850922,0.257065304422038,0.13917750136608875,0.014210614371761885
IWM,2015,2015-07-02,2015-07-06,-0.0067862041216235625,0.0067862041216235625,0.5872022615533519,0.0,0.00825253424761363,0.012739334740746065,0.012307395911974682,0.00866857484095658,0.01062386967454265,0.011556842617860018,1.1991237779650648,0.0009770619351914256,0.005311934837271325,0.007967902255906987,0.0,0.0,189,99024.31745723834,0.08990581452490036,0.0,0.01953168146832285
QQQ,2015,2015-07-02,2015-07-06,-0.006299215603515207,0.006299215603515207,0.5771341373215182,0.0,0.0025871421972331055,0.006467679262040263,0.012339912549273064,0.008730698956381861,0.008860153383212553,0.010914647386394248,0.7299737354767084,0.0021486895139375406,0.004430076691606276,0.006645115037409414,0.0,0.0,161,56290.0082326523,0.15938488906739082,0.0,0.01723178128005675
SPY,2015,2015-07-02,2015-07-06,-0.0074284564385157514,0.0074284564385157514,0.8009056851830986,0.0,0.0036526637135199103,0.0070169013431723316,0.01096149047516724,0.007566443765949403,0.007348695419634885,0.009275070181100662,0.9548499349182391,0.0011677394764244564,0.0036743477098174424,0.0055115215647261635,0.0,0.0,317,197991.04476818998,0.1613464509515082,0.0,0.017009789209169898
IWM,2015,2015-07-07,2015-07-08,-0.008718067691354858,0.008718067691354858,0.7306869142547093,0.0,0.0,0.019857920075993404,0.006403916499208335,0.008442999708419798,0.01077263867548933,0.011931331355847763,1.8433663909266305,0.012533016884564985,0.005386319337744665,0.008079479006616997,1.0,1.0,196,126678.86388333833,0.10969658016412683,0.037467199122858785,0.018021069146837553
QQQ,2015,2015-07-07,2015-07-08,-0.007131650122768507,0.007131650122768507,0.6233119771232709,0.0,0.0013912217242020297,0.020775346597195918,0.0038334312919716344,0.008463446278491805,0.008860153383212553,0.011441541931670756,2.3448066527334883,0.012371305752616912,0.004430076691606276,0.006645115037409414,1.0,1.0,164,81795.18699881551,0.26284089714244524,0.12674456311341697,0.014743275397636785
SPY,2015,2015-07-07,2015-07-08,-0.007691597301478614,0.007691597301478614,0.7655756806547749,0.0,0.0051217506967868864,0.019617304923104803,0.004614734787730454,0.007618973774918864,0.007878992810117677,0.010046815090704308,2.489823940175903,0.010624226041347828,0.003939496405058839,0.0059092446075882585,1.0,1.0,321,268045.80215378635,0.23055683945040228,0.0820800353840526,0.01529943747227158
IWM,2015,2015-07-08,2015-07-09,0.011148459989894555,0.011148459989894555,0.8964704085565576,1.0,0.006596133288749861,0.016856674620372398,0.008225136033259953,0.009067131047795681,0.011233909841499454,0.012435948675478458,1.5005171715106485,0.001459264753971956,0.005616954920749727,0.00842543238112459,0.0,0.0,245,123833.48405079213,0.15765978742069503,0.04376167430646533,0.018793465668492347
QQQ,2015,2015-07-08,2015-07-09,0.013290637296457186,0.013290637296457186,1.1215546630946156,1.0,0.010354483600288567,0.013432858977612708,0.009509476517872156,0.009310033676425408,0.008860153383212553,0.01185019128696358,1.5160977916098066,0.0009302183639170458,0.004430076691606276,0.006645115037409414,0.0,0.0,206,73791.50218489961,0.15757193784381524,0.07234619767304502,0.016871573214558885
SPY,2015,2015-07-08,2015-07-09,0.012272011547530548,0.012272011547530548,1.1561209704943138,1.0,0.009156086650584871,0.012159647946424367,0.009828995171023994,0.008484648884594676,0.00799288217371296,0.01061481614876642,1.5213095454372005,0.001497357164972346,0.00399644108685648,0.00599466163028472,0.0,0.0,404,283984.49015358364,0.21941521009069434,0.0836929132210169,0.016409102038794615
IWM,2015,2015-07-09,2015-07-10,0.011516752668465413,0.011516752668465413,0.9403368336855361,1.0,0.007458436808479796,0.010214853277803793,0.008376957980279043,0.008581195135987211,0.01062386967454265,0.01224747585748279,0.9615002433888136,0.00403746781965153,0.005311934837271325,0.007967902255906987,0.0,0.0,241,132351.25673743236,0.2769733565331783,0.10136665569977647,0.01720086878918558
QQQ,2015,2015-07-09,2015-07-10,0.013298157864212845,0.013298157864212845,1.130642975019635,1.0,0.0136744299600291,0.014697691451671512,0.007967467482566108,0.008659779888901062,0.008860153383212553,0.011761588899433004,1.6588529358328512,0.005677593042537676,0.004430076691606276,0.006645115037409414,1.0,0.0,202,83693.95978004692,0.24405585797510226,0.14194333832833136,0.01576564554820108
SPY,2015,2015-07-09,2015-07-10,0.011664223820601283,0.011664223820601283,1.1010009762614865,1.0,0.010336164311457119,0.012461369371709169,0.008693074932222657,0.007958505608989563,0.00799288217371296,0.010594199344134862,1.559058309741159,0.003328681864800842,0.00399644108685648,0.00599466163028472,0.0,0.0,395,301331.7366776157,0.25152551503134474,0.11876349115506547,0.015427748764884772
IWM,2015,2015-07-10,2015-07-13,0.0051558801563642565,0.0051558801563642565,0.4035126558784633,1.0,0.002341738728222298,0.00791340242666996,0.01046558368718126,0.009207311494599791,0.01062386967454265,0.01277749305071906,0.744870058565607,0.006972852207978164,0.005311934837271325,0.007967902255906987,1.0,0.0,198,116706.12301129749,0.17483716458253287,0.16427774211136192,0.01750876409769356
QQQ,2015,2015-07-10,2015-07-13,0.0086391109335211,0.0086391109335211,0.6967556991852215,1.0,0.001954570734370442,0.009307520265046183,0.011697621047514336,0.009431038099891311,0.00921233942552684,0.012399053130994955,1.010331885867731,0.009670246865504994,0.00460616971276342,0.0069092545691451296,1.0,1.0,176,68282.83866835188,0.1741568192198311,0.13870516304006295,0.016806015842083414
SPY,2015,2015-07-10,2015-07-13,0.007277857127045317,0.007277857127045317,0.657108449713954,1.0,0.0009166020915634121,0.014617197536952085,0.011076048122536725,0.008503431224777697,0.008287429216463027,0.011075579883675888,1.763779473122369,0.0043542197205697075,0.0041437146082315135,0.00621557191234727,1.0,0.0,328,229400.4240991379,0.17495761098886498,0.14453707455488937,0.015552862488902395
IWM,2015,2015-07-15,2015-07-16,0.004380400306245313,0.004380400306245313,0.34668966344993274,1.0,0.005937772262659458,0.009579659070976384,0.007477162826336319,0.009569079530529483,0.00989725617439009,0.012634931952270074,0.967910590792273,0.004995616924660107,0.004948628087195045,0.007422942130792567,1.0,0.0,228,132062.3253173432,0.3916199462744655,0.35710273105574486,0.012727446418390076
QQQ,2015,2015-07-15,2015-07-16,0.008244280528655334,0.008244280528655334,0.6569534325131752,1.0,0.000814736727533294,0.006698631805852181,0.008177553978229994,0.010063967714659247,0.00921233942552684,0.01254926166854299,0.7271368863473131,0.006020290802709827,0.00460616971276342,0.0069092545691451296,1.0,0.0,189,89095.04069598776,0.37943706445256187,0.3285425775930354,0.011787025208985781
SPY,2015,2015-07-15,2015-07-16,0.0059825958082924124,0.0059825958082924124,0.5484721169240724,1.0,0.0005694258986397305,0.005884333119653803,0.005682950094498742,0.008662924939843226,0.007552978987745778,0.010907748313339714,0.7790744723639182,0.0020295839169319763,0.003776489493872889,0.005664734240809334,0.0,0.0,351,325025.54484859726,0.3858805413720021,0.3441012921423468,0.010452757939167792
QQQ,2015,2015-07-16,2015-07-17,0.008039966739820992,0.008039966739820992,0.6283077798673924,1.0,0.005840610302198401,0.007997119079224155,0.006872582034228702,0.010494485963761868,0.008858959986606255,0.01279622343927982,0.9027153403237959,0.006646579442932454,0.004429479993303127,0.006644219989954691,1.0,1.0,187,77096.8170517207,0.25489405934716647,0.22567495393074483,0.013679369195231947
IWM,2015,2015-07-21,2015-07-22,-0.003293405412083783,0.003293405412083783,0.25666232749964013,0.0,0.004637417705844027,0.013512452590788544,0.0049025475231938695,0.00907553359114953,0.00989725617439009,0.012831666587642867,1.3652725919889852,0.0016145025998635099,0.004948628087195045,0.007422942130792567,0.0,0.0,193,61994.42929433612,0.3445424539924798,0.1806096895187402,0.013075400595442635
QQQ,2015,2015-07-21,2015-07-22,-0.015275265009431771,0.015275265009431771,1.224589316074394,0.0,0.0009646814961884465,0.00543759985477251,0.0073390419930149265,0.010246977331695488,0.008548019321905648,0.012473785953317756,0.6361239545677912,0.0,0.004274009660952824,0.006411014491429236,0.0,0.0,158,52084.00657219777,0.21735188671885697,0.17810981318618888,0.012486644212878834
SPY,2015,2015-07-21,2015-07-22,-0.0038725257342089314,0.0038725257342089314,0.3903171482675452,0.0,0.003201020097096552,0.006355063550635506,0.0043555797361742735,0.008222039278558793,0.00701388810585447,0.009921485006224952,0.9060685677792543,0.00018964050570713376,0.003506944052927235,0.005260416079390853,0.0,0.0,273,195493.56198329077,0.37493187787193677,0.29169253866373107,0.009484707125375573
QQQ,2015,2015-07-23,2015-07-24,0.005347648126874827,0.005347648126874827,0.408569414150637,1.0,0.004701555867192342,0.010556149885349283,0.00962205757120346,0.010602962199709647,0.009016099201731239,0.013088713794183285,1.170811195524815,0.0017730225428311819,0.0045080496008656195,0.006762074401298429,0.0,0.0,185,130287.33820328228,0.277234213695054,0.16902047252236457,0.014110252398805314
IWM,2015,2015-07-24,2015-07-27,-0.0037013042511879757,0.0037013042511879757,0.2682883743303134,0.0,0.015387119162822871,0.017978629416505184,0.00743258103909906,0.009776209129594073,0.011040278202695424,0.013795991944962085,1.6284580049908344,0.007150583140896227,0.005520139101347712,0.008280208652021568,1.0,0.0,179,90172.82276296671,0.23931405537096168,0.09185192496393565,0.017586052658818123
QQQ,2015,2015-07-24,2015-07-27,-0.005670542412876012,0.005670542412876012,0.41741963108737123,0.0,0.01507096215996273,0.01835106062784775,0.006190708467591284,0.010857598493253122,0.00921233942552684,0.013584752586035167,1.9920087374329762,0.004820800141234649,0.00460616971276342,0.0069092545691451296,1.0,0.0,156,77261.82238108548,0.10677603456973396,0.0472860332912077,0.019649772950806426
SPY,2015,2015-07-24,2015-07-27,-0.005096142108623747,0.005096142108623747,0.49573472262456203,0.0,0.010936771366530817,0.013171607101642035,0.00413015233329532,0.008463743984286731,0.007046700445179755,0.01027997813355358,1.8691878850408603,0.0032968484082247507,0.0035233502225898777,0.005285025333884816,0.0,0.0,280,192591.75582373564,0.264553864286616,0.13622051464703744,0.01568437433244622
IWM,2015,2015-07-27,2015-07-28,0.002902865347988559,0.002902865347988559,0.21126669278085203,1.0,0.004623112121617368,0.008668398213211255,0.0074180965969755635,0.009863311267204003,0.009983309402508602,0.013740288683364374,0.8682890476211288,0.007360233237888147,0.004991654701254301,0.0074874820518814516,1.0,0.0,187,94686.51625648965,0.3157431158111788,0.07477098251643488,0.017615959133408125
QQQ,2015,2015-07-27,2015-07-28,0.004447248705866214,0.004447248705866214,0.329814901910568,1.0,0.0026251553573169994,0.009142703862364536,0.004454512411631859,0.010920954265749933,0.009129931224186016,0.013484074491795162,1.0013989851473015,0.006144396100356886,0.004564965612093008,0.006847448418139512,1.0,0.0,161,82999.33499463103,0.165636387522783,0.08579616146056973,0.019689078146130103
SPY,2015,2015-07-27,2015-07-28,0.004835823939586481,0.004835823939586481,0.4667816014163331,1.0,0.0007248920146113447,0.006233732143146817,0.003161568729472833,0.00854912437211334,0.007046700445179755,0.010359928336749716,0.8846313521686531,0.008229495014769439,0.0035233502225898777,0.005285025333884816,1.0,1.0,297,213825.43084968964,0.16903249285490302,0.08620407874608824,0.015745498163400606
IWM,2015,2015-07-29,2015-07-30,-0.0025422763800356796,0.0025422763800356796,0.18726283599734497,0.0,0.004779184477073928,0.011206333252404083,0.01018338803888761,0.008565115966324711,0.010710593265103938,0.013575979272639682,1.046285016621377,0.005123503067866464,0.005355296632551969,0.008032944948827954,0.0,0.0,242,145925.39897317905,0.23146605323092187,0.11833865341399995,0.015107606669472144
SPY,2015,2015-07-29,2015-07-30,-0.0028941528585016973,0.0028941528585016973,0.29353913555662087,0.0,0.0061581467024647285,0.008258524741375247,0.009616386841905085,0.007688093577493822,0.007046700445179755,0.009859512780173883,1.1719704570419809,0.0035335951658592712,0.0035233502225898777,0.005285025333884816,1.0,0.0,409,294310.1603728675,0.2904862960852258,0.17575128773600399,0.013196346899104108
QQQ,2015,2015-07-30,2015-07-31,0.003122755785181619,0.003122755785181619,0.23965652008014995,1.0,0.0070985794683116055,0.014826074965501824,0.008302343420946936,0.009385502208556272,0.00922511206370536,0.013030130722657804,1.6071430745901185,0.0005336436754503904,0.00461255603185268,0.006918834047779019,0.0,0.0,208,126214.02108455372,0.3375171757211318,0.21530164356631448,0.013219285409588851
SPY,2015,2015-07-30,2015-07-31,0.0028459862626029064,0.0028459862626029064,0.29311161662758567,1.0,0.0031404817786857553,0.007613275959435553,0.009187094534895105,0.0075206092215464515,0.007315088651303942,0.009709564893222528,1.0407633211770384,0.00014189187189805885,0.003657544325651971,0.005486316488477957,0.0,0.0,354,338105.9360411741,0.37992246084964176,0.244405020564816,0.011633133842450996
IWM,2015,2015-08-04,2015-08-05,0.004342116908878868,0.004342116908878868,0.34088161650869797,1.0,0.002696313691481267,0.011030300521721178,0.004283500034739044,0.008380665029673072,0.010622576899762485,0.012737902833689696,1.0383827413824427,0.007667856019959007,0.0053112884498812424,0.007966932674821865,1.0,0.0,189,129497.70234679262,0.252582577579179,0.15891236302343562,0.015001236881182262
QQQ,2015,2015-08-04,2015-08-05,0.005566053954388028,0.005566053954388028,0.448220195718474,1.0,0.0014343671692697013,0.00735096075652951,0.0035497254892558803,0.009459274607997557,0.00902887183990976,0.012418123965757342,0.8141616014568416,0.008838477322457905,0.00451443591995488,0.0067716538799323205,1.0,1.0,167,106700.25783167745,0.17131638488747228,0.09027173954563797,0.016015072167385035
SPY,2015,2015-08-04,2015-08-05,0.0051102877088409215,0.0051102877088409215,0.5701837275925475,1.0,0.0015259516933071593,0.0069146255095085835,0.004026900711987387,0.007450329529821871,0.006795118274314892,0.00896252814933492,1.017587219290269,0.004086484308968963,0.003397559137157446,0.005096338705736169,1.0,0.0,317,271423.2403530645,0.2533287636404956,0.10028219926410803,0.014092783190980436
IWM,2015,2015-08-06,2015-08-07,-0.004557155030507465,0.004557155030507465,0.3533237941613075,0.0,0.014534161521637778,0.023516002728067625,0.007303585307057955,0.008196578517974501,0.011118316887062631,0.01289795679151721,2.115068581597188,0.008986308033649193,0.005559158443531316,0.008338737665296973,1.0,1.0,232,126065.02623419388,0.12250475945307567,0.03709196669827092,0.015463756427125483
IWM,2015,2015-08-07,2015-08-10,0.0037537920249151036,0.0037537920249151036,0.2935157996152109,1.0,0.0021641596266969154,0.011403385662910817,0.005810874201496732,0.007537150831766982,0.01130485945765745,0.01278906290508448,1.0087153852396307,0.009889427357297809,0.005652429728828725,0.008478644593243087,1.0,1.0,192,106172.81300658893,0.24331103186319436,0.009895745871014074,0.01612918500291226
QQQ,2015,2015-08-07,2015-08-10,0.006345794516629422,0.006345794516629422,0.5224650337268104,1.0,0.0011798625254846318,0.010618970463828824,0.008501393700628575,0.008888749081771537,0.00902887183990976,0.012145874091064147,1.1761126586037527,0.007206516592815904,0.00451443591995488,0.0067716538799323205,1.0,1.0,173,91747.52410969565,0.12695623161323594,0.03201010516800878,0.019319275227574394
SPY,2015,2015-08-07,2015-08-10,0.006395777112637946,0.006395777112637946,0.7905046100550188,1.0,0.0010088715899913003,0.007061881220415755,0.004102079102867376,0.0060483668244240155,0.006795118274314892,0.008090752452655276,1.0392580283862327,0.0066418166941710766,0.003397559137157446,0.005096338705736169,1.0,1.0,300,217755.4343563807,0.202446546223931,0.03439432033777577,0.014500908756819402
IWM,2015,2015-08-10,2015-08-11,-0.006432448998479945,0.006432448998479945,0.5000020271452109,0.0,0.007728748367190397,0.01005567245126045,0.009420443683911867,0.007558442780636549,0.01130485945765745,0.012864845839138625,0.8894999967867048,0.006936914504553249,0.005652429728828725,0.008478644593243087,1.0,0.0,192,117833.9710902687,0.14479612425082677,0.044585036522432564,0.015933544674429975
QQQ,2015,2015-08-10,2015-08-11,-0.0052881270906555145,0.0052881270906555145,0.44415158918691705,0.0,0.005044568487680312,0.007296617809264865,0.010634475956025641,0.008388509999313298,0.008696740824382794,0.011906131193487761,0.839006008872606,0.013238424119391023,0.004348370412191397,0.006522555618287096,1.0,1.0,180,106398.67386965436,0.23405078139075744,0.06222669812718558,0.015198577590398667
SPY,2015,2015-08-10,2015-08-11,-0.007598452048548698,0.007598452048548698,0.9310039719480825,0.0,0.006164031691735072,0.006641816694171081,0.007765422546235245,0.006204676627516073,0.006795118274314892,0.008161567810123614,0.9774394537438323,0.00582406019377979,0.003397559137157446,0.005096338705736169,1.0,1.0,323,249326.58197806656,0.27807325585213494,0.08136629026197473,0.013064398343657005
IWM,2015,2015-08-11,2015-08-12,-0.005406766921301376,0.005406766921301376,0.4130277051346257,0.0,0.0021580521994192248,0.011952147841045419,0.009917920387482158,0.007503507543173156,0.011580178145388096,0.01309056718008553,1.0321212412267995,0.013562757121005298,0.005790089072694048,0.008685133609041072,1.0,1.0,183,116592.7902174697,0.21130471411731408,0.02163531515257619,0.015570104887390319
QQQ,2015,2015-08-11,2015-08-12,-0.006900328131851263,0.006900328131851263,0.5585151217809753,0.0,0.007568966857781967,0.016940032672066455,0.01213471256038876,0.008814363765706872,0.00902887183990976,0.01235477404774237,1.8762070137254006,0.010718869152007926,0.00451443591995488,0.0067716538799323205,1.0,1.0,164,105758.71479400666,0.16594021237750434,0.06314911263206412,0.01628535882885876
SPY,2015,2015-08-11,2015-08-12,-0.007475907280790506,0.007475907280790506,0.8800251506231007,0.0,0.0014356273628048921,0.00818302485465925,0.008939366122298774,0.0064510677873989425,0.00698825336496217,0.008495106390422136,1.1709685421091696,0.008521620543430197,0.003494126682481085,0.005241190023721627,1.0,1.0,301,274077.8718812654,0.2100075996194851,0.07505147560658623,0.013221885263524299
IWM,2015,2015-08-14,2015-08-17,-0.0027417898752178926,0.0027417898752178926,0.198135550465318,0.0,0.007280967128093119,0.0123022951459006,0.008045158794069366,0.007488571204095531,0.011896845600309194,0.013837950174912303,1.0340804242748909,0.0035953203232592656,0.005948422800154597,0.008922634200231896,0.0,0.0,191,119400.01539716545,0.22208695853047752,0.2075513577012735,0.015276466950308753
SPY,2015,2015-08-14,2015-08-17,-0.0033902753380092854,0.0033902753380092854,0.36863650922715085,0.0,0.004749822616479493,0.005997217501918788,0.007844124022688019,0.006223786920689229,0.00744286191298266,0.009196797531305357,0.8057676700219011,0.0026422129231444824,0.00372143095649133,0.005582146434736995,0.0,0.0,305,257959.05261119688,0.29756350922897695,0.2606558753368682,0.012377539478412254
IWM,2015,2015-08-18,2015-08-19,-0.006298708048764423,0.006298708048764423,0.448452854087712,0.0,0.006586492906252239,0.007739193549248257,0.007555246023607976,0.008065135947803757,0.011896845600309194,0.014045418579346294,0.6505248373608479,0.009769274742957634,0.005948422800154597,0.008922634200231896,1.0,1.0,190,148508.45900584964,0.1490907030552502,0.13473711586147735,0.013860261321068403
QQQ,2015,2015-08-18,2015-08-19,-0.0030669670342163835,0.0030669670342163835,0.23800214861809946,0.0,0.003774246706978346,0.005931017876971487,0.005093237818538229,0.007687807565939757,0.010277640719040956,0.012886299775123747,0.5770797052657559,0.00940724083836808,0.005138820359520478,0.007708230539280717,1.0,1.0,168,117142.57621631969,0.24908219539398965,0.20183178231163773,0.012596350223791655
SPY,2015,2015-08-18,2015-08-19,-0.004238496084185361,0.004238496084185361,0.4478602612635397,0.0,0.0013316788101017663,0.004660875835356312,0.0034623155829896575,0.00635145200088579,0.00756050315901562,0.009463880702939288,0.6164769377549152,0.008391561047296658,0.00378025157950781,0.005670377369261715,1.0,1.0,294,354210.2198925297,0.4162599959561447,0.35301361887102567,0.010677266960807936
IWM,2015,2015-08-19,2015-08-20,-0.008960784619406859,0.008960784619406859,0.6242246993025216,0.0,0.004086721080347688,0.014678916712528935,0.009089192699930332,0.008197110903602204,0.01212722149347301,0.01435506257509388,1.2104105396631268,0.016753990535853802,0.006063610746736505,0.009095416120104758,1.0,1.0,204,185102.62264985137,0.3298726787199194,0.2283421321864479,0.01655206293566971
QQQ,2015,2015-08-19,2015-08-20,-0.009261751280346564,0.009261751280346564,0.7205800255343108,0.0,0.003528767657385745,0.014658005752696192,0.005946875534062497,0.007432227433029551,0.010587560174589054,0.012853189031265427,1.3844554846428656,0.019052964615128953,0.005293780087294527,0.00794067013094179,1.0,1.0,188,153843.21243834335,0.22355140483451977,0.15744725608045762,0.01534140476766949
SPY,2015,2015-08-19,2015-08-20,-0.008688617289484779,0.008688617289484779,0.8785718588625081,0.0,0.0036825722280254825,0.012721739202777334,0.005369516241171867,0.006565427256430783,0.007898150407047402,0.009889478250229846,1.610723846361031,0.012800395725742986,0.003949075203523701,0.005923612805285552,1.0,1.0,356,432877.096266369,0.23316514963124968,0.14868259150914495,0.01291091556620693
IWM,2015,2015-08-20,2015-08-21,-0.010825690719459935,0.010825690719459935,0.7322927858894127,0.0,0.016477919626382675,0.01875951740242124,0.014330615235390434,0.009516037980520763,0.01212722149347301,0.014783281944135904,1.5468932774517061,0.0066450510499673765,0.006063610746736505,0.009095416120104758,1.0,0.0,199,149530.93510951192,0.12145274133277262,0.060402395840753735,0.018021674705044042
QQQ,2015,2015-08-20,2015-08-21,-0.014101625984400679,0.014101625984400679,1.0282550742813936,0.0,0.018605066152884597,0.021904494329383146,0.013544379917953086,0.009518933999996038,0.011650461178437651,0.013714132161473398,1.8801396780689998,0.03095701290731112,0.0058252305892188255,0.008737845883828237,1.0,1.0,178,119722.49005066634,0.26401482222072925,0.20024928452356833,0.016177839913279594
SPY,2015,2015-08-20,2015-08-21,-0.010982034023426235,0.010982034023426235,1.0458181683471413,0.0,0.01229961432229243,0.021258048067514326,0.010613171649238392,0.00791454604731825,0.007898150407047402,0.010500901930956834,2.691522314964537,0.02131425356426586,0.003949075203523701,0.005923612805285552,1.0,1.0,344,371444.60030489,0.14707167782172478,0.10187279910875395,0.015903812818262718
IWM,2015,2015-08-21,2015-08-24,-0.04798745285268924,0.04798745285268924,3.227399599957038,0.0,0.000868570107762423,0.01989056692572238,0.012823431893481578,0.009241756332820605,0.01212722149347301,0.014868767057332482,1.6401586246633393,0.011546277252304504,0.006063610746736505,0.009095416120104758,1.0,1.0,160,66151.46635486197,0.16825853910318947,0.03136684746583519,0.020536732997299318
QQQ,2015,2015-08-21,2015-08-24,-0.07978513717971536,0.07978513717971536,5.327193662192733,0.0,0.03002745266750939,0.038552616335981275,0.020601768898715005,0.013224726212273647,0.011650461178437651,0.014976954516587801,3.3091064590072525,0.11198968294075806,0.0058252305892188255,0.008737845883828237,1.0,1.0,140,25439.522155537095,0.05749233966502499,0.006933865322477051,0.028671676790624056
SPY,2015,2015-08-21,2015-08-24,-0.05226707901828209,0.05226707901828209,4.575576127298206,0.0,0.01933274167988286,0.03182470780208761,0.014253265851991305,0.010029753885004614,0.007898150407047402,0.011423059646293077,4.029387408688862,0.027905766266463683,0.003949075203523701,0.005923612805285552,1.0,1.0,248,107219.80767762489,0.08538734179429705,0.02800399433693792,0.024896716095849345
IWM,2015,2015-08-24,2015-08-25,0.03175323056956314,0.03175323056956314,1.8383441929021365,1.0,0.009405522410779854,0.06081632638843169,0.013139076590858936,0.012274824529562777,0.012758518343736371,0.01727273417685472,4.766723278513658,0.00043836405984665205,0.0063792591718681855,0.009568888757802279,0.0,0.0,166,34197.31142379716,0.1330034599449078,0.024113317720300884,0.03029943777723663
QQQ,2015,2015-08-24,2015-08-25,0.036664641924832875,0.036664641924832875,1.5843725015935568,1.0,0.04489011542869492,0.1887933808952616,0.01782520997599471,0.015301602329463338,0.013144314249621012,0.0231414278447497,14.363121370192824,0.006564104741339394,0.006572157124810506,0.00985823568721576,0.0,0.0,132,14939.062162979097,0.059197750127948354,0.007515551427561611,0.02831364491390089
SPY,2015,2015-08-24,2015-08-25,0.03129283733921495,0.03129283733921495,2.099541676219132,1.0,0.010720542151294588,0.08043096372731456,0.01602593769706663,0.013389770744248937,0.00822077479801725,0.014904604035089836,9.783866570181868,0.00010236029888277542,0.004110387399008625,0.006165581098512937,0.0,0.0,230,46222.96937229187,0.17662121049692903,0.03991691463827648,0.024017551960817618
IWM,2015,2015-08-25,2015-08-26,0.019509520849829265,0.019509520849829265,1.0659782281325305,1.0,0.03822885132561482,0.039807109110440046,0.013198727680781442,0.011915073522770145,0.012758518343736371,0.0183019881034603,3.1200416880681785,0.007690249452475095,0.0063792591718681855,0.009568888757802279,1.0,0.0,161,45624.90052840892,0.13484362472875744,0.039713685894030404,0.024324288330942603
QQQ,2015,2015-08-25,2015-08-26,0.029258873011838382,0.029258873011838382,1.1781075756908137,1.0,0.038992881050585626,0.046340704826894515,0.018197194362447388,0.014946785924987627,0.013144314249621012,0.024835484989290293,3.5255323287961295,0.022484194661706036,0.006572157124810506,0.00985823568721576,1.0,1.0,136,20972.786908917547,0.09686693306193277,0.0353428037997566,0.02214397238953349
SPY,2015,2015-08-25,2015-08-26,0.025684826447676334,0.025684826447676334,1.5566554335614788,1.0,0.04175402297055675,0.043647337148746454,0.013901562528542516,0.012895826186196224,0.00822077479801725,0.016500007576443494,5.309394579118462,0.014108660085612179,0.004110387399008625,0.006165581098512937,1.0,1.0,249,69002.90990343742,0.08035933231335528,0.03716933587881602,0.023414296519979665
IWM,2015,2015-08-26,2015-08-27,0.007290181991034483,0.007290181991034483,0.3790387236445349,1.0,0.005812407361495797,0.029240849672890482,0.024119132105647065,0.01365088445480929,0.013516273455107607,0.019233343551122935,2.163381036201275,0.01606354497618856,0.006758136727553803,0.010137205091330705,1.0,1.0,224,85223.84925043953,0.13170957416653756,0.04218311056660659,0.025561425923617945
QQQ,2015,2015-08-26,2015-08-27,0.014461786677890665,0.014461786677890665,0.5341755538734648,1.0,0.020503166735295508,0.042591155811719295,0.03842972926706594,0.019504108644658836,0.01413234117944587,0.027073097173811074,3.013736738373118,0.01138540451230674,0.007066170589722935,0.010599255884584402,1.0,1.0,202,59211.22242653029,0.11662404963201833,0.06844750097987516,0.024321121258838785
SPY,2015,2015-08-26,2015-08-27,0.013164648103507481,0.013164648103507481,0.7275465383170012,1.0,0.0123906958565414,0.03342356365964671,0.031000924713566205,0.01602916900741235,0.008557930803359797,0.018094578711020513,3.905566009779467,0.012181473172467205,0.004278965401679899,0.006418448102519848,1.0,1.0,348,138881.53898658167,0.13431879740224814,0.04921587463186963,0.023593338032487518
QQQ,2015,2015-08-27,2015-08-28,-0.005300999260026695,0.005300999260026695,0.19182809182636298,0.0,0.010715679128911804,0.023249142587271423,0.04050251440978778,0.020495868280108243,0.01413234117944587,0.02763411348961861,1.6451019892645293,0.0021936419673898033,0.007066170589722935,0.010599255884584402,0.0,0.0,208,76759.59296929445,0.1714166241705104,0.093391311523616,0.01819437051363318
SPY,2015,2015-08-27,2015-08-28,-0.0038641253372390105,0.0038641253372390105,0.20347846066794448,0.0,0.011420160142157298,0.021368345161824714,0.03470089217527454,0.017251121333440173,0.01028787541597141,0.01899034091645139,2.0770415948711265,0.0029304862389882835,0.005143937707985705,0.007715906561978557,0.0,0.0,378,186698.56961868008,0.23417760318331723,0.10827916713981856,0.01927111327326571
IWM,2015,2015-08-28,2015-08-31,-0.004497528629200054,0.004497528629200054,0.22564662753509376,0.0,0.011017857026107913,0.013029012380353736,0.025681215519338923,0.014605489619232895,0.014248361040586003,0.019931734315420134,0.9144218302189991,0.002962672809007305,0.007124180520293001,0.010686270780439502,0.0,0.0,182,86156.86341090538,0.08947145871163807,0.014235618531565512,0.020690559287587458
QQQ,2015,2015-08-28,2015-08-31,-0.0055861006622085485,0.0055861006622085485,0.20068684125756078,0.0,0.005138950381782026,0.010944056964595921,0.03335894138756525,0.020500992378313543,0.01413234117944587,0.027834912479584882,0.7743980155611442,0.009418507436771417,0.007066170589722935,0.010599255884584402,1.0,0.0,168,48611.54734700327,0.1357757547515463,0.02684363856134971,0.02058015321146564
SPY,2015,2015-08-28,2015-08-31,-0.00587112693753622,0.00587112693753622,0.30632788763102103,0.0,0.003929464883107636,0.00967253485614767,0.0315438856079674,0.017260201110059336,0.010657724468015072,0.019166152265601512,0.9075609793794109,0.00558350405657948,0.005328862234007536,0.007993293351011304,1.0,0.0,313,149474.04450506132,0.18473431606371968,0.029543952893417456,0.021576374623616525
IWM,2015,2015-08-31,2015-09-01,-0.018142329802574797,0.018142329802574797,0.9177606028556576,0.0,0.0008687964852021057,0.010599489460266398,0.014015102127326583,0.014598981924480005,0.013946829127050538,0.019768041628856193,0.7599927814207019,0.01353048527666978,0.006973414563525269,0.010460121845287903,1.0,1.0,206,109471.30750863825,0.21359689893452172,0.050010867863648174,0.019980527946144116
QQQ,2015,2015-08-31,2015-09-01,-0.02492568818881047,0.02492568818881047,0.8919892988085016,0.0,0.006855195935173586,0.014852876099444943,0.02569874941813092,0.0206156150636334,0.014755440926070567,0.027943931863426634,1.0066033386506412,0.010732404457240552,0.007377720463035284,0.011066580694552925,1.0,0.0,188,60416.16722686312,0.12589892773627676,0.06016472770038,0.021744669317186775
SPY,2015,2015-08-31,2015-09-01,-0.023018177234306436,0.023018177234306436,1.193322729139587,0.0,0.0022210006564568063,0.01070117797912817,0.021875377880380447,0.017303417284201098,0.011172046029505323,0.019289146743147238,0.9578530155413258,0.01253079978601046,0.005586023014752662,0.008379034522128993,1.0,1.0,360,167414.8753693602,0.107389091039452,0.03852946095260903,0.022009686316973726
IWM,2015,2015-09-01,2015-09-02,0.013494210148703667,0.013494210148703667,0.6494205868184186,1.0,0.010697542904636093,0.022279234894021498,0.021272895919325154,0.015689908204310776,0.016003966613401317,0.020778845670435635,1.3921070589690827,0.004937814482946168,0.008001983306700659,0.012002974960050988,0.0,0.0,191,96917.41011910082,0.08055639767654406,0.011184804085662718,0.02296879141888935
QQQ,2015,2015-09-01,2015-09-02,0.018109788682765693,0.018109788682765693,0.6172279084257392,1.0,0.006488998512001798,0.026152823577357192,0.03203826013485074,0.021544218179195117,0.0158964543857557,0.029340521443619306,1.64519854193347,0.010108873865592782,0.00794822719287785,0.011922340789316775,1.0,0.0,186,49627.40812707473,0.08316578095908882,0.04297339741102233,0.02322253982594295
SPY,2015,2015-09-01,2015-09-02,0.014861504829907446,0.014861504829907446,0.7179812435240527,1.0,0.006990425014806845,0.020919680235442994,0.02699320763255976,0.018323312854792637,0.012182326641329904,0.02069901541851292,1.7172155082815332,0.004316162869975937,0.006091163320664952,0.009136744980997428,0.0,0.0,321,134493.71442240736,0.09195375336319418,0.03314344170632147,0.022514138882802074
QQQ,2015,2015-09-02,2015-09-03,0.003946063779534548,0.003946063779534548,0.13136940089132096,1.0,0.009914505245839145,0.021578550544035617,0.025243922774735056,0.02262255349075295,0.019259291608051038,0.030037921713588694,1.1204228578695516,0.006806625453843251,0.009629645804025519,0.014444468706038278,0.0,0.0,226,79647.81670835702,0.12637779685833972,0.07077053971494926,0.021852737815040484
SPY,2015,2015-09-02,2015-09-03,0.0043497816324507,0.0043497816324507,0.2051762179494802,1.0,0.004059236279633893,0.015620227218130283,0.02191715955866203,0.01898577638322969,0.012947022915616769,0.021200223280856707,1.2064725087718104,0.00912059816071964,0.0064735114578083845,0.009710267186712578,1.0,0.0,422,197782.58421617612,0.17931467983851676,0.07291428965861763,0.02008194041637674
IWM,2015,2015-09-03,2015-09-04,-0.010551345662679568,0.010551345662679568,0.5132813733602914,0.0,0.0030680090156328665,0.01384987882451149,0.017671143963628996,0.016238180936220724,0.01567205393257469,0.02055665023182749,0.8837309317653782,0.0022265764403097688,0.007836026966287345,0.011754040449431017,0.0,0.0,239,141231.19931870358,0.0769692418804099,0.03388167746247758,0.019978293822881035
QQQ,2015,2015-09-03,2015-09-04,-0.013734386084999661,0.013734386084999661,0.460483252561072,0.0,0.008819846519778962,0.018406655295594244,0.021596918114503892,0.02243707016700866,0.01767334398383035,0.02982602734977452,1.0414925048952146,0.003740573841036321,0.008836671991915176,0.013255007987872764,0.0,0.0,228,85857.90950192205,0.11598788423900168,0.05960689101435908,0.02080167593337002
SPY,2015,2015-09-03,2015-09-04,-0.01380719461061608,0.01380719461061608,0.6472659723669102,0.0,0.0036176066185173994,0.015744402447657246,0.017683729926507574,0.018972949849706502,0.014170983210453809,0.021331562603432073,1.1110310564790409,0.006471507171933455,0.007085491605226904,0.010628237407840357,0.0,0.0,418,214731.66832295049,0.19531629814448598,0.08841826292827558,0.019355174080414636
IWM,2015,2015-09-04,2015-09-08,0.014972931433395287,0.014972931433395287,0.7295688964910271,1.0,0.003021451799284147,0.012618841058821391,0.016628673521206536,0.016249961631179158,0.01567205393257469,0.02052298488245577,0.8051810638931549,0.008816359617273006,0.007836026966287345,0.011754040449431017,1.0,0.0,203,108140.23127265275,0.10610150844949978,0.02500075244742951,0.022506290774404625
QQQ,2015,2015-09-04,2015-09-08,0.0191855815800015,0.0191855815800015,0.6359818726095573,1.0,0.0018633170455202297,0.012356596265045925,0.021699972337341864,0.02251815837141276,0.01767334398383035,0.03016686859529396,0.6991657196482561,0.010084473632975932,0.008836671991915176,0.013255007987872764,1.0,0.0,178,54442.81709244952,0.13127566551097697,0.042607038718275425,0.02326972784065457
SPY,2015,2015-09-04,2015-09-08,0.017394496948004434,0.017394496948004434,0.7912414503645955,1.0,0.00134824867718919,0.01166709841218399,0.0181893853650098,0.01916281294626075,0.014170983210453809,0.02198380398295519,0.8233090279563154,0.008523007799005722,0.007085491605226904,0.010628237407840357,1.0,0.0,337,139826.17370581575,0.08890750246127893,0.022045774161306018,0.02368216889077577
IWM,2015,2015-09-08,2015-09-09,0.006236476740886454,0.006236476740886454,0.29648048764700907,1.0,0.007768849586377025,0.012744405687735055,0.0207579090903837,0.0169614153944486,0.01567205393257469,0.021035032660603383,0.8131930723672117,0.0021520186273604747,0.007836026966287345,0.011754040449431017,0.0,0.0,208,134267.04589303507,0.2838023276267961,0.055194887425214,0.019658021267172508
QQQ,2015,2015-09-08,2015-09-09,0.011805006216315084,0.011805006216315084,0.3812968883606202,1.0,0.008835940690325339,0.014214326627912489,0.026070399675714687,0.02340139065349446,0.01767334398383035,0.030960143071375477,0.8042805391507925,0.0002822617580111597,0.008836671991915176,0.013255007987872764,0.0,0.0,190,76007.03258337447,0.1317896070464344,0.026014351662510517,0.022299153429526833
SPY,2015,2015-09-08,2015-09-09,0.009573087770616828,0.009573087770616828,0.4229686941718904,1.0,0.0076043187496670495,0.012452803975726736,0.02298026030393074,0.019912475679675284,0.014170983210453809,0.022633088222662686,0.8787537033097613,0.0007525280502342913,0.007085491605226904,0.010628237407840357,0.0,0.0,351,200774.49468069253,0.12769556046646838,0.042652448279481975,0.020056975859979297
IWM,2015,2015-09-09,2015-09-10,-0.003242225181186442,0.003242225181186442,0.15140036573126436,0.0,0.017646513339717784,0.02074542541706854,0.01546173031509891,0.017031237236816883,0.016997103833447075,0.021414909835431914,1.2205270745152172,0.00017582557351780714,0.008498551916723537,0.012747827875085306,0.0,0.0,251,133972.01754494503,0.08211356295192601,0.03458039807092762,0.01985125972146903
IWM,2015,2015-09-10,2015-09-11,-0.004186982991055466,0.004186982991055466,0.19835693549342814,0.0,0.007824170458447854,0.013626333383413462,0.01347706953729249,0.017103494096794104,0.01567205393257469,0.021108326666975485,0.8694669787404729,0.0043990848485842005,0.007836026966287345,0.011754040449431017,0.0,0.0,243,151908.7505851558,0.22652562848619281,0.06464112559524422,0.01874369005511403
QQQ,2015,2015-09-10,2015-09-11,-0.004571823386089413,0.004571823386089413,0.1465873705908939,0.0,0.012049354402739576,0.019857312521819413,0.017179871985589717,0.023529156461251338,0.01913198390870683,0.03118838524533448,1.0379118347879486,0.002878831728178266,0.009565991954353415,0.014348987931530123,0.0,0.0,225,98305.4933234216,0.2401966154665165,0.1310692527502074,0.018587787708404323
IWM,2015,2015-09-11,2015-09-14,0.0029518695692809516,0.0029518695692809516,0.1387159935865724,1.0,0.008934798619010031,0.013489779578939771,0.013428616372621674,0.017168362082880594,0.01567205393257469,0.0212799511646701,0.860753774647303,0.0001731671835374371,0.007836026966287345,0.011754040449431017,0.0,0.0,203,121936.2223048644,0.2202600377181583,0.16329047617966014,0.017387642248184065
QQQ,2015,2015-09-11,2015-09-14,0.0036942255449068373,0.0036942255449068373,0.11781366057747351,1.0,0.010142546521164864,0.01301311436754905,0.016727287657000208,0.023594182550995938,0.01913198390870683,0.031356512706584974,0.6801758996685583,0.00018879079495826012,0.009565991954353415,0.014348987931530123,0.0,0.0,188,72902.24071864311,0.11621976462143238,0.10391028053833927,0.01905177747107205
SPY,2015,2015-09-14,2015-09-15,0.0030610995374253935,0.0030610995374253935,0.1306084866252264,1.0,0.004772797440831034,0.008022350116968556,0.014224612058677668,0.020089996613604378,0.01544272374982308,0.023437217722375454,0.5194906188139553,0.012105207646732508,0.00772136187491154,0.01158204281236731,1.0,1.0,350,186701.39062543144,0.07121189122735082,0.06050619578901224,0.01977227339041097
IWM,2015,2015-09-17,2015-09-18,-0.013465095031283458,0.013465095031283458,0.6358002402112289,0.0,0.0035921841902395446,0.01890180567125296,0.006051526137642148,0.017106401060241062,0.015257534988565968,0.02117818487581888,1.2388505538684995,0.0031195893032187616,0.007628767494282984,0.011443151241424476,0.0,0.0,228,196345.73307415406,0.15692533479510892,0.11379175748383237,0.01702902728010938
QQQ,2015,2015-09-17,2015-09-18,-0.017735405070438914,0.017735405070438914,0.5529624545945386,0.0,0.0014020741426219452,0.019536398408139505,0.005659466175330873,0.023693663937606597,0.019696855464979457,0.03207343450369239,0.9918536714083503,0.0005705542363125815,0.009848427732489728,0.014772641598734593,0.0,0.0,198,121660.0969202462,0.28997692299293154,0.2249266234228815,0.014090949136306291
SPY,2015,2015-09-17,2015-09-18,-0.020127117106414683,0.020127117106414683,0.8327498286068132,0.0,0.0014498977038658323,0.01804819784642207,0.006942465423716677,0.020421741176111285,0.015682314832893764,0.024169464123561888,1.1508631244008602,0.003846942830181277,0.007841157416446882,0.011761736124670323,0.0,0.0,359,362004.35028268327,0.3960821367424133,0.3300365196802929,0.013902287007489102
IWM,2015,2015-09-18,2015-09-21,0.007086067111771843,0.007086067111771843,0.34165712534464754,1.0,0.0003455504041911528,0.012439485015878644,0.010243163034740592,0.01641755171805985,0.013738106103962476,0.02074028780937542,0.9054730631532049,0.00652138433379057,0.006869053051981238,0.010303579577971856,0.0,0.0,191,106582.72927677515,0.1311727612171922,0.021070036014206425,0.020098051803231043
QQQ,2015,2015-09-18,2015-09-21,0.0055054754575736276,0.0055054754575736276,0.17422972712950083,1.0,0.0011403127754399112,0.013589283089969213,0.010668347157112507,0.023163061113305093,0.018971526851866875,0.031598944383822276,0.7162988617667309,0.005852947652184026,0.009485763425933437,0.014228645138900157,0.0,0.0,155,44092.376367442615,0.1352729407900621,0.04898956061787104,0.01834195924504338
SPY,2015,2015-09-18,2015-09-21,0.005065262259513981,0.005065262259513981,0.20842382804232054,1.0,0.0013285460973139207,0.01900764311634189,0.013244110386699249,0.02044886988980583,0.015682314832893764,0.02430270236897039,1.212043204009221,0.00631231021667733,0.007841157416446882,0.011761736124670323,0.0,0.0,290,148645.70630542602,0.18130339963905578,0.05988787784341527,0.01911646303566381
IWM,2015,2015-09-21,2015-09-22,-0.009176739402516287,0.009176739402516287,0.4429839408788136,0.0,0.008838156608935166,0.019049263800094415,0.00993485256761063,0.016199780079301826,0.013738106103962476,0.02071573832746852,1.3866004277401849,0.012383846604970161,0.006869053051981238,0.010303579577971856,1.0,1.0,204,123224.21116428295,0.33064916513834425,0.07460415682191013,0.01848413971868242
QQQ,2015,2015-09-21,2015-09-22,-0.015329321933231443,0.015329321933231443,0.5062950212655796,0.0,0.002360049082221982,0.01718115443765644,0.010640247985893534,0.02082048797351556,0.01779390486662534,0.03027744948965313,0.9655640269203535,0.009017747793501174,0.00889695243331267,0.013345428649969005,1.0,0.0,174,55533.978365208015,0.15210667562832453,0.057715095958365124,0.016637060521626137
SPY,2015,2015-09-21,2015-09-22,-0.013132453134913624,0.013132453134913624,0.5623343704776377,0.0,0.00010183400637497897,0.012573742268460851,0.013424708924967069,0.019384747479671595,0.015515720571810212,0.02335345983522069,0.8103872591844362,0.006855044354771023,0.007757860285905106,0.011636790428857659,0.0,0.0,314,185020.89234617449,0.15404384632323392,0.07056456040669586,0.017492886480527797
QQQ,2015,2015-09-22,2015-09-23,0.0026897097348803634,0.0026897097348803634,0.11798318179434762,1.0,0.00038440242615633835,0.012396703303793319,0.010496534536844383,0.019012320272329384,0.01669483828267967,0.022797399544357964,0.7425470731665893,0.0026825676955288813,0.008347419141339836,0.012521128712009753,0.0,0.0,180,57109.00376129948,0.13487072873499004,0.040180074452743936,0.020102466571756124
IWM,2015,2015-09-23,2015-09-24,-0.005554551786181028,0.005554551786181028,0.31963732106657017,0.0,0.005262221468040895,0.011840015031286072,0.008061740920662006,0.013730548098016182,0.013558056481176617,0.01737766969028061,0.8732826159652164,0.008223814663072648,0.006779028240588308,0.010168542360882462,1.0,0.0,248,128812.64155815293,0.12814658988588254,0.0815265974487303,0.019441497976646606
QQQ,2015,2015-09-23,2015-09-24,-0.009694779547627763,0.009694779547627763,0.4641909468291127,0.0,0.001916046690024542,0.009772028159615007,0.009502247707638805,0.01895501196320416,0.015530699113573923,0.02088532663950639,0.6292072293818504,0.008800249881888655,0.0077653495567869615,0.011648024335180442,1.0,0.0,227,67077.55031845064,0.15580285182881415,0.10206745775552545,0.019355192666941627
SPY,2015,2015-09-23,2015-09-24,-0.007489732238210478,0.007489732238210478,0.40160770855330685,0.0,0.002627347922478651,0.009066995524712186,0.010524103121864253,0.016757078823903003,0.013919481274988365,0.018649373701491934,0.651388894858064,0.008343809604645536,0.006959740637494182,0.010439610956241274,1.0,0.0,414,216357.9088789126,0.1709172076365205,0.11679250667484534,0.0177532555706619
IWM,2015,2015-09-24,2015-09-25,0.005210600727713288,0.005210600727713288,0.3144522736490171,1.0,0.00390107667199846,0.013742312348451267,0.0067830789599579965,0.012558744493520981,0.013558056481176617,0.016570402456460583,1.0135901386404802,0.0007907570508387529,0.006779028240588308,0.010168542360882462,0.0,0.0,228,133886.80334442767,0.13409687621525576,0.08661842222212073,0.018481749834981836
QQQ,2015,2015-09-24,2015-09-25,0.010693647184172761,0.010693647184172761,0.557344982194511,1.0,0.0061064737229212795,0.0186101175963554,0.009044412972245312,0.015392646674722925,0.015530699113573923,0.019186764976455325,1.1982794502850196,0.0009531834013005724,0.0077653495567869615,0.011648024335180442,0.0,0.0,219,69020.56958861969,0.19449246997745526,0.13912100866705038,0.017963360499554694
SPY,2015,2015-09-24,2015-09-25,0.009020246491546313,0.009020246491546313,0.5176105100525901,1.0,0.0039032007484947062,0.015040330374433145,0.010399161579531439,0.014394571697410818,0.013807036321447,0.017426706599581683,1.0893235901082134,0.0018495715756290387,0.0069035181607235,0.010355277241085249,0.0,0.0,406,220696.52639636263,0.18421831403692637,0.11193841659105787,0.017590621360659763
IWM,2015,2015-09-25,2015-09-28,-0.0033207244953143977,0.0033207244953143977,0.19933009196702678,0.0,0.021085938607571797,0.026181719951885615,0.0073675680118602226,0.012361214148968996,0.013558056481176617,0.01665942388600168,1.9310820830577828,0.029384555793909417,0.006779028240588308,0.010168542360882462,1.0,1.0,194,113368.26792734384,0.08738097260131625,0.048770318596214834,0.01956699580403644
QQQ,2015,2015-09-25,2015-09-28,-0.004275114844925043,0.004275114844925043,0.2226482785045024,0.0,0.018968691485069522,0.026022335922571284,0.007274782637703778,0.014340768356224946,0.015530699113573923,0.019201203232472295,1.6755418241170874,0.02798676745110118,0.0077653495567869615,0.011648024335180442,1.0,1.0,187,52366.62338740329,0.12679829926094216,0.06927639220937208,0.020499947823959398
SPY,2015,2015-09-25,2015-09-28,-0.00554839144596353,0.00554839144596353,0.32679433631941146,0.0,0.009196430804284117,0.01638924399614391,0.00662519614751058,0.013136267777883567,0.013807036321447,0.01697823624623802,1.1870211401331558,0.022063522719649065,0.0069035181607235,0.010355277241085249,1.0,1.0,331,161366.93337314902,0.16166745006199482,0.09435339153957402,0.019302276000670908
QQQ,2015,2015-09-28,2015-09-29,0.0025002500784190307,0.0025002500784190307,0.12361516426006806,1.0,0.024297476693979747,0.0279078895068953,0.011398168819545038,0.015576192880993376,0.01669483828267967,0.020226079004019876,1.6716477892360773,0.01017562145050288,0.008347419141339836,0.012521128712009753,1.0,0.0,179,44502.99597614209,0.23555271693419935,0.11793445128892752,0.01950003569631206
IWM,2015,2015-09-29,2015-09-30,0.008834786463511213,0.008834786463511213,0.48950334192083617,1.0,0.006651281484555405,0.01958432098459151,0.010955289377662242,0.0134467076275239,0.013796095586481379,0.018048470167421244,1.419555327217502,0.008757346228285057,0.006898047793240689,0.010347071689861034,1.0,0.0,179,82056.02280026989,0.2600348311984933,0.13968276688238007,0.01994210376411023
QQQ,2015,2015-09-29,2015-09-30,0.014275642420015888,0.014275642420015888,0.6883816860215521,1.0,0.007681530920549906,0.02503992607463609,0.01137774878668737,0.015420583736677049,0.01779390486662534,0.020737975326625614,1.4072192844866533,0.00971358274221723,0.00889695243331267,0.013345428649969005,1.0,0.0,175,52231.87496877504,0.1480817947204225,0.10749860071708221,0.018274437452808778
SPY,2015,2015-09-29,2015-09-30,0.011960451086543866,0.011960451086543866,0.6635470485228978,1.0,0.0007967767135987902,0.014925440875415358,0.010794481420012695,0.014102631230863921,0.015152775327974512,0.018025023414946488,0.9849971739408386,0.007669311085333863,0.007576387663987256,0.011364581495980883,1.0,0.0,301,176846.2740660481,0.1584279844121465,0.09829383482571231,0.018599054458040155
IWM,2015,2015-10-01,2015-10-02,-0.009448663050292239,0.009448663050292239,0.540704291219534,0.0,0.0032915845415649736,0.020572368505955035,0.016248572336195272,0.011855761160369906,0.013796095586481379,0.017474732869201405,1.4911732364418844,0.008028384879583239,0.006898047793240689,0.010347071689861034,1.0,0.0,202,97822.8263531494,0.19768568530087513,0.06551804246162236,0.018484297895522594
QQQ,2015,2015-10-01,2015-10-02,-0.01389158826049508,0.01389158826049508,0.7099813420987034,0.0,0.0027467017126845406,0.016087963309453744,0.018822701675154135,0.013353105096638812,0.016148242718578322,0.019566131441470805,0.9962671226724115,0.0031847102322188903,0.008074121359289161,0.012111182038933741,0.0,0.0,197,63270.32710158847,0.14934744557081572,0.07053392770338615,0.01910370152988397
SPY,2015,2015-10-01,2015-10-02,-0.01228335267982228,0.01228335267982228,0.7229664925831943,0.0,0.00026032409038490023,0.013900448477159679,0.015674581396110096,0.012531600031115253,0.01441294467628752,0.016990210204532806,0.9644419505771773,0.0034370197337973973,0.00720647233814376,0.010809708507215639,0.0,0.0,357,193035.3216569841,0.2198979663486916,0.1292508016159745,0.017452464700916628
IWM,2015,2015-10-02,2015-10-05,0.009310371818341379,0.009310371818341379,0.5062420437886506,1.0,0.02454152448694291,0.032505967750653474,0.017967992792743772,0.012450891204198782,0.013877040189849857,0.01839114694754262,2.34242801821886,0.016030747155888037,0.006938520094924928,0.010407780142387392,1.0,1.0,172,86255.09903303612,0.07622226839080233,0.010698372082197932,0.021236645421655095
QQQ,2015,2015-10-02,2015-10-05,0.007403101886853891,0.007403101886853891,0.3634524079249403,1.0,0.03184522804849932,0.03501982809945279,0.02042476217520274,0.013913189074209305,0.016148242718578322,0.02036883433822997,2.1686463790368333,0.009543806181047554,0.008074121359289161,0.012111182038933741,1.0,0.0,166,49556.89447666769,0.17693785883954433,0.025795123283909472,0.020363795056559917
SPY,2015,2015-10-02,2015-10-05,0.007487213917267699,0.007487213917267699,0.42211003902338035,1.0,0.02755965436998209,0.031142981130063786,0.01718247312798891,0.013014626200185373,0.01441294467628752,0.017737587891988014,2.1607646341209423,0.011605409250634802,0.00720647233814376,0.010809708507215639,1.0,1.0,312,141954.55515293087,0.10372848146111803,0.02097865964993599,0.020101402213152347
IWM,2015,2015-10-06,2015-10-07,0.005422709769185907,0.005422709769185907,0.29050625048498074,1.0,0.0063598730370617584,0.01669463302652443,0.012899169304695401,0.012538207376394323,0.015686767583477312,0.01866641340808694,1.0642494024140887,0.01237843982994602,0.007843383791738656,0.011765075687607984,1.0,1.0,184,105146.40856393434,0.26948436547106847,0.0599198428885811,0.020047306949681046
QQQ,2015,2015-10-06,2015-10-07,0.006285749162946441,0.006285749162946441,0.3215376679071991,1.0,0.002375296912114022,0.01349166906361342,0.01104162918588342,0.012507618716356665,0.016148242718578322,0.019549028901834943,0.8354883747252231,0.001892834954669853,0.008074121359289161,0.012111182038933741,0.0,0.0,163,67441.47467917737,0.2234432434784311,0.07759251033109085,0.017811945358112025
SPY,2015,2015-10-06,2015-10-07,0.005612016017138899,0.005612016017138899,0.33237335098997733,1.0,0.0026221788052177564,0.009984346487393013,0.009936438044941372,0.011888742173034915,0.01441294467628752,0.01688467502109737,0.6927346709253294,0.004675756476163251,0.00720647233814376,0.010809708507215639,0.0,0.0,310,197249.36226647143,0.18157876249602145,0.06353925936377981,0.017620557469171773
QQQ,2015,2015-10-07,2015-10-08,-0.003786745308008932,0.003786745308008932,0.199282431475975,0.0,0.00028399022952307895,0.014858978235936165,0.00877125396012624,0.012280515054946622,0.015473470772694954,0.019001902375250037,0.9602873495038265,0.009787969306420674,0.007736735386347477,0.011605103079521216,1.0,0.0,203,69899.63039820641,0.19200850393298496,0.06474578036165161,0.015984727075717554
IWM,2015,2015-10-12,2015-10-13,-0.003980263785474891,0.003980263785474891,0.21884751655906565,0.0,0.0019000018910408922,0.00794540255351135,0.00955030687003553,0.013008943574163424,0.016135554599675535,0.01818738383718712,0.49241583265263916,0.010357239550732977,0.008067777299837767,0.012101665949756651,1.0,0.0,178,110502.00844771214,0.41276050635282596,0.3926683439924555,0.014835506798740157
QQQ,2015,2015-10-12,2015-10-13,-0.0057121509984261465,0.0057121509984261465,0.30847103042221485,0.0,0.0005621433215279303,0.005996433706725454,0.004210941476580642,0.012038849680929893,0.015473470772694954,0.018517625433440963,0.38752997273934026,0.0016981160865638945,0.007736735386347477,0.011605103079521216,0.0,0.0,169,68725.68995591032,0.2077143404336744,0.15789639061042915,0.01529278406952262
SPY,2015,2015-10-12,2015-10-13,-0.004317240757896634,0.004317240757896634,0.27472381321066974,0.0,0.0004965053342504966,0.004219992316818584,0.005351232789074502,0.01158688540505807,0.013237095372810266,0.015714839960327694,0.3188004768392531,0.002999204376774367,0.006618547686405133,0.0099278215296077,0.0,0.0,296,215818.93615719533,0.17007555642087965,0.14607659296778738,0.014689528267586651
IWM,2015,2015-10-14,2015-10-15,0.0028351172768434907,0.0028351172768434907,0.14996257461281767,1.0,0.010259541911192716,0.0178884680739211,0.009102797657381322,0.013069580173597942,0.016900047885610274,0.018905498816377125,1.058486235956315,0.0210265677364041,0.008450023942805137,0.012675035914207705,1.0,1.0,219,127898.5507565211,0.21809977746488893,0.19378642837305018,0.014711824588078444
QQQ,2015,2015-10-14,2015-10-15,0.0036816708064275616,0.0036816708064275616,0.20075152305530505,1.0,0.001602244782187956,0.010744574986271044,0.004607334494846943,0.011777756501902728,0.014224130662952689,0.018339441466719522,0.7553765668263801,0.012791578388405167,0.0071120653314763445,0.010668097997214517,1.0,1.0,198,88393.96140141637,0.27933195336051175,0.2131761663637196,0.012635795238046782
SPY,2015,2015-10-14,2015-10-15,0.003964115467592011,0.003964115467592011,0.25668574444205633,1.0,0.004445995714915996,0.009641286574064052,0.00602847704389601,0.011294632873227416,0.012564119258802808,0.015443457821191397,0.7673666872677184,0.0113954356179089,0.006282059629401404,0.009423089444102105,1.0,1.0,386,274310.61254028376,0.338715525382206,0.29381762461702665,0.012519879692410944
IWM,2015,2015-10-16,2015-10-19,-0.004505256032886651,0.004505256032886651,0.23692268837109393,0.0,0.0032815619412605024,0.011830766066298778,0.014649386783384157,0.013905815784400694,0.016900047885610274,0.019015722233533126,0.7000433458163281,0.002180549469452675,0.008450023942805137,0.012675035914207705,0.0,0.0,177,32161.778135086028,0.1458413679478726,0.05999721341392377,0.02116278284452863
SPY,2015,2015-10-16,2015-10-19,-0.0037880860740713285,0.0037880860740713285,0.26203491706031223,0.0,0.002169316360667084,0.006754400753437967,0.008674920435004436,0.01060077909297759,0.012410821319495988,0.014456417169775238,0.544234791522425,0.0018304809194558125,0.006205410659747994,0.00930811598962199,0.0,0.0,320,85310.93438621024,0.16114296296039765,0.0832604276625599,0.016633922018275585
SPY,2015,2015-10-19,2015-10-20,-0.0025568620059819303,0.0025568620059819303,0.180958408477431,0.0,0.004296272183641925,0.006123408564814815,0.00869035919810075,0.01057917385966949,0.012041079920988827,0.01412955621954876,0.5085431377414157,0.0014811308182560712,0.006020539960494413,0.00903080994074162,0.0,0.0,323,111131.8961306232,0.19265291648200772,0.11707393450754681,0.01457875691304718
IWM,2015,2015-10-20,2015-10-21,0.003810138545387476,0.003810138545387476,0.20915774415312471,1.0,0.0008651883763357571,0.010988097009353963,0.012654163910011495,0.013441545632925668,0.01661434910305449,0.01821657888315179,0.6613618710668503,0.0005176431067641651,0.008307174551527245,0.012460761827290867,0.0,0.0,174,47483.344111237755,0.3070185527143574,0.15258573541042858,0.017999574924451738
QQQ,2015,2015-10-20,2015-10-21,0.005084147256482208,0.005084147256482208,0.3078139112043294,1.0,0.0034085926870550676,0.008935985199748156,0.008254014000326269,0.01123568082403299,0.013535420986708586,0.016516950896047416,0.6601926315053702,0.0010116157229937972,0.006767710493354293,0.01015156574003144,0.0,0.0,163,38897.2364635827,0.197189288301291,0.13530917008901414,0.015623118904725857
IWM,2015,2015-10-21,2015-10-22,0.006067555698202387,0.006067555698202387,0.3256513855850136,1.0,0.018978579908497273,0.02010008512645827,0.014135441673678204,0.013896541767997221,0.016900047885610274,0.018632058596349525,1.189350779507122,0.008827851363581773,0.008450023942805137,0.012675035914207705,1.0,0.0,219,102313.10992512715,0.1756831117804281,0.0647010537990641,0.016332356238102655
QQQ,2015,2015-10-21,2015-10-22,0.008928634150297876,0.008928634150297876,0.5360735502941015,1.0,0.01112854480372849,0.012507982516035727,0.009197414726814717,0.011378886242745303,0.013535420986708586,0.016655614039154578,0.9240926106634012,0.012168138403176432,0.006767710493354293,0.01015156574003144,1.0,1.0,202,74571.09783365413,0.3209744001293053,0.1606810496543309,0.015647994785602887
SPY,2015,2015-10-21,2015-10-22,0.00559816492373022,0.00559816492373022,0.41384719243718593,1.0,0.008643949224301783,0.010510286249366278,0.00811564394809858,0.010176654472516705,0.012041079920988827,0.013527130366070839,0.8728690714066087,0.012464276443738376,0.006020539960494413,0.00903080994074162,1.0,1.0,383,226832.6945075926,0.18480377337985332,0.09770521433368735,0.015662884006932807
IWM,2015,2015-10-22,2015-10-23,0.008106697134587781,0.008106697134587781,0.43360113881181556,1.0,0.0027095319348933167,0.014771390244884818,0.00875222060390124,0.01401788226138367,0.016900047885610274,0.018696208125288428,0.8740442834757928,0.0034587247782214003,0.008450023942805137,0.012675035914207705,0.0,0.0,207,113338.60811838991,0.21681567005043606,0.09205283734597455,0.01741350590692185
QQQ,2015,2015-10-22,2015-10-23,0.026889113136946863,0.026889113136946863,1.6010761331254029,1.0,0.011338455839570605,0.015025855755638827,0.010683217023921,0.012039461159947992,0.013535420986708586,0.016794400079187737,1.1101136618058505,0.005148181988344991,0.006767710493354293,0.01015156574003144,0.0,0.0,172,51643.1593460483,0.22898006479595606,0.03705734200128725,0.017876573853216095
SPY,2015,2015-10-22,2015-10-23,0.009695047970479154,0.009695047970479154,0.7103319913138797,1.0,0.011232627979544052,0.018031276383674435,0.008727337305598137,0.010591247006962587,0.012041079920988827,0.013648615139164034,1.4974800019593,0.0033775486043048364,0.006020539960494413,0.00903080994074162,0.0,0.0,357,246068.59345857793,0.28215448433091,0.20677020423867148,0.014600019500240619
IWM,2015,2015-10-26,2015-10-27,-0.004084836004483505,0.004084836004483505,0.24347705735767422,0.0,0.004671288258262685,0.008131509116037614,0.010611757337220687,0.011824599268362447,0.016135554599675535,0.016777087947480708,0.5039497753737655,0.013174163429457986,0.008067777299837767,0.012101665949756651,1.0,1.0,180,92280.27862853947,0.20159569401501706,0.09662986110949534,0.018768923671179702
QQQ,2015,2015-10-26,2015-10-27,-0.0026583555730581576,0.0026583555730581576,0.16746968820520075,0.0,0.0013309807448158573,0.007098518841355571,0.015632200237722542,0.010432107711247716,0.012187322076482033,0.01587365213101055,0.5824510747158833,0.00026667623166209964,0.0060936610382410165,0.009140491557361526,0.0,0.0,150,45518.274483465386,0.1553636587592941,0.09405907904611158,0.018879320399509538
SPY,2015,2015-10-26,2015-10-27,-0.0038647490423082687,0.0038647490423082687,0.31280496442027417,0.0,0.0014471927030454967,0.003907368773127867,0.009842745228516789,0.00844803795010676,0.010513056592251234,0.012355139725710115,0.3716681955282003,0.0019923401306463084,0.005256528296125617,0.007884792444188425,0.0,0.0,326,206019.71146456423,0.31906948174843264,0.21008063960205114,0.01515709359142522
IWM,2015,2015-10-27,2015-10-28,0.0029876654549472192,0.0029876654549472192,0.17943879371547206,1.0,0.006894085970675534,0.015446411807552029,0.011530042762164152,0.012028542612582103,0.015591727913659276,0.016650053163445942,0.9906799229109211,0.02628351161768161,0.007795863956829638,0.011693795935244458,1.0,1.0,175,97540.71229563229,0.15256923622541693,0.04609588918274515,0.01723063285536575
IWM,2015,2015-10-28,2015-10-29,-0.003244577133717619,0.003244577133717619,0.18826536083935524,0.0,0.026108317617564714,0.028210979831099884,0.015900623028659955,0.013119593333454596,0.016135554599675535,0.01723406323527662,1.7483737331016296,0.01021114858173533,0.008067777299837767,0.012101665949756651,1.0,0.0,209,91901.09962342802,0.17539068000377506,0.13402982480569609,0.018623157714038358
QQQ,2015,2015-10-28,2015-10-29,-0.004560574095561765,0.004560574095561765,0.3150878577753868,0.0,0.00679908735599466,0.0148344397808016,0.011913368006366548,0.009382458845776088,0.011802751232038812,0.014473976013422932,1.2568628694412542,0.0010584119729144525,0.005901375616019406,0.008852063424029109,0.0,0.0,182,63572.00647486967,0.2501139615602235,0.141729281433273,0.01631618021560494
SPY,2015,2015-10-28,2015-10-29,-0.002871456585257448,0.002871456585257448,0.24787253341388166,0.0,0.009420275112281162,0.013381589438028382,0.008688301835377875,0.008049357577607177,0.010247316368379646,0.01158440810568904,1.305862818807881,0.0006723951065465972,0.005123658184189823,0.007685487276284734,0.0,0.0,387,207497.2378391758,0.24041330533893368,0.1125375821150055,0.015649588003610354
IWM,2015,2015-10-29,2015-10-30,-0.002675456810562915,0.002675456810562915,0.15859418455074384,0.0,0.007452416764670011,0.013277394895677471,0.01736434092532625,0.013458218634628878,0.015591727913659276,0.016869829232022536,0.8515666107824834,0.004170974277909023,0.007795863956829638,0.011693795935244458,0.0,0.0,212,115429.21794410594,0.18743578291746293,0.1157718307318425,0.016577128770061865
QQQ,2015,2015-10-30,2015-11-02,0.0026470962456217606,0.0026470962456217606,0.21060328974754997,1.0,0.00491700378957638,0.006848702989524906,0.004779490121569857,0.009322842589710946,0.010564894145512255,0.012569111568935287,0.6482509805774146,0.009856576376431558,0.0052824470727561275,0.007923670609134192,1.0,1.0,162,50826.5261405967,0.2044971646026794,0.06291541453861635,0.018239291598119926
IWM,2015,2015-11-03,2015-11-04,0.0025348800644338088,0.0025348800644338088,0.16416629043193862,1.0,0.006463152988342991,0.013946759424466331,0.016786252330799098,0.012864519850405617,0.014359074834675575,0.015440929180797563,0.9712853777171251,0.0029498396091023338,0.007179537417337787,0.01076930612600668,0.0,0.0,184,88869.7631367051,0.1309587310691068,0.029017378444300593,0.019534735611919252
QQQ,2015,2015-11-03,2015-11-04,0.0033040365738612465,0.0033040365738612465,0.270831249885788,1.0,0.005507998758005561,0.010578764762441873,0.006583018515588234,0.008935362010461339,0.01048198903359767,0.012199613505659294,1.009232572991062,0.0006933168513549859,0.005240994516798835,0.007861491775198253,0.0,0.0,169,62594.04364653321,0.17547133733866638,0.08317210788676865,0.019444467204928203
IWM,2015,2015-11-05,2015-11-06,-0.0031254867863820257,0.0031254867863820257,0.20901994035904192,0.0,0.0011840273357390796,0.012770654292215236,0.009844661764429703,0.012258082098728668,0.013427198482986208,0.014953055584138297,0.9511034121076791,0.006138641103956344,0.006713599241493104,0.010070398862239656,0.0,0.0,221,100887.3250432889,0.1812617864912004,0.055893065786830724,0.017922678007799665
QQQ,2015,2015-11-06,2015-11-09,-0.003745973532069291,0.003745973532069291,0.32481123504600845,0.0,0.002620342888946414,0.010131854785211116,0.005346881521123464,0.00914789120262672,0.010258534044982292,0.011532770815451277,0.9876513292039871,0.013201008483316068,0.005129267022491146,0.007693900533736719,1.0,1.0,159,57684.00857657381,0.11468689744298476,0.030953393730637713,0.018028262522214233
SPY,2015,2015-11-06,2015-11-09,-0.0034755082406835447,0.0034755082406835447,0.37312577773622785,0.0,0.0014302840903592795,0.008868125115082942,0.005876660512581252,0.007221567753209417,0.00864508391522495,0.009314575534742256,1.025799772685282,0.011403723822918321,0.004322541957612475,0.006483812936418712,1.0,1.0,328,194475.44102529236,0.32648208137345697,0.15220864796151004,0.015028821897705658
IWM,2015,2015-11-09,2015-11-10,-0.004243761681336777,0.004243761681336777,0.26595360822652675,0.0,0.010498026397948612,0.01696484654101115,0.0073451113030283,0.012668172379173595,0.014359074834675575,0.015956774227037902,1.1814721168555322,0.003077980618754639,0.007179537417337787,0.01076930612600668,0.0,0.0,177,93273.06493474312,0.16261154199812466,0.037040297063572564,0.019187809459797762
QQQ,2015,2015-11-09,2015-11-10,-0.005283071900443415,0.005283071900443415,0.4377500474459927,0.0,0.006908017762425889,0.014340673145291931,0.0053972038665628065,0.009698777733754722,0.01048198903359767,0.01206869520921117,1.3681251811393917,0.0030187692051535375,0.005240994516798835,0.007861491775198253,0.0,0.0,162,69304.12637622855,0.2027344203030948,0.044869682314153274,0.015940830885487967
SPY,2015,2015-11-09,2015-11-10,-0.0027393662014745246,0.0027393662014745246,0.2784176144406239,0.0,0.0058764308532121,0.01213515156728637,0.004522477946344849,0.007663473887543228,0.008924865806678211,0.009839054928253217,1.3597012918901255,0.0015444377704478818,0.0044624329033391055,0.006693649355008658,0.0,0.0,326,235685.57749333262,0.19607843866628952,0.09383442496429453,0.015240752902726926
QQQ,2015,2015-11-10,2015-11-11,0.002736560398431065,0.002736560398431065,0.23010626416455784,1.0,0.0027440697109326617,0.006727468602445134,0.004518811447546999,0.009533405133534182,0.010258534044982292,0.011892594095022312,0.6557923942101366,0.0048420025485496065,0.005129267022491146,0.007693900533736719,0.0,0.0,156,79810.01237997881,0.22363828465206168,0.0576597827853437,0.014784611437456394
IWM,2015,2015-11-11,2015-11-12,-0.006914781994316166,0.006914781994316166,0.458441805661363,0.0,0.009889258668658751,0.01064994111095233,0.00798546032291787,0.012134847770838586,0.013427198482986208,0.015083227377879899,0.7931618143909186,0.013945772050083294,0.006713599241493104,0.010070398862239656,1.0,1.0,220,111386.8028875446,0.16099813095676807,0.04921521003410658,0.01708244908269885
QQQ,2015,2015-11-11,2015-11-12,-0.004065751166291265,0.004065751166291265,0.34221727107473465,0.0,0.003961589600756765,0.010476296150819547,0.004326169273901366,0.00952379191743049,0.010258534044982292,0.011880613604108168,1.0212274097724292,0.0064308791228187,0.005129267022491146,0.007693900533736719,1.0,0.0,214,87928.46647379102,0.2531797743074841,0.09119922293926075,0.013869067223852545
SPY,2015,2015-11-11,2015-11-12,-0.005969025995837263,0.005969025995837263,0.6296894949196754,0.0,0.0054576760005726754,0.006127914349748268,0.004415490983225299,0.007393283145027156,0.008276832531735858,0.009479316463106447,0.7403694983862493,0.008202287939194974,0.004138416265867929,0.0062076243988018935,1.0,1.0,405,273746.40945034847,0.22038840828611997,0.10261994518002594,0.01410943928742271
IWM,2015,2015-11-12,2015-11-13,-0.0040034732668741135,0.0040034732668741135,0.2700885495177569,0.0,0.012292618264139299,0.015129325875812899,0.010775936332265104,0.011842373332208557,0.013427198482986208,0.014822817457542405,1.1267671283018181,0.006862561623838026,0.006713599241493104,0.010070398862239656,1.0,0.0,220,112676.26668078656,0.20193166744596563,0.06136825967256834,0.016677788851325915
QQQ,2015,2015-11-12,2015-11-13,-0.004194941242971595,0.004194941242971595,0.36113941660398,0.0,0.005679795774894414,0.011270893406295118,0.0051504077102615025,0.00942720886314863,0.010258534044982292,0.011615849863244652,1.0986846031678372,0.0163053464695877,0.005129267022491146,0.007693900533736719,1.0,1.0,220,93149.33392123849,0.25459502321731337,0.10770845350444212,0.014403814340896558
IWM,2015,2015-11-17,2015-11-18,0.0027920748025485054,0.0027920748025485054,0.18328670531253374,1.0,0.0046895432772181556,0.01476339170742137,0.009983646457035828,0.012133216269536297,0.01472175457418045,0.015233373297793543,1.0028282724746644,0.014965641835342991,0.007360877287090225,0.011041315930635337,1.0,1.0,181,114976.16529679006,0.19953699624611732,0.15934346878570654,0.01587816161457738
QQQ,2015,2015-11-17,2015-11-18,0.004036277569819058,0.004036277569819058,0.3180943201009056,1.0,0.00107519707844983,0.009676568633174256,0.012652828922685244,0.010853916301383916,0.01052753045663071,0.012688933170949653,0.9191679542546012,0.01608000163574652,0.005263765228315355,0.007895647842473031,1.0,1.0,169,104037.79999748916,0.25779670872600907,0.19132396213597128,0.015561071148803984
SPY,2015,2015-11-17,2015-11-18,0.002774088976703837,0.002774088976703837,0.26600390546679875,1.0,0.002524415061866625,0.010485889342781699,0.011459824681933848,0.008626820996383783,0.009158152638269215,0.01042875281036084,1.1449786607578765,0.013880803259296304,0.004579076319134607,0.006868614478701911,1.0,1.0,301,233560.26725656187,0.2411966864752718,0.20399500977952614,0.013860870944351025
IWM,2015,2015-11-19,2015-11-20,0.0036188678888071646,0.0036188678888071646,0.24457224241584405,1.0,0.003263525204782791,0.007815215072391447,0.010292457991713636,0.012107257785122224,0.01431343843270293,0.014796723671748632,0.5460054276361346,0.007554921257354019,0.007156719216351465,0.010735078824527199,1.0,0.0,198,175566.2244161297,0.2591455116020805,0.22163729146485486,0.014067224213645943
QQQ,2015,2015-11-19,2015-11-20,0.004748930787750627,0.004748930787750627,0.3850038023864768,1.0,0.00017588743633556447,0.00650897596334777,0.01512561088779207,0.010602833158572005,0.010430754727786507,0.01233476334081378,0.6240177372792112,0.0028008726024002506,0.005215377363893253,0.00782306604583988,0.0,0.0,193,161306.92153688392,0.3075050199961894,0.22343733213604913,0.012589356366871281
SPY,2015,2015-11-19,2015-11-20,0.004315482538070237,0.004315482538070237,0.43010235138342684,1.0,0.00019173156352148002,0.0040750089574704135,0.011658660257931087,0.008386689565751783,0.008924865806678211,0.010033617635870766,0.45659050183378735,0.0031988454462039684,0.0044624329033391055,0.006693649355008658,0.0,0.0,347,355956.88299819466,0.2622562029689109,0.21403726999644107,0.012653371635868884
IWM,2015,2015-11-23,2015-11-24,-0.004344510936895363,0.004344510936895363,0.2917865964782695,0.0,0.005826409994944992,0.010367569993697628,0.008697869570045506,0.011906602881197232,0.01431343843270293,0.014889343750986573,0.724324210597092,0.0027453646321788927,0.007156719216351465,0.010735078824527199,0.0,0.0,175,90298.3077249578,0.1792888922487687,0.11772939326258396,0.017258120815853532
QQQ,2015,2015-11-23,2015-11-24,-0.0064826794032216695,0.0064826794032216695,0.5732568663748302,0.0,0.0032308341602619306,0.01117707664004173,0.00872150315353835,0.008788116779546476,0.01052753045663071,0.011308507204138571,1.0616997676793145,0.005051465284630963,0.005263765228315355,0.007895647842473031,0.0,0.0,185,94365.1896537358,0.23129637177547677,0.10411323615523745,0.015544316694934194
SPY,2015,2015-11-23,2015-11-24,-0.005739762591438158,0.005739762591438158,0.58126437211785,0.0,0.0014805499635328623,0.0069729268365203495,0.007268813166710534,0.008055535724027181,0.008924865806678211,0.009874616210391842,0.7812920650641846,0.002217788182615754,0.0044624329033391055,0.006693649355008658,0.0,0.0,347,206870.03045153082,0.29991907451265304,0.15610801215465983,0.015047398934067533
IWM,2015,2015-11-27,2015-11-30,0.0033438713200146797,0.0033438713200146797,0.24522441168449227,1.0,0.002934569576312329,0.00855206088010093,0.0016686452949865437,0.009476895357446084,0.013358706858340784,0.013635964286936211,0.6401862823092996,0.00041662267252440266,0.006679353429170392,0.010019030143755587,0.0,0.0,180,66373.94706988118,0.33485253039697066,0.020435458827170017,0.017104994188616406
QQQ,2015,2015-11-27,2015-11-30,0.0029744027167080134,0.0029744027167080134,0.2684782063983925,1.0,0.0007867479552856604,0.005419604355877372,0.0036078254806405086,0.008588277635261229,0.01052753045663071,0.01107874920876938,0.514803008949156,0.0,0.005263765228315355,0.007895647842473031,0.0,0.0,181,79854.35500162002,0.18908584389902258,0.06672927950153992,0.018314172761964256
IWM,2015,2015-11-30,2015-12-01,0.004282133860323167,0.004282133860323167,0.3136549325425004,1.0,0.007665374059968921,0.008498555837322895,0.004897916732643109,0.009469198155276548,0.013358706858340784,0.013652372132687366,0.636181026160975,0.002508176993787581,0.006679353429170392,0.010019030143755587,0.0,0.0,174,70334.01835267013,0.08500318474969047,0.0394467437021631,0.016999208368978645
QQQ,2015,2015-11-30,2015-12-01,0.004034438935366813,0.004034438935366813,0.3610697994952766,1.0,0.005495027251877449,0.008722197877810573,0.0019377102681804059,0.008542934348749137,0.01052753045663071,0.011173570708506709,0.8285131934543056,0.005939904657895845,0.005263765228315355,0.007895647842473031,1.0,0.0,182,80789.64768666051,0.2265473767029815,0.11224091797982565,0.01651417812524194
SPY,2015,2015-11-30,2015-12-01,0.00359384729132195,0.00359384729132195,0.37646629641403323,1.0,0.005053623640494664,0.006340890732084326,0.002232228823495585,0.007629540440327895,0.008924865806678211,0.00954626569643695,0.7104746300319302,0.006589022472908823,0.0044624329033391055,0.006693649355008658,1.0,0.0,334,182629.6279894777,0.1663961361581941,0.07698902856647859,0.016450331326111664
IWM,2015,2015-12-02,2015-12-03,0.00278247753204397,0.00278247753204397,0.216373781095866,1.0,0.009437942463291993,0.01327991249231915,0.007930315070313596,0.008758472673237387,0.011905755050645086,0.012859587321308458,1.115419596306881,0.004372291614664903,0.005952877525322543,0.008929316287983814,0.0,0.0,199,108381.76887086505,0.10751620314892193,0.05547448773412804,0.01666078391934726
QQQ,2015,2015-12-02,2015-12-03,0.002708651780292115,0.002708651780292115,0.24276807261158437,1.0,0.006941458149742452,0.012754891285927331,0.006012332224187693,0.008541836242095778,0.01030407546801533,0.011157364109512909,1.2378491719630285,0.0017427408898509356,0.005152037734007665,0.007728056601011498,0.0,0.0,203,107370.38231834138,0.3094913164401647,0.12458390959721924,0.01684231813948478
QQQ,2015,2015-12-03,2015-12-04,0.003021920997556604,0.003021920997556604,0.24941381288135683,1.0,0.01960613417668855,0.02718719665827739,0.009913019035692033,0.009324451177396161,0.010826686395430638,0.012116093181230888,2.51112812039625,0.021976104479100256,0.005413343197715319,0.00812001479657298,1.0,1.0,206,107862.81266878199,0.2485027983938468,0.0909343273574796,0.01916584761892635
IWM,2015,2015-12-07,2015-12-08,-0.009050970023470883,0.009050970023470883,0.6542315865956301,0.0,0.013855808074420994,0.018361068037415423,0.01263191509897049,0.010220773671765474,0.01345815516593937,0.013834504797557476,1.3643079464475645,0.004368338319057585,0.006729077582969685,0.010093616374454526,0.0,0.0,152,103973.03403592591,0.13857695509394646,0.02854253443001125,0.018051502098556348
QQQ,2015,2015-12-07,2015-12-08,-0.010469416758694838,0.010469416758694838,0.8158382263305114,0.0,0.005207415967404816,0.010588449989392216,0.01569653953971169,0.010842289147341986,0.010882763314716973,0.012832711707790805,0.972956011555746,0.0003528039909714842,0.0054413816573584866,0.00816207248603773,0.0,0.0,162,113965.33380017459,0.15586108797342824,0.07131225608420079,0.017010894812228006
SPY,2015,2015-12-07,2015-12-08,-0.008927288485067075,0.008927288485067075,0.8110926381074202,0.0,0.0042058483104371325,0.012091950633079681,0.014211934495182196,0.009607140401383468,0.010666649839369057,0.011006496749739646,1.1336221602072325,0.0034503193608659277,0.005333324919684529,0.007999987379526792,0.0,0.0,283,239459.25549822923,0.184475102326937,0.09296771139044033,0.015554672086882639
IWM,2015,2015-12-08,2015-12-09,-0.0029470742757282675,0.0029470742757282675,0.2158178643548951,0.0,0.003566489782311999,0.013482977245144806,0.010831792071056976,0.009978347942554134,0.013381444868731978,0.013655376882434723,1.0075875495814413,0.012588031024503454,0.006690722434365989,0.010036083651548983,1.0,1.0,160,110422.78222389764,0.18139371854438688,0.048230300794130355,0.02096758256081486
QQQ,2015,2015-12-08,2015-12-09,-0.0043618600015720155,0.0043618600015720155,0.34337008388471985,0.0,0.010668304567156728,0.014283219650285554,0.0149054003488073,0.010551262899244034,0.010882763314716973,0.012703086862501479,1.3124625830068433,0.017201429212748476,0.0054413816573584866,0.00816207248603773,1.0,1.0,165,119141.41369117619,0.15783188661813444,0.07079425499262194,0.016731305517188644
SPY,2015,2015-12-08,2015-12-09,-0.003672358144687582,0.003672358144687582,0.33729495670124454,0.0,0.0022276693439933215,0.012155525401054008,0.013241137764179916,0.009495873247605096,0.010666649839369057,0.010887675821196267,1.1395823041073052,0.009844303250694741,0.005333324919684529,0.007999987379526792,1.0,1.0,282,237400.22702498484,0.15322930857839423,0.06877523323529391,0.01678526804392383
IWM,2015,2015-12-10,2015-12-11,-0.010396666529134069,0.010396666529134069,0.7245409615603294,0.0,0.005004826568433707,0.012555977810513144,0.01034425568024837,0.01010122607808543,0.013559687542352197,0.014349315057004383,0.9259784026214413,0.015601164554953195,0.0067798437711760985,0.010169765656764147,1.0,1.0,204,116873.74537123118,0.26259315292850416,0.07605103207508236,0.020551118643756937
QQQ,2015,2015-12-10,2015-12-11,-0.011552073812709174,0.011552073812709174,0.8570700614240495,0.0,0.0022094564439119058,0.011931118738932238,0.01417671226601132,0.011151527629512084,0.011601006072613678,0.013478564160221664,1.0284555205171257,0.012373510676328747,0.005800503036306839,0.008700754554460259,1.0,1.0,214,129638.98398556167,0.18597528388763307,0.06115037324033486,0.01645154361066243
SPY,2015,2015-12-10,2015-12-11,-0.012240681369023343,0.012240681369023343,1.0297686663215597,0.0,0.002190618986726456,0.01114785953921309,0.01149935248284819,0.009617383266437575,0.01103024408556853,0.01188682640029078,1.0106629964606535,0.009131118291094253,0.005515122042784265,0.008272683064176396,1.0,1.0,364,274680.7830959436,0.22635527451391177,0.12388867074832356,0.015790109195105456
IWM,2015,2015-12-14,2015-12-15,0.0055800804893908484,0.0055800804893908484,0.37683533168662336,1.0,0.006793618642810695,0.018771774582666264,0.00932358814060779,0.010414930118968614,0.013559687542352197,0.014807742321867125,1.3843810577518607,0.0110086430733356,0.0067798437711760985,0.010169765656764147,1.0,1.0,160,86643.50256933525,0.0932347757122465,0.06420370415867466,0.021039532501670077
QQQ,2015,2015-12-14,2015-12-15,0.009226967965905608,0.009226967965905608,0.6530794426555891,1.0,0.006219531249570087,0.020731954219782675,0.013254767087472247,0.011367921626825301,0.012343005012429784,0.014128400563928917,1.6796520943566793,0.005503240697976475,0.006171502506214892,0.009257253759322338,0.0,0.0,169,98889.54602809195,0.14426227638490371,0.11971234268643131,0.02057704749443336
SPY,2015,2015-12-14,2015-12-15,0.008871380512096794,0.008871380512096794,0.7139996444947413,1.0,0.004107420904547743,0.015341248038565687,0.009691663657702741,0.00984233898228816,0.01186691683236811,0.012424908864449908,1.292774547532095,0.006888146962043651,0.005933458416184055,0.008900187624276083,1.0,0.0,288,184817.40938029607,0.13867327011852573,0.09891444911601135,0.020499205092748374
IWM,2015,2015-12-15,2015-12-16,0.006920404450649453,0.006920404450649453,0.46502014402762565,1.0,0.008771106221203251,0.012172205938335947,0.014020001345499205,0.01077881321454837,0.013381444868731978,0.014881945523285395,0.9096331567885002,0.010221197320858355,0.006690722434365989,0.010036083651548983,1.0,1.0,158,108441.85757296637,0.10914518241005104,0.07607389057611075,0.02044895983946278
QQQ,2015,2015-12-15,2015-12-16,0.006767003407990968,0.006767003407990968,0.48421363338977247,1.0,0.0031067467791441317,0.0098526591005685,0.014098845710404892,0.010994124699488054,0.011554097689486984,0.013975243449090999,0.8527415437670555,0.009728473309365882,0.005777048844743492,0.008665573267115239,1.0,1.0,166,112583.76284700652,0.1235675856875243,0.09920767624469108,0.019462493186261778
SPY,2015,2015-12-15,2015-12-16,0.0065356111099286185,0.0065356111099286185,0.5289065544053868,1.0,0.0016121242597679775,0.01582806810682703,0.011855777002460051,0.009513636109144493,0.01186691683236811,0.012356835163966072,1.3337978457601147,0.009788265349882197,0.005933458416184055,0.008900187624276083,1.0,1.0,295,220217.90569716756,0.165636872389468,0.13122090244296583,0.01885271600202041
IWM,2015,2015-12-16,2015-12-17,0.004194733510910265,0.004194733510910265,0.2795789841809991,1.0,0.008282689744470773,0.0160366528247617,0.01578157281433931,0.011342978753122894,0.013381444868731978,0.015003751169632262,1.1984246082599097,0.00026106325246577633,0.006690722434365989,0.010036083651548983,0.0,0.0,189,188624.7613059753,0.27546927688658396,0.17874530130702615,0.0185560250320144
QQQ,2015,2015-12-16,2015-12-17,0.0043867343856291985,0.0043867343856291985,0.3024158377135634,1.0,0.00804814419886335,0.020164489125768008,0.014540095965986252,0.011457348727901705,0.012343005012429784,0.014505637068466448,1.6336774639126979,0.0,0.006171502506214892,0.009257253759322338,0.0,0.0,191,161646.2325338006,0.22389981743810272,0.1651239117541098,0.015791521271039135
IWM,2015,2015-12-17,2015-12-18,-0.004858187676098247,0.004858187676098247,0.3252822390205394,0.0,0.014794226120082188,0.017143861786793387,0.016428612995784856,0.010840308612448751,0.013381444868731978,0.014935299543949232,1.2811667166714513,0.010947605832515972,0.006690722434365989,0.010036083651548983,1.0,1.0,162,173976.07326648978,0.17538670452373842,0.11575816622197349,0.01725902712578654
QQQ,2015,2015-12-17,2015-12-18,-0.006143184146020331,0.006143184146020331,0.42504895378636115,0.0,0.018867955964106398,0.019042629640556762,0.01613385284252728,0.011144178693263306,0.012343005012429784,0.014452886170631604,1.5427871593165725,0.016388922811201523,0.006171502506214892,0.009257253759322338,1.0,1.0,171,162332.47908283953,0.20553764562441953,0.17492405994708735,0.015743510226617765
SPY,2015,2015-12-17,2015-12-18,-0.010202071325118522,0.010202071325118522,0.8003330867052557,0.0,0.01698653258066396,0.017466408331357645,0.015441171136648578,0.009995126235657821,0.012123738017066845,0.012747281718812295,1.4406784695256372,0.014712517712389683,0.006061869008533422,0.009092803512800134,1.0,1.0,291,356184.04519423854,0.2513204796769728,0.1998582562762866,0.015310058064888775
IWM,2015,2015-12-18,2015-12-21,0.006189404298836632,0.006189404298836632,0.4038331056530857,1.0,0.010473994912292395,0.012870556551649225,0.01445838280247058,0.011265917526265582,0.013381444868731978,0.015326639178893028,0.9618211394887162,0.0041009101540665505,0.006690722434365989,0.010036083651548983,0.0,0.0,146,90613.91844338922,0.22487738141295566,0.0641429823944666,0.020920113139491263
QQQ,2015,2015-12-18,2015-12-21,0.009469187819254765,0.009469187819254765,0.6215129516207485,1.0,0.016124657051428626,0.0183641984484642,0.01585755097465978,0.012140948497726753,0.01290245802786348,0.01523570473400678,1.4233100707482118,0.001803886924214515,0.00645122901393174,0.009676843520897609,0.0,0.0,138,51296.117497638515,0.17996312901199504,0.022540979287901025,0.0206456671992786
SPY,2015,2015-12-18,2015-12-21,0.006949301869602076,0.006949301869602076,0.5046207732240041,1.0,0.013562163742448008,0.015288212158644145,0.016771523803826936,0.011213847798217014,0.012544457571127824,0.013771335304338017,1.2187224574645072,0.0023335545015510384,0.006272228785563912,0.009408343178345869,0.0,0.0,290,349262.4674648998,0.4871763076528162,0.430528823602876,0.011686831412921053
IWM,2015,2015-12-21,2015-12-22,0.0028490001397227793,0.0028490001397227793,0.1864240034889271,1.0,0.0013372695758895325,0.01007397050783596,0.014308055213642817,0.011310545648353267,0.013381444868731978,0.015282367540679919,0.7528312978649642,0.007812475658614426,0.006690722434365989,0.010036083651548983,1.0,0.0,155,103276.23407806881,0.15334305764011258,0.048604875305779685,0.018754909779718422
QQQ,2015,2015-12-21,2015-12-22,0.0053128889840339255,0.0053128889840339255,0.34449936715750595,1.0,0.0016235257573431472,0.009199933415694366,0.01643789111359706,0.012336674851281199,0.01290245802786348,0.015422057311370502,0.7130372674591668,0.0026872362360979007,0.00645122901393174,0.009676843520897609,0.0,0.0,157,67620.0531471138,0.15218744859874503,0.08330488507450079,0.018677897469003626
SPY,2015,2015-12-21,2015-12-22,0.0052065406916808055,0.0052065406916808055,0.3756554759877331,1.0,0.0012908718639026429,0.008887386487142115,0.017151636868647346,0.011382407224394353,0.012544457571127824,0.013859882324331732,0.7084711663896269,0.005574215055288212,0.006272228785563912,0.009408343178345869,0.0,0.0,266,201202.05995666163,0.17551214490816588,0.07394127551388115,0.01757680294794767
IWM,2015,2015-12-22,2015-12-23,0.005028669629443039,0.005028669629443039,0.3237086998491098,1.0,0.006303258951703361,0.015358626925721097,0.013357401080937518,0.01148259002187367,0.013559687542352197,0.015534551996245543,1.132668203286404,0.009129221666462906,0.0067798437711760985,0.010169765656764147,1.0,0.0,164,123274.12045201486,0.1531351748775516,0.034246865100393105,0.01838429590307289
QQQ,2015,2015-12-22,2015-12-23,0.005188780080413791,0.005188780080413791,0.339941851657129,1.0,0.0012540253530439749,0.007972047604032508,0.016490714216274533,0.012459369658993415,0.01290245802786348,0.015263728355657957,0.6178704543596644,0.002937004532414411,0.00645122901393174,0.009676843520897609,0.0,0.0,151,83218.2808779262,0.16397013213491085,0.06753106207230569,0.017995176400098043
SPY,2015,2015-12-22,2015-12-23,0.005847677844748267,0.005847677844748267,0.41527795672401313,1.0,0.003847665620560381,0.011345713486128969,0.01692131641864242,0.011639625908434264,0.012544457571127824,0.014081358642001163,0.9044403412262424,0.006741926163235767,0.006272228785563912,0.009408343178345869,1.0,0.0,258,238490.7214399057,0.19378923366760437,0.08965345890505734,0.01614973871352405
IWM,2015,2015-12-23,2015-12-24,-0.0029621566606250482,0.0029621566606250482,0.19169419940909194,0.0,0.007549162782430674,0.010797013231293751,0.01269774619172382,0.0117587170332933,0.013381444868731978,0.01545251066415187,0.806864530490486,0.0025405248502041733,0.006690722434365989,0.010036083651548983,0.0,0.0,185,118491.27823036528,0.23486886090436324,0.0376731561116372,0.01693992337535927
IWM,2015,2015-12-24,2015-12-28,-0.004541455397959915,0.004541455397959915,0.2952667484091872,0.0,0.0005242708608335089,0.008825603938164839,0.011320142670996671,0.01155811567818356,0.013381444868731978,0.01538085620012405,0.6595404326469531,0.009029782938455577,0.006690722434365989,0.010036083651548983,1.0,0.0,157,116712.34466288023,0.3102461087602424,0.21336083710990963,0.018621420512393294
SPY,2015,2015-12-24,2015-12-28,-0.00398673713841613,0.00398673713841613,0.2811410535067242,0.0,0.0001944805788667292,0.004423506011615727,0.014668985291988332,0.012027052856610326,0.012544457571127824,0.01418055843744207,0.3526263281241284,0.0045111216923203745,0.006272228785563912,0.009408343178345869,0.0,0.0,285,215877.78272184668,0.22110187805709922,0.10717751761786892,0.015649714928381183
IWM,2015,2015-12-28,2015-12-29,0.004474880501605494,0.004474880501605494,0.2863853170743026,1.0,8.775342986389045e-05,0.009738555690997349,0.007555903892263358,0.011492212349715576,0.013381444868731978,0.01562538382665927,0.7277656326749244,0.007075450164587105,0.006690722434365989,0.010036083651548983,1.0,0.0,160,116448.73158187629,0.10128706786524569,0.05515980591306893,0.01684559568290832
QQQ,2015,2015-12-28,2015-12-29,0.005953951623685505,0.005953951623685505,0.39188493557062726,1.0,0.0018696499736754468,0.009259267435479415,0.005074814614962499,0.012587327367775148,0.012343005012429784,0.015193111761277328,0.7501631431045397,0.011925849292494961,0.006171502506214892,0.009257253759322338,1.0,1.0,169,77257.38691610232,0.2637606058299387,0.13340118873974016,0.01955215894278339
SPY,2015,2015-12-28,2015-12-29,0.006334914236328482,0.006334914236328482,0.44056690734737314,1.0,0.0017085136311276727,0.006443386027028004,0.00668674087819217,0.012022180312334657,0.012544457571127824,0.014379006073040346,0.5136440528012965,0.006198241312018071,0.006272228785563912,0.009408343178345869,0.0,0.0,280,231129.71675079374,0.23538286805377184,0.11581046156303926,0.015763228218959036
IWM,2015,2015-12-30,2015-12-31,-0.0042090788589974615,0.0042090788589974615,0.2640566961258458,0.0,0.00877881016462112,0.011734015109184889,0.00995662665228598,0.011825127695277918,0.013381444868731978,0.015940057270850166,0.8768870046764091,0.009332462913758777,0.006690722434365989,0.010036083651548983,1.0,0.0,205,134405.40530978297,0.13357924831654203,0.07861128840397666,0.0150535484332652
QQQ,2015,2015-12-30,2015-12-31,-0.0035313314058340595,0.0035313314058340595,0.22618400662184227,0.0,0.008143610595692685,0.008668983276927921,0.009327072248487849,0.013041439888605493,0.012649556228748863,0.015612648562451648,0.6853191622031589,0.009209642725483969,0.0063247781143744315,0.009487167171561648,1.0,0.0,199,91366.26173634728,0.1415578472423659,0.07702486474849234,0.017685311133554822
SPY,2015,2015-12-30,2015-12-31,-0.0038847560890669097,0.0038847560890669097,0.2665293857788374,0.0,0.005697493752560678,0.007001169440191566,0.008609063714246062,0.012136067916651689,0.012544457571127824,0.01457533876692467,0.5581085830530748,0.006180457133482253,0.006272228785563912,0.009408343178345869,0.0,0.0,371,263973.8030535744,0.2771562762318181,0.15392066643216915,0.01372380074245875
IWM,2015,2015-12-31,2016-01-04,-0.017847647728737703,0.017847647728737703,1.1191316344358293,0.0,0.008277517014974478,0.01285663187619688,0.009077757415974334,0.011893694708810673,0.013176766898397016,0.015947764480569764,0.9757045848447784,0.014026391213914469,0.006588383449198508,0.009882575173797762,1.0,1.0,184,71390.27382871555,0.11115311492899782,0.0,0.018374392213976572
QQQ,2015,2015-12-31,2016-01-04,-0.021544820748788274,0.021544820748788274,1.3805790443436066,0.0,0.008948366365314486,0.0109861385929807,0.010903973575047205,0.013252801390971517,0.012237669955251315,0.01560564086283934,0.8977312374948003,0.012301092932613722,0.006118834977625658,0.009178252466438486,1.0,1.0,179,67252.96313961654,0.12159163153452324,0.0,0.018545978937597702
SPY,2015,2015-12-31,2016-01-04,-0.016579142124767188,0.016579142124767188,1.149883015781324,0.0,0.006142493714387687,0.009847434428790335,0.007916686301953298,0.012128160540868047,0.012123738017066845,0.014418112014205176,0.8122440797489926,0.00956749680402158,0.006061869008533422,0.009092803512800134,1.0,1.0,311,166949.44395279756,0.13399622846569653,0.0,0.017393206858580746
IWM,2016,2016-01-04,2016-01-05,0.0036360468876599494,0.0036360468876599494,0.22550560202609587,1.0,0.005424450509088463,0.01582135422062573,0.012438456363296237,0.012368684706035245,0.013176766898397016,0.016123975879052354,1.2007007745238654,0.0015396989702631814,0.006588383449198508,0.009882575173797762,0.0,0.0,170,74177.31431990908,0.2033469349029988,0.01788247142485903,0.019192423762866218
QQQ,2016,2016-01-04,2016-01-05,0.004931515210295334,0.004931515210295334,0.309878897692171,1.0,0.00045685749796287034,0.013522117577024125,0.01395747187764513,0.013543767212425234,0.012237669955251315,0.015914330556300826,1.104958511421665,0.0012722590738245554,0.006118834977625658,0.009178252466438486,0.0,0.0,163,66635.4335545496,0.29950963071739173,0.07468885360432176,0.016339583634882252
IWM,2016,2016-01-05,2016-01-06,-0.014058984596442725,0.014058984596442725,0.8836407418182937,0.0,0.0014491772194759056,0.009328853773513198,0.013234540855347858,0.012054558219212207,0.012863594213923052,0.015910294683236466,0.7252136236866062,0.006481453224464806,0.006431797106961526,0.009647695660442289,1.0,0.0,173,81380.684615399,0.1932965680745606,0.02291080324087118,0.018894175328862076
QQQ,2016,2016-01-05,2016-01-06,-0.01738170285353735,0.01738170285353735,1.136709496721934,0.0,0.006633981741730244,0.012540869156092876,0.01386112761052652,0.0122402233824063,0.012235993947512557,0.015291244512043806,1.0249162601655502,0.0,0.006117996973756278,0.009176995460634418,0.0,0.0,177,76447.6874702101,0.11967681946871774,0.04310515437399411,0.0170417740635133
SPY,2016,2016-01-05,2016-01-06,-0.014998034680705485,0.014998034680705485,1.0668726301600282,0.0,0.0001985764019107883,0.009185654919520113,0.009905645977246871,0.011152266981194583,0.011718832059604325,0.01405794305404181,0.7838370643763843,0.00374488973440279,0.005859416029802163,0.008789124044703243,0.0,0.0,278,204663.58650380373,0.17290733636844346,0.054303884217034186,0.01636330273631897
IWM,2016,2016-01-06,2016-01-07,-0.017039683884325307,0.017039683884325307,1.0671784169668603,0.0,0.0011959269279452345,0.014719397599274429,0.009221039593661107,0.012065468957429699,0.012863594213923052,0.015967043198601767,1.144267873697596,0.011659905032153084,0.006431797106961526,0.009647695660442289,1.0,1.0,204,68317.06921171842,0.10332419359578919,0.018310404684820702,0.02045862825939588
QQQ,2016,2016-01-06,2016-01-07,-0.02133756828381972,0.02133756828381972,1.3651204141640534,0.0,0.007913587609539752,0.013778937501900068,0.006992054518604773,0.012336366616578345,0.012542545163831634,0.015630539300729756,1.0985758729124422,0.01087681916041583,0.006271272581915817,0.009406908872873727,1.0,1.0,212,74024.39774259519,0.2056365916812962,0.03390748111483025,0.01697121721608057
SPY,2016,2016-01-06,2016-01-07,-0.01755359302181725,0.01755359302181725,1.2200060046599532,0.0,0.0024201421558482927,0.012402901585655476,0.0062253104946322895,0.011373561770514346,0.011750619443591489,0.014388120185285385,1.0555104473594137,0.00898809611074669,0.005875309721795744,0.008812964582693617,1.0,1.0,316,193949.35230990167,0.1721492736113164,0.0761895830245071,0.01726423978530686
QQQ,2016,2016-01-07,2016-01-08,0.007247015227723974,0.007247015227723974,0.43875451792049047,1.0,0.010193433060576185,0.023407299937395036,0.011342307654531545,0.013857016976953506,0.012542545163831634,0.016517243542178754,1.8662320630818694,0.006248259767781317,0.006271272581915817,0.009406908872873727,0.0,0.0,206,54893.961190909075,0.1486695389533126,0.054935096820191556,0.024773555726352092
SPY,2016,2016-01-07,2016-01-08,0.005874771304921644,0.005874771304921644,0.38940247734835787,1.0,0.006553006539179673,0.019710265025469985,0.009209909038302854,0.012343090824138394,0.011757954190701206,0.015086630534366369,1.676334565162524,0.0033813394838575483,0.005878977095350603,0.008818465643025904,0.0,0.0,272,147819.2178241111,0.1777984834308504,0.03185685253342216,0.021140272805247107
IWM,2016,2016-01-08,2016-01-11,0.0034665442045362926,0.0034665442045362926,0.20460399154123451,1.0,0.01908004363895377,0.026730840920390186,0.01116747802112389,0.013390994804353306,0.012863594213923052,0.016942700767583356,2.078022710904373,0.005469721714153053,0.006431797106961526,0.009647695660442289,0.0,0.0,168,40815.22259206582,0.13092837026951068,0.11805858650549665,0.021727945026698534
QQQ,2016,2016-01-08,2016-01-11,0.007114679824737458,0.007114679824737458,0.4301470460457624,1.0,0.015336506289032159,0.022626142684777,0.011755232394075582,0.013656323799503309,0.012542545163831634,0.01654011085311636,1.8039514619427464,0.00295940390065641,0.006271272581915817,0.009406908872873727,0.0,0.0,164,50323.10365366333,0.18458724538978197,0.15852703215011163,0.02197279527767321
SPY,2016,2016-01-08,2016-01-11,0.0056794307434866464,0.0056794307434866464,0.3761300998808329,1.0,0.016752929102721636,0.021876142318010078,0.00917320128807646,0.012426752487764212,0.011757954190701206,0.015099644365835191,1.8605398492971554,0.002072478973410119,0.005878977095350603,0.008818465643025904,0.0,0.0,220,99538.54373918592,0.06272701491949575,0.0626013882889167,0.022340820559973627
IWM,2016,2016-01-11,2016-01-12,0.00793036443639683,0.00793036443639683,0.4530300173165592,1.0,0.007772743169656593,0.02370215183190762,0.011332781334909864,0.013261091045507207,0.013794977075461828,0.017505163307656522,1.7181726147315197,0.007388184936169884,0.006897488537730914,0.01034623280659637,1.0,0.0,164,46434.35427565119,0.06350034945952876,0.05351512937398057,0.020105356486647002
QQQ,2016,2016-01-11,2016-01-12,0.009584970597617204,0.009584970597617204,0.5617643294882481,1.0,0.004009529059143757,0.02224338140009696,0.013190684208086454,0.013612756770740567,0.01303316937429726,0.01706226275767429,1.7066747742850006,0.007120478372372618,0.00651658468714863,0.009774877030722946,1.0,0.0,172,61167.115751907346,0.23598011173382885,0.20355707993406683,0.018932559344617506
SPY,2016,2016-01-11,2016-01-12,0.00890118530234929,0.00890118530234929,0.5751115815694702,1.0,0.0046629393404418185,0.018600054090792052,0.010674968593769214,0.012392166129332124,0.01228654824046446,0.015477318815347276,1.513855130567487,0.0037663589926397734,0.00614327412023223,0.009214911180348345,0.0,0.0,260,133520.10617287375,0.10610579125828666,0.10043378032697031,0.0196306977846652
QQQ,2016,2016-01-12,2016-01-13,0.0040742874876411594,0.0040742874876411594,0.24195396665596117,1.0,0.0019937252522741478,0.018987942326327154,0.016176622257451985,0.013273476754609577,0.01303316937429726,0.016839101850454324,1.4568936979959235,0.0024535447129887533,0.00651658468714863,0.009774877030722946,0.0,0.0,168,78210.01891649693,0.11976067480978213,0.1055901530073663,0.01764625201490557
SPY,2016,2016-01-12,2016-01-13,0.004079279516647993,0.004079279516647993,0.2665166054373199,1.0,0.000825527066675491,0.017593661816373684,0.012494561169864481,0.012041770305625478,0.01228654824046446,0.015305911276914299,1.4319450403841496,0.0021085300516539007,0.00614327412023223,0.009214911180348345,0.0,0.0,260,169938.32670760193,0.12395061703861483,0.10593762578930754,0.018487794261978985
IWM,2016,2016-01-13,2016-01-14,0.004781862622707411,0.004781862622707411,0.2508647104573332,1.0,0.0339717667624202,0.04590507626751031,0.014759566794121581,0.014210728563913144,0.013794977075461828,0.019061519709129057,3.3276660059961354,0.018342241353617617,0.006897488537730914,0.01034623280659637,1.0,1.0,176,41060.50743188196,0.235034945291424,0.13087606122325499,0.020584328830251113
QQQ,2016,2016-01-13,2016-01-14,0.003925431991061545,0.003925431991061545,0.2189522155456888,1.0,0.03840709302576728,0.04237053356084005,0.020477337490454904,0.014857470193948886,0.01303316937429726,0.017928258827060943,3.250976976053044,0.02619746065716,0.00651658468714863,0.009774877030722946,1.0,1.0,189,55558.94665421307,0.17160473775747256,0.1134969604701472,0.018307142195298127
SPY,2016,2016-01-13,2016-01-14,0.0038129598777809637,0.0038129598777809637,0.23520584812512402,1.0,0.028902006713239503,0.03332474070063307,0.014722767566757342,0.012949722667610658,0.01228654824046446,0.01621116102416194,2.712294783565129,0.01957262672301341,0.00614327412023223,0.009214911180348345,1.0,1.0,284,128087.14285436177,0.11749443504420826,0.08867069484866369,0.018468452843503593
IWM,2016,2016-01-14,2016-01-15,-0.026432100822860627,0.026432100822860627,1.3227725354394082,0.0,0.00902236790807076,0.03489982769943726,0.017860522225403148,0.014171560506029161,0.015039012262497764,0.019982347769323935,2.3206196717098027,0.016100909244477046,0.007519506131248882,0.011279259196873323,1.0,1.0,197,59240.838789521134,0.11079026535612488,0.09644967177092359,0.019635992185540446
SPY,2016,2016-01-14,2016-01-15,-0.02688474235518179,0.02688474235518179,1.5912321906791365,0.0,0.012555998869457019,0.029543607251736367,0.016250407769037124,0.013348133790921712,0.01228654824046446,0.016895549570114847,2.4045489972877485,0.006737817869841178,0.00614327412023223,0.009214911180348345,1.0,0.0,345,185025.44284603838,0.2016275183262327,0.17596049653824833,0.01435172069524614
IWM,2016,2016-01-15,2016-01-19,0.009488582922303479,0.009488582922303479,0.4472648927648312,1.0,0.010496577475853197,0.028058122001624133,0.017726284990659463,0.013537073827515352,0.015039012262497764,0.021214683011779575,1.8656891497848995,0.001286210090140294,0.007519506131248882,0.011279259196873323,0.0,0.0,148,19200.13201166147,0.2693379503964985,0.18355982609111215,0.022281126511234064
QQQ,2016,2016-01-15,2016-01-19,0.013585906350011001,0.013585906350011001,0.663380317590172,1.0,0.002186380295204904,0.024150270710048514,0.02537492979851737,0.016275123062447026,0.013650527539462096,0.020479815257956148,1.7691822268577442,0.0015654404025298163,0.006825263769731048,0.010237895654596572,0.0,0.0,140,23209.289541711405,0.2176609064693096,0.20025344622927643,0.01785480613505677
SPY,2016,2016-01-15,2016-01-19,0.011447788633311085,0.011447788633311085,0.6471353248949335,1.0,0.005568310019502087,0.017347487071042132,0.018240021556574965,0.013248672251244199,0.01228654824046446,0.01768994550740945,1.4119089211655067,0.0007896077657563172,0.00614327412023223,0.009214911180348345,0.0,0.0,243,48528.05826942587,0.16663754916394743,0.12584998218252003,0.02034201368020618
IWM,2016,2016-01-19,2016-01-20,-0.01356683591610397,0.01356683591610397,0.6143893840006879,0.0,0.02275653565551161,0.03423369046126397,0.01783327763171247,0.013596553713933769,0.015039012262497764,0.022081820209459837,2.2763257229752565,0.02493165166684541,0.007519506131248882,0.011279259196873323,1.0,1.0,142,24424.426134611265,0.11258764068474468,0.07842357466634005,0.02069795705762801
QQQ,2016,2016-01-19,2016-01-20,-0.015733191928574475,0.015733191928574475,0.7579288295199432,0.0,0.011251360299186275,0.024361662415300172,0.025298724137489265,0.01624091612975212,0.013650527539462096,0.02075813891198671,1.7846682001756653,0.02282777604836128,0.006825263769731048,0.010237895654596572,1.0,1.0,142,32091.885146688524,0.2138089963359436,0.1895572219024877,0.01755199054554418
SPY,2016,2016-01-19,2016-01-20,-0.016111872905628544,0.016111872905628544,0.9023216986346863,0.0,0.010002153548748671,0.02058329924150262,0.018264844502464357,0.01309293739237944,0.01228654824046446,0.017856018457727007,1.6752711045168633,0.02215221750188623,0.00614327412023223,0.009214911180348345,1.0,1.0,248,64979.21520998945,0.1415311403828734,0.10262125873897085,0.01983388817727341
QQQ,2016,2016-01-20,2016-01-21,0.004267993103481693,0.004267993103481693,0.19474608403794863,1.0,0.012868189037786637,0.04604405121995145,0.02352316755443348,0.015740845588331682,0.013650527539462096,0.02191568125523912,3.373060204951305,0.011563531976837238,0.006825263769731048,0.010237895654596572,1.0,1.0,188,50582.48117608031,0.1825606182812004,0.14336571749486557,0.018837085346652748
SPY,2016,2016-01-20,2016-01-21,0.003016497903550075,0.003016497903550075,0.1630531264907249,1.0,0.0033507816098892196,0.03502132502993949,0.017134205336494943,0.012455839002899845,0.01228654824046446,0.018500092383825988,2.850379483686103,0.014284884310259871,0.00614327412023223,0.009214911180348345,1.0,1.0,318,129006.35076763332,0.14560535317809883,0.05001100098692322,0.020612179473745124
IWM,2016,2016-01-21,2016-01-22,0.017180440930442353,0.017180440930442353,0.6947885494152715,1.0,0.003825680819565802,0.02547071742729417,0.012447259754067989,0.013315495898701495,0.01732785342796333,0.02472758214697303,1.4699291826989982,0.00953799373987918,0.008663926713981664,0.012995890070972497,1.0,0.0,190,69754.49614810295,0.12506044757724355,0.05924265218565859,0.019098975998806063
QQQ,2016,2016-01-21,2016-01-22,0.02012889251374439,0.02012889251374439,0.8903927896168722,1.0,0.0032615322203928265,0.025004929547993437,0.01879738394357774,0.015381966994028847,0.01638343991411361,0.022606755971604022,1.5262319561139779,0.00903966106146914,0.008191719957056805,0.012287579935585208,1.0,0.0,198,61491.870889541635,0.22681169175873805,0.19010550373601992,0.016844698159563763
SPY,2016,2016-01-21,2016-01-22,0.01655148265831974,0.01655148265831974,0.8632083161399762,1.0,0.00257771177827526,0.022716264298507496,0.015031544291197173,0.012336269363805556,0.014875194328348804,0.019174378129642327,1.5271238679023749,0.005163851479832449,0.007437597164174402,0.011156395746261604,0.0,0.0,373,182410.1458029382,0.17921173738683602,0.11134920546614614,0.01986383419268001
IWM,2016,2016-01-22,2016-01-25,-0.006214904466240068,0.006214904466240068,0.24563307692851089,0.0,0.007153514255218374,0.014704454391419543,0.0163026068954409,0.014620888935198365,0.01732785342796333,0.02530157804459232,0.8486021914110724,0.019119872724562947,0.008663926713981664,0.012995890070972497,1.0,1.0,159,65173.03241016651,0.06036756668608122,0.02615103863349211,0.023373759137862753
QQQ,2016,2016-01-22,2016-01-25,-0.0035655307811193193,0.0035655307811193193,0.1506123524086408,0.0,0.008650849663770499,0.012441668093593867,0.021307188130730258,0.016976129830753466,0.01638343991411361,0.023673561458261647,0.7594051163135721,0.01233603038730946,0.008191719957056805,0.012287579935585208,1.0,1.0,160,40247.6460388109,0.09559749175016335,0.03914877976357659,0.02188855687096188
SPY,2016,2016-01-22,2016-01-25,-0.003149307632061338,0.003149307632061338,0.15991058201874786,0.0,0.003899280735187638,0.009906152577278475,0.016353253171044555,0.01319878582635741,0.014875194328348804,0.019694179036207335,0.6659511370819241,0.01339306577978272,0.007437597164174402,0.011156395746261604,1.0,1.0,312,148957.1399592936,0.17870377685534108,0.07206694285422668,0.02087882382290218
IWM,2016,2016-01-25,2016-01-26,0.004035450821233688,0.004035450821233688,0.1562047828547337,1.0,0.01608095246714436,0.022136225970038458,0.017871648458684324,0.014425621241690945,0.020485289302669695,0.025834361454774087,1.080591327902487,0.018890724941995618,0.010242644651334848,0.01536396697700227,1.0,1.0,159,64351.20202962573,0.09437563276828632,0.025956140911245176,0.022147819885803163
QQQ,2016,2016-01-25,2016-01-26,0.004206204549113135,0.004206204549113135,0.1741129757365105,1.0,0.011315262588777464,0.0178916677642222,0.016072314513456965,0.016946954301174957,0.018439805045274676,0.02415790397769371,0.9702742366469357,0.009058958139551487,0.009219902522637338,0.013829853783956007,0.0,0.0,160,51162.99757913915,0.16024766126560974,0.06158030715166741,0.018990992208463613
SPY,2016,2016-01-25,2016-01-26,0.004156889692144672,0.004156889692144672,0.20911049154977784,1.0,0.012005048448182287,0.014427075930874922,0.014549238489490376,0.01291860815779048,0.015887281500958528,0.01987891502399889,0.908089652090856,0.01119838993130462,0.007943640750479264,0.011915461125718896,1.0,0.0,304,151346.36339536097,0.1348363714009203,0.04515524539792203,0.021308979373288465
IWM,2016,2016-01-26,2016-01-27,-0.005044531591768653,0.005044531591768653,0.19004049487627253,0.0,0.015876224722167542,0.022307086973337366,0.018685392745364807,0.015635612559810774,0.02222165647168791,0.026544508816675822,1.00384447044973,0.015445172794314788,0.011110828235843955,0.01666624235376593,1.0,0.0,160,80893.6441093365,0.09365551829642192,0.04568811081710562,0.022328956815514403
QQQ,2016,2016-01-26,2016-01-27,-0.005816756812849544,0.005816756812849544,0.23366946437389977,0.0,0.0047730162311534485,0.017825775729400115,0.016289795196845314,0.017197836745448246,0.018439805045274676,0.024893097728601887,0.9667008781076072,0.023964068789941395,0.009219902522637338,0.013829853783956007,1.0,1.0,168,59213.01200664998,0.1552174068772836,0.08295325730222926,0.02059002100985303
SPY,2016,2016-01-26,2016-01-27,-0.0032597009838870594,0.0032597009838870594,0.15956904845954617,0.0,0.00944697376390402,0.013321274446597598,0.01583624927547141,0.013538997553393408,0.015887281500958528,0.02042815330012735,0.838486713148117,0.013471636401960252,0.007943640750479264,0.011915461125718896,1.0,1.0,302,176143.25517994002,0.21104196565077377,0.10155799130697482,0.01863475945946827
IWM,2016,2016-01-27,2016-01-28,0.008424470715053589,0.008424470715053589,0.31059954525628386,1.0,0.008748357545038332,0.02515159430763261,0.020473288050541046,0.01572357444636905,0.023004619402622495,0.027123255148691017,1.0933279906715327,0.003978059516104526,0.011502309701311247,0.01725346455196687,0.0,0.0,197,76995.59126304334,0.22340047834244414,0.09727088240604725,0.019838624073165518
QQQ,2016,2016-01-27,2016-01-28,0.016603680041191726,0.016603680041191726,0.6418697789000387,1.0,0.01921015272626414,0.02769377136397798,0.020983163910596712,0.017776601848326124,0.020615661863212058,0.025867676882443617,1.343336515108281,0.0003912069978224686,0.010307830931606029,0.015461746397409043,0.0,0.0,199,61561.64903651917,0.11461762010259173,0.05075782066089793,0.02031074816772278
SPY,2016,2016-01-27,2016-01-28,0.009727325697963973,0.009727325697963973,0.45909308406904314,1.0,0.00764846995588897,0.02373668085524232,0.015390572488388573,0.01362402585556893,0.017470574443707906,0.021188133813187824,1.3586663066932625,0.0012633724252100187,0.008735287221853953,0.01310293083278093,0.0,0.0,378,182819.35592178477,0.13619302401459438,0.07201095077477797,0.01926934826164604
IWM,2016,2016-01-28,2016-01-29,0.0035108683473732416,0.0035108683473732416,0.12807933451337333,1.0,0.008552964537543395,0.01720532744935425,0.020403181138165492,0.01527131581807963,0.023004619402622495,0.027411669187012024,0.747907502759766,0.02938826883746981,0.011502309701311247,0.01725346455196687,1.0,1.0,193,86688.04721318363,0.24001630905428242,0.10822660627942254,0.01861793408776064
SPY,2016,2016-01-28,2016-01-29,0.004812033521084835,0.004812033521084835,0.22520378487884174,1.0,0.004474658209482896,0.016003333221144233,0.015373379962327304,0.01336140752064057,0.017470574443707906,0.02136746291219608,0.9160164293800822,0.020313653949912025,0.008735287221853953,0.01310293083278093,1.0,1.0,366,208162.81124349748,0.23084994500012018,0.11895392766927947,0.018101692935548135
IWM,2016,2016-01-29,2016-02-01,-0.007964255071053916,0.007964255071053916,0.27968456076346343,0.0,0.029188306099786177,0.03018796726132575,0.02292040572238628,0.017654403896076653,0.024426873069770115,0.02847584811014826,1.2358506623054168,0.008790117428626454,0.012213436534885058,0.018320154802327585,0.0,0.0,168,74528.23966275938,0.18719129420558014,0.03245898033116442,0.0225921118572185
QQQ,2016,2016-01-29,2016-02-01,-0.0048016903216002715,0.0048016903216002715,0.18042582341940355,0.0,0.021182661634373767,0.021869135047988045,0.019709018231847432,0.01860818360158764,0.022056258224042502,0.026613099115189533,0.991516096059735,0.00387478333311031,0.011028129112021251,0.016542193668031877,0.0,0.0,168,55536.19041907128,0.14237352372448972,0.07045966735852918,0.022566067863017753
SPY,2016,2016-01-29,2016-02-01,-0.006142899204561236,0.006142899204561236,0.2762931839103571,0.0,0.01947161806678488,0.021050415272407762,0.01654619970980897,0.01481642216181799,0.018096857953582866,0.022233263657181965,1.1632082943017268,0.003596760084330519,0.009048428976791433,0.01357264346518715,0.0,0.0,301,154052.58748643837,0.14800900587340962,0.02941146656609474,0.020617510242414722
IWM,2016,2016-02-01,2016-02-02,-0.011318138910069275,0.011318138910069275,0.39437974653396096,0.0,0.0034266543588463705,0.01801445416962772,0.019040037251684218,0.01756586947149021,0.024426873069770115,0.028698580516721955,0.7374850689309803,0.015636015239825163,0.012213436534885058,0.018320154802327585,1.0,0.0,166,78934.8317445556,0.2564162799801898,0.051643129104205106,0.021678412590616
QQQ,2016,2016-02-01,2016-02-02,-0.004597292788983909,0.004597292788983909,0.1719531482706956,0.0,0.0075268400015873205,0.015150050530107838,0.017674546390158506,0.018555647395940907,0.022056258224042502,0.026735729093756773,0.6868821708658395,0.020522427753736583,0.011028129112021251,0.016542193668031877,1.0,1.0,155,59292.834052158454,0.14549972370689113,0.07438183331039785,0.02069168717018629
SPY,2016,2016-02-01,2016-02-02,-0.008727019033734518,0.008727019033734518,0.3888993583299104,0.0,0.005817249905410327,0.014231576951833963,0.013430309529310364,0.014731362016679852,0.018096857953582866,0.022440301961957027,0.7864114858135556,0.012767824804557737,0.009048428976791433,0.01357264346518715,1.0,0.0,299,179555.79221946493,0.15178614305231355,0.04610210093488101,0.019852251469174517
IWM,2016,2016-02-02,2016-02-03,0.007778208902989192,0.007778208902989192,0.27336195247221795,1.0,0.010362212896319334,0.01677691253249062,0.020858057124857166,0.017479409961566054,0.024426873069770115,0.02845388260013873,0.6868219474744464,9.897225877786298e-05,0.012213436534885058,0.018320154802327585,0.0,0.0,160,75540.07645137682,0.19207917044351996,0.055401559121894026,0.01985974681826214
QQQ,2016,2016-02-02,2016-02-03,0.0066568800295465635,0.0066568800295465635,0.25316407644169553,1.0,0.017126900549121138,0.020494610570172628,0.020713369675218352,0.01858371436282756,0.022056258224042502,0.02629472602555309,0.9291970724133255,0.0,0.011028129112021251,0.016542193668031877,0.0,0.0,155,66259.32904513626,0.16243841898499678,0.07786413726220098,0.01830193467341248
SPY,2016,2016-02-02,2016-02-03,0.006573411737102797,0.006573411737102797,0.29601225832114125,1.0,0.009376969101907107,0.012658928159928891,0.016315203448740122,0.01492414628603735,0.018096857953582866,0.02220655243936336,0.6995097266275796,0.0019329978063249431,0.009048428976791433,0.01357264346518715,0.0,0.0,295,172575.45098494962,0.20716046303933616,0.07216046612322405,0.01870165335473357
IWM,2016,2016-02-03,2016-02-04,-0.004083294962213935,0.004083294962213935,0.13866753851697305,0.0,0.0064317624400050954,0.028992681337410398,0.019693909343890086,0.017462781836561306,0.025311155867463388,0.029446653527452172,1.1454507051840916,0.0003000778126494019,0.012655577933731694,0.018983366900597543,0.0,0.0,200,81739.46713986428,0.20289687301867054,0.05960176823796879,0.020086111409253087
QQQ,2016,2016-02-03,2016-02-04,-0.0026559537943591227,0.0026559537943591227,0.0979747733165766,0.0,0.011377984519222006,0.028688170038968303,0.016649766307476454,0.018582728630962185,0.02243476204243698,0.027108547480658014,1.2787374336622135,0.009458352500502754,0.01121738102121849,0.016826071531827736,0.0,0.0,195,71758.22864273179,0.15539439782905098,0.08077248729834585,0.018358141667472308
SPY,2016,2016-02-03,2016-02-04,-0.0030841418111791086,0.0030841418111791086,0.1342276868869141,0.0,0.0005746857961810292,0.024450094489537274,0.01519132034636104,0.015021006367459169,0.01915515955813102,0.02297694225914417,1.2764234312607776,0.003948199481429215,0.00957757977906551,0.014366369668598264,0.0,0.0,369,201674.25865600025,0.1269460840719865,0.05898745865167611,0.019950173136042224
IWM,2016,2016-02-04,2016-02-05,-0.004464330992189125,0.004464330992189125,0.1517336143307694,0.0,0.008000030517578027,0.02,0.019687654410724856,0.017368223721269747,0.025311155867463388,0.02942216206922465,0.7901654157844805,0.024397707349787634,0.012655577933731694,0.018983366900597543,1.0,1.0,195,84222.20924022261,0.11386778654498302,0.057900897961658364,0.01912146620003732
QQQ,2016,2016-02-04,2016-02-05,-0.0035415701421304124,0.0035415701421304124,0.13004715781375972,0.0,0.002564376543994884,0.01992303634704076,0.01527321240079997,0.01853869132537385,0.02243476204243698,0.02723296842213413,0.8880431318752072,0.036532947710073094,0.01121738102121849,0.016826071531827736,1.0,1.0,195,80014.67144688376,0.17513343778282314,0.09508700969801384,0.01802608692030898
SPY,2016,2016-02-04,2016-02-05,-0.0031837191592885006,0.0031837191592885006,0.13980535772182182,0.0,0.004666768173228419,0.014629506517289333,0.015172542678563264,0.014849802801642059,0.01915515955813102,0.022772511806187834,0.7637371264328295,0.020245772471725765,0.00957757977906551,0.014366369668598264,1.0,1.0,363,220528.0438637992,0.14771534385126764,0.08003368383699799,0.01871774220066812
IWM,2016,2016-02-05,2016-02-08,-0.010505903403492778,0.010505903403492778,0.3571923495424204,0.0,0.023019408009153808,0.02471353656844502,0.014010360997555838,0.017415808882619108,0.025311155867463388,0.029412453589645234,0.9763890949055162,0.02180324037911996,0.012655577933731694,0.018983366900597543,1.0,1.0,152,59378.88800012753,0.180686615669331,0.028702498144041813,0.020878835423513518
QQQ,2016,2016-02-05,2016-02-08,-0.018650650018641968,0.018650650018641968,0.6764176475742373,0.0,0.03129625965339844,0.035640246596129355,0.01595656366030431,0.018826736699931273,0.02243476204243698,0.027572683955728768,1.5886170991568014,0.01528895649121198,0.01121738102121849,0.016826071531827736,1.0,0.0,160,44746.5390090631,0.05362614041858992,0.009733749002411737,0.024764891047004228
SPY,2016,2016-02-05,2016-02-08,-0.011598790695280359,0.011598790695280359,0.5126822379269915,0.0,0.01591710800296664,0.023404372439075696,0.011702416922053408,0.01449706398824719,0.019591676666147334,0.022623742032061748,1.1946079367222489,0.016247271176807354,0.009795838333073667,0.0146937574996105,1.0,1.0,296,136455.18086452072,0.07723233700501059,0.02053554080105469,0.02069251420711156
IWM,2016,2016-02-08,2016-02-09,-0.01348131336351388,0.01348131336351388,0.45461475305367316,0.0,0.0059787838190148435,0.02133800277539766,0.013934410200097294,0.017383691745823323,0.024932565438038817,0.02965436839204872,0.8558286081079708,0.0011576574851372978,0.012466282719019409,0.018699424078529113,0.0,0.0,150,60604.37266308002,0.0560432706415396,0.021114914662256797,0.022597923079956093
QQQ,2016,2016-02-08,2016-02-09,-0.01335128212437331,0.01335128212437331,0.4750567570718501,0.0,0.003427166143078475,0.022951570182307587,0.013775681629551697,0.018992725627806243,0.022597475791202273,0.028104604188071765,1.0156696435644892,0.0015759773628698515,0.011298737895601136,0.016948106843401704,0.0,0.0,152,46042.47577658307,0.11812153436104442,0.02738936749576256,0.023497968869388316
SPY,2016,2016-02-08,2016-02-09,-0.011109899573598203,0.011109899573598203,0.48528508145355,0.0,0.0018840829814606996,0.017871518485623742,0.011597602167583543,0.014592906138233469,0.0182357862882079,0.022893552672835688,0.9800245628662742,0.0008733824496436338,0.00911789314410395,0.013676839716155924,0.0,0.0,290,140071.34845108393,0.16010987953945072,0.05081281615728647,0.020342294542812115
IWM,2016,2016-02-09,2016-02-10,0.006995178299064042,0.006995178299064042,0.23664969805487124,1.0,0.006832771414334804,0.022180181554412388,0.012942547436089271,0.017397685399466425,0.024932565438038817,0.029559210751420827,0.8896068721661828,0.015241070681339286,0.012466282719019409,0.018699424078529113,1.0,0.0,160,61778.32852046217,0.16138674292531324,0.052688114251054644,0.021642358414024742
QQQ,2016,2016-02-09,2016-02-10,0.011524092751956427,0.011524092751956427,0.4067805607039605,1.0,0.010384955887486669,0.02727366436779107,0.014134974465109773,0.01893016198477604,0.02355092044617805,0.028329998690235413,1.1580721199462574,0.012932383580866347,0.011775460223089024,0.01766319033463354,1.0,0.0,152,67122.06708909711,0.11022685861652026,0.02546252258929382,0.02454253542594916
SPY,2016,2016-02-09,2016-02-10,0.005285072669132029,0.005285072669132029,0.23011803095858396,1.0,0.011289223704948226,0.020397063049272923,0.010707075791774035,0.014585593602023045,0.019134290767448332,0.022966790768704354,1.0659952489053237,0.010353482312460027,0.009567145383724166,0.01435071807558625,1.0,0.0,296,150402.0004456601,0.1477130639578232,0.04997496989735977,0.02031944736778021
IWM,2016,2016-02-10,2016-02-11,-0.018261504399062822,0.018261504399062822,0.6242459002947754,0.0,0.006428150718555292,0.023224447222860753,0.012791199933977575,0.01735645115996517,0.023968991895652887,0.02925370337304506,0.9689371719914859,0.004698872749617777,0.011984495947826444,0.017976743921739667,0.0,0.0,187,64932.88533178065,0.16844380254815258,0.05631482366437327,0.0204431057144182
QQQ,2016,2016-02-10,2016-02-11,-0.012721101725889139,0.012721101725889139,0.4447661297662293,0.0,0.007595174601782495,0.02124601958678485,0.015624262423649216,0.018675522733786646,0.02355092044617805,0.028601777146509327,0.9021311772225341,0.0028363970600022714,0.011775460223089024,0.01766319033463354,0.0,0.0,200,78106.54133883545,0.11407569263138963,0.04897276538758629,0.023992429161296687
SPY,2016,2016-02-10,2016-02-11,-0.015814799303730753,0.015814799303730753,0.6891721815281726,0.0,0.006115548346401156,0.017273757617320612,0.009296212166000482,0.014407485323660433,0.019134290767448332,0.022947529989766804,0.9027644571340527,0.006902645233189286,0.009567145383724166,0.01435071807558625,0.0,0.0,356,170276.5005279027,0.17580939505164775,0.07352202689365464,0.01977227741805323
IWM,2016,2016-02-11,2016-02-12,0.009178212239467465,0.009178212239467465,0.32666544846187473,1.0,0.007546758829231726,0.018707505335629288,0.010508970641230955,0.016139938355689092,0.02276576709809906,0.0280966728580683,0.8217384134265067,0.011812640708329436,0.01138288354904953,0.017074325323574294,1.0,0.0,188,64485.22035850609,0.15369387921728117,0.030687533901430874,0.019926190101110925
QQQ,2016,2016-02-11,2016-02-12,0.011289449025768672,0.011289449025768672,0.4093928776052694,1.0,0.01141843680849619,0.02231298212702822,0.015423511719466891,0.01726337502846536,0.022632276154667903,0.027576075802309863,0.9858920938637526,0.004916052436850782,0.011316138077333952,0.01697420711600093,0.0,0.0,184,85956.4510517026,0.1389106550810918,0.06676736253823669,0.022336890452688146
SPY,2016,2016-02-11,2016-02-12,0.011484228899191873,0.011484228899191873,0.5126297150305861,1.0,0.002851838778680893,0.01650767701040868,0.008438086904432946,0.013639007769023624,0.01760950277833294,0.022402581361298312,0.9374300466177861,0.009137041096844323,0.00880475138916647,0.013207127083749704,1.0,0.0,341,162178.14198889356,0.16024566110066138,0.07961890608042982,0.019369411820469373
IWM,2016,2016-02-12,2016-02-16,0.012423694203681945,0.012423694203681945,0.45344761755868745,1.0,0.009721854904649385,0.016725887652823162,0.013708453233085506,0.016455887107804636,0.02224363426387488,0.02739830075758201,0.7519404182969822,0.013396027674908773,0.01112181713193744,0.01668272569790616,1.0,0.0,152,62081.685728828525,0.06503713752124175,0.05559016737652644,0.02187121951770026
QQQ,2016,2016-02-12,2016-02-16,0.01479294661595243,0.01479294661595243,0.5630195234052089,1.0,0.003891819498088367,0.014235962703168573,0.011089245624053713,0.016870970824687807,0.022091058587508133,0.02627430488819097,0.6444219341855626,0.007640516003857067,0.011045529293754066,0.0165682939406311,0.0,0.0,152,69397.07103391913,0.06836166810665885,0.054245119699396,0.021987062700831988
SPY,2016,2016-02-12,2016-02-16,0.011466534499595449,0.011466534499595449,0.5222487437664454,1.0,0.009028969011278143,0.01454361529505453,0.013850434544832878,0.013958265715695969,0.017310622344181372,0.02195607866262938,0.8401555418337159,0.005509314311566982,0.008655311172090686,0.012982966758136028,0.0,0.0,294,156048.14650185432,0.12830417596938667,0.11270979750337609,0.019735476887198292
IWM,2016,2016-02-16,2016-02-17,0.006978180224235464,0.006978180224235464,0.26229168966388794,1.0,0.01114629642791587,0.019224841352051342,0.015450140171296315,0.017110654310199442,0.022158203762225423,0.026604656187077868,0.8676173194519142,0.015265608594206004,0.011079101881112711,0.016618652821669067,1.0,0.0,156,88996.65972391324,0.13510645316363276,0.11451961290317272,0.018707327556265176
QQQ,2016,2016-02-16,2016-02-17,0.0072832056578850946,0.0072832056578850946,0.28889231657932796,1.0,0.007640516003857067,0.013873578625484861,0.011090008856813282,0.01640818386973292,0.02155757731738645,0.025210797379878302,0.643559265553261,0.016640256739405723,0.010778788658693224,0.016168182988039837,1.0,1.0,157,91990.33090402649,0.37787548666208004,0.32672204831367874,0.015497701908318987
SPY,2016,2016-02-16,2016-02-17,0.0072716033917639145,0.0072716033917639145,0.34400372507344135,1.0,0.005350397224011205,0.011548406136786225,0.013854222621091908,0.013674041151802107,0.016890717313864646,0.021138153054044692,0.683713185307221,0.011299453969081164,0.008445358656932323,0.012668037985398485,1.0,0.0,287,203834.63804645234,0.2938193626590909,0.270776945568887,0.014505197693129983
QQQ,2016,2016-02-17,2016-02-18,0.003121948242187589,0.003121948242187589,0.12399312301281026,1.0,0.015253574975162554,0.01921555525949501,0.010963968703862478,0.017182810022578786,0.020870315078478738,0.025178398336374242,0.9207122742152514,0.00019448203779193207,0.010435157539239369,0.015652736308859053,0.0,0.0,188,113127.80950870257,0.22901020935827543,0.16213543731729332,0.01939122006071185
IWM,2016,2016-02-18,2016-02-19,-0.003901944988056294,0.003901944988056294,0.16343859017005813,0.0,0.005571636415142578,0.01094416924427247,0.015359578935899225,0.017215921126229647,0.02066900138769883,0.02387407395032173,0.5294967588896626,0.004540378826263236,0.010334500693849415,0.015501751040774123,0.0,0.0,174,139511.4003620309,0.28510482954201766,0.2257862909623846,0.016209559629913012
QQQ,2016,2016-02-18,2016-02-19,-0.0048357395076439325,0.0048357395076439325,0.20393280091354382,0.0,0.014491323363080455,0.015950198351644154,0.015273612368838792,0.01738313100730498,0.020208823458606695,0.02371241647239483,0.7892690232221884,0.002186380295204904,0.010104411729303348,0.015156617593955021,0.0,0.0,172,134563.3514938078,0.15905106564638016,0.1326017582314239,0.015720344343083403
SPY,2016,2016-02-18,2016-02-19,-0.004789412184312947,0.004789412184312947,0.24485833406985721,0.0,0.005745344864829027,0.008022790249696819,0.014941403326021459,0.013789977705921103,0.015316419869216783,0.019559931265997033,0.523803233275236,0.003780526291627062,0.007658209934608392,0.011487314901912588,0.0,0.0,331,329005.97683197755,0.24663363648130465,0.19908484365587126,0.014034361484842899
IWM,2016,2016-02-19,2016-02-22,0.008860123610626047,0.008860123610626047,0.379871969413159,1.0,0.008939327154208199,0.014564051665316937,0.01150619931852006,0.017230051742725773,0.01961242067602567,0.02332397313840637,0.742593273206714,0.006611464599879158,0.009806210338012836,0.014709315507019254,0.0,0.0,140,50595.43686101663,0.1478078152721011,0.042053188509008105,0.02376088390920477
QQQ,2016,2016-02-19,2016-02-22,0.009347678867567488,0.009347678867567488,0.4045183353461025,1.0,0.00783420214415953,0.013090041082520636,0.014594968973080456,0.017392045710128277,0.01988816257106011,0.023108171004337028,0.6581825262012071,0.0077987464231170645,0.009944081285530055,0.014916121928295082,0.0,0.0,140,55969.098555569406,0.11815936176019584,0.04016696843696819,0.021887216977142975
SPY,2016,2016-02-19,2016-02-22,0.009739557902018303,0.009739557902018303,0.5161124282567249,1.0,0.004341695030624981,0.00904951479891834,0.011273120015496036,0.013768602461401817,0.014586560906171931,0.018871000520013923,0.6204008509702427,0.00557075286664066,0.0072932804530859655,0.01093992067962895,0.0,0.0,272,142293.53861750202,0.10830280854771254,0.06084564063325709,0.01861842304961329
IWM,2016,2016-02-22,2016-02-23,-0.003249008881029858,0.003249008881029858,0.1427736232404621,0.0,0.0022696207346082353,0.007598226764224146,0.010779032554019552,0.01651429706522504,0.01961242067602567,0.022756366388193526,0.38741912024721453,0.006862205778915165,0.009806210338012836,0.014709315507019254,0.0,0.0,163,60536.62269083589,0.08341946828510598,0.04968266929637945,0.023220408577519534
QQQ,2016,2016-02-22,2016-02-23,-0.005809435333197999,0.005809435333197999,0.2581786325193583,0.0,0.006823912417110778,0.008773580429123313,0.014685293321031221,0.01650808130841685,0.01988816257106011,0.022501611680673866,0.44114585235189224,0.011525939752962788,0.009944081285530055,0.014916121928295082,1.0,0.0,155,57953.62805405703,0.12396289744291206,0.06394354378551664,0.02046130971869771
SPY,2016,2016-02-22,2016-02-23,-0.004004511675660738,0.004004511675660738,0.21588608198231526,0.0,0.004693886032025363,0.005983409972276495,0.010078938236368079,0.01339066015809601,0.014586560906171931,0.018549188715133454,0.41020018431793387,0.009470326743581614,0.0072932804530859655,0.01093992067962895,1.0,0.0,297,163808.88653297734,0.3396784646148156,0.22061666347190534,0.014879681478243005
IWM,2016,2016-02-23,2016-02-24,-0.010135101840743066,0.010135101840743066,0.4603619311298015,0.0,0.005926496313526819,0.009284816592712632,0.010460911295706577,0.015825450304187225,0.018966173343840313,0.022015508136978033,0.4895461211066113,0.006567662098229121,0.009483086671920157,0.014224630007880235,0.0,0.0,199,71973.08812923013,0.11142825269622254,0.047624988642730647,0.02153161880623104
QQQ,2016,2016-02-23,2016-02-24,-0.011714928331911567,0.011714928331911567,0.5214256847349147,0.0,0.010712879536928122,0.014121512893773313,0.01693723067112507,0.016587942603323108,0.01988816257106011,0.022467110222748745,0.7100461313767603,0.006214320611838131,0.009944081285530055,0.014916121928295082,0.0,0.0,197,71697.15120571104,0.13870727949108283,0.0668359806675432,0.020492515026717634
SPY,2016,2016-02-23,2016-02-24,-0.008787449963836513,0.008787449963836513,0.4775678359655689,0.0,0.008659756060728108,0.01103100334246134,0.012408376043850589,0.01324197396888816,0.014586560906171931,0.018400422520226133,0.7562442863275505,0.0069194882099825605,0.0072932804530859655,0.01093992067962895,0.0,0.0,374,186133.62604158092,0.16810802441411332,0.10529893384964781,0.017173372669344357
SPY,2016,2016-02-24,2016-02-25,0.0027432649465251036,0.0027432649465251036,0.1465039063917437,1.0,0.013481571628818578,0.022084621241373656,0.010079585705812593,0.012949695051184063,0.015316419869216783,0.018724858702332196,1.441891867025644,0.009394556157314993,0.007658209934608392,0.011487314901912588,1.0,0.0,351,202658.38369226776,0.15561221594539937,0.09478016843126741,0.01663473363701318
IWM,2016,2016-02-25,2016-02-26,0.0050711589469829566,0.0050711589469829566,0.2344990105452916,1.0,0.007368110750115786,0.011887209682577766,0.008319476539129162,0.015073611039497191,0.018360979752628504,0.02162550253491796,0.6474169593741874,0.003978300716301453,0.009180489876314252,0.013770734814471379,0.0,0.0,203,81049.45650131148,0.20374176526107995,0.07750164775154182,0.019511471183431543
QQQ,2016,2016-02-25,2016-02-26,0.007628436984853826,0.007628436984853826,0.3407245835714121,1.0,0.0077850856922201395,0.016738041893215354,0.012584618320186241,0.015669894103397346,0.01988816257106011,0.0223888658249838,0.8416082598586259,0.00019170362006182273,0.009944081285530055,0.014916121928295082,0.0,0.0,202,81592.65469751965,0.20220141942231282,0.08665869008481576,0.018184747895152984
SPY,2016,2016-02-25,2016-02-26,0.0052675364296383975,0.0052675364296383975,0.28869813888849194,1.0,0.009342887516186726,0.014040165594844289,0.010859441684892663,0.012872559825901317,0.014586560906171931,0.018245827458115184,0.9625411832958892,0.0005595225490382383,0.0072932804530859655,0.01093992067962895,0.0,0.0,366,229013.38380865025,0.28125138022549173,0.1904429619244721,0.014874398023740588
IWM,2016,2016-02-29,2016-03-01,0.008663480585668237,0.008663480585668237,0.4289678909792199,1.0,0.0038785407460205645,0.012702391093589732,0.008573748461863656,0.013271645633465192,0.01739568335105917,0.0201961050415494,0.7302036279486728,0.012738850220381348,0.008697841675529585,0.013046762513294377,1.0,0.0,151,69174.85650225001,0.18449097840950537,0.06614547063276212,0.02095501289681317
QQQ,2016,2016-02-29,2016-03-01,0.009561008360327694,0.009561008360327694,0.4419313483483158,1.0,0.008032534756089005,0.01548435542212709,0.011520190630150702,0.014784131151704707,0.01797679857635518,0.02163460093080344,0.8613522233315563,0.022323129915505335,0.00898839928817759,0.013482598932266386,1.0,1.0,161,80696.01396217596,0.23005908248796253,0.08808070476327425,0.021710990358537942
SPY,2016,2016-02-29,2016-03-01,0.007491201521653501,0.007491201521653501,0.4311458040313188,1.0,0.007944252200856039,0.014863379054956119,0.009830206142631965,0.01186484442644585,0.014387596123444247,0.01737510014386997,1.0330689663116548,0.016409477960982466,0.0071937980617221235,0.010790697092583186,1.0,1.0,294,184589.23987685802,0.11757859405618437,0.04971948480233044,0.019138790210813553
IWM,2016,2016-03-04,2016-03-07,-0.00473451662134261,0.00473451662134261,0.2537353210108058,0.0,0.006070809075666039,0.015410493420956529,0.009396064536557579,0.01321949059303218,0.015538919319572592,0.018659272987622332,0.991735210411042,0.0,0.007769459659786296,0.011654189489679445,0.0,0.0,170,70736.67576274666,0.09527353271543258,0.004245250157904736,0.02058888308545694
QQQ,2016,2016-03-04,2016-03-07,-0.005110257640621785,0.005110257640621785,0.2514740450197945,0.0,0.0007565184969710037,0.013049619417664008,0.01595618113524489,0.01558162748799091,0.015717276886885623,0.020321213031028858,0.8302722864513834,0.008247824283484917,0.007858638443442811,0.011787957665164217,1.0,0.0,178,66149.43719003492,0.09879646618852203,0.022335632970270223,0.019636082735865704
SPY,2016,2016-03-04,2016-03-07,-0.005438289566042198,0.005438289566042198,0.33342874465280703,0.0,0.0020998859081062804,0.01159945696683401,0.011300735797856098,0.012143834901341322,0.013062175215106822,0.016310200164970735,0.8880187852187795,0.00045167547247482176,0.006531087607553411,0.009796631411330116,0.0,0.0,350,159714.161158148,0.1961994619255745,0.05834397255472559,0.017417492414708132
IWM,2016,2016-03-07,2016-03-08,-0.005510133873488976,0.005510133873488976,0.30481872623018236,0.0,0.015670183000860538,0.016602917586953644,0.005891393286703915,0.011132637145263741,0.015538919319572592,0.018076756443526458,1.0684731187220242,0.020256279802547184,0.007769459659786296,0.011654189489679445,1.0,1.0,164,75192.24343314888,0.07873941729702211,0.009617415523794992,0.02082029748311172
QQQ,2016,2016-03-07,2016-03-08,-0.0068557761790418725,0.0068557761790418725,0.35924828338597187,0.0,0.0010463294323731498,0.013982700077121258,0.015401380311393452,0.013151879611353038,0.014860159062647833,0.01908367136629046,0.9409522480999456,0.00317401007194551,0.007430079531323916,0.011145119296985875,0.0,0.0,181,75075.10266487463,0.20160584797381348,0.061500896776758913,0.021329260012288458
SPY,2016,2016-03-07,2016-03-08,-0.006331267943853969,0.006331267943853969,0.40590949924473635,0.0,0.006270693403049865,0.009130166337184798,0.009227190901752927,0.011068474101348041,0.011841820901101682,0.015597732882907075,0.7710103381427926,0.005600123973326543,0.005920910450550841,0.008881365675826262,0.0,0.0,360,182154.4143403104,0.20453548730818052,0.08114194592536579,0.017103786637885258
IWM,2016,2016-03-08,2016-03-09,0.0033879221072292687,0.0033879221072292687,0.1907773627967113,1.0,0.018745948491406872,0.01985410940716526,0.015112154182808259,0.012025704239245424,0.015538919319572592,0.01775851210837511,1.2777020717365666,0.003657844490732254,0.007769459659786296,0.011654189489679445,0.0,0.0,171,93460.37083513588,0.1298842177200853,0.0325995347524591,0.01915531872624879
QQQ,2016,2016-03-08,2016-03-09,0.003744593220687875,0.003744593220687875,0.20800281776992216,1.0,0.0014381737439113085,0.011888761529126657,0.00393214042658223,0.012711616093599559,0.014178737798470942,0.018002608141731408,0.8384922338015701,0.0028696711281426257,0.007089368899235471,0.010634053348853208,0.0,0.0,182,85619.5307409064,0.12516903045194294,0.05369376833154332,0.021858002350647193
SPY,2016,2016-03-08,2016-03-09,0.0048387436663333006,0.0048387436663333006,0.3264802891997018,1.0,0.0046157605555264825,0.008579125989578214,0.0064321178820463155,0.010878546282558632,0.011573931551810118,0.014820936596798751,0.7412456131414111,0.0021568653414165695,0.005786965775905059,0.008680448663857587,0.0,0.0,347,209757.86494953046,0.21253980763992586,0.09771117630560831,0.01663169147728249
IWM,2016,2016-03-09,2016-03-10,0.002808945822013742,0.002808945822013742,0.1642008641142009,1.0,0.0016882414231746967,0.008816379827343271,0.014620477156896308,0.011708000198693419,0.014987272543136733,0.01710676638132753,0.5882577901995011,0.003641450935619517,0.0074936362715683665,0.01124045440735255,0.0,0.0,205,102760.91478033886,0.1752812589958619,0.037144255377372794,0.018681499667989328
QQQ,2016,2016-03-09,2016-03-10,0.004197695503599386,0.004197695503599386,0.24577249861984965,1.0,0.00267838891184935,0.008417804148758742,0.005776270876904681,0.012616086363542223,0.014052106485447285,0.017079598112774208,0.5990421548168904,0.005700156393162237,0.007026053242723642,0.010539079864085463,0.0,0.0,215,87258.70837457645,0.175505671113197,0.06516362958601346,0.019899632393848284
SPY,2016,2016-03-09,2016-03-10,0.002909027068163539,0.002909027068163539,0.20540036457729255,1.0,0.0001003424578636114,0.006821832896207094,0.0065074825924049855,0.010853221383480997,0.011289704739623783,0.014162716186751783,0.6042525516424111,0.005551113088028137,0.005644852369811892,0.008467278554717838,0.0,0.0,429,221043.04409798761,0.24115116903273048,0.10445023110318846,0.015773273236626275
IWM,2016,2016-03-10,2016-03-11,0.008118574604682127,0.008118574604682127,0.4722269690204036,1.0,0.01092435280685855,0.02502334587636206,0.014144856162747235,0.012058156757635836,0.014987272543136733,0.01719210281768415,1.6696397429445056,0.014420834369553992,0.0074936362715683665,0.01124045440735255,1.0,1.0,211,114551.9083783639,0.15888367931270875,0.048759579979755545,0.017061991102528516
QQQ,2016,2016-03-10,2016-03-11,0.010796839421734816,0.010796839421734816,0.6326633304956727,1.0,0.005700156393162126,0.024225755272715335,0.0057787594442162095,0.012683548761814307,0.014052106485447285,0.017065694977573327,1.7239945696258518,0.006616853598490291,0.007026053242723642,0.010539079864085463,0.0,0.0,213,98197.89157649176,0.23660385172815504,0.12191845578110934,0.01656568711901168
SPY,2016,2016-03-10,2016-03-11,0.008619832006492523,0.008619832006492523,0.6061837769945841,1.0,0.002100487165593079,0.01845370232801832,0.006229204079024623,0.01082280872197378,0.011289704739623783,0.014219832885051848,1.6345602257648828,0.007701496045231959,0.005644852369811892,0.008467278554717838,1.0,0.0,431,268550.44773384026,0.28528342870734774,0.17611472961229657,0.013989701100595747
IWM,2016,2016-03-11,2016-03-14,-0.0030498540754858583,0.0030498540754858583,0.1774999904563959,0.0,0.013203446208696734,0.01563815108744412,0.01766052103928181,0.011971827521803681,0.014987272543136733,0.017182277405446263,1.0434287521251124,0.004376175177147168,0.0074936362715683665,0.01124045440735255,0.0,0.0,168,95217.33553714772,0.09878176425483963,0.08066469708713891,0.020705339911555324
QQQ,2016,2016-03-11,2016-03-14,-0.0037562356456295465,0.0037562356456295465,0.22307431133988173,0.0,0.006616853598490291,0.009736258345619286,0.01052670855814974,0.01295570607673017,0.013928139351303059,0.016838494863294456,0.6990351044059882,0.00028284725615135287,0.006964069675651529,0.010446104513477293,0.0,0.0,159,60985.080950490374,0.23913783375794767,0.1807426553582254,0.018347978788024282
SPY,2016,2016-03-11,2016-03-14,-0.0029591184700211715,0.0029591184700211715,0.21263928564142548,0.0,0.0074530460148107824,0.016346980899977444,0.009716326261557854,0.010398298722224092,0.011289704739623783,0.013916141888339228,1.4479546876548508,0.0019328908231661668,0.005644852369811892,0.008467278554717838,0.0,0.0,349,161443.29642808027,0.16895745776060317,0.13156637659170284,0.015595456605662533
IWM,2016,2016-03-14,2016-03-15,-0.0065789389966554035,0.0065789389966554035,0.397238332652864,0.0,0.0004634784563855021,0.008714144693405076,0.016788533510144775,0.011777272912697588,0.014439197255956625,0.01656169220306481,0.6035061741268349,0.011128928782051295,0.007219598627978312,0.010829397941967469,1.0,1.0,164,104594.82822782708,0.12754976332795567,0.10753089377584482,0.018545413737070148
QQQ,2016,2016-03-14,2016-03-15,-0.0035623629881020857,0.0035623629881020857,0.21683067678866497,0.0,0.005467073721139748,0.008106330851520715,0.009630829635875802,0.012744745754976014,0.013481809854002748,0.01642923889212484,0.6012791264159497,0.0032090984150876523,0.006740904927001374,0.010111357390502061,0.0,0.0,172,68558.20923326763,0.1615974973395404,0.11816929849111522,0.017904485065057294
SPY,2016,2016-03-14,2016-03-15,-0.005629626615547889,0.005629626615547889,0.42671291805467704,0.0,0.0016818180239990266,0.0062820982917795015,0.00984321973560544,0.009830196340664336,0.010092212271798347,0.013193007235901244,0.622469892883068,0.0015418928320729552,0.005046106135899174,0.007569159203848761,0.0,0.0,368,197378.24245081836,0.1946246783790813,0.15190788737562,0.015566168251380035
IWM,2016,2016-03-15,2016-03-16,-0.00480040019851935,0.00480040019851935,0.29745881545788794,0.0,0.00904767492758618,0.011659360233881757,0.014145826994324758,0.01187766781514857,0.013508366970093022,0.016138033062257508,0.8631213720870263,0.0,0.006754183485046511,0.010131275227569767,0.0,0.0,178,118574.68658328406,0.17038636038906,0.1378600037597708,0.016978319950178757
SPY,2016,2016-03-15,2016-03-16,-0.002819370186437742,0.002819370186437742,0.22188431323356986,0.0,0.004022633870374159,0.007349998624617497,0.007379006270900202,0.009430409205094198,0.009141793769160078,0.012706487202048797,0.8039996099466586,0.00024809253783519836,0.004570896884580039,0.006856345326870059,0.0,0.0,353,206784.51305213541,0.19929196481608516,0.15633275115307377,0.014497484306548864
QQQ,2016,2016-03-16,2016-03-17,-0.0028816246766301123,0.0028816246766301123,0.1897376239049758,0.0,0.011375378896580246,0.014289783145744814,0.007958014526754691,0.011223767770193627,0.013069830250092323,0.01518741837977946,1.0933411430989224,0.003742807955501526,0.0065349151250461614,0.009802372687569241,0.0,0.0,163,74574.9058213018,0.20684873525841324,0.14135226032143877,0.01569707148814677
IWM,2016,2016-03-21,2016-03-22,-0.005212617309355627,0.005212617309355627,0.32541448039251386,0.0,0.0008224046534843765,0.007858192536243806,0.012019341316375097,0.011742036424587602,0.013508366970093022,0.016018393843654978,0.5817277953465083,0.0028579105292254603,0.006754183485046511,0.010131275227569767,0.0,0.0,170,78834.27063752248,0.1435155321842058,0.08836635947535826,0.01977400489497341
QQQ,2016,2016-03-21,2016-03-22,-0.0056591576692685,0.0056591576692685,0.4029992565978336,0.0,0.0056913660068547145,0.007184144811289226,0.00433169005722756,0.010350676527409218,0.011646357088508228,0.01404260076567824,0.6168576797613404,0.00018660547203275257,0.005823178544254114,0.008734767816381172,0.0,0.0,178,57972.11447560415,0.15071893383145796,0.05957937654518699,0.017421449680997132
SPY,2016,2016-03-21,2016-03-22,-0.00444619959080772,0.00444619959080772,0.37558269327655464,0.0,0.0029401226206324793,0.005586315228759949,0.0037751757222324895,0.008439133285446912,0.010092212271798347,0.01183813756704127,0.5535273216924236,0.0009332768864844798,0.005046106135899174,0.007569159203848761,0.0,0.0,334,187822.26287821244,0.31088541447451734,0.11910606850090535,0.013148300627518948
IWM,2016,2016-03-22,2016-03-23,-0.006225968664857362,0.006225968664857362,0.3873287149850927,0.0,0.004044883676630473,0.011215308277198813,0.007384413105649434,0.011411161718672772,0.013508366970093022,0.016074121086263857,0.8302490080428708,0.016292114363763543,0.006754183485046511,0.010131275227569767,1.0,1.0,194,83843.57581903417,0.1868313611921621,0.11802690137659778,0.018231602626534702
IWM,2016,2016-03-23,2016-03-24,-0.005988018395350125,0.005988018395350125,0.37980487757112563,0.0,0.01529393447675842,0.016491553998842307,0.01398505630088588,0.01267085572587294,0.013508366970093022,0.015766038692403984,1.220839945742808,0.00472857963023765,0.006754183485046511,0.010131275227569767,0.0,0.0,226,93467.36935947297,0.19871642261050648,0.09432747327248658,0.018367324120304857
QQQ,2016,2016-03-23,2016-03-24,-0.004849428855560278,0.004849428855560278,0.37776422321204456,0.0,0.006301550200155881,0.009266981429555189,0.004812177308853758,0.009577466928333694,0.010512834719681268,0.012837184035922383,0.8814921642595889,0.0016896677671862648,0.005256417359840634,0.00788462603976095,0.0,0.0,221,87854.76782066039,0.31129736345916337,0.22508688533464208,0.013991471938034059
SPY,2016,2016-03-23,2016-03-24,-0.005954464218737798,0.005954464218737798,0.5482639563395997,0.0,0.004409357178938422,0.006467136937296178,0.004677726928528916,0.007986528979211963,0.0090927290783801,0.010860579379486967,0.7112426732996119,0.0012887602843092427,0.00454636453919005,0.006819546808785075,0.0,0.0,405,231610.05028699318,0.2968066064010038,0.15313211355980402,0.012646135152386873
QQQ,2016,2016-03-24,2016-03-28,0.0027968992764166867,0.0027968992764166867,0.226415538340937,1.0,0.005154184766906766,0.007122126724308598,0.004830394736932956,0.009416962747126825,0.009501619887587237,0.012352947579971785,0.7495697374310699,0.0001859824555132672,0.004750809943793619,0.0071262149156904285,0.0,0.0,196,66458.82865685738,0.14683876303791232,0.03798748904220544,0.017482737667166754
IWM,2016,2016-03-28,2016-03-29,-0.002701955749370266,0.002701955749370266,0.16904971003847363,0.0,0.0009308244795404041,0.011449276031322914,0.009875980188066128,0.012543470342893137,0.014122548807959755,0.015983202507447863,0.8107089015596016,0.0025288403198471254,0.0070612744039798775,0.010591911605969817,0.0,0.0,210,91290.93103549659,0.1624303104733157,0.10170828116709382,0.01927825403415705
IWM,2016,2016-03-29,2016-03-30,0.005257926243236621,0.005257926243236621,0.3090798368498475,1.0,0.030549295731480575,0.033352014800911226,0.017494531679964367,0.013682159376271572,0.014723606793207604,0.01701154723266839,2.265206838877102,0.002074157797813614,0.007361803396603802,0.011042705094905703,0.0,0.0,193,70458.1660834043,0.1821634704289872,0.10076317641638771,0.01906720164229146
QQQ,2016,2016-03-29,2016-03-30,0.005972631764611602,0.005972631764611602,0.4845723503599468,1.0,0.017959013218384,0.02029742862794789,0.008915512759320388,0.009574374375509077,0.008842392789156966,0.01232557276570785,2.2954678797845,0.005115067057205103,0.004421196394578483,0.006631794591867725,1.0,0.0,186,82505.00165847785,0.3767095970106669,0.3236559788533313,0.011785313279365198
SPY,2016,2016-03-29,2016-03-30,0.005752768928724672,0.005752768928724672,0.5582951686281163,1.0,0.011639379928430671,0.014056057312723682,0.005677349292979542,0.007411706048878624,0.008540286115881292,0.010304171076494888,1.6458532093655982,0.0027629280513712384,0.004270143057940646,0.006405214586910969,0.0,0.0,331,213571.3235394018,0.2774717711771275,0.1268476742531527,0.012407938673049746
IWM,2016,2016-03-31,2016-04-01,-0.009219892148509379,0.009219892148509379,0.5729681234366156,0.0,0.001357656516354222,0.0075126883221858405,0.011683417622308326,0.012907611558461722,0.012795057501602477,0.01609145739768074,0.5871554950999585,0.001187406370404931,0.0063975287508012384,0.009596293126201857,0.0,0.0,190,63610.91099910134,0.17748184235576142,0.0817970650098956,0.015893385338325027
QQQ,2016,2016-03-31,2016-04-01,-0.006043919882412263,0.006043919882412263,0.540535654236872,0.0,0.0007320811854716336,0.00603956505748436,0.007389875259068578,0.006774053040441098,0.008403895663682086,0.011181352858110843,0.7186625464169771,0.0013839055883713147,0.004201947831841043,0.006302921747761565,0.0,0.0,191,81236.3290726573,0.2954872088736921,0.22188120369303976,0.013985947761241953
SPY,2016,2016-03-31,2016-04-01,-0.0056928675779620574,0.0056928675779620574,0.609850020047883,0.0,0.0018940283750779052,0.005245018755023336,0.0046218903587547855,0.0056885361488138025,0.007748390674872369,0.009334864951738586,0.6769171786901067,0.0018139542294666189,0.0038741953374361844,0.005811293006154277,0.0,0.0,345,209448.86722759594,0.34318858223055193,0.1396874567329655,0.012744614410881653
IWM,2016,2016-04-04,2016-04-05,-0.007441688689137194,0.007441688689137194,0.46288818627373735,0.0,0.006491760859521967,0.010999920479850447,0.01346851072006949,0.01294405615154902,0.012795057501602477,0.016076644230311844,0.859700746047667,0.004869592305442705,0.0063975287508012384,0.009596293126201857,0.0,0.0,168,63280.69698458484,0.18864506065333003,0.05817165193015682,0.018449234037836305
QQQ,2016,2016-04-04,2016-04-05,-0.007731545248679139,0.007731545248679139,0.6818402449867608,0.0,0.003805710099877624,0.006886572417789403,0.008259854135811371,0.007128605320056837,0.008403895663682086,0.011339232768270025,0.8194500138251499,0.003218672806666545,0.004201947831841043,0.006302921747761565,0.0,0.0,161,65727.12822611706,0.1947105922522017,0.07390312010136656,0.015600792418799142
SPY,2016,2016-04-04,2016-04-05,-0.007660614938446941,0.007660614938446941,0.8163903718281428,0.0,0.0028042441904944093,0.0057052068081214855,0.005564960376572057,0.0058796836588318,0.007189846265143681,0.009383519456865382,0.793508873170249,0.003825586255489899,0.0035949231325718405,0.005392384698857761,1.0,0.0,304,200723.24476891564,0.2224868603032585,0.09619774772107845,0.013454656823806208
IWM,2016,2016-04-06,2016-04-07,-0.007261463516923139,0.007261463516923139,0.47240294131267,0.0,0.011383437623203818,0.015422751312486285,0.009400054575229034,0.011914966409764492,0.011575749982613168,0.015371334261267827,1.3323327936117602,0.011467728888015616,0.005787874991306584,0.008681812486959876,1.0,1.0,203,75914.75995861136,0.2212890646981559,0.07735112848938942,0.016363864561439363
QQQ,2016,2016-04-06,2016-04-07,-0.0057829529252493295,0.0057829529252493295,0.5055277272820309,0.0,0.015414261290982667,0.015781275845633245,0.010760694108185174,0.007658970955966353,0.008351020417062868,0.011439437667131272,1.8897422180155163,0.013074285617948656,0.004175510208531434,0.006263265312797151,1.0,1.0,195,76606.14335692614,0.16383520346083646,0.052351000470477825,0.013681677342555978
SPY,2016,2016-04-06,2016-04-07,-0.006200943661714642,0.006200943661714642,0.6509892266183972,0.0,0.010921179787825253,0.012292520376188667,0.008380651948057365,0.006146913548519528,0.007189846265143681,0.009525416716841564,1.7097055935371956,0.010094062182891106,0.0035949231325718405,0.005392384698857761,1.0,1.0,380,234493.12779903537,0.2732926326769829,0.14367211609112304,0.012383428709868171
IWM,2016,2016-04-07,2016-04-08,0.008557235025435483,0.008557235025435483,0.5397230124499924,1.0,0.00630888199760804,0.01600073106018725,0.010809307340742477,0.012369183423274257,0.012795057501602477,0.015854864121118695,1.250539988443451,0.004196689005667276,0.0063975287508012384,0.009596293126201857,0.0,0.0,208,83685.21521763895,0.13676378410620887,0.05417363405606278,0.01699641081175445
QQQ,2016,2016-04-07,2016-04-08,0.006233959422085267,0.006233959422085267,0.5217721901644219,1.0,0.00863398126676107,0.014723282418929276,0.013199086488563522,0.008539616056323075,0.008351020417062868,0.01194766516805123,1.7630519006810899,0.0023687545715718183,0.004175510208531434,0.006263265312797151,0.0,0.0,202,97837.34723019513,0.21992283522577002,0.13707649914988887,0.013600385110121512
SPY,2016,2016-04-07,2016-04-08,0.0068153930397027995,0.0068153930397027995,0.6827872493809309,1.0,0.00580092836573487,0.012040563654343871,0.010099176852121923,0.006844374832358072,0.007748390674872369,0.009981722778042759,1.5539438006644137,0.002483733197237381,0.0038741953374361844,0.005811293006154277,0.0,0.0,394,258247.96502366202,0.25428638848752083,0.12700426323881564,0.012469915177162613
IWM,2016,2016-04-08,2016-04-11,0.0057739643469325586,0.0057739643469325586,0.37830608831780044,1.0,0.004561627563322679,0.013137509655941524,0.010724320649232094,0.012195830953168216,0.01239843494491164,0.0152626788868438,1.059610322941058,0.007381129977729772,0.00619921747245582,0.00929882620868373,1.0,0.0,171,78499.39818093306,0.1435376408654008,0.11646536488897961,0.01695716685586893
QQQ,2016,2016-04-08,2016-04-11,0.004311937804615917,0.004311937804615917,0.37913742298027703,1.0,0.00692421757870576,0.012755046184736303,0.01178295922815587,0.008524069889543491,0.008351020417062868,0.011373020818470423,1.5273637888221536,0.00502416567306363,0.004175510208531434,0.006263265312797151,1.0,0.0,165,79161.33186404125,0.20834324764288847,0.15653895654574917,0.015224605678982627
SPY,2016,2016-04-08,2016-04-11,0.003667481662591676,0.003667481662591676,0.3843607545698091,1.0,0.004090758512084514,0.009642597748321675,0.009396525439331513,0.006852327628511097,0.007748390674872369,0.009541769337757853,1.2444645801859373,0.003995163577192429,0.0038741953374361844,0.005811293006154277,1.0,0.0,324,198325.0854973792,0.3093311607790364,0.2734614892334558,0.013374878998237272
IWM,2016,2016-04-12,2016-04-13,0.00582135142292306,0.00582135142292306,0.37986517703002554,1.0,0.010570838461265053,0.016086037184233782,0.010415467704648709,0.011502851835741661,0.01353413221263236,0.015324783041281315,1.188553276376268,0.01672995517713538,0.00676706610631618,0.01015059915947427,1.0,1.0,169,86135.96152768098,0.25026397591016775,0.20979321073747914,0.015158360391448019
QQQ,2016,2016-04-12,2016-04-13,0.007670498780975921,0.007670498780975921,0.665055366863489,1.0,0.0076371165690469756,0.015642294560756987,0.011764235672470445,0.00796372579837279,0.00882848430408031,0.011533624361459199,1.771798422241913,0.00661534541937292,0.004414242152040155,0.006621363228060233,1.0,0.0,163,94313.20629633185,0.3596635660052403,0.27358624604989823,0.013246022816351321
SPY,2016,2016-04-12,2016-04-13,0.005244764183460315,0.005244764183460315,0.5487729475984954,1.0,0.008324341093333798,0.01248654899870455,0.009315467934564474,0.006236317684490161,0.008894690236724458,0.00955725716147655,1.403820556577676,0.005314039147418459,0.004447345118362229,0.006671017677543344,1.0,0.0,311,249041.42393228543,0.32097739377960344,0.2809605529986421,0.01232282539010299
IWM,2016,2016-04-15,2016-04-18,-0.0041795785154615794,0.0041795785154615794,0.2934616141280089,0.0,0.004915061795026654,0.006881113785224842,0.010155109054211589,0.011273900747398013,0.012314824693643051,0.014242334650413371,0.5587666862019476,0.0009832896008838965,0.006157412346821526,0.00923611852023229,0.0,0.0,175,25370.500818437562,0.21949872987197702,0.07298564734607306,0.020438334989844226
QQQ,2016,2016-04-15,2016-04-18,-0.002892260453629003,0.002892260453629003,0.24805927267223818,0.0,0.0017143592733660507,0.006315951788119953,0.007213522738144935,0.008234463715064045,0.008789517542537748,0.011659553873845948,0.7185777555540761,0.0006349178668862976,0.004394758771268874,0.006592138156903311,0.0,0.0,164,41510.558758026265,0.19114156685240502,0.07321039063684684,0.01564843160415127
QQQ,2016,2016-04-21,2016-04-22,-0.013014030018512535,0.013014030018512535,1.099280211603244,0.0,0.0006330230933724312,0.008138917625032582,0.004233852439353614,0.008117268726726004,0.00905529855154816,0.01183868305928316,0.8988016881719592,0.010081356920101259,0.00452764927577408,0.00679147391366112,1.0,1.0,188,87618.78903490189,0.25642029736994393,0.11305021833962113,0.014501195295896432
IWM,2016,2016-04-22,2016-04-25,-0.002716655480988872,0.002716655480988872,0.1976543382475677,0.0,0.010001745617301827,0.01070985173057528,0.0059156623210741815,0.010011470269389443,0.011276742066428161,0.013744476873491052,0.9497292451566697,0.008775866630524876,0.0056383710332140805,0.00845755654982112,1.0,1.0,176,49333.987138973534,0.15026934196742095,0.06000443834901223,0.018027492366467147
QQQ,2016,2016-04-22,2016-04-25,-0.003028095254997032,0.003028095254997032,0.23980074097424323,0.0,0.002105995142085537,0.014650659166140214,0.007897082079323051,0.008935631982305122,0.0106176796683848,0.012627547532566952,1.3798362376446534,0.00184421008081892,0.0053088398341924,0.007963259751288601,0.0,0.0,168,70814.3576116297,0.18985669017675882,0.11328079603282726,0.016274753840144388
SPY,2016,2016-04-22,2016-04-25,-0.003397648991336877,0.003397648991336877,0.36766880620951836,0.0,0.002013896728839004,0.006617068347301594,0.0045424104650878165,0.006409675320490781,0.007451084636540158,0.009241058621113223,0.8880678008744467,0.0034692167485543823,0.003725542318270079,0.005588313477405118,0.0,0.0,304,200300.1010524941,0.32826174824302107,0.16985841157544587,0.015201210645678389
IWM,2016,2016-04-25,2016-04-26,0.003265623188187128,0.003265623188187128,0.23766559540922333,1.0,0.004393672992896058,0.009666134218074907,0.006646693524437125,0.01026646949024034,0.01105206429069193,0.01374041195388096,0.874599890467136,0.007565766026259357,0.005526032145345965,0.008289048218018947,1.0,0.0,174,63084.169376719336,0.20290220316062352,0.0965693746025575,0.017156518727941276
QQQ,2016,2016-04-26,2016-04-27,-0.010235137312925024,0.010235137312925024,0.8432773473410589,0.0,0.006959089301361687,0.011628941065040012,0.006699222285599281,0.008253820046362817,0.010437370486689697,0.01213733221365127,1.1141638672182683,0.006092359936361813,0.005218685243344848,0.007828027865017273,1.0,0.0,153,88063.58627220138,0.20709579806790307,0.10392951117173771,0.014604857227796107
IWM,2016,2016-04-27,2016-04-28,-0.004703431121072521,0.004703431121072521,0.3704925482959069,0.0,0.0028825488468171567,0.010045435815487816,0.008022679428750765,0.008613631670608683,0.01105206429069193,0.01269507617010413,0.9089194155292873,0.009541427496825294,0.005526032145345965,0.008289048218018947,1.0,1.0,199,64571.223467641685,0.1260142163340272,0.046183207082191806,0.017330036936506404
SPY,2016,2016-04-27,2016-04-28,-0.004251250841656895,0.004251250841656895,0.47919483511869554,0.0,0.004221254269964891,0.008442435345758288,0.002992050594888133,0.006125368975672391,0.007451084636540158,0.008871654137515629,1.1330478390161536,0.0072477771131589375,0.003725542318270079,0.005588313477405118,1.0,1.0,362,266562.93410321005,0.3118175559483776,0.19975357699776036,0.013942770214552863
IWM,2016,2016-04-28,2016-04-29,-0.004317161795326263,0.004317161795326263,0.32960234809275174,0.0,0.006738397354395409,0.01583965705580141,0.009780414767050086,0.009118136932358908,0.011534336092022755,0.013098091746941657,1.3732612722076176,0.011546732021412653,0.0057671680460113775,0.008650752069017066,1.0,1.0,205,85542.83037420205,0.3867308549985086,0.23379635104784116,0.01553991533505271
SPY,2016,2016-04-28,2016-04-29,-0.0035188996783701576,0.0035188996783701576,0.37926219852775983,0.0,0.0048451008975133325,0.013431774454521732,0.004507131915341853,0.006480959077333012,0.008028580467227379,0.00927827685445586,1.6729949347023625,0.008242708147432776,0.004014290233613689,0.006021435350420534,1.0,1.0,356,267853.5673191715,0.21195916154320418,0.1242464424008328,0.014641548382581646
IWM,2016,2016-04-29,2016-05-02,0.0031116506372288466,0.0031116506372288466,0.23760625441828503,1.0,0.004689839565333087,0.015396848339778026,0.009071994140698644,0.009367502463357729,0.011534336092022755,0.013095827990079157,1.3348707907364186,0.006026768537981342,0.0057671680460113775,0.008650752069017066,1.0,0.0,175,60467.60333422445,0.3040686609947301,0.08221591755919831,0.019457506204449467
QQQ,2016,2016-04-29,2016-05-02,0.0025538842219907654,0.0025538842219907654,0.19670556247309975,1.0,0.005269077578337722,0.015242781004788687,0.004441831497994871,0.008287456773366952,0.011809250246735115,0.012983284203465364,1.2907492589551004,0.008302716299169788,0.005904625123367558,0.008856937685051337,1.0,0.0,174,48284.198954660504,0.10910674776046711,0.03803013197394728,0.019654288080092855
SPY,2016,2016-04-29,2016-05-02,0.002859479148232369,0.002859479148232369,0.3144784364334983,1.0,0.0018866069434280153,0.010158698196182616,0.0047145866345633305,0.00642874730712349,0.008028580467227379,0.009092766997514162,1.2653168561553771,0.00608928338481407,0.004014290233613689,0.006021435350420534,1.0,1.0,304,175330.17925834085,0.1296702600969859,0.043753778250754806,0.016559362025329833
IWM,2016,2016-05-02,2016-05-03,-0.008195279147557022,0.008195279147557022,0.6237801808308745,0.0,0.005760892629002923,0.011787661166984272,0.009969443512173319,0.009287551991994722,0.011876062624748187,0.013138088383380375,0.9925563328051421,0.01460382892026768,0.0059380313123740935,0.00890704696856114,1.0,1.0,176,64529.87667682097,0.2646758582722501,0.07844175965327933,0.017900206558336167
QQQ,2016,2016-05-02,2016-05-03,-0.007121459216054005,0.007121459216054005,0.5369318499201493,0.0,0.006887474022519324,0.012454002466542487,0.008137978953065768,0.008666930645993309,0.012221780947486355,0.013263246009923017,1.0190006284725543,0.004836435760930291,0.006110890473743177,0.009166335710614766,0.0,0.0,174,72511.94082838672,0.16232228956762204,0.08635086188011709,0.01728136146077862
SPY,2016,2016-05-02,2016-05-03,-0.006972144731121177,0.006972144731121177,0.7532617039970606,0.0,0.005074439691906907,0.008553977524331508,0.006696282963893612,0.0066270502463074326,0.008498206435044897,0.00925593946184258,1.006562689399568,0.00604055680308746,0.004249103217522449,0.006373654826283673,1.0,0.0,318,214106.73884664633,0.2428784957217935,0.10978544215165517,0.015464123265691073
IWM,2016,2016-05-03,2016-05-04,-0.005644193400020203,0.005644193400020203,0.4135226606442609,0.0,0.008262996712208981,0.01448242744754427,0.01062763688351776,0.00971400031880371,0.012550986869226812,0.013649054664203047,1.1538875467277452,0.005617424134808147,0.006275493434613406,0.009413240151920108,0.0,0.0,173,71224.4603986181,0.19415605357735444,0.08728811236742272,0.017201314835791234
QQQ,2016,2016-05-03,2016-05-04,-0.0060532204551471125,0.0060532204551471125,0.4547017088944328,0.0,0.0021705901238797676,0.009343200280464495,0.008466585258017193,0.008649134836132832,0.012221780947486355,0.013312508699087552,0.7644712600078227,0.0028628248854116745,0.006110890473743177,0.009166335710614766,0.0,0.0,166,79306.0059815355,0.18044121039090122,0.1081584540504074,0.015231512415045709
SPY,2016,2016-05-03,2016-05-04,-0.0056751947427343685,0.0056751947427343685,0.6083961732233367,0.0,0.001743175493433613,0.007360082515084604,0.0074158683339179635,0.006526151631477296,0.008028580467227379,0.009328123667620532,0.9167352242564448,0.0027884127253912094,0.004014290233613689,0.006021435350420534,0.0,0.0,316,219685.79308956867,0.1750648468682082,0.07944361752893409,0.015201570534721499
IWM,2016,2016-05-04,2016-05-05,0.004065082114203866,0.004065082114203866,0.29882263213069216,1.0,0.0026128563033517294,0.014595865829062377,0.009557324430231792,0.009634108289679848,0.012550986869226812,0.013603662096202854,1.1629257508705797,0.0016194359217698295,0.006275493434613406,0.009413240151920108,0.0,0.0,212,78712.05638307752,0.1348332438431163,0.04500356039328315,0.016999465580362198
QQQ,2016,2016-05-04,2016-05-05,0.003617298832735427,0.003617298832735427,0.28004902639475393,1.0,0.0003805622564132527,0.006565824202597929,0.008355613387770326,0.007611632569061068,0.011809250246735115,0.012916662769027176,0.5559899286928205,0.0021815740896122815,0.005904625123367558,0.008856937685051337,0.0,0.0,199,84155.98399913099,0.27688083149518705,0.1484940898575408,0.01486503805109196
SPY,2016,2016-05-04,2016-05-05,0.0026828109189549476,0.0026828109189549476,0.2936687139881873,1.0,9.751213784192636e-05,0.0069759885665157464,0.006981497515037187,0.0061728139973118165,0.007487404051890537,0.009135501301861058,0.9316965557314006,0.002043190182591692,0.0037437020259452683,0.0056155530389179024,0.0,0.0,378,232776.14274363374,0.357005978628759,0.11649572695457011,0.014751569951945973
IWM,2016,2016-05-05,2016-05-06,-0.0041719488079122735,0.0041719488079122735,0.31525957798726756,0.0,0.008007191879715991,0.011066156905514875,0.009319393420486708,0.00913755974657515,0.011876062624748187,0.013233376871679903,0.9318035156243137,0.002373581651062606,0.0059380313123740935,0.00890704696856114,0.0,0.0,213,84573.28034108297,0.15939174807704,0.05263520595307825,0.018804086536871892
QQQ,2016,2016-05-05,2016-05-06,-0.004951406014929938,0.004951406014929938,0.3996117649221749,0.0,0.0038888709183589887,0.008062279247417363,0.0073632434392853306,0.007097345407368728,0.011124697048924412,0.01239054114408827,0.7247189934216556,0.0009578397764324897,0.005562348524462206,0.00834352278669331,0.0,0.0,204,88925.67839456323,0.3508961438195157,0.20969505378464665,0.014777340404419612
SPY,2016,2016-05-05,2016-05-06,-0.004439691938770696,0.004439691938770696,0.5104756835364344,0.0,0.002870190430521169,0.007345760482437843,0.006534043373332791,0.005532378085508895,0.007352921498761223,0.008697166352790279,0.9990260991736976,0.0008828363325021904,0.0036764607493806117,0.005514691124070917,0.0,0.0,395,253782.4526226379,0.3044561330782017,0.1074295329744488,0.014182041498710182
IWM,2016,2016-05-09,2016-05-10,0.0038658661530011074,0.0038658661530011074,0.2986520815332444,1.0,0.0027948538866373607,0.011359557852780746,0.008899977197468205,0.009144663669710524,0.01157360950988251,0.012944380407979105,0.9815051944755016,0.0066272419801167715,0.005786804754941255,0.008680207132411882,1.0,0.0,174,68017.0446504869,0.13283843511483648,0.03623848852388428,0.017642667426129254
QQQ,2016,2016-05-09,2016-05-10,0.0035890148533246347,0.0035890148533246347,0.2976648162754653,1.0,0.0027464809696491344,0.007860610472971898,0.006159912567006771,0.007322372533015245,0.009981826656636654,0.012057235713082343,0.7874921838825547,0.010540138289773626,0.004990913328318327,0.0074863699924774905,1.0,1.0,168,71377.54207507259,0.1318748750832909,0.04246417098386266,0.016613153985448634
SPY,2016,2016-05-09,2016-05-10,0.004031287743529122,0.004031287743529122,0.4800612629553921,1.0,0.0015566087173650711,0.0050590711148468595,0.005025120059249137,0.0055240524719356145,0.007316602083410844,0.008397444356812672,0.6914509026420128,0.008465557225551867,0.003658301041705422,0.005487451562558133,1.0,1.0,306,224890.3455834495,0.30844654976775304,0.08161766886210878,0.013834016763814775
SPY,2016,2016-05-10,2016-05-11,-0.002590517121796365,0.002590517121796365,0.3084296490916741,0.0,0.008368787332252658,0.008852562984947446,0.006613996500689054,0.005822976174568545,0.007316602083410844,0.008399053493804643,1.2099281721250268,0.00682810490125596,0.003658301041705422,0.005487451562558133,1.0,1.0,303,238823.54201812495,0.1988357910341736,0.07482968076413805,0.013773275808487839
SPY,2016,2016-05-11,2016-05-12,0.0038256333468902337,0.0038256333468902337,0.4576639714877389,1.0,0.006781798072597267,0.009811905392720609,0.007831970483202286,0.005781912544366995,0.007352921498761223,0.008359044157341376,1.3344227045499752,0.0009648907979613597,0.0036764607493806117,0.005514691124070917,0.0,0.0,394,279590.8902143932,0.23403393166092754,0.10297683651864156,0.013190453967825855
IWM,2016,2016-05-12,2016-05-13,-0.0028087811930210815,0.0028087811930210815,0.21951030996528242,0.0,0.007374761011057052,0.017897273316620346,0.00902131929655349,0.008285794296471628,0.011849418024987131,0.012795668656589826,1.5103926014661622,0.006400849893337668,0.0059247090124935654,0.008887063518740348,1.0,0.0,209,86425.75184920024,0.20503664397144833,0.06414945582825109,0.017102310310581875
IWM,2016,2016-05-13,2016-05-16,0.002553801357676022,0.002553801357676022,0.19393677392771047,1.0,0.0038160837566956207,0.014355822879366556,0.008789767627399256,0.008346643626294349,0.011937819482751046,0.013168216145680273,1.2025498375234507,0.014556027117667236,0.005968909741375523,0.008953364612063284,1.0,1.0,174,77212.41933749606,0.17054766137736008,0.15058707830526108,0.01777141334118417
IWM,2016,2016-05-17,2016-05-18,-0.004209747401889841,0.004209747401889841,0.30078508596839204,0.0,0.014520207884492264,0.02389972575325995,0.011023716455088955,0.009298734558604789,0.012226629523596655,0.013995864816024228,1.9547272375543012,0.00018380956795782666,0.0061133147617983274,0.009169972142697491,0.0,0.0,176,84860.11500349494,0.1929796679910233,0.1679264506166901,0.01669877010748115
IWM,2016,2016-05-18,2016-05-19,-0.007283279761793993,0.007283279761793993,0.5091507763242749,0.0,0.00946603071783203,0.01718594603933377,0.011086866371857124,0.009404855302763138,0.012574084873119711,0.014304760201632922,1.3667750943906127,0.009723150963317995,0.006287042436559856,0.009430563654839783,1.0,1.0,192,140445.14403421106,0.2160115476767544,0.1386528141400295,0.017205381664733652
QQQ,2016,2016-05-18,2016-05-19,-0.0038730744355321978,0.0038730744355321978,0.29985803536198513,0.0,0.005891322302995494,0.013207900207749491,0.009432281629951213,0.008200650395383905,0.011556082725066356,0.012916360339841042,1.1429392227437216,0.008704763963510498,0.005778041362533178,0.008667062043799767,1.0,1.0,184,113278.35605915586,0.20338209191772652,0.1660795027881154,0.014409966250901131
SPY,2016,2016-05-18,2016-05-19,-0.004148192320162503,0.004148192320162503,0.4260615955407274,0.0,0.0022989689644414835,0.013060057410782658,0.00788980504228922,0.00651483561674739,0.008703270254639477,0.009736132905614054,1.5005919647066797,0.006312253609834562,0.0043516351273197385,0.006527452690979608,1.0,0.0,356,344189.8293125265,0.35319662314206457,0.2835988607728743,0.012918255927539988
IWM,2016,2016-05-19,2016-05-20,0.003028651191515186,0.003028651191515186,0.20755383989579984,1.0,0.0007336925016779849,0.016324273334111853,0.011352073734056747,0.009485204889518062,0.013507598830462384,0.014592123147592392,1.2085251819366514,0.013724951847693623,0.006753799415231192,0.010130699122846788,1.0,1.0,182,151913.95051908144,0.2769511071935981,0.21485922274423352,0.015018294225778859
QQQ,2016,2016-05-19,2016-05-20,0.003988280391955756,0.003988280391955756,0.30368156867356616,1.0,0.0013276376832628278,0.011095288789051179,0.009510651465304174,0.008209012261134704,0.011556082725066356,0.013133099942074011,0.9601254207867803,0.011065904963565742,0.005778041362533178,0.008667062043799767,1.0,1.0,172,121403.55227807938,0.36355123830163033,0.27436606141396097,0.011379780376964714
SPY,2016,2016-05-19,2016-05-20,0.0035259609768045763,0.0035259609768045763,0.3570556528467036,1.0,0.0006860697408772598,0.008624887424741701,0.00785304908399786,0.006464559826868153,0.008738725204844575,0.00987510195873693,0.9869731823081285,0.0057583834916759,0.004369362602422287,0.006554043903633431,1.0,0.0,329,406898.94302442885,0.46318009117002423,0.38793764034203876,0.011752061108397053
IWM,2016,2016-05-23,2016-05-24,0.005873792472202322,0.005873792472202322,0.39880534253745714,1.0,0.0009929853235570718,0.008034661159341532,0.012492945729781496,0.009950932640809646,0.014314875231089532,0.014728469871615713,0.5612805581351894,0.017159318156519943,0.007157437615544766,0.010736156423317149,1.0,1.0,170,83772.30283346224,0.11482684524987309,0.06159834952236902,0.018504191673646943
QQQ,2016,2016-05-23,2016-05-24,0.005548728747583942,0.005548728747583942,0.43199142586194045,1.0,0.002439201761596399,0.0069424701115828515,0.008894654221066181,0.008162194019109262,0.011556082725066356,0.012844534440730434,0.6007632756491008,0.01561913765006362,0.005778041362533178,0.008667062043799767,1.0,1.0,163,64541.51093469164,0.1909026247292227,0.11901715593454412,0.015185452129911679
SPY,2016,2016-05-23,2016-05-24,0.004678092800887157,0.004678092800887157,0.47374002518568764,1.0,0.0014597236192265273,0.004136007335148311,0.005691438704186411,0.006671754563384807,0.008738725204844575,0.009874810132526857,0.4732964177492835,0.010040293653795773,0.004369362602422287,0.006554043903633431,1.0,1.0,313,201425.92617259664,0.24004232648537208,0.09092439927637784,0.01601033232180225
IWM,2016,2016-05-24,2016-05-25,0.0031875385387771793,0.0031875385387771793,0.208540465282836,1.0,0.014643831808139884,0.017518683140840367,0.011998391233439303,0.010830114263841424,0.014419125163455414,0.015284988141049912,1.2149615834697542,0.005295661588349709,0.007209562581727707,0.01081434387259156,0.0,0.0,171,74137.07514109465,0.11843851427682077,0.04479140316254363,0.020219086392990505
QQQ,2016,2016-05-24,2016-05-25,0.0037802292602828746,0.0037802292602828746,0.2837032985732243,1.0,0.014403300990465606,0.01589970985180907,0.010074115339749659,0.009381163536452967,0.01155833080543256,0.013324586916310355,1.3756060558792804,0.006429658588983145,0.00577916540271628,0.00866874810407442,1.0,0.0,162,63759.812391080515,0.31540974531649774,0.1076598661839123,0.016101397280882203
SPY,2016,2016-05-24,2016-05-25,0.0038485739671414443,0.0038485739671414443,0.37238091295691617,1.0,0.008245607815590805,0.010185798720310325,0.006678236756959233,0.007338889336024972,0.009057270937393577,0.010335046274476258,1.1245990973128055,0.005271510582105954,0.0045286354686967885,0.006792953203045182,1.0,0.0,302,207160.09368432986,0.18669179079623482,0.10229073243850162,0.015472043693542017
IWM,2016,2016-05-31,2016-06-01,-0.003391299040421236,0.003391299040421236,0.23658489802055388,0.0,0.0015676737994616552,0.00905766345838289,0.00823074770267168,0.010437351208314493,0.01346665118218536,0.014334385114161467,0.6725995450424236,0.0016605702189027571,0.00673332559109268,0.01009998838663902,0.0,0.0,191,86781.69655621034,0.18960538338919894,0.035654556077429116,0.021862849522549424
QQQ,2016,2016-05-31,2016-06-01,-0.003081351723535186,0.003081351723535186,0.26879958536641446,0.0,0.0005440475086857521,0.006619544477820932,0.00732437925722062,0.008514709820976976,0.010893966566831073,0.011463379749395215,0.6076339997201294,0.000818818441379543,0.0054469832834155366,0.008170474925123305,0.0,0.0,179,77046.32545183126,0.191991632225458,0.06509425039370215,0.016503018784025554
SPY,2016,2016-05-31,2016-06-01,-0.0034311915424538597,0.0034311915424538597,0.36409844739985536,0.0,0.0034194587245982566,0.007171399046035802,0.005822534371884359,0.006917528180827092,0.008738725204844575,0.009423801631006963,0.8206459040570496,0.0011010375231512715,0.004369362602422287,0.006554043903633431,0.0,0.0,350,257567.44233207178,0.29598129445861854,0.13991663747984506,0.014583699717939724
IWM,2016,2016-06-01,2016-06-02,-0.002504758322550593,0.002504758322550593,0.18050940149732536,0.0,0.010208517256038219,0.01334960972994433,0.004138469398867644,0.009698324868593504,0.01300449225575127,0.013876054664043116,1.0265383274799085,0.0010400894021913576,0.006502246127875635,0.009753369191813452,0.0,0.0,234,94921.80731829756,0.12387808445964778,0.040850664206284866,0.02226977844332766
SPY,2016,2016-06-02,2016-06-03,-0.0031293141655184264,0.0031293141655184264,0.342533507061272,0.0,0.00529075593043582,0.008055229542586168,0.002426692111554539,0.006402297330981184,0.008738725204844575,0.009135789932979194,0.9217854267943463,0.00665517277404204,0.004369362602422287,0.006554043903633431,1.0,1.0,435,301276.6567483221,0.33260486187232846,0.1675142554233251,0.01279089726185569
IWM,2016,2016-06-08,2016-06-09,-0.004137447120720061,0.004137447120720061,0.30279306640635717,0.0,0.00654425139470205,0.008414056033965134,0.006534164996597851,0.009623967298639798,0.012985447971764822,0.013664272996157337,0.6479603978438334,0.005541832388142209,0.006492723985882411,0.009739085978823617,0.0,0.0,227,93226.15160965204,0.15446694332783995,0.06220962328350048,0.01732849764732822
QQQ,2016,2016-06-08,2016-06-09,-0.004077236263823947,0.004077236263823947,0.3871875416541352,0.0,0.0,0.005798671502418325,0.0035020562916875755,0.007582788051585772,0.009705125401926487,0.010530391154646289,0.5974854792981116,0.0019141289419841723,0.0048525627009632435,0.007278844051444865,0.0,0.0,228,100835.51258702403,0.3281656933985785,0.18223864903211806,0.01248504752966281
SPY,2016,2016-06-08,2016-06-09,-0.004049539153951565,0.004049539153951565,0.4654611405907083,0.0,0.002501882498390451,0.003918060070822564,0.0030527837020569346,0.005988477154356845,0.008340058483663934,0.00870005850286958,0.46978808104248343,0.0015151856703938815,0.004170029241831967,0.006255043862747951,0.0,0.0,421,303507.5268579577,0.3057316093472763,0.1620014433387948,0.012160454061115634
IWM,2016,2016-06-09,2016-06-10,-0.009263162699515437,0.009263162699515437,0.6868258811418366,0.0,0.0022893358222124682,0.005511289744137774,0.0077706367651639045,0.009217226060178631,0.012985447971764822,0.013486915612608516,0.4244204555839245,0.007692967161092357,0.006492723985882411,0.009739085978823617,1.0,0.0,236,113090.85878588606,0.16464779681182873,0.08203742577900613,0.016796007759554647
QQQ,2016,2016-06-09,2016-06-10,-0.009075233486193546,0.009075233486193546,0.8820326489502496,0.0,0.0024563707874698526,0.0054585014930486585,0.003351058031126776,0.00721697462731038,0.0088999241947092,0.010288999502449742,0.6133199984212913,0.0058032875550910745,0.0044499620973546,0.0066749431460319,1.0,0.0,233,114090.680962215,0.372299042931168,0.23723852889896943,0.011268902086389277
SPY,2016,2016-06-09,2016-06-10,-0.0076386038438363,0.0076386038438363,0.8998715161529919,0.0,0.002694942740402384,0.004869740466394773,0.003300274716502863,0.005512539196545761,0.007829251092582246,0.00848854942813594,0.6219931394215424,0.004918178265328477,0.003914625546291123,0.005871938319436685,1.0,0.0,418,350217.1038017804,0.34807344523501554,0.20984489732315775,0.011027696436304557
IWM,2016,2016-06-10,2016-06-13,-0.0036184903080002107,0.0036184903080002107,0.269402666246593,0.0,0.0043746965879237765,0.010207538113923128,0.0100648167530143,0.009778410969160062,0.011938816309708196,0.01343153116639198,0.8549874501061502,0.009250416457494692,0.005969408154854098,0.008954112232281148,1.0,1.0,200,91759.68476741354,0.10387255974601926,0.08147365660290073,0.019429221032734076
QQQ,2016,2016-06-10,2016-06-13,-0.005691231252867857,0.005691231252867857,0.5538118070875944,0.0,0.0022895869073192854,0.007693048342369264,0.005773798127150803,0.007681944922874392,0.007933965005185985,0.010276471501749141,0.9696347711819693,0.003985543679751347,0.003966982502592992,0.0059504737538894886,1.0,0.0,198,68883.0128868371,0.15141371071250312,0.10840299330613694,0.01543454706253983
SPY,2016,2016-06-10,2016-06-13,-0.0033798576146635284,0.0033798576146635284,0.3930068768050342,0.0,0.001853080762173831,0.006794677796026553,0.005711165390665333,0.006020516737224512,0.0073873358443070644,0.008599996117473113,0.9197737776146682,0.004847585683938727,0.0036936679221535322,0.0055405018832302986,1.0,0.0,370,215876.95200128248,0.21263740646118168,0.14772260947663574,0.015700222983668688
IWM,2016,2016-06-13,2016-06-14,-0.003658202054494075,0.003658202054494075,0.27298610964487635,0.0,0.007263328631233912,0.013748412851766045,0.008978781922855344,0.010030727900612121,0.011938816309708196,0.013400689358344925,1.1515725257106395,0.006334135940012864,0.005969408154854098,0.008954112232281148,1.0,0.0,204,104856.91264374406,0.18930429686453373,0.11200969832194434,0.019948219070681675
QQQ,2016,2016-06-13,2016-06-14,-0.0026844480126284598,0.0026844480126284598,0.2629065899670912,0.0,0.0026772610445382483,0.009601190163011397,0.00530330340810301,0.007913634968620988,0.007933965005185985,0.010210653194218069,1.210137699969138,0.004662439481164071,0.003966982502592992,0.0059504737538894886,1.0,0.0,190,79312.99241464405,0.2519715028393987,0.21065065240192812,0.0166553051987533
IWM,2016,2016-06-14,2016-06-15,0.0035813768404298063,0.0035813768404298063,0.2719248917174457,1.0,0.000786816747665009,0.012588534391902103,0.008187493134394845,0.009788178888588135,0.011922440398866592,0.013170463423963325,1.055868930416195,0.005831649164458774,0.005961220199433296,0.008941830299149944,0.0,0.0,208,119282.37566830481,0.3402409574093619,0.22218734811314783,0.019137024662965664
IWM,2016,2016-06-15,2016-06-16,-0.00733237042416135,0.00733237042416135,0.5885897019680162,0.0,0.002872328599598073,0.009574362259246415,0.005793493904543798,0.008896165490917195,0.010731942259877104,0.012457524145673532,0.8921369522310546,0.007352306099230876,0.005365971129938552,0.008048956694907829,1.0,0.0,229,151303.28706255765,0.3447518667782097,0.21265668625222037,0.01885272826217976
QQQ,2016,2016-06-15,2016-06-16,-0.004920151998615174,0.004920151998615174,0.517820270862516,0.0,0.005263641056470703,0.008311030734785578,0.004802401485521889,0.006846838967900906,0.007933965005185985,0.009501659698296168,1.047525509547008,0.006478896163438996,0.003966982502592992,0.0059504737538894886,1.0,1.0,217,114737.92036197896,0.2564731572883921,0.19977813777804812,0.01601582270277923
QQQ,2016,2016-06-16,2016-06-17,-0.004720493631143352,0.004720493631143352,0.49151329646560094,0.0,0.00792982978599821,0.015299928652813658,0.005888998470755651,0.006836003427211168,0.007933965005185985,0.009603999861423324,1.9284088904870338,0.012142328138800451,0.003966982502592992,0.0059504737538894886,1.0,1.0,207,133758.124725692,0.382574652057138,0.3171487350524441,0.013616089411544253
SPY,2016,2016-06-16,2016-06-17,-0.005758971907482646,0.005758971907482646,0.7048125319060968,0.0,0.0029843326940433013,0.01434421654068893,0.005057207687458718,0.005144000015427362,0.0073873358443070644,0.008170927227851735,1.9417306648841581,0.006901570687462,0.0036936679221535322,0.0055405018832302986,1.0,1.0,420,383065.14785150427,0.2654279881330097,0.18788226027726251,0.014678120313969287
IWM,2016,2016-06-17,2016-06-20,0.015255177366369832,0.015255177366369832,1.266733432715909,1.0,0.0030592263990245616,0.010838194424253805,0.004592781253641686,0.008699746937550542,0.010522866269088466,0.01204292629559981,1.0299659947301272,0.0056130732241332915,0.005261433134544233,0.00789214970181635,1.0,0.0,182,77293.51008457487,0.12311390300624836,0.026737993405152247,0.019648736031181453
QQQ,2016,2016-06-17,2016-06-20,0.011644337665875248,0.011644337665875248,1.186555761954747,1.0,0.009671728144086789,0.013391634499706687,0.006901442819930392,0.0075449468571900605,0.007933965005185985,0.009813561266343031,1.6878867616574225,0.004734006228016341,0.003966982502592992,0.0059504737538894886,1.0,0.0,166,57032.5570698111,0.259360856617734,0.08231616975550575,0.01905247443115648
SPY,2016,2016-06-17,2016-06-20,0.011136950436643644,0.011136950436643644,1.3450628134457796,1.0,0.003137490477527094,0.006999068209962177,0.0048847117201735206,0.005512248452045217,0.007085233627998989,0.008279873865602621,0.9878387329817454,0.0037831302481770024,0.0035426168139994947,0.005313925220999242,1.0,0.0,326,194690.85799259553,0.1541303687299071,0.07078860252645108,0.01881378455851726
IWM,2016,2016-06-22,2016-06-23,0.01038124810188612,0.01038124810188612,0.882400695664485,1.0,0.005810978149229373,0.012055501759392592,0.006231630280250134,0.0071214601931369045,0.010069200258074638,0.011764777785072577,1.1972650707512853,0.009411189519575425,0.005034600129037319,0.007551900193555979,1.0,1.0,276,95858.67442987168,0.17494453447438588,0.03285644847359902,0.02184142771060648
QQQ,2016,2016-06-22,2016-06-23,0.007739666613095775,0.007739666613095775,0.8373465044897087,1.0,0.0029750809044960524,0.009669030672493266,0.008160899978562307,0.005682547541460958,0.007933965005185985,0.009243087027409808,1.2186883438700784,0.006662359792137584,0.003966982502592992,0.0059504737538894886,1.0,1.0,260,71435.50615482595,0.13645588306496015,0.055797525717103454,0.01995471328089692
SPY,2016,2016-06-22,2016-06-23,0.008217161965038633,0.008217161965038633,0.9937900686958188,1.0,0.002635934862483702,0.007524597987755818,0.005901477297804754,0.004737016121094006,0.0073479985168958106,0.008268508836903821,1.0240336835199326,0.0050521784992525465,0.0036739992584479053,0.0055109988876718575,1.0,0.0,466,245988.69415235828,0.1405182688527463,0.050560113518684724,0.019570571325055394
IWM,2016,2016-06-23,2016-06-24,-0.041773645490209455,0.041773645490209455,3.386792199863948,0.0,0.008634087399714385,0.010188225766577283,0.010504448790328944,0.008160568658270698,0.010197881940250206,0.01233428064818608,0.9990531196841168,0.0039462102368272856,0.005098940970125103,0.007648411455187655,0.0,0.0,264,93816.08364514538,0.08871480450223271,0.044605858249391575,0.021384175779804677
QQQ,2016,2016-06-23,2016-06-24,-0.03557961971707202,0.03557961971707202,3.7634234805370785,0.0,0.00647725502191987,0.010826299363831192,0.010667343275704897,0.006368698635955694,0.008002039538577421,0.009454056898213976,1.352942498176641,0.008072304314750367,0.004001019769288711,0.006001529653933066,1.0,1.0,259,75601.32822063979,0.1577297380036399,0.09172073214721549,0.01664929717969232
SPY,2016,2016-06-23,2016-06-24,-0.03405907100675143,0.03405907100675143,4.017805654704688,0.0,0.004766217108985726,0.007625903738356091,0.008258276408306663,0.0053663348313287874,0.0073479985168958106,0.008477032971186557,1.0378205331453554,0.004488968314076969,0.0036739992584479053,0.0055109988876718575,1.0,0.0,422,299351.02799061814,0.15346737159174378,0.08278467788840532,0.017307454365553115
IWM,2016,2016-06-24,2016-06-27,-0.011656857008455757,0.011656857008455757,0.8167422859559583,0.0,0.003930630716593386,0.02269073485912133,0.021842102134481425,0.01202197813284402,0.010522866269088466,0.01427238090753677,2.156326449360731,0.02661980948727427,0.005261433134544233,0.00789214970181635,1.0,1.0,214,82998.44407618644,0.11009873581558083,0.030378951796300527,0.02061542032293656
QQQ,2016,2016-06-24,2016-06-27,-0.006616189810614181,0.006616189810614181,0.583439615217685,0.0,0.005815067697602205,0.023260270790408898,0.02165919601980658,0.011106814549870916,0.008956110448898488,0.011339973560324046,2.5971397877601743,0.01818180318546525,0.004478055224449244,0.006717082836673866,1.0,1.0,202,49740.703812910375,0.07660418011729943,0.018311678044398583,0.020772707763076118
SPY,2016,2016-06-24,2016-06-27,-0.008118525441237145,0.008118525441237145,0.7937151334534821,0.0,0.0019152353793483456,0.03992537783167689,0.019136321075208927,0.009728921794849493,0.007563935315167072,0.010228512849330665,5.278386999373093,0.014799912065128318,0.003781967657583536,0.005672951486375304,1.0,1.0,359,170254.85561950348,0.11139959509773316,0.051472097778733475,0.020980136838381597
IWM,2016,2016-06-27,2016-06-28,0.008832450666197866,0.008832450666197866,0.5647830286663557,1.0,0.02142790366397085,0.025929569292617676,0.023685885139106327,0.013761266502909514,0.011047270415042443,0.015638661606129135,2.3471471520522256,0.01121747113928473,0.005523635207521221,0.008285452811281832,1.0,1.0,210,94673.21343789955,0.05990541132600927,0.039660560920577514,0.022615874327209986
QQQ,2016,2016-06-27,2016-06-28,0.01105456114188641,0.01105456114188641,0.8992539339017038,1.0,0.013320437005244656,0.01785712839159179,0.021716265348649257,0.011605422533836772,0.009613078442213548,0.012293036177137,1.8575868800962299,0.011224031729423212,0.004806539221106774,0.007209808831660161,1.0,1.0,191,51853.95426957203,0.11452932795202293,0.03766662633183886,0.018474761196108882
SPY,2016,2016-06-27,2016-06-28,0.00941878540348573,0.00941878540348573,0.8454641827031805,1.0,0.009871473141154885,0.014633723203638796,0.019216348122219305,0.010291548873696914,0.007614588190467209,0.011140371876394922,1.921801000605512,0.008685725814519651,0.0038072940952336046,0.005710941142850407,1.0,1.0,352,188631.17540263315,0.17111942548397874,0.10795869403554918,0.020779942531276813
IWM,2016,2016-06-28,2016-06-29,0.012050323172628108,0.012050323172628108,0.7441981229871962,1.0,0.006566358510566861,0.011947081991463288,0.026546317143654543,0.014287906306770404,0.011601714198647185,0.01619235899743788,1.0297686864977569,0.012085999466420416,0.005800857099323592,0.00870128564898539,1.0,1.0,206,117302.19587682199,0.251356962838976,0.1774038254214207,0.01688568019657915
QQQ,2016,2016-06-28,2016-06-29,0.007849891843873413,0.007849891843873413,0.6000647364935927,1.0,0.010740209257279254,0.011707780380622267,0.025647702968382046,0.012900059176126645,0.00964699869695448,0.013081741629650373,1.213618944959365,0.011873100441617934,0.00482349934847724,0.0072352490227158605,1.0,1.0,201,83835.56777578543,0.1062865266426057,0.05361044195934993,0.016843061547699892
SPY,2016,2016-06-28,2016-06-29,0.008070863259245886,0.008070863259245886,0.6903736733696028,1.0,0.00853683371638092,0.010472506725704479,0.022297875568694534,0.011275460730556719,0.00784056664047113,0.011690572179343545,1.3356823818890722,0.010203067639403374,0.003920283320235565,0.0058804249803533475,1.0,1.0,355,258140.0369169704,0.18307805141479808,0.11456530961884369,0.01590258004459025
SPY,2016,2016-06-29,2016-06-30,0.0026613908933104113,0.0026613908933104113,0.21762010243156044,1.0,0.008885019316328124,0.010788866894103376,0.024436015929141637,0.012000878008607583,0.008379581075822661,0.01222952688457352,1.2875186475887381,0.01124456588374656,0.004189790537911331,0.006284685806866996,1.0,1.0,394,298223.6563614374,0.22481909760727534,0.1405260260509966,0.015174935938339488
IWM,2016,2016-07-01,2016-07-05,-0.0032065408487663705,0.0032065408487663705,0.18807302471621817,0.0,0.002955204944563805,0.009995600747329181,0.022591122300631823,0.01571070136432304,0.011392638207858546,0.017049445839480135,0.8773736657795645,0.01724592689046811,0.005696319103929273,0.00854447865589391,1.0,1.0,184,68808.9074932577,0.13521018247370925,0.0443234172642433,0.021565588570293774
QQQ,2016,2016-07-01,2016-07-05,-0.005273868293555473,0.005273868293555473,0.3795819458861532,0.0,0.005488919704258466,0.009582346536063885,0.01644982347356076,0.014022115932525833,0.010218326700623545,0.013893886025699565,0.9377608307903434,0.00627111401446423,0.0051091633503117725,0.007663745025467659,1.0,0.0,159,58809.32275487877,0.21458651341151713,0.03915524175111117,0.01548164110097197
SPY,2016,2016-07-01,2016-07-05,-0.004620813782222233,0.004620813782222233,0.37418247077880584,0.0,0.0021004508801811816,0.005728528888228785,0.01508421637643631,0.012400149694626598,0.008187969475473119,0.01234909206891677,0.6996275334670539,0.00596981461795032,0.0040939847377365595,0.006140977106604839,1.0,0.0,317,230297.66572829592,0.1944613982966057,0.04393403978474223,0.016648692062726345
IWM,2016,2016-07-05,2016-07-06,-0.010115238817692829,0.010115238817692829,0.5826553509624315,0.0,0.011563156324786106,0.019040188709119277,0.015128156010223997,0.015813507630535448,0.011392638207858546,0.017360586839174227,1.6712712509369,0.0020479330596867573,0.005696319103929273,0.00854447865589391,0.0,0.0,176,75353.29692100496,0.1181930015485124,0.030970618793202453,0.01882671712992593
QQQ,2016,2016-07-05,2016-07-06,-0.004747668176588893,0.004747668176588893,0.3354277442170044,0.0,0.000837168314545389,0.007627265444378692,0.011045921367774636,0.01402868429815881,0.010218326700623545,0.014154071207411505,0.7464299848539057,0.0031904285282799982,0.0051091633503117725,0.007663745025467659,0.0,0.0,157,68075.04660186326,0.18873757890718576,0.06355982457150677,0.014560274727141144
SPY,2016,2016-07-05,2016-07-06,-0.0027829846018093685,0.0027829846018093685,0.2222619857613157,0.0,0.0025843182293349143,0.006556569213671028,0.010921465092722854,0.012438318677127748,0.008187969475473119,0.012521190217376982,0.800756430921132,0.003718749548632827,0.0040939847377365595,0.006140977106604839,0.0,0.0,288,268350.1086086228,0.22297181251948453,0.08526168460363279,0.015068054046644953
IWM,2016,2016-07-06,2016-07-07,0.0028975487999227667,0.0028975487999227667,0.16395198447510945,1.0,0.011995721193697184,0.015105780734023133,0.014934363704339317,0.015799194113474888,0.01200129187542794,0.017673154791015423,1.258679556402714,0.006741346829252537,0.00600064593771397,0.009000968906570955,1.0,0.0,230,87895.0344702962,0.12044782849528807,0.039353429753330206,0.018022045860706014
IWM,2016,2016-07-07,2016-07-08,0.009813395019147686,0.009813395019147686,0.548005870210743,1.0,0.0007879877983125727,0.013832903036020734,0.011809433538179459,0.01568680228617331,0.012322018075647347,0.01790746331854769,1.1226166810580671,0.015965261066296144,0.006161009037823673,0.00924151355673551,1.0,1.0,225,94707.85398028743,0.1463474923430242,0.06757420683536504,0.01707707887247767
QQQ,2016,2016-07-07,2016-07-08,0.005339662925744282,0.005339662925744282,0.36049343560564306,1.0,0.0020295315277334414,0.006918819090799999,0.006682551616613736,0.014197215984023551,0.010796961046292507,0.014812094752220492,0.6408117118451404,0.010622744455379252,0.0053984805231462535,0.00809772078471938,1.0,1.0,211,78463.29887093893,0.22102504990890964,0.08868078153832547,0.013444621078418765
SPY,2016,2016-07-07,2016-07-08,0.007254351554986549,0.007254351554986549,0.5484229946650272,1.0,0.0016200330957304443,0.00962495383174689,0.007744373450732523,0.012488942949600724,0.008851794901960034,0.013227657529964538,1.0873448761917945,0.008955220859129476,0.004425897450980017,0.0066388461764700256,1.0,1.0,389,303189.7161915003,0.30935637689178563,0.13386521627764938,0.013107724043435782
IWM,2016,2016-07-08,2016-07-11,0.006593001430176715,0.006593001430176715,0.35213507417283585,1.0,0.013362263909130867,0.01683292678535114,0.013502459801564767,0.016600748106102518,0.013098225629205321,0.01872293308374252,1.2851303116827135,0.007400499869425481,0.006549112814602661,0.009823669221903992,1.0,0.0,190,70152.23671429227,0.10571592231629727,0.0941961636234327,0.019369259465457173
QQQ,2016,2016-07-08,2016-07-11,0.0033544433993704104,0.0033544433993704104,0.2190434434183144,1.0,0.010073316247774189,0.012271098944446689,0.007861742222523138,0.014646017057388471,0.010889297484831917,0.015314055271512148,1.126895372409426,0.006054018072020773,0.005444648742415958,0.008166973113623938,1.0,0.0,165,58612.95028507123,0.2166931246282426,0.17433697823485805,0.015671124364993967
SPY,2016,2016-07-08,2016-07-11,0.0025394242201801642,0.0025394242201801642,0.18450332234143832,1.0,0.007581098420236465,0.010234558781691449,0.00818807930061575,0.012956602766878126,0.009266074619908774,0.013763569067232048,1.104519357064298,0.004127796204019374,0.004633037309954387,0.0069495559649315804,0.0,0.0,300,231457.53035548274,0.21705102332709936,0.17274065693427684,0.013053459190777513
IWM,2016,2016-07-11,2016-07-12,0.007279504103560264,0.007279504103560264,0.39171417862869345,1.0,0.004933666579616913,0.008166035253566397,0.01401970684332071,0.016488344820955837,0.013098225629205321,0.018583713586891933,0.6234459143350272,0.011932757722229459,0.006549112814602661,0.009823669221903992,1.0,1.0,178,65421.7826691655,0.181880526515937,0.13133550109213699,0.01602618352369871
QQQ,2016,2016-07-11,2016-07-12,0.00612999462097763,0.00612999462097763,0.40742068739693743,1.0,0.0023493461690815565,0.006144327162120259,0.00786595138805698,0.014436411106672641,0.010889297484831917,0.015045859993371827,0.5642537703354057,0.0016127614388623535,0.005444648742415958,0.008166973113623938,0.0,0.0,163,61453.23226921147,0.18631158534684833,0.12910181640311824,0.01522312442638693
SPY,2016,2016-07-11,2016-07-12,0.005295243276157935,0.005295243276157935,0.39303540259431174,1.0,0.000984996729083587,0.005253578325204952,0.008172208540728369,0.012769570149675566,0.009266074619908774,0.013472687806761382,0.5669691364148192,0.003589261533782473,0.004633037309954387,0.0069495559649315804,0.0,0.0,302,271049.1932354029,0.22104116797037285,0.1750988504857499,0.012766848688690232
IWM,2016,2016-07-12,2016-07-13,0.005095227231304733,0.005095227231304733,0.27010699499532936,1.0,0.0060504304260766695,0.013361313763786764,0.00894713438303317,0.01646040785175671,0.012974924077844435,0.018863736688466134,1.0297797261567114,0.0004986084740361552,0.006487462038922217,0.009731193058383325,0.0,0.0,164,54018.78499161636,0.3119342571650831,0.2860154991534771,0.013787977272709672
IWM,2016,2016-07-13,2016-07-14,0.008805057037801323,0.008805057037801323,0.4674089167006455,1.0,0.008975332956206783,0.011967110608275709,0.010542155429964206,0.01647922511498438,0.012708407761589678,0.018838016826796155,0.9416687623484595,0.0004987328102388222,0.006354203880794839,0.009531305821192259,0.0,0.0,202,71417.79143724195,0.16406385084317424,0.1137943437060115,0.013950735149642872
QQQ,2016,2016-07-13,2016-07-14,0.006653460309725245,0.006653460309725245,0.4532639679438025,1.0,0.004742718382969802,0.005458618437150447,0.006494373748442695,0.014314607331319916,0.010796961046292507,0.014678996744233083,0.505569892652789,0.0020543351090960282,0.0053984805231462535,0.00809772078471938,0.0,0.0,197,82433.25911005493,0.26815709265008664,0.18662265005033193,0.01233572143466258
SPY,2016,2016-07-13,2016-07-14,0.006886263447553498,0.006886263447553498,0.5194675576545023,1.0,0.002413684861530596,0.00510578737588777,0.006385781292167438,0.01265833360088841,0.008851794901960034,0.013256387903503206,0.5768081425787674,0.0012477092424969527,0.004425897450980017,0.0066388461764700256,0.0,0.0,351,367679.6907523633,0.3318027403403147,0.23819304472604033,0.010426283604673318
IWM,2016,2016-07-14,2016-07-15,0.004356175178870769,0.004356175178870769,0.2314283976160388,1.0,0.007730675657386832,0.008811284552816654,0.010739193735856852,0.01647792018832914,0.012708407761589678,0.01882299330481503,0.6933429205386515,0.0012511596183379936,0.006354203880794839,0.009531305821192259,0.0,0.0,229,80994.26368331898,0.21752768830827948,0.14309810544706258,0.012512165510265424
SPY,2016,2016-07-14,2016-07-15,0.0030538759810330163,0.0030538759810330163,0.23093966193877283,1.0,0.001293894580379762,0.004667257556943701,0.005575997859371979,0.01266458124602516,0.008811986709342655,0.013223696420940748,0.5296487285886821,0.0010609637827945217,0.0044059933546713274,0.006608990032006991,0.0,0.0,378,387334.71714014973,0.2613702717766563,0.21471626714581132,0.009085644958626744
QQQ,2016,2016-07-18,2016-07-19,-0.003465429060562797,0.003465429060562797,0.2500394001767865,0.0,0.0059890779699278696,0.007955657171695472,0.0045429548745430665,0.013856982842765963,0.009625688604278575,0.01385953197021197,0.8265026533435974,0.0019655250612284902,0.004812844302139288,0.0072192664532089315,0.0,0.0,164,42072.96910285962,0.31394881721313167,0.17003583416753076,0.013807391295627518
QQQ,2016,2016-07-19,2016-07-20,0.005440119729718251,0.005440119729718251,0.40875884036853205,1.0,0.00017837068380532894,0.0049041733773931145,0.00513674176816098,0.013905441669274229,0.008769001853879677,0.013308873576443031,0.559262440482135,0.008071701963388245,0.004384500926939839,0.006576751390409758,1.0,1.0,153,63182.84390876415,0.22939279202057686,0.1377451347839169,0.012732759472490054
QQQ,2016,2016-07-26,2016-07-27,0.008436585611641956,0.008436585611641956,0.804450917398232,1.0,0.0014961993032553966,0.00862520422328139,0.005400047554993111,0.007442120345279825,0.007672601334955937,0.010487383915140149,1.1241564427419743,0.0011328736681304186,0.0038363006674779687,0.005754451001216953,0.0,0.0,174,86542.21478625896,0.2318529921881486,0.12405779527189752,0.014684136294957038
IWM,2016,2016-08-04,2016-08-05,0.0064697975704401944,0.0064697975704401944,0.5626880395520981,1.0,0.0009132470995314446,0.0077210488064636965,0.00813961319202309,0.007881850391372664,0.009826107794361605,0.011498018645624988,0.7857687874026958,0.010219264303511943,0.004913053897180802,0.007369580845771204,1.0,1.0,225,115836.66131178345,0.40795612684859567,0.19054289616370887,0.013853483238947787
QQQ,2016,2016-08-04,2016-08-05,0.005100751937623604,0.005100751937623604,0.6210358392686437,1.0,0.003208977514262523,0.006504769992619405,0.005056701770165233,0.005329994045362567,0.0065934399422938736,0.008213297228756477,0.9865517923192578,0.006709089669402424,0.0032967199711469368,0.004945079956720405,1.0,1.0,209,96993.26212141893,0.23955405513563519,0.09947583518238244,0.014017769432231559
IWM,2016,2016-08-10,2016-08-11,0.0044448178864309185,0.0044448178864309185,0.4490320251078193,1.0,0.007272425311511288,0.011848316561403505,0.00785795985332586,0.0060978834015197195,0.009033752799474572,0.009898665658342857,1.3115608567563013,0.0030320638390828325,0.004516876399737286,0.006775314599605929,0.0,0.0,229,95048.15222054474,0.2748431088708799,0.08657084256871567,0.015091127348955246
QQQ,2016,2016-08-10,2016-08-11,0.0034298909883716533,0.0034298909883716533,0.4452975439645973,1.0,0.003162621796252596,0.00606888706246002,0.004712841254749252,0.00474742151771038,0.0065934399422938736,0.007702470033484715,0.9204432156166178,0.002990993963050803,0.0032967199711469368,0.004945079956720405,0.0,0.0,208,96752.57473743396,0.19796819808449043,0.10030100616526137,0.01350873166092085
SPY,2016,2016-08-10,2016-08-11,0.002848718612967316,0.002848718612967316,0.43915123764018105,1.0,0.003069021924960058,0.005359343053591893,0.004052781005839144,0.0034235329034294657,0.005627128921468695,0.006486873698170961,0.9524116344917668,0.0031155866933232357,0.0028135644607343475,0.004220346691101521,1.0,0.0,385,410816.8091477852,0.34131507767261504,0.11650060460260378,0.010333603973847116
IWM,2016,2016-08-15,2016-08-16,-0.0025931903635926234,0.0025931903635926234,0.25887533117488043,0.0,0.007675995822585602,0.010289091504576298,0.006254893066428567,0.006457417108433151,0.009772656275354393,0.010017139724452237,1.052844918993447,0.0067070152175403575,0.004886328137677197,0.007329492206515795,1.0,0.0,182,73344.24641277513,0.24690144617687673,0.2118114242494742,0.01588861854560275
SPY,2016,2016-08-18,2016-08-19,-0.002513035960084009,0.002513035960084009,0.409095821101242,0.0,0.0023816262763705076,0.0031601501978107682,0.003318623386019586,0.0033754439804902204,0.0054521795623204885,0.00614290303264205,0.5796122746305488,0.002617764540506551,0.0027260897811602442,0.004089134671740366,0.0,0.0,368,551243.432891631,0.34147787989138223,0.25020033027592825,0.009674216132085803
IWM,2016,2016-08-22,2016-08-23,0.003165065620717611,0.003165065620717611,0.32931680436131494,1.0,0.004401702919661243,0.008232755985682261,0.005777228749990856,0.006445529730619479,0.008484111264123746,0.009611005508376702,0.9703734108834268,0.006876453927061155,0.004242055632061873,0.00636308344809281,1.0,1.0,182,74197.78331409537,0.08519241536173974,0.040054285958467155,0.020218334865001367
QQQ,2016,2016-08-22,2016-08-23,0.003919889991085945,0.003919889991085945,0.5655459845234131,1.0,0.002220532448221846,0.005807501293393852,0.002858453328311213,0.003949863095049835,0.005941412384775755,0.00693116050393187,0.9774614043413253,0.0016976876477503566,0.0029707061923878774,0.0044560592885818165,0.0,0.0,174,87281.77311466524,0.20609206038345645,0.10414625227618225,0.014112253426823353
SPY,2016,2016-08-22,2016-08-23,0.0032947477450466778,0.0032947477450466778,0.5444994485159799,1.0,0.0012370763275744157,0.00444424651844635,0.003000994762455564,0.003199727551375745,0.005278509329363159,0.006050966174578199,0.8419510587438024,0.0015963790354189822,0.0026392546646815795,0.003958881997022369,0.0,0.0,309,328511.4510807074,0.239103537625358,0.12100902662346891,0.012684972941071624
IWM,2016,2016-08-24,2016-08-25,-0.0036564308877715668,0.0036564308877715668,0.37271412636630746,0.0,0.007019547599196874,0.011941288750847642,0.006326950965518077,0.006849138647492411,0.00797690239607298,0.009810282543940894,1.4969831844409085,8.157683859955078e-05,0.00398845119803649,0.005982676797054734,0.0,0.0,239,89114.46400593358,0.15044247716764608,0.09112561574065811,0.02007941164310714
QQQ,2016,2016-08-24,2016-08-25,-0.0025685192116379207,0.0025685192116379207,0.37631510072173857,0.0,0.005788221703652563,0.010469830544710049,0.0032657739437088923,0.004134356392492651,0.005810719500242671,0.006825448159565565,1.8018131049472963,0.0012031573471475987,0.0029053597501213354,0.004358039625182003,0.0,0.0,237,103780.16559059253,0.20504526736798076,0.11919395977320825,0.0142872780454885
IWM,2016,2016-09-01,2016-09-02,0.0055952192921973065,0.0055952192921973065,0.5755601152873879,1.0,0.0001621261850180966,0.013053353803748759,0.0040941824868281134,0.005967065946577021,0.007925356905139968,0.009721346465092545,1.6470367151898286,0.004193183082886964,0.003962678452569984,0.005944017678854976,1.0,0.0,215,112427.47693273102,0.13916544323821003,0.0667107330366759,0.017785342455277013
QQQ,2016,2016-09-01,2016-09-02,0.004968321412267995,0.004968321412267995,0.7406184681643055,1.0,0.0022320956330952324,0.008327554630439096,0.0023455598511123205,0.003571094521361518,0.005467601708336014,0.0067083412388870885,1.5230726513496293,0.00204566880662993,0.002733800854168007,0.00410070128125201,0.0,0.0,207,137120.0076699731,0.19767373132930946,0.10189088015991407,0.014064266998337734
SPY,2016,2016-09-01,2016-09-02,0.00460002761308087,0.00460002761308087,0.7841098763064057,1.0,9.202867419744187e-05,0.007820752571327487,0.0030906871176988875,0.0033235763437654236,0.004581161722339276,0.0058665599708417945,1.7071548758453303,0.0021978832770757073,0.002290580861169638,0.0034358712917544575,0.0,0.0,681,414250.9466012971,0.28006043530548685,0.10280788661741186,0.011874215854882773
IWM,2016,2016-09-02,2016-09-06,0.003292876280463375,0.003292876280463375,0.35127083295027467,1.0,0.004031932839181129,0.007257491415008725,0.0056623605947699355,0.005482872779111984,0.007581187602579883,0.009374180750525077,0.9573027071034353,0.0004002805995095837,0.0037905938012899416,0.005685890701934912,0.0,0.0,169,87804.5356775941,0.26279491575395836,0.03195646838901311,0.019996315749732606
QQQ,2016,2016-09-07,2016-09-08,-0.002968101081715191,0.002968101081715191,0.45113808461796134,0.0,0.0003391057632909922,0.00551035546730915,0.002759024452990662,0.0031958567974729943,0.005715866840524249,0.006579141027804551,0.9640454582045075,0.0055593699628671,0.0028579334202621246,0.004286900130393187,1.0,1.0,193,138302.46876690176,0.3415337343409949,0.14103151903473427,0.011273748888294768
IWM,2016,2016-09-08,2016-09-09,-0.007830004220671594,0.007830004220671594,0.8430300081432577,0.0,0.0011969826782115556,0.005107389925083253,0.004716867132912867,0.005299345711463021,0.0076628490887360075,0.009287930613427258,0.6665131814472052,0.024502939057307493,0.0038314245443680037,0.005747136816552006,1.0,1.0,214,107148.06561500645,0.2790575091746576,0.09058793156340299,0.016049829614886563
QQQ,2016,2016-09-08,2016-09-09,-0.008359663301806375,0.008359663301806375,1.2477982320336065,0.0,0.0028918630498694364,0.005783790992097084,0.004511291229521345,0.0034336005375787495,0.005704011689875865,0.006699531292156236,1.0139865250211215,0.01741639967236197,0.0028520058449379325,0.004278008767406898,1.0,1.0,197,155250.61554225915,0.40998351452461035,0.19618303953157656,0.010430861365889645
SPY,2016,2016-09-08,2016-09-09,-0.007047701820726671,0.007047701820726671,1.2121303285303482,0.0,0.0005031589644515222,0.0036136152345004145,0.0027049653571731462,0.0030005538955678625,0.004581161722339276,0.005814310272453691,0.7887988797424937,0.017444319909510453,0.002290580861169638,0.0034358712917544575,1.0,1.0,632,470401.5212842921,0.35834782447346963,0.1809468716866382,0.0099633044132644
IWM,2016,2016-09-09,2016-09-12,-0.004618536565721643,0.004618536565721643,0.44022141205716947,0.0,0.023594784167943472,0.024158479566978718,0.01627567198993302,0.008973931311235243,0.007856431874555241,0.010491394646478157,3.074993833424712,0.0009122624704027693,0.003928215937277621,0.005892323905916431,0.0,0.0,173,111412.06019117753,0.09170469569017818,0.05258056347565048,0.01750261085830867
QQQ,2016,2016-09-09,2016-09-12,-0.005600274732977861,0.005600274732977861,0.7325681333186169,0.0,0.016946247059811848,0.01935483870967742,0.012546236098639012,0.006534068590507571,0.005795646142745468,0.007644715185204659,3.339548038816048,8.802373028449217e-05,0.002897823071372734,0.004346734607059101,0.0,0.0,154,93744.80596707924,0.11210691352904911,0.09277387586063879,0.016701456145236767
SPY,2016,2016-09-09,2016-09-12,-0.004172915391702614,0.004172915391702614,0.6210382869297747,0.0,0.017006970644078856,0.01742175765327041,0.011586896205066012,0.00604030435518831,0.004991901653527002,0.0067192562512244525,3.4900041832677453,0.00037681612724149716,0.002495950826763501,0.003743926240145251,0.0,0.0,580,208634.00384945664,0.09977785848059494,0.07482609379866018,0.018037486385783057
IWM,2016,2016-09-12,2016-09-13,-0.007158002808987374,0.007158002808987374,0.6427231830519842,0.0,0.018642803500582783,0.01980279510565722,0.017212883897421764,0.009522103277428582,0.008118939690959202,0.011136991783923914,2.4390863658845143,0.018184854480497004,0.004059469845479601,0.006089204768219401,1.0,1.0,176,119097.44455008328,0.128022534386243,0.0861116545765394,0.018344164843198264
QQQ,2016,2016-09-12,2016-09-13,-0.004985831874197211,0.004985831874197211,0.5719844971830247,0.0,0.023671264131063463,0.025167200155864152,0.015973832354816444,0.0078110695186250035,0.006149371141017563,0.008716725538457792,4.092646154985472,0.008890408901088609,0.0030746855705087815,0.004612028355763172,1.0,1.0,164,127479.64737514188,0.12142634061948132,0.07582125432822633,0.01439231581828708
SPY,2016,2016-09-12,2016-09-13,-0.006933530671125787,0.006933530671125787,0.9111604614776775,0.0,0.01859784810769538,0.021187438264192223,0.013938200952386492,0.006973688387133831,0.005519316362195604,0.007609560515698092,3.838779456331759,0.011011747472426503,0.002759658181097802,0.004139487271646703,1.0,1.0,695,328233.2081419593,0.26268567822816336,0.21165638016025956,0.012671601078709124
QQQ,2016,2016-09-15,2016-09-16,-0.003570198666477342,0.003570198666477342,0.3648254227429017,0.0,0.015275710719862001,0.016915500457520036,0.017998106685608306,0.008745020513731319,0.007117278270070552,0.009786046815584227,2.3766810591982597,0.004369823838841214,0.003558639135035276,0.005337958702552914,1.0,0.0,199,148270.69914483174,0.4546157577196648,0.4058307017214812,0.009240480698242074
SPY,2016,2016-09-15,2016-09-16,-0.008361218236549561,0.008361218236549561,0.9426763351628692,0.0,0.010894027011122409,0.013993217663366161,0.01615719774818179,0.007904728018432594,0.005801001551937769,0.008869659632545,2.4122071918239465,0.004280888046131359,0.0029005007759688845,0.0043507511639533265,1.0,0.0,625,307367.3943775874,0.3520330307160971,0.27540452023276907,0.011769533937603374
IWM,2016,2016-09-16,2016-09-19,0.0037748160361783523,0.0037748160361783523,0.3141028733492463,1.0,0.0014749287432435088,0.007702412605330061,0.013245498532920877,0.01028192431997763,0.008520234651068093,0.012017769834219856,0.9040141405453533,0.010055619359077284,0.004260117325534047,0.00639017598830107,1.0,1.0,173,55875.702435686544,0.2018528324708415,0.03792641117086415,0.017238327194441298
QQQ,2016,2016-09-16,2016-09-19,0.0025577237618008564,0.0025577237618008564,0.2567002372731502,1.0,0.0005971651091558616,0.005971716177674682,0.011576852421907629,0.008773697325324722,0.007117278270070552,0.009963854295464586,0.8390449201328594,0.003061490105987552,0.003558639135035276,0.005337958702552914,0.0,0.0,164,51564.47466281922,0.16102378287929994,0.06424367170013923,0.015088687513741029
SPY,2016,2016-09-16,2016-09-19,0.0035619336505472443,0.0035619336505472443,0.3813190611971337,1.0,0.0005152736207281183,0.0052463703372794285,0.012156424751419297,0.008077062151160306,0.005801001551937769,0.009341084705717876,0.9043904384971124,0.0035025451029642163,0.0029005007759688845,0.0043507511639533265,1.0,0.0,547,131848.60908330927,0.15840507393174805,0.08481786339596711,0.014985510534125451
IWM,2016,2016-09-19,2016-09-20,0.00432052488145418,0.00432052488145418,0.3487136218151791,1.0,0.002861334818462291,0.012753476061807826,0.011797462386041992,0.010401931353615935,0.009289177259266854,0.012389894203054938,1.3729392502532987,0.00024355851813862017,0.004644588629633427,0.00696688294445014,0.0,0.0,170,56020.662890790816,0.1003127811355268,0.030931524092060816,0.01830972325488839
QQQ,2016,2016-09-19,2016-09-20,0.0035964906091416893,0.0035964906091416893,0.35133362410536584,1.0,0.006888320297810502,0.011905722766259324,0.009599732373407029,0.008828428990365187,0.007733252500945571,0.010236682066226296,1.5395492084092135,0.0023891332421712708,0.0038666262504727855,0.005799939375709178,0.0,0.0,161,57965.196638426234,0.16792083482838552,0.06868143456222939,0.015009094167862818
SPY,2016,2016-09-19,2016-09-20,0.004685815954454053,0.004685815954454053,0.4922729618885044,1.0,0.0033624489996026963,0.008639639757763433,0.009344347995530236,0.008083076170612925,0.005861394133596243,0.009518735167736778,1.4739905832714586,0.0008394789081991316,0.0029306970667981216,0.004396045600197182,0.0,0.0,582,153148.06135473173,0.17636355422122443,0.10549199487233599,0.014313834217330075
IWM,2016,2016-09-20,2016-09-21,0.0035202644273784056,0.0035202644273784056,0.28345035807436264,1.0,0.00852269032769859,0.008766248845837304,0.0065749718358016,0.010426954543962023,0.009289177259266854,0.012419333146352459,0.9437056265765756,0.011339528217369388,0.004644588629633427,0.00696688294445014,1.0,1.0,175,62706.113296587115,0.22240861743173962,0.06125345405523134,0.016708466526450475
QQQ,2016,2016-09-20,2016-09-21,0.004273504273504258,0.004273504273504258,0.4170721508864164,1.0,0.0017064586471833287,0.005802050536537835,0.007926143321437288,0.008838178717788336,0.007733252500945571,0.010246438810219399,0.7502729977882396,0.006978720807014671,0.0038666262504727855,0.005799939375709178,1.0,1.0,162,60865.368974232886,0.20655722273438895,0.1089450188869624,0.014597310393184959
SPY,2016,2016-09-20,2016-09-21,0.0038422234619719386,0.0038422234619719386,0.401054716567874,1.0,0.0046173474943091986,0.005643353548862213,0.006681344678937426,0.008083771682218247,0.005861394133596243,0.009580297408923966,0.9628005590881069,0.008355084205736496,0.0029306970667981216,0.004396045600197182,1.0,1.0,626,167209.37192558654,0.17761997645329902,0.11237399896100116,0.014537418950655759
IWM,2016,2016-09-21,2016-09-22,0.006536517107464501,0.006536517107464501,0.5154322462991204,1.0,0.010931606443745023,0.015255365627742067,0.008171802975230666,0.010833451019541376,0.010298135074725073,0.012681622375002066,1.4813716772062573,0.008578526946417586,0.005149067537362537,0.007723601306043805,1.0,1.0,225,92128.79697778045,0.13583137018800526,0.06988794028504867,0.020326454545839038
QQQ,2016,2016-09-21,2016-09-22,0.0058399898696623875,0.0058399898696623875,0.5503958222417847,1.0,0.005531927879820486,0.012851082010472074,0.0085138447378436,0.00910793139986072,0.008146615327130683,0.010610527249054817,1.5774749996693842,0.0031976177593615596,0.0040733076635653415,0.006109961495348012,0.0,0.0,198,92701.87202301912,0.19753199539482158,0.07872861533515164,0.014169524522875846
SPY,2016,2016-09-21,2016-09-22,0.0054674851067380015,0.0054674851067380015,0.5496645594889322,1.0,0.007374915004402016,0.012089228302289538,0.008266171234287398,0.008525502320986355,0.006483092955836673,0.009946948575002846,1.8647316002781835,0.0024423906880040036,0.0032415464779183365,0.004862319716877505,0.0,0.0,605,292669.68170248147,0.22865606842067038,0.08455464392130999,0.01415104816984005
IWM,2016,2016-09-23,2016-09-26,-0.008092256442532086,0.008092256442532086,0.6306983668915398,0.0,0.005973240001458269,0.008521819971562945,0.010144276571706402,0.011256466443331786,0.009455188952546939,0.01283062850220397,0.9012849996263086,0.0056864710504758165,0.004727594476273469,0.007091391714410204,1.0,0.0,180,76204.59723271383,0.12274735849321071,0.05239121301181262,0.020436998920155384
QQQ,2016,2016-09-23,2016-09-26,-0.005662115765889153,0.005662115765889153,0.5306807213586525,0.0,0.00563023671382612,0.007058792755383404,0.007195631039547465,0.009249303783583983,0.007733252500945571,0.010669533559449764,0.9127844661118076,0.0041820047863918575,0.0038666262504727855,0.005799939375709178,1.0,0.0,159,90572.42978641155,0.2028880218367084,0.10773876175464944,0.01418930151647192
SPY,2016,2016-09-23,2016-09-26,-0.004490954192479135,0.004490954192479135,0.4467661044631323,0.0,0.003368381891044936,0.004614248774304965,0.006441294257501709,0.008678579666385218,0.005861394133596243,0.01005213723157401,0.7872271799395112,0.004719451388017992,0.0029306970667981216,0.004396045600197182,1.0,1.0,516,255967.26774744323,0.34640576763064573,0.17523229383394895,0.014152454437008346
IWM,2016,2016-09-29,2016-09-30,0.0045580136400109605,0.0045580136400109605,0.3441533121572384,1.0,0.014122950549194546,0.015567343914694776,0.009958899432569734,0.012136102687382362,0.009455188952546939,0.013244137072051406,1.6464339309159348,0.011019288855359521,0.004727594476273469,0.007091391714410204,1.0,1.0,214,120941.35778876049,0.1692151260270767,0.10388948499501151,0.01614964153548534
QQQ,2016,2016-09-29,2016-09-30,0.00263072978294554,0.00263072978294554,0.23601653166901976,1.0,0.005569651157041111,0.011729952655261076,0.00777946208646006,0.00983162162243309,0.007914191804253984,0.011146379299543183,1.482141568638262,0.0077866962087496105,0.003957095902126992,0.005935643853190488,1.0,1.0,192,128817.61966244498,0.28622545215405265,0.18749313210225302,0.013381656291543566
SPY,2016,2016-09-29,2016-09-30,0.00451835873764006,0.00451835873764006,0.42940955872246817,1.0,0.007948249857742118,0.013077642841378396,0.007321960580456882,0.009173310766868848,0.00823019616454546,0.010522259334614212,1.588983127487904,0.006816606827305227,0.00411509808227273,0.006172647123409094,1.0,1.0,592,318570.96234187443,0.31143821572890834,0.1807279429235939,0.012882734353473228
IWM,2016,2016-09-30,2016-10-03,-0.0030593129073250847,0.0030593129073250847,0.22878048764828665,0.0,0.006400914983371919,0.015556621272324881,0.011888876028293676,0.012386319076952488,0.009455188952546939,0.013372263250125981,1.6452998824665903,0.005685085626989883,0.004727594476273469,0.007091391714410204,1.0,0.0,197,74454.02947796084,0.13988234919829265,0.024338290442284694,0.02073953163495515
QQQ,2016,2016-10-03,2016-10-04,0.0029523278372949324,0.0029523278372949324,0.26501613365339005,1.0,0.00016864841964980837,0.0051446454577176665,0.006881228644535372,0.009938956646501174,0.007930585129684854,0.011140181530065752,0.6487094424421247,0.0021867294608393095,0.003965292564842427,0.00594793884726364,0.0,0.0,164,93651.75222546136,0.29869256417844686,0.10589004592403244,0.014683713164375469
IWM,2016,2016-10-04,2016-10-05,0.0038958149541459264,0.0038958149541459264,0.28676967644933976,1.0,0.006531185135611239,0.013384906286462548,0.010292058526763096,0.012255635788602112,0.011262058631943803,0.013585170518662402,1.1884955250097422,0.008003863240592102,0.0056310293159719015,0.008446543973957853,1.0,0.0,190,89342.71574361743,0.10975152723200876,0.0461298431359116,0.01750609662132691
QQQ,2016,2016-10-04,2016-10-05,0.0029568173185769986,0.0029568173185769986,0.26106667660255356,1.0,0.004457517010052481,0.010428977941553449,0.005367687819111076,0.009860782814975157,0.009123500218494816,0.011325908603335235,1.143089569988963,0.0037904055223654254,0.004561750109247408,0.006842625163871112,0.0,0.0,181,101148.21948100868,0.22128401304803927,0.10089301486423723,0.014327775532739147
SPY,2016,2016-10-04,2016-10-05,0.003400461203809657,0.003400461203809657,0.3129153048464052,1.0,0.0056968689058661814,0.010096765498614192,0.0069270998392494424,0.009308889398095007,0.009131773929860258,0.010867033830380323,1.1056740537124425,0.0033424688197514207,0.004565886964930129,0.006848830447395193,0.0,0.0,648,302170.1515708702,0.29356281728208683,0.1522330489489133,0.012860791735594282
QQQ,2016,2016-10-07,2016-10-10,0.005148987963756069,0.005148987963756069,0.4895259741395072,1.0,0.0031133888302681267,0.009424459618776785,0.0022976326934200757,0.007717724408601594,0.009113418561381544,0.010518314115623798,1.0341300089862315,0.0033590990907643725,0.004556709280690772,0.006835063921036158,0.0,0.0,184,97227.86139541032,0.31967053384817645,0.0704335807206416,0.01440414358948796
SPY,2016,2016-10-07,2016-10-10,0.005208381747325852,0.005208381747325852,0.5015219358984779,1.0,0.004905195684608343,0.00976400069762532,0.0037697068192648034,0.007659909978173889,0.009131773929860258,0.010385152422087025,1.069233729680684,0.002498118416841333,0.004565886964930129,0.006848830447395193,0.0,0.0,645,250685.38670781488,0.32875795791770146,0.08163860899127365,0.013279828361206626
IWM,2016,2016-10-12,2016-10-13,-0.0077093614291277035,0.0077093614291277035,0.5938154126637573,0.0,0.0013104761857150038,0.008845948590789736,0.01107045993053826,0.009863225615496667,0.011225210549054166,0.012982757376648054,0.7880429994727443,0.0073265943630520525,0.005612605274527083,0.008418907911790625,1.0,0.0,241,102967.9159426694,0.24174138136194892,0.09017311100639087,0.015731272622676633
QQQ,2016,2016-10-12,2016-10-13,-0.0068131104993907066,0.0068131104993907066,0.6989080395145278,0.0,0.0017852511211084998,0.00646095514729246,0.00746407954212507,0.007285454221400167,0.0070273811860391755,0.009748221674661514,0.9193972799039284,0.0058651051479789995,0.0035136905930195877,0.005270535889529381,1.0,1.0,230,121460.70084213818,0.38135842834124717,0.11190361392051124,0.0138980294544011
SPY,2016,2016-10-12,2016-10-13,-0.007252833293075911,0.007252833293075911,0.7676745149485779,0.0,0.0005618726440104194,0.006133306052922188,0.006799998116555692,0.006859120667789708,0.007147326702901736,0.009447797408725672,0.8581258850854171,0.004497878500279384,0.003573663351450868,0.005360495027176302,1.0,0.0,698,302309.536348789,0.21538634738646312,0.09854959057005863,0.012519815659472328
IWM,2016,2016-10-13,2016-10-14,0.0036387896796978847,0.0036387896796978847,0.2792073859398767,1.0,0.0005785576994805641,0.010744715056707167,0.011186019821044247,0.009673712241283015,0.010220830046503836,0.013032569562760226,1.0512566012564246,0.003955139462137769,0.005110415023251918,0.007665622534877877,0.0,0.0,234,109863.66360939443,0.17655310486776232,0.0784859748531008,0.014778706356007896
QQQ,2016,2016-10-13,2016-10-14,0.004957280607305048,0.004957280607305048,0.5205145670045846,1.0,0.0032584226073439915,0.011833280920227165,0.007406124457676532,0.006441722044113667,0.0070273811860391755,0.009523807634881013,1.6838820332865316,0.003997288768360807,0.0035136905930195877,0.005270535889529381,1.0,0.0,222,124528.88383448278,0.28816933204194645,0.13017267446344288,0.013103251142505726
SPY,2016,2016-10-13,2016-10-14,0.005351858687606459,0.005351858687606459,0.5733930601620578,1.0,0.004006367034572023,0.011217899617940527,0.006670912837643575,0.006489039187171035,0.007147326702901736,0.0093336649140711,1.569523835168495,0.0025216369848830578,0.003573663351450868,0.005360495027176302,0.0,0.0,724,320533.65070715704,0.3975768895642961,0.20075847189754512,0.011740819548447795
IWM,2016,2016-10-17,2016-10-18,0.010225253289363634,0.010225253289363634,0.7966115858617469,1.0,0.002405049851746277,0.005722298901425415,0.007215958062402964,0.009557041785232732,0.010220830046503836,0.012835933434613945,0.5598663587389167,0.0004937885915561324,0.005110415023251918,0.007665622534877877,0.0,0.0,182,96407.12870028129,0.21244624778172852,0.19955874508234026,0.013088286632852652
QQQ,2016,2016-10-17,2016-10-18,0.01189864229823323,0.01189864229823323,1.2864293536668105,1.0,0.0018797096632108268,0.005382816796688175,0.005999038039918782,0.006369372775075182,0.0070273811860391755,0.009249355407133394,0.7659776315225157,0.0016919429759389981,0.0035136905930195877,0.005270535889529381,0.0,0.0,169,101180.62932318212,0.22206342402698406,0.18764783029913293,0.013541826541615357
SPY,2016,2016-10-17,2016-10-18,0.00875788947918088,0.00875788947918088,0.9783922668259868,1.0,0.0033318854346983118,0.005725286224927258,0.0055381995472359715,0.006231573778838457,0.006942449686328817,0.008951306930902517,0.8246781011897836,0.0003266993261532569,0.0034712248431644087,0.005206837264746613,0.0,0.0,615,254448.535644952,0.3264605557154312,0.2669619429038114,0.011002289409470881
IWM,2016,2016-10-19,2016-10-20,-0.0028808830379070116,0.0028808830379070116,0.22567284372007956,0.0,0.002640915240240016,0.011966633408878003,0.005799707402547041,0.009054145320678404,0.010220830046503836,0.012765749703940479,1.1708083741174564,0.006062583716777814,0.005110415023251918,0.007665622534877877,1.0,0.0,216,136508.81657123222,0.3750775813471258,0.25021494357538326,0.01415166487039873
IWM,2016,2016-10-20,2016-10-21,-0.007182325905344289,0.007182325905344289,0.5672541013841114,0.0,8.256675153428539e-05,0.013125279394928675,0.0043760054192411415,0.008310007186279606,0.011305098154464344,0.012661567166846868,1.1610053460478402,0.0013322536564714937,0.005652549077232172,0.008478823615848258,0.0,0.0,194,135439.5979823097,0.2623044440620589,0.21066212042460492,0.012466839131571417
IWM,2016,2016-10-21,2016-10-24,0.008011904048469187,0.008011904048469187,0.6278831780412854,1.0,0.006735386198282178,0.01056048769251041,0.0037204954657746535,0.0082204661197123,0.011305098154464344,0.012760182671978478,0.9341349847847283,0.004670597267683929,0.005652549077232172,0.008478823615848258,0.0,0.0,162,73585.51517069091,0.12281737720995507,0.0547856664108269,0.01563044160035112
QQQ,2016,2016-10-21,2016-10-24,0.006432519055566743,0.006432519055566743,0.711113982439524,1.0,0.002971124491120136,0.006876040217400174,0.004668879510224396,0.0058992844774238,0.00693600491704756,0.009045693397139454,0.9913545765372798,0.006223175855517349,0.00346800245852378,0.005202003687785671,1.0,1.0,168,68916.45813182519,0.21159372155417358,0.12116754803767438,0.015826272450582657
SPY,2016,2016-10-21,2016-10-24,0.004766820697387653,0.004766820697387653,0.548003900396469,1.0,0.0004675090819328265,0.006171719160666741,0.003833934935861588,0.005565677886536968,0.006405629069660851,0.008698516003150636,0.9634836943490869,0.0014884061591569075,0.0032028145348304256,0.004804221802245639,0.0,0.0,612,236698.10309433538,0.3200275153639354,0.1534781026035394,0.014197043500309951
IWM,2016,2016-10-25,2016-10-26,-0.006780779730049535,0.006780779730049535,0.5277935004634505,0.0,0.007224343412326806,0.011411209404054146,0.005545341225950496,0.008022821319289318,0.011638345328137834,0.012847410443848581,0.9804838301597268,0.0054411646648286904,0.005819172664068917,0.008728758996103377,0.0,0.0,186,88879.66548405406,0.13832544363318205,0.062326393965415096,0.015513679334776773
QQQ,2016,2016-10-25,2016-10-26,-0.006460309226350325,0.006460309226350325,0.7290463377137133,0.0,0.0037612583629043073,0.005432978344992754,0.006007782737580002,0.005832038197679074,0.006668497682346317,0.008861314970197685,0.8147229861645772,0.0033042395465723295,0.0033342488411731586,0.005001373261759738,0.0,0.0,192,90940.17260813627,0.1544009880689598,0.10980422940854331,0.014456670097874002
SPY,2016,2016-10-25,2016-10-26,-0.0044823806475491335,0.0044823806475491335,0.539708800332877,0.0,0.002375603336292942,0.004658095929368891,0.003129971401531922,0.005210444419370303,0.006152512606794464,0.008305183544875548,0.7571046541578429,0.0013150521190892217,0.003076256303397232,0.004614384455095848,0.0,0.0,686,306822.8933458865,0.31427099553598303,0.18906310578811628,0.012685316724024322
IWM,2016,2016-10-26,2016-10-27,0.003257323801167722,0.003257323801167722,0.254454503447993,1.0,0.0031637436640327143,0.012821587775386459,0.006358656361664638,0.007972937878669865,0.011638345328137834,0.012801203189683277,1.1016675836545182,0.00016647221619359165,0.005819172664068917,0.008728758996103377,0.0,0.0,236,96257.9570572516,0.25529066616271384,0.09751583508267937,0.016144178808687844
QQQ,2016,2016-10-26,2016-10-27,0.004308178307680599,0.004308178307680599,0.4754631270061183,1.0,0.00033778851668508914,0.008444519637412407,0.007278270999498563,0.006031403082406865,0.00693600491704756,0.009061014541355088,1.2174904341052535,0.000841100804394479,0.00346800245852378,0.005202003687785671,0.0,0.0,234,103697.00446114183,0.2069278569131372,0.12498186791206015,0.013850508892776659
SPY,2016,2016-10-26,2016-10-27,0.003929991186967907,0.003929991186967907,0.48140188193145045,1.0,0.002485806306493643,0.006988440721563715,0.0029912971254829903,0.005070185291054195,0.006152512606794464,0.00816363901861007,1.1358677613835528,0.00018637937268861648,0.003076256303397232,0.004614384455095848,0.0,0.0,671,290007.1555391612,0.2543049832816878,0.15792368177244093,0.013162453861428914
QQQ,2016,2016-10-27,2016-10-28,-0.0028852371729182202,0.0028852371729182202,0.3194096184310722,0.0,0.008831718875837002,0.011102697464889962,0.007668342360193842,0.005892751575065623,0.00693600491704756,0.009033031588373559,1.6007337938301278,0.006510212010774286,0.00346800245852378,0.005202003687785671,1.0,1.0,219,102928.89091216358,0.2647069380476254,0.16868964525402566,0.014152634808528144
QQQ,2016,2016-10-28,2016-10-31,0.003672077803406726,0.003672077803406726,0.4038608187141804,1.0,0.0034042683053523426,0.01165959784325133,0.007834182235835133,0.005778528068559417,0.00693600491704756,0.009092433911014086,1.6810250256014028,0.0,0.00346800245852378,0.005202003687785671,0.0,0.0,175,64095.003652848,0.12644506183761067,0.07063050976911574,0.01767014931258634
IWM,2016,2016-11-02,2016-11-03,0.003028782545085873,0.003028782545085873,0.23285737615670943,1.0,0.011209079808347955,0.013775995315433056,0.007387805453715377,0.007638784807234846,0.011638345328137834,0.013007028572921603,1.1836730159679194,0.002846986379382077,0.005819172664068917,0.008728758996103377,0.0,0.0,221,85846.77410499984,0.2283223396655842,0.10311856517037903,0.019594840973592556
IWM,2016,2016-11-03,2016-11-04,0.002608722189198387,0.002608722189198387,0.19896590968952624,1.0,0.0078509501626981,0.011733246202943073,0.006983667080317924,0.007622598051454255,0.011799363727582297,0.013111402819051432,0.9943965177982719,0.013876829416932912,0.005899681863791148,0.008849522795686723,1.0,1.0,217,86624.98011359376,0.26800664861691853,0.17161725268652822,0.01705343558388914
IWM,2016,2016-11-04,2016-11-07,0.019526543787313555,0.019526543787313555,1.491312995238928,1.0,0.0038160867334426918,0.016045086081139436,0.008906214273460215,0.007869602680877384,0.011799363727582297,0.013093524866780327,1.3598263814541374,0.006949149956137379,0.005899681863791148,0.008849522795686723,1.0,0.0,192,62504.923035047104,0.0672694753940092,0.017434879055189416,0.021918779700115888
QQQ,2016,2016-11-04,2016-11-07,0.01619002475307174,0.01619002475307174,1.6161497878703683,1.0,0.0010547167155499082,0.009580768211718018,0.0036294446700103297,0.006354072420973103,0.008159585378236606,0.010017651132699555,1.17417341293738,0.008485612391209818,0.004079792689118303,0.006119689033677454,1.0,1.0,184,44061.37957320001,0.1290733829492982,0.03990464587757314,0.02082311673097427
IWM,2016,2016-11-08,2016-11-09,-0.006729436750052442,0.006729436750052442,0.5100419499138015,0.0,0.0049027403778374445,0.01479289902667502,0.013972448305701,0.00872106704412505,0.011572227803498609,0.01319388875991423,1.2783103891372336,0.0002541192589695651,0.005786113901749304,0.008679170852623957,0.0,0.0,192,72314.69573752771,0.1319971590329221,0.0321237314583974,0.019570562141755597
QQQ,2016,2016-11-08,2016-11-09,-0.011698426602697265,0.011698426602697265,1.1012418603135365,0.0,0.007571171195061899,0.014454101838202884,0.01381766669360347,0.007996222233076025,0.008389649432892957,0.010622940358775123,1.7228493221103227,0.0012110674004877087,0.004194824716446478,0.0062922370746697175,0.0,0.0,180,68018.15050855406,0.12844684181188926,0.03952001042716463,0.01815943199218466
SPY,2016,2016-11-08,2016-11-09,-0.008126689497005901,0.008126689497005901,0.9472257869281148,0.0,0.006676374783231687,0.011237008614482742,0.011412706839455344,0.006245205801677567,0.0070826099427366935,0.008579463955854738,1.586563245093913,0.00014127710188494014,0.0035413049713683468,0.00531195745705252,0.0,0.0,758,259548.61615062982,0.16971682162162963,0.04371953571576573,0.017692629115950775
IWM,2016,2016-11-09,2016-11-10,0.014036242923556097,0.014036242923556097,0.9508487471526276,1.0,0.037770994370866395,0.04048101884463005,0.015089615886263952,0.011291956522195617,0.011799363727582297,0.0147618040888085,3.4307798097622215,0.009174306856993386,0.005899681863791148,0.008849522795686723,1.0,1.0,237,64423.17294172061,0.21061291467459298,0.03854258586214998,0.019662026124835603
QQQ,2016,2016-11-09,2016-11-10,0.004844876221262506,0.004844876221262506,0.43042781986680506,1.0,0.016502537561453146,0.01935370576389759,0.0126858398972052,0.008063815771564592,0.009012643924565213,0.011255955116381052,2.147394918282123,0.00135337532619495,0.004506321962282607,0.00675948294342391,0.0,0.0,220,95977.44201261632,0.21908664182513132,0.08623231392485317,0.015066585195068522
SPY,2016,2016-11-09,2016-11-10,0.004251770719034598,0.004251770719034598,0.4530800429946508,1.0,0.018882186080063867,0.02241375841723021,0.010525123931576471,0.006665384222671879,0.007202372829205646,0.009384149191238589,3.111996414062647,0.00464792679545134,0.003601186414602823,0.0054017796219042345,1.0,0.0,661,290185.11904890614,0.16642943267663232,0.05469239174070087,0.015143575772249155
IWM,2016,2016-11-10,2016-11-11,0.004257018307605387,0.004257018307605387,0.2803909102920263,1.0,0.0019314168649893215,0.022372434665251878,0.011840001426525979,0.01161979456068933,0.011916057330549762,0.01518244048343691,1.8775031073318693,0.021514856175873787,0.005958028665274881,0.008937042997912321,1.0,1.0,215,46409.38151834019,0.2857243320761873,0.043029421022373504,0.019576782590023878
QQQ,2016,2016-11-10,2016-11-11,-0.004319654427645814,0.004319654427645814,0.3482975371370225,0.0,0.02089325998307101,0.03535780969391298,0.014619924978714536,0.008822283646904886,0.009012643924565213,0.012402196303634596,3.923133987080124,0.0035702166073137143,0.004506321962282607,0.00675948294342391,0.0,0.0,235,98759.12541460336,0.16277956966609425,0.06000291162766079,0.01466765980734939
SPY,2016,2016-11-10,2016-11-11,-0.0038723785035089664,0.0038723785035089664,0.4070504104272048,0.0,0.0017487569142923265,0.014219955335917005,0.009073514572366806,0.006611568386007424,0.007202372829205646,0.00951326519839362,1.9743431328985135,0.003529604685975851,0.003601186414602823,0.0054017796219042345,0.0,0.0,701,331751.8996153703,0.29103141045059516,0.11478963913043883,0.013783058764252112
IWM,2016,2016-11-11,2016-11-14,0.012484267668583904,0.012484267668583904,0.786154000638318,1.0,0.01863554230027309,0.025353900663000067,0.010738835749649117,0.01247693716156975,0.012394110592132232,0.015880180802294842,2.045640990092076,0.010158957654877288,0.006197055296066116,0.009295582944099174,1.0,1.0,166,28220.045072448185,0.07664302540924539,0.06885225865813348,0.02310695595199196
SPY,2016,2016-11-11,2016-11-14,0.0028185963197142616,0.0028185963197142616,0.2970785785939139,1.0,0.0015734743382520566,0.00638647543654874,0.009376619073690801,0.0066508517745154086,0.0070826099427366935,0.009487713092794517,0.901712149643106,0.001105863219435177,0.0035413049713683468,0.00531195745705252,0.0,0.0,586,286232.7477438533,0.23155947245944364,0.19081921216924086,0.013646317273136034
QQQ,2016,2016-11-14,2016-11-15,0.00758966036314801,0.00758966036314801,0.5823888580495781,1.0,0.010360049716540587,0.01648971451192097,0.009796940346757958,0.00906337070055093,0.010314852619843905,0.013031946367528052,1.5986379175401646,0.009696993476900673,0.005157426309921952,0.0077361394648829285,1.0,1.0,184,80099.98252985367,0.25956241316608597,0.2250523456956119,0.014612741552291813
QQQ,2016,2016-11-15,2016-11-16,-0.004732430270013133,0.004732430270013133,0.3579906817782976,0.0,0.00623377680262438,0.011168839095474838,0.011895027276234729,0.009407914208320897,0.010800835560502193,0.01321942304896056,1.0340717653658578,0.0,0.005400417780251097,0.008100626670376644,0.0,0.0,179,95428.15536010798,0.2018152732378188,0.1755451640385749,0.012971732898863103
SPY,2016,2016-11-15,2016-11-16,-0.003298521278768729,0.003298521278768729,0.3473825852996238,0.0,0.00571325807004297,0.0068190000613754295,0.005251683580957963,0.006648445428165883,0.0071593315265614165,0.009495355893916485,0.9524632343224583,0.0006439122013957022,0.0035796657632807083,0.005369498644921062,0.0,0.0,727,352921.2755246015,0.29693638137379563,0.2529170092398831,0.01107654387390632
IWM,2016,2016-11-16,2016-11-17,0.003165073979923383,0.003165073979923383,0.19082032177278033,1.0,0.0022436617882615195,0.0075048450344535785,0.009520333557948015,0.01269447178267845,0.012973433585157568,0.01658667143268001,0.5784779322445215,0.006771873054856714,0.006486716792578784,0.009730075188868176,1.0,0.0,182,80130.13433773135,0.3605284387364535,0.22593708504900248,0.016991054982833206
IWM,2016,2016-11-17,2016-11-18,0.002993088108321329,0.002993088108321329,0.18216972353921615,1.0,0.002693390625126524,0.008310903089015397,0.009322698896279036,0.012618910866641925,0.012580744460350759,0.016430217108371465,0.660605031380129,0.0030606311807492848,0.006290372230175379,0.009435558345263068,0.0,0.0,171,87395.74988383535,0.23793377777604877,0.16639253674072335,0.016993848025370465
SPY,2016,2016-11-18,2016-11-21,0.003066353175951164,0.003066353175951164,0.3295042140604494,1.0,0.002601941412158526,0.004473505973265114,0.004415311857419269,0.006745376092222782,0.0071593315265614165,0.009305960425102863,0.6248496743960273,0.004608269905890028,0.0035796657632807083,0.005369498644921062,1.0,0.0,586,240833.29514285846,0.279464840232244,0.1673486414537158,0.01372500843327836
IWM,2016,2016-11-21,2016-11-22,0.003951284115160769,0.003951284115160769,0.24536486834635252,1.0,0.0022085793185127045,0.010585632590756736,0.0023856349222833766,0.012572321964474352,0.012580744460350759,0.016103707681505607,0.8414154364328931,0.005903714866209553,0.006290372230175379,0.009435558345263068,0.0,0.0,184,55941.50658523089,0.1736530154248852,0.07979244269926192,0.0198783351574814
QQQ,2016,2016-11-21,2016-11-22,0.003964916627915871,0.003964916627915871,0.28954655166540233,1.0,0.007907493413395361,0.009182908132385726,0.006612806276662088,0.009563310150648405,0.011135768280182399,0.013693537723418294,0.8246317543018518,0.0015124804801678327,0.005567884140091199,0.0083518262101368,0.0,0.0,177,82333.13539626705,0.28241218187018985,0.08308690279176638,0.015908254277921512
QQQ,2016,2016-11-22,2016-11-23,-0.0032800621080190107,0.0032800621080190107,0.23949227390062325,0.0,0.0009242971882786888,0.004873555336893119,0.005349869360846516,0.009568894379054116,0.011135768280182399,0.013695899473483911,0.4376487741367848,0.0051738812761394914,0.005567884140091199,0.0083518262101368,0.0,0.0,175,93444.92293300216,0.1819077264133787,0.08888011310668852,0.015075062578107907
SPY,2016,2016-11-22,2016-11-23,-0.0027201291981816533,0.0027201291981816533,0.2898271690289348,0.0,0.000317479143634003,0.004807027277672393,0.004290323056009126,0.00678220882677976,0.0071593315265614165,0.009385349231735035,0.6714352114912018,0.0010466244711675454,0.0035796657632807083,0.005369498644921062,0.0,0.0,668,321168.4875555645,0.40496692890019204,0.2658028108722783,0.012121677185704704
IWM,2016,2016-11-29,2016-11-30,0.0049901987715208485,0.0049901987715208485,0.3215118214632897,1.0,0.0018866501423566717,0.007471060866461121,0.00860895574437713,0.011886104644056301,0.012036573674129067,0.015521042892945789,0.6206966424771795,0.0012789510328554687,0.0060182868370645334,0.0090274302555968,0.0,0.0,162,72970.19242646839,0.13447773268494279,0.05951868486339556,0.018275660078187952
SPY,2016,2016-11-29,2016-11-30,0.0032592513184890315,0.0032592513184890315,0.3647779562894223,1.0,0.001768544268512695,0.005759134082420017,0.0032154275196907642,0.006738159587685754,0.006602737748962084,0.00893489110921789,0.8722342612085907,0.0008572956604260273,0.003301368874481042,0.004952053311721563,0.0,0.0,671,319672.40704230766,0.4349977308528304,0.24728602132455887,0.012391352100012236
IWM,2016,2016-11-30,2016-12-01,0.004862847706712081,0.004862847706712081,0.3220208430041905,1.0,0.009855533980136721,0.011962055069167936,0.007533359981086671,0.011411964268279038,0.011847650636055505,0.015101034024213148,1.0096562969846754,0.0022684540775637085,0.005923825318027752,0.00888573797704163,0.0,0.0,232,91751.02143580702,0.22788668105059826,0.08654760340234063,0.018178191756059284
IWM,2016,2016-12-02,2016-12-05,0.008174235096335636,0.008174235096335636,0.5440504887412212,1.0,0.0003055486801275542,0.007255207961885424,0.0050825945693128765,0.010664066139625252,0.011830921265545753,0.015024773004521147,0.6132411668577482,0.010305376962732149,0.005915460632772877,0.008873190949159315,1.0,1.0,194,90923.6162305675,0.11679687637254059,0.03991658125070245,0.01956035341848643
QQQ,2016,2016-12-02,2016-12-05,0.005185878300273616,0.005185878300273616,0.3952706025218508,1.0,0.0013847674523719267,0.008135731642355593,0.00906658936617452,0.00999095172487388,0.010164822512528343,0.013119817834130323,0.8003810821416846,0.006534776327544067,0.0050824112562641716,0.007623616884396257,1.0,0.0,184,84330.75417918865,0.14317425051504107,0.044582049738949296,0.019137272704348625
SPY,2016,2016-12-02,2016-12-05,0.004415519178092575,0.004415519178092575,0.5387622978738638,1.0,4.5497823641049706e-05,0.004506785184213742,0.002807259599237254,0.006143368179448675,0.006072804759484378,0.00819567218329436,0.7421258154521005,0.0033990483605081945,0.003036402379742189,0.004554603569613284,1.0,0.0,615,260467.97583099993,0.23272921928151932,0.08723663352072186,0.015395327887902757
IWM,2016,2016-12-05,2016-12-06,0.0027788989330650438,0.0027788989330650438,0.1837060461817806,1.0,0.008941370499859769,0.010911589210323853,0.00916184686336931,0.010925875182789545,0.011305688336123713,0.015126877916229664,0.9651415186689126,0.010410420500077233,0.005652844168061857,0.008479266252092785,1.0,1.0,181,83650.3672315398,0.10273801864904249,0.029848192785929775,0.0193632190884599
QQQ,2016,2016-12-05,2016-12-06,0.0028302044200105847,0.0028302044200105847,0.213928367642323,1.0,0.002579496255299185,0.011092011020440348,0.010831790836409056,0.010055417888382892,0.010348943548798863,0.013229682679309449,1.071801287555359,0.0012828318266262517,0.005174471774399432,0.0077617076615991475,0.0,0.0,177,109508.27799485666,0.18025056692409655,0.049392361072872024,0.015441089066834038
IWM,2016,2016-12-07,2016-12-08,0.0025754681327081475,0.0025754681327081475,0.17620622993505167,1.0,0.009733246112177518,0.014859945422533214,0.008970982343693406,0.010170581649090814,0.011830921265545753,0.014616214952544221,1.256026059932344,0.014385370377006934,0.005915460632772877,0.008873190949159315,1.0,1.0,196,71211.56120998728,0.11415499884755424,0.032343149736503485,0.017877888613617145
IWM,2016,2016-12-08,2016-12-09,0.0026079442760138516,0.0026079442760138516,0.19328890548059402,1.0,0.013137565402809637,0.017688100272362384,0.006976313919637181,0.008758611007305218,0.011830921265545753,0.01349246750365445,1.495073788029849,0.0030347792359624037,0.005915460632772877,0.008873190949159315,0.0,0.0,186,56896.677210006215,0.059892643915680034,0.017337251564880883,0.02031001570200035
QQQ,2016,2016-12-08,2016-12-09,0.0037109086829614224,0.0037109086829614224,0.31321582906875944,1.0,0.0013512036801501814,0.0058272309776732775,0.004799132289401007,0.008866789788377367,0.010105867436290071,0.011847768658418526,0.5766185846400229,0.004453396939613441,0.0050529337181450355,0.007579400577217553,0.0,0.0,220,135364.3789554527,0.32116856351771694,0.11015307944850028,0.013946908275127423
IWM,2016,2016-12-09,2016-12-12,-0.00260285313213926,0.00260285313213926,0.20473831616932275,0.0,0.0006502625856901201,0.007731267134441183,0.006004730689520657,0.008474164329570745,0.011305688336123713,0.012713072867057515,0.6838386929293274,0.010548696061475127,0.005652844168061857,0.008479266252092785,1.0,1.0,164,57454.051421216194,0.12632681154715333,0.07946502270505308,0.019895876197482804
QQQ,2016,2016-12-09,2016-12-12,-0.004435136228425729,0.004435136228425729,0.4231857048849106,0.0,0.004117283043223896,0.004537441440503513,0.004487453264527726,0.008095535282192966,0.009597864781741282,0.010480354551749112,0.4727552996094942,0.0042204777145948835,0.004798932390870641,0.007198398586305962,0.0,0.0,182,111288.33814942578,0.4562320036530891,0.33859011556104834,0.013761819574105046
IWM,2016,2016-12-12,2016-12-13,0.004968890357716749,0.004968890357716749,0.4084710540637556,1.0,0.007973837398048467,0.014933039963427574,0.010265381689084349,0.00810399915705307,0.011305688336123713,0.012164608258731564,1.320843058773681,0.003781024337064176,0.005652844168061857,0.008479266252092785,0.0,0.0,194,79312.19553160209,0.09374069847551336,0.07475321764096482,0.018573320742031905
QQQ,2016,2016-12-12,2016-12-13,0.0030262324573147037,0.0030262324573147037,0.29130221347194574,1.0,8.407275891264554e-05,0.006220037456305893,0.006517047441630527,0.008208886048831923,0.008659319887370658,0.010388635298187149,0.7183055409903056,0.015001683876177507,0.004329659943685329,0.006494489915527994,1.0,1.0,173,122213.1265711849,0.2179050384561618,0.1508726825685964,0.013450052240483486
SPY,2016,2016-12-12,2016-12-13,0.0034033338009322733,0.0034033338009322733,0.5457287553159869,1.0,0.0006625172284808745,0.0053004074177666494,0.005330260475207779,0.0044609154230434685,0.005187175022615601,0.006236310195825546,1.021829299118955,0.0058144306254417355,0.0025935875113078004,0.0038903812669617006,1.0,1.0,703,280888.1079878429,0.2154316865853598,0.14308203098358238,0.013083170481217803
IWM,2016,2016-12-13,2016-12-14,-0.0032149820213647207,0.0032149820213647207,0.2750807299878169,0.0,0.0048716510935225,0.013160747289021417,0.010005957895192293,0.007752942683003909,0.011305688336123713,0.011687412715194953,1.164081911489675,0.011942738962307242,0.005652844168061857,0.008479266252092785,1.0,1.0,193,91403.43923115355,0.1085962033431405,0.07650005897570489,0.017977299048162747
SPY,2016,2016-12-15,2016-12-16,-0.003527194834306857,0.003527194834306857,0.5180937654355579,0.0,0.0028740444196997394,0.008489556676050706,0.006252820313856025,0.004922870184739675,0.005264281612330635,0.006808024086801293,1.6126714528655615,0.005964286948909825,0.0026321408061653175,0.003948211209247977,1.0,1.0,720,322780.0470317404,0.316293578758792,0.20812523387374188,0.011525800235429987
IWM,2016,2016-12-19,2016-12-20,0.003508740620111306,0.003508740620111306,0.2741313367653417,1.0,0.005586664239437766,0.009408988844954252,0.008034476542767777,0.008592173269851377,0.012561401179094676,0.012799487506657482,0.7490397536712043,0.0067745333831585874,0.006280700589547338,0.009421050884321007,1.0,0.0,190,45485.514408883144,0.10882636325125741,0.05582603636571125,0.017301306499085692
QQQ,2016,2016-12-19,2016-12-20,0.0031643342026865806,0.0031643342026865806,0.3133999083780576,1.0,0.003090503787294585,0.010691603460120292,0.0072185413526386685,0.007677599748576695,0.008869923600937982,0.010096793643185789,1.2053771758518494,0.0024902085110274363,0.004434961800468991,0.006652442700703486,0.0,0.0,170,96285.19338688417,0.4170743489258996,0.1674821213760393,0.011176086957045181
SPY,2016,2016-12-19,2016-12-20,0.002749058309507779,0.002749058309507779,0.3926850434017323,1.0,0.0012430578437152562,0.004173151793146504,0.006952688941610032,0.005259380861311739,0.005342161288934183,0.007000669762447213,0.7811729312237017,0.0018572338672122601,0.0026710806444670914,0.004006620966700637,0.0,0.0,721,176541.97311683375,0.4411547637401056,0.24675400450397433,0.009195425909249539
IWM,2016,2016-12-21,2016-12-22,-0.0036480374208838207,0.0036480374208838207,0.2871676336097076,0.0,0.005730928617650122,0.008269853748083105,0.006643944750036568,0.008758470852619145,0.012561401179094676,0.012703511795629115,0.658354400928315,0.012981233081317933,0.006280700589547338,0.009421050884321007,1.0,1.0,209,77917.48612818183,0.16271769769815284,0.08040135997938828,0.015505376712498416
IWM,2016,2016-12-30,2017-01-03,0.012161656028324641,0.012161656028324641,0.9516184801147878,1.0,0.005530973202371836,0.009070877072005053,0.006453971199712141,0.008969195252384916,0.012382695114470495,0.012779970421400031,0.732544651075578,0.0024909980526570674,0.006191347557235247,0.009287021335852871,0.0,0.0,216,60909.9583525891,0.20290247454118507,0.048417543518242206,0.017423248130338857
QQQ,2016,2016-12-30,2017-01-03,0.006667735176820289,0.006667735176820289,0.7051958844313478,1.0,0.012172745162198129,0.015090858110312112,0.006282993071543478,0.00618432851827,0.008346335355922916,0.009455153275883029,1.808081926591051,0.006036733805383054,0.004173167677961458,0.006259751516942187,1.0,0.0,184,91073.28099829005,0.21947105031104824,0.0987121896636469,0.015715657802269772
SPY,2016,2016-12-30,2017-01-03,0.006755220843206899,0.006755220843206899,0.9898696482065948,1.0,0.005339727544413142,0.009344574126462658,0.0043752759258484505,0.005408052159907357,0.005014110194602661,0.006824353949477824,1.8636555168894051,0.003510525099942541,0.0025070550973013304,0.0037605826459519956,1.0,0.0,663,269233.30934049893,0.2329603686998792,0.1042489762469822,0.014037800048880769
IWM,2017,2017-01-03,2017-01-04,0.003910852734562598,0.003910852734562598,0.294464945737763,1.0,0.007106756404605119,0.017070860409419377,0.006373553695705546,0.008987918485317584,0.013547714353839016,0.01328121663094467,1.260054645644489,0.014038982868546768,0.006773857176919508,0.010160785765379262,1.0,1.0,200,74984.42550914685,0.2986008578648851,0.06937499842032574,0.017335876087809392
QQQ,2017,2017-01-11,2017-01-12,-0.0035792926081016363,0.0035792926081016363,0.3948755694932676,0.0,0.002282908893709301,0.007419516109156884,0.0027195073211157806,0.005765078510037643,0.007988227589323561,0.009064355672078774,0.9288062997946163,0.007319074019872085,0.0039941137946617805,0.00599117069199267,1.0,1.0,204,118018.73282965815,0.19261572587942002,0.09976775524883383,0.01386245963994219
SPY,2017,2017-01-11,2017-01-12,-0.0026420347309111802,0.0026420347309111802,0.39698002473109034,0.0,0.00326915307991138,0.006670833016228338,0.0027950308491242275,0.004792151538018019,0.005477644181855286,0.00665533418892012,1.217828832023353,0.006845631401903196,0.002738822090927643,0.004108233136391465,1.0,1.0,738,346548.07171048125,0.3489327096635173,0.14227878521193243,0.011476310113790465
IWM,2017,2017-01-12,2017-01-13,0.0027350319376564514,0.0027350319376564514,0.21407973698336372,1.0,0.006463020410871101,0.01931554650467726,0.00710280192689692,0.008408190920862655,0.01180235989950261,0.01277576278911905,1.6365834179900989,0.00973097960642777,0.005901179949751305,0.008851769924626957,1.0,1.0,250,112221.7516332739,0.25394816009385707,0.08240100184491436,0.01320428638354262
IWM,2017,2017-01-13,2017-01-17,-0.0048435962859751935,0.0048435962859751935,0.38834406676693517,0.0,0.0044968716387636665,0.009730979606427837,0.007838718636251253,0.008084186356406252,0.010830564735589406,0.012472435400647127,0.8984738879267935,0.010959525588532193,0.005415282367794703,0.008122923551692054,1.0,1.0,201,93879.69368392057,0.2081327522703429,0.1899583895206409,0.013814545682114024
QQQ,2017,2017-01-13,2017-01-17,-0.0025983055757020646,0.0025983055757020646,0.30621960962606076,0.0,0.002931600988640204,0.004641691210577372,0.0020465727115605323,0.005166967976815693,0.007264271725552286,0.00848510511418579,0.6389754384118217,0.0033488199925906237,0.003632135862776143,0.005448203794164214,0.0,0.0,161,76218.50546094772,0.14810031816712355,0.1198630814899874,0.014295574281152579
SPY,2017,2017-01-13,2017-01-17,-0.003259218159954669,0.003259218159954669,0.5232508678311782,0.0,0.001411402682701457,0.0031314403407448573,0.002754862918102751,0.00419641664607448,0.004957108274817888,0.006228786917189067,0.6317070693518185,0.002258611602937055,0.002478554137408944,0.003717831206113416,0.0,0.0,617,320035.45233737584,0.3445070901881449,0.30318613147790724,0.011846582433482382
IWM,2017,2017-01-17,2017-01-18,0.0026039047332102605,0.0026039047332102605,0.2091906946454319,1.0,0.008775828818900044,0.011504406256463323,0.009866108015401361,0.008480885689417933,0.01078044639386128,0.012447517025667671,1.0671549058501222,0.0013357668589188965,0.00539022319693064,0.00808533479539596,0.0,0.0,211,106338.68600674199,0.3269591462370935,0.2888088544007773,0.014203193827282096
QQQ,2017,2017-01-19,2017-01-20,0.0043909031663103,0.0043909031663103,0.5563163838994767,1.0,0.0019477184011682525,0.00754747846098483,0.0026206687599363114,0.004911936081210894,0.007066554315950185,0.007892816557967332,1.0680563855497627,0.0025097570953154236,0.0035332771579750927,0.005299915736962639,0.0,0.0,189,139732.41726728308,0.29503648661833576,0.23891529204369405,0.012878406432963967
SPY,2017,2017-01-19,2017-01-20,0.0034969380431439934,0.0034969380431439934,0.5890233552979417,1.0,0.004099773808830309,0.007009329763531817,0.0030461261763304157,0.003868041082615564,0.004769483056783211,0.005936841063585944,1.4696204347687265,0.0026907834960880894,0.0023847415283916053,0.0035771122925874078,1.0,0.0,595,655118.6735428442,0.49368028847226075,0.3954752427341123,0.009803679516006499
IWM,2017,2017-01-20,2017-01-23,-0.0030497147773265176,0.0030497147773265176,0.2460251640966048,0.0,0.005158896758177489,0.008448634637850467,0.009128854686087515,0.008360732984396407,0.01078044639386128,0.012395946522482593,0.7836998885928677,0.0068359652605778365,0.00539022319693064,0.00808533479539596,1.0,0.0,188,66679.63723142516,0.28872653715096286,0.08218350450571223,0.018431185014975864
IWM,2017,2017-01-23,2017-01-24,0.0034358488071519755,0.0034358488071519755,0.27349023409001066,1.0,0.0011191069003243515,0.011639167147666326,0.007818804452121644,0.008298965867576395,0.011554524598191448,0.012562967078455806,1.0073254895738528,0.01444098923843029,0.005777262299095724,0.008665893448643585,1.0,1.0,212,75888.0961479634,0.21829673969611346,0.10843921167928845,0.016700462971357143
IWM,2017,2017-01-24,2017-01-25,0.008313138701535605,0.008313138701535605,0.6577640484913232,1.0,0.011835613973752768,0.015334208833923627,0.009077322608715402,0.008603961221526199,0.011554524598191448,0.012638481413818509,1.3271172434323941,0.003575116751002305,0.005777262299095724,0.008665893448643585,0.0,0.0,209,73082.52707894916,0.127506288558702,0.07076385924146174,0.01888336198969739
QQQ,2017,2017-01-24,2017-01-25,0.006281194857304051,0.006281194857304051,0.7635282190271844,1.0,0.004773881258739676,0.008010401509013908,0.002723638651722841,0.004913597130624285,0.007393386968279746,0.008226539243444016,1.0834549230794186,0.004001280439046795,0.003696693484139873,0.00554504022620981,1.0,0.0,191,76559.3860419603,0.16502109447497804,0.07987621327602869,0.013261837498193787
SPY,2017,2017-01-24,2017-01-25,0.004833000066908122,0.004833000066908122,0.7499987458275754,1.0,0.005300407417766717,0.007994689078575352,0.00426653965680251,0.0040733408880949595,0.006134533802182289,0.00644401086507847,1.3032268361992454,0.0038041556081587213,0.0030672669010911443,0.004600900351636716,1.0,0.0,701,354762.4797897092,0.3405095973862399,0.22212607127916495,0.011351020957491796
IWM,2017,2017-01-27,2017-01-30,-0.0070490248671536415,0.0070490248671536415,0.5606633878956014,0.0,0.004240709314443425,0.010163042671837645,0.009137529638484762,0.008485854154934091,0.010833724464150485,0.012572650576688285,0.9380931465875683,0.014935380909130158,0.005416862232075242,0.008125293348112864,1.0,1.0,204,71069.40077521409,0.08933638234167735,0.01856528046526026,0.020399881229567315
QQQ,2017,2017-01-27,2017-01-30,-0.003338678761136804,0.003338678761136804,0.4260233143866056,0.0,0.0002384072070280574,0.004212022344309241,0.004107741666224557,0.0046783122750024666,0.007093225098619073,0.007836845187554772,0.5938092032535733,0.010070088033983016,0.0035466125493095364,0.005319918823964305,1.0,1.0,194,72475.11339210375,0.17013212794510416,0.09133192955663597,0.012999750849357618
SPY,2017,2017-01-27,2017-01-30,-0.003493920808371298,0.003493920808371298,0.549491713319959,0.0,0.0019614547634632107,0.0036178268576371997,0.005170906076564032,0.003983109105699355,0.005481810168683005,0.006358459506625629,0.6599693798784674,0.007773483849514484,0.0027409050843415026,0.004111357626512254,1.0,1.0,685,351650.6378790265,0.3819013796330231,0.19976881350830888,0.012049087012122024
IWM,2017,2017-01-30,2017-01-31,-0.0031275462800152143,0.0031275462800152143,0.23919514829987282,0.0,0.006951138586886896,0.014789618155646424,0.011655996260003841,0.009067918208624641,0.010833724464150485,0.013075291460737697,1.3651462342970098,0.002921781556275427,0.005416862232075242,0.008125293348112864,0.0,0.0,214,82827.33345656171,0.13829019098167572,0.031994753882244605,0.018560196520592726
QQQ,2017,2017-01-30,2017-01-31,-0.0035250956776319287,0.0035250956776319287,0.4316302201363881,0.0,0.004466402702672623,0.00996969235430354,0.006772075158738961,0.005147178674970485,0.007238142584675148,0.008166934364600458,1.3773826969658938,0.00427936040231458,0.003619071292337574,0.005428606938506361,1.0,0.0,190,92672.99814992264,0.3055263133063002,0.08089880376712201,0.011484927337155448
SPY,2017,2017-01-30,2017-01-31,-0.0025049761220574673,0.0025049761220574673,0.3747985753085335,0.0,0.002717250831235196,0.007844998468236112,0.006128485314005162,0.004293273872155314,0.006134533802182289,0.006683526264728663,1.278825534459578,0.002916173479858619,0.0030672669010911443,0.004600900351636716,0.0,0.0,695,370992.80534195644,0.24956713277372486,0.12808795180090884,0.012370703089510203
IWM,2017,2017-01-31,2017-02-01,0.007320901607944519,0.007320901607944519,0.546522693925731,1.0,0.010159114513756728,0.015537475961165828,0.009423878113854835,0.00917237721085714,0.011571786702064824,0.01339542106725285,1.3427032800728502,0.004771648000731155,0.005785893351032412,0.008678840026548618,0.0,0.0,208,86919.27428580222,0.16070637500442564,0.023855383653264787,0.018618021561390505
QQQ,2017,2017-01-31,2017-02-01,0.007064279164917808,0.007064279164917808,0.905734673549,1.0,0.0015275964431735733,0.0060299084785466976,0.006493774240652116,0.004374405025508344,0.007093225098619073,0.00779950174286403,0.8500940537923455,0.0018334265645976178,0.0035466125493095364,0.005319918823964305,0.0,0.0,173,101508.85999994792,0.4692710918288412,0.15918502148742775,0.011319579167709808
IWM,2017,2017-02-02,2017-02-03,0.008753118877978139,0.008753118877978139,0.6801103043939993,1.0,0.0036216221885568833,0.00872130561098254,0.007511665523961579,0.008210117701671647,0.010833724464150485,0.012870145947542225,0.805014530306906,0.0072798749495217585,0.005416862232075242,0.008125293348112864,1.0,0.0,260,105687.8190067693,0.22541435058230536,0.07886890712932838,0.01608231437566944
SPY,2017,2017-02-02,2017-02-03,0.004609926821188326,0.004609926821188326,0.7327985662793526,1.0,0.0006590332944880206,0.005623402191173419,0.0028400028074944397,0.0036446187078522456,0.005775068740740548,0.006290851310742003,0.9737377066185915,0.0031902617960530844,0.002887534370370274,0.004331301555555412,1.0,0.0,790,417927.07278781635,0.28568391912348134,0.1721770705019937,0.011488532022100756
IWM,2017,2017-02-03,2017-02-06,-0.0034339244353790432,0.0034339244353790432,0.2672064554387028,0.0,0.006470987487883217,0.010809626894066263,0.010935699148122204,0.008589381331652794,0.010486334782951953,0.012851203125842092,1.0308298483508174,0.007162381105825677,0.005243167391475977,0.007864751087213965,1.0,0.0,207,74937.90248218885,0.10581571408738083,0.01865279063861462,0.018419296850078346
IWM,2017,2017-02-09,2017-02-10,0.006501091521752711,0.006501091521752711,0.4850297432724836,1.0,0.014074028862847143,0.016666666666666666,0.010746637490441332,0.00896879606659726,0.011157016575264793,0.013403490429040512,1.4938282608288687,0.004209317507188448,0.0055785082876323965,0.008367762431448595,0.0,0.0,256,101347.3337896134,0.17218690242855533,0.07576952253649828,0.015137574416325341
IWM,2017,2017-02-10,2017-02-13,0.00601712205570859,0.00601712205570859,0.465164814406344,1.0,0.001088679603619136,0.008491169358835154,0.008978127574259758,0.008907376912318255,0.010486334782951953,0.012935462591657551,0.8097366271997707,0.0031707316268605457,0.005243167391475977,0.007864751087213965,0.0,0.0,207,79226.90154794582,0.12825983386466575,0.1193031982170029,0.01735663409423967
QQQ,2017,2017-02-10,2017-02-13,0.0030617004086799238,0.0030617004086799238,0.4650264136300945,1.0,0.001100278151515921,0.004243955710416624,0.0011731141372248774,0.003808190419831899,0.005127184122191436,0.006583927963961537,0.8277361626332025,0.003834999425869734,0.002563592061095718,0.0038453880916435768,1.0,0.0,184,63379.44929056961,0.253052158045485,0.16522759137969412,0.014858801940400219
IWM,2017,2017-02-13,2017-02-14,-0.0026030412321599306,0.0026030412321599306,0.20382154656466184,0.0,0.0033869078780189854,0.008070983220390588,0.007413105152936629,0.008796297416761896,0.010486334782951953,0.012771177905541614,0.7696667508185895,0.0023980948302522176,0.005243167391475977,0.007864751087213965,0.0,0.0,208,84928.80464743156,0.10552222696893863,0.0927391874784392,0.01693805403771866
IWM,2017,2017-02-14,2017-02-15,-0.004107755030226756,0.004107755030226756,0.3293042904865829,0.0,0.005944555973007137,0.009714341845541322,0.005986531602325557,0.008131155035330314,0.010072670584222659,0.01247404042066109,0.9644256470332103,0.000869088946346741,0.005036335292111329,0.007554502938166994,0.0,0.0,198,89579.52706853788,0.05851097278954151,0.04873691954326319,0.015587341054768635
IWM,2017,2017-02-16,2017-02-17,-0.005387931152605274,0.005387931152605274,0.43240083965443527,0.0,0.0018644037939742342,0.011687864230264373,0.003976698018923678,0.00792409447915241,0.010486334782951953,0.012460501133418667,1.1145804966350867,0.0014466325370139366,0.005243167391475977,0.007864751087213965,0.0,0.0,230,148074.1994413304,0.08100477179460021,0.05457169419364743,0.014941652171192865
SPY,2017,2017-02-16,2017-02-17,-0.003280522616122994,0.003280522616122994,0.5221694055929793,0.0,0.0009789135157542983,0.005575644075800235,0.002554361288577258,0.0038512719776548025,0.005599523133486827,0.006282487217721247,0.9957355194152538,8.551392761613208e-05,0.0027997615667434135,0.00419964235011512,0.0,0.0,650,432943.2855278945,0.3377424103985113,0.23148928505646715,0.012165158501291556
IWM,2017,2017-02-22,2017-02-23,0.002722488019970548,0.002722488019970548,0.23315942985589885,1.0,0.002999986921037978,0.005500030517578125,0.005428235769696177,0.007404639340007208,0.009939852195241506,0.011676508308727407,0.5533312175618816,0.00035715769198940706,0.004969926097620753,0.0074548891464311295,0.0,0.0,246,92973.77530852688,0.25647058782767723,0.08113901308196536,0.01882354787742443
SPY,2017,2017-02-22,2017-02-23,0.00253938592608538,0.00253938592608538,0.4272300817567794,1.0,0.0011015782651024875,0.003008183383720782,0.0032580544988831815,0.0037160038795762858,0.004968367378966889,0.005943836903158527,0.6054671795116522,8.438455445736182e-05,0.0024841836894834443,0.0037262755342251665,0.0,0.0,694,277762.1204881859,0.2005987557392329,0.10637360691913879,0.014048349412236219
IWM,2017,2017-02-23,2017-02-24,-0.009297248909065359,0.009297248909065359,0.7805159064562334,0.0,0.008645374791535376,0.01657610713160836,0.005417521844385134,0.007320353468992144,0.010072670584222659,0.011911671283263838,1.645651666358708,0.001165358037530817,0.005036335292111329,0.007554502938166994,0.0,0.0,255,109265.61578905676,0.1273145053214411,0.07619843985543012,0.017552894623733384
QQQ,2017,2017-02-23,2017-02-24,-0.004538084476725435,0.004538084476725435,0.720185875785081,0.0,0.005279284296230702,0.009257777225176886,0.00357732708651817,0.0035435452548169,0.0054290824782987305,0.006301268366001247,1.7052194845413222,0.0003091148912000019,0.0027145412391493652,0.004071811858724048,0.0,0.0,224,107608.47533110963,0.37701689209071504,0.25309686239194795,0.011785442454067865
SPY,2017,2017-02-23,2017-02-24,-0.004144796639400816,0.004144796639400816,0.7152834804887385,0.0,0.0018574908491070241,0.005656857101778337,0.0028084999079231944,0.003361673874191933,0.0049943092138291355,0.005794620947444169,1.1326605661729194,0.00021240835554969806,0.0024971546069145678,0.0037457319103718517,0.0,0.0,644,313547.2078924628,0.2557562871070191,0.15688118310842003,0.013120777008329726
IWM,2017,2017-02-27,2017-02-28,-0.004428536551339235,0.004428536551339235,0.3636630609923526,0.0,0.011999448504067312,0.012939087274231353,0.0071279395212017265,0.0074439062594788465,0.010395962695336967,0.012177581465807333,1.2446261739699285,0.011759657669673906,0.005197981347668483,0.007796972021502725,1.0,1.0,209,88808.67918181983,0.22127742164734768,0.03828562149932235,0.019732645980691427
IWM,2017,2017-02-28,2017-03-01,0.013131149206917048,0.013131149206917048,1.1039645506907656,1.0,0.01104899189963926,0.012340372797011038,0.009109890076950683,0.007609818618651362,0.010395962695336967,0.01189453882255613,1.1870351172524138,0.0086645668940315,0.005197981347668483,0.007796972021502725,1.0,1.0,208,110544.60146573829,0.12153360809307051,0.05928085616145562,0.018209117530325378
QQQ,2017,2017-02-28,2017-03-01,0.006383647160289163,0.006383647160289163,1.0433807388693075,1.0,0.002837603488913487,0.00605869537411417,0.0025834712392876677,0.002980807238569767,0.005759047694730469,0.006118233663395976,1.0520307688470576,0.006343038085982355,0.0028795238473652346,0.004319285771047851,1.0,1.0,184,97033.72757288703,0.25876793671071946,0.12706119177347067,0.013728899208634066
SPY,2017,2017-02-28,2017-03-01,0.008119415397445318,0.008119415397445318,1.4430407587590905,1.0,0.0008450456322707245,0.003929491202840932,0.0017736920440600543,0.002842601283888383,0.0049943092138291355,0.005626601569055763,0.7867937355501046,0.008096010484968774,0.0024971546069145678,0.0037457319103718517,1.0,1.0,599,332084.5762947926,0.2701531216917566,0.1679702372468609,0.01281975038121316
IWM,2017,2017-03-03,2017-03-06,-0.006274757702744882,0.006274757702744882,0.5166813553071539,0.0,0.0010807575790722224,0.011095052249808357,0.014134550385241171,0.008899517240552882,0.010395962695336967,0.012144347068639042,1.0672462546239188,0.005766795054054086,0.005197981347668483,0.007796972021502725,1.0,0.0,183,109927.65347195508,0.17148258731007995,0.02235618951251849,0.018487096849474423
QQQ,2017,2017-03-03,2017-03-06,-0.0032820021412615086,0.0032820021412615086,0.5315106267438796,0.0,0.0025250732641362017,0.005509229529825217,0.006160749962909684,0.0036153999493031834,0.005498708220369728,0.006174857051057637,1.0019134147573994,0.0029182828080061007,0.002749354110184864,0.004124031165277296,1.0,0.0,180,91464.6565109921,0.19953406297316467,0.0785919312625434,0.015123622956385484
SPY,2017,2017-03-03,2017-03-06,-0.0038587290328447876,0.0038587290328447876,0.640166926751078,0.0,0.0010496704115632305,0.0036948603500776395,0.00767078915443006,0.004339582936666876,0.004968367378966889,0.006027691952829067,0.7436769603068163,0.0020674465403185405,0.0024841836894834443,0.0037262755342251665,0.0,0.0,690,308385.7327635955,0.2048231735285806,0.09694153778179057,0.01265541234581146
IWM,2017,2017-03-07,2017-03-08,0.003508740620111306,0.003508740620111306,0.29678742355731164,1.0,0.0043667457887850425,0.008224198930196701,0.011676290933111318,0.008407451299696054,0.009901635130705489,0.011822403314990012,0.8305899805066569,0.002476663322507955,0.004950817565352744,0.007426226348029117,0.0,0.0,185,140733.34829563668,0.08970548560164661,0.023395089979928292,0.017428652936646704
IWM,2017,2017-03-09,2017-03-10,0.006870513235725628,0.006870513235725628,0.5745182980586483,1.0,0.0034602165528033746,0.011779474946232512,0.0026279247315329725,0.008528114444658324,0.010458012007305832,0.011958737013149525,1.1263589043504179,0.00014677726499656707,0.005229006003652916,0.007843509005479374,0.0,0.0,232,156180.5076754685,0.3712631559145609,0.05911174389662575,0.01583541057786417
QQQ,2017,2017-03-09,2017-03-10,0.004585800369224513,0.004585800369224513,0.7172502384699482,1.0,0.0009944886951769316,0.006732498183852814,0.001920086648557971,0.00381275300573131,0.005855162479853609,0.006393585004596206,1.1498396854088908,0.0012173132922810304,0.0029275812399268044,0.004391371859890207,0.0,0.0,220,134048.3209740476,0.26656336738658676,0.166907388639809,0.011944417442565011
SPY,2017,2017-03-09,2017-03-10,0.004686315154484699,0.004686315154484699,0.767223135801239,1.0,0.0006759766124726507,0.006337135696406436,0.00201387544726602,0.004469322150779102,0.005117409692438494,0.0061081515087401655,1.2383483202000054,0.00021012334118308829,0.002558704846219247,0.0038380572693288706,0.0,0.0,664,402214.59778330335,0.37056129932802806,0.20494264986293131,0.011077216685856397
IWM,2017,2017-03-13,2017-03-14,-0.003889043029382422,0.003889043029382422,0.33669174386286843,0.0,0.004644341401838004,0.008403976711701,0.0051417635399156674,0.007763465251967855,0.010303402798968462,0.011550752580872297,0.8156506035600564,0.008843656829646385,0.005151701399484231,0.007727552099226346,1.0,1.0,188,144777.68077141707,0.11470463743430029,0.09948231124674076,0.015274882765095393
SPY,2017,2017-03-13,2017-03-14,-0.0026491942697122184,0.0026491942697122184,0.44796933206868883,0.0,0.0007996062844481955,0.0026091874839141204,0.0025725948687687363,0.004346114627897314,0.005117409692438494,0.005913784895672294,0.5098648810099115,0.004191499318946024,0.002558704846219247,0.0038380572693288706,1.0,1.0,622,327532.56790385745,0.2559630592864762,0.20003788407372303,0.011518413065948847
IWM,2017,2017-03-14,2017-03-15,0.00486609437115737,0.00486609437115737,0.4151440449825951,1.0,0.0008839419313996233,0.009355464253855894,0.004807191702223782,0.007779396917201871,0.010303402798968462,0.011721460129245936,0.9079975262922388,0.01269360240334061,0.005151701399484231,0.007727552099226346,1.0,1.0,240,159883.79751249755,0.4383058385939011,0.4057742207748395,0.01365015396397735
SPY,2017,2017-03-14,2017-03-15,0.0027860011781923877,0.0027860011781923877,0.47080946260606893,1.0,0.0011805328777441115,0.004427030458648925,0.0028372163176635327,0.004381060089857934,0.005117409692438494,0.005917470653140766,0.865092053346896,0.007913810835718627,0.002558704846219247,0.0038380572693288706,1.0,1.0,696,349757.654303972,0.3715473285283895,0.2932552070141545,0.011331335735329429
IWM,2017,2017-03-15,2017-03-16,0.003557725320295635,0.003557725320295635,0.29358818683633703,1.0,0.010565723914763403,0.01504147885203833,0.008167959503634767,0.008565936266889148,0.010940443041470987,0.012118080630672365,1.3748509813562304,0.0020980558788288306,0.005470221520735494,0.00820533228110324,0.0,0.0,248,145286.70911000474,0.1651530780864786,0.15020113936040605,0.014503142176955712
SPY,2017,2017-03-16,2017-03-17,-0.0030610354772611092,0.0030610354772611092,0.5121892021880503,0.0,0.0026347910217237036,0.004600354823799627,0.004911510044218337,0.004613438174794939,0.004984281981222701,0.00597637643313154,0.9229724243392641,0.0030375953440962,0.0024921409906113507,0.003738211485917026,1.0,0.0,597,332636.58606727945,0.3184324035018468,0.27204539610723794,0.010785668534374066
IWM,2017,2017-03-20,2017-03-21,0.00471488389385355,0.00471488389385355,0.39769860437262355,1.0,0.0030373023767208407,0.008316525639466636,0.008240269967059255,0.008538850767257702,0.010050192611876708,0.011855419762640004,0.8274991296822182,0.0006498563298640292,0.005025096305938354,0.007537644458907531,0.0,0.0,196,32926.57258903666,0.17422737555301002,0.10209757104183087,0.014946526017904612
QQQ,2017,2017-03-20,2017-03-21,0.0037933389671578333,0.0037933389671578333,0.6174925394181463,1.0,0.0012153715877509796,0.0049372877069440765,0.003559150418155328,0.003784747033064647,0.005587872499526282,0.006143133276933577,0.8835720047947838,0.0009069240375003673,0.002793936249763141,0.004190904374644712,0.0,0.0,167,62997.05033056482,0.27830083473423417,0.19770804404084644,0.010124853403578575
SPY,2017,2017-03-20,2017-03-21,0.0029564426895760665,0.0029564426895760665,0.49489794722177466,1.0,0.0010968843951183471,0.004387601955401307,0.005653272893561835,0.004857337123114061,0.004637020802113629,0.00597384310477089,0.9462114022437352,0.0005895455801945282,0.0023185104010568147,0.003477765601585222,0.0,0.0,564,164903.05166730247,0.3238414656976653,0.21819628576919514,0.009995637440915939
QQQ,2017,2017-03-23,2017-03-24,0.0032218331311664183,0.0032218331311664183,0.46259777245959155,1.0,0.0012258937854106033,0.0056696710767745505,0.00803677158643956,0.005269787436256682,0.005801964132456594,0.006964653361896267,0.9771985740239263,0.00389963688328665,0.002900982066228297,0.0043514730993424455,1.0,0.0,248,129837.29260580667,0.3784292068293668,0.16756074061912254,0.014002963719069204
IWM,2017,2017-03-24,2017-03-27,-0.012863491082361955,0.012863491082361955,0.9626595163218901,0.0,0.0034086066356455724,0.011930349364654312,0.01312720339086957,0.010421395720972152,0.011268858495229298,0.013362451483895907,1.0587007876356826,0.002719037967879645,0.005634429247614649,0.008451643871421975,0.0,0.0,206,82404.66421211547,0.24608076465163214,0.10080194188991999,0.01820129659149842
QQQ,2017,2017-03-24,2017-03-27,-0.007119405188758976,0.007119405188758976,1.0068257814779458,0.0,0.0011469177082460424,0.008869769186019784,0.008292850886113758,0.005272520307158911,0.005801964132456594,0.007071139138201463,1.5287528470577185,0.002318416274407209,0.002900982066228297,0.0043514730993424455,0.0,0.0,173,95822.60045527409,0.32439406228493056,0.09843881566330273,0.016027606111306096
SPY,2017,2017-03-24,2017-03-27,-0.008252834728184277,0.008252834728184277,1.1945851516807484,0.0,0.0022186375186780127,0.008874419869159045,0.005862428488555761,0.005513504622118002,0.004949141174609836,0.006908536169709431,1.7931232017964525,0.001381598655439964,0.002474570587304918,0.003711855880957377,0.0,0.0,396,247145.36511501457,0.2856053289936742,0.13685535497294202,0.015090704413524267
IWM,2017,2017-03-27,2017-03-28,-0.003414032173915338,0.003414032173915338,0.2490251582494294,0.0,0.014914214132678127,0.02011158133632563,0.013576482491674948,0.01012003690364553,0.011268858495229298,0.013709587408416638,1.7847043997260168,0.001043681156146281,0.005634429247614649,0.008451643871421975,0.0,0.0,203,99090.59582724547,0.1479289185540389,0.058912775087172096,0.01665608254221695
IWM,2017,2017-03-31,2017-04-03,0.00356419485301096,0.00356419485301096,0.2826960393527399,1.0,0.00043659990826072637,0.008950631232194424,0.003046575364509913,0.008702607981884063,0.010532623646041867,0.012607869785411679,0.8498007270541797,0.0009422692010021549,0.005266311823020934,0.007899467734531401,0.0,0.0,203,74297.09450384758,0.1927809840118233,0.03211875566597718,0.018755975610082423
QQQ,2017,2017-04-03,2017-04-04,-0.0028722968559860007,0.0028722968559860007,0.38978159974750654,0.0,0.0014340888635260285,0.009434673923871902,0.0030694248028447497,0.004716424258308161,0.005801964132456594,0.007368990372676962,1.626117243830184,0.00037918445142404167,0.002900982066228297,0.0043514730993424455,0.0,0.0,187,132538.33517183285,0.19199912710294698,0.07357469107860824,0.013611505296911646
IWM,2017,2017-04-04,2017-04-05,0.007065627057976975,0.007065627057976975,0.5456406478749685,1.0,0.00044138572667218323,0.008828051297732408,0.006759488186193148,0.008775206112043335,0.01111424928689193,0.012949231486866861,0.7943002779453716,0.004384936320233068,0.005557124643445965,0.008335686965168947,0.0,0.0,198,92782.17340247601,0.18181190455880347,0.05355517005859085,0.01612104699754135
SPY,2017,2017-04-04,2017-04-05,0.0033123780934638525,0.0033123780934638525,0.470252433301632,1.0,0.002042535010804425,0.004340443712599734,0.002222983099121129,0.0045487645216836375,0.005658862987702216,0.007043829779269229,0.7670169293782766,0.004782887112019241,0.002829431493851108,0.004244147240776662,1.0,1.0,449,330191.9452316575,0.35696750409490974,0.1742651244029675,0.01149256388373293
IWM,2017,2017-04-06,2017-04-07,-0.0027289800279582943,0.0027289800279582943,0.20079563422720487,0.0,0.007730107007735798,0.013378944117602693,0.00867075558908715,0.009235567967227099,0.01111424928689193,0.013590833478333453,1.2037649842335036,0.003413778952632285,0.005557124643445965,0.008335686965168947,0.0,0.0,261,110568.26680550503,0.33269148182332675,0.1484739442586963,0.014832402573718912
IWM,2017,2017-04-10,2017-04-11,-0.004049499500061837,0.004049499500061837,0.2950634192726071,0.0,0.002583642875631176,0.012475104644407254,0.007435163451192145,0.009178045311991666,0.011686507052652277,0.013724166520013556,1.0674793236509452,0.0014065919368575486,0.0058432535263261386,0.008764880289489208,0.0,0.0,211,94313.75080778377,0.1674641133508719,0.0414643603053824,0.015525432572218882
IWM,2017,2017-04-13,2017-04-17,0.0026174551325193196,0.0026174551325193196,0.18829494994114568,1.0,0.008600264087454734,0.012677872132076308,0.008821337782626885,0.00927644051753755,0.012576488388241781,0.01390082492035736,1.0080613714023157,0.009323487220949778,0.0062882441941208905,0.009432366291181335,1.0,0.0,204,91611.53326436812,0.13465095994080503,0.0,0.015492669323839513
QQQ,2017,2017-04-13,2017-04-17,0.0028375030160683323,0.0028375030160683323,0.34815100083876194,1.0,0.002600669897458885,0.008643028732949844,0.0022352566439865274,0.004711885978094631,0.006739810085016215,0.00815020783864544,1.282384610831219,0.005582287250049278,0.0033699050425081076,0.005054857563762161,1.0,1.0,200,113232.07848259661,0.38388203769235596,0.0,0.012238551675870317
SPY,2017,2017-04-13,2017-04-17,0.002580560482091432,0.002580560482091432,0.3390808523527301,1.0,0.004836521510719338,0.008474623315787641,0.0028718499819106774,0.00418866967489367,0.006763015632824785,0.007610457695225427,1.2530835023736224,0.006263166359420147,0.0033815078164123923,0.005072261724618589,1.0,1.0,392,256343.91311078213,0.23131518080856578,0.006184048355701333,0.013215518326452022
IWM,2017,2017-04-17,2017-04-18,-0.004213113265695734,0.004213113265695734,0.30095333861833307,0.0,0.00909961882051502,0.012232524493502012,0.011019249659840849,0.009671429398463566,0.012576488388241781,0.013999224215414918,0.9726502435241499,0.004174102141530467,0.0062882441941208905,0.009432366291181335,0.0,0.0,212,103164.46233440201,0.21392297050512468,0.1875584556575028,0.012934506084364365
QQQ,2017,2017-04-17,2017-04-18,-0.003346535257865768,0.003346535257865768,0.3977856405021526,0.0,0.005429314306657496,0.0059646612664456125,0.005402162514705233,0.005087293820240176,0.006739810085016215,0.008412911169043717,0.8849895162040404,0.0006872572736766891,0.0033699050425081076,0.005054857563762161,0.0,0.0,208,136155.2529061732,0.36350228829181785,0.2661953664337388,0.011412108013015053
SPY,2017,2017-04-17,2017-04-18,-0.0036236776952509597,0.0036236776952509597,0.46760485794314954,0.0,0.006263166359420147,0.007249806687749642,0.005922164455447679,0.004595911502827061,0.007051311349367829,0.007749444073764347,1.0281501310248637,0.0027458356985612387,0.0035256556746839146,0.005288483512025871,0.0,0.0,450,328414.8879052609,0.3342566749773654,0.29702854087836517,0.011086672073011233
IWM,2017,2017-04-18,2017-04-19,0.0027342233015181794,0.0027342233015181794,0.19440754114696357,1.0,0.004453726975051531,0.009649666270623773,0.010941791523504593,0.009645188924127945,0.012576488388241781,0.014064389094100144,0.7672782713850075,0.009359600925715528,0.0062882441941208905,0.009432366291181335,1.0,0.0,211,108035.39204276544,0.208862597236049,0.18160013676887166,0.012919990349991051
QQQ,2017,2017-04-18,2017-04-19,0.004341920547828559,0.004341920547828559,0.5146817192787994,1.0,0.0018315438450915433,0.005418244431048237,0.005371214829255978,0.005091738244041967,0.006739810085016215,0.008436127387451607,0.8039164846935299,0.003337028155097288,0.0033699050425081076,0.005054857563762161,0.0,0.0,208,139079.35187329535,0.2479615802825422,0.16805204314351285,0.01046375175322278
SPY,2017,2017-04-18,2017-04-19,0.002779361050346596,0.002779361050346596,0.3541639639616112,1.0,0.0006417674811782792,0.0060328754695576975,0.00596946360045801,0.004627830581827387,0.007051311349367829,0.007847667558430249,0.855567875342586,0.001833501057256104,0.0035256556746839146,0.005288483512025871,0.0,0.0,465,352471.9286441382,0.4356910591950628,0.3828301227732498,0.01060492316168366
IWM,2017,2017-04-19,2017-04-20,0.004050394572145288,0.004050394572145288,0.31221767724062804,1.0,0.0007369064995761399,0.010465129355035322,0.010216893887634353,0.007215817587991918,0.012353814568954633,0.012972982849474037,0.8471172443638897,0.009755037896279184,0.006176907284477316,0.009265360926715975,1.0,1.0,233,151340.77286703393,0.18286841861534947,0.14759011785986073,0.013940394996290295
QQQ,2017,2017-04-19,2017-04-20,0.0040307153179366395,0.0040307153179366395,0.516983797942922,1.0,0.0027303799293639797,0.0074326559133388774,0.00513505789816348,0.0036792049833193207,0.006739810085016215,0.007796598914656225,1.1027990135601864,0.006514168932889142,0.0033699050425081076,0.005054857563762161,1.0,1.0,244,194509.7400811116,0.3836958460801087,0.25685933496121743,0.01256881455564879
SPY,2017,2017-04-19,2017-04-20,0.003041430121884625,0.003041430121884625,0.4123946630644489,1.0,0.004605158670387688,0.007547348798461473,0.005975197655740725,0.0036470978317692786,0.007051311349367829,0.00737504724063151,1.070346836852994,0.007260355547063613,0.0035256556746839146,0.005288483512025871,1.0,1.0,494,435404.12115950615,0.24151732002966148,0.18613114057121816,0.013335074314013274
IWM,2017,2017-04-21,2017-04-24,0.013628708007332957,0.013628708007332957,1.0789922431197516,1.0,0.00021858625835136092,0.0061206376003275905,0.006763281648792938,0.007662471486742312,0.012081436929078163,0.012630960133621999,0.5066150356333986,0.0018693881464839635,0.006040718464539081,0.009061077696808622,0.0,0.0,194,62560.13435403255,0.05284754439579204,0.016810282193722884,0.02017158121357853
QQQ,2017,2017-04-21,2017-04-24,0.011089327457578957,0.011089327457578957,1.4205130600198466,1.0,0.001130353007945173,0.00406897188466789,0.004718353229721539,0.003763349267503271,0.006739810085016215,0.007806564944516613,0.603722038654165,0.0019398232425866802,0.0033699050425081076,0.005054857563762161,0.0,0.0,185,97342.84045345338,0.24210702494891265,0.06331036060591146,0.015317398878436573
SPY,2017,2017-04-21,2017-04-24,0.011040523374066469,0.011040523374066469,1.4832938956288058,1.0,0.0028055416030153824,0.005015909355074389,0.006144582784665602,0.004117914993786025,0.007051311349367829,0.007443247360892099,0.7113441892654592,0.000969773983602984,0.0035256556746839146,0.005288483512025871,0.0,0.0,405,248273.7312569143,0.17197373797553567,0.06491064794912627,0.018187115330821617
IWM,2017,2017-04-24,2017-04-25,0.009501924428572561,0.009501924428572561,0.7417659356278353,1.0,0.0011504433419819993,0.006111524543687279,0.0069434886596742105,0.008041413548421956,0.011690577610138283,0.012809868952164908,0.5227735315992645,0.004563600717197858,0.005845288805069141,0.008767933207603712,0.0,0.0,216,70351.05746782245,0.0865724350929022,0.043419646829378114,0.021617184646381668
QQQ,2017,2017-04-24,2017-04-25,0.0032796841785605046,0.0032796841785605046,0.4092351151643465,1.0,0.0009699685443298467,0.003655825105108387,0.005879476736586746,0.004522550208090951,0.006277766683175458,0.008014180741169784,0.5823448512201118,0.005720571907550376,0.003138883341587729,0.004708325012381593,1.0,1.0,197,114582.82587291981,0.21515398880514117,0.10077242313011038,0.013078757915082884
SPY,2017,2017-04-24,2017-04-25,0.0031201479903748552,0.0031201479903748552,0.41020538042958554,1.0,4.2138911984901384e-05,0.012016216340016114,0.006798496117572144,0.004772454754623003,0.007051311349367829,0.007606306838558031,1.7041108730921948,0.0043713726624536875,0.0035256556746839146,0.005288483512025871,1.0,0.0,444,338992.9235377073,0.24885441369061134,0.11944072193090031,0.013294576848944658
QQQ,2017,2017-04-27,2017-04-28,0.003977851094901119,0.003977851094901119,0.5281756251558908,1.0,0.0035484269415135827,0.00413985023217566,0.005566925504302,0.0046952698964706835,0.005873582817610939,0.007531303803970618,0.7048253784322277,0.0003668871833666376,0.0029367914088054693,0.004405187113208204,0.0,0.0,213,127614.35465977367,0.16979410806280093,0.06385833564523341,0.012921868201649025
IWM,2017,2017-04-28,2017-05-01,0.004170874739231278,0.004170874739231278,0.32495036659484683,1.0,0.0139686679270703,0.015103204291633188,0.010233253527792436,0.008713558731589112,0.011602718243757259,0.012835420938089263,1.3016953419307011,0.004654783008632313,0.0058013591218786294,0.008702038682817943,0.0,0.0,212,80970.60153415223,0.128346958063223,0.05132893627589591,0.018809143920654723
QQQ,2017,2017-04-28,2017-05-01,0.003309044268439365,0.003309044268439365,0.43838643014625023,1.0,0.0022010991837012606,0.00418220040728172,0.005180730215520277,0.0046957334035830625,0.005873582817610939,0.007548236078693024,0.7120356581577608,0.006889492997553592,0.0029367914088054693,0.004405187113208204,1.0,1.0,192,116606.9796603382,0.21894797500427302,0.1025694430237891,0.012357326517053163
SPY,2017,2017-04-28,2017-05-01,0.002520122816330961,0.002520122816330961,0.35586216751017125,1.0,0.0034323653678491883,0.004185851927787412,0.0053984111437628945,0.004671410408098442,0.0062667750379084754,0.007081738511186162,0.6679435439227818,0.002052981013074273,0.0031333875189542377,0.004700081278431356,0.0,0.0,400,312571.30911855784,0.2486183734797279,0.10540061904826033,0.01215271952248406
IWM,2017,2017-05-02,2017-05-03,-0.004742999872578424,0.004742999872578424,0.37610179898155377,0.0,0.005929431750164027,0.011787354956746597,0.007947755637347355,0.008490848159450561,0.011467992841760574,0.01261094705056449,1.0278481264675252,0.005810175303746279,0.005733996420880287,0.00860099463132043,1.0,0.0,218,102890.09737983334,0.14867113337293897,0.07819758156731448,0.017202121406241257
IWM,2017,2017-05-04,2017-05-05,0.004272239766943908,0.004272239766943908,0.354618915075635,1.0,0.0031039679460785896,0.011694182714665598,0.0070078969873429335,0.008166736219592493,0.011421406720720076,0.012047410855206928,1.0238828719277344,0.0021631195217879373,0.005710703360360038,0.008566055040540057,0.0,0.0,272,113584.39072446976,0.15660337690097395,0.07228081938176067,0.016068783629249097
QQQ,2017,2017-05-04,2017-05-05,0.00255404349579047,0.00255404349579047,0.35340689795278757,1.0,0.0005110028824260038,0.006351720153566003,0.004399339367727488,0.0048897950095903395,0.005873582817610939,0.007226920330603367,1.0814047151121204,0.0010917380970283386,0.0029367914088054693,0.004405187113208204,0.0,0.0,246,155353.44805399008,0.3124748399302987,0.20245547652507617,0.01185760375542536
IWM,2017,2017-05-10,2017-05-11,-0.003879092873199874,0.003879092873199874,0.33613312227330694,0.0,0.008475901801220376,0.011735693972612218,0.004762783891612195,0.008062730440534738,0.010670302092693158,0.011540347011818185,1.0998464589534558,0.012337585736005963,0.005335151046346579,0.008002726569519869,1.0,1.0,271,110827.79072139238,0.14400585433040727,0.07102709488918571,0.015342719990752065
QQQ,2017,2017-05-10,2017-05-11,-0.002745589890037481,0.002745589890037481,0.41642314927788665,0.0,0.0,0.0039016857655116513,0.0015516027542242,0.004607884679626693,0.004939536808342861,0.006593269117719724,0.7898889950413401,0.004658606543174626,0.0024697684041714305,0.0037046526062571457,1.0,1.0,243,114447.1609877382,0.3450879856538622,0.15443784479893322,0.013878886526441604
IWM,2017,2017-05-11,2017-05-12,-0.0038339030543736996,0.0038339030543736996,0.3299926995441138,0.0,0.003100834221237858,0.013341069646959351,0.006043390046674462,0.007558274876586274,0.010670302092693158,0.011618145067058307,1.2502991509579742,0.004009937569794175,0.005335151046346579,0.008002726569519869,0.0,0.0,265,121802.57069111089,0.18535877209479856,0.07619988352921019,0.014976522202267915
IWM,2017,2017-05-12,2017-05-15,0.0034179422549518446,0.0034179422549518446,0.3004618489129045,1.0,0.0014524159268021197,0.0053009635607370355,0.005245049319840372,0.007276411142928152,0.010496126174980362,0.011375628111583014,0.5050399997451397,0.009204263746816821,0.005248063087490181,0.007872094631235272,1.0,1.0,215,103468.42213673497,0.23401736994505448,0.20563313357377272,0.01637681242395545
IWM,2017,2017-05-15,2017-05-16,0.002814254470308697,0.002814254470308697,0.2469709222755541,1.0,0.004348500667447741,0.009204263746816892,0.0066232306790063415,0.007030633761646338,0.010057397812829548,0.011395084264894694,0.9151734790758331,0.0005036487358054398,0.005028698906414774,0.00754304835962216,0.0,0.0,221,101488.15195786193,0.28136640335676144,0.2457692557207292,0.014943313545029327
QQQ,2017,2017-05-15,2017-05-16,0.0025891874837098428,0.0025891874837098428,0.41917870957953784,1.0,0.0027404414682505873,0.004254985737115259,0.001811093183114876,0.003940949501090257,0.004529372212950577,0.006176810569188874,0.9394206386812768,0.0017217037566177318,0.0022646861064752884,0.0033970291597129323,0.0,0.0,184,86029.86177321179,0.23946772896410612,0.19576045229416908,0.01131247856283168
IWM,2017,2017-05-16,2017-05-17,-0.016590946914429305,0.016590946914429305,1.4519109885032093,0.0,0.0024465448291294267,0.01021801940326793,0.00661186336941768,0.007029658158517429,0.010341574379151626,0.011426972483714784,0.9880525951510072,0.01172543102823509,0.005170787189575813,0.0077561807843637195,1.0,1.0,216,112426.80446356638,0.34617100105362913,0.3073899043863154,0.013492703258016079
QQQ,2017,2017-05-16,2017-05-17,-0.007950155057804609,0.007950155057804609,1.2946978762190375,0.0,0.0015782010784484157,0.004662797166024608,0.001994140209457786,0.0038155087215564648,0.004458891451569934,0.0061405484660419715,1.0457301364407248,0.018081524438792185,0.002229445725784967,0.0033441685886774503,1.0,1.0,188,77561.12490994694,0.367015918099402,0.29543045754781777,0.012066229790857795
QQQ,2017,2017-05-18,2017-05-19,0.0035699075679305192,0.0035699075679305192,0.496815075812625,1.0,0.009116234343671925,0.013600985483060915,0.013651093626270015,0.007456068518465802,0.004458891451569934,0.007185586230633867,3.0503064788159704,0.004863870554956851,0.002229445725784967,0.0033441685886774503,1.0,1.0,234,222671.28132879687,0.2104686003650246,0.16841413073627232,0.012531466304994025
QQQ,2017,2017-05-22,2017-05-23,0.00294966663388041,0.00294966663388041,0.40978115875787663,1.0,0.006152776989281072,0.007021362747434833,0.014396547397679448,0.007241581448333686,0.004806058704142341,0.007198150941886644,1.4609398635483004,7.169146096686063e-05,0.0024030293520711705,0.003604544028106756,0.0,0.0,189,107582.00596345274,0.16024102824822756,0.07905956062146127,0.01411701629498665
QQQ,2017,2017-05-23,2017-05-24,0.003018529328645103,0.003018529328645103,0.43261423353687034,1.0,0.0019367639722279728,0.004590770911961354,0.014237450803512344,0.007128740858646807,0.004733277927405251,0.006977415661909431,0.969892531638847,0.0020780205645971606,0.0023666389637026254,0.003549958445553938,0.0,0.0,184,117071.06587398825,0.19992666542195334,0.10551818991129602,0.013569132414055711
IWM,2017,2017-05-24,2017-05-25,0.004727571972616529,0.004727571972616529,0.4067296362993645,1.0,0.00014536407876064583,0.008726616218303557,0.002233941519626928,0.008287112519183794,0.010048542081169233,0.01162337717907751,0.868446004187718,0.003402354298391197,0.005024271040584617,0.0075364065608769255,0.0,0.0,261,139026.79813361028,0.31506775121326375,0.12016326744885178,0.0147744112913342
QQQ,2017,2017-05-24,2017-05-25,0.0037916639284973908,0.0037916639284973908,0.5422821598660732,1.0,0.001576391692116097,0.0048725132306255145,0.003224981631065949,0.007126923149210137,0.004733277927405251,0.006992049912602351,1.0294162534623423,0.00726964785267703,0.0023666389637026254,0.003549958445553938,1.0,1.0,240,120842.8839885526,0.2766240149499718,0.08690635209925293,0.013226376413101456
IWM,2017,2017-05-26,2017-05-30,-0.003053643954101126,0.003053643954101126,0.2707253447910646,0.0,0.0011645683333376677,0.007351830477058726,0.0028714151821447533,0.0077798217204206755,0.010043063827122035,0.01127949049786163,0.7320306435974812,0.006606914464977853,0.005021531913561018,0.007532297870341527,1.0,0.0,206,123330.3860117101,0.2681618459710762,0.036233082380333584,0.016100641092189942
IWM,2017,2017-05-30,2017-05-31,0.0027846226390726425,0.0027846226390726425,0.24826307437802053,1.0,0.004813217815215487,0.008897325438645689,0.004209471261152667,0.007797212368653972,0.009819699920580568,0.01121641889777215,0.9060689746738874,0.000584637775472796,0.004909849960290284,0.007364774940435426,0.0,0.0,207,142783.11170643484,0.28487557536441205,0.047770379266707214,0.015362826726277088
QQQ,2017,2017-05-30,2017-05-31,0.0035375690742533994,0.0035375690742533994,0.516885285911768,1.0,0.001346103079151284,0.0031880762855165494,0.0032576130093675054,0.007038756178951491,0.004733277927405251,0.0068440119513428375,0.6735451275865033,0.0,0.0023666389637026254,0.003549958445553938,0.0,0.0,173,107209.15223685489,0.34188612034868116,0.1300117019352657,0.01374758422078208
IWM,2017,2017-05-31,2017-06-01,0.002934227369376874,0.002934227369376874,0.2559971191214432,1.0,0.0037999782781921176,0.016661786322085346,0.0035811210463583087,0.007743659185724443,0.009819699920580568,0.011461954647954057,1.6967714346509537,0.01667640988107033,0.004909849960290284,0.007364774940435426,1.0,1.0,223,162599.95978741694,0.29604326499348765,0.06993381834228439,0.015399723030083641
IWM,2017,2017-06-01,2017-06-02,0.003598416775685509,0.003598416775685509,0.30140869582835744,1.0,0.01631067662103991,0.019967786009101256,0.01015132830390024,0.008860728113059713,0.010043063827122035,0.011938662770813659,1.9882165794044617,0.01125856836555883,0.005021531913561018,0.007532297870341527,1.0,1.0,224,132593.6532285362,0.13467393394196103,0.04883836530220327,0.016352217803519857
QQQ,2017,2017-06-01,2017-06-02,0.0035250987937767153,0.0035250987937767153,0.4928228287044344,1.0,0.0018363787503421491,0.006498079933938217,0.0034838740320221914,0.006984820196233592,0.004971614063906224,0.007152872368034839,1.307036276430645,0.008079311401298028,0.002485807031953112,0.0037287105479296683,1.0,1.0,205,131546.55857840244,0.23915308689563178,0.11008591065983721,0.015372420987244256
IWM,2017,2017-06-05,2017-06-06,-0.006259858569092724,0.006259858569092724,0.5223539532939072,0.0,0.007002078731902728,0.00828810807705143,0.01109956976056032,0.00897501665818339,0.009819699920580568,0.011983940256637739,0.8440286509856417,0.002176932421976474,0.004909849960290284,0.007364774940435426,0.0,0.0,178,140612.8162706777,0.14512593109855942,0.032792380081923436,0.015742228840467613
SPY,2017,2017-06-05,2017-06-06,-0.0026640810715160557,0.0026640810715160557,0.47209216829803907,0.0,8.199480411863469e-05,0.0022134219052340203,0.003804804712226763,0.0053026617575022824,0.004227966537689252,0.0056431376125565804,0.5235192581357896,0.0009049079677592164,0.002113983268844626,0.003170974903266939,0.0,0.0,464,372973.12911803904,0.4116770693689749,0.18356908489363255,0.010985144454729652
QQQ,2017,2017-06-06,2017-06-07,0.002799901265402749,0.002799901265402749,0.37212414876875366,1.0,0.0027920837066993665,0.007538753821487499,0.005880772991564218,0.007438560185940121,0.00529395819935912,0.00752410526074907,1.424029721730733,0.0019544798969226562,0.00264697909967956,0.00397046864951934,0.0,0.0,181,110312.02778198157,0.16556102733115063,0.08691275077905448,0.016760533473470587
IWM,2017,2017-06-08,2017-06-09,0.004116991843783335,0.004116991843783335,0.32686714945526923,1.0,0.013671098098162915,0.0195711707031241,0.007591226882350796,0.009332342307980492,0.010043063827122035,0.012595306229593234,1.9487251141699118,0.010179464967295493,0.005021531913561018,0.007532297870341527,1.0,1.0,238,131026.87535673103,0.10088476116875607,0.04655377141379145,0.018084141425146832
QQQ,2017,2017-06-09,2017-06-12,-0.008429723616208862,0.008429723616208862,0.8995170547256464,0.0,0.026158408389679755,0.04028101478268116,0.011621249064233879,0.009562715864944327,0.006529743647899147,0.009371388315455493,6.168850869917536,0.009674851380261584,0.0032648718239495734,0.00489730773592436,1.0,1.0,196,104414.18700007387,0.19148483570917937,0.1613288949448901,0.017415084956492532
IWM,2017,2017-06-12,2017-06-13,0.002970704162115645,0.002970704162115645,0.23627785918142472,1.0,0.0019765549347628975,0.007765114182401014,0.006300132806334085,0.009105086179891959,0.010043063827122035,0.012572926521374164,0.7731818014967454,0.003596576134414997,0.005021531913561018,0.007532297870341527,0.0,0.0,186,118894.90590073023,0.15248112361488825,0.11555512149931291,0.01824995607191217
QQQ,2017,2017-06-12,2017-06-13,0.0056022323007411945,0.0056022323007411945,0.5533989304326318,1.0,0.003097929872673655,0.014481228117022597,0.011332357045975095,0.00964681822453603,0.0067913850546474554,0.010123316097415524,2.1322937810915104,0.003928312787205845,0.0033956925273237277,0.005093538790985591,1.0,0.0,196,139504.5246715769,0.10252815665777912,0.075283582602821,0.015714887155568267
SPY,2017,2017-06-12,2017-06-13,0.0025476459386610806,0.0025476459386610806,0.4206372232435954,1.0,0.0009459783774936614,0.004277519291105532,0.0019302193215841347,0.005324430348620474,0.004398156958108902,0.006056634548449632,0.972570859077471,0.0025821989255054856,0.002199078479054451,0.003298617718581677,1.0,0.0,471,349728.69505166187,0.292279006962217,0.2287158813363749,0.010986708790623452
QQQ,2017,2017-06-13,2017-06-14,0.004060929488109766,0.004060929488109766,0.39092120552530224,1.0,0.0024998651328318466,0.009142195768276953,0.013005525201566866,0.009787345407124835,0.007024003090102886,0.010388102335489507,1.3015648841554026,0.0,0.003512001545051443,0.005268002317577165,0.0,0.0,191,164597.50244770618,0.3506396774892401,0.2732434657114699,0.013516527947481694
IWM,2017,2017-06-14,2017-06-15,-0.011114201659930822,0.011114201659930822,0.900855692292632,0.0,0.005421419975208619,0.011194792308358396,0.007473449402511763,0.009167830372610552,0.010043063827122035,0.012337382951586557,1.11467899647576,0.0,0.005021531913561018,0.007532297870341527,0.0,0.0,226,120284.05998195604,0.1429856158329514,0.11387197691461848,0.013614880183570552
QQQ,2017,2017-06-14,2017-06-15,-0.010089471643000891,0.010089471643000891,0.9191262857481268,0.0,0.008372899575010306,0.0163910996852746,0.012341937761127885,0.00980532352303117,0.007282698627129219,0.010977241973651665,2.250690372414304,0.006182200965646256,0.0036413493135646095,0.005462023970346914,1.0,1.0,248,178360.44625603192,0.2795715310351769,0.22799059172509256,0.012747830313117684
SPY,2017,2017-06-14,2017-06-15,-0.006387212505309603,0.006387212505309603,1.0445774873598956,0.0,0.002532039188279267,0.006452674291906753,0.0025962570282158197,0.005304324764159732,0.0045589812645753895,0.006114637336721552,1.4153763565658648,0.0013203171506181999,0.0022794906322876948,0.003419235948431542,0.0,0.0,385,258024.00597467457,0.33719037067271906,0.3193827771659238,0.010726086312777133
IWM,2017,2017-06-15,2017-06-16,-0.003628821198230825,0.003628821198230825,0.31572310227935385,0.0,0.006084836637346935,0.009234685829960575,0.00536737518783844,0.0066024087080519146,0.009819699920580568,0.011493682825338579,0.9404244431753058,0.005384836348171218,0.004909849960290284,0.007364774940435426,1.0,0.0,237,167251.7823874414,0.4593567845093347,0.3956095496558156,0.012527969380765079
QQQ,2017,2017-06-15,2017-06-16,-0.00323447273224986,0.00323447273224986,0.3078292650582465,0.0,0.005710630084103219,0.012939087274231353,0.011893765831906744,0.007860698296035473,0.007282698627129219,0.010507359433931154,1.7766885514157047,0.007555894294860144,0.0036413493135646095,0.005462023970346914,1.0,1.0,235,192800.79618541652,0.2435380460368117,0.1954077766958102,0.011912215876401077
SPY,2017,2017-06-15,2017-06-16,-0.0041022274376395496,0.0041022274376395496,0.7328386491742551,0.0,0.004491559376861964,0.006387024470651792,0.002809205946051942,0.0031060665282066297,0.0045589812645753895,0.005597722557703309,1.400976248856478,0.004717954585985007,0.0022794906322876948,0.003419235948431542,1.0,1.0,437,279995.5615657516,0.3271618659925002,0.29530753531609943,0.011162540613399009
IWM,2017,2017-06-16,2017-06-19,0.0026392403933521713,0.0026392403933521713,0.233088121442736,1.0,0.001142638459645795,0.006712864740417517,0.004346778359106336,0.006667980802940531,0.009497510456025588,0.011322929615701449,0.7068025638401499,0.0072567180576090795,0.004748755228012794,0.007123132842019191,1.0,1.0,180,33743.7242589231,0.29691720985476083,0.09055280415328812,0.014208529125198325
QQQ,2017,2017-06-16,2017-06-19,0.0096996862532166,0.0096996862532166,0.9359891813908925,1.0,0.0038217393083943563,0.008220359459591493,0.006095260192866702,0.007849765920871457,0.007282698627129219,0.010363032443177106,1.128751837810415,0.007885804010384634,0.0036413493135646095,0.005462023970346914,1.0,1.0,178,70290.99281777968,0.12298446155683232,0.061428027270754366,0.01612888561758085
SPY,2017,2017-06-16,2017-06-19,0.003915252846323325,0.003915252846323325,0.7061178147903024,1.0,0.0005355063662090265,0.004942937459833094,0.003491976377748432,0.0033532495039464327,0.0045589812645753895,0.0055447586285385635,1.0842197352819052,0.004679992638396913,0.0022794906322876948,0.003419235948431542,1.0,1.0,455,134836.89196054096,0.3119383079298196,0.19112908344417026,0.01083425126983343
QQQ,2017,2017-06-23,2017-06-26,0.005734901777761259,0.005734901777761259,0.5192120154437884,1.0,0.004980875483650005,0.009036604049605072,0.009406486561501387,0.00871588246525601,0.008607445801275534,0.01104539495847268,1.0498589544724106,0.0016894771504338824,0.004303722900637767,0.00645558435095665,0.0,0.0,185,155379.91382420322,0.11481808242172142,0.058589009919396286,0.018488050266176687
SPY,2017,2017-06-23,2017-06-26,0.0031669847333035683,0.0031669847333035683,0.5705495891798511,1.0,0.0009056902448907334,0.004281393398599817,0.005376353926482256,0.0036811909109481225,0.004802680356887244,0.005550761569833079,0.8914591603957404,0.0019680647738427037,0.002401340178443622,0.003602010267665433,0.0,0.0,417,258304.40221480784,0.34162511515915056,0.1603643544268514,0.011788486246283758
QQQ,2017,2017-06-26,2017-06-27,-0.0037700865869514377,0.0037700865869514377,0.32518173520859034,0.0,0.010348477220148422,0.014220267302182775,0.006997433339810725,0.008771004231616567,0.008843966195655324,0.011593783348665282,1.6079061122111262,0.01470800403171646,0.004421983097827662,0.006632974646741493,1.0,1.0,192,174077.73244290403,0.2834629771450076,0.14194965275539564,0.01801577821839812
IWM,2017,2017-06-27,2017-06-28,0.005935367940436587,0.005935367940436587,0.4997733352210732,1.0,0.008929905819427209,0.013252976869580074,0.005990344150894508,0.007380596991481344,0.01040969050148974,0.011876119676955343,1.2731384153720449,0.011303023804557277,0.00520484525074487,0.007807267876117305,1.0,1.0,190,98395.32719377358,0.31925885418619765,0.2418234563310433,0.014037741379212735
QQQ,2017,2017-06-27,2017-06-28,0.0036948091816721984,0.0036948091816721984,0.29929670172073786,1.0,0.014423450399457804,0.01570865334025835,0.010562058917463934,0.009637447099805034,0.008995138765007016,0.012344971262395272,1.7463491948971726,0.011549055731589819,0.004497569382503508,0.006746354073755262,1.0,1.0,178,181141.2828430462,0.15703829980254622,0.07363798735974894,0.015150214214025539
SPY,2017,2017-06-27,2017-06-28,0.004848125637376688,0.004848125637376688,0.8044930066515972,1.0,0.007035843903537842,0.008517146895168462,0.0037912907466748328,0.004127351635011248,0.0050351585908599145,0.006026311723398575,1.6915349817638785,0.005030932868878901,0.0025175792954299572,0.003776368943144936,1.0,1.0,428,259814.3515156293,0.24326243787815152,0.13185613386421344,0.012726906551392227
QQQ,2017,2017-06-28,2017-06-29,-0.004142278341358163,0.004142278341358163,0.32450082758463344,0.0,0.010682915100705959,0.017323473457426554,0.011925232316832181,0.010247519906140234,0.009089399908941012,0.012765077895765337,1.9058984785547715,0.023412861955275144,0.004544699954470506,0.00681704993170576,1.0,1.0,227,231308.1189717804,0.23973953674390686,0.1372799603377861,0.014579782927245467
QQQ,2017,2017-06-29,2017-06-30,0.002834503961252288,0.002834503961252288,0.20561123201044745,1.0,0.013267398674157493,0.022877240286529064,0.01395182703780603,0.010861882265267669,0.009266766057504304,0.013785744745249434,2.468740458598594,0.005000742591475094,0.004633383028752152,0.006950074543128229,1.0,0.0,219,219201.15058907316,0.32692705423619445,0.20679163222651314,0.01449317013077845
SPY,2017,2017-06-29,2017-06-30,0.0038532946022895587,0.0038532946022895587,0.5807438280015199,1.0,0.0094804133787878,0.015431315974410123,0.007362292801413629,0.0046705443525745785,0.005037255541346376,0.00663510211645241,3.063437192683218,0.0017748387681066902,0.002518627770673188,0.003777941656009782,0.0,0.0,445,280044.0017740245,0.27147386757974634,0.15991328706817187,0.01217732868539487
IWM,2017,2017-06-30,2017-07-03,0.002980401464679261,0.002980401464679261,0.26076477481857,1.0,0.0023362961490597245,0.006371638205199115,0.009358376438135856,0.00695614800346181,0.009664178122013391,0.011429463457067421,0.6593047152851604,0.00820718616219751,0.004832089061006696,0.0072481335915100436,1.0,1.0,204,64086.80989327221,0.19613137331848005,0.05523655502981568,0.017262495810644592
QQQ,2017,2017-06-30,2017-07-03,0.004577193298504811,0.004577193298504811,0.333082311619853,1.0,0.002464098770969647,0.010726161569547534,0.013519869884464714,0.010444915486262791,0.009266766057504304,0.013741928462802203,1.157487035173549,0.0011570723828506768,0.004633383028752152,0.006950074543128229,0.0,0.0,210,144466.37820625224,0.2415856447403819,0.09279113494102205,0.016566406539314637
SPY,2017,2017-06-30,2017-07-03,0.0044665087569231154,0.0044665087569231154,0.6710581047367836,1.0,0.0019811611769748882,0.004664045272023752,0.007422831574732822,0.004620168633208661,0.004894849661570073,0.006655919547644928,0.952847501863359,0.002058629734634776,0.0024474248307850364,0.0036711372461775546,0.0,0.0,440,230210.07782978343,0.2604190874821262,0.10222807425396738,0.013455468212910129
IWM,2017,2017-07-03,2017-07-05,-0.00281498337855135,0.00281498337855135,0.243188080220106,0.0,0.005377174086011127,0.008490144186599859,0.010099528754802738,0.006990003720726527,0.009664178122013391,0.011575334514765483,0.8785169395068083,0.0071073206943128575,0.004832089061006696,0.0072481335915100436,1.0,0.0,191,73332.41931937529,0.24700536331827586,0.1803781710632695,0.01488967434753535
QQQ,2017,2017-07-03,2017-07-05,0.003157299861024976,0.003157299861024976,0.21877839589017697,1.0,0.015043044527257354,0.016850990817027737,0.013728582631530104,0.010604841227200124,0.010058748958139595,0.014431497443695887,1.6752571206573181,0.009369044247139247,0.005029374479069797,0.007544061718604696,1.0,1.0,192,153750.88465517035,0.11142691435880629,0.035884879966759896,0.01746775284736108
IWM,2017,2017-07-05,2017-07-06,-0.011724017974744094,0.011724017974744094,1.0282077027680379,0.0,0.0007762922563204766,0.008115802258580808,0.008983361380709137,0.007056222761910983,0.00933065309137834,0.011402382945762677,0.869800021402567,0.007923293453998337,0.00466532654568917,0.006997989818533755,1.0,1.0,238,76362.48538964505,0.294530782229381,0.11570753274988274,0.014636405550385506
QQQ,2017,2017-07-05,2017-07-06,-0.0076347201416239185,0.0076347201416239185,0.5195872852965824,0.0,0.006660838051771423,0.012735985189301916,0.013368106213486641,0.010950221643241255,0.011731073379424726,0.014693816337838197,1.0856623922956374,0.005007309723859654,0.005865536689712363,0.008798305034568545,0.0,0.0,237,196176.4927167528,0.3336671314757458,0.1929875729961065,0.014173381401809348
SPY,2017,2017-07-05,2017-07-06,-0.0036248501352121876,0.0036248501352121876,0.5204981835962951,0.0,0.0005770077353626224,0.005399157285705301,0.00635943868942792,0.004630904792922275,0.005037255541346376,0.006964193631122576,1.0718450238206885,0.006449209766894892,0.002518627770673188,0.003777941656009782,1.0,1.0,452,271859.0548523093,0.25256179134577234,0.11527106203799059,0.01135750426191596
QQQ,2017,2017-07-06,2017-07-07,0.003375205345424126,0.003375205345424126,0.22510704098097156,1.0,0.0013921633012471402,0.009232081962775843,0.010580518222286726,0.010973984533446363,0.011731073379424726,0.014993779540238523,0.7869767466435003,0.010091443384369292,0.005865536689712363,0.008798305034568545,1.0,1.0,257,199833.56825173064,0.1528070326614971,0.07313433117022117,0.015644245549665606
SPY,2017,2017-07-06,2017-07-07,0.002743727515012173,0.002743727515012173,0.3789373469732319,1.0,0.005539693006208601,0.006986656933608529,0.005988905528501864,0.005025446675400175,0.0051655596132146285,0.0072405835342642805,1.3525459885769464,0.00443593563968081,0.0025827798066073143,0.0038741697099109714,1.0,1.0,503,256738.78090964313,0.3225216147269766,0.17090395018176455,0.012167314655486244
IWM,2017,2017-07-07,2017-07-10,-0.0040572802472165215,0.0040572802472165215,0.35044945230840086,0.0,0.0076024734495085955,0.010758087060134713,0.010898948295628777,0.007852570688941516,0.009664178122013391,0.011577362214411604,1.1131921332895944,0.0039463519482465514,0.004832089061006696,0.0072481335915100436,0.0,0.0,223,62019.08433538744,0.2871832538903665,0.052680875753049,0.01750226120864563
IWM,2017,2017-07-11,2017-07-12,0.0054174196449985335,0.0054174196449985335,0.4731552021713757,1.0,0.003648551375659892,0.010015804603661192,0.01002641673991407,0.00783792999598876,0.009958770247445936,0.011449561624044782,1.0057270480991247,0.008294917714507077,0.004979385123722968,0.007469077685584451,1.0,1.0,216,72346.38083847334,0.186608139040938,0.04153183175308679,0.01571501639097296
QQQ,2017,2017-07-11,2017-07-12,0.008558090005674535,0.008558090005674535,0.6383744269555813,1.0,0.004261131801834184,0.009244537897084178,0.008018897437066701,0.010062684005385077,0.010445345463561472,0.013406066478082799,0.8850389802169488,0.004420957593428865,0.005222672731780736,0.007834009097671103,0.0,0.0,195,189185.27138296072,0.15304168036840818,0.07031941119084514,0.014266570674550998
SPY,2017,2017-07-11,2017-07-12,0.004583180970156198,0.004583180970156198,0.6467594595534635,1.0,0.0007426359673532446,0.007014056948015482,0.005760386925432973,0.005271189518945821,0.005299351444637451,0.007086376399226574,1.323568935046417,0.00369911173528803,0.0026496757223187254,0.003974513583478088,1.0,0.0,490,291860.37874412345,0.37303190059712865,0.16321038101489668,0.010055321388307475
IWM,2017,2017-07-13,2017-07-14,-0.0027563741218971094,0.0027563741218971094,0.23669435428999747,0.0,0.0020538849234408296,0.008356888819294977,0.005586993447152389,0.00784269539847739,0.009664178122013391,0.011645288837434648,0.8647283518356697,0.0,0.004832089061006696,0.0072481335915100436,0.0,0.0,268,77392.02548016107,0.31226229600255456,0.12038975403792591,0.014421851882524709
QQQ,2017,2017-07-13,2017-07-14,0.004467803044854168,0.004467803044854168,0.34307217927586353,1.0,0.0009938197948540228,0.005324057826339009,0.004434114371860814,0.010207926875236776,0.009777932852153533,0.013022924372021488,0.544497278396263,0.004659726524664176,0.0048889664260767665,0.00733344963911515,0.0,0.0,260,209591.65154857014,0.18898611311684277,0.08282943970711788,0.014118917526366154
IWM,2017,2017-07-17,2017-07-18,-0.003660455310415256,0.003660455310415256,0.31861321949640165,0.0,0.003248527085103703,0.008474662113743061,0.002683605783167748,0.007730516138517029,0.009664178122013391,0.011488711347887422,0.8769149333494991,0.003545093759226292,0.004832089061006696,0.0072481335915100436,0.0,0.0,227,67929.21362241279,0.15701245615354045,0.13898708691273381,0.014369386670458426
QQQ,2017,2017-07-18,2017-07-19,0.002934177523656434,0.002934177523656434,0.2432560039640601,1.0,0.007389704263633723,0.010767814897105996,0.004554392669623219,0.009523398552355431,0.009704533627329794,0.012062097032926449,1.1095654165988773,0.004388443114561769,0.004852266813664897,0.007278400220497345,0.0,0.0,199,177622.8722363104,0.2258455930146617,0.20595083222198632,0.014062837248921652
QQQ,2017,2017-07-19,2017-07-20,0.0025698735029604514,0.0025698735029604514,0.21406224298945736,1.0,0.002925593313512609,0.00480636983240841,0.0031327730805444545,0.009346656569219635,0.009704533627329794,0.01200526289490024,0.49527056291224214,0.0006234591900611264,0.004852266813664897,0.007278400220497345,0.0,0.0,215,226045.58414557137,0.11690466026771672,0.08576658527500115,0.015618674918547387
QQQ,2017,2017-07-20,2017-07-21,-0.0036762071584116596,0.0036762071584116596,0.3114237722612655,0.0,0.0012470240870043892,0.006373385036683459,0.003322599061440779,0.009143789879955896,0.009704533627329794,0.011804516821944944,0.6567430524157087,0.002022973657380911,0.004852266813664897,0.007278400220497345,0.0,0.0,238,256148.39111054933,0.13911569975873128,0.09289620540434791,0.01426556537698407
SPY,2017,2017-07-20,2017-07-21,-0.0026709981619056355,0.0026709981619056355,0.4185635552772872,0.0,0.0007278901515277436,0.0038417864482848114,0.0026297528262833212,0.004917771135090416,0.004740615656070951,0.006381344310151825,0.8103982113304046,0.0010561774854198624,0.0023703078280354756,0.0035554617420532134,0.0,0.0,489,488133.59885573504,0.5330521617070528,0.36084334015962877,0.007998658646876405
IWM,2017,2017-07-24,2017-07-25,0.006094536722854649,0.006094536722854649,0.5726667307847971,1.0,0.0030918589625095194,0.005972919106864922,0.005568918841068051,0.007406837580127596,0.008541575167630338,0.010642379581755238,0.6992760690674774,0.0043866098331115655,0.004270787583815169,0.006406181375722754,1.0,0.0,218,63721.79913577362,0.19273609424444224,0.0734322434939158,0.016803184053164028
QQQ,2017,2017-07-24,2017-07-25,-0.0033156798519169417,0.0033156798519169417,0.28449641715701934,0.0,0.004719327863508926,0.0065930805218042164,0.003038443723797893,0.00915759478034038,0.009704533627329794,0.01165455749865191,0.6793814906506028,0.0019443010206043887,0.004852266813664897,0.007278400220497345,0.0,0.0,201,122621.47111009702,0.26740369219220084,0.1508088222071306,0.015487537290231102
SPY,2017,2017-07-24,2017-07-25,0.003484261105433095,0.003484261105433095,0.5520077490330112,1.0,0.00012161772722740771,0.0028364073393794304,0.002505880940037488,0.004929875306344339,0.004740615656070951,0.006311978611779831,0.5983204598641225,0.00048453803102965765,0.0023703078280354756,0.0035554617420532134,0.0,0.0,455,362642.4672573197,0.4629069947891398,0.20300849341686744,0.008947867497958324
QQQ,2017,2017-07-26,2017-07-27,0.006557687851530325,0.006557687851530325,0.6256209379713382,1.0,0.0007598826645878187,0.002901341426380609,0.002844816731647947,0.0078540561590198,0.008534427789968654,0.01048188680000789,0.33995734661799343,0.0009600835455807477,0.004267213894984327,0.00640082084247649,0.0,0.0,253,156143.93417515128,0.33076007199838825,0.18889929242007023,0.013644134174715236
QQQ,2017,2017-07-27,2017-07-28,-0.005973885594913075,0.005973885594913075,0.5492866701010946,0.0,0.012755455472005295,0.025099461516084408,0.004396827841806068,0.007552147323031455,0.008534427789968654,0.010875715578194533,2.9409659480142603,0.0016099320654379135,0.004267213894984327,0.00640082084247649,0.0,0.0,263,168018.69910099282,0.20159763781007722,0.12618072350124124,0.013936956737597511
QQQ,2017,2017-07-28,2017-07-31,0.002850414853642347,0.002850414853642347,0.2864814620745459,1.0,0.005171140480872527,0.008455671993416222,0.004403929315686931,0.006167611177716154,0.008146222805288842,0.009949735780462593,1.0379868308937577,0.001247782847703549,0.004073111402644421,0.006109667103966631,0.0,0.0,217,126658.90594725499,0.14609838220184057,0.06768473718050498,0.016593908727881208
IWM,2017,2017-07-31,2017-08-01,0.004664007403925696,0.004664007403925696,0.4743381626718925,1.0,0.004992312668914756,0.009914243074159945,0.006252640411045025,0.0067721934054084856,0.00848240315017146,0.009832663215740174,1.1688012110058152,0.00021100639855964332,0.00424120157508573,0.006361802362628595,0.0,0.0,232,72708.78763668427,0.24759818536073142,0.06361803167453947,0.016394506495523896
QQQ,2017,2017-07-31,2017-08-01,0.0034211094587768276,0.0034211094587768276,0.3442870325935752,1.0,0.007071086810821026,0.010467899527458838,0.0036245138524648455,0.0063253223875692245,0.008146222805288842,0.009936794403800237,1.2850003956020788,0.00027827223624488084,0.004073111402644421,0.006109667103966631,0.0,0.0,203,152064.98195932677,0.12970906405333196,0.037825446173734054,0.015162431879309895
SPY,2017,2017-07-31,2017-08-01,0.002796135792275667,0.002796135792275667,0.5302203251585074,1.0,0.0024254794703064686,0.003840388757707425,0.0014547068530815306,0.0035155487212896693,0.003932935895411642,0.00527353565980288,0.976468688998418,0.0001616151501162566,0.001966467947705821,0.002949701921558731,0.0,0.0,369,360777.3730552958,0.45520659402270525,0.20874652589756898,0.00925329664223899
QQQ,2017,2017-08-01,2017-08-02,0.006478182992380788,0.006478182992380788,0.6955463394431782,1.0,0.0011133012854882551,0.00445309897169862,0.004102351074768673,0.00559427072032149,0.007214927069482839,0.009313805026372387,0.6172063735105523,0.00020761836913552045,0.0036074635347414195,0.005411195302112129,0.0,0.0,211,167240.4287651461,0.23702051433467416,0.08466682743429171,0.014608826623417672
IWM,2017,2017-08-03,2017-08-04,0.0027234636718773686,0.0027234636718773686,0.2876339097605086,1.0,0.006479661394829694,0.009826186271957598,0.0046476334497740895,0.005793084505209538,0.008541575167630338,0.009468506943930897,1.1503951061855078,0.002930481390734263,0.004270787583815169,0.006406181375722754,0.0,0.0,252,105835.80440013012,0.34757779882240986,0.0984097431301772,0.013739404693249682
IWM,2017,2017-08-08,2017-08-09,-0.006285749162946441,0.006285749162946441,0.6740518489675513,0.0,0.0029200459469826967,0.014956134106940841,0.006107937113389213,0.005393165434882248,0.008415775466519018,0.009325319962513796,1.7771546028576597,0.006074604753441681,0.004207887733259509,0.006311831599889264,1.0,0.0,221,103726.9976155793,0.2835151786739367,0.047685366333167695,0.013344640877950198
QQQ,2017,2017-08-08,2017-08-09,-0.008246153846153792,0.008246153846153792,0.9619643578521987,0.0,0.00020792056799745495,0.010881669930011356,0.003981856726666697,0.004527942974538707,0.0063954555717924255,0.008572203095512999,1.7014690834544566,0.0023110991425947525,0.0031977277858962127,0.004796591678844319,0.0,0.0,203,175576.41016751507,0.3907961846456956,0.06909913298671884,0.013012558965872235
SPY,2017,2017-08-08,2017-08-09,-0.003194990308515,0.003194990308515,0.7087581224155907,0.0,0.0010100602220048938,0.008403708444982573,0.002050654990056418,0.0025169801135930822,0.003505971614403365,0.004507871172785757,2.3969699042793557,0.001666275161251063,0.0017529858072016825,0.002629478710802524,0.0,0.0,473,401120.6880724536,0.35190686382024366,0.19072388322033446,0.00916528637139095
IWM,2017,2017-08-09,2017-08-10,-0.0036745769256182337,0.0036745769256182337,0.3971767446404681,0.0,0.002372066148914942,0.007978728071522395,0.005358355508226907,0.005389033248995533,0.008237114908902367,0.009251742392280621,0.9686313909375336,0.014824631982203629,0.004118557454451183,0.006177836181676775,1.0,1.0,267,104746.84420513226,0.08622574061142413,0.03190186631444892,0.013926000541888037
QQQ,2017,2017-08-09,2017-08-10,-0.005689648162719774,0.005689648162719774,0.6734901918255527,0.0,0.006987143894053416,0.009782065420887569,0.003968080193565621,0.003913743328624556,0.006483232779243838,0.00844800448733707,1.508825265723142,0.017105569398465414,0.003241616389621919,0.004862424584432879,1.0,1.0,251,195970.84082639142,0.1898195224194818,0.07240418711822086,0.013007423143828759
SPY,2017,2017-08-09,2017-08-10,-0.0038827369620513252,0.0038827369620513252,0.8934706784028951,0.0,0.003164680388825225,0.0050716111243115525,0.0020299305978392747,0.0020098594072021875,0.003541663463756154,0.004345679221383998,1.4319856124705856,0.010627806197472722,0.001770831731878077,0.0026562475978171157,1.0,1.0,492,376467.928432677,0.3589437165316248,0.16580208830066423,0.009578768108954142
IWM,2017,2017-08-11,2017-08-14,0.00578876880681789,0.00578876880681789,0.598155224953508,1.0,0.001908776844729898,0.007121365339484795,0.008293341611812903,0.006596018859975022,0.008048034535016076,0.009677703320685405,0.8848577014052997,0.009689653826909117,0.004024017267508038,0.006036025901262057,1.0,1.0,216,92611.2071616863,0.253635381055479,0.21780534877102803,0.01773427084285993
QQQ,2017,2017-08-11,2017-08-14,0.007952073015396355,0.007952073015396355,0.8477684714099212,1.0,0.0062314465033688204,0.010692605527350962,0.011616686081451697,0.006368874153499619,0.006905372631520091,0.009380005607157443,1.5484472884987788,0.006423222763305647,0.0034526863157600457,0.005179029473640068,1.0,1.0,211,168058.32425642095,0.22711710623441625,0.2041650939740944,0.015031696839718986
SPY,2017,2017-08-11,2017-08-14,0.006021633828058537,0.006021633828058537,1.2604172004727705,1.0,0.00040976494949540587,0.004302938420513385,0.006626886008730305,0.0037041939833710653,0.0038054420958505255,0.004777492584042711,1.1307328589246783,0.004886180081175695,0.0019027210479252627,0.0028540815718878943,1.0,1.0,450,279828.9774954473,0.3578949388580902,0.29082053633868427,0.011710376710591577
QQQ,2017,2017-08-14,2017-08-15,0.0025012202367196146,0.0025012202367196146,0.25443663422833196,1.0,0.004887223131485374,0.006702446999330224,0.013082371113423384,0.006989902620815835,0.006960055870283095,0.009830424947670918,0.9629875282966094,6.93725558995606e-05,0.0034800279351415477,0.0052200419027123215,0.0,0.0,213,182989.02806220177,0.1443655079344064,0.12433892275374764,0.013641271302172768
IWM,2017,2017-08-16,2017-08-17,-0.003346963807449699,0.003346963807449699,0.3305987168485495,0.0,0.0016706307154651379,0.008571167948540185,0.012367291441684572,0.007268684082417871,0.008344254473524972,0.010123946757430929,1.0271939782919104,0.0152682892569731,0.004172127236762486,0.006258190855143729,1.0,1.0,244,181544.5201594662,0.4055501004871384,0.3201818165363497,0.01342904043683992
QQQ,2017,2017-08-16,2017-08-17,-0.003881324946851228,0.003881324946851228,0.4060977483929988,0.0,0.0007618298415164038,0.00803382275097189,0.013097475434778457,0.00672935355086794,0.006960055870283095,0.00955761257532287,1.1542756122509574,0.016910771659830903,0.0034800279351415477,0.0052200419027123215,1.0,1.0,232,277086.27926428977,0.42888351324313184,0.3576044565836438,0.012313027526750774
SPY,2017,2017-08-16,2017-08-17,-0.0028346843011320955,0.0028346843011320955,0.5539490414499888,0.0,0.0006879453220243192,0.004532436458298664,0.008696373375443876,0.004193191928726045,0.0038054420958505255,0.005117229364116544,1.1910407106813836,0.012958201500381739,0.0019027210479252627,0.0028540815718878943,1.0,1.0,576,477469.1328047324,0.41975596196994075,0.29504354309462194,0.0100281749116106
IWM,2017,2017-08-17,2017-08-18,-0.003409111984341573,0.003409111984341573,0.3133349640224904,0.0,0.014965711167310713,0.020221962029920285,0.012402098104660352,0.008089655277170097,0.008611376136402,0.010880088007340525,2.3482846074320256,0.002609648943170617,0.004305688068201,0.0064585321023015,0.0,0.0,219,153797.83302013294,0.1737968651835689,0.10901983328682077,0.018118778642912916
IWM,2017,2017-08-21,2017-08-22,0.003189146851158897,0.003189146851158897,0.28919869921564767,1.0,0.0010394193118330453,0.006533557553355347,0.008009413156078294,0.008062506802651158,0.009238885298110705,0.011027528338849258,0.7071802866403613,0.008797889174438023,0.0046194426490553525,0.006929163973583029,1.0,1.0,208,100995.72029239967,0.1761586109305553,0.0348643302561256,0.0191014484727796
QQQ,2017,2017-08-21,2017-08-22,0.0053881211654922545,0.0053881211654922545,0.5048480565533927,1.0,0.0012037825200102992,0.009559595608597909,0.009269445409055062,0.00803201532851525,0.009007633801007065,0.010672758061657323,1.06127711447696,0.010859661317500269,0.004503816900503533,0.006755725350755299,1.0,1.0,204,151582.89389904225,0.18403528490109608,0.05396098397597441,0.016761916985583616
SPY,2017,2017-08-21,2017-08-22,0.0027583921143279344,0.0027583921143279344,0.45457487691770687,1.0,0.0010715236873142242,0.005646204750386045,0.007170857697823431,0.0054618408547516,0.004417687439406024,0.006068069870098199,1.2780905910231624,0.008416421280638131,0.002208843719703012,0.003313265579554518,1.0,1.0,528,283326.9603586872,0.27817187064552196,0.12805941882157218,0.013653893372928213
IWM,2017,2017-08-22,2017-08-23,-0.0055763045291253865,0.0055763045291253865,0.5022390602889825,0.0,0.007614955057866801,0.00968503335646331,0.010474723423328105,0.00820447008675196,0.009755609814210454,0.011102888982622829,0.9927655514015802,0.0023666300535496454,0.004877804907105227,0.007316707360657841,0.0,0.0,213,116022.95956057083,0.13624166152362494,0.058274068994803016,0.017887222732673142
QQQ,2017,2017-08-22,2017-08-23,-0.0050279415925083,0.0050279415925083,0.44790021809566355,0.0,0.009801843407226007,0.011212267287591756,0.012743551234693779,0.008828561432843381,0.00967083051474274,0.011225584157751897,1.1593903202521403,0.0007022815093233881,0.00483541525737137,0.007253122886057055,0.0,0.0,213,167299.0765439154,0.13753224180389018,0.06135564038835108,0.01599212566749484
SPY,2017,2017-08-22,2017-08-23,-0.004522492663422084,0.004522492663422084,0.7034030596698749,0.0,0.0076774441062372745,0.008498550737711717,0.009421325526880162,0.00598083311279738,0.004751390129300483,0.006429446959677153,1.7886451136275996,0.0006962572345821094,0.0023756950646502415,0.003563542596975362,0.0,0.0,582,350585.99388342595,0.3370093881202694,0.15239247118399274,0.010933758773743706
IWM,2017,2017-08-23,2017-08-24,0.004188961819275416,0.004188961819275416,0.37334720208683153,1.0,0.00398442079086303,0.01003468326275313,0.010424313394727071,0.008180439754273874,0.009867197262377517,0.011220016638295752,1.0169740196655659,0.0021223162136136953,0.004933598631188758,0.0074003979467831375,0.0,0.0,252,122034.43741934851,0.15983983317327685,0.07542111668865469,0.017061205015118257
IWM,2017,2017-08-24,2017-08-25,0.0028573476002091702,0.0028573476002091702,0.2643013186922743,1.0,0.0010977305119611591,0.006659751225008065,0.005077183531572879,0.008220845479477755,0.009755609814210454,0.010810947195976636,0.6826586294284931,0.0031413841353189476,0.004877804907105227,0.007316707360657841,0.0,0.0,242,135198.3250941119,0.31445210244871014,0.17203388162735853,0.01603230078468609
QQQ,2017,2017-08-24,2017-08-25,0.0038659101373506033,0.0038659101373506033,0.36286191113954325,1.0,0.005174395236688389,0.011887259726878228,0.007853126417824688,0.008732804583034772,0.00967083051474274,0.010653943052909506,1.2291870598659178,0.0025205526754055185,0.00483541525737137,0.007253122886057055,0.0,0.0,250,191939.99896136994,0.21506630302090657,0.11716966106988654,0.01351370927023729
SPY,2017,2017-08-24,2017-08-25,0.003729613438390622,0.003729613438390622,0.5845451793852537,1.0,0.004122426558514025,0.005836704799107143,0.005653856065614185,0.006034673240462316,0.004751390129300483,0.006380368139059721,1.2284204496519515,0.0028991699941294247,0.0023756950646502415,0.003563542596975362,1.0,0.0,487,342497.06196168874,0.39575993201927423,0.16079579614263192,0.01154338651748733
IWM,2017,2017-08-25,2017-08-28,0.003579706435534513,0.003579706435534513,0.33070877636613627,1.0,0.0,0.006502040896407006,0.004898898169300042,0.008292002493641027,0.009755609814210454,0.010824346649849194,0.6664925125373345,0.001747146405292721,0.004877804907105227,0.007316707360657841,0.0,0.0,208,107664.49017900802,0.12216503397360344,0.03005332937398021,0.017586915970393423
QQQ,2017,2017-08-25,2017-08-28,0.0030287572873426427,0.0030287572873426427,0.2823830452721873,1.0,0.005951589832830728,0.009802505424231066,0.007969093945512698,0.00873960610484258,0.009792285422559319,0.010725705165560637,1.0010436788993307,0.0023877219891375034,0.004896142711279659,0.007344214066919489,0.0,0.0,222,159614.1036690016,0.16800848962847464,0.05598640784720626,0.01594017973404926
IWM,2017,2017-08-28,2017-08-29,-0.00705660681890008,0.00705660681890008,0.6635539767665941,0.0,0.0006552493257563352,0.006114845801472451,0.004479624726799419,0.00839183179894599,0.009168308840363562,0.010634563375365391,0.6669546050359677,0.0019086087776514216,0.004584154420181781,0.006876231630272671,0.0,0.0,207,117938.4480446711,0.20430390714857993,0.05251295679919107,0.017254925833922567
QQQ,2017,2017-08-28,2017-08-29,-0.008566822479674774,0.008566822479674774,0.8175190706295179,0.0,7.029330094132646e-05,0.005547813053251676,0.007886903149991385,0.008733562423594644,0.00967083051474274,0.010479049097995996,0.5736645932109231,0.0009216282791901786,0.00483541525737137,0.007253122886057055,0.0,0.0,219,172148.72371445963,0.26451591212601355,0.07602308026294897,0.014500365398461824
SPY,2017,2017-08-28,2017-08-29,-0.006174141229113306,0.006174141229113306,0.9454335454325026,0.0,0.002447244153883421,0.004527473257909261,0.0055570664414822035,0.006070111696795399,0.004975987031038418,0.0065304867369486595,0.9098643605114948,0.0005351536933770884,0.002487993515519209,0.0037319902732788133,0.0,0.0,503,338862.32160801755,0.37467485759694086,0.17943969508284052,0.010564248233659732
IWM,2017,2017-08-30,2017-08-31,0.0039026419308936244,0.0039026419308936244,0.3718277993126655,1.0,0.007352901152796187,0.00917293608937989,0.002247870936747175,0.008233411943837912,0.009428984722921599,0.010495831506164335,0.9728445170857832,0.007414863956107132,0.0047144923614607995,0.007071738542191199,1.0,1.0,244,144331.04651935655,0.23397966808874962,0.06777083302082604,0.014943298520575993
QQQ,2017,2017-08-30,2017-08-31,0.0028344533661217586,0.0028344533661217586,0.25728606276600646,1.0,0.010902212583121518,0.013208466266121223,0.005885441868005377,0.009147157905921894,0.009792285422559319,0.011016738861209146,1.3488645087582678,0.007927817279942406,0.004896142711279659,0.007344214066919489,1.0,1.0,242,172617.26436910525,0.3187367820459503,0.06123529141784467,0.015759273521908385
SPY,2017,2017-08-30,2017-08-31,0.0028860888976909305,0.0028860888976909305,0.4167764383835426,1.0,0.004819640840404427,0.0069436433211496115,0.0026275571446859017,0.0061595214143656,0.005060318475680522,0.006924789004111069,1.3721751614093451,0.00425584892413533,0.002530159237840261,0.0037952388567603916,1.0,1.0,591,395934.4605942738,0.46030867063137004,0.18978866853212195,0.010567712190870123
QQQ,2017,2017-09-01,2017-09-05,-0.0029451553135702024,0.0029451553135702024,0.26266526869392753,0.0,0.002664112243148331,0.006694417184404744,0.005513247761143084,0.009389329967222509,0.009792285422559319,0.011212579905271238,0.6836419584933919,0.013718670870271676,0.004896142711279659,0.007344214066919489,1.0,1.0,187,158390.77149347402,0.10665159510923586,0.030538534949481045,0.01732786104963869
IWM,2017,2017-09-05,2017-09-06,0.004095762964132499,0.004095762964132499,0.3719651468416018,1.0,0.010381900470556205,0.01642606469735018,0.007593763421409664,0.008772211258679326,0.009428984722921599,0.01101114714351623,1.7420820141344462,0.0018605588708715537,0.0047144923614607995,0.007071738542191199,0.0,0.0,171,134724.7197429753,0.10912434983794807,0.024897696080063193,0.014006936279852876
QQQ,2017,2017-09-05,2017-09-06,0.0025571574465714786,0.0025571574465714786,0.2182293490434047,1.0,0.00604523485976427,0.015662558663054677,0.008648280360146365,0.009541678529340403,0.010247555475791014,0.011717752253675435,1.5284190166187586,0.0027575428236985555,0.005123777737895507,0.00768566660684326,0.0,0.0,181,192918.04640099418,0.34215942025589274,0.10854863795126579,0.014465084247491936
SPY,2017,2017-09-05,2017-09-06,0.003169953617150334,0.003169953617150334,0.41685250684680225,1.0,0.004853178738580821,0.010393947186420801,0.005148128350399182,0.0064854744356299746,0.005741454774746594,0.007604496950561283,1.810333372673749,0.001782541111384317,0.002870727387373297,0.004306091081059946,0.0,0.0,591,381750.58237927855,0.44100715192681117,0.2130384172924104,0.010730191159837033
IWM,2017,2017-09-08,2017-09-11,0.008403951721638991,0.008403951721638991,0.850945056781772,1.0,0.0020874437501674503,0.008277616180094358,0.005765310125930869,0.0073933070642498745,0.008856904393892823,0.00987602155352107,0.93459473106677,0.003775188984977973,0.004428452196946412,0.0066426782954196175,0.0,0.0,172,141507.6466498111,0.10885050100991654,0.08987843782333634,0.012894571242895938
QQQ,2017,2017-09-08,2017-09-11,0.007835722705883397,0.007835722705883397,0.7255923722490927,1.0,0.007365033551901212,0.008879464177870765,0.005810437956992922,0.008363239326467018,0.00953646713436384,0.01079906984357524,0.9311062527415818,0.005366718033235074,0.00476823356718192,0.0071523503507728795,1.0,0.0,195,175068.31902234766,0.19164249646746173,0.16247128121305873,0.014979925747531826
SPY,2017,2017-09-08,2017-09-11,0.005920964572295073,0.005920964572295073,0.8704226880526597,1.0,0.00016228014119978873,0.003285461104290985,0.003998916479859674,0.0056304775301286745,0.0050153280444120135,0.00680240146949945,0.6550839895610788,0.005079865343212919,0.0025076640222060067,0.00376149603330901,1.0,1.0,531,324785.8574118884,0.2441800361255019,0.1996868095260171,0.011539126681595192
IWM,2017,2017-09-11,2017-09-12,0.0025590036188105625,0.0025590036188105625,0.252600055801104,1.0,0.0020656263793259466,0.004914897388746103,0.0073012167789191056,0.0076863408230525634,0.008856904393892823,0.010130653418483442,0.5549227100311835,0.004608686799599804,0.004428452196946412,0.0066426782954196175,1.0,0.0,166,149528.91668448373,0.506610429224438,0.4870617561109291,0.01209516326481159
QQQ,2017,2017-09-11,2017-09-12,0.002810747075023823,0.002810747075023823,0.2572543931222729,1.0,0.0036466134075352485,0.005641888579131007,0.008698523127833048,0.008565793599770635,0.009196401419000268,0.010925943930092094,0.6134887247825608,0.0008887399774226701,0.004598200709500134,0.006897301064250201,0.0,0.0,186,167575.396595769,0.14787460441425565,0.11994026963122924,0.01439741476064287
QQQ,2017,2017-09-13,2017-09-14,-0.003892856662735422,0.003892856662735422,0.3700513902016108,0.0,0.003082804305535314,0.004864059107553712,0.007151677504138236,0.008133593893396556,0.009196401419000268,0.010519773106688026,0.5289089597050755,0.0026122559952135305,0.004598200709500134,0.006897301064250201,0.0,0.0,218,160248.0462659577,0.3891373565887422,0.29641451403079416,0.011313443505182059
SPY,2017,2017-09-14,2017-09-15,-0.005597960402194069,0.005597960402194069,0.8432423807678038,0.0,0.0011609018518414782,0.002882310696184991,0.004819784059099326,0.005725389740912791,0.005071041735353225,0.006638613677240601,0.5683863092844814,0.00048274173734474957,0.0025355208676766123,0.0038032813015149184,0.0,0.0,394,209333.21624633766,0.33566014093487856,0.3054909532310219,0.012849423006617015
QQQ,2017,2017-09-21,2017-09-22,-0.003184318790586227,0.003184318790586227,0.33634865283673165,0.0,0.005438852228108915,0.009018916066049914,0.0039548663598925025,0.006086053127905931,0.008757443264358851,0.00946731542918336,1.0298572076116335,0.0010427103936057058,0.0043787216321794255,0.006568082448269138,0.0,0.0,242,198694.19817242504,0.4788646014874341,0.18450350204286947,0.01164587919681141
QQQ,2017,2017-09-22,2017-09-25,-0.003949607090430685,0.003949607090430685,0.4336902803882695,0.0,0.0022222730848524552,0.004722171359592014,0.002937963008705091,0.006040814074547683,0.00855737409776458,0.009106976266322417,0.5518248128039154,0.011611497717195052,0.00427868704888229,0.0064180305733234355,1.0,1.0,202,155458.21655462412,0.43725383734539686,0.255658880673427,0.01294582269367056
QQQ,2017,2017-09-25,2017-09-26,0.005112014789484753,0.005112014789484753,0.5447539206315973,1.0,0.006608674422554306,0.01203475288722826,0.00473514792640795,0.0065237079563428306,0.00855737409776458,0.009384080767253208,1.406360496775765,0.0018811696144171997,0.00427868704888229,0.0064180305733234355,0.0,0.0,179,169183.1288401528,0.13063797781118638,0.07852138059139625,0.014914483348234696
IWM,2017,2017-09-26,2017-09-27,0.007053483632915025,0.007053483632915025,0.8657900722689491,1.0,0.002217806771840136,0.006722581369725161,0.002076958669798243,0.004561077856518121,0.006653111683790185,0.00814687515927525,1.0104416834162326,0.015312749109179347,0.0033265558418950924,0.004989833762842639,1.0,1.0,179,91190.84901246731,0.427997413002687,0.1856972666352819,0.013584967846131968
QQQ,2017,2017-09-26,2017-09-27,0.0053083363592636434,0.0053083363592636434,0.5586834511871116,1.0,0.0025081907156226935,0.007872952640026739,0.004998307858880486,0.006513259110460977,0.00855737409776458,0.009501509930147905,0.9200196871238069,0.007434220653572021,0.00427868704888229,0.0064180305733234355,1.0,1.0,182,203108.13753537837,0.12721973278783946,0.07876995024145732,0.014111881314724403
SPY,2017,2017-09-26,2017-09-27,0.003211831724252434,0.003211831724252434,0.6292895470621298,1.0,0.0013631478645923512,0.003568275985013816,0.0015294162926159632,0.003737788811810129,0.0034419914195213987,0.0051039012792235845,1.0366893899781937,0.0024411741573224788,0.0017209957097606993,0.002581493564641049,1.0,0.0,489,439940.14447956276,0.5207425646532523,0.32961463983050177,0.008613397133180392
IWM,2017,2017-10-04,2017-10-05,0.0029361839485895214,0.0029361839485895214,0.355891452819372,1.0,0.0015989755495411373,0.00812846459104838,0.005597824080040803,0.005425620693179934,0.00669218135148696,0.008250223278275083,1.2146210875236199,0.0022623701634769677,0.00334609067574348,0.0050191360136152205,0.0,0.0,243,68023.34313405913,0.2023590156769104,0.06494108150340458,0.016014139694245748
QQQ,2017,2017-10-04,2017-10-05,0.003629382892058386,0.003629382892058386,0.4439978790978846,1.0,0.002884404691881226,0.005974830805169649,0.0029471999285355147,0.005548848646663635,0.0070313660526949056,0.008174324840092864,0.8497396893281756,0.006686652182477548,0.0035156830263474528,0.005273524539521179,1.0,1.0,279,197746.41033633403,0.21513944449053207,0.113880611496468,0.013223367254832667
IWM,2017,2017-10-05,2017-10-06,-0.003660241002762188,0.003660241002762188,0.45098505617533907,0.0,0.00019960596604562397,0.0050569552170917935,0.005595474520328954,0.005237584511422524,0.0065785543665317,0.008116102634982029,0.7687031124678363,0.0009360124543216219,0.00328927718326585,0.004933915774898775,0.0,0.0,241,77264.20657746433,0.3145989987868794,0.13997581716877472,0.01504419157838196
QQQ,2017,2017-10-05,2017-10-06,-0.003390749879526367,0.003390749879526367,0.40456252319806046,0.0,0.006140892264368425,0.007710082170079696,0.004062173203954858,0.005928572682168925,0.007791517405053218,0.008381275291449494,0.9895482188205462,0.0,0.003895758702526609,0.0058436380537899135,0.0,0.0,235,158681.82457422835,0.26721921308308444,0.07124753909447584,0.015046248767951248
IWM,2017,2017-10-09,2017-10-10,0.003346048480942221,0.003346048480942221,0.42634237302499156,1.0,0.005060321947338076,0.009987349195131655,0.0031096548050013437,0.005359626888891016,0.0065785543665317,0.007848266305789128,1.5181677673657528,0.0024011247111179745,0.00328927718326585,0.004933915774898775,0.0,0.0,201,79833.56258049866,0.32781617304726923,0.12379875279566764,0.01501114286109209
QQQ,2017,2017-10-09,2017-10-10,0.0033900602168135396,0.0033900602168135396,0.4395722875008912,1.0,0.002434904264390192,0.00480210636299218,0.004191142923348782,0.0049565791335398676,0.006862987797359098,0.00771217911867719,0.6997107535059363,0.0010135407184055367,0.003431493898679549,0.005147240848019324,0.0,0.0,206,148209.8090219633,0.25482419456717703,0.07714971258161323,0.015188254198096827
SPY,2017,2017-10-09,2017-10-10,0.0025595950505403753,0.0025595950505403753,0.6442807445872658,1.0,0.002670572680086414,0.004123642271620942,0.003031788075535351,0.0024824454859755643,0.003354840386338825,0.003972794580691812,1.229161985891412,0.0017674663686348957,0.0016774201931694125,0.002516130289754119,1.0,0.0,378,340920.5779349875,0.4216725622732767,0.19358279511930493,0.009996543140563478
QQQ,2017,2017-10-12,2017-10-13,0.004060302005678196,0.004060302005678196,0.524545208504327,1.0,0.00033826985036022883,0.004938512719235405,0.0019393660177046532,0.004768875042465235,0.007791517405053218,0.007740614040219,0.6338319562801097,0.0009435828958399561,0.003895758702526609,0.0058436380537899135,0.0,0.0,275,185362.14590329368,0.2509395322886598,0.12089220159218689,0.013613989073495114
IWM,2017,2017-10-17,2017-10-18,0.004636801644557265,0.004636801644557265,0.5887650117030321,1.0,0.0030817089884149773,0.008508100998930852,0.0009387033532452717,0.00548342530007357,0.00669218135148696,0.007875470777628388,1.2713494378093035,0.0027424994121028057,0.00334609067574348,0.0050191360136152205,0.0,0.0,226,110913.44644287527,0.31436791476243836,0.23128038576515073,0.011716314893813992
IWM,2017,2017-10-18,2017-10-19,-0.005016051221034767,0.005016051221034767,0.6285748331574128,0.0,0.00013380784254812816,0.005551851712740385,0.0029646934838126657,0.005514484867687741,0.00669218135148696,0.00798003826503599,0.8296026992016285,0.004049443955796539,0.00334609067574348,0.0050191360136152205,1.0,0.0,244,155510.36784376192,0.4482633804472515,0.28546238932722334,0.011585256839875442
QQQ,2017,2017-10-18,2017-10-19,-0.005844384748222242,0.005844384748222242,0.8547266876658226,0.0,0.002211956737411369,0.0038206804403171585,0.002596823063128234,0.004634644329046663,0.005180372124563489,0.006837723488174567,0.7375301133678883,0.004888987572588599,0.0025901860622817444,0.0038852790934226166,1.0,1.0,235,195498.0200896638,0.19577169971887268,0.1465115467729873,0.014506644183191955
SPY,2017,2017-10-18,2017-10-19,-0.003480366750351682,0.003480366750351682,0.9567272844760535,0.0,0.0007033711608999127,0.0017584875301881345,0.001165027678275874,0.0022460076699607435,0.003293969462544298,0.003637783521829511,0.5338505867112258,0.0018871465147269895,0.001646984731272149,0.002470477096908223,1.0,0.0,411,444318.4632193882,0.35295463226992896,0.2423142719847878,0.010530145579212495
IWM,2017,2017-10-19,2017-10-20,0.006832368667242017,0.006832368667242017,0.8372640938406174,1.0,0.0034952544110946615,0.007797295347151544,0.003015246424952403,0.0055297441646650495,0.007224312277743384,0.008160350739396015,1.0793131646832879,0.0006653323474150596,0.003612156138871692,0.005418234208307538,0.0,0.0,250,170609.7278783811,0.47681317086251057,0.30751743249952357,0.010807933436200172
QQQ,2017,2017-10-19,2017-10-20,0.004045621423994561,0.004045621423994561,0.5871574256970832,1.0,0.0021622545682280503,0.007162629361769388,0.0031916080310005436,0.004461146002754657,0.005180372124563489,0.006890181826775896,1.3826476534005614,0.0008729408422982754,0.0025901860622817444,0.0038852790934226166,0.0,0.0,235,226261.97628489684,0.3391220004244665,0.2574694270867261,0.012648355075855664
SPY,2017,2017-10-19,2017-10-20,0.0035576799123664404,0.0035576799123664404,0.9479046479144714,1.0,0.0037671838016724024,0.005807776623257489,0.0004257698262915722,0.0020733776950664466,0.0034134964754883247,0.0037532044179695244,1.7014157374885368,0.001714072537913891,0.0017067482377441624,0.0025601223566162437,1.0,0.0,387,472560.36843100557,0.4698280676263649,0.3226738416660157,0.00974864070776
IWM,2017,2017-10-23,2017-10-24,0.003560384099985159,0.003560384099985159,0.43422039796706835,1.0,0.008591364226242626,0.009656989724833668,0.005227722307982506,0.005926121106722332,0.00669218135148696,0.00819948605973868,1.4430257068105223,0.0026106124321696456,0.00334609067574348,0.0050191360136152205,0.0,0.0,228,107221.81112809769,0.18562781608492104,0.08250179927746061,0.01381854340859163
IWM,2017,2017-10-25,2017-10-26,0.0033008117429258466,0.0033008117429258466,0.4285230444398139,1.0,0.0032899522299715267,0.011951112865041986,0.0049235456584018795,0.0043171643982761795,0.006642780770678373,0.0077027636804009635,1.7991129434520714,0.0026856042025495963,0.0033213903853391864,0.0049820855780087795,0.0,0.0,258,125037.2592241076,0.37072510318935215,0.19331842794072893,0.012441877653070001
SPY,2017,2017-10-25,2017-10-26,0.0027420275977940722,0.0027420275977940722,0.6805190425753617,1.0,0.003474117476358951,0.009017088081180714,0.004149708646282179,0.0027323562236510964,0.0034134964754883247,0.004029317956213424,2.641598767108953,0.0012109156340205374,0.0017067482377441624,0.0025601223566162437,0.0,0.0,673,361154.89235837606,0.2955776060383044,0.14393210728570902,0.010877786611627685
QQQ,2017,2017-10-26,2017-10-27,0.016807198210892604,0.016807198210892604,2.5795996733814452,1.0,0.0025789984625221862,0.005361806465029162,0.003891801686298849,0.003804264948384789,0.005155013557087324,0.006515428880040537,1.040114910591754,0.013986560256443292,0.002577506778543662,0.003866260167815493,1.0,1.0,236,200378.3691410321,0.2689451637517783,0.14822264586229847,0.012067142109698932
SPY,2017,2017-10-26,2017-10-27,0.003325272356436537,0.003325272356436537,0.8179921745666687,1.0,0.001445409461450442,0.0032032190625957252,0.00421130947249257,0.0027327191218247796,0.0034134964754883247,0.004065164019690164,0.9383982334821312,0.005536762276194596,0.0017067482377441624,0.0025601223566162437,1.0,1.0,712,385329.9381854674,0.3386715506405311,0.19384856188059058,0.010571349791841453
IWM,2017,2017-10-27,2017-10-30,-0.006075094760048638,0.006075094760048638,0.771320941094126,0.0,0.006112227118991509,0.01081408219739674,0.0058183451200288505,0.004531864409484476,0.006642780770678373,0.007876221733888179,1.6279450685969856,0.010109271316468327,0.0033213903853391864,0.0049820855780087795,1.0,1.0,236,96817.83214491315,0.3045417848468301,0.07970625096613602,0.013642386547505936
SPY,2017,2017-10-27,2017-10-30,-0.004811572214851956,0.004811572214851956,1.1264313008860949,0.0,0.004834835374402768,0.00881198485151551,0.005246437645915825,0.0031250036587001755,0.0034134964754883247,0.004271518565816651,2.5815128021349114,0.00023399070916441111,0.0017067482377441624,0.0025601223566162437,0.0,0.0,714,269862.8408323734,0.23920372869727596,0.10156135403016442,0.012323375611310057
IWM,2017,2017-10-30,2017-10-31,0.00391327539297226,0.00391327539297226,0.48736341813008294,1.0,0.004500256226299015,0.013836630111714666,0.00684710871613807,0.004290028330779207,0.006642780770678373,0.008029481178515046,2.082957512731772,0.006989774795687076,0.0033213903853391864,0.0049820855780087795,1.0,1.0,232,113972.58063858324,0.2130001380303957,0.08964700961598232,0.014047668042492741
QQQ,2017,2017-10-30,2017-10-31,0.003232652640486222,0.003232652640486222,0.424902046187259,1.0,0.0029775486912153593,0.0079401634981265,0.013642073553651215,0.007281483578521513,0.005155013557087324,0.00760799499436055,1.5402798479957511,0.001972695327943086,0.002577506778543662,0.003866260167815493,0.0,0.0,200,118950.84516918063,0.2961062818767902,0.15806743360681294,0.01624972451350222
IWM,2017,2017-10-31,2017-11-01,0.008307688187053186,0.008307688187053186,1.0078882452563436,1.0,0.0031588227831913507,0.007997866087121854,0.00769649474184312,0.004586109682566139,0.007210537777629764,0.008242668000300202,1.1091913438044423,0.00019932743718853452,0.003605268888814882,0.005407903333222323,0.0,0.0,235,109589.25832631334,0.3504551682165614,0.0852281821007187,0.013594821546470036
QQQ,2017,2017-10-31,2017-11-01,0.00400920561828344,0.00400920561828344,0.5234582527919588,1.0,0.0005259851937475801,0.004866115596333958,0.013539395937818067,0.007291589376802178,0.005155013557087324,0.007659074237342941,0.9439578659582423,0.00045828310248863247,0.002577506778543662,0.003866260167815493,0.0,0.0,204,115755.01637341788,0.24459474864985595,0.16163359880564812,0.01705001375775064
SPY,2017,2017-10-31,2017-11-01,0.0034610720185190846,0.0034610720185190846,0.8029606472403636,1.0,0.00011664507407738167,0.002449665217957788,0.005201492452718464,0.0032185369410861007,0.0034134964754883247,0.00431038809985793,0.7176410567722488,0.0015113320335806701,0.0017067482377441624,0.0025601223566162437,0.0,0.0,719,354605.4764322685,0.40590547317479103,0.20024016294375596,0.01030751136142315
QQQ,2017,2017-11-02,2017-11-03,0.003622969900552997,0.003622969900552997,0.46940770062726994,1.0,0.0007898053246376824,0.008030022243906828,0.0127933610943009,0.007122766025922437,0.005155013557087324,0.0077181731269248864,1.557711178638284,0.006103916198842985,0.002577506778543662,0.003866260167815493,1.0,1.0,262,160790.4349899757,0.27344343633843715,0.16955884319399678,0.013862704981972658
IWM,2017,2017-11-08,2017-11-09,-0.006317885156670533,0.006317885156670533,0.6455705020423733,0.0,0.0036819396744112165,0.010977775604457573,0.0060267937660324795,0.005339875869541017,0.008252983543026353,0.009786514620297577,1.330158426613322,0.006814465180909224,0.004126491771513177,0.006189737657269765,1.0,1.0,279,132974.17346384958,0.19798987558288011,0.06214712980840035,0.01341373316691969
QQQ,2017,2017-11-08,2017-11-09,-0.008220092378387944,0.008220092378387944,1.0456356484450295,0.0,0.004551345476934809,0.005981782514241619,0.0043245148352118986,0.007334319649207881,0.005585721909280794,0.00786133524675836,1.070905893883253,0.007363060368768881,0.002792860954640397,0.004189291431960595,1.0,1.0,229,90867.35393992809,0.19636702564173614,0.06443417244632518,0.016967646778001808
SPY,2017,2017-11-08,2017-11-09,-0.005325824720193717,0.005325824720193717,1.1808246345616402,0.0,0.002476048004939946,0.00413977374227305,0.0015150233489520431,0.002966485370993867,0.004389851069175818,0.00451025881770398,0.9430328448591948,0.005344147733847171,0.002194925534587909,0.0032923883018818635,1.0,1.0,617,336917.83429915237,0.4458035945284075,0.1907146936859658,0.009703408749078704
IWM,2017,2017-11-10,2017-11-13,-0.004366614016889314,0.004366614016889314,0.4291769137917034,0.0,0.0009542593091246276,0.005112125728838299,0.005512925032289789,0.005370091559589589,0.008665544780708741,0.010174391670584138,0.589937027412163,0.002955276122207806,0.004332772390354371,0.006499158585531556,0.0,0.0,226,117546.23600484533,0.22053657355100356,0.20407361458392176,0.014975557159423076
QQQ,2017,2017-11-10,2017-11-13,-0.0037739888073082817,0.0037739888073082817,0.45043193989577596,0.0,0.002282598581797357,0.004826227641863795,0.003678284050446512,0.0074706543027444425,0.005895709933887022,0.008378599457626236,0.8185999134936883,0.0,0.002947854966943511,0.004421782450415267,0.0,0.0,206,88028.23039649829,0.20064846861720706,0.14198097045373836,0.018218876871144072
SPY,2017,2017-11-10,2017-11-13,-0.003022196870721472,0.003022196870721472,0.6093000940891055,0.0,0.0013967537198513735,0.0035696790770058176,0.0021589784201810095,0.0030945362329270676,0.00464764441330206,0.004960112266582875,0.7680620029340047,0.00015551190045615115,0.00232382220665103,0.0034857333099765453,0.0,0.0,583,292357.46607561747,0.36376191285366816,0.30571361307646494,0.01093924214400481
IWM,2017,2017-11-13,2017-11-14,-0.0037514702235051933,0.0037514702235051933,0.3684112608055349,0.0,0.004659822988418272,0.009045483385663324,0.005371114350482053,0.005376862147802516,0.008776792192297088,0.010182832672656548,1.0306138264959779,0.0032282521637840844,0.004388396096148544,0.006582594144222817,0.0,0.0,218,126851.01806721181,0.24623337344795304,0.22665237827895066,0.01379673487939512
QQQ,2017,2017-11-13,2017-11-14,-0.003509412512306631,0.003509412512306631,0.4124448281705431,0.0,0.005029320594221565,0.006335736002827311,0.0033740129733290753,0.007461399158498033,0.006158759258534464,0.008508804748196559,1.0287357788904643,0.004981283806462011,0.003079379629267232,0.004619069443900848,1.0,1.0,198,93739.67988401951,0.15337265221538285,0.1339819442137667,0.014544683295691549
SPY,2017,2017-11-13,2017-11-14,-0.0035612703053305994,0.0035612703053305994,0.7009656682653347,0.0,0.003964047348916644,0.005130027347336795,0.002043018309260963,0.0030909290578281443,0.004760413272539113,0.005080520297297301,1.0776432745723645,0.003469572300621282,0.0023802066362695563,0.0035703099544043345,1.0,0.0,621,325800.2432726458,0.32663909506102873,0.2714427833658079,0.009865470282637501
IWM,2017,2017-11-14,2017-11-15,-0.005881954523362931,0.005881954523362931,0.5820717524152826,0.0,0.0010270379144246,0.0061619140785784815,0.0020388460756588407,0.005373964595372695,0.00852167473639259,0.01010520524137446,0.7230872180867765,0.005882395180038857,0.004260837368196295,0.006391256052294442,1.0,0.0,227,133030.4092414018,0.1510244802039249,0.13173985586470532,0.01351703196133074
QQQ,2017,2017-11-14,2017-11-15,-0.004305026890742303,0.004305026890742303,0.49106901088511395,0.0,0.00013046548113249123,0.006065301406608957,0.003734516596080399,0.007555967128938175,0.006200518704718134,0.008766643374589702,0.9781925828227425,0.005731948373860263,0.003100259352359067,0.004650389028538601,1.0,1.0,216,124416.10012089998,0.2684027548995334,0.21471239132445408,0.014153280959819018
SPY,2017,2017-11-14,2017-11-15,-0.004306894121071214,0.004306894121071214,0.8087937718315329,0.0,0.0012431813824873572,0.005166920752581178,0.0022233732576259937,0.0031587313545251064,0.004997746730944743,0.005325083193108856,1.0338500589853732,0.003872746608242883,0.0024988733654723715,0.0037483100482085573,1.0,1.0,618,374404.74802007,0.48297209899782034,0.39771946860899815,0.009315630813927257
IWM,2017,2017-11-15,2017-11-16,0.003982708312901595,0.003982708312901595,0.3859070651181746,1.0,0.0019263761096608434,0.01176475157936596,0.0018287686587734834,0.005245095020552243,0.009351236555248495,0.010320381959532117,1.2580958154419535,0.014978367293990935,0.004675618277624248,0.0070134274164363715,1.0,1.0,241,193005.48952803016,0.320725587162418,0.22124127883095882,0.014609605771551489
QQQ,2017,2017-11-15,2017-11-16,0.005046230362020898,0.005046230362020898,0.5560948616995482,1.0,0.00039304003270668186,0.007992147196091192,0.00289533906642832,0.007659865527458048,0.006749182682298349,0.009074405662729032,1.1841651904093322,0.009976517822168018,0.0033745913411491746,0.005061887011723762,1.0,1.0,260,186094.97225580103,0.3309455205604788,0.23867428721627343,0.014747493071194112
SPY,2017,2017-11-15,2017-11-16,0.004211459062485323,0.004211459062485323,0.7469054445882651,1.0,0.0007013977055804199,0.0061959175751856,0.002408473906515031,0.0033811163798329927,0.005148474049958987,0.005638543798280796,1.2034473739330507,0.005902530273754092,0.0025742370249794934,0.00386135553746924,1.0,1.0,582,442102.01863251114,0.3035165791272185,0.21322569021032267,0.010941370199855504
IWM,2017,2017-11-16,2017-11-17,-0.003519011013237483,0.003519011013237483,0.3252329187422495,0.0,0.010669567655835266,0.015115186058387069,0.0075570323632137325,0.006347158925346043,0.009921568428531783,0.010819971812343928,1.5234674000654802,0.0005436014952100443,0.004960784214265892,0.007441176321398837,0.0,0.0,252,213810.85318686068,0.27378326971954053,0.227654819817532,0.011501151000875398
IWM,2017,2017-11-20,2017-11-21,0.004480694003978547,0.004480694003978547,0.4068979779778392,1.0,0.005176151525237982,0.008402796760943406,0.0076518856519432535,0.006349805333885504,0.01050011466481332,0.011011836495836747,0.8002576190050394,0.007256966444987523,0.00525005733240666,0.00787508599860999,1.0,0.0,233,97217.71507396529,0.2958246396202509,0.06545383515034547,0.016385273289764423
QQQ,2017,2017-11-20,2017-11-21,0.004745470446920974,0.004745470446920974,0.5259227964596684,1.0,0.001492897125690229,0.0038296530393376856,0.0073107885010887715,0.007873144647722439,0.006200518704718134,0.00902313130152534,0.6176343015340965,0.0065347423756403344,0.003100259352359067,0.004650389028538601,1.0,1.0,220,111179.9164377102,0.17259467771252843,0.1055941492643851,0.013209939517759362
SPY,2017,2017-11-20,2017-11-21,0.003406910276425812,0.003406910276425812,0.6093717473100552,1.0,0.0006197146333517534,0.0025567661914338933,0.00534463680548123,0.003669786053164959,0.004760413272539113,0.005590856962871858,0.5370891233714596,0.003935564318523488,0.0023802066362695563,0.0035703099544043345,1.0,1.0,600,298997.3968218876,0.3258639471406455,0.19766105479683807,0.010167185482339466
IWM,2017,2017-11-27,2017-11-28,0.0035218204528602026,0.0035218204528602026,0.3295230588697554,1.0,0.005353585870825572,0.007799026120162003,0.005814598262762857,0.006513498118725929,0.008724140073303365,0.010687629766911724,0.893959296232268,0.012912176487057447,0.004362070036651683,0.006543105054977524,1.0,1.0,230,110682.02877863508,0.21640477006368702,0.07211980101781022,0.018866586894450584
IWM,2017,2017-11-28,2017-11-29,0.0031401002592077454,0.0031401002592077454,0.293180058766586,1.0,0.012183792119162096,0.015295970687606361,0.00820694160571763,0.006863124157366753,0.008724140073303365,0.010710483763521319,1.75329265223668,0.005673734164304056,0.004362070036651683,0.006543105054977524,1.0,0.0,216,88691.88670247687,0.07055199077708137,0.018813782876208916,0.019745875981279304
IWM,2017,2017-11-29,2017-11-30,0.004759803152959208,0.004759803152959208,0.4488032103855782,1.0,0.00019563571157754645,0.008217097924330972,0.007494533014589783,0.0067548854613689695,0.008724140073303365,0.010605546134284424,0.9418805584605426,0.0029201617807848024,0.004362070036651683,0.006543105054977524,0.0,0.0,239,99469.09373338532,0.2124833983531711,0.05611806376344544,0.019421050277104796
QQQ,2017,2017-11-29,2017-11-30,0.004224580098179498,0.004224580098179498,0.5142953358296074,1.0,0.016303324544806985,0.021290210044674955,0.00871508036533436,0.00650459736375732,0.0061947994691935685,0.008214307624168606,3.43678760717762,0.006083764641934941,0.0030973997345967843,0.004646099601895177,1.0,1.0,263,135009.09015554603,0.15111385201732488,0.06311950570138221,0.014961137059475308
SPY,2017,2017-11-29,2017-11-30,0.003996872386661465,0.003996872386661465,0.7296689745205347,1.0,0.00117860836264283,0.005436821289301013,0.004684100717776391,0.003814534032570455,0.004997746730944743,0.005477651546425979,1.0878545036381366,0.008682051647551203,0.0024988733654723715,0.0037483100482085573,1.0,1.0,548,451637.02389295795,0.261975942427058,0.10121150148634943,0.012659197101562382
IWM,2017,2017-11-30,2017-12-01,-0.0041001604233571465,0.0041001604233571465,0.4106536383388648,0.0,0.0029202607995287844,0.008241429086043129,0.007162973716206233,0.006486212470995607,0.008322112923493268,0.00998447363072858,0.9903048855270434,0.028705911075367574,0.004161056461746634,0.006241584692619951,1.0,1.0,238,114148.88861449374,0.30515072206827065,0.14447677640682996,0.01738645720666866
QQQ,2017,2017-11-30,2017-12-01,-0.006123087242117631,0.006123087242117631,0.7382603176594014,0.0,0.004142122920210989,0.008413714956803632,0.009902738018632543,0.006728518040897449,0.0061947994691935685,0.008293940627244353,1.358190042897211,0.012741379951377585,0.0030973997345967843,0.004646099601895177,1.0,1.0,248,170847.74632425167,0.24878011240572342,0.13409763106040387,0.013051746642156754
IWM,2017,2017-12-01,2017-12-04,0.012285907538441831,0.012285907538441831,1.1079035523806804,1.0,0.0,0.0324141064918258,0.007916648255791248,0.0066107972046690324,0.008322112923493268,0.011089329492663582,3.8949371139054123,0.0032925099142728786,0.004161056461746634,0.006241584692619951,0.0,0.0,206,92947.09291488005,0.07928619335602277,0.030437157914474714,0.02040531130210111
QQQ,2017,2017-12-01,2017-12-04,0.006278731220227929,0.006278731220227929,0.7121090577745294,1.0,0.0018807299005279,0.01932562286190172,0.009670169257368449,0.006802221643820495,0.0061947994691935685,0.00881709220193057,3.1196526954596493,0.0010935170565005148,0.0030973997345967843,0.004646099601895177,0.0,0.0,200,127327.72418541627,0.2510877673830953,0.05228798146853493,0.015560855915051033
SPY,2017,2017-12-01,2017-12-04,0.006995410131176216,0.006995410131176216,1.0922766946327096,1.0,0.001133170794231586,0.017185328694452617,0.005811469523066765,0.004252447944600351,0.004997746730944743,0.006404430457548581,3.438615364009054,0.0018399242944950878,0.0024988733654723715,0.0037483100482085573,0.0,0.0,515,366403.44338304206,0.22494363887971283,0.04962809585785332,0.011818690592367991
IWM,2017,2017-12-04,2017-12-05,-0.006887524255669852,0.006887524255669852,0.5835435375775927,0.0,0.01581663682878809,0.02007747406646055,0.008045533374025412,0.006697060643188388,0.008724140073303365,0.011802931250445098,2.3013699800510294,0.0031804647055571067,0.004362070036651683,0.006543105054977524,0.0,0.0,207,118535.47474149853,0.14741413080344096,0.03902314975715382,0.021032685289705918
SPY,2017,2017-12-04,2017-12-05,-0.0035966235872882946,0.0035966235872882946,0.5379532032992249,0.0,0.008148334384926015,0.010213665448683233,0.005930311070695099,0.004260736124443635,0.005148474049958987,0.006685755499233917,1.9838238183922858,0.0005702322521736747,0.0025742370249794934,0.00386135553746924,0.0,0.0,556,428335.65752846544,0.3312377766853071,0.08823177159868681,0.01128930746419982
IWM,2017,2017-12-05,2017-12-06,-0.0037103132960240037,0.0037103132960240037,0.30565438089355157,0.0,0.0031043675009952976,0.013474297405300262,0.005306608596714704,0.007155902560687801,0.010011629495060449,0.012138917443869952,1.3458645679954726,0.0028009214904505253,0.005005814747530224,0.007508722121295336,0.0,0.0,203,141285.65343919853,0.05861990235058672,0.02144748381502286,0.01928098178122602
QQQ,2017,2017-12-05,2017-12-06,-0.0037300705093665787,0.0037300705093665787,0.3775091079973786,0.0,0.0008514860430244298,0.016046614263630472,0.010107810058859785,0.00696857253658989,0.006330016767302745,0.009880743087640895,2.53500343735551,0.0011837954587692323,0.0031650083836513724,0.004747512575477059,0.0,0.0,195,171631.73284103305,0.17101668808956802,0.08502340322529597,0.014610018470210494
IWM,2017,2017-12-06,2017-12-07,0.007256000060133161,0.007256000060133161,0.616305215289648,1.0,0.0009974988452149391,0.008246362528626086,0.00418555848070277,0.006643227643771345,0.008724140073303365,0.011773387406308128,0.9452349984453687,0.0038332023026441675,0.004362070036651683,0.006543105054977524,0.0,0.0,257,148840.89656302455,0.19870814093478642,0.058208716591769454,0.017416633935582203
SPY,2017,2017-12-06,2017-12-07,0.0031530812970503863,0.0031530812970503863,0.4579867106556223,1.0,0.0002278676846765304,0.0038739824479294524,0.0048616265021942115,0.004373741596638674,0.005301871020941096,0.006884656745905687,0.7306821370471231,0.001363219379626468,0.002650935510470548,0.003976403265705822,0.0,0.0,548,468945.55324535375,0.31619091371015284,0.11100061566419789,0.011197962428241053
IWM,2017,2017-12-07,2017-12-08,0.005817343816811427,0.005817343816811427,0.49099021066607634,1.0,0.00026431357331380134,0.012358701654617088,0.006184082496174882,0.006772620102604824,0.008724140073303365,0.011848186970814814,1.4166097232248482,0.0008544521066555788,0.004362070036651683,0.006543105054977524,0.0,0.0,251,154084.31075030903,0.1778703812392008,0.06008579674768939,0.017424354179958457
QQQ,2017,2017-12-07,2017-12-08,0.00733664194700645,0.00733664194700645,0.7151417053888228,1.0,0.003452985603811687,0.007362074678294455,0.006571175166749224,0.007031348883856586,0.007174832137653414,0.010259004462643547,1.0260971318978176,0.00244927423629826,0.003587416068826707,0.00538112410324006,0.0,0.0,255,204182.76986814322,0.20752564304673582,0.1176289252953142,0.01302509495022215
SPY,2017,2017-12-07,2017-12-08,0.004127679432190723,0.004127679432190723,0.5929859957664003,1.0,0.0,0.00564240615385611,0.0025583322790061467,0.004399973090294266,0.005539613721578561,0.006960837965247281,1.0185558844792986,0.0013576155777295096,0.0027698068607892807,0.004154710291183921,0.0,0.0,534,526431.4281989528,0.4147415699021254,0.15879457835565758,0.009722980659863245
SPY,2017,2017-12-08,2017-12-11,0.003013023100993273,0.003013023100993273,0.44888117047117154,1.0,0.001319980761358197,0.005619211848683178,0.0035682864614057074,0.00437032684100139,0.005528016568992096,0.006712295590012453,1.0164969258961012,0.0002628790689818139,0.002764008284496048,0.004146012426744072,0.0,0.0,386,469266.36932668276,0.35330839682751647,0.14783278775176792,0.007837593270975876
SPY,2017,2017-12-11,2017-12-12,0.0033794972202887408,0.0033794972202887408,0.504131707388276,1.0,0.0,0.0033794972202887638,0.0034727259467803437,0.004364589723040553,0.005528016568992096,0.006703599814811676,0.6113399223955177,0.0004117206416629493,0.002764008284496048,0.004146012426744072,0.0,0.0,540,528667.5742991713,0.5477454460890009,0.21406017665613356,0.007878304895030304
QQQ,2017,2017-12-12,2017-12-13,0.0040465339645017195,0.0040465339645017195,0.40157046233308674,1.0,0.0008984110120220379,0.005069584013669556,0.003286098230958541,0.007198879335617336,0.007174832137653414,0.010076771934349296,0.7065787625977273,0.0010875010298121435,0.003587416068826707,0.00538112410324006,0.0,0.0,209,188361.73209770006,0.3928590180842055,0.34338730339091594,0.012651252968197135
IWM,2017,2017-12-14,2017-12-15,0.006329093335192937,0.006329093335192937,0.5259809989791889,1.0,0.011524530323739568,0.016858725424407348,0.006264103285451452,0.007237003276409199,0.008324579644784745,0.012032931507937142,2.025174380422818,0.01456469317308362,0.0041622898223923725,0.006243434733588559,1.0,1.0,257,190053.07726561328,0.35665475061181057,0.3296044042768711,0.011865486619015483
QQQ,2017,2017-12-14,2017-12-15,0.0039132704082871506,0.0039132704082871506,0.40273324084256573,1.0,0.0024317780454472526,0.0060795915886239695,0.003763707865857675,0.0070235753738769925,0.006942045225585104,0.009716780268994247,0.8757637542056717,0.008498957021972897,0.003471022612792552,0.0052065339191888285,1.0,1.0,247,213748.86271572913,0.28817017594931776,0.2554273674701675,0.01064711888952585
IWM,2017,2017-12-15,2017-12-18,0.00939301513520685,0.00939301513520685,0.7742861587949095,1.0,0.00787820203484868,0.017676253657740268,0.009549516921226997,0.00719567318890206,0.008324579644784745,0.012131193394734108,2.123380928767285,0.00683284352358382,0.0041622898223923725,0.006243434733588559,1.0,1.0,206,43696.836764622654,0.2778321413437359,0.15205381141576946,0.01531182817903062
QQQ,2017,2017-12-15,2017-12-18,0.00450369008154472,0.00450369008154472,0.46984894656970144,1.0,0.007412539859428913,0.01016046738364479,0.005545916865859215,0.00690502575112012,0.006942045225585104,0.009585399976791486,1.4636129632515358,0.002589060751004846,0.003471022612792552,0.0052065339191888285,0.0,0.0,194,51134.603386053306,0.2515683655820496,0.09065883333623735,0.0172558063278064
SPY,2017,2017-12-15,2017-12-18,0.005965991068361376,0.005965991068361376,0.968884988533019,1.0,0.00399320968110195,0.0062158365816819125,0.003011824270977112,0.003923999120163635,0.005528016568992096,0.006157584376856159,1.1244243761040724,0.0018649757128574862,0.002764008284496048,0.004146012426744072,0.0,0.0,399,221393.09992663047,0.34672625337651414,0.1078902090689422,0.00844200711022663
IWM,2017,2017-12-18,2017-12-19,0.002916376794180886,0.002916376794180886,0.23678926438093748,1.0,0.004099725973315094,0.008199352650806277,0.010925075843816082,0.007659324452826688,0.008243895807334607,0.01231633875718762,0.9945968316959198,0.0001292683196183475,0.004121947903667303,0.006182921855500955,0.0,0.0,177,64423.24656273768,0.48424101616315196,0.31338176039023957,0.010970963197876596
IWM,2017,2017-12-19,2017-12-20,0.004376784432526648,0.004376784432526648,0.3493823168309127,1.0,0.010791587521455925,0.012600949584763732,0.01186690070058722,0.007854873145231221,0.008243895807334607,0.012527206506117595,1.5285187827765423,0.0012357882367886042,0.004121947903667303,0.006182921855500955,0.0,0.0,189,74134.08221800243,0.15809402248601856,0.10000499685382978,0.011827314530385448
QQQ,2017,2017-12-19,2017-12-20,0.0034876541686827967,0.0034876541686827967,0.35243074951480874,1.0,0.0040419313152104674,0.007831284083889613,0.006600112154808544,0.00708575096443133,0.007174832137653414,0.009895998500369927,1.0914937009872536,0.0001895657459518585,0.003587416068826707,0.00538112410324006,0.0,0.0,181,76301.13055859978,0.31474479084444007,0.17232150591791762,0.013126893565952322
SPY,2017,2017-12-19,2017-12-20,0.004117137143592853,0.004117137143592853,0.6308982565712457,1.0,0.004879311326683733,0.005363536883494763,0.00451265344393183,0.004129427782721408,0.005528016568992096,0.006525833762750168,0.9702461663338824,0.00022364618127568292,0.002764008284496048,0.004146012426744072,0.0,0.0,589,325594.6477746181,0.5258419253908193,0.20723421095247774,0.007406550441567489
SPY,2017,2017-12-20,2017-12-21,0.0026588452920037753,0.0026588452920037753,0.4117632431419466,1.0,0.004622172755640586,0.006113185216464136,0.004525802154299674,0.003993121379240252,0.005528016568992096,0.00645721864757898,1.1058550820477608,0.0024278196674820673,0.002764008284496048,0.004146012426744072,0.0,0.0,645,468159.76685320446,0.4277441641729464,0.12138835173155378,0.009041217517378243
QQQ,2017,2017-12-22,2017-12-26,-0.005591851377819146,0.005591851377819146,0.5662833752744085,0.0,0.000381396983821114,0.003051272868784306,0.004371049306343534,0.006700233673730765,0.007525459412404201,0.009874652200604437,0.4054600126810728,0.003462703145169721,0.0037627297062021005,0.005644094559303151,0.0,0.0,206,113479.62882616409,0.26988775878700205,0.15240711494187512,0.014775189549613033
QQQ,2017,2017-12-27,2017-12-28,0.003194071939725207,0.003194071939725207,0.3207737471447304,1.0,6.385042428846965e-05,0.003641521297284651,0.0022813604041216425,0.0067986745798280495,0.007525459412404201,0.009957398222754398,0.4838935535659574,0.00019112353138761584,0.0037627297062021005,0.005644094559303151,0.0,0.0,251,142256.24113012795,0.4159982193838789,0.24638611539849967,0.012566997355824942
IWM,2017,2017-12-28,2017-12-29,0.002732050872424896,0.002732050872424896,0.23854855292934307,1.0,0.003197534695969839,0.004829062037570037,0.0021954205130074217,0.006672139128889872,0.008220390868424703,0.011452808406824066,0.587449199784273,0.0,0.0041101954342123515,0.006165293151318528,0.0,0.0,256,128630.91740855898,0.40794522809913125,0.1940143378098284,0.01330328895008718
IWM,2017,2017-12-29,2018-01-02,0.00485366785903274,0.00485366785903274,0.4180158257109911,1.0,0.010963264674224149,0.01141741535207467,0.004461712267604937,0.006914701276054419,0.008222857589716182,0.011611205989096885,1.3884972745184987,0.005026137648821649,0.004111428794858091,0.006167143192287137,1.0,0.0,233,91327.12315098183,0.21258601369718194,0.026454837733674078,0.0170491399097618
QQQ,2017,2017-12-29,2018-01-02,0.0051361266048497445,0.0051361266048497445,0.5780788726368861,1.0,0.007075926849633318,0.007649626987912805,0.00332864557310717,0.005345310073362693,0.007129287766226145,0.008884819784922232,1.0729861437423922,0.012583043251299442,0.0035646438831130724,0.005346965824669609,1.0,1.0,236,103398.97461930627,0.354311213564697,0.0641601146449036,0.014858042544962735
SPY,2017,2017-12-29,2018-01-02,0.003672378925739128,0.003672378925739128,0.638156558609814,1.0,0.006219094459933849,0.007112699337927771,0.002164764596624473,0.003032654952097976,0.004717375551679968,0.005754667684900374,1.5077661848217219,0.0036215697206007924,0.002358687775839984,0.0035380316637599763,1.0,1.0,483,292927.4115867218,0.4209343594066827,0.11358421473381049,0.009933974388422839
IWM,2018,2018-01-03,2018-01-04,0.005906813426783675,0.005906813426783675,0.6038734061092937,1.0,0.001234824510532695,0.006109069157312597,0.006509881265345253,0.007125532822943928,0.007820057957451117,0.009781542566745544,0.78120509982816,0.0011614678606404194,0.003910028978725558,0.0058650434680883375,0.0,0.0,266,104200.43799894289,0.26395120719673515,0.06198327254085074,0.014233602825726846
QQQ,2018,2018-01-03,2018-01-04,0.0034368746857040833,0.0034368746857040833,0.41159926580425565,1.0,0.008761972989134614,0.009833570124783692,0.009234256007920667,0.0059958536799034415,0.007129287766226145,0.008350050574041982,1.379320129476138,0.0013077061444990434,0.0035646438831130724,0.005346965824669609,0.0,0.0,290,100365.81053145709,0.24523811724324718,0.044089485625128176,0.015588973271102226
SPY,2018,2018-01-03,2018-01-04,0.002699046042198283,0.002699046042198283,0.529722816771856,1.0,0.005614254214747039,0.0062463684069530975,0.004468776201981047,0.0035118990741654157,0.004667782441078051,0.0050952044290754495,1.3381875624671278,0.003539791341695464,0.0023338912205390257,0.0035008368308085385,1.0,1.0,496,292384.57167923904,0.32171405418548304,0.10584379881674667,0.011662565230257677
IWM,2018,2018-01-04,2018-01-05,0.0026542607552877406,0.0026542607552877406,0.2800087995930035,1.0,0.0032264308966992727,0.007291666871797619,0.006431800867045103,0.006690537161847383,0.007385443588196011,0.009479204793369864,0.9873024937123244,0.0006456020246268235,0.0036927217940980056,0.005539082691147008,0.0,0.0,268,119438.11691726508,0.40211547966295663,0.07675762225985487,0.013954932840346934
QQQ,2018,2018-01-04,2018-01-05,0.00474087566090331,0.00474087566090331,0.6089497631688131,1.0,0.0016814314944709752,0.0044214189001262,0.009070206288864378,0.005984445142785427,0.006488046221390903,0.0077853313157280005,0.681471547713225,0.005960088231359961,0.0032440231106954515,0.004866034666043177,1.0,1.0,268,112480.90980539698,0.31928796714533747,0.10209081845057143,0.014613218608271115
SPY,2018,2018-01-04,2018-01-05,0.0033136646758311628,0.0033136646758311628,0.6616455349996245,1.0,0.0015117003173963361,0.005973433054091505,0.0043689395354433724,0.0033834897641434342,0.004667782441078051,0.005008217392161564,1.2797153957997893,0.0038530246792467526,0.0023338912205390257,0.0035008368308085385,1.0,1.0,563,290234.2548420181,0.23555887201764236,0.10026905342160301,0.012445616548906115
QQQ,2018,2018-01-09,2018-01-10,-0.004429141434033279,0.004429141434033279,0.5945194684104838,0.0,0.0019033435739388427,0.005955584152969013,0.004577673677391863,0.006227537541632093,0.005767031007744412,0.007449951884460737,1.032695011518301,0.004468726679016211,0.002883515503872206,0.004325273255808309,1.0,1.0,213,88423.68864849114,0.22155010634287456,0.08185776874812042,0.017275957252457896
SPY,2018,2018-01-09,2018-01-10,-0.003132570271629165,0.003132570271629165,0.6195918056283373,0.0,0.0005102574765010193,0.004263897426235931,0.0022329400203901025,0.0034357564048208807,0.004180895197315619,0.005055861364164393,1.0198527408612406,0.0027846226390726425,0.0020904475986578096,0.0031356713979867144,1.0,0.0,554,250979.42482056582,0.3546947020725613,0.12455922660004518,0.011270198573171018
IWM,2018,2018-01-12,2018-01-16,0.004425878427125385,0.004425878427125385,0.4580910908798992,1.0,0.0030442098466805234,0.008815318710132927,0.007463307328850769,0.007238074575591766,0.0077664746925834955,0.009661568441822735,1.1350476321710046,0.003462187143677742,0.0038832373462917478,0.0058248560194376214,0.0,0.0,208,87133.31064770649,0.08392357061639431,0.07833328245335808,0.016070852950899644
QQQ,2018,2018-01-12,2018-01-16,0.006626520162259508,0.006626520162259508,0.8440845900485068,1.0,0.00821337203070871,0.0105424534786954,0.004227290724818274,0.006321527189929925,0.006394456304114813,0.007850540384677208,1.6486864523433153,0.005073054285551271,0.0031972281520574065,0.00479584222808611,1.0,1.0,216,66643.74151719529,0.12135662402272164,0.0854171575433098,0.022142800900569255
SPY,2018,2018-01-12,2018-01-16,0.0051453389705347075,0.0051453389705347075,0.9264822809919111,1.0,0.005426524589877912,0.00734389219551784,0.003636426368842489,0.0038501889054880925,0.005422195290883182,0.005553629115309147,1.3544130746942624,0.0026489716062536584,0.002711097645441591,0.004066646468162386,0.0,0.0,452,173728.295651926,0.1859323570001321,0.09313813890974616,0.015584369418756662
IWM,2018,2018-01-16,2018-01-17,0.004226999261491837,0.004226999261491837,0.4244191246372096,1.0,0.017122001827097333,0.022724415186212262,0.010802579635133334,0.007408999651800201,0.0077664746925834955,0.009959492907170584,2.9259626903713056,0.007270404129215091,0.0038832373462917478,0.0058248560194376214,1.0,1.0,210,109795.56232445102,0.08394547345082576,0.06255203706205356,0.015404275244038566
QQQ,2018,2018-01-16,2018-01-17,0.004755510053524814,0.004755510053524814,0.5644852423616057,1.0,0.009421412859902278,0.017453794888812567,0.00495145987974618,0.006399930670717426,0.006722219893590609,0.008424507315070717,2.5964331969345604,0.00752421244789403,0.0033611099467953046,0.005041664920192957,1.0,1.0,214,86384.05397631094,0.09745921244041456,0.06805549004472575,0.019993316982590128
SPY,2018,2018-01-16,2018-01-17,0.0038271204604178877,0.0038271204604178877,0.6428445206664811,1.0,0.00851979534924574,0.013996791038767647,0.0047460865564247605,0.003796593815819326,0.005422195290883182,0.005953415386429752,2.5813882178500087,0.0072653635310604425,0.002711097645441591,0.004066646468162386,1.0,1.0,456,240742.74558678226,0.27618411323374675,0.20084993124459066,0.01379629966172108
IWM,2018,2018-01-17,2018-01-18,-0.002537710372259472,0.002537710372259472,0.26750469381008785,0.0,0.005229541131826387,0.010586757843119604,0.011173356089441148,0.007061860382344498,0.0077664746925834955,0.009486601285811802,1.3631355617793108,0.005307256437713237,0.0038832373462917478,0.0058248560194376214,1.0,0.0,236,117837.22002493477,0.21884867333118913,0.15904581925208136,0.015701931180528192
QQQ,2018,2018-01-18,2018-01-19,0.0029549524347622924,0.0029549524347622924,0.35225952018407114,1.0,0.0017519999218300608,0.006403658348400385,0.005611792567619017,0.006317622235659325,0.006722219893590609,0.008388566569381004,0.9526106628118547,0.001803878637254508,0.0033611099467953046,0.005041664920192957,0.0,0.0,242,90469.52471428743,0.28318552428328997,0.16987085820777942,0.017278158439902606
QQQ,2018,2018-01-22,2018-01-23,0.0030930542919564985,0.0030930542919564985,0.3659515317601685,1.0,0.011065650417359185,0.012208316058453239,0.006176910079326396,0.0062050608651514575,0.006571566708847683,0.008452087294400439,1.8577481747261992,0.006048412453466545,0.0032857833544238414,0.004928675031635762,1.0,1.0,230,59076.98853727503,0.1306254956789457,0.03342492213055779,0.020927823100545355
IWM,2018,2018-01-23,2018-01-24,0.002500586894822243,0.002500586894822243,0.2682478270984009,1.0,0.004521484525658481,0.010236151887613905,0.007589383346840754,0.006999941414256826,0.0077664746925834955,0.009321927867490077,1.3179920482312006,0.0016837382853158722,0.0038832373462917478,0.0058248560194376214,0.0,0.0,218,55965.5574106584,0.1833078868577151,0.050272747829043306,0.017705418513636943
SPY,2018,2018-01-23,2018-01-24,0.002576795674861465,0.002576795674861465,0.42021162162760506,1.0,0.0019453148813188825,0.004421023000544856,0.0045374569485624044,0.004056863274645981,0.0053726021802812645,0.006132138051967164,0.8228830001169766,0.002394279345340866,0.0026863010901406323,0.004029451635210948,0.0,0.0,438,234535.36910017405,0.2858664851541468,0.15991097060344936,0.014442187102988268
IWM,2018,2018-01-24,2018-01-25,0.004214620140910341,0.004214620140910341,0.4300326758710618,1.0,0.0086679931676098,0.013906279482666536,0.008401296527389265,0.007193956454268692,0.008453752415601982,0.00980069742926704,1.6449830559269207,0.0017539387394600592,0.004226876207800991,0.006340314311701486,0.0,0.0,254,61145.064262079984,0.11199531937683262,0.06532619076189815,0.016639903849428168
QQQ,2018,2018-01-24,2018-01-25,0.006887973617272447,0.006887973617272447,0.7433378565856319,1.0,0.008594757738533687,0.01648321146901892,0.006799622089026966,0.006577466603467947,0.006722219893590609,0.00926627583439773,2.4520488365361355,0.00035382176093823325,0.0033611099467953046,0.005041664920192957,0.0,0.0,297,75554.14979773617,0.1593449478450423,0.07285772494803656,0.020110264787462823
SPY,2018,2018-01-24,2018-01-25,0.003460735262643233,0.003460735262643233,0.532531933968275,1.0,0.0029575254220933767,0.010069769663299833,0.00393261734219366,0.00406210278440869,0.005579366901171742,0.006498643634110029,1.804822991867598,0.0003870543009045768,0.002789683450585871,0.004184525175878806,0.0,0.0,444,234392.5955738022,0.2498199945680148,0.13883346867679464,0.015687537746253376
IWM,2018,2018-01-25,2018-01-26,0.003144060893152112,0.003144060893152112,0.30928602392741067,1.0,0.0038211013072148026,0.010711547617238379,0.007070671767049743,0.007196092958070082,0.009335839958575488,0.010165544673593211,1.14735767373553,0.0010029691176185462,0.004667919979287744,0.007001879968931616,0.0,0.0,272,66244.45027090423,0.13797335180190942,0.08606130145278269,0.01601677028883996
QQQ,2018,2018-01-25,2018-01-26,0.0055835292458450425,0.0055835292458450425,0.5968203548843892,1.0,0.00719467575637045,0.010733073336128874,0.006862412328349985,0.0063129319795122,0.007192372877744184,0.009355460483459272,1.4922854416156461,0.009805680949515061,0.003596186438872092,0.005394279658308137,1.0,1.0,291,94488.11356085661,0.196224674809784,0.09596932706002455,0.017847557819848387
SPY,2018,2018-01-25,2018-01-26,0.0033533789197530695,0.0033533789197530695,0.4995396185960204,1.0,0.0030265197707529667,0.006580782281418763,0.0034500312419573505,0.00399255814951563,0.005792933105258435,0.006712938863944163,1.1360017735135197,0.008372928347625264,0.0028964665526292174,0.004344699828943826,1.0,1.0,464,275997.1772780511,0.2767230567920744,0.18145690916374577,0.014490398358840726
IWM,2018,2018-01-26,2018-01-29,-0.003383512056833071,0.003383512056833071,0.3355683567565681,0.0,0.00043883485710805026,0.005766928953707897,0.004534104171592421,0.007173404770854643,0.009335839958575488,0.010082929420212222,0.6177193460145652,0.0027739405809537043,0.004667919979287744,0.007001879968931616,0.0,0.0,228,56246.01076654445,0.2001152285956093,0.06197700123186574,0.018310041101995213
IWM,2018,2018-01-29,2018-01-30,-0.006553202937187197,0.006553202937187197,0.640600839561003,0.0,0.0022633007410863826,0.0077958349817481625,0.00471611605835708,0.007361480767214534,0.009335839958575488,0.010229775755020924,0.8350437685670966,0.005933822241576792,0.004667919979287744,0.007001879968931616,1.0,0.0,229,62612.11569348408,0.1499366230832417,0.05749628783007624,0.018707282680275782
QQQ,2018,2018-01-29,2018-01-30,-0.009112304504060642,0.009112304504060642,0.9000364719806676,0.0,0.002755474002001712,0.006859342901483172,0.00922970608106675,0.007045037594946027,0.007736139158391517,0.01012437249793625,0.8866622951117329,0.004349873052554187,0.0038680695791957586,0.005802104368793638,1.0,0.0,244,66170.53964128577,0.16320604754165266,0.07930934345551913,0.01919805573011637
SPY,2018,2018-01-29,2018-01-30,-0.0073064023667953615,0.0073064023667953615,0.9851425293252113,0.0,0.004371699478960878,0.0067498783800889585,0.006571498464359097,0.004931005944493755,0.006109900730522301,0.007416594197592906,1.1047443612904573,0.0049072074419396206,0.0030549503652611506,0.004582425547891726,1.0,1.0,676,230186.30697568652,0.23270448409924277,0.08697322040824701,0.016884185426473724
IWM,2018,2018-01-30,2018-01-31,0.003562875960542611,0.003562875960542611,0.3466502456026289,1.0,0.003044595808565753,0.009450751354524783,0.005337790917516896,0.00745971127215819,0.009133035032328856,0.01027801366287447,1.0347875948215772,0.004310844757836163,0.004566517516164428,0.006849776274246642,0.0,0.0,234,77917.09084603426,0.11240228142429766,0.03548575188561816,0.019136504272048254
QQQ,2018,2018-01-30,2018-01-31,0.005631280174436926,0.005631280174436926,0.5408585393610191,1.0,0.0008899074088910552,0.009492677637242417,0.009541644866606016,0.007215079158721356,0.008657664483056323,0.010411743116952227,1.0964478533235233,0.0020041945706590347,0.0043288322415281615,0.006493248362292242,0.0,0.0,256,92502.79556456875,0.21336301864727794,0.10097885623074958,0.017411609341326784
SPY,2018,2018-01-30,2018-01-31,0.0034426504368381128,0.0034426504368381128,0.4483599074114576,1.0,0.002972386127914395,0.012455728724869568,0.008336320788411143,0.005575122307304965,0.006109900730522301,0.007678319091271491,2.0386139274974435,0.002015975610980325,0.0030549503652611506,0.004582425547891726,0.0,0.0,708,302252.35980851564,0.22256258921953392,0.1147863144969967,0.014932064741950092
IWM,2018,2018-01-31,2018-02-01,-0.004029194681205439,0.004029194681205439,0.3809007305343756,0.0,0.008748604252282077,0.015848864669326654,0.0052314906479823545,0.007363024657835569,0.009133035032328856,0.010578070237756636,1.7353338307830088,0.0012859059333369949,0.004566517516164428,0.006849776274246642,0.0,0.0,286,87089.75850585153,0.19489111916587898,0.06754263971026132,0.017742676511521113
QQQ,2018,2018-01-31,2018-02-01,-0.007674072253881725,0.007674072253881725,0.7665188508052924,0.0,0.0014736222162939905,0.009725960593197702,0.009168505539831052,0.006479910182044554,0.008657664483056323,0.010011589729097293,1.1233931058696154,0.00406168881858493,0.0043288322415281615,0.006493248362292242,0.0,0.0,313,99749.25189747287,0.18866612261861665,0.0855423855490673,0.01801390500330551
SPY,2018,2018-01-31,2018-02-01,-0.0029442589224404347,0.0029442589224404347,0.3785420903775064,0.0,0.0029357233317686138,0.009266774008346055,0.008363365820787158,0.005495416869923289,0.00641357534418593,0.007777890483735193,1.4448686592177673,0.0013895349102706067,0.003206787672092965,0.004810181508139447,0.0,0.0,682,272965.85435657715,0.2366297061666257,0.1021635825460641,0.014771064411917645
IWM,2018,2018-02-01,2018-02-02,-0.004590380571792618,0.004590380571792618,0.4246459537377718,0.0,0.007192001584178431,0.01078795338509871,0.005826545973990038,0.007381197090713296,0.009843451621069345,0.01080990065108987,1.0959522940111488,0.017067360235361706,0.004921725810534672,0.007382588715802009,1.0,1.0,275,91267.47172705812,0.17293700605277007,0.09723988434947292,0.016293969686124152
QQQ,2018,2018-02-01,2018-02-02,-0.003929528671868576,0.003929528671868576,0.3866349561880326,0.0,0.0008328339355456738,0.01374180532254864,0.01018285999735931,0.006810394364439279,0.008657664483056323,0.010163407651007955,1.5872416111114434,0.017206796437345906,0.0043288322415281615,0.006493248362292242,1.0,1.0,314,124371.12381146722,0.15168904902006852,0.06421058731322639,0.016255209422479263
SPY,2018,2018-02-01,2018-02-02,-0.005327083143442879,0.005327083143442879,0.6784242852394701,0.0,0.0018144207306280968,0.008467658664366584,0.008331716600498374,0.005468234662199583,0.006665330330753861,0.007852140996931626,1.2704034525185905,0.016956475248029346,0.0033326651653769303,0.004998997748065396,1.0,1.0,714,291909.62918979296,0.19870613746986188,0.09487607610183914,0.014080364612421995
IWM,2018,2018-02-02,2018-02-05,-0.007540815499588738,0.007540815499588738,0.6552741418065989,0.0,0.014731332734435942,0.01690898166326171,0.00812481989168941,0.008630623358455495,0.010411454865366754,0.011507878944831572,1.6240748177767828,0.032530755706334125,0.005205727432683377,0.007808591149025066,1.0,1.0,244,69039.90942198246,0.0987950666340182,0.015176804235070477,0.0201146530639951
QQQ,2018,2018-02-02,2018-02-05,-0.009355405384987137,0.009355405384987137,0.8532144461555354,0.0,0.01607891447900356,0.019306608897907758,0.008647489100184336,0.008455685333080195,0.009609319115220059,0.010964893324464067,2.0091547243267533,0.03208865395075167,0.0048046595576100295,0.007206989336415044,1.0,1.0,263,93231.1762610692,0.18173809462463814,0.042927340966345096,0.017908198845379995
SPY,2018,2018-02-02,2018-02-05,-0.007260845566769425,0.007260845566769425,0.840830916943296,0.0,0.01653090041133576,0.017209395727299147,0.008885447293518004,0.007594942759272514,0.007046885287803399,0.008635321823280532,2.442127979163334,0.03850979735845783,0.0035234426439016996,0.00528516396585255,1.0,1.0,600,225353.20264849722,0.09880175211434337,0.021970084285932362,0.017191776985468848
IWM,2018,2018-02-05,2018-02-06,-0.016157378442627657,0.016157378442627657,1.2322870472174445,0.0,0.031112858171018165,0.038841899174054444,0.015922260697557106,0.012120193830094727,0.010649152730178992,0.01311170029670578,3.647416856364458,0.008943380733536843,0.005324576365089496,0.007986864547634243,1.0,1.0,183,31422.746508810957,0.11374092969218587,0.003064267975143102,0.024125509046031435
QQQ,2018,2018-02-05,2018-02-06,-0.014609142612746373,0.014609142612746373,1.1429035011870523,0.0,0.030355135737435424,0.04752560036740116,0.016386147593232585,0.012191670484003714,0.01013420703594655,0.012782481283479225,4.689622009775943,0.004577636538610319,0.005067103517973275,0.007600655276959913,0.0,0.0,240,63017.99246102142,0.06796690808629692,0.010448240177709584,0.02529457053606127
SPY,2018,2018-02-05,2018-02-06,-0.015117608248776837,0.015117608248776837,1.432592115668217,0.0,0.034814478355343126,0.045858504242551404,0.01746502335824177,0.012039219955392626,0.007905775429942212,0.010552625610204055,5.800633302695092,0.004793158777985251,0.003952887714971106,0.00592933157245666,1.0,0.0,436,97340.502104994,0.11456103229634447,0.024878900990314628,0.02538748658483018
QQQ,2018,2018-02-06,2018-02-07,-0.003203772289339213,0.003203772289339213,0.21519358178047665,0.0,0.041717477067257036,0.04755784942833158,0.02483347843106243,0.01364207054410194,0.010637763407412137,0.014887861723531542,4.47066245101808,0.009925070962419014,0.005318881703706068,0.007978322555559102,1.0,1.0,254,99536.07471798184,0.1910562307860943,0.057671680087349755,0.01918092877243841
QQQ,2018,2018-02-07,2018-02-08,0.0025590686357845893,0.0025590686357845893,0.1638173597498361,1.0,0.009765663130174906,0.02070589185074623,0.0240008422352226,0.013946054033981409,0.011243996391899182,0.015621474059235956,1.8415064474463847,0.0011207068860821234,0.005621998195949591,0.008432997293924386,0.0,0.0,281,107783.67130644285,0.20353629362091794,0.0646340960536992,0.019362475945271795
IWM,2018,2018-02-08,2018-02-09,0.00907585288278212,0.00907585288278212,0.5598999772381112,1.0,0.030335374925799186,0.03040200941123091,0.020952007287462188,0.013965843163466668,0.012221002303424228,0.01620977540944316,2.487685433355373,0.008040392332634871,0.006110501151712114,0.009165751727568172,1.0,0.0,218,51834.15678961407,0.12528552465807102,0.038861000456051904,0.023542435054934596
QQQ,2018,2018-02-08,2018-02-09,0.014141402490071453,0.014141402490071453,0.8093554076399407,1.0,0.04463951180993453,0.04576021869601664,0.027628069618022544,0.01676503364111533,0.011981617753061365,0.017472426027655037,3.8192020175509827,0.010410040012895694,0.0059908088765306825,0.008986213314796024,1.0,1.0,248,51934.76941964899,0.09754433045261045,0.03015788058345127,0.02291291746164817
SPY,2018,2018-02-08,2018-02-09,0.012304401079362481,0.012304401079362481,0.8337300345244077,1.0,0.038729914945676236,0.03947620127731791,0.02519870462955888,0.01529868563847621,0.009329980544602887,0.014758255754071992,4.231112925541276,0.010774531020394162,0.0046649902723014435,0.006997485408452166,1.0,1.0,510,95344.29011978683,0.10861639192411075,0.03575946185940937,0.02037509416775041
QQQ,2018,2018-02-09,2018-02-12,0.010249780795431596,0.010249780795431596,0.5271478824304456,1.0,0.003084507141686066,0.045688220238006526,0.03157024884459485,0.017230640761107634,0.012293457933220321,0.019443843249781052,3.7164661469694646,0.014267596978701613,0.006146728966610161,0.00922009344991524,1.0,1.0,204,61622.48444098054,0.07494011141389519,0.06713412966148967,0.02042117492097982
SPY,2018,2018-02-09,2018-02-12,0.008910082494323568,0.008910082494323568,0.5410500385002259,1.0,0.002684096011488002,0.04098921657581992,0.02871691719839583,0.015665054694190085,0.009731478372079775,0.01646813022880849,4.212023600999882,0.012053304609816795,0.0048657391860398875,0.007298608779059831,1.0,1.0,519,121911.39840687615,0.06495892282237864,0.05624576183070972,0.021064150868103402
IWM,2018,2018-02-12,2018-02-13,-0.005264570464480589,0.005264570464480589,0.2941104728208077,0.0,0.008440004823156544,0.023414119822207896,0.017166840536314655,0.013667869787998407,0.013780165352208142,0.017899976202779173,1.699117479635758,0.0032676038548127284,0.006890082676104071,0.010335124014156106,0.0,0.0,218,63564.84740605542,0.1902792219954143,0.17831572213715408,0.0166893069975474
QQQ,2018,2018-02-12,2018-02-13,-0.005727880854084932,0.005727880854084932,0.2842570918487141,0.0,0.007419138817924775,0.02213056627718534,0.0285261075276478,0.01768179366133234,0.01306020256526802,0.02015035338901376,1.6945040604529997,0.00152171881376173,0.00653010128263401,0.009795151923951015,0.0,0.0,242,91375.14440429545,0.08113134208710185,0.07140098879177406,0.017248415633634627
SPY,2018,2018-02-12,2018-02-13,-0.0051631685237641944,0.0051631685237641944,0.30098785765324143,0.0,0.005723419787277972,0.02027823361940022,0.023756167392663594,0.01601761626277815,0.010573831322655282,0.017154075795683815,1.9177754023702343,0.002506565144616335,0.005286915661327641,0.00793037349199146,0.0,0.0,646,191444.99391175236,0.17352731909155433,0.1505189818505102,0.019102905247179742
IWM,2018,2018-02-13,2018-02-14,-0.005724615228884455,0.005724615228884455,0.32906611313124284,0.0,0.007463636913305871,0.012823987834382612,0.016044878370636305,0.01352284453782302,0.013239019528066179,0.01739655042086112,0.9686508738200954,0.0030575637275820355,0.006619509764033089,0.009929264646049634,0.0,0.0,210,66981.26034228648,0.2592803571239501,0.2447382917013844,0.014845737076206756
QQQ,2018,2018-02-13,2018-02-14,-0.005886420107928503,0.005886420107928503,0.2944300371441684,0.0,0.010952112268979741,0.014497297979234484,0.025213124905462975,0.017742271180596195,0.01306020256526802,0.019992593707571362,1.11003622698688,0.004746835443038,0.00653010128263401,0.009795151923951015,0.0,0.0,243,113146.30460350335,0.24938797107783517,0.22002506833436966,0.015641596576779136
SPY,2018,2018-02-13,2018-02-14,-0.006353392636865629,0.006353392636865629,0.3721012996970908,0.0,0.0076902631735020766,0.012539294401966111,0.021568168662584788,0.016048181881303563,0.010573831322655282,0.017074362927615706,1.1858799350335452,3.787274342537117e-05,0.005286915661327641,0.00793037349199146,0.0,0.0,650,239710.26619019255,0.19352003577738144,0.16712740518035618,0.018247547195892153
IWM,2018,2018-02-14,2018-02-15,0.007079109278373741,0.007079109278373741,0.38722540843228803,1.0,0.023843317057843372,0.02939789645150221,0.018343786726322343,0.014040546973966294,0.013780165352208142,0.01828162389197047,2.1333485992453256,0.004270095199526036,0.006890082676104071,0.010335124014156106,0.0,0.0,264,139369.68759492043,0.17532280269871742,0.15443527121938203,0.01619536509392656
QQQ,2018,2018-02-14,2018-02-15,0.008974715881485018,0.008974715881485018,0.4291179415645621,1.0,0.02475585937499991,0.031055071973425198,0.026052438965099598,0.01810897259790085,0.014119551650891562,0.020914333828045605,2.199437541734143,0.00950406704273532,0.007059775825445781,0.010589663738168671,1.0,0.0,274,183641.14996904848,0.21021704928086538,0.17464527546960412,0.016169413740136345
SPY,2018,2018-02-14,2018-02-15,0.007344526923196648,0.007344526923196648,0.4175451430258888,1.0,0.019976538262145738,0.021565632248805266,0.022489713266513355,0.016220308293904563,0.0112627491940847,0.017589779322953997,1.9147751474508314,0.0054129733809231695,0.00563137459704235,0.008447061895563525,0.0,0.0,640,346586.7672354058,0.16353478220246673,0.11703882205448311,0.016309274439338647
QQQ,2018,2018-02-15,2018-02-16,-0.003258861171261729,0.003258861171261729,0.15089682586350667,0.0,0.00950406704273532,0.01986106079540738,0.0058059530302882415,0.018620112420376644,0.015490254724126701,0.021596618435231522,1.28216489329081,0.0029148105882732533,0.007745127362063351,0.011617691043095027,0.0,0.0,287,181279.93089580472,0.38932055284526007,0.320081203197637,0.01423424736453511
SPY,2018,2018-02-15,2018-02-16,-0.0026004155523292605,0.0026004155523292605,0.14339246083456994,0.0,0.005376114503451435,0.01572345773129564,0.0052240250798744675,0.016539311982918175,0.01249751156341784,0.018134953101399988,1.2581270800597333,0.00018370849731952354,0.00624875578170892,0.009373133672563379,0.0,0.0,652,424748.1775218282,0.37188912648217193,0.3286263775073527,0.012629269873827786
IWM,2018,2018-02-16,2018-02-20,-0.00515190625407369,0.00515190625407369,0.27785807526697326,0.0,0.004783406884342423,0.011467138411644153,0.006345556809830921,0.013929082302495954,0.014238724484624873,0.018541502704658142,0.8053487111171013,0.00580210254787672,0.007119362242312436,0.010679043363468654,0.0,0.0,214,62285.136599707614,0.2076454928964284,0.02784246300961232,0.019665586381870763
QQQ,2018,2018-02-16,2018-02-20,-0.003516014836618786,0.003516014836618786,0.1605367611890006,0.0,0.0012109284560888334,0.012593859196746172,0.010434796482180752,0.018633111752023434,0.015490254724126701,0.02190161811274719,0.8130182118393912,0.0004260685610064652,0.007745127362063351,0.011617691043095027,0.0,0.0,216,72191.66566882502,0.14380210407070546,0.0379935127108924,0.020032530932579864
SPY,2018,2018-02-16,2018-02-20,-0.00395440163374261,0.00395440163374261,0.21414476339585345,0.0,0.0029009180599912643,0.01120012569225435,0.006792785424719094,0.016491808362175456,0.01249751156341784,0.01846602070036507,0.8961884640330208,0.00565618772383325,0.00624875578170892,0.009373133672563379,0.0,0.0,707,181592.58876915893,0.1554075526533406,0.0592241949936324,0.019218801966916457
QQQ,2018,2018-02-20,2018-02-21,0.004900555691720543,0.004900555691720543,0.2226535827933993,1.0,0.005535882566550798,0.014417782253243536,0.010320456594985506,0.018464792599536064,0.015490254724126701,0.022009776937960968,0.9307646975480174,0.009753130991325243,0.007745127362063351,0.011617691043095027,1.0,0.0,258,79935.43717270512,0.2344548745320427,0.08106537131638618,0.0180681796038118
IWM,2018,2018-02-21,2018-02-22,0.00374403602773965,0.00374403602773965,0.19423002848925322,1.0,0.0011808993435477033,0.018370312855234616,0.009949258273505917,0.013867097366261284,0.014873278673356992,0.019276298607693445,1.2351219430953029,0.007983778811561981,0.007436639336678496,0.011154959005017744,1.0,0.0,288,73922.48878444359,0.16305765157460192,0.050080515160851866,0.020344972735108918
QQQ,2018,2018-02-21,2018-02-22,0.0043683165266323876,0.0043683165266323876,0.19449953913791754,1.0,0.007706193451306409,0.01806140812620056,0.01143134066345748,0.018348034488063894,0.01727230979760974,0.022459264150414573,1.045685744283027,0.00531596543737578,0.00863615489880487,0.012954232348207306,0.0,0.0,311,88562.21383698808,0.26043515246952104,0.10358827434937885,0.018024109769455936
SPY,2018,2018-02-21,2018-02-22,0.0038882368376622622,0.0038882368376622622,0.20202977558095617,1.0,0.006803994648929446,0.017579988549454247,0.00951442408159865,0.016362409343142096,0.014131376066630875,0.01924586030193451,1.2440393962033713,0.007192850038920895,0.007065688033315438,0.010598532049973157,1.0,0.0,808,194313.13926323102,0.18914725576159744,0.0794777959554301,0.017149262121764267
IWM,2018,2018-02-22,2018-02-23,0.006447340312756955,0.006447340312756955,0.3344834553627158,1.0,0.005300684323898186,0.013873405870415023,0.00700444578467754,0.013838700777981633,0.014873278673356992,0.019275513360639682,0.932773880937693,0.006798330330549662,0.007436639336678496,0.011154959005017744,0.0,0.0,274,80882.11951245827,0.1396806409384741,0.057566712525727474,0.018258193575434113
QQQ,2018,2018-02-22,2018-02-23,0.008070399310835974,0.008070399310835974,0.3626785830843982,1.0,0.004470159867023482,0.012323265487915793,0.009248924081006141,0.018307363785321763,0.01627935305271752,0.022252208118277356,0.7569874213065649,0.012279499344936662,0.00813967652635876,0.012209514789538141,1.0,1.0,289,106891.39584907464,0.3273501362419252,0.16833955485426214,0.01604734447570321
SPY,2018,2018-02-22,2018-02-23,0.005140586833628502,0.005140586833628502,0.2653557534544397,1.0,0.002582118005426959,0.012578285015711881,0.007526499137862917,0.016376886727154386,0.01415087137350376,0.019372434050166983,0.8888699984414807,0.010743525583552183,0.00707543568675188,0.01061315353012782,1.0,1.0,736,215354.22143945668,0.2115336450222943,0.11939293853843246,0.015593288389578316
IWM,2018,2018-02-23,2018-02-26,0.0035719123718578327,0.0035719123718578327,0.18409875553332042,1.0,0.006536802378926954,0.012223888274301528,0.007763014278819409,0.01424326597755685,0.014873278673356992,0.019402153814186675,0.8218691078651403,0.00472397420116244,0.007436639336678496,0.011154959005017744,0.0,0.0,240,72435.52092037862,0.17321516749276047,0.02919759012109894,0.016911093750407988
QQQ,2018,2018-02-23,2018-02-26,0.004697678263207328,0.004697678263207328,0.20663388009474196,1.0,0.012279499344936662,0.016372727025571354,0.010063471257138034,0.01892198643221983,0.01721706757588596,0.02273430795111351,0.9509590964551258,0.008522651073610499,0.00860853378794298,0.01291280068191447,0.0,0.0,260,80269.5296800177,0.15506110229974038,0.05007608343687142,0.02024956840958229
SPY,2018,2018-02-23,2018-02-26,0.00444105150395524,0.00444105150395524,0.22385208584062322,1.0,0.010743525583552183,0.012730385026299642,0.008829684462326577,0.016866743894904352,0.014226921378797639,0.019839223240998308,0.894809543635471,0.007538205867630321,0.0071134606893988196,0.01067019103409823,1.0,0.0,753,191259.4212651992,0.1809740195217009,0.06398122725355998,0.017087376219977576
QQQ,2018,2018-02-27,2018-02-28,0.005704478888622688,0.005704478888622688,0.2478433473936519,1.0,0.012672359640846897,0.01478433006037002,0.013114837340210982,0.019016872089619115,0.01721706757588596,0.02301646967171651,0.8587019825069859,0.00324964875484679,0.00860853378794298,0.01291280068191447,0.0,0.0,286,98915.96250727557,0.15251549074587992,0.0660549561858203,0.02019018055639233
SPY,2018,2018-02-27,2018-02-28,0.004554895723357655,0.004554895723357655,0.22427208173618776,1.0,0.013232148680779376,0.01639649173476272,0.011675940256105476,0.017013920010657886,0.016059974733029177,0.0203096867345067,1.0209537690642474,0.0018500064537683159,0.008029987366514588,0.012044981049771883,0.0,0.0,788,236469.62792797442,0.14320799676990553,0.06412466092153807,0.016701802464163758
IWM,2018,2018-03-01,2018-03-02,-0.0082693581834683,0.0082693581834683,0.3930827664572664,0.0,0.0006664851814840445,0.021259595978188016,0.012655444780051454,0.014803981496246095,0.017639647259248162,0.021037193408394553,1.2052166160546083,0.002089035243485693,0.008819823629624081,0.013229735444436123,0.0,0.0,258,83017.64278903628,0.19007609118939825,0.0453434061463325,0.019814645636585373
QQQ,2018,2018-03-01,2018-03-02,-0.012037912080317237,0.012037912080317237,0.497938800652091,0.0,0.016855990871358917,0.03030488482806683,0.01623788395575996,0.019280579139614305,0.018684008512054158,0.024175485149083825,1.6219691191274805,0.0033341149898000744,0.009342004256027079,0.014013006384040618,0.0,0.0,281,118443.02967771444,0.26622007967971817,0.13740333987367082,0.01707223809931507
SPY,2018,2018-03-01,2018-03-02,-0.007097588074045702,0.007097588074045702,0.33105980578290733,0.0,0.013669324656495951,0.0264176461110131,0.014494970706170458,0.01723979869753522,0.017394692138376695,0.02143899062968686,1.5187188080627017,0.003700552985599126,0.008697346069188348,0.013046019103782521,0.0,0.0,783,221677.4442595023,0.18744503959126504,0.10089732073649325,0.0176752940517246
IWM,2018,2018-03-02,2018-03-05,-0.0034788234858144085,0.0034788234858144085,0.15848525888935158,0.0,0.024477165122130273,0.029251603168073743,0.01361186207424037,0.015309404021377464,0.019270235144407954,0.021950454636561447,1.5179681487468661,0.0023107288617871813,0.009635117572203977,0.014452676358305966,0.0,0.0,209,84350.67338043662,0.13531555908824408,0.017688990418113663,0.020235198100794695
QQQ,2018,2018-03-02,2018-03-05,-0.004699070748142131,0.004699070748142131,0.18942599527903353,0.0,0.02147695688100959,0.026584566556490385,0.013124505045436502,0.019338048813609062,0.01958383484665757,0.024806894857383095,1.3574750177709782,0.0037669991480147047,0.009791917423328784,0.014687876134993175,0.0,0.0,226,91188.68134854712,0.10053378753499449,0.01726541162894228,0.01922573008717508
SPY,2018,2018-03-02,2018-03-05,-0.005017004806393999,0.005017004806393999,0.22875213603981331,0.0,0.012340101316526964,0.018434891352594695,0.011707155605678827,0.01732199757313917,0.017677098937137474,0.02193205664982648,1.042868596150989,0.00044850955246666935,0.008838549468568737,0.013257824202853105,0.0,0.0,737,200815.41666486175,0.1968932588350835,0.0657261364957904,0.018154904174989484
IWM,2018,2018-03-05,2018-03-06,0.004684053935761767,0.004684053935761767,0.21485114074295886,1.0,0.012448948086349665,0.018376980315740934,0.014021316743426201,0.014864421275457406,0.019273568874661112,0.021801391975691774,0.9534809269237666,0.006216452498852831,0.009636784437330556,0.014455176655995834,0.0,0.0,205,93931.19806205083,0.22882738458130555,0.019531016436570015,0.01629812900842289
QQQ,2018,2018-03-05,2018-03-06,0.004885849112098217,0.004885849112098217,0.19642833882674932,1.0,0.015858574001060166,0.02221413969979135,0.012490644795364955,0.01892872433738601,0.020283476323076803,0.02487344311559626,1.0951840476436479,0.0027275821554404445,0.010141738161538402,0.015212607242307602,0.0,0.0,229,100983.15764665071,0.18805059640637817,0.04360600349099597,0.01912702606584993
SPY,2018,2018-03-05,2018-03-06,0.004077979872906701,0.004077979872906701,0.18691254423539214,1.0,0.016658541336652233,0.0197214696903913,0.011688974946964192,0.01693120449208901,0.017788405927395223,0.02181758260040061,1.1086698701888202,0.00032940673066161885,0.008894202963697612,0.013341304445546417,0.0,0.0,759,234952.7400658922,0.2310718000655713,0.14077834460826769,0.01663343646947273
IWM,2018,2018-03-06,2018-03-07,-0.005856912093187283,0.005856912093187283,0.28289570669833264,0.0,0.006086916311520696,0.016771329798144875,0.012734179134609936,0.011944914391535482,0.018373646585487777,0.02070343223495022,0.9127926631282614,0.0015562539960078947,0.009186823292743888,0.013780234939115833,0.0,0.0,209,97395.87227314773,0.25337969645698205,0.02288383249025422,0.01555591970048883
QQQ,2018,2018-03-06,2018-03-07,-0.007653929853567609,0.007653929853567609,0.3327071437141572,0.0,0.00065224200612235,0.009665015960883937,0.011534624485065434,0.01634521057315035,0.018961234460803972,0.02300500604863304,0.5097250382543992,0.0017369026980802449,0.009480617230401986,0.014220925845602979,0.0,0.0,222,100189.5354781312,0.1597114671105947,0.042937112698241305,0.01675254241284245
SPY,2018,2018-03-06,2018-03-07,-0.009014920151934724,0.009014920151934724,0.4519373955296107,0.0,0.0015367103143612004,0.008086432752900063,0.010894437098129959,0.013852850663372059,0.017677098937137474,0.01994727641727995,0.4574524802772605,0.0008142161760325006,0.008838549468568737,0.013257824202853105,0.0,0.0,760,264177.23674503673,0.2596120372969874,0.16103299254754713,0.01509561787908569
QQQ,2018,2018-03-07,2018-03-08,0.0041438006119773885,0.0041438006119773885,0.19465596816605987,1.0,0.010044799257286963,0.012615848193432361,0.010897205400164806,0.015408212394268627,0.01721706757588596,0.02128781691626499,0.7327524352115562,0.002063260240830367,0.00860853378794298,0.01291280068191447,0.0,0.0,283,106707.13717883716,0.10013456312896392,0.042812950585701115,0.01651590870609207
SPY,2018,2018-03-07,2018-03-08,0.0028227473316138063,0.0028227473316138063,0.15333172813706747,1.0,0.008727110547952055,0.011019822205379611,0.009674502129826438,0.013196124688506413,0.016988240142108483,0.018409414450024815,0.6486735596623073,0.0025223998252503765,0.008494120071054241,0.012741180106581363,0.0,0.0,746,263558.89919560635,0.2892242932701484,0.18443283113909387,0.014386032808133331
IWM,2018,2018-03-08,2018-03-09,0.005689805651878155,0.005689805651878155,0.29323243189351605,1.0,0.003059246311097663,0.012555776273661579,0.006577004768234999,0.011872262229261502,0.017957626119717955,0.019403739262866877,0.6991890904708724,0.010743134369300078,0.008978813059858978,0.013468219589788466,1.0,0.0,255,104956.27668307912,0.18064437452302007,0.04951155584974851,0.015173052821857613
QQQ,2018,2018-03-08,2018-03-09,0.007123552981981085,0.007123552981981085,0.3463647933101892,1.0,0.00135586701007262,0.006072031772966353,0.00360081600835692,0.015006575060315313,0.016162720819261858,0.020566619701447374,0.37568128787636007,0.012217199090484465,0.008081360409630929,0.012122040614446394,1.0,1.0,275,106921.61487777336,0.23376126634294095,0.06297717421809883,0.016501713828594885
SPY,2018,2018-03-08,2018-03-09,0.005837307799662517,0.005837307799662517,0.32692909176168566,1.0,0.002010668379057501,0.006653178167999191,0.004404675803448015,0.013142521688336118,0.016059974733029177,0.0178549659444734,0.414270774306772,0.011497942581793597,0.008029987366514588,0.012044981049771883,1.0,0.0,764,299271.13134994486,0.3527548161766558,0.2350525582761707,0.013044745995602883
QQQ,2018,2018-03-09,2018-03-12,0.0029452211599112488,0.0029452211599112488,0.1530450697592016,1.0,0.012217199090484465,0.013678589102154944,0.0069202989369014836,0.011030236929476304,0.015368522336661191,0.01924414268649887,0.8900393155902205,0.004664003956548646,0.0076842611683305955,0.011526391752495892,0.0,0.0,189,65975.6782109386,0.11381861545913041,0.09847794626381928,0.017725835765343683
IWM,2018,2018-03-12,2018-03-13,0.005025144893802347,0.005025144893802347,0.2921325420542504,1.0,0.00031399090585748635,0.007284071606406986,0.007204099328712325,0.009597670791498893,0.015973358829137824,0.017201592326777322,0.4560137717008984,0.001875019073486417,0.007986679414568912,0.01198001912185337,0.0,0.0,192,80242.52264617101,0.08187836140012386,0.060815026177458605,0.016281174452416183
SPY,2018,2018-03-12,2018-03-13,0.004739362976759143,0.004739362976759143,0.31591115963243543,1.0,0.0024356130502427575,0.006554502184214674,0.007536000198407993,0.009681359122718242,0.012767076123960282,0.015002201828746476,0.5133910161241759,0.002036904415659402,0.006383538061980141,0.009575307092970211,0.0,0.0,649,235799.1778422379,0.1660753948971829,0.13120040073608846,0.014120528650160849
IWM,2018,2018-03-13,2018-03-14,0.004796128200399874,0.004796128200399874,0.28705436701937587,1.0,0.009624958038330078,0.013500022888183593,0.008412666883220803,0.00970182593268971,0.0145243968652729,0.016708083037371594,0.9294721848630745,0.001067693553837401,0.00726219843263645,0.010893297648954674,0.0,0.0,196,93060.82150055167,0.35248285080021896,0.32108157731826287,0.013757544023034052
QQQ,2018,2018-03-13,2018-03-14,0.005241359625499875,0.005241359625499875,0.30460520935195934,1.0,0.015875682493696197,0.022581399231341105,0.011778091528244128,0.011117344488578509,0.014640814019802252,0.017207058397493428,1.5423595437247486,0.0007531712088106879,0.007320407009901126,0.010980610514851689,0.0,0.0,218,93927.83907417925,0.14785146113224115,0.1127745282863734,0.01754717082365851
SPY,2018,2018-03-13,2018-03-14,0.003938986459534055,0.003938986459534055,0.2673224607532599,1.0,0.011149210827676947,0.015651818682572798,0.00907813065041543,0.009514676098755625,0.012767076123960282,0.014734962593247117,1.225951700342622,0.0007558815626633741,0.006383538061980141,0.009575307092970211,0.0,0.0,702,261204.59567476276,0.2642196419963458,0.20569192815007373,0.013626299681749455
IWM,2018,2018-03-16,2018-03-19,-0.003992426303096264,0.003992426303096264,0.2573288102760807,0.0,0.005223642161654718,0.009682789615430487,0.004842413639071438,0.009171691915952752,0.013653096508618533,0.015514882685747097,0.7092009940249243,0.01761088555809187,0.006826548254309266,0.0102398223814639,1.0,1.0,206,24208.022898215168,0.14660652357661177,0.08071790868350255,0.014214622855690383
QQQ,2018,2018-03-16,2018-03-19,-0.01122674611729313,0.01122674611729313,0.7333033759854163,0.0,0.0046560529487594815,0.007333223449690402,0.006943377578846456,0.009988006857504417,0.013147218647793652,0.015309824671414582,0.557777553271395,0.020888714843133593,0.006573609323896826,0.009860413985845239,1.0,1.0,228,36594.04435565752,0.1501129165557373,0.07672103726051069,0.015035986749193788
SPY,2018,2018-03-16,2018-03-19,-0.0030999491818907154,0.0030999491818907154,0.23002865589410332,0.0,0.0010928517048042208,0.004553734061930784,0.0023745066991892405,0.008872264481293598,0.012318399221756142,0.013476360890087613,0.36966930361277833,0.017608558827739706,0.006159199610878071,0.009238799416317106,1.0,1.0,573,118589.91915286153,0.27052862458144195,0.16204650457708256,0.013657942943249714
QQQ,2018,2018-03-20,2018-03-21,-0.0026244390017029495,0.0026244390017029495,0.1643908290850206,0.0,0.0028713030615337143,0.008554122698117584,0.010416004287559167,0.011352940178407935,0.013147218647793652,0.015964631459736887,0.6506412441503834,0.006137579020859318,0.006573609323896826,0.009860413985845239,0.0,0.0,218,51977.229888490154,0.2339845180264255,0.12566976038017316,0.015981901746387004
IWM,2018,2018-03-21,2018-03-22,-0.009481325435853782,0.009481325435853782,0.6133782209557243,0.0,0.005309535141871935,0.013178079977447604,0.006725191542702333,0.009305791175285101,0.01352009890156293,0.015457551494216123,0.9747029273524184,0.015328459597799382,0.006760049450781465,0.010140074176172197,1.0,1.0,272,68145.38083596603,0.1351689888665908,0.06695446156252799,0.01829934590442987
QQQ,2018,2018-03-21,2018-03-22,-0.013838950299147057,0.013838950299147057,0.8745759955537812,0.0,0.0017343970652314855,0.015369846075226255,0.010122592869659918,0.011383238820230542,0.013147218647793652,0.015823610949194003,1.169056854303218,0.012423914865358654,0.006573609323896826,0.009860413985845239,1.0,1.0,279,88069.16419198255,0.1359956446165993,0.05389191682249849,0.018999750315222823
SPY,2018,2018-03-21,2018-03-22,-0.009318452397745314,0.009318452397745314,0.6977704511829884,0.0,0.0017349620941029542,0.01136945973296161,0.005837392105381322,0.009240230359013253,0.012318399221756142,0.013354610218800416,0.9229656815214624,0.017276801957871513,0.006159199610878071,0.009238799416317106,1.0,1.0,657,198323.99489983777,0.19019752410676677,0.06063528898412738,0.016174683174522572
IWM,2018,2018-03-23,2018-03-26,0.013595423156566921,0.013595423156566921,0.8188428436957012,1.0,0.022857479569160843,0.025657739672097005,0.013031378785924926,0.01157111247932415,0.01515575235654357,0.016603214232423898,1.6929373790552305,0.008481876362571139,0.007577876178271785,0.011366814267407679,1.0,0.0,190,53226.121733076434,0.15428199349859778,0.03392230223536529,0.021838131091505657
QQQ,2018,2018-03-23,2018-03-26,0.020251131317329918,0.020251131317329918,1.1929947134082084,1.0,0.025213738934422136,0.029949021325239102,0.013539353710811062,0.012961429573067625,0.014231459581262481,0.01697503860639537,2.1044237349112653,0.0178085880600638,0.0071157297906312405,0.01067359468594686,1.0,1.0,170,53794.26000468086,0.11155724154053193,0.046413838677228245,0.022303855089159677
SPY,2018,2018-03-23,2018-03-26,0.015810956337332316,0.015810956337332316,1.0899679999707585,1.0,0.02316699596352867,0.025400392291276563,0.01169786333930884,0.010901122187528605,0.012431140324710663,0.01450589039105413,2.04328739180794,0.012589126507833504,0.0062155701623553316,0.009323355243532998,1.0,1.0,470,102618.27112860791,0.13355903298116834,0.08895080144544708,0.020459359640002988
QQQ,2018,2018-03-26,2018-03-27,0.0074209322749203555,0.0074209322749203555,0.4070046955724986,1.0,0.016571807170121078,0.03363840217872711,0.025833793382747508,0.015399364302173035,0.015077088067798138,0.018233038477558514,2.2310940963840684,0.0,0.007538544033899069,0.011307816050848603,0.0,0.0,210,81113.10154381045,0.1543615415722296,0.08743893277895493,0.02020128162677364
SPY,2018,2018-03-26,2018-03-27,0.00399844643635805,0.00399844643635805,0.2607363324050576,1.0,0.011368330268342275,0.022965661700434344,0.02098067738980984,0.012472507289500228,0.014227792952096861,0.015335210093184889,1.61414084234686,0.0022541066073185068,0.0071138964760484305,0.010670844714072645,0.0,0.0,641,163833.30127232405,0.17026363249178644,0.06944956973304006,0.02012411898024139
IWM,2018,2018-03-27,2018-03-28,0.0025273003542827244,0.0025273003542827244,0.14505565059726658,1.0,0.02147600529161997,0.02596635519512799,0.020342023900195794,0.012910474380396223,0.017158134591173085,0.017422970727969344,1.513355374219191,0.004046706833769065,0.008579067295586542,0.012868600943379813,0.0,0.0,183,65315.462708709296,0.24592584863081904,0.0839989797892939,0.02029715274036584
QQQ,2018,2018-03-27,2018-03-28,-0.005720415210177188,0.005720415210177188,0.28733607390838206,0.0,0.03948794516933374,0.04794108607350311,0.028454554998326824,0.016721399963291854,0.01566128034408931,0.019908447736364486,3.0611217614526933,0.013650377944496972,0.007830640172044654,0.01174596025806698,1.0,1.0,174,70193.54739184305,0.07051790084302084,0.02440727777231948,0.019854760369909803
IWM,2018,2018-03-28,2018-03-29,0.005122774831799015,0.005122774831799015,0.30137716194416564,1.0,0.0028526464037432753,0.013002564962464939,0.019504650167580746,0.01241436906180633,0.01515575235654357,0.01699788663066673,0.8579293628304119,0.013370427905605942,0.007577876178271785,0.011366814267407679,1.0,1.0,230,71792.4563106292,0.2534930123859693,0.10353323382438706,0.019717455687164993
QQQ,2018,2018-03-28,2018-03-29,0.005405444219495292,0.005405444219495292,0.2665173440564173,1.0,0.005816515012933343,0.023645479777835425,0.02827156127017183,0.016819667053556434,0.017344141562548654,0.020281772800313697,1.3633121992554134,0.02283365256790648,0.008672070781274327,0.01300810617191149,1.0,1.0,176,54242.671898361266,0.21139680145205808,0.12113580564136701,0.02065852464212459
SPY,2018,2018-03-28,2018-03-29,0.004964817810060973,0.004964817810060973,0.3123196970405418,1.0,0.003528335293324525,0.015570577473334133,0.02134757010758755,0.012580336573352764,0.014187172347477527,0.015896588838636382,1.0975109833005288,0.015854835806731415,0.007093586173738764,0.010640379260608145,1.0,1.0,543,115566.43900961724,0.18828406337152834,0.07668998854769332,0.019592107854886034
QQQ,2018,2018-03-29,2018-04-02,-0.007119211608609621,0.007119211608609621,0.34930670816396536,0.0,0.012839966482782739,0.03213157264351127,0.02977678995196309,0.01714810422800692,0.017344141562548654,0.020380975922362897,1.8525893903502977,0.033207697219941545,0.008672070781274327,0.01300810617191149,1.0,1.0,216,57107.896775866866,0.15054400043068147,0.0,0.02149419105589298
IWM,2018,2018-04-02,2018-04-03,0.006008231690483923,0.006008231690483923,0.35290671170736737,1.0,0.022373279395851875,0.03227306303162684,0.01949348458171863,0.013231371995484156,0.01454744407328426,0.017024985615649014,2.218469641061889,0.010602615660685988,0.00727372203664213,0.010910583054963195,1.0,0.0,212,64748.43331963361,0.10635504750784919,0.018469092294841123,0.02057348091463245
QQQ,2018,2018-04-02,2018-04-03,0.008745422534831127,0.008745422534831127,0.41606654406781796,1.0,0.021888237411739397,0.036857666569509735,0.030284712514382844,0.018022895977213585,0.017344141562548654,0.021019288043033907,2.1250787441159265,0.006693460090780423,0.008672070781274327,0.01300810617191149,0.0,0.0,210,57476.84004383056,0.12389410398042561,0.027579866501276532,0.02388345716927999
SPY,2018,2018-04-02,2018-04-03,0.005437502970624841,0.005437502970624841,0.3332244909301118,1.0,0.019348645242640017,0.03222246089205018,0.02046588256130117,0.013378416595239443,0.014187172347477527,0.016317837129700245,2.271239123825779,0.009425590015952556,0.007093586173738764,0.010640379260608145,1.0,0.0,537,116364.20632888083,0.07540672597605518,0.024213646513741822,0.022473181645898926
IWM,2018,2018-04-03,2018-04-04,-0.011647254575707144,0.011647254575707144,0.6874350998549278,0.0,0.008253896740535671,0.015434189946422218,0.017313670521516344,0.013502861962644785,0.014487182430682241,0.016943060629527225,1.0653686470969206,0.0015511952580538058,0.0072435912153411205,0.01086538682301168,0.0,0.0,224,68362.51404416282,0.231477107920705,0.07373644769009269,0.020320396753125743
QQQ,2018,2018-04-03,2018-04-04,-0.019331002113195828,0.019331002113195828,0.9190928335594754,0.0,0.002486131202828812,0.0221839474460325,0.022921909715186903,0.01802990660626972,0.017344141562548654,0.021032698120744188,1.2790455708649473,0.0011685792158919739,0.008672070781274327,0.01300810617191149,0.0,0.0,220,73083.43681300992,0.15268173866193227,0.06573892276591553,0.02251345172352637
SPY,2018,2018-04-03,2018-04-04,-0.01541584224809367,0.01541584224809367,0.9513148966191702,0.0,0.007339567861560203,0.017267359311686957,0.01612952001931856,0.013448929634582761,0.014187172347477527,0.016204773312053927,1.2171107031597517,0.0005845436200959675,0.007093586173738764,0.010640379260608145,0.0,0.0,876,150200.814699089,0.2352216881939315,0.09898816664691894,0.018621477033463556
IWM,2018,2018-04-04,2018-04-05,0.005783317579155511,0.005783317579155511,0.3298186374851691,1.0,0.024646489307133868,0.029023552583122895,0.01606034475841285,0.01359764957486424,0.014487182430682241,0.01753484164282732,2.003395257980202,0.0037245644878789452,0.0072435912153411205,0.01086538682301168,0.0,0.0,285,69107.62244865808,0.10801589461733734,0.03621306341767143,0.020546774155983074
QQQ,2018,2018-04-04,2018-04-05,0.009953651453697088,0.009953651453697088,0.44208653450033136,1.0,0.03579305037458336,0.040137481470693175,0.020436184172588075,0.018456194701208208,0.02024467595201323,0.02251516541879569,1.9826191125920052,0.0015496187761889768,0.010122337976006614,0.015183506964009922,0.0,0.0,287,84059.8735453712,0.2324007654957132,0.1049985113034959,0.019850458391532953
SPY,2018,2018-04-04,2018-04-05,0.007550425909882641,0.007550425909882641,0.4367765878255228,1.0,0.0265238463820594,0.030223872436404578,0.014908113904951953,0.013716805214012326,0.015611198077953466,0.017286700158248354,1.9360379828302547,0.004104789702790601,0.007805599038976733,0.011708398558465099,0.0,0.0,880,156107.88664162197,0.10566987546622666,0.05508379444685315,0.01897137904948122
IWM,2018,2018-04-05,2018-04-06,-0.006843977736211149,0.006843977736211149,0.3993171348631946,0.0,0.002483042991919149,0.008429125344516732,0.016144040420161192,0.013577851915979778,0.01352009890156293,0.017139203752315525,0.6234514559314592,0.021589013425893366,0.006760049450781465,0.010140074176172197,1.0,1.0,300,75572.47747044789,0.1355096192196524,0.05260529438239029,0.02001376397624214
QQQ,2018,2018-04-05,2018-04-06,-0.011017672461365757,0.011017672461365757,0.4886639682621387,0.0,0.00421501225347054,0.01301683555247683,0.019217275679320595,0.018518179009677414,0.02024467595201323,0.022546521079809676,0.6429757425276236,0.019245572915239206,0.010122337976006614,0.015183506964009922,1.0,1.0,290,96621.654136169,0.24735911372539052,0.12741016066840474,0.017841621774636055
SPY,2018,2018-04-05,2018-04-06,-0.008357179258709158,0.008357179258709158,0.4823772418659256,0.0,0.00033902037133182183,0.008736612430302583,0.014731184346557775,0.013880695574806198,0.015611198077953466,0.017324986615002858,0.5596375362529447,0.021007803983466466,0.007805599038976733,0.011708398558465099,1.0,1.0,956,183687.20199502422,0.1618094656574806,0.07149061683038684,0.018258762463967283
IWM,2018,2018-04-06,2018-04-09,0.00691668849368976,0.00691668849368976,0.3863558018769679,1.0,0.013191537515572227,0.027892630676606193,0.01877788663853777,0.014226104588028044,0.014487182430682241,0.017902380293210472,1.9253316378161087,0.00792610472528632,0.0072435912153411205,0.01086538682301168,1.0,0.0,220,63396.633830197316,0.21620176720414427,0.01872720556833606,0.02042224230003419
QQQ,2018,2018-04-06,2018-04-09,0.008618979778086677,0.008618979778086677,0.36335832619993935,1.0,0.014161630984714346,0.028826798151427725,0.021076416855687962,0.019086399434658584,0.021677431150093948,0.023720331024818873,1.3298069292358377,0.018356812468047767,0.010838715575046974,0.01625807336257046,1.0,1.0,211,60712.68614777245,0.0968030569595076,0.023446110427837306,0.022469540269626494
SPY,2018,2018-04-06,2018-04-09,0.006352972003424107,0.006352972003424107,0.3447188956690726,1.0,0.014046055798437984,0.026991059863084494,0.01783621758844216,0.01456442568459869,0.016459588997129876,0.0184294278127501,1.6398380219452036,0.013276203410981902,0.008229794498564938,0.012344691747847407,1.0,1.0,809,132264.50168667137,0.2205134421822442,0.06085855769377121,0.0190849819308319
IWM,2018,2018-04-09,2018-04-10,0.010628445428946476,0.010628445428946476,0.5963479302282436,1.0,0.005680321301330893,0.014398996185302581,0.013959020336050888,0.0136204344493997,0.0149165930658624,0.017822557755635356,0.965300596572258,0.011896921032306107,0.0074582965329312,0.0111874447993968,1.0,1.0,218,69028.02582267617,0.22261083754766028,0.03193573830752822,0.01967711720856801
QQQ,2018,2018-04-09,2018-04-10,0.015723141149461828,0.015723141149461828,0.6522597861141661,1.0,0.0015824788375812249,0.021648298907689732,0.016124026702145845,0.0184813182113017,0.02191612317686112,0.0241056423900243,0.9877795782123476,0.009487478621647893,0.01095806158843056,0.01643709238264584,0.0,0.0,222,74254.37825154932,0.13677489933694903,0.04677026095755916,0.022186651371284883
SPY,2018,2018-04-09,2018-04-10,0.01252869353897279,0.01252869353897279,0.67558389947618,1.0,0.001415599051534655,0.018747346627478876,0.014339576297483576,0.013915875794282176,0.018007352969582918,0.018544985380331034,1.0410939719538967,0.006697769723517322,0.009003676484791459,0.013505514727187189,0.0,0.0,803,142024.36768277542,0.21142605105007897,0.05740732396982564,0.019617799892353845
IWM,2018,2018-04-10,2018-04-11,-0.003911892583221999,0.003911892583221999,0.21042780612416975,0.0,0.00815042393938925,0.014986188960455626,0.014968245285314758,0.014423089774968163,0.01521018945343892,0.018590188508231936,0.985272997836812,0.0009827287668604523,0.00760509472671946,0.01140764209007919,0.0,0.0,238,69814.86633393806,0.12025173519182772,0.019224021614565462,0.020007609978251156
QQQ,2018,2018-04-10,2018-04-11,-0.006265180345892962,0.006265180345892962,0.25068257959919726,0.0,0.006241807365915619,0.016603135209094736,0.01811810626194229,0.01931003167468635,0.02191612317686112,0.0249924839448757,0.7575762864220531,0.0006245524104597777,0.01095806158843056,0.01643709238264584,0.0,0.0,229,82286.93269915294,0.17870917838930866,0.03846190120001818,0.01977934808615039
SPY,2018,2018-04-10,2018-04-11,-0.006336008728844766,0.006336008728844766,0.3303033821070182,0.0,0.003329946340471457,0.011579058106501236,0.014931589347314696,0.014556918522389412,0.018007352969582918,0.019182391316816434,0.6430183340138874,0.0003036811109653481,0.009003676484791459,0.013505514727187189,0.0,0.0,833,175550.73621763007,0.18509573084823125,0.06329154993332045,0.019164959122332903
IWM,2018,2018-04-11,2018-04-12,0.004684053935761767,0.004684053935761767,0.25374826063351485,1.0,0.006087236169662447,0.010996155839797695,0.014195887347253872,0.01443159612678304,0.01521018945343892,0.01845945238823482,0.7229466716018806,0.006345988686184967,0.00760509472671946,0.01140764209007919,0.0,0.0,282,69037.06676053669,0.14187919896906379,0.031699301896042885,0.017699423469588554
QQQ,2018,2018-04-11,2018-04-12,0.006051916821129932,0.006051916821129932,0.2475210346013883,1.0,0.0004993872195924176,0.01186013690810637,0.017498662470310955,0.01917630254065663,0.021409606880922565,0.02445011120317929,0.553963320021283,0.009426383085028966,0.010704803440461283,0.016057205160691923,0.0,0.0,284,92779.91715266884,0.24586837979994602,0.10414692372096143,0.018206632258146074
SPY,2018,2018-04-11,2018-04-12,0.005686987960505707,0.005686987960505707,0.3021717997650591,1.0,0.0011007270033711603,0.008539871672582654,0.014690558106965384,0.014541346548653567,0.018007352969582918,0.018820379548744735,0.47424358743940653,0.006559564843235943,0.009003676484791459,0.013505514727187189,0.0,0.0,818,173560.07874842192,0.21424535940765524,0.06913142180623695,0.018433758249843297
IWM,2018,2018-04-12,2018-04-13,0.0034246497680863186,0.0034246497680863186,0.18624698671236975,1.0,0.002136902458756973,0.00958370171936316,0.014052419710701682,0.014523289987368288,0.01521018945343892,0.018387678794369818,0.6300843095150501,0.0002576376241330003,0.00760509472671946,0.01140764209007919,0.0,0.0,279,76408.81105522635,0.36823092215032843,0.09682352318823044,0.014420500620232677
QQQ,2018,2018-04-12,2018-04-13,0.004993511651981919,0.004993511651981919,0.20216790871608767,1.0,0.005953530008478758,0.009984499909156976,0.018160252132203368,0.01947213763962098,0.021409606880922565,0.024699823447224274,0.46635605990756673,0.001472152055485676,0.010704803440461283,0.016057205160691923,0.0,0.0,286,103527.01904943126,0.23973027573262035,0.09973324990349129,0.01735961856970566
SPY,2018,2018-04-12,2018-04-13,0.005565415812772034,0.005565415812772034,0.29557254624553536,1.0,0.002525759200371791,0.007313588064481986,0.01473490129992658,0.014710014334464101,0.018007352969582918,0.018829271809800572,0.4061445386690491,0.0004861631241619424,0.009003676484791459,0.013505514727187189,0.0,0.0,829,203197.43901310928,0.2351237831357715,0.09643610078111212,0.01680941938866034
IWM,2018,2018-04-13,2018-04-16,0.00578109390900261,0.00578109390900261,0.31394196545440894,1.0,0.00862899346915158,0.011720055398967385,0.008980956835724585,0.014526768175479899,0.01521018945343892,0.01841453053475945,0.770539738169899,0.00632918502651969,0.00760509472671946,0.01140764209007919,0.0,0.0,233,66938.4234157444,0.1053631918055281,0.0968106586249027,0.015616111629120574
QQQ,2018,2018-04-13,2018-04-16,0.007002571215249054,0.007002571215249054,0.27984037788287586,1.0,0.010121513385042746,0.015887598270221334,0.011821901420564884,0.019475231470164788,0.021409606880922565,0.025023448253703773,0.7420780007118336,0.004246168870192246,0.010704803440461283,0.016057205160691923,0.0,0.0,235,73886.01335568872,0.2351001672407525,0.2071244538841189,0.01699173528617779
SPY,2018,2018-04-13,2018-04-16,0.006977205906472328,0.006977205906472328,0.3653551735934612,1.0,0.008451478010077285,0.013200698294583127,0.008568561871590512,0.014712246133134118,0.018007352969582918,0.01909704969508936,0.7330726685305197,0.004494427741690066,0.009003676484791459,0.013505514727187189,0.0,0.0,800,172770.03445152802,0.2342324387127696,0.19706242101978377,0.016663618673849512
IWM,2018,2018-04-16,2018-04-17,0.005406523930480356,0.005406523930480356,0.2916525707712041,1.0,0.0034228803399110053,0.011043701590741608,0.008901400050905166,0.014633532659884497,0.01521018945343892,0.018537549373160406,0.72607258604821,0.00819408952232803,0.00760509472671946,0.01140764209007919,1.0,0.0,226,70400.9175040661,0.4332570559095692,0.4063834933235176,0.012927460604672524
QQQ,2018,2018-04-16,2018-04-17,0.010086096728707084,0.010086096728707084,0.39992309228756484,1.0,0.0006154221754808287,0.010523118239182692,0.011837440781077688,0.019615818735574473,0.021409606880922565,0.025220090870508353,0.4915138469244625,0.013516811656436145,0.010704803440461283,0.016057205160691923,1.0,0.0,223,82403.52761621759,0.27603576710806077,0.24586457115863725,0.015678722814552185
SPY,2018,2018-04-16,2018-04-17,0.007481390418053069,0.007481390418053069,0.38474768151945715,1.0,0.0012359047650398747,0.007977546377574906,0.008765172658819573,0.014874496772364203,0.018007352969582918,0.019444926577614024,0.44301604966871927,0.005717924559835996,0.009003676484791459,0.013505514727187189,0.0,0.0,694,188728.32861442913,0.1923832318353865,0.15674778490623908,0.01517538841177087
IWM,2018,2018-04-17,2018-04-18,0.0029288598052827908,0.0029288598052827908,0.1612957213203929,1.0,0.005441334153986066,0.009794499158427172,0.006486846355497075,0.014691189264594442,0.014692592572879103,0.018158322993980684,0.6666283782010489,0.00545962790138077,0.007346296286439551,0.011019444429659327,0.0,0.0,214,63835.48817656523,0.11874540517974447,0.10434579928158252,0.014294265903950583
QQQ,2018,2018-04-18,2018-04-19,-0.005046841658070345,0.005046841658070345,0.20256253159489584,0.0,0.002046937540018723,0.010174607942837878,0.010096606296210068,0.01966941109083115,0.020483367978780392,0.024914981158329453,0.49672534093896054,0.0076670913575680455,0.010241683989390196,0.015362525984085294,0.0,0.0,277,121654.6380816942,0.22426798972984624,0.1928908176746701,0.016095046959394316
SPY,2018,2018-04-18,2018-04-19,-0.00273686420304875,0.00273686420304875,0.14372585615272557,0.0,0.001108233736979991,0.005282768712859232,0.00579536657575127,0.014796575289561353,0.016418968392510544,0.01904225360912452,0.3217479068458983,0.007208996963175007,0.008209484196255272,0.012314226294382908,0.0,0.0,730,283005.0340409633,0.2707746612061724,0.21495271975535943,0.01358546814043115
QQQ,2018,2018-04-19,2018-04-20,-0.0025468325730308994,0.0025468325730308994,0.10278037879236966,0.0,0.004166681255886706,0.009963823034173236,0.012045103846455725,0.01975305281522087,0.020483367978780392,0.024779365506872156,0.48643480137129746,0.01706554033597274,0.010241683989390196,0.015362525984085294,1.0,1.0,274,132844.7930580132,0.21913853215947632,0.1726100392528916,0.014973573695039067
QQQ,2018,2018-04-20,2018-04-23,0.00486748780824664,0.00486748780824664,0.19910774928033345,1.0,0.013313893660835574,0.01750869224046678,0.014602978755776663,0.019274005526705783,0.01957849557407826,0.0244465010821526,0.8942817988348463,0.003924209970073811,0.00978924778703913,0.014683871680558694,0.0,0.0,217,57475.82720693387,0.13906652519302645,0.04617012328591321,0.022723011749988024
IWM,2018,2018-04-23,2018-04-24,0.0037341394856809096,0.0037341394856809096,0.22501797973536378,1.0,0.002952827440510064,0.011041121937296151,0.007148410967477481,0.01265434490715666,0.012361310180716161,0.016594849398579206,0.8931999744266975,0.004682559428532462,0.006180655090358081,0.00927098263553712,0.0,0.0,222,61348.59746733705,0.24890459404826965,0.08413959982069102,0.01882950519876949
QQQ,2018,2018-04-23,2018-04-24,0.004756342426116333,0.004756342426116333,0.19996673131387496,1.0,0.007357881998820037,0.016616540044942743,0.014192772167619213,0.01826813336084949,0.01706261614270476,0.02378566872031632,0.9738565238746967,0.0015369482009808255,0.00853130807135238,0.01279696210702857,0.0,0.0,240,64350.24205941903,0.09355951957019266,0.03307819770803074,0.020792708397223962
SPY,2018,2018-04-23,2018-04-24,0.004351591065151261,0.004351591065151261,0.2485786274564124,1.0,0.0025817646344148404,0.009503885550065452,0.007351927942770895,0.012817820625782062,0.013017543891469996,0.017505893848071476,0.7300828504440888,0.0009337765276256071,0.006508771945734998,0.009763157918602498,0.0,0.0,623,160433.83653478674,0.16102876393951693,0.10327483876573991,0.015918678659916172
QQQ,2018,2018-04-25,2018-04-26,0.012921545103212528,0.012921545103212528,0.5859900007376904,1.0,0.0005670378831098555,0.017890867075804187,0.00921703123620302,0.015204995866036465,0.01706261614270476,0.022050794530531017,1.048541848809835,0.011387690515290316,0.00853130807135238,0.01279696210702857,1.0,0.0,297,91847.51510976844,0.18101049458637525,0.10547621068486773,0.017593230509510928
SPY,2018,2018-04-25,2018-04-26,0.004400120019058651,0.004400120019058651,0.2673112393598544,1.0,0.0027385843470166815,0.012475747341711321,0.006392280056579878,0.011052841513967699,0.012655068415034092,0.016460662221296312,0.9858300984679198,0.009290348486320488,0.006327534207517046,0.009491301311275568,1.0,0.0,764,165294.97046240408,0.12339829879720658,0.06622882120160696,0.016311303384986976
QQQ,2018,2018-04-26,2018-04-27,0.014692200403214839,0.014692200403214839,0.66486252554915,1.0,0.008027433537147743,0.014623560349366457,0.016512432441736075,0.015647717076906806,0.016609837627018738,0.02209810274850378,0.8804156113831443,0.00024340540311729164,0.008304918813509369,0.012457378220264053,0.0,0.0,276,90456.00065694482,0.1705676801178933,0.11520410925874278,0.01928906015161811
SPY,2018,2018-04-26,2018-04-27,0.002590974607532104,0.002590974607532104,0.15829268217172862,1.0,0.005740356375319999,0.011178637258044273,0.009285045309498884,0.011216632195306057,0.012027402724106278,0.01636825260640417,0.9294306937639295,0.0012733945239349342,0.006013701362053139,0.009020552043079708,0.0,0.0,745,190177.83173987313,0.30425035811896156,0.17134229574560358,0.015086230775645653
SPY,2018,2018-04-27,2018-04-30,0.0026260962389053066,0.0026260962389053066,0.1676003903793822,1.0,0.00164794921875,0.006891372052024813,0.008539973744937037,0.01088613905815862,0.011378847682272755,0.015668795478106252,0.6056300465961035,0.0023572732911480987,0.0056894238411363774,0.008534135761704566,0.0,0.0,760,156077.56608758244,0.16554591818397907,0.07424256428154682,0.015646114682980813
QQQ,2018,2018-04-30,2018-05-01,-0.002609656782490921,0.002609656782490921,0.12768482867673164,0.0,0.00941711557703806,0.018095663318254553,0.015316717650051223,0.01361346678047907,0.016609837627018738,0.02043826826989733,1.0894545584731585,0.002372954191712573,0.008304918813509369,0.012457378220264053,0.0,0.0,256,77578.32732750106,0.10133501883504398,0.024997714355829457,0.01864192106986953
IWM,2018,2018-05-02,2018-05-03,-0.003491712301613492,0.003491712301613492,0.25478446972753366,0.0,0.005657400989033112,0.013655911823289369,0.005873088486353323,0.008436745402201863,0.01104241176401888,0.013704572752599587,1.2366783738120002,0.012815437048571576,0.00552120588200944,0.00828180882301416,1.0,1.0,284,79773.26355313328,0.19888135801085413,0.05720684457676618,0.017408550606852428
QQQ,2018,2018-05-02,2018-05-03,-0.0050674038258804455,0.0050674038258804455,0.26992201978355396,0.0,0.007604502961736093,0.011897476207854918,0.012026389951446188,0.01330981255354866,0.016229382212950547,0.018773584422433983,0.7330825075005688,0.011179492310325445,0.008114691106475273,0.01217203665971291,1.0,0.0,306,98275.88118142131,0.15999809929000933,0.09429635471450878,0.017083151135305202
SPY,2018,2018-05-02,2018-05-03,-0.0035714376816473603,0.0035714376816473603,0.26520346814019835,0.0,0.005892119281815655,0.011028791367476995,0.007266075574884799,0.009245869788089514,0.011103714312760634,0.01346678347267819,0.9932524429958058,0.012391515629877947,0.005551857156380317,0.008327785734570475,1.0,1.0,825,170331.44998805632,0.19513265594581997,0.07768607125494896,0.015943982904773342
IWM,2018,2018-05-03,2018-05-04,-0.0035758602203234124,0.0035758602203234124,0.2548153635989691,0.0,0.0019466812703241576,0.015183935686347972,0.00587598185741732,0.00835753622668615,0.011381878494854496,0.014033142153669884,1.334044788231776,0.0030104152218002334,0.005690939247427248,0.008536408871140872,0.0,0.0,272,86161.95994569175,0.1308640548145486,0.07540929158970523,0.015659451871299572
QQQ,2018,2018-05-03,2018-05-04,-0.004326309858092348,0.004326309858092348,0.22652218247004505,0.0,0.004968963054396314,0.019751507302989132,0.007348375232395885,0.01325906309412316,0.016587150682387246,0.01909883531456992,1.1907715605406477,0.0007454986902823979,0.008293575341193623,0.012440363011790434,0.0,0.0,292,105106.66502661942,0.27286823183572845,0.1582184313384578,0.016308368637897804
SPY,2018,2018-05-03,2018-05-04,-0.004188584738282319,0.004188584738282319,0.3057084079227909,0.0,0.0013726276906806945,0.01643406313621922,0.004316927187771872,0.009064549247303095,0.011255026756665117,0.013701241541711798,1.460153182353576,0.0014167915980658474,0.005627513378332559,0.008441270067498837,0.0,0.0,779,187243.50195404553,0.1992436546813198,0.11677466996633858,0.014730609683756099
IWM,2018,2018-05-04,2018-05-07,0.002953873540663343,0.002953873540663343,0.2133636058373665,1.0,0.016116412039888006,0.024141961900417234,0.008550931394671467,0.007334724799088182,0.011381878494854496,0.01384431768047121,2.121087649225152,0.010692093878235331,0.005690939247427248,0.008536408871140872,1.0,1.0,247,63696.90178715261,0.26160524805148494,0.035563891259787345,0.017817604372815675
QQQ,2018,2018-05-04,2018-05-07,0.0046703723859131685,0.0046703723859131685,0.24666882519330108,1.0,0.02340154482209922,0.02650530174230549,0.011358453703459429,0.01243631343805642,0.016587150682387246,0.018933776419672203,1.597941819534421,0.006882391897181428,0.008293575341193623,0.012440363011790434,0.0,0.0,251,64993.073932620224,0.10639612031398127,0.017859370252561867,0.0213573421749729
SPY,2018,2018-05-04,2018-05-07,0.003270527293800063,0.003270527293800063,0.245222109685208,1.0,0.017207097694412754,0.02156628512301845,0.008354333467479765,0.007972173514995583,0.011255026756665117,0.013337000069033106,1.9161469438752872,0.004233857781164474,0.005627513378332559,0.008441270067498837,0.0,0.0,802,171898.33907075485,0.25716557194271017,0.05537069136278957,0.015297818839137998
SPY,2018,2018-05-08,2018-05-09,0.0028472171804856394,0.0028472171804856394,0.23395226336610103,1.0,0.00157603537611406,0.008180085087359287,0.007383437975329667,0.007143503429195061,0.010266338458771222,0.012170077517182049,0.7967870064103031,0.008181419984043536,0.005133169229385611,0.007699753844078417,1.0,1.0,956,207610.73808613067,0.25497511614957513,0.10878447673198575,0.013857433194793514
QQQ,2018,2018-05-09,2018-05-10,0.0032165431881525652,0.0032165431881525652,0.1844386252955896,1.0,0.00907621452150309,0.013343759607250113,0.008285117409315342,0.011661577034925975,0.015706837878627842,0.017439639788019396,0.8495509860330863,0.007837592557711659,0.007853418939313921,0.011780128408970882,0.0,0.0,294,81185.47935331782,0.11200085070068336,0.05569730874730939,0.0176003733521177
SPY,2018,2018-05-09,2018-05-10,0.0031168695283512182,0.0031168695283512182,0.2534372838311679,1.0,0.0067991907277999974,0.010385530690984659,0.006405671855815175,0.007304482241845947,0.010707161029230826,0.01229838594082937,0.9699611935070269,0.007583111409029675,0.005353580514615413,0.00803037077192312,1.0,0.0,914,203988.26701467877,0.22714896526839887,0.08473771124347339,0.0137850474519152
IWM,2018,2018-05-14,2018-05-15,-0.0032656473505258132,0.0032656473505258132,0.25984651586607593,0.0,0.004936936156911709,0.010248714822279738,0.003950316623960564,0.006096042638085587,0.01072457489030542,0.012567601068812934,0.9556290041430135,0.003414102239193806,0.00536228744515271,0.008043431167729065,0.0,0.0,231,58722.31180205772,0.3453068015498099,0.30294081833143655,0.014348837275669083
QQQ,2018,2018-05-14,2018-05-15,-0.007893940134849009,0.007893940134849009,0.47577102423444145,0.0,0.0005887906972147361,0.007948225228163132,0.005974938723445218,0.011426198827556721,0.015074818918200403,0.016591889234009304,0.5272517879844605,0.008563947605458422,0.0075374094591002016,0.011306114188650303,1.0,0.0,250,76406.28635005177,0.3927127145282906,0.3686055491531071,0.012845735114697568
SPY,2018,2018-05-14,2018-05-15,-0.005092001584347194,0.005092001584347194,0.43952298343926155,0.0,0.0013169874748863997,0.006292534000684396,0.004710378346812909,0.00713857088266248,0.009944708120525055,0.011585290818019001,0.6327520048272836,0.00577712685866727,0.004972354060262528,0.007458531090393791,1.0,0.0,821,193089.56416617084,0.27404516060035794,0.22171212010236913,0.01267797872947141
QQQ,2018,2018-05-16,2018-05-17,-0.0034915158764823317,0.0034915158764823317,0.21607415122644186,0.0,0.005294779041219,0.008090907489924151,0.008196410212930055,0.010916924262652698,0.013983659978308284,0.016158878128940492,0.5785972701334928,0.005253447028061187,0.006991829989154142,0.010487744983731213,0.0,0.0,281,133255.92999159143,0.14772371599875778,0.12054102833002443,0.014116098448015079
QQQ,2018,2018-05-17,2018-05-18,-0.0038615169500552105,0.0038615169500552105,0.23911216721278947,0.0,0.000356301198475073,0.012471085641233871,0.006588256365135756,0.010722740255400516,0.013983659978308284,0.016149395470197003,0.8918327290980511,0.0028107526047667086,0.006991829989154142,0.010487744983731213,0.0,0.0,278,149723.85688801768,0.28748416622266243,0.20941515816779027,0.013968804944607822
IWM,2018,2018-05-18,2018-05-21,0.0030888985919719225,0.0030888985919719225,0.2541190853200117,1.0,0.0004939909389455321,0.004754580345605219,0.0053351689007066164,0.005552380194667236,0.010963258521013073,0.012155319180698601,0.43368313686046933,0.005358196724392528,0.0054816292605065365,0.008222443890759806,0.0,0.0,210,44835.97053195731,0.06470355236736584,0.031063162041143313,0.020213727489171784
QQQ,2018,2018-05-18,2018-05-21,0.007762974685591617,0.007762974685591617,0.5002590604978104,1.0,0.0013119392385674278,0.006261854954866087,0.006766224963412036,0.010084007977632495,0.012907422624241993,0.015517909216609971,0.48513596688973554,0.0043849580306432046,0.006453711312120997,0.009680566968181495,0.0,0.0,224,76302.15498095354,0.1832785810666959,0.05312810206286512,0.01762309893959676
SPY,2018,2018-05-18,2018-05-21,0.006191808043715552,0.006191808043715552,0.5650654945467912,1.0,0.0010676995439777848,0.0040497979651352226,0.004066394251551732,0.006606977807763845,0.008841985318712369,0.01095768208016607,0.45801907820007354,0.0035529877513862385,0.0044209926593561846,0.006631488989034277,0.0,0.0,878,175578.6847698501,0.298721020627355,0.1207525082519436,0.01477522382502534
QQQ,2018,2018-05-21,2018-05-22,0.00457247209245315,0.00457247209245315,0.29900805522121476,1.0,0.002133210607191516,0.010784589852217773,0.007533702242746125,0.010072346351613738,0.012184280924544395,0.01529213682577984,0.885123210717586,0.001655132602278897,0.006092140462272197,0.009138210693408297,0.0,0.0,257,85498.797623974,0.21988647458252378,0.11820261656758409,0.017457760552302144
IWM,2018,2018-05-22,2018-05-23,-0.002658213961320821,0.002658213961320821,0.2323633777218303,0.0,0.009187798912593914,0.010412820074981725,0.006678148700474002,0.005704544924336486,0.010339404251604139,0.011439900673603802,1.0071005854487405,0.0012412148090459318,0.005169702125802069,0.007754553188703104,0.0,0.0,243,60202.81861135451,0.20149934003971895,0.10160539877119446,0.017960683848944867
QQQ,2018,2018-05-22,2018-05-23,-0.007610886163876063,0.007610886163876063,0.5415681077308715,0.0,0.005852133971032902,0.009280558505780561,0.005424944561004017,0.008523242974329812,0.011341033030036345,0.014053423854231533,0.8183168571329713,0.00011978075915042297,0.005670516515018173,0.008505774772527258,0.0,0.0,246,96607.33380542535,0.27169312304270665,0.15554944161725903,0.016230213425639153
SPY,2018,2018-05-22,2018-05-23,-0.005282168670274867,0.005282168670274867,0.5239936573825348,0.0,0.004927749107982438,0.007336873369535734,0.004545182520600084,0.005904602863680247,0.007874646443924611,0.010080596579470977,0.9317082896078749,0.0006643167638911152,0.003937323221962306,0.0059059848329434585,0.0,0.0,1107,228798.66795803263,0.2313730219689158,0.14963221791045672,0.012979992064266112
IWM,2018,2018-05-25,2018-05-29,-0.005317179307180786,0.005317179307180786,0.4852880569147464,0.0,6.178984133498044e-05,0.004265857443006183,0.005026299152117475,0.005648507227558433,0.010330767448630731,0.010956748742149424,0.4129274484415571,0.004809220345547649,0.0051653837243153655,0.007748075586473048,0.0,0.0,238,58198.908028523576,0.171969776783384,0.07848391968712648,0.018093029756070314
QQQ,2018,2018-05-25,2018-05-29,-0.004536909420944646,0.004536909420944646,0.3580298125000251,0.0,0.0011207599998488416,0.006606471569940662,0.004164572195422282,0.0075426345523851145,0.010124322387698156,0.012671876091168604,0.6525346899233515,0.0058942021600507655,0.005062161193849078,0.007593241790773617,1.0,0.0,258,74328.1834272548,0.281398588086793,0.11506890328818332,0.016952064605470173
SPY,2018,2018-05-25,2018-05-29,-0.006760964097579536,0.006760964097579536,0.7063532662922977,0.0,0.0,0.004703284247670196,0.0044673809936276974,0.005681531162215354,0.007874646443924611,0.009571646965077904,0.5972692591549731,0.009523407902475078,0.003937323221962306,0.0059059848329434585,1.0,1.0,1048,203814.90671681534,0.25241145008139293,0.14107722179217239,0.013613601903143365
IWM,2018,2018-05-29,2018-05-30,0.005200571543285015,0.005200571543285015,0.47934610325268023,1.0,0.003978116423570599,0.013177492869494488,0.0033205152645134693,0.005094576765327455,0.010330767448630731,0.010849303891271252,1.2755579810521307,0.012503072010751515,0.0051653837243153655,0.007748075586473048,1.0,1.0,241,62814.553542783535,0.1680949193280974,0.08800153398309014,0.01764859594741251
QQQ,2018,2018-05-29,2018-05-30,0.003610111889357226,0.003610111889357226,0.2924969667887405,1.0,0.00011840350886216378,0.011601015036884365,0.00477679216855678,0.00738883635406319,0.010124322387698156,0.012342390859610771,1.1458559489354572,0.005307193576875813,0.005062161193849078,0.007593241790773617,1.0,0.0,236,83963.2005942616,0.11681869173198359,0.06244193573534123,0.01659805125196838
SPY,2018,2018-05-29,2018-05-30,0.005501490769345363,0.005501490769345363,0.5654634763649231,1.0,0.0047723301267916796,0.012615159235352386,0.005159782868035467,0.0060426053699433905,0.007874646443924611,0.009729170847092808,1.6019969055353767,0.009648744368068396,0.003937323221962306,0.0059059848329434585,1.0,1.0,1014,188449.3922036258,0.28855009167986945,0.133600770600136,0.014636425586330217
IWM,2018,2018-05-31,2018-06-01,0.006512241388280771,0.006512241388280771,0.6009540693325913,1.0,0.00798389531920285,0.012433011470967523,0.008873608472298587,0.006382950323249582,0.010330767448630731,0.010836504353008454,1.2034934996639992,0.003357157087289675,0.0051653837243153655,0.007748075586473048,0.0,0.0,253,75227.95781685953,0.22960757982306942,0.10363463033280011,0.01656249934112983
QQQ,2018,2018-05-31,2018-06-01,0.00499788797625067,0.00499788797625067,0.42254020862055197,1.0,0.0006462883787522467,0.009225479686209417,0.0042055217814535506,0.006953372224014411,0.00925301909599499,0.011828194984252624,0.9970237379281437,0.011233314939820493,0.004626509547997495,0.0069397643219962415,1.0,1.0,278,110265.04351252934,0.26832468201828863,0.13759489239713932,0.014520049301155824
SPY,2018,2018-05-31,2018-06-01,0.005425559930084534,0.005425559930084534,0.553393130106998,1.0,0.004446046232646106,0.008193939073164928,0.00925433444877362,0.006620124614672943,0.007874646443924611,0.009804169287456654,1.0405469161712848,0.005616529344475429,0.003937323221962306,0.0059059848329434585,1.0,0.0,1108,258689.81096306758,0.3225348437586011,0.1699492212210525,0.012655566712737093
IWM,2018,2018-06-01,2018-06-04,0.002929754620710545,0.002929754620710545,0.27833432807707675,1.0,6.100535142672392e-05,0.006714314174579433,0.009188627858057458,0.006149994814477964,0.00959791959649526,0.01052602688626763,0.6995593271099299,0.002373413901320731,0.00479895979824763,0.0071984396973714445,0.0,0.0,189,59184.17194435057,0.10191271020885942,0.05582807424647987,0.017424539544292104
QQQ,2018,2018-06-01,2018-06-04,0.002547106452619685,0.002547106452619685,0.21844839983473047,1.0,0.010648299460076949,0.011525867316917964,0.007874504047421066,0.007515154985762653,0.00925301909599499,0.011659991350573986,1.2456331492827826,0.006698254481861898,0.004626509547997495,0.0069397643219962415,1.0,0.0,208,66039.99993887609,0.1450040561086201,0.01912167312547074,0.02055716092984856
SPY,2018,2018-06-01,2018-06-04,0.003399095961384546,0.003399095961384546,0.35633563941902663,1.0,0.004368424159937545,0.0059102670514906966,0.010582508921172372,0.00681188348163382,0.007529593713271065,0.009539028896818931,0.7849383747058927,0.002404122190813762,0.0037647968566355324,0.005647195284953299,0.0,0.0,1000,211313.01499630327,0.16309577086698793,0.07582602596373009,0.014511114515789585
SPY,2018,2018-06-05,2018-06-06,0.00250818766302241,0.00250818766302241,0.2907897311670194,1.0,0.00018185170975004716,0.0049082209177619745,0.007643804756758165,0.006344335789202692,0.006814703685110065,0.008625434099603039,0.7202398144597686,0.006272817778560702,0.0034073518425550326,0.005111027763832549,1.0,1.0,943,245573.32864740095,0.3421722254682079,0.1462350568676805,0.012573723089269784
QQQ,2018,2018-06-07,2018-06-08,-0.004700980908448615,0.004700980908448615,0.44496058391266763,0.0,0.008300680646617375,0.013531125318563767,0.008766677299922138,0.0067227033391028925,0.009125548581921106,0.01056493783586745,1.482773906367742,0.00248301162233755,0.004562774290960553,0.006844161436440829,0.0,0.0,278,97661.40329990268,0.2572488154764381,0.12525407619831339,0.016704285694528972
IWM,2018,2018-06-13,2018-06-14,0.0037155294188218058,0.0037155294188218058,0.4090511608475647,1.0,0.005364541529198519,0.0074506763316878845,0.004396265443364773,0.005974422891433024,0.007955340996355142,0.009083287799802674,0.9365627865733879,0.0020896222654960273,0.003977670498177571,0.005966505747266357,0.0,0.0,281,68853.1586093407,0.17326777094807616,0.1366151681703459,0.012802663224653878
QQQ,2018,2018-06-13,2018-06-14,0.004606970338137284,0.004606970338137284,0.4585541114481908,1.0,0.0015899986916086961,0.009710429611581082,0.005026110712216773,0.005740074288454072,0.00949549405868082,0.010046732159019791,1.0226355312922097,0.007133524724023621,0.00474774702934041,0.007121620544010616,1.0,1.0,284,87602.36171465386,0.3127257598040675,0.2091817400474304,0.015150004459586433
SPY,2018,2018-06-13,2018-06-14,0.0035248390124480444,0.0035248390124480444,0.45306359295340487,1.0,0.004154889687902896,0.006017490521394878,0.0023094200450919896,0.0057733183361062135,0.006051498681290736,0.00778000940104352,0.9943802086578982,0.0011468291295693156,0.003025749340645368,0.004538624010968053,0.0,0.0,745,220519.5178024529,0.33586054859269227,0.23140072549151328,0.010332798923837393
IWM,2018,2018-06-14,2018-06-15,-0.0030996008029238187,0.0030996008029238187,0.35202368327900446,0.0,0.0016119708926924936,0.007343696263651168,0.0036796492359715267,0.0057153771058884315,0.007607325743483694,0.008805091674662011,0.9653453146714078,0.004263536414290003,0.003803662871741847,0.0057054943076127705,1.0,0.0,267,70859.76173052477,0.37247412975542,0.31524313170697243,0.012285648262290026
QQQ,2018,2018-06-14,2018-06-15,-0.0037725979994834846,0.0037725979994834846,0.3702754494265939,0.0,0.005491712584997588,0.007869554159672084,0.004244378638249211,0.0059285197311535675,0.00949549405868082,0.010188625806344182,0.8287672143270632,0.004656135725329635,0.00474774702934041,0.007121620544010616,0.0,0.0,266,84473.47892332298,0.21386638685410791,0.1493797662571224,0.01624803464172769
SPY,2018,2018-06-14,2018-06-15,-0.007641821113109293,0.007641821113109293,0.9914613153751132,0.0,0.0010035438496707183,0.0045517686434930985,0.002443741857262097,0.005740540407179801,0.005963878786442787,0.007707634170495152,0.7632228632547451,0.004539676674385262,0.0029819393932213937,0.00447290908983209,1.0,1.0,737,204005.87841372722,0.4004516950539519,0.23150721646486855,0.010800951858547087
IWM,2018,2018-06-15,2018-06-18,-0.005005639414286556,0.005005639414286556,0.5677852324973763,0.0,0.0034082279760088152,0.008012415055471863,0.003710231805927184,0.005697256085375097,0.0077315456935798735,0.00881607891115711,1.0363277115629308,0.0014394859912085778,0.0038657728467899367,0.005798659270184905,0.0,0.0,220,24093.939567326663,0.1946375535252954,0.08038042351992798,0.016370967471859416
QQQ,2018,2018-06-15,2018-06-18,-0.008418975422899488,0.008418975422899488,0.8430160401213591,0.0,0.00028261489757386293,0.006895389539402399,0.005181343943589132,0.005908965852268111,0.00925301909599499,0.00998673218802279,0.7452042914714128,0.003143952464171429,0.004626509547997495,0.0069397643219962415,0.0,0.0,214,50219.02497231098,0.14753394431381917,0.0659182559809124,0.0162476288460991
SPY,2018,2018-06-15,2018-06-18,-0.005917853063694745,0.005917853063694745,0.7464246059754492,0.0,0.0019161199117925243,0.007809123696479633,0.003536859052610135,0.005933204763225117,0.005963878786442787,0.007928266319625307,1.3094034899286509,0.001963913451064503,0.0029819393932213937,0.00447290908983209,0.0,0.0,858,117205.30132849846,0.2898837059136821,0.19257011943822358,0.011266805820701395
IWM,2018,2018-06-18,2018-06-19,-0.006227775882244879,0.006227775882244879,0.6815189146591293,0.0,0.009762261908700332,0.011259536857327354,0.003967857596408375,0.005729730293391026,0.008079560946451323,0.009138082228223678,1.3935827617307261,0.006064667985723471,0.0040397804732256615,0.006059670709838492,1.0,1.0,205,28189.774651878797,0.223237380796971,0.058438096218337,0.015250973489962637
QQQ,2018,2018-06-18,2018-06-19,-0.012634536699938081,0.012634536699938081,1.2350007093122848,0.0,0.005755282211073132,0.009744095968728744,0.005767552283811099,0.005764403267549042,0.00949549405868082,0.010230388213277769,1.0261810400292601,0.0032237495650793146,0.00474774702934041,0.007121620544010616,0.0,0.0,238,56730.23612075047,0.21008711296533822,0.09542064147566699,0.016645070377376957
SPY,2018,2018-06-18,2018-06-19,-0.009256572104399785,0.009256572104399785,1.1400586116642584,0.0,0.0038840152533616834,0.006352317913660585,0.0033566741222891697,0.005920457786558256,0.006184904217527732,0.008119382643745864,1.0270681145972174,0.0017182803451198936,0.003092452108763866,0.004638678163145799,0.0,0.0,795,123493.47129654896,0.2627381349381481,0.18569601846850248,0.011079264405646997
IWM,2018,2018-06-19,2018-06-20,0.004981889181246091,0.004981889181246091,0.5313317034093642,1.0,0.006326455024094013,0.013309525190753074,0.003803890521398166,0.00564215839572914,0.008302903466464107,0.00937623173862787,1.6029964992982266,0.004426084470388503,0.004151451733232054,0.0062271775998480805,1.0,0.0,213,32874.66734463774,0.2448616258705586,0.08352640880511022,0.014074649300293552
QQQ,2018,2018-06-19,2018-06-20,0.004602258855646246,0.004602258855646246,0.44202947983453883,1.0,0.009927099817099494,0.013369980576937541,0.0056976728912871265,0.0058445617116188245,0.00949549405868082,0.010411655931565856,1.4080342206854048,0.006617262514002187,0.00474774702934041,0.007121620544010616,1.0,0.0,231,59905.019605933456,0.13206325940472274,0.06813891628895664,0.015632954338155362
SPY,2018,2018-06-19,2018-06-20,0.00279487845252957,0.00279487845252957,0.34172046491925645,1.0,0.005474452554744547,0.008102194236142791,0.0030870739955250097,0.005802737353370354,0.006665999496864588,0.008178844229273651,1.2154507722290904,0.001628885600777119,0.003332999748432294,0.004999499622648441,0.0,0.0,854,130619.53040958477,0.308304515770438,0.21128329787526304,0.011411073293065592
QQQ,2018,2018-06-20,2018-06-21,0.002538769806726071,0.002538769806726071,0.24160340593675633,1.0,0.00248856087032312,0.007522209430572121,0.006463159227771007,0.005879442299914276,0.00946795464889525,0.010508005037771015,0.7944914936247434,0.001012987831523482,0.004733977324447625,0.007100965986671438,0.0,0.0,293,84258.74486839923,0.18388961324579683,0.07797424353879465,0.017709826785471772
IWM,2018,2018-06-21,2018-06-22,0.003741475268764116,0.003741475268764116,0.38771212367091734,1.0,0.009412818478305995,0.01358982007680742,0.006556877486405011,0.00600929136034478,0.008302903466464107,0.009650137409527615,1.6367551582042916,0.0011242083165594607,0.004151451733232054,0.0062271775998480805,0.0,0.0,290,56739.60200797228,0.23625140187295715,0.06933866771095014,0.016261433854940933
QQQ,2018,2018-06-21,2018-06-22,0.003357784504848471,0.003357784504848471,0.32281898711469686,1.0,0.011198594645753457,0.014124984854986117,0.005721249478709697,0.00622800999370314,0.00946795464889525,0.010401446751505537,1.4918728890018778,0.0003970054691895264,0.004733977324447625,0.007100965986671438,0.0,0.0,305,93719.60022058993,0.2502947004355077,0.10652401952836732,0.016426546995008114
SPY,2018,2018-06-21,2018-06-22,0.0051779954722168675,0.0051779954722168675,0.6465102989924408,1.0,0.006232791976959917,0.008334607848113669,0.003226442644360564,0.005935222979875576,0.006184904217527732,0.008009146150164284,1.3475726632101717,0.00047161315056731823,0.003092452108763866,0.004638678163145799,0.0,0.0,862,205442.16846641357,0.2839257029228435,0.1405930571741972,0.013904200691423063
IWM,2018,2018-06-22,2018-06-25,-0.003456094659405884,0.003456094659405884,0.35713363776018714,0.0,0.007040927881747594,0.011182767002409392,0.006815246750252703,0.006116616662342396,0.008302903466464107,0.009677314859169409,1.3468501768781505,0.018886353814079104,0.004151451733232054,0.0062271775998480805,1.0,1.0,232,51622.375534092076,0.19690703575465268,0.08004752456822418,0.01709826233958133
QQQ,2018,2018-06-22,2018-06-25,-0.009069196499286503,0.009069196499286503,0.8816231078656191,0.0,0.005558682419599004,0.009529169862169775,0.005673376261535728,0.006276594637706428,0.009377324774189597,0.01028693147715097,1.0161927939616766,0.023084613540452548,0.004688662387094799,0.007032993580642198,1.0,1.0,246,85561.30352136059,0.20565676248059028,0.09470390123333883,0.017484921138001285
SPY,2018,2018-06-22,2018-06-25,-0.004731702115370107,0.004731702115370107,0.6050889181370377,0.0,0.00333749334510669,0.004716020798361355,0.003519976601595662,0.005921924598371064,0.005963878786442787,0.007819845932624555,0.7907640257682486,0.016127819544608846,0.0029819393932213937,0.00447290908983209,1.0,1.0,721,180113.810670197,0.28187665775481374,0.14366488796900037,0.014075279424096946
QQQ,2018,2018-06-25,2018-06-26,0.003676284651707551,0.003676284651707551,0.31889876151665003,1.0,0.01358430132038202,0.024060369754028102,0.010912507974219143,0.008294365212734444,0.009619799736875429,0.011528061865852084,2.501130003964413,0.006162776503451983,0.004809899868437714,0.007214849802656572,1.0,0.0,236,84031.76823132079,0.13583591872788697,0.0655102049209267,0.018347392010456272
QQQ,2018,2018-06-26,2018-06-27,0.004242434453806787,0.004242434453806787,0.3707213440952418,1.0,0.00040701932685327513,0.009825595589571221,0.011791232942788658,0.008245853960081475,0.009619799736875429,0.011443728615520087,1.0213929456251483,0.004513881744916626,0.004809899868437714,0.007214849802656572,0.0,0.0,226,101344.80311620215,0.09696610094328952,0.049650534673617,0.017159089232415978
IWM,2018,2018-06-28,2018-06-29,0.0026238263544642315,0.0026238263544642315,0.24972122459234924,1.0,0.003982167323942187,0.012007638088398899,0.010414451076409491,0.007318240665768606,0.008574757911769586,0.010507021815015631,1.4003471832035506,0.004503715563017874,0.004287378955884793,0.006431068433827189,1.0,0.0,291,75751.09187357241,0.1629480476433103,0.0705834436387868,0.01579412798239213
QQQ,2018,2018-06-28,2018-06-29,0.004789952998045743,0.004789952998045743,0.38457590964605254,1.0,0.009851333924350447,0.01533745893102248,0.01281060818341034,0.008927133928280274,0.009768114458227072,0.012455156128875088,1.5701555296687475,0.005290411552645091,0.004884057229113536,0.007326085843670304,1.0,0.0,289,112202.82930157214,0.23169308212714074,0.13825173285115808,0.015381156052354444
SPY,2018,2018-06-28,2018-06-29,0.004540516084899915,0.004540516084899915,0.5399541211117205,1.0,0.005941572478537438,0.012105944008989023,0.00814504021811744,0.005652375297755037,0.006184904217527732,0.008409077563018449,1.957337346418614,0.005659299472861923,0.003092452108763866,0.004638678163145799,1.0,1.0,782,189272.03892481874,0.28812795425147225,0.16667619769841055,0.014925703238733053
IWM,2018,2018-06-29,2018-07-02,-0.0061672451564736,0.0061672451564736,0.5900650602465896,0.0,0.0032864298834904826,0.008763936843786624,0.010609872945811968,0.007172626460892109,0.008727176285914181,0.01045180535498288,1.0042121938033697,0.0017232815525574097,0.0043635881429570905,0.006545382214435636,0.0,0.0,256,54693.790235442146,0.21116758697948887,0.06407066652764395,0.017950390791177166
QQQ,2018,2018-06-29,2018-07-02,-0.009379555302067133,0.009379555302067133,0.7722293819135416,0.0,0.0020929051906762863,0.008836720661603941,0.013269242347828433,0.008194976225875115,0.009727262790154914,0.01214607410925639,0.9084488465293338,0.002180674964227247,0.004863631395077457,0.007295447092616186,0.0,0.0,263,72772.62259209705,0.1717030058082428,0.0526709684014787,0.02035400795711327
SPY,2018,2018-06-29,2018-07-02,-0.006524583535964523,0.006524583535964523,0.779825260439113,0.0,0.003086860035878214,0.009223907873965945,0.008096645949764246,0.0051774501948038225,0.0064341270731305255,0.008366725043364952,1.4335911879151075,0.0010028953388943052,0.0032170635365652627,0.004825595304847894,0.0,0.0,850,149950.56933273448,0.22840761445914398,0.08093162265831408,0.015894497104195292
QQQ,2018,2018-07-02,2018-07-03,0.003761538686371857,0.003761538686371857,0.2983156047680244,1.0,0.016231533019297473,0.01870152940560984,0.008850994770056174,0.008071153481971429,0.009768114458227072,0.012609258872987545,1.9145485534169504,0.0,0.004884057229113536,0.007326085843670304,0.0,0.0,272,82186.67512861203,0.19495570690756053,0.06676397612734883,0.0195143784242037
SPY,2018,2018-07-02,2018-07-03,0.0037151836240956193,0.0037151836240956193,0.43238870995372525,1.0,0.008719437129556473,0.010389292453300215,0.005262696438065419,0.005072157871491904,0.006747808656334528,0.008592230875994016,1.5396542762882335,0.000403180529590097,0.003373904328167264,0.005060856492250895,0.0,0.0,943,169999.0763816591,0.22737842989813,0.11900073136021176,0.014560284292799534
IWM,2018,2018-07-03,2018-07-05,0.0054558308672081335,0.0054558308672081335,0.5120975713925676,1.0,0.0012746993254457717,0.006069802731411229,0.008747773028554656,0.007100066305698322,0.009859174756687388,0.010653889360130868,0.6156501818059507,0.006089439907869476,0.004929587378343694,0.007394381067515541,1.0,0.0,245,70277.5017785776,0.191323186397509,0.09740703114168087,0.014676541799244198
QQQ,2018,2018-07-03,2018-07-05,0.006498832497181972,0.006498832497181972,0.4952942004838992,1.0,0.015278143229227825,0.016258242231455205,0.010424409076584493,0.008396614961998861,0.009808864268648309,0.013121156053982976,1.65750506747461,0.006689511209276189,0.0049044321343241545,0.007356648201486232,1.0,0.0,259,85982.73437571117,0.2011582965642195,0.0695834105490109,0.018234807056877123
SPY,2018,2018-07-03,2018-07-05,0.004688148984363982,0.004688148984363982,0.5316859014850682,1.0,0.007219559702257072,0.009381748101304896,0.005458040978431397,0.005105270466009411,0.007394402388274112,0.008817516077197777,1.2687635333698197,0.0037108395422666973,0.003697201194137056,0.005545801791205584,1.0,0.0,867,156388.2611657198,0.2288002235966809,0.07079677408085278,0.015735698317843196
IWM,2018,2018-07-06,2018-07-09,0.0045170550183413205,0.0045170550183413205,0.4166532809155678,1.0,0.007666040426058007,0.011499060639087101,0.005236372674743844,0.007498084558015224,0.01106858983599877,0.010841280328851349,1.0388912056067245,0.001893422487542873,0.005534294917999385,0.008301442376999077,0.0,0.0,257,55119.024238407874,0.22860035994409247,0.09304508755569144,0.017315008895313923
QQQ,2018,2018-07-06,2018-07-09,0.005181958082948412,0.005181958082948412,0.38610745295748994,1.0,0.013212515516740408,0.015808939403276785,0.010597088318454052,0.00934242800284283,0.009808864268648309,0.013421025787655388,1.6116992722395276,0.004022158610319515,0.0049044321343241545,0.007356648201486232,0.0,0.0,280,73299.81711944661,0.15520424545343484,0.01634166117630545,0.019417802610313704
SPY,2018,2018-07-06,2018-07-09,0.004102731501503198,0.004102731501503198,0.4548466068773234,1.0,0.008347362733473807,0.011459342150366269,0.0050417854871482,0.005489476998647186,0.007955658966311212,0.009020033214427705,1.4404013795578272,0.005098548994205476,0.003977829483155606,0.005966744224733409,1.0,0.0,923,168990.5840046235,0.21512392806865055,0.08770963231106178,0.013426645802323294
IWM,2018,2018-07-10,2018-07-11,-0.00545863418532011,0.00545863418532011,0.4813932277805806,0.0,0.006132849001605711,0.013562848025323938,0.006429042735775448,0.007680141340935427,0.011221151929868372,0.011339241747306342,1.2086858916171037,0.003412104489774137,0.005610575964934186,0.008415863947401278,0.0,0.0,257,63699.24141597523,0.2819845242890736,0.11959315903469556,0.01485482230200114
QQQ,2018,2018-07-10,2018-07-11,-0.00783901754468097,0.00783901754468097,0.586044674837269,0.0,0.0011266164005676593,0.005689468693825511,0.010897270210217734,0.009527912463956976,0.009784845779149983,0.013376143289515743,0.5814571657275277,0.0007394176437254263,0.004892422889574991,0.0073386343343624875,0.0,0.0,279,84008.96502159437,0.2072324538763726,0.09288297442156362,0.01685066235481519
SPY,2018,2018-07-10,2018-07-11,-0.0062746505496501515,0.0062746505496501515,0.6833527840844482,0.0,0.0017599591535140124,0.0033404805183943464,0.005306084949377893,0.005885934795070439,0.007955658966311212,0.009182154072960849,0.41988734466118294,0.0022783339644258938,0.003977829483155606,0.005966744224733409,0.0,0.0,959,206436.66917792446,0.37387125029175655,0.16253981913968968,0.011245578074502873
IWM,2018,2018-07-11,2018-07-12,0.005744759202686023,0.005744759202686023,0.5021966582154292,1.0,0.0030425636659837663,0.00930675100845287,0.008649662562361526,0.007873771650109542,0.011221151929868372,0.011439262107199588,0.8293935477052259,0.0010709387037393103,0.005610575964934186,0.008415863947401278,0.0,0.0,318,74964.81095247435,0.11530606846997586,0.04298749447180115,0.01471859914798253
QQQ,2018,2018-07-11,2018-07-12,0.004421260556583428,0.004421260556583428,0.3276667908966654,1.0,0.00278522999808839,0.007218804782203393,0.008521282794707019,0.009549425812913164,0.009784845779149983,0.013493160367227263,0.7377535574025671,0.012754005669001867,0.004892422889574991,0.0073386343343624875,1.0,1.0,338,96663.7921862939,0.20767256866000458,0.0877940699889089,0.016049800185844215
SPY,2018,2018-07-11,2018-07-12,0.005128994809167509,0.005128994809167509,0.545393464335359,1.0,0.0010463956388546691,0.005484465324641962,0.006885880579959033,0.0061030679340594385,0.007955658966311212,0.009404210252900506,0.689379138530989,0.004132506473799591,0.003977829483155606,0.005966744224733409,1.0,0.0,923,204897.31863617062,0.2975660099615245,0.10942522641645447,0.011819115186246305
QQQ,2018,2018-07-16,2018-07-17,-0.010603828408020655,0.010603828408020655,0.7899820803928875,0.0,0.0026162050468754305,0.005955981640868992,0.008717515913925496,0.010035037021520933,0.010817046343598556,0.01342287207672733,0.550610716796429,0.0,0.005408523171799278,0.008112784757698917,0.0,0.0,266,75989.71757946556,0.4486516538745147,0.3712160597756127,0.012737589294572624
SPY,2018,2018-07-16,2018-07-17,-0.0031144667022017236,0.0031144667022017236,0.3412723357163662,0.0,0.0010728733186631256,0.0034329545300769027,0.006011733037607449,0.006244464887749429,0.007339128202398413,0.009126045026955182,0.4677605344126595,0.00021550072843856682,0.0036695641011992063,0.00550434615179881,0.0,0.0,884,202962.42957993178,0.43316140072138676,0.37321282878555845,0.009867157846214489
QQQ,2018,2018-07-18,2018-07-19,-0.003612482203873668,0.003612482203873668,0.2718079653213125,0.0,0.0019967864205320263,0.005879403173039447,0.008138749422867513,0.010054593547013503,0.010817046343598556,0.01329056784485047,0.5435312918409407,0.0025723713020775474,0.005408523171799278,0.008112784757698917,0.0,0.0,318,120492.93485227067,0.27596162511017674,0.2205583558466557,0.014129297703488686
SPY,2018,2018-07-18,2018-07-19,-0.002668469389151107,0.002668469389151107,0.30213390963347825,0.0,0.0017821500012509262,0.003991998598993407,0.003832418923340051,0.0061792743516659865,0.007366366520226483,0.008832075129826554,0.5419223423152003,0.0030416021237595903,0.0036831832601132413,0.005524774890169862,0.0,0.0,940,282948.7973874971,0.39552749062681625,0.29511487227888444,0.010624462148819507
QQQ,2018,2018-07-19,2018-07-20,0.0030163020086235726,0.0030163020086235726,0.2313732809631451,1.0,0.0013944667654073317,0.005912525467487663,0.004210022007395192,0.01004192309703997,0.010817046343598556,0.013036518287969612,0.5465933379296881,0.0033412642437735673,0.005408523171799278,0.008112784757698917,0.0,0.0,300,130213.34743771388,0.2050947090840698,0.16402835144339636,0.013192402422398606
QQQ,2018,2018-07-20,2018-07-23,-0.002961052366229011,0.002961052366229011,0.2328990504100898,0.0,0.0032299482508093558,0.007685052216547844,0.004154002086504453,0.009807818336796373,0.009677382725870497,0.01271388767371604,0.7941250681347379,0.004050867550641657,0.004838691362935249,0.007258037044402873,0.0,0.0,244,63291.120241211334,0.10690731353848155,0.060700150123620296,0.018260402690959607
IWM,2018,2018-07-23,2018-07-24,0.004505272961270679,0.004505272961270679,0.40972934777084197,1.0,0.002317286883996683,0.007961950764068209,0.004168641577404275,0.00757418867671802,0.010266878912262817,0.010995729219256314,0.775498652716982,0.001829433839933614,0.005133439456131409,0.007700159184197113,0.0,0.0,254,60043.050384954564,0.21721306208577282,0.10639236610723023,0.016541797798993157
QQQ,2018,2018-07-23,2018-07-24,0.010302996929546726,0.010302996929546726,0.8070285140389228,1.0,0.006163794706621539,0.010646608903981043,0.004325632865458613,0.009789717180276556,0.010236102246776131,0.012766583522536868,1.0401038058538543,0.0035279167451012228,0.005118051123388066,0.007677076685082098,0.0,0.0,242,69093.64867959588,0.20918201197672703,0.09092416545135375,0.018126514044951296
SPY,2018,2018-07-23,2018-07-24,0.0056745048844459856,0.0056745048844459856,0.6586082466663841,1.0,0.0026838431463167556,0.004902469341001623,0.0030765998955362816,0.006067932149487227,0.0065459992006272495,0.008615903176384592,0.7489260525011766,0.00273249224714478,0.0032729996003136247,0.0049094994004704375,0.0,0.0,820,169162.94478475105,0.3182801971868506,0.1564178242975343,0.012650399019167704
QQQ,2018,2018-07-25,2018-07-26,-0.013565314992740385,0.013565314992740385,1.1185528191655243,0.0,0.013527011727222371,0.01463576515237133,0.006999590263923533,0.008433895937437564,0.011227553000803466,0.01212755871721868,1.3035578768876857,0.0029475490044661434,0.005613776500401733,0.008420664750602599,0.0,0.0,294,79479.63481593777,0.26734598146515254,0.16278867667583216,0.01723144363838667
SPY,2018,2018-07-25,2018-07-26,-0.0028520035588259773,0.0028520035588259773,0.3464250867798752,0.0,0.00952626211664409,0.010983529966141357,0.004870659582282954,0.005262494348499404,0.006712553986588788,0.008232670403105628,1.6362669094484275,0.0003886250682250125,0.003356276993294394,0.005034415489941591,0.0,0.0,837,187358.60430737172,0.34493132102037843,0.19020709884519285,0.012868634472210802
QQQ,2018,2018-07-26,2018-07-27,0.006331571065404162,0.006331571065404162,0.5367023156032715,1.0,0.0016080364423955995,0.006155043988532809,0.010548858061562149,0.008600852324977634,0.009741664782792491,0.011797174860867263,0.6318267078338574,0.0006622612482511947,0.0048708323913962456,0.007306248587094368,0.0,0.0,316,101986.64051437989,0.20609246238530052,0.12374007182343692,0.015711727997745853
QQQ,2018,2018-07-30,2018-07-31,0.003940394260757429,0.003940394260757429,0.3076529394936558,1.0,0.014186816434101024,0.01947864302182944,0.013246821896596636,0.00990268523265506,0.011227553000803466,0.012807920077872962,1.7348965549693252,0.007565425528821557,0.005613776500401733,0.008420664750602599,1.0,0.0,280,101633.26554352968,0.1755324362487841,0.05243515209344248,0.017101030305849932
SPY,2018,2018-07-30,2018-07-31,0.0030719246796335753,0.0030719246796335753,0.41214972848994735,1.0,0.005541534952496208,0.008276853429771955,0.006644418477811392,0.005391701565459789,0.006030263746647998,0.007453419151551138,1.372552474901741,0.004308932963918544,0.003015131873323999,0.004522697809985998,1.0,0.0,758,179628.56133729918,0.2715976610757765,0.1067444465160671,0.013304533459361941
IWM,2018,2018-08-01,2018-08-02,-0.004826181343386526,0.004826181343386526,0.42629964553810484,0.0,0.0003620854538246565,0.010500938595113965,0.011189738204210275,0.007692671308474009,0.010797411232796594,0.01132110099996585,0.9725422482027813,0.00012128211570772152,0.005398705616398297,0.008098058424597446,0.0,0.0,329,84301.21976873858,0.30712016219275784,0.10398647103155387,0.015121174039605332
QQQ,2018,2018-08-01,2018-08-02,-0.007057362434845227,0.007057362434845227,0.5801631993224781,0.0,0.0014700582717328547,0.00876392506852694,0.01104623977355574,0.009486538548449372,0.009705266986253992,0.012164443458473242,0.9030071074747024,0.00045509889134853765,0.004852633493126996,0.007278950239690494,0.0,0.0,343,132104.38710161202,0.1897928905896987,0.0873150495505891,0.016932277624802088
SPY,2018,2018-08-01,2018-08-02,-0.005233820336795203,0.005233820336795203,0.7277611822209704,0.0,0.0024861919772022345,0.007103281777745406,0.004505968612938482,0.005363282372456881,0.005662328358908807,0.007191672851831298,1.2544807237414057,0.0008239396163876034,0.0028311641794544033,0.004246746269181605,0.0,0.0,894,210472.32273117802,0.33567805427014147,0.14288449227635844,0.012712628542020874
IWM,2018,2018-08-06,2018-08-07,0.003406598377235337,0.003406598377235337,0.2938035292815701,1.0,0.006315047962813569,0.009683049070674887,0.005675796264323652,0.007163512247030148,0.010797411232796594,0.011594817753093031,0.8967935796742752,0.003573804906170208,0.005398705616398297,0.008098058424597446,0.0,0.0,254,77020.86290772635,0.2278377027793661,0.08108368475871101,0.015082285204349344
QQQ,2018,2018-08-06,2018-08-07,0.0028154715057655544,0.0028154715057655544,0.23413192940626584,1.0,0.006556971725709015,0.00805732881832825,0.00420920635270395,0.00890094237008488,0.008410626943427594,0.01202514972180555,0.9579938419007603,0.0026975255140568866,0.004205313471713797,0.006307970207570695,0.0,0.0,288,91171.97519926392,0.16194982047951825,0.0447732584473763,0.017849901616127505
SPY,2018,2018-08-06,2018-08-07,0.0026349071156643866,0.0026349071156643866,0.38205724032076815,1.0,0.0035255956436170965,0.006310738735373318,0.0028755081911951536,0.004734391394132051,0.005662328358908807,0.006896629189521883,1.114513029864179,0.00217244852785492,0.0028311641794544033,0.004246746269181605,0.0,0.0,827,193798.5660098734,0.34635357845676074,0.1395815875033396,0.011881114714954571
IWM,2018,2018-08-09,2018-08-10,-0.005654743739536783,0.005654743739536783,0.5087943992221369,0.0,0.002087719154536538,0.006919198952226746,0.0034918817147544276,0.006799041283010274,0.010091993832894426,0.011114005476832995,0.6856126813785707,0.0005390293140372648,0.005045996916447213,0.007568995374670819,0.0,0.0,316,89566.64626540508,0.19853114163864963,0.08935638887837108,0.012570411971404167
QQQ,2018,2018-08-09,2018-08-10,-0.006761645657557214,0.006761645657557214,0.5955966604590943,0.0,0.0,0.0054422817505020695,0.0024645017001919778,0.007990659307273613,0.007871190517438047,0.011352725940983688,0.6914178660070661,0.0046707982372975465,0.003935595258719024,0.0059033928880785356,1.0,0.0,366,116229.0633663619,0.18828501278047727,0.0956212317419423,0.014971939080195363
SPY,2018,2018-08-09,2018-08-10,-0.005682797472780221,0.005682797472780221,0.8878680413866141,0.0,0.0016110092005907628,0.003677329168415498,0.0025897681083174597,0.003965113929590546,0.004804997271977187,0.006400497830629426,0.7653134768383187,0.003860415469676415,0.0024024986359885937,0.0036037479539828905,1.0,1.0,924,240049.22311361646,0.4208216019933433,0.20430976401468023,0.009999290785405653
QQQ,2018,2018-08-13,2018-08-14,0.00382645937550663,0.00382645937550663,0.3229245742187813,1.0,0.002930598625434988,0.009787055316209178,0.00420329082025145,0.008188411660630513,0.008410626943427594,0.011849390480001701,1.1636534805359762,0.003591012513117775,0.004205313471713797,0.006307970207570695,0.0,0.0,270,103637.07373833959,0.23316649218265476,0.16732495521160806,0.015784005975064436
SPY,2018,2018-08-13,2018-08-14,0.002906796549014823,0.002906796549014823,0.42134353602993535,1.0,0.004832945677806899,0.008431278929500165,0.0037387478204121416,0.004424253417225236,0.005918882314719218,0.006898875384214516,1.4244714595073227,0.00441820988503272,0.002959441157359609,0.004439161736039414,1.0,0.0,822,220111.87118617952,0.25899775216284693,0.20972563057659413,0.01283888042941569
IWM,2018,2018-08-14,2018-08-15,-0.002972651659166492,0.002972651659166492,0.259506920526719,0.0,0.007728675680483743,0.01024508223802394,0.006038581507810412,0.007159316628579573,0.010373010416568951,0.011454999555052043,0.9876672081288311,0.015440527677864413,0.005186505208284476,0.007779757812426714,1.0,1.0,237,69175.31323248413,0.33869261948090573,0.30517058619174864,0.01303155283764804
QQQ,2018,2018-08-14,2018-08-15,-0.007936084131304755,0.007936084131304755,0.6987096078637461,0.0,0.0024308184893604423,0.008949839374285944,0.005000242205526303,0.008195265277353885,0.008410626943427594,0.01135820094927384,1.0641108486305784,0.010610821027728923,0.004205313471713797,0.006307970207570695,1.0,1.0,295,106455.23002965208,0.23010028689239795,0.18630966501121868,0.014553001810882302
SPY,2018,2018-08-14,2018-08-15,-0.005353959303803668,0.005353959303803668,0.7852355402588442,0.0,0.003463807515336148,0.005973428393880391,0.004868734286633783,0.004551704658063058,0.005906809893528021,0.0068182844882935315,1.0112782536687632,0.007924047657354327,0.0029534049467640107,0.004430107420146016,1.0,1.0,971,234128.69590578662,0.3731127573949176,0.28864496552752605,0.011390930103662
IWM,2018,2018-08-15,2018-08-16,0.00463606652681503,0.00463606652681503,0.38903252052931103,1.0,0.0096004808565886,0.01592136837401631,0.008499109377188918,0.007673035627158104,0.010797411232796594,0.011916912551442426,1.4745542270035943,0.007850878303979014,0.005398705616398297,0.008098058424597446,1.0,0.0,304,77700.99519025577,0.2082835286871942,0.19709113653816718,0.011919759639610701
QQQ,2018,2018-08-15,2018-08-16,0.007699631287780395,0.007699631287780395,0.6426101981880409,1.0,0.004333085956886973,0.013665945163804602,0.007106149881945428,0.008658057758118079,0.008856882221406442,0.011981806870620695,1.5429746972106058,0.0021040079814425017,0.004428441110703221,0.006642661666054831,0.0,0.0,332,117251.17063557362,0.28117144524721815,0.2079151012267207,0.01411118129402065
SPY,2018,2018-08-15,2018-08-16,0.005749148712490326,0.005749148712490326,0.7900110720481073,1.0,0.002124817951485669,0.008428376094830796,0.005567377804212742,0.004878657581105618,0.005985500815071588,0.007277301440327453,1.4081321438647219,0.005786925489619232,0.002992750407535794,0.004489125611303691,1.0,1.0,851,239184.54060704898,0.3072067947294593,0.24875726690652875,0.011532105624614609
QQQ,2018,2018-08-16,2018-08-17,-0.0026137315179600717,0.0026137315179600717,0.21486816821042448,0.0,0.0043740284782853855,0.008415947441029017,0.007637138761980698,0.008612403170955844,0.008856882221406442,0.012164349609014188,0.9502155759380296,0.006058236412021634,0.004428441110703221,0.006642661666054831,1.0,0.0,346,121210.52275875525,0.3373272497135639,0.24923856588826843,0.01266481794162705
IWM,2018,2018-08-17,2018-08-20,0.0027323518764548194,0.0027323518764548194,0.22532338377445305,1.0,0.0052547015966923905,0.009195727794211628,0.00986144000419411,0.00782038484536181,0.010373010416568951,0.01212635737438544,0.8865052115944245,0.0021917843880014942,0.005186505208284476,0.007779757812426714,0.0,0.0,254,17973.43187806169,0.21696145911420223,0.11557275727211358,0.014858726926030895
QQQ,2018,2018-08-20,2018-08-21,0.003005055949318658,0.003005055949318658,0.24661627991813112,1.0,0.0031066103165364733,0.007378241826165429,0.007042758250761637,0.008587451211061681,0.008856882221406442,0.012185148321579752,0.8330518168495855,0.006657772479305102,0.004428441110703221,0.006642661666054831,1.0,1.0,270,61258.96172288354,0.2922799813168355,0.1619116619121312,0.014047898345838023
IWM,2018,2018-08-23,2018-08-24,0.0028711486221759674,0.0028711486221759674,0.2481181067054513,1.0,0.002513254339733817,0.007832203082366426,0.005214660787041028,0.00777924354290805,0.010240743524995499,0.011571701317165043,0.7648080496547606,0.0036810102557967017,0.005120371762497749,0.007680557643746624,0.0,0.0,316,68781.34585832461,0.42865837489943465,0.16355018415975878,0.013059644893121431
QQQ,2018,2018-08-23,2018-08-24,0.0033185333772078884,0.0033185333772078884,0.2944569068111769,1.0,0.00033195505571681494,0.008575871443228637,0.002525529295652427,0.007214317801449286,0.008510639101277636,0.01127001371150016,1.0076647994556847,0.006780656161598397,0.004255319550638818,0.006382979325958227,1.0,1.0,345,120662.08980438454,0.33195470984002523,0.13035557369001866,0.014595509811022473
IWM,2018,2018-08-24,2018-08-27,0.0030305045955998366,0.0030305045955998366,0.28235468844465145,1.0,0.0025708586450337023,0.0044405172885697,0.005278283540205285,0.006363065981805044,0.009959726941320971,0.010732970691201719,0.445847292273331,0.004822507861897973,0.004979863470660486,0.007469795205990728,0.0,0.0,272,53299.83791291514,0.19653549430901457,0.08281201495127802,0.016050333769540636
QQQ,2018,2018-08-24,2018-08-27,0.005041638483590072,0.005041638483590072,0.4816178402828162,1.0,0.005953703789378206,0.007001126324103757,0.004346807142334722,0.006714098924331315,0.008430677100177825,0.010468130666898707,0.8304346425456247,0.005125422424696602,0.004215338550088913,0.006323007825133369,1.0,0.0,290,89697.27050075796,0.18173982295206115,0.06542206484561323,0.017127110069201625
SPY,2018,2018-08-24,2018-08-27,0.004695403777551954,0.004695403777551954,0.6683111706092458,1.0,0.0037355373380072443,0.004503590748243194,0.002901992620660575,0.004513777992381053,0.005884145148848975,0.00702577479480334,0.7653772356591445,0.003600389800117565,0.0029420725744244876,0.004413108861636731,1.0,0.0,800,206275.27085598867,0.20852027167505865,0.1297452496849663,0.013242622454446589
QQQ,2018,2018-08-27,2018-08-28,0.0026581615650349555,0.0026581615650349555,0.2657154848333108,1.0,0.005125422424696602,0.006706629053833575,0.004736814912002101,0.0059132936018628495,0.008236638129678633,0.010003788701672688,0.814243499379673,0.0010279848483685239,0.004118319064839317,0.006177478597258975,0.0,0.0,290,89878.04110244232,0.21993140272027709,0.1015235621245519,0.016784810220272513
QQQ,2018,2018-08-31,2018-09-04,-0.003053801682660673,0.003053801682660673,0.335041954586701,0.0,0.002524445371107076,0.006445359305239064,0.0059317445973321534,0.005645189802406821,0.007847584430067688,0.009114684417441878,0.8213176121487706,0.006654020486481782,0.003923792215033844,0.005885688322550766,1.0,1.0,254,79907.74444902762,0.1659062008637285,0.10305995274651432,0.018082404882114694
QQQ,2018,2018-09-06,2018-09-07,-0.007205310908007467,0.007205310908007467,0.7034636561776816,0.0,0.009371771547666774,0.017272370675256086,0.005659429059786703,0.006830826584290788,0.008430677100177825,0.010242619991426455,2.048752486901884,0.00033250697063835766,0.004215338550088913,0.006323007825133369,0.0,0.0,315,120872.1168281179,0.225526765912137,0.07924220709157158,0.015442292076059181
SPY,2018,2018-09-06,2018-09-07,-0.0040949217822917605,0.0040949217822917605,0.5979034889333711,0.0,0.003423794761446275,0.008611413753881718,0.0015408594209742347,0.004623082035637508,0.005758819938751323,0.006848800614287917,1.4953434636730312,0.0009417862624165885,0.0028794099693756616,0.004319114954063492,0.0,0.0,945,254658.60278789583,0.3055089028631663,0.17755896375596678,0.012457580982843292
IWM,2018,2018-09-07,2018-09-10,0.004163285691444418,0.004163285691444418,0.40804187900024025,1.0,0.001938702539506787,0.010516381032414234,0.0040348966795064325,0.005958600969586418,0.009032706645893528,0.010203084305084202,1.1642557922763073,0.0025109061359489537,0.004516353322946764,0.006774529984420146,0.0,0.0,230,63470.63080301821,0.32995555384831166,0.07593643758374037,0.015010374805355114
QQQ,2018,2018-09-07,2018-09-10,0.005742329427574244,0.005742329427574244,0.5425508598848808,1.0,0.0033795047664906264,0.012354546966975416,0.005403022893877125,0.006883407604405607,0.008510639101277636,0.010583946782044839,1.4516591315828118,0.0005490316050873467,0.004255319550638818,0.006382979325958227,0.0,0.0,245,95812.89912835576,0.20710849017604288,0.04223920468378063,0.016901946677166997
SPY,2018,2018-09-07,2018-09-10,0.0039637834028734,0.0039637834028734,0.5654319116154798,1.0,0.002160412201033246,0.006934353180605079,0.001186235902883107,0.004637000247322142,0.005937137467372459,0.007010186941074098,1.1679623755914057,0.0010390604720300622,0.0029685687336862294,0.004452853100529344,0.0,0.0,836,204978.31090936036,0.23713592781502912,0.12243907115756937,0.013940275298426811
QQQ,2018,2018-09-10,2018-09-11,-0.0040171457331902305,0.0040171457331902305,0.38498254801857396,0.0,0.0023606516068598316,0.008344794528649582,0.006113094457242654,0.006694449946086155,0.008510639101277636,0.010434617760897614,0.9805132645557538,0.0026035963304862353,0.004255319550638818,0.006382979325958227,0.0,0.0,242,108997.7604002438,0.23115038128728074,0.0660792323634766,0.015815299879901133
SPY,2018,2018-09-10,2018-09-11,-0.0025338804958783268,0.0025338804958783268,0.3734417549448115,0.0,0.002216472094287658,0.004017467968907878,0.0018993712838580416,0.004325407327808158,0.005758819938751323,0.00678520937288545,0.6976200005619518,0.0013589243707916587,0.0028794099693756616,0.004319114954063492,0.0,0.0,835,230009.01080522884,0.24675355797312112,0.13189226166123943,0.013174249553934758
IWM,2018,2018-09-12,2018-09-13,0.0038682667975464824,0.0038682667975464824,0.3950298143328416,1.0,0.0009953637544823923,0.010305021230882847,0.0034117762991155184,0.005358361885821392,0.008621869921339358,0.009792341380813306,1.1952188243269182,0.0015179501908506587,0.004310934960669679,0.006466402441004519,0.0,0.0,294,80095.72084018955,0.39214927284055157,0.12599320789030577,0.012623856941635429
QQQ,2018,2018-09-12,2018-09-13,0.006243834911905166,0.006243834911905166,0.5744510313832153,1.0,0.0014766434971190678,0.010773864670192363,0.006515007733677826,0.0068029628068816,0.008510639101277636,0.010869220474494918,1.2659289792437523,0.006313975911179437,0.004255319550638818,0.006382979325958227,1.0,0.0,323,128160.52192686374,0.24474110812378178,0.09005588705085611,0.014402757056719243
SPY,2018,2018-09-12,2018-09-13,0.0041505680246876064,0.0041505680246876064,0.6182062873311135,1.0,0.00020756091849616354,0.005431318134299727,0.002586984193612786,0.004039676580471532,0.005510429553640038,0.0067138884054483055,0.9856433298765153,0.0024800261867554685,0.002755214776820019,0.004132822165230029,0.0,0.0,900,254686.77328150236,0.33427074884800073,0.185566248440926,0.01163931225990354
IWM,2018,2018-09-19,2018-09-20,0.004244039178347592,0.004244039178347592,0.46969948414146356,1.0,0.003699817285229501,0.011745360666770017,0.006227125494778642,0.0040646023078653466,0.008281783571215052,0.009035647944355367,1.4182163257191724,0.005458754247956721,0.004140891785607526,0.006211337678411289,1.0,0.0,263,122744.3397959403,0.4462884487140886,0.31455879018001176,0.01098700076753084
QQQ,2018,2018-09-19,2018-09-20,0.006896605291033309,0.006896605291033309,0.6245721014257587,1.0,0.0009296121478888919,0.009788421243051898,0.009986723995289349,0.007597535642326048,0.009217069250530974,0.011042128323199032,1.0619884669400754,0.005490293922455036,0.004608534625265487,0.006912801937898231,1.0,0.0,275,159003.2704672786,0.29586056078237916,0.22784460778382706,0.01366835038824247
SPY,2018,2018-09-19,2018-09-20,0.004876084821722859,0.004876084821722859,0.8062461953163398,1.0,0.0008591951024201627,0.0029556856910767787,0.0045554348036774646,0.0037159477310909042,0.005279539316270919,0.0060478856831190034,0.5598378028870252,0.004442276270832268,0.0026397696581354595,0.003959654487203189,1.0,1.0,738,284838.8385407821,0.4128039428492896,0.25838461354276543,0.01187330776482777
IWM,2018,2018-09-20,2018-09-21,0.003095425625033732,0.003095425625033732,0.3361436756243812,1.0,0.0049891772487928865,0.00874570367944881,0.007821496171993545,0.0045624799259613835,0.008559879012276048,0.00920863859563632,1.0217087959895537,0.00040761178584425295,0.004279939506138024,0.006419909259207036,0.0,0.0,257,125093.85968835226,0.3302519742392473,0.2551125159195337,0.012022867125353791
QQQ,2018,2018-09-20,2018-09-21,0.002706799462406817,0.002706799462406817,0.2407759177797964,1.0,0.004131302887034893,0.007882131416191585,0.010086599862386126,0.007919625723565865,0.009217069250530974,0.011241985857083692,0.8551667782834022,0.0014037064308520808,0.004608534625265487,0.006912801937898231,0.0,0.0,284,150411.49333975912,0.3502860213880734,0.262136896613587,0.013302570873756461
QQQ,2018,2018-09-21,2018-09-24,-0.00903600022558848,0.00903600022558848,0.7957510829010934,0.0,0.008152437624901365,0.010797969910478806,0.010347128564203842,0.008036178248716486,0.009535295880150873,0.011355309995489627,1.1324210644534247,0.004136789781442385,0.004767647940075437,0.0071514719101131545,0.0,0.0,209,66850.97636351694,0.17279290904370975,0.07193109579991769,0.016923688399357022
QQQ,2018,2018-09-26,2018-09-27,0.004070114411518944,0.004070114411518944,0.34756292501253006,1.0,0.0001627714530664237,0.011285956574132835,0.005927421817827655,0.007439644412648683,0.010740297948997397,0.011710438941012513,1.0508047940314704,0.007945093431834582,0.005370148974498699,0.008055223461748048,1.0,0.0,319,94012.0319160504,0.29298967280605653,0.12396038094524989,0.01496662395065675
IWM,2018,2018-09-27,2018-09-28,-0.0035110471403435595,0.0035110471403435595,0.37140497917480725,0.0,0.001959980047662291,0.005582956991547082,0.00518866938324571,0.005072324762324128,0.00934730030165104,0.009453419682591366,0.5972801569840384,0.0,0.00467365015082552,0.00701047522623828,0.0,0.0,278,72940.52891516371,0.14412846840836718,0.03875236446927169,0.014663767063746797
QQQ,2018,2018-09-27,2018-09-28,-0.0027982794346291806,0.0027982794346291806,0.23898858439094722,0.0,0.0043778917948835705,0.008485608517805205,0.004938828196519761,0.007215806000278142,0.01028114295662213,0.011708841415000984,0.8253565341526145,0.0018381161034051186,0.005140571478311065,0.007710857217466598,0.0,0.0,323,99401.59128729769,0.3285434059192262,0.18047054837497267,0.014879611409626486
IWM,2018,2018-09-28,2018-10-01,0.00439033059019156,0.00439033059019156,0.46185186497682673,1.0,0.00656916168147581,0.009256512869551795,0.005918498000917861,0.005163789229021992,0.00934730030165104,0.009505928032599465,0.9902873097932663,0.00017729363386065344,0.00467365015082552,0.00701047522623828,0.0,0.0,235,54482.575835500116,0.2685285034439786,0.027759383555237976,0.01412635661938492
QQQ,2018,2018-09-28,2018-10-01,0.00581302475958112,0.00581302475958112,0.5012049337709097,1.0,0.0025902311470664685,0.00706922225380494,0.0035179581221185803,0.007206625080982204,0.01028114295662213,0.011598099635304334,0.6875910862859486,0.003531886762748959,0.005140571478311065,0.007710857217466598,0.0,0.0,285,78239.25293973554,0.244587685629772,0.11523836020903215,0.016895806015806532
SPY,2018,2018-09-28,2018-10-01,0.004781178195593538,0.004781178195593538,0.7549021712148648,1.0,0.0025173661537010172,0.004586318897389204,0.0024946734103310944,0.0036575048490741858,0.005355044242812832,0.006333507013099702,0.8564483670783192,0.0028071868999337557,0.002677522121406416,0.004016283182109624,1.0,0.0,1089,167355.95942181093,0.3171711522262588,0.15910896584753656,0.012795754440404268
IWM,2018,2018-10-02,2018-10-03,0.003950610231002738,0.003950610231002738,0.38468383769784853,1.0,0.00992895636783142,0.014141329925922607,0.007496953105966264,0.005999215347182747,0.009799197809001983,0.010269758809325805,1.443110977199761,0.009383721518865684,0.004899598904500991,0.007349398356751487,1.0,1.0,230,57051.63235805044,0.1756585192713052,0.025522019412494608,0.019009774120893427
QQQ,2018,2018-10-02,2018-10-03,0.004199185891234913,0.004199185891234913,0.35628355951314117,1.0,0.0013977448229340883,0.009999383938985843,0.004067855975865192,0.007168723190717333,0.010386624304589103,0.011786078192811,0.9627173993929706,0.002358882990863398,0.005193312152294551,0.0077899682284418275,0.0,0.0,302,95409.47254779459,0.26910314339285746,0.14710641117844472,0.015628187943319417
SPY,2018,2018-10-02,2018-10-03,0.004047169315619437,0.004047169315619437,0.6343369190524379,1.0,0.0,0.004184286984979231,0.0026276078382476294,0.0037123039296312744,0.005739051447952208,0.006380157285603101,0.7290903423547904,0.0016055244803649948,0.002869525723976104,0.0043042885859641555,0.0,0.0,1206,205253.0755557433,0.37009003585197764,0.21118801099641688,0.011508620038846448
IWM,2018,2018-10-03,2018-10-04,-0.003193340817007617,0.003193340817007617,0.30717643253113497,0.0,0.004782713282186268,0.013439891749242233,0.009312662081682178,0.006483552709106495,0.009799197809001983,0.010395787172519964,1.3715297936832898,0.014160470112491996,0.004899598904500991,0.007349398356751487,1.0,1.0,259,75277.85084472666,0.15827281681951305,0.07996648489757356,0.015295727329946942
QQQ,2018,2018-10-03,2018-10-04,-0.004033342362510295,0.004033342362510295,0.3561912909578485,0.0,0.003109429233101202,0.007022985938812689,0.0040474175891579344,0.006493315199290166,0.009896149075694163,0.011323528859069152,0.7096685675503593,0.022865345440583384,0.004948074537847081,0.007422111806770622,1.0,1.0,356,105029.6834352709,0.16631770092849135,0.09987274507633166,0.014720917821234565
QQQ,2018,2018-10-05,2018-10-08,-0.003497028284027759,0.003497028284027759,0.2818869450167837,0.0,0.012118922496547446,0.024895857258865155,0.009243186247748492,0.008055946533826215,0.009896149075694163,0.012405783048305214,2.5157116236265713,0.01463862377152636,0.004948074537847081,0.007422111806770622,1.0,1.0,261,80437.77599223799,0.21169733145133976,0.03947796180608247,0.017835276061131985
SPY,2018,2018-10-05,2018-10-08,-0.0026753509542600806,0.0026753509542600806,0.3826043314246418,0.0,0.006455159313154879,0.013980419616959047,0.004616060219718589,0.004207285281392908,0.00583193869899697,0.006992474299227898,2.3972164898378523,0.005429029047175904,0.002915969349498485,0.004373954024247727,1.0,1.0,973,174238.69428499305,0.25107577181423457,0.10971700954121127,0.014335580732675218
QQQ,2018,2018-10-09,2018-10-10,-0.006235096284205044,0.006235096284205044,0.48515279040258413,0.0,0.002511509238899867,0.012668849007982805,0.009305529468474042,0.007926924756959703,0.010386624304589103,0.012851819895812832,1.2197272796692329,0.040874603538402,0.005193312152294551,0.0077899682284418275,1.0,1.0,288,104489.86221370235,0.23897382254778274,0.07931495019799617,0.016624789848547674
IWM,2018,2018-10-10,2018-10-11,-0.00479049573132051,0.00479049573132051,0.38484364827202056,0.0,0.026489302149058314,0.028789980549361924,0.010670123249279833,0.009069359957678361,0.011162867296108676,0.012447901252444278,2.579084726681108,0.014982757696961446,0.005581433648054338,0.008372150472081508,1.0,1.0,217,27757.120228343643,0.060778226680705164,0.015636720217703223,0.02080151642553421
QQQ,2018,2018-10-10,2018-10-11,-0.0041343473635472305,0.0041343473635472305,0.28436880468920445,0.0,0.03798105981700228,0.03988569456213189,0.01785185364083332,0.01247891353866669,0.010398676924732324,0.014538681090796115,3.8356509054788814,0.019128816879616206,0.005199338462366162,0.007799007693549243,1.0,1.0,264,60739.00873728593,0.10523659366845643,0.03302111023815681,0.023522885259924374
SPY,2018,2018-10-10,2018-10-11,-0.004383763112525529,0.004383763112525529,0.5147468976920326,0.0,0.029738866850128942,0.03148205976372629,0.01288404942098857,0.008133458858631438,0.0063743464015033405,0.008516346834106198,4.938868674645841,0.024855753753517895,0.0031871732007516702,0.004780759801127505,1.0,1.0,859,124308.89265672815,0.10478350481803345,0.017729617287715754,0.02148789162550242
IWM,2018,2018-10-11,2018-10-12,0.01295819586811442,0.01295819586811442,0.9750637004369508,1.0,0.014376421728218292,0.02445294189771117,0.011191197194117717,0.009581857645566001,0.011590646568987988,0.01328958904152367,2.109713358281291,0.0012856579543649715,0.005795323284493994,0.00869298492674099,0.0,0.0,242,23979.681534309246,0.08541929258307199,0.020344811538875594,0.018654229965774198
QQQ,2018,2018-10-11,2018-10-12,0.02694570696324372,0.02694570696324372,1.7343627470182827,1.0,0.008303111527719564,0.03268621329809412,0.017773066560468447,0.012213334126735304,0.01104196324230582,0.01553637323539657,2.9601813174727134,0.003961660726073735,0.00552098162115291,0.008281472431729366,0.0,0.0,279,59255.89977634344,0.3055989786737467,0.09802495642248085,0.016369824908570575
SPY,2018,2018-10-11,2018-10-12,0.01690111091962332,0.01690111091962332,1.7390444039088546,1.0,0.017720417866595617,0.030821455748463244,0.013992552745301342,0.009070983642199016,0.006565846056814404,0.009718619537048421,4.69420931922018,0.0011562211833702207,0.003282923028407202,0.004924384542610803,0.0,0.0,605,91353.10886218425,0.20446301456169957,0.09386793368097407,0.016033539659128633
QQQ,2018,2018-10-12,2018-10-15,-0.0034993149651320055,0.0034993149651320055,0.2104324763469343,0.0,0.0008612801105269963,0.022564207245143308,0.026042687259133043,0.014155725251644023,0.01197740279105782,0.016629158321374217,1.8838981738169034,0.012532112298142994,0.00598870139552891,0.008983052093293364,1.0,1.0,280,81601.73428279621,0.1612448751725188,0.1375030794372067,0.021713735492166916
IWM,2018,2018-10-15,2018-10-16,0.007199848372153372,0.007199848372153372,0.501466191913507,1.0,0.005281674200378728,0.01793166398705908,0.013798772387692018,0.009541903019488587,0.01249305371353603,0.014357594765621215,1.4353307364419958,0.023055138196794056,0.006246526856768015,0.009369790285152023,1.0,1.0,208,34494.18978486618,0.0918806890811527,0.07876626688711649,0.018540782574619535
QQQ,2018,2018-10-15,2018-10-16,0.010510408733687138,0.010510408733687138,0.6310867065800493,1.0,0.008635081123857025,0.014276642862745832,0.026170288136852925,0.014063874625625476,0.01197740279105782,0.01665446066935013,1.1919648284187785,0.020859611164817604,0.00598870139552891,0.008983052093293364,1.0,1.0,266,81717.10370378116,0.12342476724197804,0.09195328221827895,0.021137055058865387
SPY,2018,2018-10-15,2018-10-16,0.008017537375970996,0.008017537375970996,0.7576155570739385,1.0,0.004173449273924157,0.009943824617447661,0.01785210095677106,0.009836525774721137,0.007141241656006055,0.010582593376166027,1.3924503743805572,0.015256692435226649,0.0035706208280030273,0.005355931242004541,1.0,1.0,864,137077.725489911,0.14102382299114555,0.11699072311242982,0.018279595675843165
IWM,2018,2018-10-16,2018-10-17,-0.0028996893320538675,0.0028996893320538675,0.18609593467918553,0.0,0.02163833485809863,0.031040748081596396,0.022359144836112965,0.012042839835243456,0.013340319254772137,0.015581690900731924,2.3268369735973455,0.014689802393346385,0.006670159627386069,0.010005239441079103,1.0,1.0,238,51642.65857454059,0.307860743538899,0.28957349231283747,0.01357967256556963
QQQ,2018,2018-10-16,2018-10-17,0.004852728836631348,0.004852728836631348,0.2761163681438486,1.0,0.018388672966769937,0.022698522303549233,0.0309381250818026,0.015589790340246573,0.01197740279105782,0.017574940845604695,1.89511221251536,0.0010107405319548235,0.00598870139552891,0.008983052093293364,0.0,0.0,250,95782.64027722325,0.270280931839927,0.23141835680865525,0.016073644683768616
IWM,2018,2018-10-17,2018-10-18,-0.003481913322238017,0.003481913322238017,0.21952491194607027,0.0,0.0013907319009993646,0.014730066626254378,0.017460369695347474,0.012044208352409158,0.01379061083758242,0.01586113070890744,1.0681228554511695,0.019693001496917217,0.00689530541879121,0.010342958128186815,1.0,1.0,259,89042.26537739908,0.12360762108492448,0.10171261720112311,0.01659754734764115
QQQ,2018,2018-10-17,2018-10-18,-0.0037791087727324646,0.0037791087727324646,0.2114471243382742,0.0,0.004436256383641313,0.015667078040462353,0.020652408964507058,0.01559460603129382,0.013472745935364318,0.017872594789639356,1.1628719279369901,0.024240272654841633,0.006736372967682159,0.010104559451523238,1.0,1.0,304,138978.67078163498,0.2277338432497423,0.16735752198998216,0.016306616910174418
SPY,2018,2018-10-17,2018-10-18,-0.0037440480115641384,0.0037440480115641384,0.3157488809621773,0.0,3.569307351969364e-05,0.012801299053763563,0.017131926297932667,0.011132598079935701,0.009351050101508895,0.01185767626524899,1.3689691440855325,0.016110821748244186,0.004675525050754447,0.007013287576131671,1.0,1.0,835,244200.03203043158,0.22673728539681542,0.17211018822933374,0.015580573778748106
IWM,2018,2018-10-18,2018-10-19,0.0030322659400201513,0.0030322659400201513,0.18364903528467982,1.0,0.01531035897364319,0.020710308682939993,0.01735280084670584,0.012111050086623715,0.014435698276088493,0.016511199938076156,1.4346592930142394,0.005724573118031984,0.007217849138044246,0.010826773707066369,0.0,0.0,276,76605.82659088001,0.2687625994341267,0.17283072407901276,0.01507904879223116
QQQ,2018,2018-10-18,2018-10-19,0.008084127581033274,0.008084127581033274,0.43418303760009047,1.0,0.019476857301030992,0.02400628666964781,0.02349415474865092,0.016030114065581948,0.014444016618186842,0.018619169522875872,1.662022919540321,0.008534800535779485,0.007222008309093421,0.010833012463640133,1.0,0.0,291,129570.51147257075,0.23566359660920141,0.1679945894928937,0.016334776923469872
SPY,2018,2018-10-18,2018-10-19,0.002641139661535341,0.002641139661535341,0.21355177514151324,1.0,0.010737294436418243,0.01825342238699239,0.014669130891566717,0.011215630348537859,0.009601877036231221,0.012367678328991416,1.9010264678578865,0.007830198361501228,0.0048009385181156106,0.007201407777173416,1.0,1.0,949,237126.94471339305,0.16755244764490052,0.1308040372382867,0.015406812045605907
IWM,2018,2018-10-19,2018-10-22,0.003651522928827866,0.003651522928827866,0.2121534892566616,1.0,0.0135717539961695,0.02328420331102078,0.018273825100270934,0.012177461625555032,0.014981054155983432,0.01721170338334753,1.5542433174985266,0.0034433393035460114,0.007490527077991716,0.011235790616987575,0.0,0.0,214,37124.35516187234,0.11831866775704541,0.022742700925119205,0.022042890073190026
QQQ,2018,2018-10-19,2018-10-22,0.006010826843438899,0.006010826843438899,0.3140405263102844,1.0,0.0089357173916369,0.021079206644364374,0.019508123887818765,0.016026952950102667,0.015139234207045101,0.01914029031240371,1.3923562021753442,0.00683673709121857,0.007569617103522551,0.011354425655283825,0.0,0.0,244,59737.84551198914,0.12260216544527888,0.03840835152861293,0.021870399124947575
SPY,2018,2018-10-19,2018-10-22,0.002714932126696823,0.002714932126696823,0.21278459762267993,1.0,0.0031754226078284375,0.013820180077163341,0.013398920550232993,0.011212182751726113,0.0098359364684991,0.012759063188920627,1.4050700837103118,0.0012995861067237602,0.00491796823424955,0.0073769523513743255,0.0,0.0,892,130134.85384158147,0.2089753971812174,0.06617679208008395,0.02009981838135024
IWM,2018,2018-10-22,2018-10-23,-0.013722839444992085,0.013722839444992085,0.7918374495202005,0.0,0.005782220635628943,0.012538933853564992,0.01814940004762052,0.012192284176906933,0.014981054155983432,0.017330374375835837,0.8369860840905473,0.013497142973072362,0.007490527077991716,0.011235790616987575,1.0,1.0,234,48309.99609826786,0.09605705269389113,0.02610163473664941,0.020134106885494447
QQQ,2018,2018-10-22,2018-10-23,-0.018802853220647675,0.018802853220647675,0.9800799118897408,0.0,0.0008617367493291006,0.015282107890492983,0.018635322425184935,0.016106453078217356,0.015474592965477669,0.019185020519799208,0.9875612188692716,0.010780665717745164,0.007737296482738834,0.011605944724108253,1.0,0.0,280,70848.55156963688,0.07166210925837924,0.03259783730715174,0.020662700223758455
SPY,2018,2018-10-22,2018-10-23,-0.014763090121897249,0.014763090121897249,1.134262023434646,0.0,0.0071840802685018135,0.010649753391527527,0.013283591118710749,0.011218585218892995,0.010296789004487595,0.013015590592721515,1.0342790734942808,0.00871161529012432,0.0051483945022437975,0.007722591753365696,1.0,1.0,920,129561.36620351451,0.20054795403073836,0.06170257303315783,0.018087216513046647
IWM,2018,2018-10-24,2018-10-25,0.00534428773968032,0.00534428773968032,0.2696198254249267,1.0,0.03618831138209189,0.04067878690656175,0.013659192916659436,0.01403707219030619,0.019320986334999537,0.01982156813304662,2.1054197855765278,0.02105916776837846,0.009660493167499768,0.014490739751249652,1.0,1.0,244,29180.033484312095,0.03504718697278651,0.01184162106238727,0.026786074817470654
QQQ,2018,2018-10-24,2018-10-25,0.015543772717683257,0.015543772717683257,0.698638315240383,1.0,0.04466407037151843,0.0480730743174498,0.020838148892931035,0.018677025224424666,0.020872732292690786,0.02224866913051434,2.303151961292774,0.024834721445999852,0.010436366146345393,0.015654549219518088,1.0,1.0,285,51345.109513979754,0.16292760945616788,0.051052190824306204,0.02212526259414516
SPY,2018,2018-10-24,2018-10-25,0.007764199840671893,0.007764199840671893,0.5125850123377719,1.0,0.029305160946653475,0.03314673838831943,0.011947201221497733,0.01277710655857022,0.012548026857596628,0.015147145651530702,2.6415896909124204,0.016568152423076077,0.006274013428798314,0.00941102014319747,1.0,1.0,718,88852.37325038109,0.15328266890490166,0.06236008588176148,0.021265762537362953
IWM,2018,2018-10-25,2018-10-26,-0.010529188637866338,0.010529188637866338,0.5045697931675875,0.0,0.0162203022702454,0.023239990195606387,0.021207420679227415,0.015369589545254381,0.020840130396013342,0.020867655536345554,1.1151556997960115,0.019626789203779138,0.010420065198006671,0.015630097797010006,1.0,1.0,288,47685.74647918627,0.10517702719435876,0.07494121421581791,0.02227002897194173
QQQ,2018,2018-10-25,2018-10-26,-0.034256989909895896,0.034256989909895896,1.446387473218896,0.0,0.018760013267721698,0.029301399926391407,0.028764947268295427,0.020510004510235578,0.02182170694475384,0.023684517837850114,1.3427638818802743,0.005906358435960657,0.01091085347237692,0.01636628020856538,0.0,0.0,316,74952.53491781352,0.1227738201671103,0.07921881014424278,0.01870044837065775
SPY,2018,2018-10-25,2018-10-26,-0.015402744932446755,0.015402744932446755,0.9614666893285787,0.0,0.010097919216646156,0.02086912435621813,0.017213005852854554,0.013641737734180499,0.013310739565463452,0.016020050515949708,1.5678410845304156,0.013839661308298723,0.006655369782731726,0.009983054674097588,1.0,1.0,866,120379.70040514003,0.16597149777210465,0.09054683611920317,0.019956929696367018
IWM,2018,2018-10-26,2018-10-29,0.011188020091360329,0.011188020091360329,0.5087966156639292,1.0,0.00040665284888141695,0.031991334116095255,0.021220589099666835,0.015261773290298498,0.021171998955306706,0.021989179461740466,1.5110209566714867,0.010058338033172465,0.010585999477653353,0.01587899921648003,0.0,0.0,231,28311.327322766512,0.12397442052838425,0.04730857428922742,0.020752905869749424
QQQ,2018,2018-10-26,2018-10-29,0.015300629999551285,0.015300629999551285,0.6040893527582241,1.0,0.008837813201198808,0.03468529716815528,0.030585981050543692,0.021052618684750835,0.02263136477434627,0.025328421912569427,1.5326206578346842,0.0038413443099940547,0.011315682387173134,0.0169735235807597,0.0,0.0,261,47305.69229686748,0.08080585049047465,0.013627611079051577,0.022862357459823325
SPY,2018,2018-10-26,2018-10-29,0.0130780590069417,0.0130780590069417,0.7514497519404736,1.0,0.0022188132734473065,0.0327541780056548,0.017908101437808358,0.013960081615719978,0.013900299847061193,0.01740377047589695,2.3563648529912613,0.005394390896133805,0.006950149923530597,0.010425224885295896,0.0,0.0,735,94622.371693716,0.10541717764499214,0.04007629435559241,0.02081017026918441
QQQ,2018,2018-10-29,2018-10-30,-0.002940609815001549,0.002940609815001549,0.10590285934782057,0.0,0.035340764429140914,0.057738927278585477,0.030175331049201917,0.021249425974082824,0.022850367619977052,0.02776704834138235,2.5268270619903253,0.00456765334395981,0.011425183809988526,0.01713777571498279,0.0,0.0,254,43551.44708293161,0.09625184131675714,0.0463446325144563,0.023470351695071577
IWM,2018,2018-10-30,2018-10-31,0.010218385246473893,0.010218385246473893,0.4395032291480814,1.0,0.019611777353235604,0.022676211730678072,0.02472101625010978,0.016283765161742556,0.022958100963142228,0.02324985248977778,0.9877215788484983,0.003966720384142919,0.011479050481571114,0.01721857572235667,0.0,0.0,234,46107.90018649521,0.17639837265791275,0.04876969174492874,0.023257439646157823
QQQ,2018,2018-10-30,2018-10-31,0.016272884390300835,0.016272884390300835,0.5709390759455371,1.0,0.01947771532378062,0.02476189726142473,0.03283331098325037,0.021843532588833342,0.023504249803026345,0.028501962951740817,1.0535072367311402,0.015597230215697033,0.011752124901513172,0.01762818735226976,1.0,0.0,264,59480.55984891468,0.08334708149515166,0.035684820902797156,0.02312802127677378
SPY,2018,2018-10-30,2018-10-31,0.010755517798768155,0.010755517798768155,0.5453595652733529,1.0,0.015549646820423257,0.01896309684593838,0.020700448341427185,0.014501669934860182,0.017113344440053246,0.01972188347586261,1.108088305729174,0.00953267004628322,0.008556672220026623,0.012835008330039935,1.0,0.0,788,128654.35085326392,0.17907374373899587,0.09972419567146952,0.020562469438483555
IWM,2018,2018-10-31,2018-11-01,0.005732191010790366,0.005732191010790366,0.24615956396183145,1.0,0.008131665821814349,0.012098386205957344,0.014998914669176864,0.016061456688726376,0.022958100963142228,0.023286485069006612,0.5269767837235552,0.019086784375784704,0.011479050481571114,0.01721857572235667,1.0,1.0,300,53736.13502845288,0.15075747237752754,0.03841239691840424,0.02221610310007298
SPY,2018,2018-10-31,2018-11-01,0.003584233836610773,0.003584233836610773,0.17554883474143015,1.0,7.385558515671242e-05,0.01149091424081138,0.015108143983835105,0.014847186690606943,0.017113344440053246,0.020417303492159727,0.6714592978048904,0.007842433118358194,0.008556672220026623,0.012835008330039935,0.0,0.0,1013,126707.63257198222,0.13933409884695455,0.05179307177261683,0.02022387622023686
IWM,2018,2018-11-01,2018-11-02,0.003713545149720332,0.003713545149720332,0.15683969822108604,1.0,0.017231136019833393,0.019616984066806578,0.015384244771786397,0.01706326354942497,0.022958100963142228,0.02367732909359214,0.8544689344428095,0.005387523329922317,0.011479050481571114,0.01721857572235667,0.0,0.0,299,66283.61737360375,0.12283638792138388,0.05675257556811767,0.018712107722358203
QQQ,2018,2018-11-01,2018-11-02,-0.0030803137673902636,0.0030803137673902636,0.10456134316278191,0.0,0.011701006342531128,0.020344602603979935,0.0227695843879885,0.022785382731680473,0.023352404486598522,0.029459393636468566,0.8711994782231224,0.019676599301952535,0.011676202243299261,0.017514303364948892,1.0,1.0,340,94654.2017023047,0.10383640988732123,0.06595397680191027,0.019562434010584127
SPY,2018,2018-11-01,2018-11-02,0.004533619209905915,0.004533619209905915,0.22288787158571458,1.0,0.007032413914532132,0.012334337364627409,0.01372094676302213,0.015144623551224794,0.017113344440053246,0.020340358484523684,0.7207438270078453,0.0017470827527865662,0.008556672220026623,0.012835008330039935,0.0,0.0,1110,162476.1656069436,0.1036350680956505,0.05848886455230105,0.018487412922902676
IWM,2018,2018-11-07,2018-11-08,-0.005082288502292864,0.005082288502292864,0.22139454446550283,0.0,0.013195179220546471,0.016799694902792497,0.010236507101405458,0.016457702741398152,0.021693260206809034,0.022955798276613697,0.7744200153704627,0.0017270326134419811,0.010846630103404517,0.016269945155106776,0.0,0.0,310,77685.80386313521,0.08959439244709518,0.026683731682986492,0.020202365318547952
QQQ,2018,2018-11-07,2018-11-08,-0.0046702774556738325,0.0046702774556738325,0.16325446508003225,0.0,0.019154882024264186,0.02153475005894314,0.017548437772983212,0.021919276446418588,0.02263136477434627,0.028607348983590263,0.9515444726229594,0.006508031977457529,0.011315682387173134,0.0169735235807597,0.0,0.0,341,95664.95398703264,0.20429004454019245,0.08808386119993226,0.01789266938475963
SPY,2018,2018-11-07,2018-11-08,-0.003202819767214593,0.003202819767214593,0.15910008203744222,0.0,0.012429789009141823,0.014483425445344882,0.00985858454875805,0.014557494165773935,0.017113344440053246,0.020130849250353303,0.8463234931125957,0.00318739390791678,0.008556672220026623,0.012835008330039935,0.0,0.0,893,168047.15674663766,0.2411288146328737,0.04344041638084645,0.016498927766116375
IWM,2018,2018-11-08,2018-11-09,-0.006306168918550514,0.006306168918550514,0.28362053430266615,0.0,0.0024264407211003203,0.009961034113492225,0.008073396311370523,0.015831377515832967,0.020163646374873286,0.022234528730634414,0.4940095619761048,0.019941177591457748,0.010081823187436643,0.015122734781154964,1.0,1.0,291,78936.21847143472,0.0872955024499558,0.040669926113465205,0.017538460817592846
QQQ,2018,2018-11-08,2018-11-09,-0.009343143529083275,0.009343143529083275,0.3393176220994384,0.0,0.001716570167075715,0.009555952285635879,0.017948923702606753,0.021761333376421766,0.022049478652043222,0.027535096678077124,0.433386767843165,0.01569110314693689,0.011024739326021611,0.016537108989032417,1.0,0.0,343,110570.89299263575,0.24498888113828945,0.12155849103692322,0.016167039050998793
SPY,2018,2018-11-08,2018-11-09,-0.005240646063112697,0.005240646063112697,0.2765163488137014,0.0,0.0013923625319818278,0.007140052495771707,0.010452077743697559,0.013573429761936468,0.015768650989216156,0.01895239137069433,0.4528004647103063,0.010319379314566612,0.007884325494608078,0.011826488241912117,1.0,0.0,973,196366.8709583424,0.23864152984638398,0.08603687910459197,0.014356977124227323
QQQ,2018,2018-11-09,2018-11-12,-0.006996250690012751,0.006996250690012751,0.25705665166713026,0.0,0.007579688391569306,0.017878819100581665,0.018283303332993918,0.02121776345892143,0.02130697835165376,0.027216765816557777,0.8391062686368189,0.02491283446205661,0.01065348917582688,0.015980233763740317,1.0,1.0,280,78672.98849530793,0.15471681927220401,0.13823581560869055,0.019483600469846075
IWM,2018,2018-11-12,2018-11-13,0.003774133144579528,0.003774133144579528,0.16813789987172065,1.0,0.01941309836529259,0.021620580045978468,0.015983860423873144,0.017010208566923105,0.020226955082029895,0.022446653297436035,1.0688993948074124,0.009828431229465862,0.010113477541014947,0.015170216311522421,0.0,0.0,248,60220.75121427053,0.09499770389077229,0.0440921578526639,0.019940115084355375
QQQ,2018,2018-11-12,2018-11-13,0.004689465344256627,0.004689465344256627,0.16758990669322388,1.0,0.023426522555090923,0.02618604111128989,0.023660455657820354,0.022105820916875858,0.022116636181246187,0.027981788621917258,1.1839974622132798,0.014182245877154775,0.011058318090623093,0.016587477135934642,1.0,0.0,264,70289.6976382568,0.10724863727904478,0.09459630280217723,0.020218212904534412
IWM,2018,2018-11-13,2018-11-14,0.008435763844018895,0.008435763844018895,0.386776938198564,1.0,0.006926141223509208,0.0184696763788117,0.015293326796783446,0.015488504542017199,0.019680292773963187,0.02181041062920906,0.938485854399833,0.004215514153425692,0.009840146386981594,0.01476021958047239,0.0,0.0,231,53305.733110958376,0.27737147137953166,0.18639684628877157,0.01694589757499162
QQQ,2018,2018-11-13,2018-11-14,0.009911659064006706,0.009911659064006706,0.36110103266212573,1.0,0.003829809031840714,0.020824580903768458,0.023099420029157994,0.020918649570596057,0.02130697835165376,0.027448437327734887,0.9773596499736501,0.003449927717701806,0.01065348917582688,0.015980233763740317,0.0,0.0,255,74037.99567871232,0.13244824342952463,0.11198138445368094,0.017343983396069792
SPY,2018,2018-11-13,2018-11-14,0.007718908043669037,0.007718908043669037,0.40755813881601066,1.0,0.003771645952283298,0.01494008065830984,0.014888434548833228,0.013091295307143697,0.014711753051827361,0.018939403507173453,1.0155200815074936,0.001641310488191161,0.007355876525913681,0.01103381478887052,0.0,0.0,1028,160810.41527671114,0.14048849040666117,0.10885415254066654,0.015873879724122297
IWM,2018,2018-11-14,2018-11-15,-0.0064234959831454,0.0064234959831454,0.2884955788489562,0.0,0.015610659080757983,0.026215326006595593,0.008305348256089985,0.015521532974453842,0.020226955082029895,0.022265491931536544,1.2960589421531818,0.002430301751737307,0.010113477541014947,0.015170216311522421,0.0,0.0,291,59088.93991090227,0.20305816468251595,0.15537776195271472,0.019950787121012364
SPY,2018,2018-11-14,2018-11-15,-0.005255415853372858,0.005255415853372858,0.27046072797192844,0.0,0.014444088861184312,0.022468533200499796,0.006968902451763285,0.013139907768756107,0.016596751522651117,0.019431345514674226,1.3537910216848712,0.006628923819093968,0.008298375761325558,0.012447563641988338,0.0,0.0,1061,155938.28577769734,0.21774181492135702,0.17056148576117902,0.01751894907199764
IWM,2018,2018-11-15,2018-11-16,-0.006399269092134285,0.006399269092134285,0.2862316361663848,0.0,0.020809456687863603,0.02471545580967916,0.01381228916854544,0.015474725575057344,0.02068209076354913,0.02235695948163615,1.1950172781002673,0.0036652209829808324,0.010341045381774565,0.015511568072661849,0.0,0.0,284,65497.03546296355,0.3060138578366794,0.20911643174876474,0.013129976553146237
QQQ,2018,2018-11-15,2018-11-16,-0.009756674551600009,0.009756674551600009,0.3463796843874658,0.0,0.01934507313207523,0.030806469134586966,0.018024179628780623,0.02087298117570895,0.023148323660183934,0.028167571573528078,1.3308293761061998,0.0040414897688427764,0.011574161830091967,0.01736124274513795,0.0,0.0,314,101821.46749382472,0.28600373914014726,0.25825298356051335,0.012804624483284482
SPY,2018,2018-11-15,2018-11-16,-0.0045050931003018935,0.0045050931003018935,0.22911866984296142,0.0,0.015774946996173655,0.02429495799149418,0.010734043816284731,0.0130552794230944,0.01695158875212411,0.01966270624471457,1.4331965190253872,0.0021386272929395655,0.008475794376062055,0.012713691564093082,0.0,0.0,1032,185959.4185288329,0.19543935354352013,0.16144364126077235,0.013726073102481504
QQQ,2018,2018-11-16,2018-11-19,-0.004776137622434673,0.004776137622434673,0.17144788938363312,0.0,0.006308219110898072,0.015199752632519308,0.017222765535643,0.02087865087369603,0.023148323660183934,0.027857663571159808,0.6566243351203658,0.03194257692563829,0.011574161830091967,0.01736124274513795,1.0,1.0,256,24426.577545682725,0.158026472333203,0.08041561771162482,0.01974224814350953
IWM,2018,2018-11-19,2018-11-20,-0.010815535427584844,0.010815535427584844,0.48069065884488227,0.0,0.018591720738393436,0.02412977214425834,0.012681205980107248,0.01595748881567697,0.02068209076354913,0.02249999085394125,1.1666988806946699,0.011401907437766479,0.010341045381774565,0.015511568072661849,1.0,0.0,228,24285.952725059502,0.11998793843889975,0.08451599271071053,0.014966164363726796
QQQ,2018,2018-11-19,2018-11-20,-0.02276936009499886,0.02276936009499886,0.7887385167143562,0.0,0.027834429961561935,0.03215357353615166,0.01805712429134289,0.021925431743656507,0.02500265288614697,0.02886807175316993,1.2860064762954315,0.007891492368372166,0.012501326443073484,0.018751989664610225,0.0,0.0,252,22023.398195002286,0.07126161506544411,0.047355970102891186,0.02081254195088073
SPY,2018,2018-11-19,2018-11-20,-0.013898255916480529,0.013898255916480529,0.6908330566161375,0.0,0.014466148566349979,0.019446979659343118,0.010251233178447146,0.013565764224997496,0.01920503825264075,0.020118110711953262,1.0125978091540173,0.008398219670670004,0.009602519126320375,0.014403778689480562,0.0,0.0,882,78784.56800619178,0.2547750914062334,0.15900054607702363,0.016111042134673202
IWM,2018,2018-11-20,2018-11-21,0.005411283350967411,0.005411283350967411,0.24314401935475977,1.0,0.00855683875610147,0.01928690212489389,0.014680023979963732,0.016381016789939556,0.019680292773963187,0.022255465568626908,0.9800109351223804,0.017645430981267696,0.009840146386981594,0.01476021958047239,1.0,1.0,229,27093.680491571122,0.10007424303277604,0.07322402102576993,0.020334709720632612
QQQ,2018,2018-11-20,2018-11-21,0.013759753650518514,0.013759753650518514,0.4767353022443762,1.0,0.004988372603897062,0.026835891463248256,0.018466644509182308,0.022167683339436303,0.02500265288614697,0.02886246012355346,1.07332176251253,0.0038425478384533918,0.012501326443073484,0.018751989664610225,0.0,0.0,244,25375.090572377016,0.08217179138801499,0.06014212896314889,0.02018827998178755
SPY,2018,2018-11-20,2018-11-21,0.006587877731873304,0.006587877731873304,0.3284078177933203,1.0,0.004672860652792821,0.014508615903090813,0.012452332435730379,0.0140999409804897,0.01695158875212411,0.020060051481537233,0.8558853164292827,0.004852210245990918,0.008475794376062055,0.012713691564093082,0.0,0.0,857,74518.84026616304,0.18371195500168583,0.11693090648164277,0.01827116224639306
IWM,2018,2018-11-21,2018-11-23,-0.008173961123124407,0.008173961123124407,0.3822783970454747,0.0,0.00851614668480516,0.019348660318228607,0.017107296247774722,0.01437504649545478,0.019482822192517592,0.021382220879596438,0.9931138377713825,6.818177093825817e-05,0.009741411096258796,0.014612116644388193,0.0,0.0,286,53777.24677232426,0.1277672205217287,0.08084232561131119,0.0175344373980883
QQQ,2018,2018-11-21,2018-11-23,-0.00798153531376955,0.00798153531376955,0.29188985553236246,0.0,0.006073820571778521,0.016981750167435295,0.01990879395755169,0.01998007321344242,0.023148323660183934,0.02734433952564898,0.7336060449441789,0.0,0.011574161830091967,0.01736124274513795,0.0,0.0,305,67480.02018823076,0.24469857869612374,0.10082290466033597,0.019099553821859596
SPY,2018,2018-11-21,2018-11-23,-0.006942858705634047,0.006942858705634047,0.36583696097777213,0.0,0.0031595440614345938,0.008049290035239964,0.013075350952699419,0.012411057119956376,0.014724348280700326,0.018978013285147227,0.5466652840445527,0.0004180839643455059,0.007362174140350163,0.011043261210525245,0.0,0.0,877,129834.01336442085,0.2042883616174358,0.08648147726688972,0.01872828526083716
IWM,2018,2018-11-23,2018-11-26,0.00966940253209847,0.00966940253209847,0.4627068864326411,1.0,0.007287781038362473,0.016959578864925738,0.014729211114271532,0.013512571726351182,0.019317781221561248,0.020897468387918842,0.877925817173898,0.007232698361182344,0.009658890610780624,0.014488335916170936,0.0,0.0,240,34609.432104462976,0.07318988894139392,0.02142267158610115,0.022193929207996264
QQQ,2018,2018-11-23,2018-11-26,0.014006630447210622,0.014006630447210622,0.5418063765658956,1.0,0.0007543552626758654,0.011000063110713647,0.015204587369813906,0.018124057675989493,0.0211796654813558,0.02585172684010873,0.519369067485833,0.009477197448954255,0.0105898327406779,0.01588474911101685,0.0,0.0,256,46095.13883838351,0.23704813484194479,0.08058194542304792,0.022552839867966263
SPY,2018,2018-11-23,2018-11-26,0.009610631640253997,0.009610631640253997,0.53030444380965,1.0,0.00026600549497324266,0.006649441631970382,0.01038078379615043,0.011742655207554801,0.014496020674217847,0.01812285707283962,0.45870806764209876,0.007412150010351226,0.007248010337108923,0.010872015505663385,1.0,0.0,741,107895.51881815703,0.11870751496298712,0.050368580387939524,0.020469952962321732
IWM,2018,2018-11-26,2018-11-27,-0.004205359409114817,0.004205359409114817,0.20856456463308232,0.0,0.0032814774333025376,0.01111698581500855,0.016663313764056543,0.01358240646689519,0.018878289251852795,0.020163345659954774,0.588876760319661,0.006001749476993723,0.009439144625926398,0.014158716938889596,0.0,0.0,234,38185.76814284689,0.15847480520213153,0.05937048399061615,0.019926664608756882
QQQ,2018,2018-11-26,2018-11-27,-0.005463806206539856,0.005463806206539856,0.21823642252910996,0.0,0.008981645975683517,0.013689337713366903,0.02164938984317925,0.01825152330440162,0.0205845917538742,0.02503617931058714,0.6650283803073457,0.0050875255086295645,0.0102922958769371,0.015438443815405649,0.0,0.0,261,59908.99263664053,0.0861974470380481,0.02173936377373994,0.02232774366363835
SPY,2018,2018-11-26,2018-11-27,-0.004336462288259346,0.004336462288259346,0.24972322193358346,0.0,0.0064715224193052645,0.009067663756408686,0.01452374643194571,0.011689545608304793,0.013754109119938782,0.017365074239722385,0.6592694355800665,0.0025596351216126134,0.006877054559969391,0.010315581839954086,0.0,0.0,794,128934.28824884504,0.10879620266700907,0.06531204117527914,0.0196856643029017
IWM,2018,2018-11-27,2018-11-28,0.004240355340688895,0.004240355340688895,0.2257230406382729,1.0,0.004088921983581351,0.009652785307047601,0.014181371733280566,0.01366510383774953,0.01771462762186872,0.018785655769559546,0.544904782256401,0.02124663695566298,0.00885731381093436,0.01328597071640154,1.0,1.0,228,40845.56871374547,0.1291194703724496,0.05010563732522321,0.019885556695971612
QQQ,2018,2018-11-27,2018-11-28,0.007219729920184603,0.007219729920184603,0.314933234895703,1.0,0.008888903959297867,0.01648156436873071,0.015491266309263995,0.017674796517594155,0.0191117108522808,0.022924636463266805,0.8623803748456038,0.024784363698652,0.0095558554261404,0.014333783139210599,1.0,1.0,257,66828.56239673602,0.13994473410881023,0.051266254908393066,0.02003180310418451
SPY,2018,2018-11-27,2018-11-28,0.004470984479582718,0.004470984479582718,0.28088661798500203,1.0,0.007734465671390689,0.010287565788275103,0.012938556698544544,0.011617848191485968,0.012679565079580046,0.015917399382199996,0.8113500521278001,0.018471737225546958,0.006339782539790023,0.009509673809685034,1.0,1.0,879,147139.1210043896,0.11551126160688159,0.08201764815392171,0.018625817507986836
IWM,2018,2018-11-28,2018-11-29,-0.004138234761432602,0.004138234761432602,0.21528522803678815,0.0,0.020375392808998916,0.031300256464250095,0.013069570432876829,0.013985952810481376,0.01771462762186872,0.019222102692180332,1.7669158580341766,0.007777174620832605,0.00885731381093436,0.01328597071640154,0.0,0.0,291,43845.49441212844,0.12223346520465024,0.03516442820560387,0.020047614734753257
QQQ,2018,2018-11-28,2018-11-29,-0.004208603840674341,0.004208603840674341,0.18063193852443912,0.0,0.024784363698652,0.03177011227473311,0.015766370063133098,0.018751445401072528,0.0191117108522808,0.023299333855651035,1.6623374286212398,0.007013536252107988,0.0095558554261404,0.014333783139210599,0.0,0.0,339,70003.05787979196,0.1258047865333019,0.06125182943080981,0.019833585004849764
SPY,2018,2018-11-28,2018-11-29,-0.003168457861944418,0.003168457861944418,0.19638105034804582,0.0,0.018471737225546958,0.023182492056770393,0.011726305822359761,0.012261758936785766,0.012679565079580046,0.016134234216228935,1.828334955597563,0.004698450294421841,0.006339782539790023,0.009509673809685034,0.0,0.0,825,158943.70566550433,0.1459439942437157,0.06099593906581861,0.01841468492060365
IWM,2018,2018-11-30,2018-12-03,0.011597459894438167,0.011597459894438167,0.6233192762430005,1.0,0.007658710893310161,0.011752269248604914,0.013017608268682928,0.01304091756842829,0.016879636883859118,0.018605970224987726,0.6962394587908958,0.00058291559198409,0.008439818441929559,0.01265972766289434,0.0,0.0,247,40834.03315892015,0.1316699804212921,0.02339051716815642,0.021550093513251805
QQQ,2018,2018-11-30,2018-12-03,0.02208186574355353,0.02208186574355353,1.0050241347572593,1.0,0.0058794999742635135,0.0114622156942776,0.014656083052254928,0.017813813138720085,0.017430284634008482,0.02197147807687912,0.6576034720576797,0.0011553171251634797,0.008715142317004241,0.013072713475506361,0.0,0.0,270,55383.47719036923,0.17223317531962012,0.03368275958264306,0.02131592915636279
SPY,2018,2018-11-30,2018-12-03,0.016796680519975737,0.016796680519975737,1.0780669116036092,1.0,0.006719974998344869,0.010335585250717604,0.010156724692503158,0.011925962683351011,0.012211850590738049,0.015580369213809665,0.8463570016616909,0.000428125865955975,0.006105925295369024,0.009158887943053536,0.0,0.0,710,147806.9919412685,0.17070096495580747,0.047742278359692636,0.02026824845547388
QQQ,2018,2018-12-03,2018-12-04,-0.005222591224456452,0.005222591224456452,0.2387325096995549,0.0,0.004505798489669921,0.021951377958291,0.013832345053559564,0.01788797368779243,0.017430284634008482,0.02187633025359256,1.2593814971593376,0.03570558392200107,0.008715142317004241,0.013072713475506361,1.0,1.0,300,76485.32624540891,0.11243434836864903,0.02518298370230977,0.022638650569244374
SPY,2018,2018-12-03,2018-12-04,-0.0033297268758586407,0.0033297268758586407,0.21606274512720142,0.0,0.003496542709420458,0.010311060879998998,0.009741351792116262,0.012154072441071175,0.011182731210245274,0.015410925534146802,0.9220521074987764,0.031381998563333235,0.005591365605122637,0.008387048407683955,1.0,1.0,774,191198.4009612627,0.23621195856110486,0.10706158243060375,0.01789448113610579
IWM,2018,2018-12-04,2018-12-06,-0.014032044904198626,0.014032044904198626,0.6969986106820962,0.0,0.04052029741488816,0.04546345036204268,0.025208969258695604,0.01629676399492226,0.01771462762186872,0.020132098815041535,2.566435565708309,0.014083555571442474,0.00885731381093436,0.01328597071640154,1.0,1.0,260,21165.802161662203,0.18006039911486643,0.05936891634144313,0.019824972410529964
QQQ,2018,2018-12-04,2018-12-06,-0.020154455185179887,0.020154455185179887,0.8728428683921715,0.0,0.033308007344299506,0.03727468740976726,0.026593579935178642,0.01993834508525474,0.01935170000217506,0.02309058814022917,1.9261712100527457,0.0037707893567473505,0.00967585000108753,0.014513775001631295,0.0,0.0,301,38293.58248085648,0.184587412340204,0.05736431072948474,0.0212017371679993
SPY,2018,2018-12-04,2018-12-06,-0.016022151978781207,0.016022151978781207,0.9649263354222999,0.0,0.02916979293608557,0.03215149751776766,0.0211261268470473,0.01425636965955729,0.012211850590738049,0.016604533828760218,2.6328112417419054,0.013260215492891803,0.006105925295369024,0.009158887943053536,1.0,1.0,849,84248.7266002227,0.15425958103143128,0.06547353787359723,0.019512977152150793
QQQ,2018,2018-12-06,2018-12-07,-0.004374113069739449,0.004374113069739449,0.18293726564753368,0.0,0.02777432178358863,0.03165413988845429,0.0216244813792462,0.01992730406453094,0.0211796654813558,0.02391045397041781,1.4945533448731303,0.03294792385706824,0.0105898327406779,0.01588474911101685,1.0,1.0,355,43955.16803549424,0.11099897938348832,0.05896482821726394,0.020563887431626945
IWM,2018,2018-12-10,2018-12-11,0.014484585542191786,0.014484585542191786,0.6454576320814277,1.0,0.004644057316862571,0.022665863836015248,0.02044085044450459,0.0160231515510055,0.019546130899674198,0.022440799863939764,1.159608720127473,0.003500890934007961,0.009773065449837099,0.014659598174755649,0.0,0.0,256,33445.768519038334,0.1276014148372588,0.04173181326632909,0.022711087174913068
QQQ,2018,2018-12-10,2018-12-11,0.016311941398467367,0.016311941398467367,0.6520548545637548,1.0,0.012354143720778143,0.027129346085871517,0.026276184467092623,0.01990841298294227,0.024068709534790445,0.025016210345340607,1.127162469872223,0.0002414079886157161,0.012034354767395223,0.018051532151092835,0.0,0.0,294,71804.78051603318,0.11707932341765125,0.016464188364044615,0.021766287598154712
SPY,2018,2018-12-10,2018-12-11,0.013594865900400821,0.013594865900400821,0.7131076764889689,1.0,0.0026579041652781132,0.02483201832468377,0.01882799443238873,0.014029907281686935,0.014724348280700326,0.019064254037112614,1.6864595872967696,0.0007845455137303059,0.007362174140350163,0.011043261210525245,0.0,0.0,935,131199.36637571076,0.1932653866390513,0.07498705102816579,0.021075455142639723
IWM,2018,2018-12-11,2018-12-12,0.009968685709252911,0.009968685709252911,0.4435018806120316,1.0,0.015307494780714581,0.02608459117797271,0.018062347625599304,0.0156803193873867,0.020484620182103536,0.022477211811359508,1.2733744119288875,0.01297618415697932,0.010242310091051768,0.015363465136577652,1.0,0.0,256,38147.98587699259,0.12351311981208736,0.0494456478293169,0.022702819551906315
QQQ,2018,2018-12-11,2018-12-12,0.014607905266991406,0.014607905266991406,0.5873879832992344,1.0,0.012791861291499562,0.02136009555410637,0.023564370744611627,0.01968898144642674,0.024068709534790445,0.02486926134399598,0.8874632652503088,0.009638590985033835,0.012034354767395223,0.018051532151092835,0.0,0.0,291,75541.4544402472,0.17231562597771685,0.03008933419489869,0.019691815724951375
SPY,2018,2018-12-11,2018-12-12,0.012645274206436685,0.012645274206436685,0.6546949013319555,1.0,0.01318836856833161,0.020137428293782823,0.015732840149412036,0.013950905114154845,0.01719353015882648,0.019314758952162732,1.1712212738025218,0.005720263103578427,0.00859676507941324,0.012895147619119859,0.0,0.0,937,151108.5271486614,0.20871940960147656,0.09148369765536099,0.01995773912545551
IWM,2018,2018-12-12,2018-12-13,0.0029001391223868467,0.0029001391223868467,0.12860747708347187,1.0,0.00041411897136722775,0.013804527419899786,0.011248193686237999,0.015441525990317043,0.019317781221561248,0.022550315021766035,0.7146021202731125,0.003098298893023488,0.009658890610780624,0.014488335916170936,0.0,0.0,315,24448.75523855744,0.15617683067310892,0.04580790547852241,0.022115884219651834
QQQ,2018,2018-12-12,2018-12-13,0.006543482648200927,0.006543482648200927,0.2667330498674496,1.0,0.005722873182181898,0.015903610781014682,0.0182736723343748,0.018667105279177105,0.021655736756198685,0.024531953019892534,0.7343832703573325,0.004153388437525107,0.010827868378099343,0.016241802567149015,0.0,0.0,364,44384.06610673638,0.15836960264153427,0.033762428260766024,0.019483933659758687
SPY,2018,2018-12-12,2018-12-13,0.003993059567219737,0.003993059567219737,0.2079937071982647,1.0,0.007514897956598987,0.01357163370189391,0.01128394820226672,0.013496204267056297,0.014724348280700326,0.01919798257845106,0.9217137114097392,0.003639506456130537,0.007362174140350163,0.011043261210525245,0.0,0.0,913,77819.44369958134,0.16367589349066433,0.07116322677557031,0.019163835607783272
IWM,2018,2018-12-13,2018-12-14,-0.007284503143511367,0.007284503143511367,0.32074912236129616,0.0,0.017006342104685324,0.021688302369430146,0.0121021525568974,0.015679514277692132,0.020518481343829376,0.0227109059251174,1.0570130413649046,0.011634472184241629,0.010259240671914688,0.015388861007872033,1.0,0.0,297,21190.696591613763,0.09863739463740434,0.04279941455274004,0.019923347089946235
QQQ,2018,2018-12-13,2018-12-14,-0.011447603390537964,0.011447603390537964,0.4704937549724641,0.0,0.006199956353600489,0.016794127869254785,0.017802481066530068,0.018665882154244605,0.021655736756198685,0.024331042164859214,0.7755048031070878,0.015619227214008102,0.010827868378099343,0.016241802567149015,1.0,0.0,352,49964.733394936215,0.17542908264798251,0.04746775575701321,0.018201541440884744
SPY,2018,2018-12-13,2018-12-14,-0.009081673536773138,0.009081673536773138,0.47587145626668764,0.0,0.004314850457334263,0.012644436650545663,0.011348308568825217,0.013496743520982651,0.014040124802492362,0.01908429979814463,0.9005928956059607,0.011968386678904208,0.007020062401246181,0.01053009360186927,1.0,1.0,859,87367.16675410629,0.20030390629475417,0.10578203976954534,0.017380527895561448
IWM,2018,2018-12-14,2018-12-17,-0.0066851748618586004,0.0066851748618586004,0.2973138240754937,0.0,0.00790231532455965,0.02208417214687928,0.01021992084446579,0.015900904796310504,0.020518481343829376,0.022485247306096016,1.0763063687225936,0.0257784548504143,0.010259240671914688,0.015388861007872033,1.0,1.0,251,29196.79614791197,0.1942790304789556,0.16679930683630273,0.020946114536730998
QQQ,2018,2018-12-14,2018-12-17,-0.004283600903667417,0.004283600903667417,0.17608426400781646,0.0,0.013050700295274997,0.019055207906485065,0.014059086191966174,0.019374888056214797,0.02020765173029572,0.0243269943955768,0.9429699284611637,0.027021843312938554,0.01010382586514786,0.01515573879772179,1.0,1.0,288,68442.15784701312,0.04391235772335075,0.03549437328746282,0.02121299341582737
SPY,2018,2018-12-14,2018-12-17,-0.004107986790049201,0.004107986790049201,0.2162979811493831,0.0,0.009469083949222634,0.015895926420789092,0.009259454214958827,0.013995522653930092,0.014040124802492362,0.018992256738689015,1.1321784274999673,0.023153059383309804,0.007020062401246181,0.01053009360186927,1.0,1.0,769,124384.04063441075,0.14042671788264854,0.10431123809387823,0.020811986457854877
IWM,2018,2018-12-17,2018-12-18,0.009049702201944898,0.009049702201944898,0.3945664249213523,1.0,0.01897325074264644,0.03379395204826877,0.013642797155371835,0.016126109106839977,0.020518481343829376,0.02293581417564545,1.647000646976819,0.006654116921000153,0.010259240671914688,0.015388861007872033,0.0,0.0,241,23423.70590283701,0.05129703787432023,0.03621486703288916,0.018971849440399095
QQQ,2018,2018-12-17,2018-12-18,0.007749484072044899,0.007749484072044899,0.31634815520289483,1.0,0.01845505782861312,0.03429141480721877,0.015455730077028426,0.019428985149027352,0.02020765173029572,0.024496694368502468,1.6969519895183263,0.008194157590740492,0.01010382586514786,0.01515573879772179,0.0,0.0,280,58900.07277646422,0.09460537222056871,0.07549792740165345,0.025258022723537492
SPY,2018,2018-12-17,2018-12-18,0.007205559180301302,0.007205559180301302,0.3762565987153809,1.0,0.015574376951392743,0.027447938645784202,0.011526466536514334,0.01423101540391958,0.014040124802492362,0.019150651988304245,1.9549640072224803,0.0029160185241214887,0.007020062401246181,0.01053009360186927,0.0,0.0,724,98888.39567700274,0.12951425975037226,0.09966655643832173,0.02245347400948618
IWM,2018,2018-12-19,2018-12-20,-0.002761157590951524,0.002761157590951524,0.11488395849294487,0.0,0.020467858108880632,0.039692928031052975,0.00914048066528804,0.01608829193999585,0.021295472985923262,0.024034317995067077,1.86391389650236,0.026107726843413115,0.010647736492961631,0.015971604739442445,1.0,1.0,265,33743.70847965727,0.08016896051078141,0.05913761293295571,0.024569189683196824
SPY,2018,2018-12-19,2018-12-20,-0.0055718933658031045,0.0055718933658031045,0.27376482819287945,0.0,0.015323132382987326,0.03938546014455336,0.009453710026902979,0.014084281289810123,0.015202271161939953,0.020352845917363274,2.5907615858844744,0.021295756565894886,0.007601135580969976,0.011401703371454965,1.0,1.0,754,137200.43362121965,0.12605659624198434,0.11149637016802588,0.020580864344805248
IWM,2018,2018-12-20,2018-12-21,0.0044769074037260825,0.0044769074037260825,0.18276318834932445,1.0,0.013769449445828363,0.03128045934171739,0.009122167391221674,0.015970826598514003,0.021886237258154712,0.024495673577160107,1.4292296557309059,0.004305726275914967,0.010943118629077356,0.016414677943616035,0.0,0.0,247,28223.683346179205,0.09545390501420943,0.049027424530343894,0.019210657364846444
QQQ,2018,2018-12-20,2018-12-21,0.004990543037171502,0.004990543037171502,0.1959337206738869,1.0,0.012066173752822817,0.03554976285772037,0.01309841649791487,0.018842459723240623,0.02020765173029572,0.025470567393949445,1.7592228593500279,0.006795120976123892,0.01010382586514786,0.01515573879772179,0.0,0.0,281,69212.1957895566,0.17117730413062296,0.13407247566723926,0.017874709945094505
IWM,2018,2018-12-21,2018-12-24,-0.004985524535306429,0.004985524535306429,0.1976528827620267,0.0,0.030291657483883627,0.03754338576817707,0.010137365633884905,0.01597204169021323,0.02237501799144726,0.02522363684069805,1.6779153331866745,0.015019128051848796,0.01118750899572363,0.016781263493585448,1.0,0.0,208,18272.504284558436,0.163914814952094,0.032789123758765235,0.02138901737504794
QQQ,2018,2018-12-21,2018-12-24,-0.010096939887591416,0.010096939887591416,0.37385643449352496,0.0,0.03580526375870674,0.048154165110961454,0.01443218721018018,0.01975778690765814,0.021655736756198685,0.02700753272113681,2.2236216506084894,0.018262895542819235,0.010827868378099343,0.016241802567149015,1.0,1.0,220,21223.067485879114,0.09390324531655408,0.010271368548513325,0.020681578117443138
SPY,2018,2018-12-21,2018-12-24,-0.006896567025990952,0.006896567025990952,0.31306768285643444,0.0,0.024479242970144144,0.03943426590625449,0.009208732539924607,0.014771058101166648,0.01914727792233805,0.022028996934677404,2.0595233466710563,0.020361074515217403,0.009573638961169025,0.014360458441753538,1.0,1.0,561,60008.56649743447,0.18637098919823458,0.02751636205274205,0.023188078466979945
IWM,2018,2018-12-24,2018-12-26,0.003177641679429355,0.003177641679429355,0.12506966397507355,1.0,0.014483723908985557,0.0205903453667273,0.009338973323118602,0.016137345617206887,0.02237501799144726,0.02540697382910264,0.9202381591200444,0.046088116728529194,0.01118750899572363,0.016781263493585448,1.0,1.0,220,19671.3403814093,0.0176989232170361,0.008931089272089512,0.027569671228205663
QQQ,2018,2018-12-24,2018-12-26,0.011010465721635443,0.011010465721635443,0.3933237398834828,1.0,0.017661567625379182,0.030941874021191206,0.01504521216600074,0.020446820747871762,0.024540362022081257,0.027993392224169217,1.260856461422611,0.05141984671164579,0.012270181011040628,0.01840527151656094,1.0,1.0,232,24167.64980909624,0.06105864655846799,0.0421663882352143,0.028327379111531614
SPY,2018,2018-12-24,2018-12-26,0.006955726330481804,0.006955726330481804,0.30208308770256953,1.0,0.019661969043884064,0.0274849073375155,0.010374691377038517,0.015549752661396564,0.021659960175276608,0.023025871403070403,1.2689269562410221,0.04326817562512408,0.010829980087638304,0.016244970131457457,1.0,1.0,583,49896.83627748834,0.12434458214878626,0.031766535564908674,0.02349681605608457
IWM,2018,2018-12-26,2018-12-27,-0.012582342874828623,0.012582342874828623,0.46503463435481074,0.0,0.044741795621640934,0.049810014299375316,0.03092658031473266,0.019976230238338052,0.024292726870091666,0.027056786624689515,2.0504085262120006,0.018769073858826202,0.012146363435045833,0.01821954515256875,1.0,1.0,295,31070.184788861985,0.10912469049706669,0.0743897493834711,0.021176161261746526
QQQ,2018,2018-12-26,2018-12-27,-0.013708589168582197,0.013708589168582197,0.45752660245745086,0.0,0.050868519366345843,0.05824370582847241,0.039323550432375814,0.024732461847860022,0.029035610053531363,0.02996238709388941,2.0059404889751473,0.022368732969638483,0.014517805026765682,0.021776707540148522,1.0,1.0,337,53539.07014717391,0.08200246351287829,0.04601726720954269,0.024755474819576677
SPY,2018,2018-12-26,2018-12-27,-0.01466400787620803,0.01466400787620803,0.5907864246386662,0.0,0.04326817562512408,0.05263380135057451,0.03241614177563522,0.019490842412387164,0.02400725519072708,0.02482116593179465,2.192412290885489,0.015107133030315856,0.01200362759536354,0.018005441393045312,1.0,0.0,740,85393.12154092005,0.16293927417652837,0.09080490997032026,0.022328965099332694
QQQ,2018,2018-12-27,2018-12-28,0.007187133765391485,0.007187133765391485,0.23077599749992264,1.0,0.017822757342525142,0.04056654281309693,0.038196378137595126,0.024739416505557717,0.031298006954822745,0.03114333311632157,1.2961382132623618,0.009341566645622024,0.015649003477411372,0.02347350521611706,0.0,0.0,327,53783.12831553233,0.06391887343165072,0.0478708772839598,0.022134877046478204
SPY,2018,2018-12-27,2018-12-28,0.006086969251637209,0.006086969251637209,0.2322918681293872,1.0,0.02267386665264315,0.03846306752918211,0.03254710300016784,0.019599758343094267,0.026139978485233986,0.02620397046463439,1.4714269007875895,0.007292219136458167,0.013069989242616993,0.01960498386392549,0.0,0.0,731,100957.57791233709,0.10616047992557892,0.06903238313979926,0.02181690740478889
IWM,2018,2018-12-28,2018-12-31,0.006472983639927543,0.006472983639927543,0.23089271000413783,1.0,0.0028683944374063852,0.026192642909195114,0.02900936900928321,0.01893068778467788,0.0260020905410704,0.028034595114811295,1.007328347996625,0.002467856925232992,0.0130010452705352,0.019501567905802798,0.0,0.0,241,29464.37379642319,0.0789918251509582,0.045105531533642364,0.021766626939866574
QQQ,2018,2018-12-28,2018-12-31,0.009805844204942016,0.009805844204942016,0.3183873530850481,1.0,0.007654834398330479,0.025105386120133744,0.03749913286604226,0.02333303803504711,0.029035610053531363,0.030798472709192892,0.8646412482413257,0.0033015763760322336,0.014517805026765682,0.021776707540148522,0.0,0.0,278,49739.19415081371,0.04222580334479955,0.026636030261976782,0.02283763440244431
SPY,2018,2018-12-28,2018-12-31,0.007305741911579178,0.007305741911579178,0.2805868373157129,1.0,0.007332325577485421,0.019833307604480793,0.03159516915714206,0.018579078867684576,0.026139978485233986,0.02603736505058805,0.7587346567895715,0.002524462610096645,0.013069989242616993,0.01960498386392549,0.0,0.0,647,87366.22574744988,0.08625849305023862,0.05139729029348524,0.022246407166534716
IWM,2018,2018-12-31,2019-01-02,-0.012920058300200488,0.012920058300200488,0.4593641075533908,0.0,0.0013460415355828204,0.016826203854772664,0.0244646641775066,0.019189815265957196,0.0260020905410704,0.028125963887369716,0.6471096555946382,0.00478945503244832,0.0130010452705352,0.019501567905802798,0.0,0.0,211,27201.7746250427,0.05151030745767173,0.011923048488408772,0.02527353690534271
QQQ,2018,2018-12-31,2019-01-02,-0.021197906975985115,0.021197906975985115,0.6878580141236265,0.0,0.001359530732230274,0.014695338873135424,0.032827689409642306,0.02351484032714755,0.029035610053531363,0.030817271211112596,0.506114348761484,0.0007290602252896239,0.014517805026765682,0.021776707540148522,0.0,0.0,239,42861.38845411017,0.19739661307093956,0.052455934234732125,0.022713396815370566
SPY,2018,2018-12-31,2019-01-02,-0.015765054698595238,0.015765054698595238,0.6059248981491578,0.0,0.0014425413282312949,0.010899187559354342,0.02774965431184771,0.018824804519473447,0.026139978485233986,0.02601816618982114,0.41695472570917,0.00012197104968114658,0.013069989242616993,0.01960498386392549,0.0,0.0,683,76079.15280727789,0.18170299392390088,0.057908195123396934,0.021663013407304723
IWM,2019,2019-01-02,2019-01-03,-0.00556958250114048,0.00556958250114048,0.19275064183010487,0.0,0.018839415356435296,0.027464666210954117,0.019285697696490883,0.019204744210463753,0.02613861704358391,0.028895273438568604,1.0507314203027318,0.01716680494039391,0.013069308521791955,0.01960396278268793,1.0,0.0,268,32742.629169242773,0.15993848836734248,0.021736184051252536,0.023734185899342054
QQQ,2019,2019-01-02,2019-01-03,-0.014721066034456776,0.014721066034456776,0.462608324930156,0.0,0.025763290602864197,0.03225375812975902,0.02634817630231379,0.02344404553396368,0.031298006954822745,0.031821878771159905,1.0305371257765985,0.02080407048010824,0.015649003477411372,0.02347350521611706,1.0,0.0,310,53124.298731572635,0.1514794494939748,0.03661463252403625,0.022392523019727648
SPY,2019,2019-01-02,2019-01-03,-0.007794376070548781,0.007794376070548781,0.2935287518209861,0.0,0.017074546797270163,0.02138389241802929,0.02121959902267934,0.01870980435472662,0.026139978485233986,0.026554046314693984,0.8180531759086441,0.018713824405383495,0.013069989242616993,0.01960498386392549,1.0,0.0,723,90616.98824662168,0.19753122286846017,0.066613465551575,0.020286864399197548
IWM,2019,2019-01-03,2019-01-04,0.012627585398452323,0.012627585398452323,0.4323481141894381,1.0,0.012396412640671817,0.02232846995291437,0.010464225261327802,0.019009049205617193,0.02613861704358391,0.029206986185487116,0.8542330267773369,0.02747915161952008,0.013069308521791955,0.01960396278268793,1.0,1.0,255,28279.89727821327,0.10978484076302364,0.04394036825941413,0.020602501636485658
QQQ,2019,2019-01-03,2019-01-04,0.01682011006860029,0.01682011006860029,0.5191584178652773,1.0,0.018217553526249985,0.024705038419949456,0.016680448164231643,0.023683805617247485,0.031298006954822745,0.03239880061612551,0.7893486142938769,0.030589495694705704,0.015649003477411372,0.02347350521611706,1.0,1.0,296,49784.97655610441,0.2716165048904116,0.05051242750074933,0.0193610332328645
SPY,2019,2019-01-03,2019-01-04,0.013840504201712234,0.013840504201712234,0.5127345392140845,1.0,0.0161946141999868,0.01973979470495484,0.013191396716581058,0.018679755425436692,0.026139978485233986,0.026993508615446214,0.7551572667171667,0.022294940644240313,0.013069989242616993,0.01960498386392549,1.0,1.0,730,84170.83543769254,0.18391396301050258,0.06884214643902743,0.020725243782201374
IWM,2019,2019-01-07,2019-01-08,0.008668291035256237,0.008668291035256237,0.29996067836930135,1.0,0.01697509780199402,0.026446086035961873,0.020037394988123684,0.02017718072514035,0.026319364472578495,0.028898091184418957,1.0048147653229016,0.007031180489471156,0.013159682236289248,0.019739523354433873,0.0,0.0,224,38689.694264767044,0.2667282600191298,0.05217596061230915,0.017922308545937807
QQQ,2019,2019-01-07,2019-01-08,0.009171971546783064,0.009171971546783064,0.2853005695675702,1.0,0.009385782572673529,0.017558422204919443,0.026875767942739243,0.025018914749680987,0.029035610053531363,0.03214845158102913,0.6047202787386916,0.003572817777398596,0.014517805026765682,0.021776707540148522,0.0,0.0,248,49362.089611177056,0.06857281829223166,0.01109182907061156,0.020176445405203067
SPY,2019,2019-01-07,2019-01-08,0.009591958465958506,0.009591958465958506,0.36152543157414596,1.0,0.006688046321888574,0.016858579546785768,0.020506836570816672,0.019816193262245593,0.022687589266619887,0.026531905166929513,0.7430749626444311,0.00190791301456672,0.011343794633309943,0.017015691949964915,0.0,0.0,839,106149.63043967061,0.17007108827169262,0.06847288354468874,0.018864051202215036
IWM,2019,2019-01-08,2019-01-09,0.003457316784980735,0.003457316784980735,0.1231993692703858,1.0,0.006605061474603602,0.01704541082717265,0.0201063654762961,0.02002239554609959,0.02613861704358391,0.028062779910771767,0.6521160166488872,0.008226678096631801,0.013069308521791955,0.01960396278268793,0.0,0.0,219,39677.07038780169,0.07102759141597727,0.014801298885164864,0.019603607195639288
QQQ,2019,2019-01-08,2019-01-09,0.003886629266437014,0.003886629266437014,0.12459809019432845,1.0,0.00012529155392415614,0.018239963548765625,0.026885929007592548,0.02406033515994474,0.02611736610300263,0.03119332937106229,0.6983844954667399,0.008617490246485504,0.013058683051501315,0.01958802457725197,0.0,0.0,247,57473.02228989109,0.22730143106064868,0.029050285080049615,0.01901734949058196
SPY,2019,2019-01-08,2019-01-09,0.0030767168233192255,0.0030767168233192255,0.1202273503822518,1.0,0.00019476017880382113,0.012888394456024958,0.02053436564025239,0.019380209791851243,0.020760660355906055,0.025590822833049948,0.620808501997309,0.005241520874018857,0.010380330177953027,0.015570495266929541,0.0,0.0,1045,122880.06377133164,0.16325459591490687,0.07227014869857507,0.017666621060799706
IWM,2019,2019-01-09,2019-01-10,-0.005878211153032775,0.005878211153032775,0.21335011274986349,0.0,0.0047812731679421905,0.012445536895434059,0.019949131964004982,0.020110375802492024,0.02613861704358391,0.02755194772230809,0.47613601265446404,0.0050229319025156816,0.013069308521791955,0.01960396278268793,0.0,0.0,283,43715.17625877512,0.1085215648527787,0.03938680578960526,0.018052573113901318
QQQ,2019,2019-01-09,2019-01-10,-0.007586128374211354,0.007586128374211354,0.2488729077605903,0.0,0.004246334064956114,0.012801317969096521,0.026834203306371242,0.02401111917148569,0.0249052122700416,0.03048193731681323,0.5140015604081073,0.0056711353029639255,0.0124526061350208,0.0186789092025312,0.0,0.0,312,66081.96091722463,0.06643388942798793,0.030222020108393404,0.018918015868625196
SPY,2019,2019-01-09,2019-01-10,-0.006628644598156819,0.006628644598156819,0.26642653606428196,0.0,0.0015918763239470834,0.010560650902647788,0.020396913245904896,0.019412945819476234,0.01998536794913181,0.024879821267343637,0.5284191379176763,0.0029745979085127328,0.009992683974565904,0.014989025961848857,0.0,0.0,973,125433.07870935116,0.17822157549202056,0.07161163593609109,0.016120944508129936
IWM,2019,2019-01-10,2019-01-11,-0.004385998924321233,0.004385998924321233,0.16209573972788383,0.0,0.011122074181389552,0.01668305756664523,0.012581058098198579,0.020142358002631915,0.024260556431054743,0.027058076490376448,0.687661786078825,0.0023128809082895163,0.012130278215527372,0.01819541732329106,0.0,0.0,283,50747.247541476194,0.2207085676839051,0.13091047414074802,0.016419707092599038
QQQ,2019,2019-01-10,2019-01-11,-0.005890358106600768,0.005890358106600768,0.19487312502075188,0.0,0.010526269495827023,0.01672931119572494,0.015900508316183778,0.024007637222866616,0.0249052122700416,0.0302266313324298,0.671719277648903,0.003379489127049995,0.0124526061350208,0.0186789092025312,0.0,0.0,308,74891.2442471195,0.2250279407167178,0.10862897505480436,0.01767871785335095
SPY,2019,2019-01-10,2019-01-11,-0.004635399352586056,0.004635399352586056,0.18867133121801932,0.0,0.010223971815125354,0.0142823832148325,0.012359586718740174,0.019437853272742923,0.019786551154717814,0.024568647089417184,0.7218227726071945,0.002528863944175175,0.009893275577358907,0.01483991336603836,0.0,0.0,970,145020.88386518485,0.29398430879967735,0.12438286649030138,0.014465816060611083
IWM,2019,2019-01-11,2019-01-14,-0.005985421738592955,0.005985421738592955,0.2270613635949641,0.0,0.004684974440113621,0.009160288565147756,0.007123483483816752,0.020023559376738657,0.024260556431054743,0.026360370799454247,0.37757949168149013,0.005137666304052546,0.012130278215527372,0.01819541732329106,0.0,0.0,232,45419.39986078888,0.16296975981620662,0.1314727496103942,0.017329770223411655
QQQ,2019,2019-01-11,2019-01-14,-0.008463504821013768,0.008463504821013768,0.287198344385953,0.0,0.0022453727077911267,0.006673781026624412,0.00615088085749825,0.02391652094880203,0.0249052122700416,0.029469197808605897,0.26796724132531413,0.004666154929390487,0.0124526061350208,0.0186789092025312,0.0,0.0,253,65045.816823287176,0.257137065028983,0.2418397373013,0.018103878861225668
SPY,2019,2019-01-11,2019-01-14,-0.008186058942122543,0.008186058942122543,0.34067170014230747,0.0,0.005045088278089915,0.007683991938091287,0.003572483450709388,0.019391819353005785,0.019786551154717814,0.02402917218748435,0.3883441777198828,0.0017549303187331944,0.009893275577358907,0.01483991336603836,0.0,0.0,978,122696.94852391837,0.3016395477822527,0.26270399995748595,0.014603610696614706
IWM,2019,2019-01-14,2019-01-15,0.002811907883897291,0.002811907883897291,0.10887843868309124,1.0,0.003991088747984484,0.009452499889955526,0.009437129972100585,0.01989107555932507,0.024260556431054743,0.025826122397675223,0.3896241999567597,0.007010165038812799,0.012130278215527372,0.01819541732329106,0.0,0.0,220,54243.92581930935,0.08558685018570902,0.07731114568488287,0.01644350807860588
QQQ,2019,2019-01-14,2019-01-15,0.004583384868190654,0.004583384868190654,0.15655010521647014,1.0,0.00037656158855359223,0.008598571268638099,0.007688600786374668,0.023976166783988957,0.0249052122700416,0.02927743077433876,0.3452518764106778,0.016250038146972567,0.0124526061350208,0.0186789092025312,1.0,0.0,256,70887.48237113608,0.28415540067014405,0.2661110134174129,0.016996102409213155
IWM,2019,2019-01-16,2019-01-17,-0.0036673039276809982,0.0036673039276809982,0.15137083182010985,0.0,0.005846406176921226,0.010996672547304584,0.007529306830501487,0.018642243103976334,0.02161555677766537,0.024227282651384564,0.5087388060559734,0.00013894750497556174,0.010807778388832685,0.016211667583249028,0.0,0.0,252,76700.43627385555,0.3421170361180269,0.27132882696922356,0.013696113410616126
QQQ,2019,2019-01-16,2019-01-17,-0.0032029827712440895,0.0032029827712440895,0.11545661455647917,0.0,0.0018443762940419939,0.009160808786210894,0.010748614149835014,0.02314677587404595,0.021523662525643836,0.02774187328762573,0.4256157043577725,0.0016091755588907297,0.010761831262821918,0.016142746894232878,0.0,0.0,278,95317.38479903026,0.20154614562195727,0.18024188074151426,0.017350194592000084
SPY,2019,2019-01-16,2019-01-17,-0.00371676442589286,0.00371676442589286,0.16566119985183747,0.0,0.0005751808526084368,0.005252444840378539,0.006318067890708637,0.01861567840900573,0.01894846112792406,0.022435938102688048,0.27719638048274486,0.0001924077249999545,0.00947423056396203,0.014211345845943045,0.0,0.0,942,166057.50271254638,0.32665248444341105,0.24239706345742268,0.014170377295617596
IWM,2019,2019-01-17,2019-01-18,0.005280149919719479,0.005280149919719479,0.22010539946007113,1.0,0.012778639264500846,0.01639003069878766,0.008083482072753114,0.01866616294904019,0.021459407659820837,0.02398918851001354,0.7637690172350498,0.009004038270623349,0.010729703829910418,0.016094555744865627,0.0,0.0,261,80694.39380750715,0.2018986451390788,0.15062142427626005,0.013795496427918946
QQQ,2019,2019-01-17,2019-01-18,0.007028013580443027,0.007028013580443027,0.2539306232180451,1.0,0.01112280189947068,0.017240272227429593,0.011085522558760748,0.023165835211577238,0.02147250098435754,0.027676904389779773,0.8029000552841482,0.0075252184873777495,0.01073625049217877,0.016104375738268152,0.0,0.0,284,97395.12509712888,0.18958370350314796,0.16454295643122968,0.015224880375094594
SPY,2019,2019-01-17,2019-01-18,0.007681851220302738,0.007681851220302738,0.3447834063565067,1.0,0.011345646623805994,0.015230267389420292,0.006754715085195439,0.018659226236657264,0.018299187125870302,0.022280223115957294,0.8322920184737959,0.0075477391390974535,0.009149593562935151,0.013724390344402726,0.0,0.0,944,169223.50728850055,0.23898948858763502,0.17577942370297467,0.014424452237952442
IWM,2019,2019-01-18,2019-01-22,-0.00590507775996052,0.00590507775996052,0.2598853864873651,0.0,0.004979506801818356,0.013096849174682734,0.00845394956367937,0.017822999213962173,0.018817878096949976,0.022721853813229352,0.6959790634846066,0.01673032704652866,0.009408939048474988,0.014113408572712483,1.0,1.0,203,30710.303273825342,0.0809418089525123,0.035132110658187526,0.022754865551916793
QQQ,2019,2019-01-18,2019-01-22,-0.007201225061459926,0.007201225061459926,0.2761422200891566,0.0,0.002852295328225063,0.013351116425172576,0.010718332209141515,0.02236449446038461,0.017899192876842534,0.026077957434885918,0.7459060593981235,0.020527514086332577,0.008949596438421267,0.0134243946576319,1.0,1.0,236,33609.01103348489,0.15284594971301813,0.04760929976709249,0.02301381775214352
SPY,2019,2019-01-18,2019-01-22,-0.006154710588647028,0.006154710588647028,0.2920435357413526,0.0,0.005585253254542177,0.01502004234777346,0.007821027283725981,0.018400019393097208,0.01604442346810303,0.02107463386588336,0.9361534478090733,0.014402856817544718,0.008022211734051515,0.012033317601077273,1.0,1.0,750,79641.16975852844,0.13295973614109413,0.059946849509711436,0.01788651467542991
QQQ,2019,2019-01-22,2019-01-23,0.005125366299503442,0.005125366299503442,0.19971509504304258,1.0,0.012922072100058024,0.020602248769419473,0.014868207828979732,0.02263274135595096,0.017899192876842534,0.0256633896321098,1.1510155184748065,0.00454623219850947,0.008949596438421267,0.0134243946576319,0.0,0.0,264,51180.69613134862,0.154913057717913,0.11710019598953914,0.020987886391835436
SPY,2019,2019-01-22,2019-01-23,0.004375045568553837,0.004375045568553837,0.21134558466571562,1.0,0.007401336449087137,0.015104598932749087,0.010770303815159915,0.018256464409264695,0.015167433161084688,0.02070090830368577,0.9958572932105073,0.002954428811200449,0.007583716580542344,0.011375574870813516,0.0,0.0,886,114500.28380524363,0.18995712937620574,0.09671772613938537,0.017173982868584466
QQQ,2019,2019-01-23,2019-01-24,0.0032685710715181227,0.0032685710715181227,0.13490551815954374,1.0,0.0038091193690621417,0.019598126797843316,0.01186219517996051,0.021160191711829195,0.017899192876842534,0.02422859432371478,1.0949167894156173,0.004671808457354043,0.008949596438421267,0.0134243946576319,0.0,0.0,316,59917.3734716499,0.18401131987531869,0.13600103332568417,0.018946771416748016
IWM,2019,2019-01-24,2019-01-25,0.007905368026632775,0.007905368026632775,0.38010725997111017,1.0,0.00720077960023513,0.009900939889897525,0.010870294246165927,0.015223109522139748,0.016935807340972657,0.02079772963882252,0.5846157605928985,0.0069567883401284725,0.008467903670486328,0.012701855505729493,0.0,0.0,274,58862.659434807116,0.34814265794914356,0.23227958306796023,0.01480801618621195
QQQ,2019,2019-01-24,2019-01-25,0.008026945974816346,0.008026945974816346,0.3471463802394164,1.0,0.003196485713503172,0.00848294163353467,0.012236148039215107,0.01972802207749123,0.01739934721617452,0.023122654971313265,0.48754367207804705,0.006929666450150362,0.00869967360808726,0.013049510412130889,0.0,0.0,300,63122.688044765615,0.2012112147664619,0.1444553015522937,0.01768709262237766
SPY,2019,2019-01-24,2019-01-25,0.007816344731580882,0.007816344731580882,0.4212330663997836,1.0,0.0012917303633157573,0.008054502882074096,0.010023326828084711,0.015293195392252509,0.015062320640261273,0.018555866941752742,0.534745148137703,0.004103862488550547,0.007531160320130637,0.011296740480195955,0.0,0.0,803,143393.3212229195,0.25541614009080543,0.1949622390576011,0.014031242004572942
IWM,2019,2019-01-25,2019-01-28,-0.009366021842831751,0.009366021842831751,0.49177930957950616,0.0,0.004910661878877232,0.008252671901264746,0.011646482943299214,0.011954250515457888,0.016754630710708946,0.019045172621922887,0.4925606564392936,0.004058688976387836,0.008377315355354473,0.01256597303303171,0.0,0.0,240,32972.72894853363,0.07845172405506318,0.02102913666327439,0.021647461555470742
QQQ,2019,2019-01-25,2019-01-28,-0.012897303679941463,0.012897303679941463,0.6223533155954413,0.0,0.0038903374324885664,0.010333700109457769,0.012915216968005063,0.014834719756048918,0.01702639374310933,0.020723443350826966,0.6069224208819834,0.00785164928878479,0.008513196871554664,0.012769795307331997,0.0,0.0,264,40360.000990419656,0.14678145655584193,0.0264573221099832,0.021818536671432152
SPY,2019,2019-01-25,2019-01-28,-0.008992340062594417,0.008992340062594417,0.5448751968355263,0.0,0.0006400867328437698,0.011445385010274018,0.010151976852676,0.011189491172000425,0.014651212781302981,0.01650348577953128,0.7811902796797783,0.006111792090190082,0.0073256063906514905,0.010988409585977237,0.0,0.0,786,106732.49973009074,0.219473326324065,0.1050127670794012,0.016723073443384008
IWM,2019,2019-01-29,2019-01-30,0.005335149080563983,0.005335149080563983,0.3142456778739398,1.0,0.0034763120597471886,0.006407214221178275,0.007574966259651128,0.012309370895356251,0.014743439936735197,0.016977637104381074,0.4345806846076585,0.00925296400792286,0.0073717199683675984,0.011057579952551397,1.0,0.0,234,44642.43711390668,0.1942418731209529,0.14185448844733328,0.01841182866218343
QQQ,2019,2019-01-29,2019-01-30,0.011326276470319252,0.011326276470319252,0.5905957347290786,1.0,0.009987681706516094,0.013786764963687914,0.010334926207007876,0.015530661632042635,0.01571232503443018,0.01917771464352838,0.8774490683891266,0.017625489537270278,0.00785616251721509,0.011784243775822635,1.0,1.0,264,48211.65970401556,0.12188954646083415,0.044031089025968785,0.020923461296426724
SPY,2019,2019-01-29,2019-01-30,0.006415862791506299,0.006415862791506299,0.43486028172109714,1.0,0.0019324406626125556,0.00784319756488425,0.0058062360617556685,0.011437335041963845,0.01216688973314949,0.014753848675518244,0.6446345563168,0.012900727391235156,0.006083444866574745,0.009125167299862118,1.0,1.0,765,128528.43257196726,0.18680285526396034,0.12371460245125589,0.01557752170958082
QQQ,2019,2019-01-30,2019-01-31,0.006156472220861131,0.006156472220861131,0.30947446313269256,1.0,0.013953481422657177,0.020746631066559513,0.015621323934259019,0.016298715588222327,0.016770913227257003,0.019893312548445837,1.2370603070583512,0.013737304060256639,0.008385456613628502,0.012578184920442752,1.0,1.0,306,52373.69488928253,0.22839687587634114,0.0711489501475,0.019067937337456677
QQQ,2019,2019-01-31,2019-02-01,-0.004935786233226103,0.004935786233226103,0.2555584453725296,0.0,0.008758288785815083,0.015117002511063996,0.016346517193339502,0.016492638709885786,0.015923156853394467,0.01931372773077864,0.949372203655796,0.0020360280657907293,0.007961578426697234,0.01194236764004585,0.0,0.0,324,54143.9169240468,0.22684771720376132,0.12403393600148947,0.017907014920125107
IWM,2019,2019-02-06,2019-02-07,-0.0066918078304393225,0.0066918078304393225,0.51870280434488,0.0,0.0007282879716710156,0.008408296279952725,0.005693356756670096,0.007741374759935791,0.010966256446595938,0.012901044248046922,0.7667426273405055,0.010310659650852427,0.005483128223297969,0.008224692334946954,1.0,1.0,289,48248.41903422026,0.1125392884477353,0.044787176589495506,0.01606878508768262
QQQ,2019,2019-02-06,2019-02-07,-0.0087380099450578,0.0087380099450578,0.5641940492960477,0.0,0.0032150758649084343,0.009469778732850698,0.00887083947063441,0.011323147787397408,0.01296859845303619,0.015487596786886234,0.7302083387918953,0.012458831201413778,0.006484299226518095,0.009726448839777142,1.0,1.0,338,59621.18544566643,0.2689221756907707,0.13695438861687018,0.01651206989156649
SPY,2019,2019-02-06,2019-02-07,-0.006599647493651162,0.006599647493651162,0.5729860554921021,0.0,0.00018335829385274227,0.0052054065972962985,0.0042617075035706695,0.007156669305061052,0.010222781436909193,0.011517989714397386,0.5091967024260402,0.009877348436703626,0.0051113907184545965,0.007667086077681895,1.0,1.0,941,127626.69393363313,0.2299882163825924,0.12430910905123399,0.01456133933076356
IWM,2019,2019-02-07,2019-02-08,-0.004208730526670257,0.004208730526670257,0.32083474285236535,0.0,0.0015341230679570828,0.015408201619577172,0.007236753504516576,0.00804305802997865,0.010966256446595938,0.013118063490421102,1.4050557448307777,0.0037710273305977537,0.005483128223297969,0.008224692334946954,0.0,0.0,294,58385.55605740582,0.31853923022073327,0.07425063825555037,0.015144366967973184
QQQ,2019,2019-02-07,2019-02-08,-0.008738044689033386,0.008738044689033386,0.5498446279516238,0.0,0.004732905741793081,0.014790274022685521,0.010483019612934737,0.011862090828425065,0.013243497681074218,0.01589184334051941,1.116795153279012,0.0011405845846388374,0.006621748840537109,0.009932623260805663,0.0,0.0,329,78605.1766148995,0.2890146227393912,0.1781454169743319,0.014824467494007941
SPY,2019,2019-02-07,2019-02-08,-0.005145534067755531,0.005145534067755531,0.4359098439397226,0.0,0.002952638169927524,0.01203210754658453,0.006319928596531542,0.00767298817877276,0.010547169674083479,0.011804124497970853,1.1407901757899888,0.0034350650556678186,0.005273584837041739,0.007910377255562609,0.0,0.0,971,156948.39446720824,0.3111417465368456,0.18494214899874245,0.013400414337972625
IWM,2019,2019-02-08,2019-02-11,0.0029361839485895214,0.0029361839485895214,0.23017258714145872,1.0,0.0052999366554487,0.009392150271128602,0.007237170996357332,0.00801957630541888,0.010743367124452877,0.012756445000920161,0.8742278060805738,0.00572227459425223,0.0053716835622264385,0.008057525343339658,1.0,0.0,240,48187.90784542833,0.2430570495632059,0.22774244901931542,0.016130818345482717
QQQ,2019,2019-02-08,2019-02-11,0.003618893089622377,0.003618893089622377,0.23106069567040205,1.0,0.01079397404084248,0.012113151116643088,0.010202630761238502,0.0118616447093332,0.012624515026809474,0.01566208860889335,0.9594943719358366,0.002423619238323349,0.006312257513404737,0.009468386270107106,0.0,0.0,263,53807.43452791299,0.19430788986352965,0.1686547523565809,0.0158032277802851
SPY,2019,2019-02-08,2019-02-11,0.002699046042198283,0.002699046042198283,0.23260150356133977,1.0,0.006400004542151061,0.010232558139534883,0.0063376413484506,0.007671457673988304,0.01005873505535274,0.0116037342874979,1.0172808094880323,0.0010692404656766907,0.00502936752767637,0.007544051291514555,0.0,0.0,875,129075.73625082115,0.2085252756661045,0.16719120261780024,0.014577307323661548
IWM,2019,2019-02-11,2019-02-12,0.005426816891509034,0.005426816891509034,0.4237181699410369,1.0,0.005389665670159749,0.010113707376232371,0.005931446783204321,0.008122603898858799,0.010743367124452877,0.012807609577526993,0.9413908376278659,0.008359691204370634,0.0053716835622264385,0.008057525343339658,1.0,1.0,240,44665.97102680725,0.07854818853958964,0.056499897747529705,0.016989211933973396
QQQ,2019,2019-02-11,2019-02-12,0.007304103508959825,0.007304103508959825,0.4659784242640206,1.0,0.00455165975524785,0.009457977896989418,0.00811938045529975,0.011805642717936665,0.012624515026809474,0.015674767604307284,0.7491755427360509,0.008901694649358305,0.006312257513404737,0.009468386270107106,1.0,0.0,272,62542.90414619605,0.19190539719987643,0.1655110149969525,0.01637337484436756
SPY,2019,2019-02-11,2019-02-12,0.006651460878814186,0.006651460878814186,0.5788300999218283,1.0,0.0021387059872289838,0.005383449075819299,0.005177219531871799,0.007669432658348069,0.01005873505535274,0.011491214571793128,0.535201399201235,0.007708595119405803,0.00502936752767637,0.007544051291514555,1.0,1.0,952,130381.98407734826,0.1950976278409944,0.14929310445932725,0.014528800869824218
IWM,2019,2019-02-12,2019-02-13,0.0028105932436250924,0.0028105932436250924,0.2171031028624731,1.0,0.00704322891729392,0.008622943485932275,0.008143721430245924,0.00785086367870683,0.010743367124452877,0.012945891636590292,0.8026295095422806,0.00221611486082951,0.0053716835622264385,0.008057525343339658,0.0,0.0,245,35916.83198084565,0.1247223498643654,0.08367404365569937,0.014810153003698381
QQQ,2019,2019-02-12,2019-02-13,0.004447273155540721,0.004447273155540721,0.28085307258297726,1.0,0.007427898783038955,0.010670267679613474,0.010155688561123932,0.011802699773343136,0.012624515026809474,0.015834874493768573,0.8452021845555293,0.002971219247071888,0.006312257513404737,0.009468386270107106,0.0,0.0,269,53182.18680357811,0.09662686109482028,0.07342232777542822,0.016413800778093502
SPY,2019,2019-02-12,2019-02-13,0.003392895494610304,0.003392895494610304,0.2896048702007732,1.0,0.006166920905122497,0.00800232203336097,0.008014230157319481,0.007756978171446539,0.01005873505535274,0.011715602338655855,0.7955594803247696,0.003272348109220502,0.00502936752767637,0.007544051291514555,0.0,0.0,960,120503.51686588215,0.2632863759633346,0.219787765514242,0.014372265809278143
IWM,2019,2019-02-13,2019-02-14,-0.005475142405917843,0.005475142405917843,0.42962547605186924,0.0,0.0,0.006909122482366909,0.00787461919278872,0.007771701253792769,0.010332300639625416,0.012743989151278409,0.6686915841250037,0.001181154473618884,0.005166150319812708,0.0077492254797190616,0.0,0.0,273,52283.35077059627,0.29445401397557314,0.1861663306522127,0.015421852931726892
QQQ,2019,2019-02-13,2019-02-14,-0.0035670465466693946,0.0035670465466693946,0.2349594153861155,0.0,0.0037285139085667662,0.007806562106251668,0.010029231798256497,0.0112004183425099,0.01139170939812828,0.015181543335080084,0.6852845199452093,0.0033562507170947775,0.00569585469906414,0.00854378204859621,0.0,0.0,305,84366.88606787055,0.09685461708790488,0.05783058180979133,0.016896854428496644
SPY,2019,2019-02-13,2019-02-14,-0.004400129088505511,0.004400129088505511,0.38569236481366315,0.0,0.0001454697491163337,0.004981257038389034,0.007978681351192625,0.00750875476076228,0.008969707426622347,0.011408390442552097,0.5553421980748805,0.0033349348715256966,0.004484853713311174,0.00672728056996676,0.0,0.0,910,147214.0107992757,0.3161965796383325,0.2146351115172405,0.014313823594520872
IWM,2019,2019-02-14,2019-02-15,0.006568215378640163,0.006568215378640163,0.514806074113295,1.0,0.007799203218806339,0.012911267512530397,0.004857218263123928,0.007715192948288899,0.010332300639625416,0.01275862059311032,1.249602384101599,0.00943278669971459,0.005166150319812708,0.0077492254797190616,1.0,1.0,206,49719.31244783307,0.45005906984557714,0.3543244898448796,0.01112158011770558
QQQ,2019,2019-02-14,2019-02-15,0.007592588730811256,0.007592588730811256,0.4960044104143463,1.0,0.004812249727643048,0.011737089622285856,0.006374188155809188,0.01118603179882136,0.011925120369464472,0.015307502456416969,0.984232381615192,0.00023181825378149057,0.005962560184732236,0.008943840277098354,0.0,0.0,235,62185.24454699291,0.2415548682951651,0.1277985832765723,0.014596032731487026
SPY,2019,2019-02-14,2019-02-15,0.007216198095760129,0.007216198095760129,0.6220361732152868,1.0,0.00219156295635492,0.01011768406604094,0.005778262950313077,0.007591173626720101,0.010001298018605768,0.011600929988460015,1.0116370942270347,0.003799458554794466,0.005000649009302884,0.007500973513954326,0.0,0.0,768,102461.59288355809,0.2958521113819372,0.15423735710365355,0.013908537751757414
IWM,2019,2019-02-15,2019-02-19,-0.004288811699589945,0.004288811699589945,0.33650216183181875,0.0,0.009303543434314054,0.012727750589481392,0.005964508450392634,0.008134483057608052,0.010332300639625416,0.01274527235201972,1.2318409068227443,0.0,0.005166150319812708,0.0077492254797190616,0.0,0.0,222,23279.347299116325,0.0693505142143653,0.022320762942114703,0.022264379704373432
QQQ,2019,2019-02-15,2019-02-19,-0.003082463485933107,0.003082463485933107,0.20739285289275702,0.0,0.0033619395820249087,0.0082309189298576,0.006313470161711744,0.011126776819246178,0.011203678650949664,0.014862920505399724,0.7346621753704009,0.00017504246961230763,0.005601839325474832,0.008402758988212248,0.0,0.0,236,54022.402211882334,0.08260151943963735,0.03003322263682538,0.020574109315298482
SPY,2019,2019-02-15,2019-02-19,-0.0032086532304381743,0.0032086532304381743,0.2815991217994891,0.0,0.003654688881026491,0.0046316357184219906,0.006547182677775457,0.0077417486423697725,0.008969707426622347,0.011394400699597622,0.5163641909517767,3.6205612112816254e-05,0.004484853713311174,0.00672728056996676,0.0,0.0,845,114527.14499349233,0.17812230904028317,0.0842434382474894,0.01720864580840365
QQQ,2019,2019-02-20,2019-02-21,-0.0026705759876178847,0.0026705759876178847,0.19496394429266795,0.0,0.0008700342331475763,0.010208785203859731,0.001659843811881744,0.009704318284548694,0.01027124265665875,0.01369779421167731,0.9939191921672176,0.006326439750399704,0.005135621328329375,0.007703431992494063,1.0,0.0,329,71296.06169173695,0.19007940034373558,0.08526801408781487,0.019095922873166808
SPY,2019,2019-02-20,2019-02-21,-0.0025501650290548072,0.0025501650290548072,0.24764610956257577,0.0,0.0021597714581493843,0.00601135107595308,0.004799682417325686,0.006341342357809196,0.00792275979912261,0.010297617974129434,0.758744582489904,0.004885131440923285,0.003961379899561305,0.005942069849341957,1.0,0.0,886,128301.44084764578,0.1539080243452625,0.08361683353541549,0.016166920725931823
IWM,2019,2019-02-21,2019-02-22,0.0030614899348335722,0.0030614899348335722,0.27258384159654014,1.0,0.002163887138763032,0.008337029961723388,0.0072068125576117735,0.006680060388916024,0.009646545080513064,0.011231369830662887,0.8642503499584507,0.006358491593015714,0.004823272540256532,0.007234908810384798,1.0,0.0,302,47140.394226911725,0.1706773384138048,0.0646632201328324,0.01804854521564175
IWM,2019,2019-02-22,2019-02-25,0.005880543600773391,0.005880543600773391,0.5246327040857977,1.0,0.005595406626294208,0.007439423521082636,0.007308708717482469,0.006746786131698297,0.009199090365758214,0.0112088772868641,0.8087129515299047,0.002640169500320644,0.004599545182879107,0.00689931777431866,0.0,0.0,254,34819.633663270855,0.19472379053753888,0.15915556768738603,0.016716289274017075
QQQ,2019,2019-02-22,2019-02-25,0.007634954762443025,0.007634954762443025,0.5809486240906144,1.0,0.005232826720969808,0.006453866939353524,0.0042055284308619,0.009836248060713685,0.009915247178914528,0.01314222023400842,0.6509032828831668,0.0025830717576476037,0.004957623589457264,0.007436435384185896,0.0,0.0,275,64358.22270057949,0.0973852892404649,0.035328805013905694,0.01961135148587948
SPY,2019,2019-02-22,2019-02-25,0.005696053071764462,0.005696053071764462,0.5792899145008756,1.0,0.0037036760674842295,0.007047540751190483,0.005411108260006214,0.006530680130006916,0.007688343357664057,0.00983281933480969,0.9166527070054962,0.0020659941921701286,0.0038441716788320283,0.005766257518248042,0.0,0.0,781,118785.03190476885,0.2634802312773372,0.13422672813575715,0.015253289921889058
IWM,2019,2019-02-26,2019-02-27,-0.0038828808825737138,0.0038828808825737138,0.3645494588090118,0.0,0.005759055977189731,0.008227346984064169,0.006282732143038695,0.006598952243806718,0.008934759151113714,0.01065117719625518,0.9208247077414093,0.002370038352222714,0.004467379575556857,0.006701069363335286,0.0,0.0,237,48790.06959934146,0.18439575576708553,0.06852102521659248,0.016210632180200593
QQQ,2019,2019-02-26,2019-02-27,-0.004605659561388475,0.004605659561388475,0.37477693566774406,0.0,0.0034661514937657234,0.008318904625255261,0.004150659988904852,0.008962375893966926,0.00954574394341001,0.01228906883819444,0.8714778727118792,0.0066371648003462624,0.004772871971705005,0.007159307957557507,1.0,0.0,262,72079.71049645003,0.18459156504491628,0.07410957100178087,0.01720524120754116
SPY,2019,2019-02-26,2019-02-27,-0.0028641640038991056,0.0028641640038991056,0.31392553414215774,0.0,0.0006806951530919925,0.005015562182475282,0.0036014451546894,0.006002620105042018,0.0072624703143115595,0.00912370512238135,0.6906137946741787,0.0037479385403187404,0.0036312351571557797,0.00544685273573367,1.0,0.0,822,146702.17000854958,0.2766217542903155,0.1570728912449663,0.014135129977748021
QQQ,2019,2019-02-27,2019-02-28,-0.0031107396596847803,0.0031107396596847803,0.2552596123387065,0.0,0.003990760357223344,0.011798777425887202,0.0042058180232323866,0.008514315611003213,0.00954574394341001,0.012186572059653173,1.2360249233411078,0.002026671162133953,0.004772871971705005,0.007159307957557507,0.0,0.0,315,88869.23404467668,0.1887852533138216,0.06993906607625663,0.017873652597086256
IWM,2019,2019-02-28,2019-03-01,0.00746267494613484,0.00746267494613484,0.7320902790791957,1.0,0.0019733755542712395,0.007066017163588326,0.005842177924238722,0.006424492478532165,0.008743215663885938,0.010193653924105098,0.8081714366002293,0.0024691319859679872,0.004371607831942969,0.006557411747914453,0.0,0.0,261,62443.58614024553,0.2805925159844305,0.14103919196537085,0.015855967019471125
QQQ,2019,2019-02-28,2019-03-01,0.0072175066827133705,0.0072175066827133705,0.6532436208718916,1.0,0.000809011194334186,0.006414334532080711,0.003811315799795615,0.006876540823289781,0.009463878314920057,0.011048721261265566,0.6777701824386669,0.0012038033257231184,0.004731939157460029,0.007097908736190043,0.0,0.0,278,95268.34389061855,0.25235851570415196,0.11616365925647378,0.01678217756362348
SPY,2019,2019-02-28,2019-03-01,0.0063155225056741315,0.0063155225056741315,0.7571293906577851,1.0,0.0010037237879036986,0.0040507775932968094,0.003174552803596064,0.005225212177745064,0.00687219200712515,0.008341404499153415,0.5894447636353767,0.0015689717500204647,0.003436096003562575,0.005154144005343863,0.0,0.0,765,170806.34573208255,0.3532230653858073,0.20882950791487312,0.013663096367630682
QQQ,2019,2019-03-01,2019-03-04,0.006594379841213804,0.006594379841213804,0.6295835402340578,1.0,0.0002866489971221631,0.008426973172033135,0.003641106054242485,0.006304574654966924,0.009264784589295107,0.01047419352602871,0.9095703295433321,0.0014241768802651933,0.004632392294647554,0.0069485884419713305,0.0,0.0,246,75610.55704556829,0.2560923784319872,0.024812511338318227,0.016921061872521504
SPY,2019,2019-03-01,2019-03-04,0.004207947433414239,0.004207947433414239,0.5170630820662819,1.0,7.127732669320874e-05,0.0073455910022114474,0.0031928072650563317,0.0050818567028776416,0.00687219200712515,0.008138170330394667,1.068886171194791,0.0009587677834517194,0.003436096003562575,0.005154144005343863,0.0,0.0,809,129193.9788245445,0.1952259092146118,0.07458972682222648,0.014999955951878773
QQQ,2019,2019-03-06,2019-03-07,-0.002535160449386953,0.002535160449386953,0.238907240409884,0.0,0.0066392150526835,0.008413468466304818,0.004638649596807353,0.00559128982184732,0.008724773196253217,0.010611484377942983,0.9643194472857947,0.013642496180388708,0.004362386598126608,0.0065435798971899125,1.0,1.0,304,101040.07725007966,0.20879381818294282,0.07619769977410133,0.017244036791437684
IWM,2019,2019-03-07,2019-03-08,-0.00553795080730346,0.00553795080730346,0.4994122834983352,0.0,0.008757100766339843,0.011567143007716447,0.010448742640403146,0.008559715781798862,0.009127819056484103,0.011088935915854222,1.267240612038593,0.0015270946590997259,0.004563909528242051,0.006845864292363077,0.0,0.0,269,72979.52565349183,0.2231061362605107,0.0973405218371592,0.01606927705555368
QQQ,2019,2019-03-07,2019-03-08,-0.011199896464888281,0.011199896464888281,1.0241421443130354,0.0,0.009762029165159447,0.013805449728846234,0.007262590129191757,0.00626316125477725,0.008724773196253217,0.010935880851188722,1.582327634003698,0.0010038866931714185,0.004362386598126608,0.0065435798971899125,0.0,0.0,306,104979.41139303203,0.18589495542428244,0.06833919920465378,0.017261483038841594
SPY,2019,2019-03-07,2019-03-08,-0.007527025383486596,0.007527025383486596,0.8513265660703001,0.0,0.00657434849878713,0.01054792851855302,0.005612718639372878,0.005682143126814098,0.0071965658767009655,0.008841525312937358,1.4656891494180804,0.001908776844729898,0.0035982829383504828,0.005397424407525725,0.0,0.0,997,161585.17517283402,0.2622630264462183,0.111667482327016,0.014218974177148845
IWM,2019,2019-03-08,2019-03-11,0.003099454118932199,0.003099454118932199,0.29167012104568735,1.0,0.005303653349114201,0.007623932142694566,0.007181483077439538,0.008325674383059105,0.008743215663885938,0.010626573979604509,0.8719826246749696,0.01446319728758505,0.004371607831942969,0.006557411747914453,1.0,1.0,202,55645.98127290201,0.2166259310456318,0.1726795739912189,0.016098514262403666
QQQ,2019,2019-03-08,2019-03-11,0.004147962385127935,0.004147962385127935,0.39509453684604856,1.0,0.009792954491792072,0.011326754947584424,0.005405901326611244,0.005396793199691095,0.008724773196253217,0.01049865791169929,1.2982291565411244,0.01727950393489963,0.004362386598126608,0.0065435798971899125,1.0,1.0,229,88244.81820251537,0.18894622603858466,0.15952665457476745,0.016739906598155177
SPY,2019,2019-03-08,2019-03-11,0.0029148813504857873,0.0029148813504857873,0.34306344768888136,1.0,0.005568949219886488,0.008170222205624564,0.002914837875093191,0.0052176889767282875,0.0071965658767009655,0.00849662466264621,1.1352945759971198,0.01220658734417479,0.0035982829383504828,0.005397424407525725,1.0,1.0,925,151311.11573976825,0.24528934855124498,0.20466369595401224,0.014774647534772896
QQQ,2019,2019-03-11,2019-03-12,0.002632671694129174,0.002632671694129174,0.23991723263352877,1.0,0.016581282079144,0.01745403720488253,0.012423040202735488,0.00700068634944056,0.008724773196253217,0.010973249671275402,2.0005147196695066,0.005422666447875146,0.004362386598126608,0.0065435798971899125,1.0,0.0,246,91052.25238681454,0.3196304705629717,0.2866991753260678,0.01539167718493401
IWM,2019,2019-03-12,2019-03-13,0.0035628883147937884,0.0035628883147937884,0.32643500643670753,1.0,0.00019429261970693723,0.007642439912091978,0.013639839017877737,0.008992965986504481,0.008529016882858191,0.010914541162988279,0.8960516806399955,0.005228489337512299,0.004264508441429096,0.006396762662143644,1.0,0.0,209,62394.29081740335,0.32783814975457964,0.26244869098656604,0.013543263209280948
QQQ,2019,2019-03-12,2019-03-13,0.005179598437383248,0.005179598437383248,0.47510010725604374,1.0,0.0028540441408306805,0.007820053074351125,0.012634203924245534,0.00701467907892763,0.008420220819168977,0.010902120118006686,0.9287230397269932,0.007531067532840607,0.004210110409584488,0.006315165614376733,1.0,1.0,236,100358.45269410755,0.3145636459558487,0.27338678801834926,0.014651095426385211
SPY,2019,2019-03-12,2019-03-13,0.003542240461359425,0.003542240461359425,0.40398322853704965,1.0,0.0015408610318323746,0.004371824092942463,0.009144507152086503,0.006068706540449123,0.0071965658767009655,0.008768285936490462,0.6074875388963417,0.006774079513912179,0.0035982829383504828,0.005397424407525725,1.0,1.0,851,175104.30644574482,0.3178510281521568,0.24557758288551837,0.01087237058483668
QQQ,2019,2019-03-14,2019-03-15,0.003904629938328519,0.003904629938328519,0.3709482788892472,1.0,0.0023711294380823755,0.0038389468584451663,0.00918102986332365,0.006536941563195137,0.008420220819168977,0.010526076438527732,0.45591997417759483,0.008342790514365817,0.004210110409584488,0.006315165614376733,1.0,1.0,293,98142.3197106974,0.33158373922930123,0.24768951359094293,0.012201792856952002
IWM,2019,2019-03-18,2019-03-19,0.004686970963332593,0.004686970963332593,0.4562980915929103,1.0,0.004449906179996743,0.012704767520447722,0.003952630158722718,0.00800534507486907,0.008386060120753748,0.010271730365933918,1.514986458182678,0.00031954916361875974,0.004193030060376874,0.006289545090565311,0.0,0.0,224,22206.42817060101,0.30481358671178654,0.18739454821936516,0.015085134789992795
QQQ,2019,2019-03-18,2019-03-19,0.004090757859473548,0.004090757859473548,0.3883704491220834,1.0,0.0028097780757221358,0.007867430060595272,0.004649042993939324,0.006741624738843937,0.008420220819168977,0.01053313368388548,0.9343496126235485,0.004576444679861735,0.004210110409584488,0.006315165614376733,1.0,0.0,237,41752.77094457373,0.2046295074542107,0.09163513975488638,0.013939943283738496
SPY,2019,2019-03-18,2019-03-19,0.004179588600154993,0.004179588600154993,0.5251336169039119,1.0,0.0027703740476465732,0.004830459698476994,0.002880049803942124,0.005103615833633185,0.006874459805889925,0.007959095486586926,0.7026675309583357,0.0029980443605506224,0.0034372299029449627,0.0051558448544174445,0.0,0.0,807,81771.31242658642,0.34119004475817577,0.22734949706270502,0.011881262759951347
IWM,2019,2019-03-19,2019-03-20,-0.002710463406922381,0.002710463406922381,0.2605001263797813,0.0,0.00971363148755744,0.01252550810706077,0.005070791912899934,0.00804865002145206,0.008386060120753748,0.010404844882765298,1.493610578352849,0.013975392512591167,0.004193030060376874,0.006289545090565311,1.0,1.0,260,52896.28196172913,0.14747202324473963,0.07258920484584927,0.016492338816019525
IWM,2019,2019-03-20,2019-03-21,-0.0034581678082550305,0.0034581678082550305,0.3132137812777893,0.0,0.008282637730719578,0.0194771233182526,0.006821717170662575,0.008273310551744918,0.008649289060811857,0.011040918423662787,2.2518756375595568,0.0,0.004324644530405928,0.006486966795608892,0.0,0.0,261,56573.83443568482,0.19028571161581687,0.10326066327331204,0.017928592107237972
QQQ,2019,2019-03-20,2019-03-21,-0.003003968083189257,0.003003968083189257,0.2776266937782647,0.0,0.003909287153950336,0.014631939868814975,0.004136936065355469,0.0067446533944942,0.008686834597509564,0.010820170216011255,1.684381083186483,0.00011163098661604032,0.004343417298754782,0.006515125948132173,0.0,0.0,313,78057.53334926927,0.2762403513778095,0.1251237262615207,0.014687379242607388
SPY,2019,2019-03-20,2019-03-21,-0.00323201272947804,0.00323201272947804,0.3864342689935842,0.0,0.0021619501744518654,0.011270175200271603,0.002389934156662928,0.005163322454381645,0.0071965658767009655,0.008363680420722986,1.5660490563643743,0.0001782612038907505,0.0035982829383504828,0.005397424407525725,0.0,0.0,836,149750.3414729415,0.2302779426052088,0.13408330395757526,0.013587588815517837
IWM,2019,2019-03-21,2019-03-22,-0.006891268724003807,0.006891268724003807,0.5887562736353688,0.0,0.016630711818083732,0.021803194684790056,0.009467836783033657,0.008848222971832728,0.009414573463073183,0.011704790305592122,2.315898300683383,0.030955334607874585,0.0047072867315365915,0.007060930097304887,1.0,1.0,266,62556.08343980166,0.24992664476920226,0.13698354957561726,0.01610265290385509
QQQ,2019,2019-03-21,2019-03-22,-0.004327154040799974,0.004327154040799974,0.3802444365840384,0.0,0.01869214418423204,0.020254462995691405,0.005971888948554451,0.007230994071121341,0.008686834597509564,0.011379927290122556,2.3316275644868587,0.019117585667191683,0.004343417298754782,0.006515125948132173,1.0,1.0,307,72460.65454377199,0.20145935051023237,0.11592270823548192,0.017221027489641876
SPY,2019,2019-03-21,2019-03-22,-0.005303303857553399,0.005303303857553399,0.6020425108085685,0.0,0.014573817433035208,0.016355459301271028,0.005429208453604528,0.005588533754695963,0.00738075508533638,0.008808852800827698,2.215960171035214,0.01447098162801952,0.00369037754266819,0.005535566314002285,1.0,1.0,846,143500.13165059307,0.31115301119644095,0.14166138257989463,0.013697372854504293
QQQ,2019,2019-03-22,2019-03-25,-0.003640198842806752,0.003640198842806752,0.3002173843629542,0.0,0.017713726715405054,0.021454555954797453,0.013726313207219986,0.009065157810811875,0.008982948232926072,0.012125210039155681,2.3883646435986337,0.0055389760181812076,0.004491474116463036,0.006737211174694554,1.0,0.0,256,58496.67152350952,0.15382888544257958,0.09339227524448698,0.018688090360209453
IWM,2019,2019-03-25,2019-03-26,0.007918568346236832,0.007918568346236832,0.5824612328740163,1.0,0.00535190710880129,0.019467512344685314,0.018828050948240974,0.011777188692501791,0.010816798375054816,0.013595013537921728,1.799748101950422,0.008912696194862901,0.005408399187527408,0.008112598781291112,1.0,1.0,198,46549.02463538696,0.26095395887912914,0.08848785396468466,0.018026757054086278
QQQ,2019,2019-03-25,2019-03-26,0.007743266038381158,0.007743266038381158,0.6374024857314361,1.0,0.0017424402912300518,0.010735785637646865,0.013759334324694991,0.009085916886586186,0.009281357068642502,0.01214815789350987,1.1567043007016957,0.0060690217196450735,0.004640678534321251,0.006961017801481876,1.0,0.0,243,73513.39609316281,0.196087457527215,0.1080711386587682,0.017329441241203163
SPY,2019,2019-03-25,2019-03-26,0.00698817957905562,0.00698817957905562,0.7357452130580323,1.0,0.000609651202033934,0.009144001999559642,0.01097026262563438,0.007103226368042381,0.007710479345170029,0.009498097242128333,1.1859187464509058,0.004235034993288034,0.0038552396725850145,0.005782859508877521,1.0,0.0,719,132923.68251776023,0.2072117203647012,0.11719273451125821,0.015786464415870637
IWM,2019,2019-03-27,2019-03-28,0.003437489250911252,0.003437489250911252,0.23693836172315996,1.0,0.002900286216690473,0.017994930232104366,0.02007032050492341,0.01206269370301534,0.012615137813754247,0.01450794723957631,1.4264553029681966,0.0075103724887810586,0.006307568906877123,0.009461353360315686,1.0,0.0,270,57761.64242136648,0.21118338844440487,0.11225402072786377,0.018950240723727696
QQQ,2019,2019-03-27,2019-03-28,0.0025857601441787725,0.0025857601441787725,0.2030807472073941,1.0,0.007918878930039952,0.017399035187113318,0.013904563184328042,0.009278516128264969,0.010139649666032858,0.012732670032664848,1.71594046739099,0.003476088332954985,0.005069824833016429,0.0076047372495246434,0.0,0.0,309,87130.78331169713,0.15000099909764253,0.09931908758229771,0.01555402831291496
SPY,2019,2019-03-27,2019-03-28,0.002503172616876048,0.002503172616876048,0.24750031332255445,1.0,0.005193666291335108,0.013624621284988665,0.011969435733737604,0.007400996954626117,0.008657112102592103,0.01011381595147232,1.573806729487677,0.003067541761511361,0.0043285560512960515,0.006492834076944077,0.0,0.0,784,150152.56592996544,0.2834210920298746,0.152410298603945,0.014816474544778127
IWM,2019,2019-03-28,2019-03-29,0.006945338700737436,0.006945338700737436,0.4687655037466692,1.0,0.005468093206184355,0.013176099140013043,0.0193319213314972,0.012293721018457507,0.012940433330230382,0.01481623251972663,1.0182115856377172,0.0018870936930204252,0.006470216665115191,0.009705324997672786,0.0,0.0,274,62361.73808651492,0.2441222635519218,0.14770022517046147,0.018676418726216795
QQQ,2019,2019-03-28,2019-03-29,0.007739357869482433,0.007739357869482433,0.5998578243300771,1.0,0.00028034902212770163,0.009755495786166841,0.010552907399771005,0.009242290019617202,0.010245640711906853,0.012901987030219653,0.9521606369457797,0.0007791161875803088,0.005122820355953427,0.00768423053393014,0.0,0.0,308,98345.59490129998,0.3108530210676658,0.2194911619766721,0.014132423558656798
SPY,2019,2019-03-28,2019-03-29,0.005984907001887807,0.005984907001887807,0.5813936855186727,1.0,0.0012840568707874755,0.007633258727553633,0.010358052807937569,0.007429726526649233,0.008657112102592103,0.010294069493631592,0.8817326883485881,0.0015934759237621332,0.0043285560512960515,0.006492834076944077,0.0,0.0,770,168672.5267552004,0.350670191041828,0.21150878563352254,0.012996554769304764
IWM,2019,2019-03-29,2019-04-01,0.007838506610148732,0.007838506610148732,0.5253062361149239,1.0,0.003839122631501768,0.012168110400243378,0.005657226561111925,0.012088595879668608,0.012940433330230382,0.01492178480141603,0.9403170736034961,0.004083251735218729,0.006470216665115191,0.009705324997672786,0.0,0.0,248,43757.6683541205,0.06653667240939463,0.015462786517955285,0.021075105864814352
QQQ,2019,2019-03-29,2019-04-01,0.01029717692873855,0.01029717692873855,0.7979943109237841,1.0,0.00016694740324607604,0.006900804030922123,0.005511310128265195,0.0092632458289667,0.010245640711906853,0.012903822480661803,0.6735356260250697,0.004132003871399892,0.005122820355953427,0.00768423053393014,0.0,0.0,267,60250.837497982095,0.2867298059534482,0.05397642448881782,0.016479619433231722
SPY,2019,2019-03-29,2019-04-01,0.007858967482164969,0.007858967482164969,0.7645843179073245,1.0,0.00031869518475247105,0.006019978049045125,0.005263812588439151,0.007432298396140421,0.008657112102592103,0.01027874532357013,0.695379472704602,0.005128174894549753,0.0043285560512960515,0.006492834076944077,1.0,0.0,694,125204.82920558738,0.12453759237670778,0.05518370451610369,0.014790873685832265
IWM,2019,2019-04-02,2019-04-03,0.008940171529903118,0.008940171529903118,0.6107313478592755,1.0,0.0032930491568107234,0.008846196288312005,0.006629992232522173,0.01223530058112292,0.012615137813754247,0.014638468389153506,0.7012365951854307,0.0026325182281974335,0.006307568906877123,0.009461353360315686,0.0,0.0,239,51961.85168873405,0.19343611468017058,0.09403329880209266,0.019217192746943588
QQQ,2019,2019-04-02,2019-04-03,0.0056367252415014946,0.0056367252415014946,0.44790779515882834,1.0,0.0026887084043321074,0.006200641180593507,0.007241698694424758,0.009617088567190875,0.009649504740292844,0.01258456607012769,0.6425864692000067,0.006312601745676494,0.004824752370146422,0.007237128555219633,1.0,0.0,278,70949.63916093063,0.24400457404516226,0.09863368209819495,0.016252918526858985
SPY,2019,2019-04-02,2019-04-03,0.004720796229509938,0.004720796229509938,0.472501074125608,1.0,0.0002447466163033596,0.003985507671590156,0.006384994384381611,0.0077686436588178635,0.008007737807612348,0.009991080418697585,0.4977070637604339,0.0015314020262771066,0.004003868903806174,0.006005803355709261,0.0,0.0,986,140750.8082821662,0.3395242842143688,0.16190786592643705,0.012756563233066698
QQQ,2019,2019-04-04,2019-04-05,0.002884975014574742,0.002884975014574742,0.23138937518976022,1.0,0.0006527504541820051,0.010063678861385403,0.005016273447944803,0.008800623875508127,0.009649504740292844,0.01246805309106696,1.0429218008840513,0.002876675876545942,0.004824752370146422,0.007237128555219633,0.0,0.0,347,86996.73323762858,0.19749044428512222,0.07564451783670374,0.014801155031649709
SPY,2019,2019-04-04,2019-04-05,0.0025768534397470066,0.0025768534397470066,0.26799093571722943,1.0,0.0013947761286943194,0.005056076768341912,0.004621766709028461,0.00720073790455445,0.0075245889480074725,0.009615449988450254,0.6719405941344839,0.002465932974319962,0.0037622944740037362,0.005643441711005604,0.0,0.0,1044,162071.73417404672,0.29894821845279435,0.16057149977222962,0.01244364879435143
IWM,2019,2019-04-05,2019-04-08,-0.003367637329097284,0.003367637329097284,0.2386735910688811,0.0,0.006909800447649772,0.008189371428694157,0.005243840766476066,0.01136143207287843,0.012346809253652074,0.014109802907039618,0.6632783628913531,0.004997749360493797,0.006173404626826037,0.009260106940239056,0.0,0.0,248,43596.893257477364,0.34881589698737886,0.021273893168708896,0.016652201405850296
IWM,2019,2019-04-08,2019-04-09,-0.004200537320715014,0.004200537320715014,0.30697287553296637,0.0,0.001721319752411743,0.009116943705042025,0.005041991106593775,0.010773040326740303,0.01106688474227507,0.013683740993148142,0.8238039807368422,0.010005829288718404,0.005533442371137535,0.008300163556706302,1.0,1.0,248,54644.93699833506,0.14711382147171717,0.06855312343554167,0.015155198096785689
QQQ,2019,2019-04-08,2019-04-09,-0.00340304038349315,0.00340304038349315,0.29543405480180424,0.0,0.004176634139247737,0.008949847532120967,0.0024400973385390466,0.007760370316530446,0.00916238512074508,0.011518781698257919,0.9768032465539029,0.002227191429548636,0.00458119256037254,0.006871788840558809,0.0,0.0,296,66218.23300860527,0.23599476596069913,0.06400860884873176,0.016215775704286475
SPY,2019,2019-04-08,2019-04-09,-0.003705139695136972,0.003705139695136972,0.4160274682734441,0.0,0.002395010158931843,0.00534539573861912,0.0017654578411043056,0.006580475818955531,0.006848548462709466,0.008905997747008568,0.780515136561411,0.00355768737440898,0.003424274231354733,0.0051364113470321,1.0,0.0,1045,140861.29584205273,0.35808572941421474,0.155915561383634,0.012251625394664427
IWM,2019,2019-04-11,2019-04-12,0.006492293733679322,0.006492293733679322,0.45489805851205756,1.0,0.002602867261228603,0.005523077028887565,0.010173135943948064,0.011491543585582997,0.012346809253652074,0.014271975033077079,0.44732828663841945,0.0001897095957159589,0.006173404626826037,0.009260106940239056,0.0,0.0,291,67280.02208455114,0.22982899936097456,0.2179671458647879,0.011985241473053842
QQQ,2019,2019-04-11,2019-04-12,0.004431753389334769,0.004431753389334769,0.3976429392651476,1.0,0.004037033076370045,0.005867135025582167,0.004171564566413689,0.0078259637402162,0.00916238512074508,0.011145057416396584,0.6403501870160481,0.0005380190553820885,0.00458119256037254,0.006871788840558809,0.0,0.0,363,93818.00996295325,0.333210612674055,0.31395242013655233,0.01168308486788525
SPY,2019,2019-04-11,2019-04-12,0.006210778938942063,0.006210778938942063,0.7174544563374153,1.0,0.0021465746148638942,0.004362461739441808,0.003852824480136948,0.006644223432852684,0.006441679402478346,0.00865668738145124,0.6772242868472175,0.0016206938644935942,0.003220839701239173,0.004831259551858759,0.0,0.0,1001,185170.86682857235,0.42986235924974914,0.3876117823824564,0.009735616768095279
IWM,2019,2019-04-15,2019-04-16,0.003435824592562531,0.003435824592562531,0.24579946130043853,1.0,0.004938263971935752,0.010129826745358676,0.009478281005315056,0.011464835912454193,0.011804345399924435,0.013978161605337908,0.8581438785604767,0.0012046615593763743,0.005902172699962217,0.008853259049943326,0.0,0.0,255,59558.64486185434,0.12780062912206314,0.11078662688198124,0.012677993352610823
QQQ,2019,2019-04-15,2019-04-16,0.003658628395287744,0.003658628395287744,0.33947475305781816,1.0,0.00010764244971550596,0.007802476515307643,0.003947329803047545,0.0076759777984438705,0.009127708665372485,0.010777321030010792,0.8548121770042535,0.0019835444906926014,0.004563854332686242,0.006845781499029363,0.0,0.0,290,70240.89279579479,0.3284788623637522,0.287491344212997,0.012631355129012263
SPY,2019,2019-04-15,2019-04-16,0.0033796978384057486,0.0033796978384057486,0.3888485411544439,1.0,0.000930226787335009,0.004375756525571931,0.004494123023745881,0.006752911258525939,0.006588849004598446,0.008691553344579455,0.6641154657692159,0.0002062126003661291,0.003294424502299223,0.004941636753448834,0.0,0.0,1010,142575.14400166934,0.36509998465542126,0.30343206920080773,0.00988797502747692
IWM,2019,2019-04-16,2019-04-17,0.003491196364080462,0.003491196364080462,0.2559222857079951,1.0,0.001078012938283801,0.005833479993533083,0.006522730293408846,0.011394328837341629,0.010785203572482083,0.013641627005722684,0.5408780607921876,0.0001265372441288104,0.005392601786241041,0.008088902679361562,0.0,0.0,240,63400.41100642048,0.5122221975605922,0.4834650241722,0.010410852841317441
QQQ,2019,2019-04-16,2019-04-17,0.006702412868632601,0.006702412868632601,0.6334585751503748,1.0,0.0002143952373336866,0.005253624003432287,0.0032071636446647915,0.007676721166048825,0.0085793540439174,0.010580664832016104,0.6123565919461043,0.0009586826939080861,0.0042896770219587,0.00643451553293805,0.0,0.0,282,76429.14286882002,0.2514904403013993,0.23009402643106985,0.013491246680883709
SPY,2019,2019-04-16,2019-04-17,0.004273470563568749,0.004273470563568749,0.5069665766633157,1.0,0.0027152724240468995,0.005189928517860046,0.0031123455186714117,0.006750002104871888,0.006100978996706225,0.008429491726447335,0.8506714284153357,0.0001029470827906831,0.0030504894983531127,0.004575734247529669,0.0,0.0,993,167992.32478509366,0.4023315915584074,0.34029576216810725,0.00919208306004521
QQQ,2019,2019-04-18,2019-04-22,-0.004375858200013294,0.004375858200013294,0.4547068909292586,0.0,0.0003734520522321594,0.00800170674425266,0.0017414161194627212,0.006972769494222462,0.007902091629780152,0.00962347016793742,1.012606170510235,0.0007510307028815166,0.003951045814890076,0.005926568722335114,0.0,0.0,258,50920.460396281036,0.16564421225595827,0.0,0.0181353890478634
SPY,2019,2019-04-18,2019-04-22,-0.0029307482867928503,0.0029307482867928503,0.37774475137612645,0.0,0.0002758258812831649,0.0057221772739881995,0.0034853851841261645,0.0063213679239545895,0.005871077661516662,0.007758541385727046,0.9746383209160279,0.0003459580758353731,0.002935538830758331,0.0044033082461374965,0.0,0.0,899,138774.268226881,0.2935011475573698,0.08182606616008116,0.012157571026119066
QQQ,2019,2019-04-22,2019-04-23,0.0025542557057047777,0.0025542557057047777,0.2873349582293407,1.0,0.007235840658893045,0.008361541277488638,0.0014647856043932936,0.004309164087562188,0.007902091629780152,0.008889470746772345,1.0581427891796376,0.011358808168668189,0.003951045814890076,0.005926568722335114,1.0,1.0,287,56248.832052449216,0.1833169226592174,0.07244389099244941,0.018131052469286858
IWM,2019,2019-04-24,2019-04-25,-0.004618472344771751,0.004618472344771751,0.41551570826695583,0.0,0.0027915394939526106,0.008374618481857898,0.009133506249780321,0.007218301125273713,0.009117345998084211,0.01111503669508573,0.9185368728594505,0.011963726736652802,0.004558672999042106,0.006838009498563159,1.0,1.0,299,44669.719833486175,0.14146468035137935,0.07327155162191097,0.016941488199458562
QQQ,2019,2019-04-24,2019-04-25,0.007485098933589951,0.007485098933589951,0.8688623692994681,1.0,0.003990100813593744,0.005565248126157908,0.005800415834992906,0.004930544972145042,0.007443146572608882,0.008614826925494439,0.7477009987467229,0.00047086451939248875,0.003721573286304441,0.005582359929456661,0.0,0.0,329,60326.507754173195,0.22029578281433213,0.10546128245444814,0.016772987547911043
QQQ,2019,2019-04-29,2019-04-30,-0.008062027591232201,0.008062027591232201,0.9949357408997096,0.0,0.0019407835710578691,0.005140367257815037,0.005885541933254158,0.004343524178031513,0.007443146572608882,0.00810306360483321,0.6906174972735084,0.006747723119752136,0.003721573286304441,0.005582359929456661,1.0,1.0,264,65717.25485969352,0.15814289999003456,0.0650315790459357,0.013872660991952513
QQQ,2019,2019-04-30,2019-05-01,0.006542183903595067,0.006542183903595067,0.8061839340222631,1.0,0.00031664323383262527,0.008655264020623363,0.004684896363711064,0.004293555090661972,0.007443146572608882,0.00811500158649205,1.1628501382029919,0.002830530183337343,0.003721573286304441,0.005582359929456661,0.0,0.0,271,73278.63463413005,0.2415610912267045,0.1262774988569795,0.015093672900513064
IWM,2019,2019-05-02,2019-05-03,0.005015193402143181,0.005015193402143181,0.4415355345024543,1.0,0.005618008722174883,0.01576864932538014,0.007828948339651339,0.007684822443851084,0.010253546742910966,0.011358527253745426,1.5378726718422746,0.014717970229216393,0.005126773371455483,0.007690160057183225,1.0,1.0,299,54505.53600227396,0.204547178887092,0.08753323694650342,0.016808381141275246
QQQ,2019,2019-05-02,2019-05-03,0.008293007035947486,0.008293007035947486,0.9577540306417125,1.0,0.00402390282460896,0.015778106969712834,0.003958295534319266,0.004512218385213877,0.007902091629780152,0.008658806719289943,1.9967000775150219,0.008330267550523907,0.003951045814890076,0.005926568722335114,1.0,1.0,366,102415.91465829883,0.27857548180323055,0.17542529397478984,0.014458887595220746
SPY,2019,2019-05-02,2019-05-03,0.005632305411394034,0.005632305411394034,0.874392360044015,1.0,0.0017142073935656477,0.010902438539533803,0.004578021391034201,0.003867255858522505,0.005267662128239583,0.006441393668067406,2.0696920710017754,0.005190864611887225,0.0026338310641197916,0.003950746596179687,1.0,1.0,917,184647.63679922922,0.3890424383697983,0.18248335765900878,0.01150143666424701
IWM,2019,2019-05-03,2019-05-06,-0.014639046417402102,0.014639046417402102,1.222789346832768,0.0,0.014023127123613532,0.015475945840599194,0.010950387145106346,0.008678071104727783,0.010908923570034375,0.011971846545212156,1.4186501299825707,0.0010758697225190517,0.005454461785017187,0.008181692677525781,0.0,0.0,248,33023.63788897461,0.2619038065952579,0.01728191345029208,0.019508384171601438
QQQ,2019,2019-05-03,2019-05-06,-0.021244296717216615,0.021244296717216615,2.363075812562289,0.0,0.007592146651067111,0.01012283538504127,0.0093005455171548,0.005569391703117755,0.007902091629780152,0.008990103747108043,1.2810323974087987,0.0015528408302198926,0.003951045814890076,0.005926568722335114,0.0,0.0,284,62356.23330643353,0.1946108177028538,0.07558755588200078,0.01757872603899881
SPY,2019,2019-05-03,2019-05-06,-0.016256840455537325,0.016256840455537325,2.41525780462479,0.0,0.004132202120118,0.01038183344335447,0.006299160524123307,0.004343826256939262,0.005533786506303659,0.006730892422501797,1.8760813109664227,0.0012115130180343492,0.0027668932531518297,0.004150339879727745,0.0,0.0,783,149694.3855467494,0.27136516921136344,0.11731546082767956,0.013346114980516367
IWM,2019,2019-05-06,2019-05-07,-0.008711400017337168,0.008711400017337168,0.7002536504430826,0.0,0.015994526205799442,0.01959796590628028,0.010913161094174053,0.00847805450873943,0.012076356991652323,0.012440349310317862,1.6228375759202218,0.019583984375000085,0.006038178495826161,0.009057267743739241,1.0,1.0,256,36641.81579259881,0.2612304263265663,0.04407322811043515,0.019446230923998775
QQQ,2019,2019-05-06,2019-05-07,-0.010898216792733395,0.010898216792733395,1.107576591568072,0.0,0.015450410812603677,0.018390817349809834,0.009682988007969476,0.0057978219741189035,0.00818162401087065,0.009839695851014732,2.2478199102494285,0.018210398950649243,0.004090812005435325,0.0061362180081529875,1.0,1.0,304,68879.86051734356,0.22120732441840363,0.09025721250479075,0.016087975925530323
SPY,2019,2019-05-06,2019-05-07,-0.009118275257667285,0.009118275257667285,1.2404472974594158,0.0,0.012342289798509043,0.015246339367707433,0.006552003110608801,0.0044086505843534355,0.0063698997886346646,0.007350796181621422,2.3934975232907645,0.015184900370746712,0.0031849498943173323,0.004777424841475999,1.0,1.0,837,139947.40576133569,0.1934454508445472,0.08633379380318702,0.013818582948964478
QQQ,2019,2019-05-07,2019-05-08,-0.0032753468232363803,0.0032753468232363803,0.3026470664873503,0.0,0.008676157270386398,0.02214299127178075,0.012661240477681055,0.007434793878968962,0.00818162401087065,0.010822331309044027,2.706429828889729,0.0036223948130678085,0.004090812005435325,0.0061362180081529875,0.0,0.0,285,70071.99262786866,0.1441159319691304,0.054525507128193804,0.01846565023004383
IWM,2019,2019-05-08,2019-05-09,-0.007910119149187156,0.007910119149187156,0.6025652398544519,0.0,0.003179448158878495,0.009156826222219246,0.014172989347313028,0.009309228150274433,0.012721444736585777,0.013127407002597472,0.7197945211273846,0.011577980458547632,0.0063607223682928885,0.009541083552439333,1.0,1.0,304,52888.38402042134,0.213213525491601,0.07543552597877064,0.01796980277686794
QQQ,2019,2019-05-08,2019-05-09,-0.011142850172855434,0.011142850172855434,1.0007262599185873,0.0,0.0007541851315298054,0.01190535687629424,0.012668124757994795,0.007411218006753625,0.008508402649056002,0.011134763440465673,1.3992469993900825,0.008841785066347141,0.004254201324528001,0.006381301986792001,1.0,1.0,365,80182.61423417862,0.18891591641890623,0.05872056388055469,0.01808044618388765
SPY,2019,2019-05-08,2019-05-09,-0.007999122883641019,0.007999122883641019,0.9564161631514093,0.0,0.0,0.008903410320530625,0.009430264074971608,0.005777275213581198,0.007661750760805467,0.008363642514450778,1.1620595081318756,0.006812648346352201,0.0038308753804027337,0.0057463130706041,1.0,1.0,745,140044.60400350287,0.1451949176367413,0.04679861082755864,0.015156108458128299
IWM,2019,2019-05-09,2019-05-10,-0.003841514143907654,0.003841514143907654,0.2867918379621558,0.0,0.004308115679906521,0.018711344671918873,0.013981995298852405,0.008822128998182285,0.012721444736585777,0.013394781982653805,1.4708506037924027,0.0124942942137245,0.0063607223682928885,0.009541083552439333,1.0,1.0,305,54113.90221228749,0.12590506233430723,0.04767788273949298,0.01738854847233093
QQQ,2019,2019-05-09,2019-05-10,-0.0035720281801592257,0.0035720281801592257,0.30167492838191917,0.0,0.005824754175255853,0.018072985189837364,0.012698007560044307,0.007419926155046562,0.008957999370858186,0.011840653113993793,2.017524721940894,0.017013764855678293,0.004478999685429093,0.006718499528143639,1.0,1.0,362,81315.87987988762,0.20068510874416023,0.050824741143952364,0.018137528789988856
SPY,2019,2019-05-09,2019-05-10,-0.0036280211108479232,0.0036280211108479232,0.40712743594234585,0.0,0.005013472007508346,0.014128943743896725,0.009420852029379275,0.005759694412299357,0.00797418973920017,0.008911266572959958,1.7718344065028346,0.011760564887638436,0.003987094869600085,0.005980642304400127,1.0,1.0,906,145566.8564115299,0.19956940241913973,0.07120314498795662,0.01570625267124845
IWM,2019,2019-05-10,2019-05-13,-0.018707653984977757,0.018707653984977757,1.323981161037358,0.0,0.006619955032713287,0.020309812561772157,0.008917004594208574,0.008845158722560505,0.01302316179820439,0.014129849076039758,1.5595147228050592,0.016737223590919115,0.006511580899102195,0.009767371348653292,1.0,1.0,237,50808.405878787606,0.19480984564776424,0.18414384515464907,0.01751484131908857
QQQ,2019,2019-05-10,2019-05-13,-0.025459495750633443,0.025459495750633443,1.9794421817377277,0.0,0.004834063259453458,0.02639726573374586,0.007836580345606413,0.007407308388460765,0.009691785053067139,0.012861954739331091,2.723674285924446,0.012523844536194817,0.004845892526533569,0.007268838789800354,1.0,1.0,285,74053.3328537694,0.13733329865823932,0.11884019344380295,0.017223147578587002
SPY,2019,2019-05-10,2019-05-13,-0.01971535076517983,0.01971535076517983,2.0013747855374064,0.0,0.008682903958844301,0.023247723415558346,0.007913195584986928,0.005879927986282942,0.00830945831926175,0.009850903942454681,2.7977423464137168,0.008895155278473954,0.004154729159630875,0.0062320937394463125,1.0,1.0,805,147801.77021514336,0.19520201760247616,0.15211605576856868,0.01392277067287367
QQQ,2019,2019-05-13,2019-05-14,0.005263760957374908,0.005263760957374908,0.3632930165328433,1.0,0.009484672021503937,0.017749165607675012,0.014834313868009565,0.01064580661952532,0.010582519239452847,0.014489023234221845,1.677215529314049,0.011753568182569563,0.005291259619726423,0.007936889429589635,1.0,1.0,275,58798.67951565166,0.10762861194974899,0.08698703293138779,0.02170062231305248
SPY,2019,2019-05-13,2019-05-14,0.004023374427645887,0.004023374427645887,0.3699062877061582,1.0,0.005523787274272052,0.012605330321268758,0.012317527801250634,0.007919374579066213,0.008638394406170077,0.010876739761833754,1.4592214396074863,0.01102881654258625,0.004319197203085039,0.006478795804627558,1.0,1.0,826,109953.0107654178,0.1724594915639342,0.13786939195377595,0.019337302470103374
IWM,2019,2019-05-14,2019-05-15,-0.007424771652321027,0.007424771652321027,0.46788012815145646,0.0,0.010397384196229043,0.01625428475634388,0.016531033176743714,0.011726342063666585,0.014743928977669962,0.015868961312068313,1.1024391653650387,0.0021699648607373945,0.007371964488834981,0.011057946733252472,0.0,0.0,236,55426.96912642013,0.23695959791277343,0.2117497825287026,0.015964848295326624
QQQ,2019,2019-05-14,2019-05-15,-0.006591266350227554,0.006591266350227554,0.4408036939805308,0.0,0.005681756848244124,0.015430059082757424,0.01715322005465039,0.011025643469454378,0.01147377998507933,0.014952838282064562,1.3448104376084338,0.00022312500957344383,0.005736889992539665,0.008605334988809499,0.0,0.0,275,76664.49727720123,0.16449049454097783,0.1440062052014556,0.01669898971579639
SPY,2019,2019-05-14,2019-05-15,-0.0063867240563698635,0.0063867240563698635,0.5596145488742232,0.0,0.0050001904710783585,0.011525231790315584,0.013245016222915665,0.008269331072774408,0.009130391841905904,0.01141271982513328,1.2622932279223817,0.0008174971506369477,0.004565195920952952,0.006847793881429428,0.0,0.0,786,138757.38986835146,0.22487863972769082,0.188109551213634,0.014119292199766906
IWM,2019,2019-05-15,2019-05-16,0.003051163601585527,0.003051163601585527,0.18674914294607725,1.0,0.010761151281688308,0.015354307294001834,0.01694185113833682,0.011742064920547761,0.015415126567300513,0.016338300425113774,0.9960545719145963,0.010808350451863014,0.007707563283650257,0.011561344925475385,1.0,0.0,291,63451.2466765067,0.16547835619276907,0.14965057496000117,0.01370969351950354
SPY,2019,2019-05-15,2019-05-16,0.0027362617904203024,0.0027362617904203024,0.2293520719219238,1.0,0.012322885279416385,0.015661080718285328,0.013860599210966391,0.008408507809562609,0.009869603403317826,0.011930399265596268,1.586799395912971,0.011789795551228055,0.004934801701658913,0.007402202552488369,1.0,1.0,794,151960.45856855612,0.301374981279131,0.2670866466359098,0.012460371648003126
IWM,2019,2019-05-16,2019-05-17,-0.007612855972782273,0.007612855972782273,0.47257378540668105,0.0,0.003171351437349035,0.011261344225198443,0.017470837751877046,0.011688081665625844,0.014683109704371282,0.016109348863333386,0.7669590741970584,0.007598608897435133,0.007341554852185641,0.01101233227827846,1.0,0.0,295,71640.04206183074,0.30738895899761054,0.2864922262731899,0.011122290967693214
QQQ,2019,2019-05-16,2019-05-17,-0.009895563968760568,0.009895563968760568,0.606595228983421,0.0,0.009608530460390341,0.017033413807750586,0.020163124442409093,0.011741474186991813,0.013000412576714804,0.016313290141342383,1.3102210185436223,0.0012029812709382082,0.006500206288357402,0.009750309432536103,0.0,0.0,348,110010.09692461221,0.26651531314655885,0.24319198791046134,0.011781849649463376
SPY,2019,2019-05-16,2019-05-17,-0.008898148939776696,0.008898148939776696,0.7271002523390098,0.0,0.006507192460714739,0.012069625432596605,0.014623119540364115,0.00869436096112241,0.010535013493215286,0.012237857037117272,1.1456677716046242,7.021440654053634e-05,0.005267506746607643,0.007901260119911465,0.0,0.0,805,189639.9464891213,0.30651114824071335,0.2577345747114594,0.010431385635698268
IWM,2019,2019-05-17,2019-05-20,-0.005953962862558448,0.005953962862558448,0.3623309568622058,0.0,0.006371154204033225,0.016967887700396835,0.018062122306112163,0.012071622650223835,0.015415126567300513,0.016432387986165743,1.1007297037956296,0.0034343108189356375,0.007707563283650257,0.011561344925475385,0.0,0.0,240,14222.539723087606,0.10224443284975951,0.07798718639997228,0.024066490795268368
QQQ,2019,2019-05-17,2019-05-20,-0.013931314939367057,0.013931314939367057,0.8370903058008625,0.0,0.0003277597781666808,0.014746023256360482,0.020679552009430106,0.011928231126169296,0.013977488744715383,0.016642547217218893,1.054983733178513,0.006412452206738806,0.006988744372357691,0.010483116558536537,0.0,0.0,296,26738.033923303454,0.11774811126549453,0.03958829842562562,0.020875261907429672
SPY,2019,2019-05-17,2019-05-20,-0.006227255814797661,0.006227255814797661,0.4959623537309104,0.0,0.002454870076078919,0.01220456901013628,0.01469817741109485,0.008784274630715311,0.010795316041304952,0.01255590422932851,1.130543002487306,0.003320155614643827,0.005397658020652476,0.008096487030978714,0.0,0.0,707,71503.97790436725,0.18724456790522842,0.09693785384528895,0.015873987078517178
IWM,2019,2019-05-20,2019-05-21,0.0056002510894179736,0.0056002510894179736,0.33970193176000524,1.0,0.0009872566557971307,0.009280614296601226,0.01060796884862993,0.012143412149422996,0.015415126567300513,0.016485779343093268,0.6020459355998944,0.009237950325710065,0.007707563283650257,0.011561344925475385,1.0,0.0,235,14774.875061468532,0.08884578474671177,0.05232603371954046,0.01711032950007198
QQQ,2019,2019-05-20,2019-05-21,0.008613520856038948,0.008613520856038948,0.4997109378471647,1.0,0.002991902756312559,0.010194450007705904,0.014119447057844842,0.012391330529088489,0.013977488744715383,0.017237006844691823,0.7293477529402574,0.004573012843276603,0.006988744372357691,0.010483116558536537,0.0,0.0,283,32359.866299430723,0.11234903828673688,0.04715112415180767,0.019509168432890543
SPY,2019,2019-05-20,2019-05-21,0.006620793394661595,0.006620793394661595,0.516583767437135,1.0,0.0003871905671610776,0.00999787496409033,0.008105696185479704,0.008873361687513643,0.010795316041304952,0.01281649523659743,0.9261308261691035,0.0038484629156902983,0.005397658020652476,0.008096487030978714,0.0,0.0,745,74434.46108986187,0.20145250549376448,0.0725311017519459,0.01651076579933182
IWM,2019,2019-05-21,2019-05-22,-0.0039007026065922545,0.0039007026065922545,0.2389851698841596,0.0,0.007796648125117489,0.00956555990546609,0.010857526561007297,0.012034210161317822,0.014683109704371282,0.016321944196298854,0.6514668961860542,0.008026323820415238,0.007341554852185641,0.01101233227827846,1.0,0.0,248,20807.282519541888,0.1318482110778106,0.07140112017551138,0.01944435860703033
QQQ,2019,2019-05-21,2019-05-22,-0.005554608682094009,0.005554608682094009,0.3229198517543716,0.0,0.0018181919066373453,0.007768615218233471,0.014033592689625871,0.012258182684220425,0.013977488744715383,0.01720119915798522,0.5557947754506783,0.0003873157633125235,0.006988744372357691,0.010483116558536537,0.0,0.0,288,40144.62246718591,0.12301760446612821,0.07438263695322099,0.018299493077611657
SPY,2019,2019-05-21,2019-05-22,-0.0036996876983839133,0.0036996876983839133,0.28798380401445667,0.0,0.0023791177458822865,0.004828061951658096,0.00809980415718406,0.008874793194526174,0.010795316041304952,0.012846860298429111,0.4472367398216971,0.0012276608068135797,0.005397658020652476,0.008096487030978714,0.0,0.0,866,92568.16040592908,0.16640644889386313,0.11139001476988669,0.013404952948727681
IWM,2019,2019-05-22,2019-05-23,-0.009637456450977466,0.009637456450977466,0.5842765357680197,0.0,0.004503344445300872,0.010377211364202655,0.011332988331881188,0.012095226770857996,0.014683109704371282,0.016494683357956903,0.7067447954239063,0.016691315769123305,0.007341554852185641,0.01101233227827846,1.0,1.0,306,49621.03652007907,0.1823093476341495,0.06996726672877243,0.02062645656828725
QQQ,2019,2019-05-22,2019-05-23,-0.011490452888974545,0.011490452888974545,0.6647382156134508,0.0,0.0011060554150048585,0.007300117634946862,0.012195931157074947,0.01226693739315967,0.013977488744715383,0.01728568121868942,0.522276767184441,0.010161471479958717,0.006988744372357691,0.010483116558536537,1.0,0.0,365,95211.02176544527,0.06662534632934354,0.030433316846582837,0.019745565327392797
SPY,2019,2019-05-22,2019-05-23,-0.00864755515344584,0.00864755515344584,0.6683710832645319,0.0,0.0006305576040779304,0.005570139323509407,0.008079261690837279,0.008882687931273094,0.010795316041304952,0.012938254466678146,0.5159774204105729,0.009231194604837789,0.005397658020652476,0.008096487030978714,1.0,1.0,852,156284.98115990646,0.22196958782187673,0.08125763882679977,0.015387184902906272
IWM,2019,2019-05-23,2019-05-24,0.006626986392722856,0.006626986392722856,0.3905072275624808,1.0,0.011055197907689274,0.01641728960426543,0.012767469866920652,0.012742576721062056,0.015415126567300513,0.0169702016377214,1.0650116645224805,0.0047213155474452595,0.007707563283650257,0.011561344925475385,0.0,0.0,278,45219.884358589115,0.3375484486091633,0.12021240090494462,0.01674006964279693
QQQ,2019,2019-05-23,2019-05-24,0.005385731915103387,0.005385731915103387,0.30103217370863694,1.0,0.003856054722208846,0.010506342109993577,0.011038923866771546,0.012502914883223222,0.013977488744715383,0.01789088471425692,0.7516616397896096,0.0035712257444993067,0.006988744372357691,0.010483116558536537,0.0,0.0,339,91302.18883687515,0.18788585839460914,0.07926866590118169,0.018055408546735846
SPY,2019,2019-05-23,2019-05-24,0.005670856677069125,0.005670856677069125,0.42089694872516115,1.0,0.003602164855489365,0.0093232945921615,0.007915649181982483,0.00922157074952144,0.010795316041304952,0.01347326630484105,0.8636425794750968,0.0016212800045432019,0.005397658020652476,0.008096487030978714,0.0,0.0,825,158783.4575995277,0.16501916437987746,0.07970829971954907,0.01769605556112311
QQQ,2019,2019-05-24,2019-05-28,0.0028064660402020714,0.0028064660402020714,0.15700149615377296,1.0,0.0058590648536400725,0.010657907430130014,0.01124561832059962,0.012482508041817221,0.013977488744715383,0.01787540952764754,0.7625051699046842,0.0055972236622767735,0.006988744372357691,0.010483116558536537,0.0,0.0,273,75920.41231598963,0.16337665746239224,0.05943813564637592,0.018571679870365426
IWM,2019,2019-05-28,2019-05-29,-0.005013704247347595,0.005013704247347595,0.2925905050048443,0.0,0.009403338988142496,0.013707649432011488,0.014018347376693635,0.012669422873497737,0.015415126567300513,0.017135567154732464,0.8892336609865386,0.01004340201824827,0.007707563283650257,0.011561344925475385,1.0,0.0,218,41735.38898401013,0.2838445538450807,0.10588382405208477,0.018076608716382496
QQQ,2019,2019-05-28,2019-05-29,-0.006197566451469849,0.006197566451469849,0.3399091626095132,0.0,0.006548741436041117,0.012257933485482798,0.009228897750092375,0.012421293916632757,0.013977488744715383,0.018233007912733433,0.8769768095944477,0.007424770569125272,0.006988744372357691,0.010483116558536537,1.0,0.0,257,81134.63967721291,0.17235935742591302,0.06549123192411678,0.01789881060838903
SPY,2019,2019-05-28,2019-05-29,-0.004426165487739331,0.004426165487739331,0.3162549978131995,0.0,0.010385398563844461,0.01420039233344613,0.0086058365610927,0.009261629301683201,0.011213835164924694,0.013995559021501087,1.2663278998306455,0.007950606320583198,0.005606917582462347,0.008410376373693521,1.0,0.0,757,132201.25738649312,0.2084804724153618,0.10496945352713764,0.017932756044240713
IWM,2019,2019-05-29,2019-05-30,0.0027639454781667183,0.0027639454781667183,0.16088333491521958,1.0,0.0033593120955534017,0.010548186670641634,0.010690148040043512,0.012722134527896839,0.015415126567300513,0.017179812188895947,0.6842750609013537,0.005579844242384446,0.007707563283650257,0.011561344925475385,0.0,0.0,263,47370.26388114755,0.10187335606976716,0.05058374694296967,0.021244860259800255
QQQ,2019,2019-05-29,2019-05-30,0.002670006385061763,0.002670006385061763,0.14691691536750034,1.0,0.002040935492926166,0.010828299045968843,0.005658472918264408,0.012430165116650108,0.013977488744715383,0.018173580478347003,0.774695601172479,0.004362630438872195,0.006988744372357691,0.010483116558536537,0.0,0.0,307,87307.8165595521,0.11057831873638829,0.05449503036978831,0.018430613118367745
SPY,2019,2019-05-29,2019-05-30,0.003018637909420141,0.003018637909420141,0.21261348649059575,1.0,0.0022946995089242472,0.009501250803806803,0.005630800757200977,0.009285107180380552,0.011213835164924694,0.014197772489628311,0.8472793352202452,0.0033321029062716168,0.005606917582462347,0.008410376373693521,0.0,0.0,767,146068.6263441561,0.1336713184684811,0.0755802430614623,0.019544743666086294
IWM,2019,2019-05-30,2019-05-31,-0.01176225458341329,0.01176225458341329,0.6760736083297939,0.0,0.005512654280462215,0.017075687696953782,0.010826762237602892,0.012635074379001214,0.015622297582989667,0.01739789046413356,1.0930330577972498,0.005986753876542794,0.007811148791494834,0.011716723187242251,0.0,0.0,253,50024.789267716864,0.09746624222027338,0.06369540598035138,0.01968916916221633
QQQ,2019,2019-05-30,2019-05-31,-0.011766712568772264,0.011766712568772264,0.6560799606535327,0.0,0.0015297692490705561,0.0084985835694051,0.007459837935886477,0.012552869550996385,0.01350197837092164,0.017934875738395112,0.6294324680380147,0.0047162095085242495,0.00675098918546082,0.01012648377819123,0.0,0.0,308,106041.21100128337,0.21892375696196903,0.11802675205117384,0.017730531691396472
SPY,2019,2019-05-30,2019-05-31,-0.010142230529499585,0.010142230529499585,0.7212107968503602,0.0,0.00028657725077396723,0.007989721268908522,0.006809962761705186,0.009288533393580026,0.011213835164924694,0.014062782440019319,0.7124878466110552,0.0034879450905327403,0.005606917582462347,0.008410376373693521,0.0,0.0,748,160536.3444077926,0.2402627562554593,0.13325225192867407,0.016584679831754125
QQQ,2019,2019-05-31,2019-06-03,-0.002701932905712967,0.002701932905712967,0.15038728428072265,0.0,0.0042361067194574,0.008128674503977994,0.007692715001189303,0.012870728491949033,0.012081645180888518,0.017966498421963416,0.6728118879733719,0.02487145595094109,0.006040822590444259,0.00906123388566639,1.0,1.0,244,66131.15657171138,0.03552084164632618,0.008472144367214132,0.02366517355111821
IWM,2019,2019-06-03,2019-06-04,0.010589622897212214,0.010589622897212214,0.6175972042159834,1.0,0.0016423063461021847,0.01286528994726409,0.006593428739840446,0.01170246247633432,0.014530978363006661,0.017146487751114978,0.8853698371760622,0.016022141336701656,0.007265489181503331,0.010898233772254996,1.0,1.0,196,43556.37586383495,0.12678651572001834,0.027335722328951848,0.02348025773719703
QQQ,2019,2019-06-03,2019-06-04,0.011227390764934286,0.011227390764934286,0.6076383879864172,1.0,0.019368230880225767,0.026977131606179334,0.010248002677012757,0.012597642894292535,0.01350197837092164,0.018477092604598996,1.9980132440649054,0.01709005674747499,0.00675098918546082,0.01012648377819123,1.0,1.0,221,56362.910831414265,0.16614549007343998,0.04014411629124935,0.021286555194390235
SPY,2019,2019-06-03,2019-06-04,0.009287204446761343,0.009287204446761343,0.6502326184490923,1.0,0.0026878436705427555,0.012567620085579134,0.00623228383415939,0.009162446287072612,0.011797428611456095,0.014282895356607603,1.065284690375251,0.012846411739753094,0.005898714305728047,0.008848071458592071,1.0,1.0,757,115688.14249441796,0.15269887932374468,0.051665377685941816,0.018646427583116677
IWM,2019,2019-06-04,2019-06-05,0.003995676812026838,0.003995676812026838,0.22806366862079544,1.0,0.015143358037401189,0.02616275801171539,0.015429704421067043,0.01350537164808882,0.014530978363006661,0.01752000586586417,1.8004815201102504,0.0008623301110999293,0.007265489181503331,0.010898233772254996,0.0,0.0,209,45640.57395295243,0.20387270208488842,0.03024649339591031,0.019990829930830036
QQQ,2019,2019-06-04,2019-06-05,0.00954775675479036,0.00954775675479036,0.5088210408117129,1.0,0.01674129456053386,0.020926618200667404,0.019869123833227444,0.014697515039122845,0.01350197837092164,0.018764469212120233,1.5498927361441892,0.00016988775051429705,0.00675098918546082,0.01012648377819123,0.0,0.0,238,89213.69058327242,0.11026328142071436,0.040389756631023566,0.020649396517763142
SPY,2019,2019-06-04,2019-06-05,0.006416382564436107,0.006416382564436107,0.44180284492328853,1.0,0.012305151999830954,0.014650684288865092,0.013333573439757813,0.010737059022913754,0.011797428611456095,0.014523180731328703,1.2418540320420584,0.0023377030195141923,0.005898714305728047,0.008848071458592071,0.0,0.0,805,145760.97896688015,0.1463775658990631,0.05416418535291881,0.018236342595573718
IWM,2019,2019-06-06,2019-06-07,0.0036715823801938274,0.0036715823801938274,0.21383355857948688,1.0,0.0021315752453888726,0.014721601290634202,0.014590062468044628,0.012935439276238057,0.014922484322592282,0.017170281430961713,0.9865382313282817,0.007715253450150561,0.007461242161296141,0.011191863241944211,1.0,0.0,259,54770.067700768814,0.23333179332120965,0.07749718850447782,0.018100597477148556
QQQ,2019,2019-06-06,2019-06-07,0.005348780727310043,0.005348780727310043,0.29658295460966805,1.0,0.006231976305868692,0.013087063795156867,0.020274696540983857,0.014630198612343362,0.012857938128224645,0.0180346869035328,1.017819782973544,0.017977188383494713,0.006428969064112323,0.009643453596168484,1.0,1.0,309,115361.14986973254,0.1898471169440394,0.10493733508275567,0.01769301162996721
SPY,2019,2019-06-06,2019-06-07,0.003967713943983542,0.003967713943983542,0.2857739269275674,1.0,0.0053301535617251705,0.010519186624534478,0.013129865962430601,0.010539153704694186,0.01102220920742503,0.013884100577829142,0.9543628166165006,0.010212336944467992,0.005511104603712515,0.008266656905568773,1.0,1.0,804,160005.26964702673,0.20506973430867012,0.06688629410512474,0.01619344960472932
IWM,2019,2019-06-07,2019-06-10,0.003910886487495713,0.003910886487495713,0.233099064828514,1.0,0.0033920484611407176,0.009910144156224012,0.01126283034049103,0.013093155999941193,0.014214625361322845,0.01677778711970753,0.6971794123529227,0.011158814628327907,0.007107312680661422,0.010660969020992134,1.0,1.0,209,43633.31603774567,0.09762026152776408,0.008896849460660486,0.018667957144832895
QQQ,2019,2019-06-07,2019-06-10,0.0066836431658212625,0.0066836431658212625,0.36692430041130825,1.0,0.01388886515147525,0.019265246911069355,0.0189440524774996,0.015365810294509346,0.012857938128224645,0.01821531895905818,1.4983154156559466,0.014266151459619403,0.006428969064112323,0.009643453596168484,1.0,1.0,258,91801.24026480464,0.05478653158679979,0.008754915224213554,0.019654883739712494
SPY,2019,2019-06-07,2019-06-10,0.0059794933328665145,0.0059794933328665145,0.43143482785163084,1.0,0.006015462752287926,0.0108768438037457,0.00868869386361919,0.01077019904219024,0.01069801521414009,0.013859551772029969,1.0167160530272237,0.005010927986656144,0.005349007607070045,0.008023511410605068,0.0,0.0,715,145732.8378236707,0.18341204998534777,0.04708847236348194,0.016461509690205017
IWM,2019,2019-06-10,2019-06-11,0.00738052795510713,0.00738052795510713,0.44671277295157746,1.0,0.0019808719564406996,0.011158814628327829,0.011136446136821724,0.013167574079813258,0.01328646968963779,0.016521864611888232,0.8398630252421879,0.002354946175510797,0.006643234844818895,0.009964852267228343,0.0,0.0,210,50163.95002167423,0.22421550507151128,0.03461245975480729,0.017753077186821155
QQQ,2019,2019-06-10,2019-06-11,0.010428630771284197,0.010428630771284197,0.580903656597046,1.0,0.004938238115140603,0.014485593358839163,0.008801577723212547,0.01561678987602681,0.012857938128224645,0.017952427485782206,1.1265875768247497,0.0018372222110452086,0.006428969064112323,0.009643453596168484,0.0,0.0,259,92823.23319239271,0.06811415262022319,0.013570609015999114,0.021132234531485924
SPY,2019,2019-06-10,2019-06-11,0.006990306970061866,0.006990306970061866,0.5274747163755871,1.0,0.0013822922322074271,0.006738819642449607,0.006706628789511252,0.010760451182091457,0.010258530794312404,0.013252401969319105,0.6568990996435653,0.0014089957588545587,0.005129265397156202,0.0076938980957343035,0.0,0.0,782,151841.70098942472,0.2679673497950061,0.09265360265490238,0.015557650700809954
QQQ,2019,2019-06-11,2019-06-12,-0.0027262814429656057,0.0027262814429656057,0.16235586762026386,0.0,0.008970083670209572,0.01415754431941974,0.006591280040507056,0.013365690024669556,0.012857938128224645,0.016792010556354754,1.1010742296497997,0.004945021409254791,0.006428969064112323,0.009643453596168484,0.0,0.0,251,99400.34986832988,0.09206715205109624,0.02890300212913007,0.01999572676037199
IWM,2019,2019-06-12,2019-06-13,0.005545628382656931,0.005545628382656931,0.364898655504341,1.0,0.0019182997683022673,0.007672997210663349,0.0046663049891378944,0.010680883457727792,0.012063317086231266,0.015197722159299537,0.6360603104283061,0.005712002699316043,0.006031658543115633,0.00904748781467345,0.0,0.0,270,57124.68425259838,0.2285847298501444,0.0452239590691443,0.01675250319494749
QQQ,2019,2019-06-12,2019-06-13,0.004168091372650062,0.004168091372650062,0.2554020055114173,1.0,0.0030617691486128917,0.006998353318815932,0.009606875612477066,0.013259740917322278,0.012443372973387611,0.016319728438717117,0.5624161016296119,0.004205292124548343,0.006221686486693806,0.009332529730040708,0.0,0.0,314,109608.56501554392,0.11169741701609741,0.03837102498043353,0.018351627250920745
SPY,2019,2019-06-12,2019-06-13,0.0035021297435631205,0.0035021297435631205,0.2946424108853288,1.0,0.0008661307764431525,0.004988921730620641,0.0048416024511392835,0.008808213320062206,0.009749562883948567,0.01188603410160836,0.5117072211344239,0.002004205604963616,0.0048747814419742835,0.007312172162961425,0.0,0.0,1048,172161.24619473756,0.22684201568241652,0.09354131119733314,0.01469012732979341
QQQ,2019,2019-06-13,2019-06-14,-0.005124863432505511,0.005124863432505511,0.32925523231420584,0.0,0.0017476354711249975,0.006171434114451081,0.009594407701061083,0.012941818344064413,0.01154311626572582,0.015565017437945805,0.5346419435084003,0.002967974490968306,0.00577155813286291,0.008657337199294365,0.0,0.0,313,113278.92084908296,0.11155565431772692,0.04597505300283849,0.018424850190994945
IWM,2019,2019-06-17,2019-06-18,0.006765624948319671,0.006765624948319671,0.4727928927052318,1.0,0.002436362598754682,0.008099004194936336,0.007199934292881069,0.010589969666202076,0.010472769675315732,0.014309912548828813,0.773339283305891,0.01226586789076789,0.005236384837657866,0.007854577256486799,1.0,1.0,205,58571.81935136781,0.2776023545633226,0.24885798821611319,0.014623445545949727
QQQ,2019,2019-06-17,2019-06-18,0.011810156221128798,0.011810156221128798,0.7965211650199683,1.0,0.003824367530089301,0.00770325455544145,0.005535311056170535,0.012629098756540773,0.010582124770061796,0.014827171881657062,0.7279497003508177,0.009735880388036744,0.005291062385030898,0.007936593577546346,1.0,1.0,245,102686.4396463996,0.10819138375786252,0.08926170963835027,0.017650757620029538
SPY,2019,2019-06-17,2019-06-18,0.006980749785173712,0.006980749785173712,0.6652671788066686,1.0,0.0005180778605144987,0.0035921821787329618,0.0023009603274434442,0.00839423016012355,0.008656507930535011,0.010493152236512735,0.41496896988471293,0.007481356828274999,0.0043282539652675055,0.006492380947901258,1.0,1.0,919,154588.91941613716,0.31475355067565386,0.2498247414924977,0.01353519259397401
IWM,2019,2019-06-19,2019-06-20,0.009640304844073189,0.009640304844073189,0.6659792072894818,1.0,0.002399605106226721,0.00843117602421614,0.008131287991639436,0.010383934322282443,0.010853500649484732,0.014475384123941318,0.7768162822763003,0.0010893826697904174,0.005426750324742366,0.008140125487113549,0.0,0.0,250,78324.74181339308,0.27076763326401876,0.23454460192535875,0.01611727016213598
QQQ,2019,2019-06-19,2019-06-20,0.013949017165505673,0.013949017165505673,0.9448031615796574,1.0,0.002410783989144072,0.010500329029383755,0.006702843921215606,0.012178032731593881,0.010743103238049428,0.014763939974738977,0.9774018546330425,0.00021080163333064839,0.005371551619024714,0.00805732742853707,0.0,0.0,286,129140.87597550327,0.21833365489797632,0.18738836176884643,0.01697247192665419
SPY,2019,2019-06-19,2019-06-20,0.010168603736961046,0.010168603736961046,0.9620133906503735,1.0,0.0017433251987892806,0.007451692930248841,0.004502639501628018,0.008302947194674181,0.008421946258779008,0.010570127022958085,0.8847946426256545,0.0009120017763777355,0.004210973129389504,0.006316459694084256,0.0,0.0,866,182989.33424028693,0.25399855888887984,0.1781460645459387,0.014258646790742388
SPY,2019,2019-06-20,2019-06-21,-0.005847294512281942,0.005847294512281942,0.5390630281120501,0.0,0.0006081042702444917,0.010741766599086926,0.005348831237871319,0.008442812024651346,0.009088732920405497,0.010847144410479804,1.1818772422028303,0.001259514926768679,0.0045443664602027485,0.006816549690304123,0.0,0.0,726,183360.29159686266,0.45970260185005424,0.3685336089236336,0.010420865008266198
IWM,2019,2019-06-21,2019-06-24,0.0026632261788690492,0.0026632261788690492,0.1943151709184039,1.0,0.0076065744693407655,0.010056065941416009,0.007298087284800937,0.009191903884708346,0.010853500649484732,0.013705703812428425,0.9265274187728011,0.000323937882612757,0.005426750324742366,0.008140125487113549,0.0,0.0,183,30441.193488994577,0.0657348922768371,0.020325944875923305,0.021251745918171326
IWM,2019,2019-06-25,2019-06-26,0.003638789771533091,0.003638789771533091,0.26509761030081297,1.0,0.00761607038738954,0.00984833578913918,0.007504881065165538,0.009404746101356144,0.010853500649484732,0.01372622622815824,0.9073879577836234,0.0034278462948047483,0.005426750324742366,0.008140125487113549,0.0,0.0,210,40449.24746110724,0.12671046639923234,0.07328282781596795,0.018530492605114097
QQQ,2019,2019-06-25,2019-06-26,0.00665122497725168,0.00665122497725168,0.46130274445980857,1.0,0.016486763408185223,0.018560897281398755,0.009875682968271958,0.012337580588897583,0.011573066471541842,0.014418351195894899,1.603801147002826,0.006284906241562638,0.005786533235770921,0.008679799853656382,1.0,0.0,254,62307.07384327954,0.24073471755042467,0.1722207094594461,0.0173891125355849
SPY,2019,2019-06-25,2019-06-26,0.0034048362949672395,0.0034048362949672395,0.34231586592653235,1.0,0.010010222401127478,0.0105209268282647,0.007542063856304176,0.008089951569441403,0.008421946258779008,0.009946475270001021,1.2492274950457825,0.0019194432171165676,0.004210973129389504,0.006316459694084256,0.0,0.0,802,117729.47399399648,0.25311435946844824,0.14171001610695313,0.0158768762253895
IWM,2019,2019-06-26,2019-06-27,0.0029177880139381607,0.0029177880139381607,0.2167131863841455,1.0,0.005932721915554384,0.009624302855888127,0.006464917195531784,0.009198036638282447,0.010778083654158829,0.013463823141643507,0.8929512114312173,0.016728370056897646,0.005389041827079414,0.00808356274061912,1.0,1.0,269,46207.70353090257,0.14111809520394514,0.08965313980745686,0.017351337141917722
QQQ,2019,2019-06-26,2019-06-27,0.003606294482730865,0.003606294482730865,0.2505911105392507,1.0,0.0019875932998376644,0.009883950911551975,0.010003291696536583,0.012102600957087059,0.011409081463249298,0.014391150887078263,0.8663231079022407,0.0025742556594221533,0.005704540731624649,0.008556811097436973,0.0,0.0,330,82483.38299706482,0.30921124631618974,0.23018382316571942,0.017294037420812706
SPY,2019,2019-06-26,2019-06-27,0.002891852288912977,0.002891852288912977,0.2990674872911466,1.0,0.004387313725096376,0.0067180512599078835,0.007316801039022434,0.007868044545183474,0.0077207070995786815,0.009669564268274058,0.8701341953866488,0.0025745769327711887,0.0038603535497893408,0.005790530324684011,0.0,0.0,786,119846.99483026685,0.1773170913764881,0.06955054977860706,0.016295649104352772
SPY,2019,2019-06-27,2019-06-28,0.0037049282067431744,0.0037049282067431744,0.38825282385061133,1.0,0.0006522345370862936,0.004016281349633121,0.005175730475482925,0.007873172622848746,0.007129186073602252,0.009542566026947238,0.5633576271076012,0.0033153368829741403,0.003564593036801126,0.005346889555201689,0.0,0.0,782,139879.6665002808,0.13860888407347602,0.08882106291739586,0.015381918979132348
IWM,2019,2019-06-28,2019-07-01,0.013118927885098497,0.013118927885098497,0.9726297268437525,1.0,0.01006822398495344,0.013510892317548935,0.012934214480239788,0.009482214010611662,0.011282703515659324,0.013488100890839808,1.197487135844445,0.003110356189200081,0.005641351757829662,0.008462027636744493,0.0,0.0,247,35071.68543323023,0.11249384507520478,0.03289818787164741,0.022590010974800238
QQQ,2019,2019-06-28,2019-07-01,0.019171049190023437,0.019171049190023437,1.3948828314849604,1.0,0.0011232493100080676,0.005776873976438862,0.008929364032331754,0.011284441079313446,0.011409081463249298,0.013743841960987057,0.5063399709299308,0.0013135770826979698,0.005704540731624649,0.008556811097436973,0.0,0.0,292,55659.0893731922,0.0944897392942757,0.02203993438131833,0.023369105300221297
SPY,2019,2019-06-28,2019-07-01,0.012559701965123793,0.012559701965123793,1.3629548675824938,1.0,0.0014355507793102351,0.005263442812290184,0.00582053542178238,0.006968781371730782,0.007095256286349223,0.009215053457640341,0.7418256085289942,0.0008090223738661528,0.0035476281431746116,0.0053214422147619175,0.0,0.0,1105,119378.67220450603,0.12710893374141802,0.06845470054665817,0.016844444048697893
IWM,2019,2019-07-02,2019-07-03,0.002900497742407193,0.002900497742407193,0.22304859995360551,1.0,0.005576274529881742,0.011921552104968574,0.010226012085548108,0.008055536579205831,0.011282703515659324,0.013003882306414393,1.0566219424646397,0.004755721114064082,0.005641351757829662,0.008462027636744493,0.0,0.0,243,50632.47042585156,0.1551229905092511,0.07202653449220943,0.017615872598724158
QQQ,2019,2019-07-02,2019-07-03,0.0025262407252522046,0.0025262407252522046,0.20437867183683378,1.0,0.004281171097562542,0.007240989108272966,0.004678418167163659,0.008115744236019011,0.010192139970467865,0.012360588815593414,0.7104483581714951,0.004987122268082844,0.005096069985233933,0.007644104977850899,0.0,0.0,290,75694.96242878982,0.18961768424913483,0.11145314972855919,0.015854220227275385
SPY,2019,2019-07-02,2019-07-03,0.002530108351148863,0.002530108351148863,0.2994574794364903,1.0,0.0027739500181076515,0.00612292428634019,0.003679497453817808,0.0055183220760507135,0.006728435451178745,0.008448973643636958,0.9100071377317774,0.005518590379086197,0.0033642177255893725,0.005046326588384059,1.0,1.0,1170,168565.69232622397,0.3862349804781134,0.27263200318369846,0.011406806710797851
IWM,2019,2019-07-03,2019-07-05,-0.004927614493408838,0.004927614493408838,0.39020740537593807,0.0,0.004241570549047724,0.007519268143003482,0.009303048618902137,0.008138560444922519,0.010607440284871919,0.01262819317501527,0.708867355466265,0.004068222138250421,0.005303720142435959,0.007955580213653939,0.0,0.0,286,53115.89421884723,0.2391212287355654,0.0960326306638421,0.017582041475962634
QQQ,2019,2019-07-03,2019-07-05,-0.006842862212116274,0.006842862212116274,0.5655530317288949,0.0,0.004987122268082844,0.006037110200591111,0.004733013437624026,0.008117744087534356,0.009183098453439158,0.012099417434290207,0.6574153844915117,0.003907310288552068,0.004591549226719579,0.006887323840079369,0.0,0.0,352,84628.6964376043,0.2694672093319329,0.18044649835395515,0.015000393061071683
SPY,2019,2019-07-03,2019-07-05,-0.004551490653021073,0.004551490653021073,0.5433821021876492,0.0,0.005451225375575408,0.006056996954403545,0.0027932436100040667,0.005482768849509766,0.006420487773124037,0.008376224823557552,0.9433857937955971,0.004830892971874556,0.0032102438865620185,0.004815365829843028,1.0,1.0,1152,152557.53198295386,0.3611586589527866,0.18482489037046393,0.012237925976539495
IWM,2019,2019-07-05,2019-07-08,-0.0029996552456228454,0.0029996552456228454,0.24008729086502367,0.0,0.007653142585228867,0.012090840673969571,0.006711767958215066,0.008066442954798355,0.010607440284871919,0.01249401929946072,1.1398452736248954,0.008522224349023944,0.005303720142435959,0.007955580213653939,1.0,1.0,253,44745.629338008664,0.18976289806534186,0.048921421965547426,0.018171615779054278
QQQ,2019,2019-07-05,2019-07-08,-0.006490476175643578,0.006490476175643578,0.54180461015743,0.0,0.004838784754212622,0.010571684927241268,0.00597508831506333,0.008181006804617268,0.009183098453439158,0.011979366830706122,1.151211106016409,0.004657835795943033,0.004591549226719579,0.006887323840079369,1.0,0.0,297,60211.33886712694,0.1524997775227094,0.03587829956396598,0.01717263083151766
SPY,2019,2019-07-05,2019-07-08,-0.004858211254326061,0.004858211254326061,0.5841642493637179,0.0,0.003429226080216896,0.00884213576259163,0.004144084031551908,0.0054730791828949315,0.006420487773124037,0.0083165158765154,1.3771750800000797,0.002666965571758606,0.0032102438865620185,0.004815365829843028,0.0,0.0,949,117030.83869611204,0.2752761017074003,0.11422302385107336,0.012281101467804985
IWM,2019,2019-07-08,2019-07-09,-0.0041884731300191325,0.0041884731300191325,0.3352256979874664,0.0,0.006529698666035477,0.010178581842090636,0.007072018875817283,0.008393221038759169,0.010668698235209231,0.012494487013271082,0.9540603377925626,0.00038838399956686587,0.005334349117604616,0.008001523676406923,0.0,0.0,240,47171.33248094056,0.15388399681552922,0.06451745352081342,0.017354464404176866
QQQ,2019,2019-07-08,2019-07-09,-0.004744131165578924,0.004744131165578924,0.4175035478491923,0.0,0.0005267944049980322,0.004952333667862117,0.00801600587349293,0.007634048511374972,0.008092750275383897,0.011363091858784792,0.6119469277244184,0.0008481509000057841,0.004046375137691949,0.0060695627065379225,0.0,0.0,304,65308.063428091955,0.20886923589988354,0.08753379411523934,0.017101248959846882
SPY,2019,2019-07-08,2019-07-09,-0.004312373653096557,0.004312373653096557,0.5403472284267925,0.0,0.0006397172996162048,0.006868484151533061,0.006135468779072487,0.005430537525186461,0.006420487773124037,0.007980745391536339,1.069776065968745,0.0002030511586670336,0.0032102438865620185,0.004815365829843028,0.0,0.0,1112,133944.4842175589,0.24182792370005776,0.11606415391603228,0.013473739294022118
IWM,2019,2019-07-09,2019-07-10,0.00514802498828093,0.00514802498828093,0.4274030482715715,1.0,0.0055649064819049965,0.006147256305901708,0.006779413018634582,0.008327659497653642,0.010117323891753321,0.012044895349014638,0.6075970653576056,0.0023047414685344325,0.005058661945876661,0.007587992918814991,0.0,0.0,247,52613.20229293302,0.19473065488502916,0.07885458610759294,0.016932434260578895
QQQ,2019,2019-07-09,2019-07-10,0.006084147906370241,0.006084147906370241,0.557981877746684,1.0,0.009798242293507231,0.011916741852092622,0.005909268774937172,0.007347844302414395,0.008092750275383897,0.010903844997511477,1.4725206445996908,0.006620732797310902,0.004046375137691949,0.0060695627065379225,1.0,1.0,297,68984.05278071003,0.2725046731730224,0.10334974740935086,0.01568882077167605
SPY,2019,2019-07-09,2019-07-10,0.003970499229744018,0.003970499229744018,0.5107825485306269,1.0,0.005582979795554666,0.006902544387771698,0.004957581535820339,0.005384439976670661,0.006420487773124037,0.00777336508689655,1.075080995662905,0.00432351967702127,0.0032102438865620185,0.004815365829843028,1.0,0.0,1086,146752.3193726218,0.2879573351379587,0.15595078804532975,0.01222458318209727
IWM,2019,2019-07-12,2019-07-15,0.002882563234147817,0.002882563234147817,0.2421440180940184,1.0,0.006252425064582345,0.011537922477600887,0.006644542430553579,0.008246503023618991,0.010990438792816769,0.011904333862290955,1.049814542904506,0.00019161203222206602,0.005495219396408384,0.008242829094612577,0.0,0.0,243,49899.528096901355,0.1809294434861289,0.16190436025724841,0.013869767655039365
QQQ,2019,2019-07-17,2019-07-18,-0.0047346705336027695,0.0047346705336027695,0.48670359313883527,0.0,0.004918441513134697,0.006782360128289172,0.004850873153386793,0.006953865737916632,0.007911936256773028,0.009728036941474099,0.8572313916815394,0.0031464200379929252,0.003955968128386514,0.005933952192579771,0.0,0.0,306,89034.11892977054,0.2842057565354956,0.21544856407298357,0.013260429803492782
QQQ,2019,2019-07-18,2019-07-19,0.006860031892629959,0.006860031892629959,0.7036926190265177,1.0,0.005907286959450309,0.010978048609084233,0.004888004932980959,0.006934840786735461,0.007911936256773028,0.009748619933118053,1.3875299614157601,0.00046452118993989266,0.003955968128386514,0.005933952192579771,0.0,0.0,298,98412.04350160994,0.31270781679587156,0.24216089548708325,0.013623900250130007
SPY,2019,2019-07-18,2019-07-19,0.004049198631421946,0.004049198631421946,0.5605453776819886,1.0,0.00551830181832158,0.008580328315288814,0.004737615517281963,0.005398526951509508,0.0062119211597915745,0.007223676784503176,1.3812680641904196,9.998259712884483e-05,0.0031059605798957873,0.004658940869843681,0.0,0.0,1071,235049.60291809868,0.4289744918934477,0.33224896030743856,0.011558300095248431
IWM,2019,2019-07-19,2019-07-22,0.002730452145019324,0.002730452145019324,0.2352122266003795,1.0,0.007228572993027038,0.010391024436515994,0.004548944747180222,0.007869540152522553,0.01066923657321026,0.011608461789948971,0.973923894668074,0.002982309638847269,0.00533461828660513,0.008001927429907695,0.0,0.0,209,30667.271147824827,0.09069786989661463,0.046166528462216486,0.018027194279635905
IWM,2019,2019-07-22,2019-07-23,0.003904256455695254,0.003904256455695254,0.3397926796450668,1.0,0.0036307883651341966,0.008428442722114847,0.004410112585458816,0.007632825997516765,0.01066923657321026,0.011490113500306941,0.7899761772344708,0.0028519733269876113,0.00533461828660513,0.008001927429907695,0.0,0.0,243,38772.663147765765,0.18922737561240746,0.07858837245905652,0.01744244743685956
QQQ,2019,2019-07-22,2019-07-23,0.005453711413365037,0.005453711413365037,0.5505008285310153,1.0,0.005693670727068945,0.007835353013323863,0.006230810555782529,0.007108055565246891,0.0078628024681954,0.00990681781155171,0.9965089476706851,0.0011881171885708142,0.0039314012340977,0.005897101851146549,0.0,0.0,284,54936.555288608535,0.1563767934579081,0.05322309018048939,0.017323415750976456
SPY,2019,2019-07-22,2019-07-23,0.004162540373814139,0.004162540373814139,0.5881824574155188,1.0,0.0009744583824340403,0.004905720664424138,0.004719001283121989,0.004975674549650236,0.0062119211597915745,0.007076954304459189,0.7897268072521283,0.0029751423657089493,0.0031059605798957873,0.004658940869843681,0.0,0.0,971,139711.2818949289,0.21318616083093028,0.11060084986451135,0.014191224202643522
IWM,2019,2019-07-23,2019-07-24,-0.0026503146101971575,0.0026503146101971575,0.238954201219107,0.0,0.0027223112021548257,0.007648482913578166,0.005935722670204731,0.007211350856211034,0.010381033196684071,0.01109130786014921,0.7367747283595296,0.0011030247490992906,0.005190516598342036,0.007785774897513054,0.0,0.0,235,46074.28776047486,0.29721921580635235,0.16012772676614984,0.015237500620566526
QQQ,2019,2019-07-23,2019-07-24,-0.0038185162289695596,0.0038185162289695596,0.37707929564444936,0.0,0.001084778660459973,0.0078520728282021,0.006764592084732228,0.007166138123065986,0.007871162375634518,0.010126560309930314,0.9975747486176235,0.00010363297201188004,0.003935581187817259,0.005903371781725888,0.0,0.0,264,57077.065348359334,0.23895247841388767,0.08513461920892744,0.016597026823068968
SPY,2019,2019-07-23,2019-07-24,-0.002799707833577414,0.002799707833577414,0.38639659004699034,0.0,0.0029751423657089493,0.006050670154311983,0.006073720613396594,0.005156856940230847,0.0062119211597915745,0.00724568462997289,0.9740416851193581,0.00033436793186036873,0.0031059605798957873,0.004658940869843681,0.0,0.0,944,167488.68401092174,0.3476042111154001,0.19355087970299484,0.011643169166491956
QQQ,2019,2019-07-24,2019-07-25,-0.003381954516844088,0.003381954516844088,0.34710187275175763,0.0,0.010877963281686887,0.01103343615198718,0.006390759819382746,0.0057514610959546976,0.007871162375634518,0.009743406136165719,1.4017543566553272,0.0080859009827694,0.003935581187817259,0.005903371781725888,1.0,1.0,318,55778.700677605986,0.18918266594796085,0.05880917729029983,0.016917355936029728
QQQ,2019,2019-07-25,2019-07-26,0.006363143859908327,0.006363143859908327,0.6584853898435271,1.0,0.0061185788873252545,0.008175286913319426,0.00858089926422989,0.006338348037350708,0.007871162375634518,0.009663303025478472,1.0386378177924949,0.005243429182447912,0.003935581187817259,0.005903371781725888,1.0,0.0,324,69088.99654159162,0.31755308517987146,0.1637574169743583,0.014870572190074673
SPY,2019,2019-07-25,2019-07-26,0.0025333658854167496,0.0025333658854167496,0.35379269312477746,1.0,0.0031235543090993856,0.006280370283460374,0.00569565840942182,0.00472314131071979,0.0062016472849002816,0.0071605941407141185,1.0126938851797918,0.004887621934341224,0.0031008236424501408,0.004651235463675211,1.0,1.0,949,178888.3761861547,0.34075067350591753,0.21377799917424786,0.012184937871941923
IWM,2019,2019-07-29,2019-07-30,-0.006980444319538148,0.006980444319538148,0.6154739097146945,0.0,0.0066162512168007614,0.011196605887782136,0.012204712202140526,0.00748334092331967,0.010990438792816769,0.011341576319252854,1.0187587683123367,0.00226223792604352,0.005495219396408384,0.008242829094612577,0.0,0.0,245,40598.30960168537,0.09841749673495523,0.03120181204997181,0.01913284076756819
QQQ,2019,2019-07-29,2019-07-30,-0.0076558949324699865,0.0076558949324699865,0.7555615230438422,0.0,0.0025114319698180676,0.009174277487229142,0.008302653307792174,0.006718502036540625,0.007911936256773028,0.010132722086783324,1.1595489636782002,0.0007254230046300769,0.003955968128386514,0.005933952192579771,0.0,0.0,280,55027.81597743821,0.2675947639140344,0.13723379753032813,0.01740372970363365
SPY,2019,2019-07-29,2019-07-30,-0.005141603651905191,0.005141603651905191,0.724272688855821,0.0,0.0013913257616959829,0.003842598527052759,0.005377493656987512,0.004837789773426664,0.0062016472849002816,0.0070989887248512785,0.6196093312834294,0.0014024289339542584,0.0031008236424501408,0.004651235463675211,0.0,0.0,848,140543.60869384662,0.28233286104875255,0.15408110239942094,0.013461701870757915
QQQ,2019,2019-07-30,2019-07-31,0.0026834775298620883,0.0026834775298620883,0.2817005341483531,1.0,0.0033655769691445236,0.008025618773785317,0.008299085889108625,0.006294286328703642,0.007911936256773028,0.009525993757785626,1.0143684824198338,0.0006690150385062488,0.003955968128386514,0.005933952192579771,0.0,0.0,288,58604.66436049993,0.24321372157220253,0.1384099932064038,0.016494286027080918
IWM,2019,2019-08-01,2019-08-02,-0.006092340550394426,0.006092340550394426,0.4654393828603079,0.0,0.016509507369115606,0.029194299391282492,0.011929376798597983,0.008422767966009798,0.0110736582980731,0.013089439301321257,2.636373509589195,0.01368328490826265,0.00553682914903655,0.008305243723554824,1.0,1.0,299,53617.01175694665,0.2292758659281586,0.08512303443978421,0.017810068291847062
QQQ,2019,2019-08-01,2019-08-02,-0.0075203403717157835,0.0075203403717157835,0.6477071569949175,0.0,0.006686511143866425,0.03003709042468903,0.008653503061574926,0.006970542105110166,0.008100452843552371,0.011610710628252013,3.7080754625461863,0.013479374987042547,0.004050226421776186,0.0060753396326642785,1.0,1.0,364,74544.0672568826,0.23005677035692443,0.12280358902951453,0.014612173021728746
SPY,2019,2019-08-01,2019-08-02,-0.0033577202776805537,0.0033577202776805537,0.4091395643220355,0.0,0.009274226172780953,0.023219097850777044,0.006899620722102718,0.0052603854186800405,0.006290644158351666,0.008206784604770409,3.6910525005536368,0.010140984080188709,0.003145322079175833,0.004717983118763749,1.0,1.0,812,136243.26643274698,0.24255787373918772,0.13678756237286352,0.014723367133677636
IWM,2019,2019-08-02,2019-08-05,-0.018351048749220333,0.018351048749220333,1.363041352796273,0.0,0.005021221009545718,0.01610695221645967,0.00982288223378293,0.008698169016783015,0.0110736582980731,0.013463310347535121,1.4545285562281078,0.024416879156678784,0.00553682914903655,0.008305243723554824,1.0,1.0,244,45681.699535128064,0.17867309969471676,0.01040514880326577,0.021378416813769792
QQQ,2019,2019-08-02,2019-08-05,-0.02092347638125225,0.02092347638125225,1.727597421122273,0.0,0.007259406042422256,0.014730811579667906,0.005534331058451915,0.007677102860768824,0.008100452843552371,0.012111314896302662,1.8185170464134024,0.023604887274416564,0.004050226421776186,0.0060753396326642785,1.0,1.0,298,50077.963628994155,0.15395545913964157,0.01878300214044669,0.020666569921623336
SPY,2019,2019-08-02,2019-08-05,-0.015480824464789933,0.015480824464789933,1.8411842021328537,0.0,0.004185846386863146,0.01095797568086081,0.00399027423208316,0.005480881843186191,0.006290644158351666,0.008408080216448049,1.7419481065882008,0.02261108579293647,0.003145322079175833,0.004717983118763749,1.0,1.0,754,108377.13758951357,0.16010980082059634,0.06727846822628512,0.017267485304503286
IWM,2019,2019-08-05,2019-08-06,0.006081039841110636,0.006081039841110636,0.4059571284826389,1.0,0.011884088622004407,0.024769605323237145,0.01464242129971136,0.010697258688825711,0.011155246804099662,0.014979512402799688,2.220444402371633,0.005372754093690313,0.005577623402049831,0.008366435103074747,0.0,0.0,224,40242.77534201683,0.06257898074103091,0.006226286060416405,0.023691278639804653
QQQ,2019,2019-08-05,2019-08-06,0.009240293301743474,0.009240293301743474,0.6729238136179062,1.0,0.014719495480842837,0.023496689367544257,0.01254006585844788,0.010822277467333784,0.00831033935732597,0.013731559375293884,2.8274043161463407,0.007675489046715445,0.004155169678662985,0.006232754517994478,1.0,1.0,274,35055.53078153593,0.13694376167909758,0.012779237210301617,0.023714017861682327
SPY,2019,2019-08-05,2019-08-06,0.007363809047834735,0.007363809047834735,0.7441720188748334,1.0,0.01482171914315189,0.022527648710034064,0.010602806341420265,0.008481905325435496,0.006290644158351666,0.00989530493093331,3.581135435887852,0.007449913803400099,0.003145322079175833,0.004717983118763749,1.0,1.0,783,76691.33225329935,0.1296291098207186,0.03529011925737852,0.02254063372760284
IWM,2019,2019-08-06,2019-08-07,-0.009641151817901483,0.009641151817901483,0.6237313708878731,0.0,0.0030893669088192244,0.015580874147265254,0.014051801465859132,0.010978465401834092,0.011367264182691511,0.01545721807158334,1.3706793382166345,0.008385000389037112,0.005683632091345756,0.008525448137018634,1.0,0.0,237,48048.52705408883,0.1914615116013863,0.02952291914316238,0.021769048265309274
QQQ,2019,2019-08-06,2019-08-07,-0.010858836047279108,0.010858836047279108,0.7763029633692914,0.0,0.00471491578469907,0.014967082340410545,0.017856079297602433,0.011319973559793778,0.00831033935732597,0.013987884317934135,1.8010193924531288,0.007671381886123374,0.004155169678662985,0.006232754517994478,1.0,1.0,282,55001.06065614771,0.10702681266383955,0.033439035392255866,0.021723980868712522
SPY,2019,2019-08-06,2019-08-07,-0.011813738848836186,0.011813738848836186,1.1475113796082734,0.0,0.006610416238156391,0.013151025558618117,0.015648596027370745,0.009205575473383121,0.006290644158351666,0.01029509515876788,2.0905689826944642,0.008367555240612612,0.003145322079175833,0.004717983118763749,1.0,1.0,814,112054.15582137802,0.1804817062831219,0.08713673807075326,0.017754055428423544
IWM,2019,2019-08-07,2019-08-08,0.005558441813249271,0.005558441813249271,0.34919201820192586,1.0,0.009464637456758407,0.020416470455953295,0.014856250885475398,0.010952405616903008,0.01193941420945361,0.015918009357347374,1.7100060436623068,0.01651689035723769,0.005969707104726805,0.008954560657090207,1.0,1.0,295,55047.74134829833,0.19703958918704859,0.03050637621188884,0.02085224134040753
QQQ,2019,2019-08-07,2019-08-08,0.004504758920242491,0.004504758920242491,0.3083101165595367,1.0,0.01643954133227643,0.025486815293739046,0.019113795605170094,0.011111976108175041,0.008674782200274284,0.014611129114125557,2.938035181209874,0.017505972882589482,0.004337391100137142,0.006506086650205713,1.0,1.0,355,62054.25008558792,0.16881489580404618,0.0472976276172551,0.020454663636065476
SPY,2019,2019-08-07,2019-08-08,0.005729742297774232,0.005729742297774232,0.5181799610890522,1.0,0.012552768638659506,0.023839658666675822,0.016069882552779496,0.009100780523395502,0.006793233417637193,0.011057437045099362,3.509324235022043,0.013811201116765037,0.0033966167088185966,0.005094925063227895,1.0,1.0,824,115560.50683657719,0.16709833531544704,0.06787804039136795,0.017848164524958077
IWM,2019,2019-08-08,2019-08-09,-0.0029500260131655187,0.0029500260131655187,0.17907254973716535,0.0,0.015917412499504513,0.017582414232187663,0.019690457318134947,0.01212296338028464,0.013009774943737585,0.016473915279005266,1.3514772014293126,0.01373057105482034,0.006504887471868792,0.009757331207803189,1.0,1.0,294,63551.104061430146,0.25414990130728554,0.05008037813686756,0.017236115016026753
QQQ,2019,2019-08-08,2019-08-09,-0.00478059026211064,0.00478059026211064,0.31208298701163945,0.0,0.017181719496004888,0.02026150833639545,0.023175321464941338,0.012333799547694277,0.010076163048156688,0.015318330255318735,2.0108356960442446,0.012592562538109808,0.005038081524078344,0.007557122286117516,1.0,1.0,366,73867.08720382441,0.1808940885167294,0.04760825271544093,0.01750321656266008
SPY,2019,2019-08-08,2019-08-09,-0.0035420222131220536,0.0035420222131220536,0.29998389420909655,0.0,0.013811201116765037,0.01591735870894268,0.01962621156758301,0.010258347426342282,0.007580328740393537,0.01180737460076164,2.099824328742281,0.010115631753917276,0.0037901643701967686,0.005685246555295153,1.0,1.0,938,132177.36715909533,0.260745897176007,0.10473747146668941,0.0156662230301308
IWM,2019,2019-08-09,2019-08-12,-0.005377755841537102,0.005377755841537102,0.32165735565505904,0.0,0.009665337997887158,0.01393908322857484,0.019872189454835484,0.01222942888704828,0.01380886358737184,0.016718895890271927,1.0094301490038677,0.009977723382116332,0.00690443179368592,0.01035664769052888,1.0,0.0,240,55003.11983306659,0.23485314300775365,0.2050687783301349,0.01793997579809159
QQQ,2019,2019-08-09,2019-08-12,-0.006166599396210448,0.006166599396210448,0.3881988436646361,0.0,0.0046434410458655595,0.015851842501216525,0.022545619769062827,0.012360824257608845,0.011005742380535706,0.01588515652956905,1.4403246917037988,0.010027227999404031,0.005502871190267853,0.00825430678540178,1.0,1.0,296,62981.439308318906,0.12088082867199225,0.09715545043074,0.019138234583534624
SPY,2019,2019-08-09,2019-08-12,-0.005692351998847989,0.005692351998847989,0.4648258278483733,0.0,0.0032811248176095598,0.012270136382017762,0.01956604505031063,0.010256965038219186,0.008217444622130938,0.012246204186194319,1.4931815115580158,0.01024319752610059,0.004108722311065469,0.006163083466598203,1.0,1.0,797,117211.23777302321,0.17908163188882614,0.15134391385255175,0.01588654575219264
IWM,2019,2019-08-13,2019-08-14,-0.015438924990061498,0.015438924990061498,0.866635742069054,0.0,0.013010705016967439,0.027774000397053574,0.01498698817540731,0.01279067959621243,0.014759978687920047,0.017814779890339805,1.881710060989759,0.015303291990518053,0.007379989343960024,0.011069984015940035,1.0,1.0,232,60741.924729363134,0.29507635997966847,0.2627976649963485,0.015581966862048213
QQQ,2019,2019-08-13,2019-08-14,-0.016083649817472012,0.016083649817472012,0.9128745850320604,0.0,0.022802523983777467,0.030729075021978157,0.01615619002748413,0.013600558617793064,0.01383997669710046,0.017618685064944763,2.220312627290481,0.016116667420879027,0.00691998834855023,0.010379982522825345,1.0,1.0,295,74509.04823758244,0.20081040137782238,0.18083588939366915,0.016201053754513334
SPY,2019,2019-08-13,2019-08-14,-0.015313555480030883,0.015313555480030883,1.1082559087158446,0.0,0.01671647223827266,0.023597722858721023,0.01383330228919378,0.011227191284992336,0.010628295015956617,0.01381770704726038,2.2202736020493377,0.015188882894928257,0.005314147507978309,0.007971221261967462,1.0,1.0,889,133641.05423989563,0.22054320188616627,0.18994512936510674,0.014375456613517301
IWM,2019,2019-08-14,2019-08-15,0.003765234239688775,0.003765234239688775,0.20017012989720256,1.0,0.012706925737086205,0.015275394075381823,0.01999092277963163,0.014053419569612594,0.015428134111323539,0.018810170336715136,0.9900999022409579,0.0003410384219277862,0.007714067055661769,0.011571100583492654,0.0,0.0,286,42708.102057821365,0.13577562282811753,0.08439334207546766,0.01870446459061891
SPY,2019,2019-08-14,2019-08-15,0.003451958462124649,0.003451958462124649,0.23082700953658983,1.0,0.014475694524633709,0.017287396612397424,0.02037046384383708,0.012864010379532364,0.011614056031439286,0.014954742380689456,1.4884891691240671,0.0026678241807025493,0.005807028015719643,0.008710542023579465,0.0,0.0,849,105058.40250533207,0.1916215093332775,0.1464983824747747,0.017727743377584034
IWM,2019,2019-08-15,2019-08-16,0.004467618887504354,0.004467618887504354,0.23466276059087332,1.0,0.00770692716992849,0.012822295358214187,0.014166804480229188,0.013975662817145337,0.015428134111323539,0.01903846556758743,0.8310982563214312,0.018954456576090184,0.007714067055661769,0.011571100583492654,1.0,1.0,281,46272.66314810001,0.29492076679916984,0.20926658886479169,0.015360774689962213
QQQ,2019,2019-08-15,2019-08-16,0.009093418977586865,0.009093418977586865,0.4790410319136287,1.0,0.0024589997171704514,0.013278648501536885,0.018806936112091163,0.01501425317865066,0.014848946960039225,0.01898254715522242,0.8942484970329376,0.009445687915736967,0.007424473480019613,0.01113671022002942,1.0,0.0,359,70237.9700016712,0.17788145826932583,0.1526616218362884,0.01574840290351035
SPY,2019,2019-08-15,2019-08-16,0.006429008006616277,0.006429008006616277,0.42579305019776853,1.0,0.0008073960347716458,0.011408312076296515,0.016832482437488163,0.012841162380541475,0.011839224229157138,0.015098903102411345,0.9636030077207769,0.009948252850609851,0.005919612114578569,0.008879418171867853,1.0,1.0,817,117613.33775139815,0.2661181901007617,0.2200908145031193,0.013964449507836332
IWM,2019,2019-08-16,2019-08-19,0.011370533444702069,0.011370533444702069,0.5773755353001109,1.0,0.017038493934333765,0.019159730829697443,0.019460314793703366,0.014989488881158882,0.015843913181862464,0.019693479805637838,1.2092802207241835,0.003791857621456174,0.007921956590931232,0.011882934886396848,0.0,0.0,240,23126.518136020986,0.13370835942459625,0.06760426939547245,0.020821033538348226
QQQ,2019,2019-08-16,2019-08-19,0.014449040307867644,0.014449040307867644,0.7553452482560229,1.0,0.006894245520790543,0.010042835770589528,0.02097525810692298,0.015521836256227868,0.014004730040602396,0.019129054351276157,0.7171031316900377,0.0035607895190545857,0.007002365020301198,0.010503547530451797,0.0,0.0,296,24129.397513814507,0.18051343044118034,0.10381588730739737,0.02081850069132256
SPY,2019,2019-08-16,2019-08-19,0.011563082109451894,0.011563082109451894,0.7506570347209149,1.0,0.008272811457343154,0.01612676256636971,0.019193195637193558,0.01336660016576866,0.01271058097031794,0.015403948240824661,1.2687667545668702,0.0030459089066123823,0.00635529048515897,0.009532935727738456,0.0,0.0,759,62096.69101657215,0.24358785039401765,0.14941210120347778,0.017160670011134957
IWM,2019,2019-08-20,2019-08-21,0.009855858403342355,0.009855858403342355,0.4921301234836717,1.0,0.005136101133040416,0.0068035554037457115,0.01869512136509292,0.015150832083020828,0.015843913181862464,0.02002693583066016,0.429411302981272,0.00019916863809177343,0.007921956590931232,0.011882934886396848,0.0,0.0,235,33454.41058800293,0.10614660670435574,0.07857311280536974,0.019354815949654595
QQQ,2019,2019-08-20,2019-08-21,0.008771457340434718,0.008771457340434718,0.44778456662370664,1.0,0.005267107138760441,0.009150889334248081,0.0190768770342457,0.01583679561773081,0.014004730040602396,0.01958856556082641,0.6534141898999766,0.0032871805057057557,0.007002365020301198,0.010503547530451797,0.0,0.0,292,32846.56758617494,0.08629538418689287,0.05004296395861343,0.01894588683759759
SPY,2019,2019-08-20,2019-08-21,0.00823887303460702,0.00823887303460702,0.5166990304313028,1.0,0.0057579351511115595,0.008259839035118594,0.017962942948529983,0.013622873185662833,0.01271058097031794,0.01594520707292562,0.6498396142872754,0.0012991464406506559,0.00635529048515897,0.009532935727738456,0.0,0.0,786,74127.18242032747,0.21830376409140162,0.12426941170784683,0.015585955239388494
SPY,2019,2019-08-21,2019-08-22,0.0026671182996726994,0.0026671182996726994,0.16637239436958257,1.0,0.00010256693849164389,0.0038976480034140287,0.008884345689983164,0.013727685235356061,0.01271058097031794,0.016031014699156857,0.30664593636718196,0.0023871420496783813,0.00635529048515897,0.009532935727738456,0.0,0.0,789,128964.14802530824,0.1659644758206757,0.06494150754512708,0.01750359724043248
IWM,2019,2019-08-22,2019-08-23,-0.005398903987097303,0.005398903987097303,0.2781706819308853,0.0,0.004247689635801355,0.012875837691528592,0.011075470296655981,0.01454557549555071,0.015428134111323539,0.019408601760694262,0.8345686911081698,0.029600557246414416,0.007714067055661769,0.011571100583492654,1.0,1.0,293,59424.26339058291,0.1497181900587747,0.06386848332545775,0.019805247547441406
QQQ,2019,2019-08-22,2019-08-23,-0.006807779758594257,0.006807779758594257,0.34298563150165423,0.0,0.005079857534033283,0.01545144191845728,0.01097348806332706,0.015793459492440053,0.014848946960039225,0.019848585868709846,1.0405749283123888,0.02853055741476651,0.007424473480019613,0.01113671022002942,1.0,1.0,363,66057.1054105993,0.1165812188705563,0.069697665849493,0.018533980961892346
SPY,2019,2019-08-22,2019-08-23,-0.004925338609853003,0.004925338609853003,0.30313403660114013,0.0,0.0029670415788586313,0.012038327071035923,0.009252027324571241,0.013706567057678157,0.01271058097031794,0.016248055365467588,0.947110686690728,0.026281483666523275,0.00635529048515897,0.009532935727738456,1.0,1.0,787,142358.31096008106,0.19822055436284955,0.09899727023129154,0.01628285773852779
IWM,2019,2019-08-23,2019-08-26,0.009420411503635595,0.009420411503635595,0.4601618979678621,1.0,0.025398797171407916,0.03471389821870358,0.016342198340059014,0.015542303738305147,0.015843913181862464,0.020471950296705184,2.190992706173295,0.0017029972398014959,0.007921956590931232,0.011882934886396848,0.0,0.0,221,40763.6511826449,0.2503932450769484,0.11674206568917177,0.019321103282160964
QQQ,2019,2019-08-23,2019-08-26,0.01136920954665288,0.01136920954665288,0.5388547042281794,1.0,0.025008022017629528,0.03689621498860167,0.018303232897367263,0.01692189586818886,0.015209262129433913,0.021098840666033344,2.4259043387251387,0.003964351743014571,0.007604631064716956,0.011406946597075435,0.0,0.0,280,44924.9795144017,0.052311492250946126,0.016731913520791664,0.021726066918958332
SPY,2019,2019-08-23,2019-08-26,0.00849563931298225,0.00849563931298225,0.4864328813997476,1.0,0.02086486678142052,0.03193320540399861,0.01494718675139038,0.014607779795344117,0.014490391509400563,0.017465183045470532,2.2037503530033757,0.002541201706570906,0.007245195754700282,0.010867793632050423,0.0,0.0,758,101616.31985550746,0.17151219742647053,0.05427094113925097,0.01965248991639675
IWM,2019,2019-08-26,2019-08-27,0.006325293765161,0.006325293765161,0.30901627610910853,1.0,0.0015667283566607182,0.00912804025908758,0.016545392740063523,0.015867465919950106,0.015843913181862464,0.0204691281792796,0.5761228400024957,0.0004054984852073229,0.007921956590931232,0.011882934886396848,0.0,0.0,223,52050.46302229812,0.12262458501674449,0.03001360040045791,0.019541231552653922
QQQ,2019,2019-08-26,2019-08-27,0.00697972749167719,0.00697972749167719,0.32644047258397074,1.0,0.0036928855046391984,0.009720828131128137,0.018092579057449577,0.017418174450167394,0.015209262129433913,0.021381317814021316,0.6391387069538228,0.0016656684626141782,0.007604631064716956,0.011406946597075435,0.0,0.0,283,53613.40558706337,0.16701095570844635,0.07188061768587652,0.019960801985433766
SPY,2019,2019-08-26,2019-08-27,0.005347251892089844,0.005347251892089844,0.2999682875739039,1.0,0.002541201706570906,0.00842417767356548,0.014707883777201341,0.014934312185017576,0.014490391509400563,0.017826057332051903,0.5813630134217105,0.0014160518408832257,0.007245195754700282,0.010867793632050423,0.0,0.0,817,123172.90685012248,0.12411986693638237,0.04885990812133097,0.019209403561062925
QQQ,2019,2019-08-27,2019-08-28,-0.003253217310382417,0.003253217310382417,0.14994756760116865,0.0,0.009026962167861474,0.014561235001830382,0.01795463032367249,0.017412618927629214,0.015209262129433913,0.021695699119543853,0.9573925991880021,0.005029785963182265,0.007604631064716956,0.011406946597075435,0.0,0.0,290,55644.103686850984,0.16852612586924876,0.0780371286373238,0.019286779405562147
SPY,2019,2019-08-27,2019-08-28,-0.0025446386208909377,0.0025446386208909377,0.1399701079049602,0.0,0.009221569900313531,0.013538762561465452,0.014498306465165152,0.014939373401253385,0.014684260010824231,0.018179871823909354,0.9219914760080251,0.0031201214669149824,0.007342130005412116,0.011013195008118173,0.0,0.0,864,133800.0871262814,0.15956579709274504,0.09143105574299666,0.01856814706687658
IWM,2019,2019-08-28,2019-08-29,0.010986765962298639,0.010986765962298639,0.5353949783407221,1.0,0.01369670559614189,0.021721080815429027,0.01800017447801401,0.016093816778886993,0.015843913181862464,0.020520861059153843,1.3709416711708904,0.00769490001089701,0.007921956590931232,0.011882934886396848,0.0,0.0,282,52408.6796141698,0.2392806598854619,0.09005883752487424,0.017864353624750494
QQQ,2019,2019-08-28,2019-08-29,0.01242640389683225,0.01242640389683225,0.5902649505481011,1.0,0.006854128783580826,0.013545069953616037,0.017250092335370365,0.017241484674841028,0.014848946960039225,0.021052247614047708,0.9121906078638358,0.005710055647067058,0.007424473480019613,0.01113671022002942,0.0,0.0,356,61891.49582282273,0.18893941434712308,0.08834349571087319,0.018463963777026575
SPY,2019,2019-08-28,2019-08-29,0.009796069191625012,0.009796069191625012,0.548858610302944,1.0,0.00961067959466888,0.013350133251765421,0.014311443955825398,0.014929809099967864,0.013444447906615437,0.017848074181104755,0.9929848621895728,0.004936248578707447,0.006722223953307719,0.010083335929961579,0.0,0.0,818,137173.60231485046,0.19352635177955704,0.0918981645565043,0.01816908264141694
QQQ,2019,2019-08-29,2019-08-30,0.005374598322036572,0.005374598322036572,0.2627115815420181,1.0,0.002828319446198435,0.009498980969548296,0.019239312193406844,0.017615148808731614,0.014646023290749145,0.020458170479160844,0.6485706584631836,0.00021176386213350717,0.007323011645374572,0.01098451746806186,0.0,0.0,367,67230.85468615004,0.1834565941492138,0.09740217806168627,0.018200884816483343
SPY,2019,2019-08-29,2019-08-30,0.005605354855782174,0.005605354855782174,0.3216756063964047,1.0,0.002947982133428839,0.008741321472221023,0.015889787955848354,0.015143674284478294,0.01325057940519177,0.017425489357357823,0.659693527725742,6.793900342927373e-05,0.006625289702595885,0.009937934553893827,0.0,0.0,857,161530.8852930912,0.2615718231677542,0.16469985837456028,0.01506103336502294
IWM,2019,2019-08-30,2019-09-03,-0.009338883524915631,0.009338883524915631,0.4748211118159228,0.0,0.007005157489048064,0.01287616213509439,0.013007255392802765,0.016345341367251447,0.01460723865197833,0.019668214602336597,0.8814918713846377,0.009931485946864216,0.007303619325989165,0.010955428988983749,1.0,0.0,240,44658.46983094909,0.0595188602802199,0.014511496237169285,0.0213390275218707
QQQ,2019,2019-08-30,2019-09-03,-0.00666773346061067,0.00666773346061067,0.3316737457469132,0.0,0.007727684918633293,0.013549979663561982,0.008820969788806442,0.017301897090600704,0.01405560733269618,0.020103289892889342,0.9640266224599198,0.00643140274148557,0.00702780366634809,0.010541705499522136,0.0,0.0,296,48081.49076050768,0.12079803585423632,0.02377285517373784,0.021525535677612537
SPY,2019,2019-08-30,2019-09-03,-0.006428465735476174,0.006428465735476174,0.3728971634953769,0.0,0.006015869099069704,0.009584585666986238,0.00724756628578203,0.015047601465658846,0.01325057940519177,0.017239245467084045,0.7233333255775108,0.0044941347527254205,0.006625289702595885,0.009937934553893827,0.0,0.0,756,123481.45069566628,0.18352731258102806,0.07415760427177207,0.01737838282189564
IWM,2019,2019-09-04,2019-09-05,0.013595845612922597,0.013595845612922597,0.7417013616974388,1.0,0.0011485587139689057,0.007972488199206122,0.012646757606350045,0.01520311043817941,0.013407622681834614,0.018330619727874694,0.5946235502292057,0.013747063561483808,0.006703811340917307,0.010055717011375961,1.0,1.0,322,67633.24253995069,0.14955137213119812,0.06884901595424783,0.01831197931142202
QQQ,2019,2019-09-04,2019-09-05,0.011044452879688249,0.011044452879688249,0.5971739078859841,1.0,0.004748182768118836,0.008482776226898124,0.010782667567280387,0.015394403086726932,0.013411859227576461,0.018494533558550786,0.632483243595077,0.01008349420733401,0.0067059296137882305,0.010058894420682345,1.0,1.0,418,67821.91988768647,0.13625645679828563,0.05165817372123518,0.020272617861739093
SPY,2019,2019-09-04,2019-09-05,0.009352468780043033,0.009352468780043033,0.5938837716521435,1.0,0.0030701843880431845,0.005969843462342639,0.007940608979775153,0.013253633093576385,0.012154231726526844,0.01574797835277619,0.4911740697944191,0.006873472720140272,0.006077115863263422,0.009115673794895134,1.0,0.0,1026,145945.14315070707,0.20714717161374285,0.06559026000938883,0.01635796275761181
IWM,2019,2019-09-06,2019-09-09,0.004469736190897189,0.004469736190897189,0.24759503955439505,1.0,0.0053085804111367985,0.00928993977992715,0.012681133868692941,0.015017495946520212,0.012875999913311491,0.018052607996272948,0.721492687361935,0.011091174123073255,0.006437999956655746,0.009656999934983618,1.0,1.0,270,57474.390295582096,0.1265080778761906,0.03221743579445688,0.020736786449494848
QQQ,2019,2019-09-06,2019-09-09,0.003131719374624531,0.003131719374624531,0.17944520498358135,1.0,0.0026549180084365354,0.005205621906441465,0.011912480199565244,0.015149659053148244,0.012247296399670133,0.017452232144687694,0.4250425348227607,0.0004162642699330199,0.006123648199835067,0.0091854722997526,0.0,0.0,328,56404.17822352136,0.1613431270556923,0.07690638193488442,0.018165806809280864
SPY,2019,2019-09-06,2019-09-09,0.0036571947663555093,0.0036571947663555093,0.24988766537043536,1.0,0.00040254093087976894,0.004494068073734691,0.008050452911697896,0.012837332204835366,0.011723319573666218,0.014635355294284159,0.3833443288392135,0.000334210005488611,0.005861659786833109,0.008792489680249663,0.0,0.0,919,153557.9859079685,0.2423152858584539,0.1029200438755318,0.01475895774692986
QQQ,2019,2019-09-09,2019-09-10,-0.005387304598275411,0.005387304598275411,0.3145067903386078,0.0,0.005203184282724926,0.010666543658444489,0.01187245932487344,0.014972936379062912,0.011105997321625871,0.017129374511994706,0.9604309590165606,0.006616907393828697,0.005552998660812936,0.008329497991219403,1.0,0.0,328,63300.044664965404,0.1912355781103633,0.10638573790358254,0.017668992696613893
SPY,2019,2019-09-09,2019-09-10,-0.0028169913517157585,0.0028169913517157585,0.19687890479037162,0.0,0.0031423493861594265,0.0069532208010022216,0.00793776950810293,0.012711814929869133,0.010496448871641376,0.0143082437131351,0.6624355423468962,0.004696368297889997,0.005248224435820688,0.007872336653731032,0.0,0.0,935,163764.52396107843,0.2593835794850899,0.10874234345672312,0.013930054281047294
IWM,2019,2019-09-10,2019-09-11,0.00435487905339782,0.00435487905339782,0.23852699515435397,1.0,0.014306523816709493,0.02017403551129219,0.008790849275671099,0.014951205528731169,0.013677264930626095,0.01825738445486944,1.4750050988716716,0.01708516254629,0.0068386324653130475,0.01025794869796957,1.0,1.0,276,57440.62887806198,0.14359913401121077,0.03436930203449,0.017903948750415958
QQQ,2019,2019-09-11,2019-09-12,0.006132141451350881,0.006132141451350881,0.385534762435271,1.0,0.007486872648069465,0.010314142516770288,0.00925633913812572,0.014056159977549623,0.010382651466595769,0.015905547433950087,0.9934015939911018,0.0056815562215168924,0.005191325733297884,0.0077869885999468265,1.0,0.0,394,75709.21429793854,0.20508427212904992,0.10553147837030424,0.017668363226957036
SPY,2019,2019-09-11,2019-09-12,0.0033305578684430515,0.0033305578684430515,0.25328791913125065,1.0,0.005963744336170862,0.008677576732327805,0.0056672657696417465,0.011968880949584274,0.008709449102274414,0.01314929618383101,0.9963404838156428,0.004016569145487647,0.004354724551137207,0.006532086826705811,0.0,0.0,944,169158.87564052167,0.27486653714176046,0.0975057855291744,0.013736549113645531
IWM,2019,2019-09-12,2019-09-13,0.005158003387754517,0.005158003387754517,0.2986713295317764,1.0,0.0008906947205247207,0.01482368418906687,0.010305846468597467,0.01368736726230631,0.013677264930626095,0.017269831007350654,1.0838193355364285,0.006778536737768626,0.0068386324653130475,0.01025794869796957,0.0,0.0,321,65024.981072679715,0.13359185572745966,0.048823177758767274,0.0168174862692701
QQQ,2019,2019-09-13,2019-09-16,-0.006440169718569866,0.006440169718569866,0.44305229260846585,0.0,0.00212492183775137,0.005752788950026852,0.005608189971935458,0.012066588568120751,0.009881831950858833,0.014535913313197032,0.5821581442221222,0.0009942045983959424,0.004940915975429417,0.007411373963144125,0.0,0.0,330,63489.625953509814,0.134411460509295,0.08938795852546753,0.01881835362546724
SPY,2019,2019-09-13,2019-09-16,-0.004151582633775797,0.004151582633775797,0.3551424965646885,0.0,0.002286441925234639,0.0049374403803442045,0.0032629972143820942,0.009535269406595777,0.008342008354342036,0.011689906654186046,0.5918767005039325,0.001302334663422,0.004171004177171018,0.006256506265756527,0.0,0.0,832,165075.36190615018,0.33713304333599364,0.2527674097552798,0.012911583134659177
IWM,2019,2019-09-16,2019-09-17,-0.003419843616250029,0.003419843616250029,0.2047673181644317,0.0,0.005924652281002807,0.013059839687937985,0.008597286789253566,0.01293278020048122,0.012968000911516188,0.016701120310145565,1.007081953267002,0.005816578330841482,0.006484000455758094,0.00972600068363714,0.0,0.0,270,61865.79363641156,0.10355576946921456,0.0751711880709619,0.017100132045756198
IWM,2019,2019-09-20,2019-09-23,-0.0036671948291129297,0.0036671948291129297,0.21468597457446972,0.0,0.0013493106829268742,0.01413516420502189,0.0038114339107569403,0.01289175304434329,0.014541506887160636,0.017081669337653274,0.9720563566560269,0.001941013564289662,0.007270753443580318,0.010906130165370478,0.0,0.0,244,52642.30980079176,0.2620241923664469,0.035036638113975276,0.018018956070026636
QQQ,2019,2019-09-23,2019-09-24,0.004566903502296604,0.004566903502296604,0.38145540528202593,1.0,0.0007354454150008127,0.007091858054145295,0.005764121298114931,0.008302233597453416,0.009672156271633786,0.011972312986153916,0.7332240976031463,0.002194691851709063,0.004836078135816893,0.00725411720372534,0.0,0.0,338,57412.61655083505,0.14134614588726532,0.07996504390853931,0.01902189626247041
SPY,2019,2019-09-23,2019-09-24,0.004024050975542259,0.004024050975542259,0.4345941626827499,1.0,0.002218127001129666,0.005814186043697113,0.004608159642476196,0.006235216416028444,0.007724623860052459,0.009259330476741314,0.7526820915857031,0.0014361332972243623,0.0038623119300262294,0.005793467895039344,0.0,0.0,802,129001.10754684184,0.19242430519087592,0.11878499677589793,0.015124942548866616
IWM,2019,2019-09-26,2019-09-27,0.0028875339762892693,0.0028875339762892693,0.18415084251373876,1.0,0.010005154005020778,0.012798864631877249,0.011179287610330272,0.011043019397200019,0.014306765965589847,0.015680264813742798,0.8946022226588908,0.0026174183831555453,0.007153382982794923,0.010730074474192386,0.0,0.0,301,67534.92795504177,0.2753427751744212,0.1974550537572021,0.015086709662413794
SPY,2019,2019-09-26,2019-09-27,0.0027945675833860317,0.0027945675833860317,0.3022109364471936,1.0,0.002116738475546387,0.008097211655391203,0.006138381688876828,0.006155482271848902,0.007724623860052459,0.009247076284660984,1.0482337783805327,0.00040300050423724976,0.0038623119300262294,0.005793467895039344,0.0,0.0,795,161198.21272195515,0.2315772168186706,0.1558113558442777,0.0139272702094484
QQQ,2019,2019-09-27,2019-09-30,0.004063489877539794,0.004063489877539794,0.31512910000212446,1.0,0.014230733194763312,0.021504253006539655,0.009932640755023052,0.008599832930289451,0.010382651466595769,0.012894683091826176,2.071171615047038,0.007029167535074432,0.005191325733297884,0.0077869885999468265,1.0,0.0,310,59202.33443723994,0.08469700058217493,0.05065459602909306,0.018854452617525143
IWM,2019,2019-09-30,2019-10-01,0.0050879099451131005,0.0050879099451131005,0.3288138980622903,1.0,0.00019818180791808526,0.00971131180631327,0.011437715445826769,0.010605500777721696,0.014541506887160636,0.01547352461406376,0.6678339378216596,0.008152031346975619,0.007270753443580318,0.010906130165370478,1.0,0.0,211,45269.61420647299,0.25172068284663207,0.10548588727681589,0.017290832907274872
QQQ,2019,2019-09-30,2019-10-01,0.003654480431800833,0.003654480431800833,0.28618588932250766,1.0,0.0054316220721450925,0.00910595226052155,0.01167915523660083,0.008848885822430482,0.009968813464454862,0.012769603841936936,0.9134439412463721,0.005751959566705045,0.004984406732227431,0.007476610098341146,1.0,0.0,270,56491.41390763414,0.12900458831876127,0.040228909047218604,0.018896073728437022
SPY,2019,2019-09-30,2019-10-01,0.0032685286808378233,0.0032685286808378233,0.3588945127942927,1.0,0.00270293539774058,0.005507228295136953,0.006059847250096899,0.005782214548122068,0.0072262927656176375,0.009107212744462448,0.7621097668973623,0.0024182214157271176,0.0036131463828088187,0.005419719574213228,0.0,0.0,718,123654.44643174391,0.1751982524539228,0.09990683209763256,0.015708412803957454
IWM,2019,2019-10-01,2019-10-02,-0.004987465516801626,0.004987465516801626,0.30653412873498087,0.0,0.024587505608816285,0.03484322549793699,0.011760741945458099,0.011038809088644035,0.014541506887160636,0.016270506443716814,2.3961220641240195,0.01213495314036983,0.007270753443580318,0.010906130165370478,1.0,1.0,224,42276.364153054754,0.17986418102410062,0.058359091319162816,0.019629868595147097
QQQ,2019,2019-10-01,2019-10-02,-0.006781674819706818,0.006781674819706818,0.5184721691968038,0.0,0.01176778748041718,0.019155618068725264,0.01058528867882609,0.008762019682147697,0.009968813464454862,0.013080113500041313,1.921554469549178,0.016282349786763017,0.004984406732227431,0.007476610098341146,1.0,1.0,294,60104.58173972684,0.14312267750823085,0.05004652993938875,0.019619166112739846
SPY,2019,2019-10-01,2019-10-02,-0.005933673074345336,0.005933673074345336,0.6256885629485026,0.0,0.01511385822394129,0.01833811927910701,0.00734518947938406,0.006281865258753071,0.0072262927656176375,0.00948342901839762,2.537693928809378,0.016955013617073744,0.0036131463828088187,0.005419719574213228,1.0,1.0,807,123891.6886210732,0.186279779313347,0.0922931599455308,0.016743874753058222
IWM,2019,2019-10-02,2019-10-03,-0.003803039447156209,0.003803039447156209,0.22997443520532046,0.0,0.002574035563530197,0.011989461585847351,0.007491614002313175,0.01103874954701965,0.014541506887160636,0.01653679220371111,0.8244992543677435,0.012143861550881763,0.007270753443580318,0.010906130165370478,1.0,1.0,261,41951.24810395558,0.03139086404706597,0.011586351227407766,0.022453177056985036
QQQ,2019,2019-10-03,2019-10-04,0.005428034971138862,0.005428034971138862,0.39969035713591766,1.0,0.011085195666215242,0.02385480312323029,0.012918577431866968,0.008244855103958856,0.0104776324262102,0.013580600267754317,2.276736017533559,0.010690613536588067,0.0052388162131051,0.00785822431965765,1.0,1.0,328,71963.49512786794,0.1576896798291927,0.0845186305238017,0.018371877756333192
QQQ,2019,2019-10-04,2019-10-07,-0.002859982485648005,0.002859982485648005,0.20242334342940504,0.0,0.009247357871534412,0.01175965857766522,0.013879643515984613,0.00900741642724869,0.0106538329970473,0.014128718739622148,1.1037960310551516,0.0019158139712396327,0.00532691649852365,0.007990374747785476,0.0,0.0,294,54269.46154269536,0.10403175171743258,0.02132153457474085,0.01965863860051863
SPY,2019,2019-10-04,2019-10-07,-0.0029896547122986172,0.0029896547122986172,0.2795746888366524,0.0,0.011025593506802212,0.0121935087309577,0.013446471066867721,0.0073060395038500635,0.008387394193859504,0.010693581470979973,1.4537898719348006,0.002390997142123652,0.004193697096929752,0.006290545645394628,0.0,0.0,781,120862.58482235888,0.18969893696494577,0.06312387051237199,0.017121569004066205
IWM,2019,2019-10-07,2019-10-08,-0.009806600389464015,0.009806600389464015,0.6012029495313423,0.0,0.000672174380536017,0.013106682504574663,0.011114118917276452,0.009878969977022742,0.014498771445427626,0.016311630535260323,0.9039857310605461,0.008965830902206928,0.007249385722713813,0.01087407858407072,1.0,0.0,230,44057.25159858316,0.0999048978061125,0.035841707047975555,0.01988026382785559
QQQ,2019,2019-10-07,2019-10-08,-0.00626863525358945,0.00626863525358945,0.44526819525140454,0.0,0.00015933913324539528,0.009720092364826963,0.013296270280913637,0.009017410953375238,0.0104776324262102,0.014078335979173387,0.9276993092935556,0.009661538537562908,0.0052388162131051,0.00785822431965765,1.0,1.0,294,60605.68502869566,0.1095531171792746,0.029698854925357974,0.01991624557882456
SPY,2019,2019-10-07,2019-10-08,-0.006960482191917805,0.006960482191917805,0.6464272759401797,0.0,0.001328976204774679,0.00848475394962265,0.013161127393595266,0.007347096309982162,0.008581165340975229,0.010767618340043448,0.9887647670774723,0.00883919164223057,0.0042905826704876145,0.006435874005731422,1.0,1.0,793,119837.33673560643,0.16359620023313182,0.059576116360700836,0.01731225246675362
IWM,2019,2019-10-08,2019-10-09,0.007373935018148314,0.007373935018148314,0.4542072390788987,1.0,0.006511948629777886,0.012345625342797468,0.009907442035899886,0.009887602248359557,0.014264030523856833,0.01623473688596895,0.8655074960859905,0.0010167355435790615,0.007132015261928417,0.010698022892892626,0.0,0.0,216,44440.50821153482,0.12691747304214146,0.059672895650555384,0.021196466210261673
QQQ,2019,2019-10-08,2019-10-09,0.008467303094179979,0.008467303094179979,0.5933240997389008,1.0,0.008767237309167286,0.013845805472542825,0.01456421426923178,0.009558430055215322,0.011200390456657666,0.014270957640025266,1.2361895351882746,0.005829168970907794,0.005600195228328833,0.008400292842493249,1.0,0.0,280,63629.0298203242,0.2017618051118719,0.06950776714644272,0.01892236272542242
SPY,2019,2019-10-08,2019-10-09,0.007694178179376232,0.007694178179376232,0.6884081225577344,1.0,0.00862427739118754,0.01154485902450078,0.013893503544509935,0.008043325542104832,0.00929737448080251,0.011176768441936779,1.2417332493532385,0.005330998428095368,0.004648687240401255,0.006973030860601882,1.0,0.0,751,118406.41870236059,0.10218322820145824,0.05729606521745694,0.017461592030910623
IWM,2019,2019-10-10,2019-10-11,0.014012943733577421,0.014012943733577421,0.920789172406832,1.0,0.0025791020242802443,0.009501791307730243,0.009925427907996266,0.008612458724655776,0.013083261096256325,0.015218406290496742,0.7262555748007741,0.014487038687485354,0.006541630548128162,0.009812445822192244,1.0,1.0,270,56718.154048530705,0.12995643387587433,0.04867116347401725,0.01896159968183502
QQQ,2019,2019-10-10,2019-10-11,0.011395003385270996,0.011395003385270996,0.7860775832685999,1.0,0.0074754053054764125,0.01233445949193968,0.011886344801885742,0.00972134489892408,0.012047059034802451,0.014496028926164358,1.023856482840083,0.00943249507145838,0.006023529517401226,0.009035294276101839,1.0,1.0,346,69797.34192756552,0.1404124740211314,0.05121237395734071,0.017361023745575924
SPY,2019,2019-10-10,2019-10-11,0.010332829355488293,0.010332829355488293,0.8923987827684734,1.0,0.0070746535146990475,0.011024079730135642,0.011820178540468905,0.008332544164474686,0.01038542378379293,0.011578712964436072,1.061495415077753,0.008336994337246662,0.005192711891896465,0.007789067837844697,1.0,1.0,857,142456.72334653646,0.1873907463472898,0.07631307136892289,0.016317945695716773
IWM,2019,2019-10-14,2019-10-15,0.003340682876441292,0.003340682876441292,0.21161859825794443,1.0,0.0016009971803151446,0.007004120921345428,0.012194169002265798,0.009559045986936415,0.013620923354798278,0.015786338743106566,0.5142177764973671,0.013051919409775348,0.006810461677399139,0.010215692516098707,1.0,1.0,224,52878.521933770346,0.29103464388491457,0.26801856158814613,0.01541940509616845
QQQ,2019,2019-10-14,2019-10-15,0.003087531263789245,0.003087531263789245,0.20367755507714305,1.0,0.0013099979291415487,0.005502007293579779,0.011166446855615648,0.010143182697550513,0.012047059034802451,0.01515891754798333,0.45670958178964394,0.011947040027256994,0.006023529517401226,0.009035294276101839,1.0,1.0,281,65711.7060625283,0.17741104287755352,0.13267700786125103,0.01447576543890743
SPY,2019,2019-10-14,2019-10-15,0.003885770735092553,0.003885770735092553,0.3191800861279873,1.0,6.764955139892947e-05,0.003717115975874685,0.01079009156208841,0.008717219805803365,0.01038542378379293,0.012174226726458136,0.35791663905670035,0.008751282565136353,0.005192711891896465,0.007789067837844697,1.0,1.0,798,137768.1108037181,0.24512705900933995,0.2010618018845056,0.013759849830102587
QQQ,2019,2019-10-15,2019-10-16,-0.0034105190550747233,0.0034105190550747233,0.219033398729544,0.0,0.009599393087373453,0.01257305798308223,0.00531762334011304,0.010493116046911919,0.012453758737510956,0.015570771740093994,1.0095793766432895,0.002234620126472686,0.006226879368755478,0.009340319053133216,0.0,0.0,280,65418.900711500035,0.19519699317813666,0.17558948961314239,0.013804203312032725
IWM,2019,2019-10-16,2019-10-17,0.004882812401674874,0.004882812401674874,0.3100054026937619,1.0,0.0022485042179383186,0.007473082683944286,0.0082344141635074,0.010036715066459234,0.013620923354798278,0.01575073324286012,0.5486472898558469,0.00801103995330088,0.006810461677399139,0.010215692516098707,1.0,0.0,264,80009.58464834755,0.2954498578020689,0.2566233689327804,0.01542021974853535
QQQ,2019,2019-10-16,2019-10-17,0.006009136461116338,0.006009136461116338,0.395115339698481,1.0,0.00093328152655614,0.0057036508349807774,0.007150987711042724,0.010510574473901057,0.012047059034802451,0.01520856281029739,0.4734475707725546,0.0015448149148928891,0.006023529517401226,0.009035294276101839,0.0,0.0,304,82188.83532564357,0.22089613113208537,0.1786856201142836,0.014240108415213658
SPY,2019,2019-10-16,2019-10-17,0.004289540232835565,0.004289540232835565,0.3485017886951956,1.0,0.00010054221197774993,0.004155881136399063,0.005849143932316803,0.009012329155008407,0.010021268719716023,0.012308517120947276,0.41470608688725297,0.001868651802857002,0.005010634359858011,0.007515951539787017,0.0,0.0,818,195246.20783276256,0.21988605464307304,0.16009155364046504,0.013499165250455481
IWM,2019,2019-10-17,2019-10-18,-0.002673820737584487,0.002673820737584487,0.17067838139650313,0.0,0.00689476064119976,0.00958691653715549,0.008506146956287312,0.010433131243501842,0.012952773568225957,0.01566584306522647,0.7401439148656821,0.009772174033419345,0.006476386784112978,0.009714580176169468,1.0,1.0,272,75493.08024140744,0.299768713671852,0.24850892014757575,0.013637856644621043
IWM,2019,2019-10-18,2019-10-21,0.010222118814983805,0.010222118814983805,0.6540866898633014,1.0,0.0020924088194268498,0.01340484633451801,0.008030434186035952,0.010468295044780283,0.012952773568225957,0.015628079539609867,1.034901618862621,0.005253924681935418,0.006476386784112978,0.009714580176169468,0.0,0.0,216,31607.868274302957,0.17502396800892112,0.09501661815975627,0.021691539854856196
QQQ,2019,2019-10-18,2019-10-21,0.005321113566017832,0.005321113566017832,0.35038516891010807,1.0,0.007815706680577517,0.015320866986716876,0.008142535704033073,0.010469782774380643,0.012047059034802451,0.015186469172109774,1.2717516318677282,0.004203194075938166,0.006023529517401226,0.009035294276101839,0.0,0.0,256,34595.08383912129,0.19742429989923954,0.09563781962785457,0.017198036802977573
SPY,2019,2019-10-18,2019-10-21,0.0048663026515787244,0.0048663026515787244,0.4026904799519206,1.0,0.002410530030526825,0.007934631550489943,0.005546941685671341,0.008849529637347928,0.008982279436071848,0.012084474041104073,0.8833650307766349,0.002638360803942863,0.004491139718035924,0.006736709577053886,0.0,0.0,900,121340.97805815615,0.18450443156727642,0.10148133230556164,0.01528160074401377
QQQ,2019,2019-10-21,2019-10-22,0.0039298542284220694,0.0039298542284220694,0.2566849855474608,1.0,0.0035285800015092406,0.00716104423607597,0.008893595189595267,0.010631358621468426,0.012047059034802451,0.015310027659157507,0.5944226068278246,0.0013906993610564022,0.006023529517401226,0.009035294276101839,0.0,0.0,292,41328.62641545149,0.18023892466800784,0.09738601334440437,0.017195263341890518
IWM,2019,2019-10-23,2019-10-24,0.0035621960718894563,0.0035621960718894563,0.24044745453859162,1.0,0.0003887362966006336,0.0077750225263390595,0.006751755737361198,0.009521886460612633,0.01216754346432241,0.01481486289270626,0.6389968977005859,0.0007099103744308,0.006083771732161205,0.009125657598241807,0.0,0.0,272,48937.504764482735,0.2633693259975113,0.11470571344372828,0.01597714612199882
QQQ,2019,2019-10-23,2019-10-24,0.007127224578541647,0.007127224578541647,0.512785943860459,1.0,0.003969468715060431,0.005797558609775013,0.007773247532389278,0.010046902628162458,0.011200390456657666,0.0138990248540844,0.517621116175362,0.003202698422982486,0.005600195228328833,0.008400292842493249,0.0,0.0,325,56452.55855919323,0.26708678368473243,0.17039789657549173,0.015254865643774979
SPY,2019,2019-10-23,2019-10-24,0.003434703089655322,0.003434703089655322,0.3050178285060416,1.0,0.0038496095276379094,0.0048204143823773835,0.004689427413734747,0.008744971110140755,0.008290982802506928,0.0112606633732798,0.5814044603879585,0.0005317326116185406,0.004145491401253464,0.006218237101880196,0.0,0.0,900,159808.03177602772,0.3301539594837083,0.20095272215572058,0.012626065225931644
QQQ,2019,2019-10-24,2019-10-25,-0.005152249053882785,0.005152249053882785,0.3716208734096117,0.0,0.002582778084913473,0.007593373875256422,0.009097116838170435,0.010191963607604828,0.010884293062302403,0.013864261731616515,0.6976451140916048,0.00020716542605847543,0.005442146531151201,0.008163219796726802,0.0,0.0,299,56637.50474570767,0.3427940267330718,0.22549755141987748,0.014421619718525545
IWM,2019,2019-10-25,2019-10-28,0.004258088142641059,0.004258088142641059,0.2984309017887462,1.0,0.007082036982362538,0.010590636372090385,0.004248084621573443,0.008977244995634726,0.01042599378851626,0.01426825478567659,1.0157915482124562,0.008479969384396213,0.00521299689425813,0.007819495341387196,1.0,1.0,232,36234.38505572994,0.15508961199614513,0.02710212026692494,0.017471217083773447
QQQ,2019,2019-10-25,2019-10-28,0.004651419264712686,0.004651419264712686,0.3450597493062961,1.0,0.01320629292102482,0.013931340268394748,0.007412026308310401,0.00976161672599933,0.010884293062302403,0.01348004012077283,1.2799490227478119,0.006512331515760916,0.005442146531151201,0.008163219796726802,1.0,0.0,264,37327.78772585619,0.16603173933944765,0.07222773787881236,0.018906995947853496
SPY,2019,2019-10-25,2019-10-28,0.0044429585900960245,0.0044429585900960245,0.4103764003636528,1.0,0.00620543113945593,0.008407351749359594,0.0037082223609781243,0.008643321499712501,0.00817099164992477,0.010826545059995947,1.0289267336892947,0.0030039072251126786,0.004085495824962385,0.006128243737443577,0.0,0.0,805,147354.84062592685,0.2645906990785236,0.19077285873446148,0.012391508789859725
QQQ,2019,2019-10-30,2019-10-31,0.0028935075360940754,0.0028935075360940754,0.2352401167865985,1.0,0.0029019821277489477,0.010335068002291071,0.007371572405407819,0.00860760061144954,0.009864509955883276,0.012300229976160754,1.0477021208871253,0.000455539274158534,0.004932254977941638,0.007398382466912457,0.0,0.0,295,54494.716338736456,0.12636144196446264,0.05465693733892545,0.015562445092793227
IWM,2019,2019-10-31,2019-11-01,0.006111270292005866,0.006111270292005866,0.4911005893839247,1.0,0.0041640559247793085,0.0119154422653778,0.005971369426975007,0.007628197599989035,0.010009809618711231,0.012444029643035707,1.1903765125666714,0.011445067869418235,0.005004904809355616,0.007507357214033424,1.0,1.0,267,57893.229381545636,0.28823754695130444,0.11995024345705135,0.016126097143586128
QQQ,2019,2019-10-31,2019-11-01,0.00431292285787177,0.00431292285787177,0.3736834039403177,1.0,0.0024296200317409644,0.008655555153927168,0.007022616115898814,0.008442606890243525,0.009272071175197811,0.011541649461533493,0.9335082734351973,0.004799738504448925,0.0046360355875989055,0.006954053381398358,1.0,0.0,313,64357.761868185975,0.30525850040781144,0.19141825407471474,0.013715446194709506
SPY,2019,2019-10-31,2019-11-01,0.00524190461166274,0.00524190461166274,0.5918133713788544,1.0,0.0026305142462189623,0.007891342050940161,0.003382636943151355,0.006696751424733019,0.0077977608524262285,0.008857360893096635,1.0120010346925188,0.004164990678687808,0.0038988804262131142,0.005848320639319672,1.0,0.0,850,201277.3019405425,0.31243648417121245,0.21642578752216335,0.01170840775509319
IWM,2019,2019-11-01,2019-11-04,0.008222566368008888,0.008222566368008888,0.652352625314278,1.0,0.010869643691651554,0.013682861081598427,0.009200391916274983,0.00815819250903894,0.010009809618711231,0.012604481148592875,1.36694518705143,0.0018820769337835053,0.005004904809355616,0.007507357214033424,0.0,0.0,195,41854.143656354776,0.1592306504699157,0.03862726258910254,0.017542921476694943
QQQ,2019,2019-11-01,2019-11-04,0.006637538877802607,0.006637538877802607,0.5931943829453971,1.0,0.004749166251655446,0.006315364251276255,0.007228170048019524,0.008114967353539358,0.008763215693000112,0.011189483698151582,0.7206674436098666,0.0016983682189131155,0.004381607846500056,0.006572411769750083,0.0,0.0,248,43458.41008648535,0.1684025120181486,0.046904042033396834,0.016132147933954927
SPY,2019,2019-11-01,2019-11-04,0.005585651575282791,0.005585651575282791,0.6491934419623305,1.0,0.0040010532827563505,0.0047553854885779775,0.004720553696160736,0.006376934827088178,0.007162340547684963,0.008603986445702417,0.6639429467110483,0.0004872304483045653,0.0035811702738424815,0.005371755410763722,0.0,0.0,760,130877.76606900123,0.29469575661630887,0.11200936034492079,0.013231813825333479
IWM,2019,2019-11-04,2019-11-05,0.0028310598105183438,0.0028310598105183438,0.22727141963248185,1.0,0.002823067537470636,0.007716410129462311,0.008899185154758094,0.008097594831339138,0.00967259228481791,0.012456734837563033,0.7977603006769943,0.006650017929556551,0.004836296142408955,0.007254444213613432,1.0,0.0,179,45914.32005087329,0.15369163213008344,0.024786356716445142,0.016956885320400544
IWM,2019,2019-11-06,2019-11-07,0.00954313218983538,0.00954313218983538,0.7950936359112172,1.0,0.004780236111493696,0.007421900080511967,0.009435077817074035,0.0070553381772419516,0.009544353922442867,0.012002526191645933,0.777622051824786,0.002691828352288761,0.0047721769612214335,0.00715826544183215,0.0,0.0,246,51672.37778322981,0.2996233174452885,0.0976558525067531,0.014708107766894848
QQQ,2019,2019-11-06,2019-11-07,0.005006007346309627,0.005006007346309627,0.4897979572520906,1.0,0.0011001161386304803,0.0060506387624677735,0.004662674170104915,0.0068477576663306386,0.008024590761401856,0.010220555786705988,0.7540121287644028,0.004781862622707411,0.004012295380700928,0.006018443071051392,1.0,0.0,281,62021.49768390871,0.3105251976707851,0.16459492894422928,0.01394829388860895
SPY,2019,2019-11-06,2019-11-07,0.004786718305070936,0.004786718305070936,0.6413521193208144,1.0,0.00022801460605514912,0.0043643824486800644,0.004779046496862318,0.004458171570204152,0.00508545203108525,0.007463479360043317,0.8582093434374,0.0034999726046960333,0.002542726015542625,0.0038140890233139373,1.0,0.0,863,163035.0177387752,0.29795055856263875,0.1792760518103372,0.01179296414795189
IWM,2019,2019-11-08,2019-11-11,-0.006600471710284106,0.006600471710284106,0.5930631213254205,0.0,0.005054353411218626,0.008339697589076604,0.004200055362270081,0.006323426172745407,0.00953673042949758,0.011129459028801003,0.8744818416258789,0.0009500499863532852,0.00476836521474879,0.007152547822123185,0.0,0.0,220,45393.18623475681,0.19052056832534092,0.14263794398678947,0.014241724286923153
QQQ,2019,2019-11-08,2019-11-11,-0.005068772227441287,0.005068772227441287,0.5350139286865139,0.0,0.005797912534888372,0.008547041791706822,0.0032706288264609347,0.006366887644124121,0.008024590761401856,0.009474093954685214,1.0651062522487684,0.0013504264737620453,0.004012295380700928,0.006018443071051392,0.0,0.0,234,49114.24396477903,0.15108430398749217,0.12307118082178287,0.015494022628149508
SPY,2019,2019-11-08,2019-11-11,-0.004920013600246409,0.004920013600246409,0.733297414189158,0.0,0.003703751441355818,0.0064002641287568204,0.002192197311853297,0.003946562121217526,0.00508545203108525,0.006709438087527833,1.2585438009511587,0.00048824948555536984,0.002542726015542625,0.0038140890233139373,0.0,0.0,886,138989.57731831513,0.34278643712474827,0.2798445917696681,0.011758925439555782
IWM,2019,2019-11-12,2019-11-13,-0.006862660236257145,0.006862660236257145,0.6384022032110814,0.0,0.000629150250642363,0.008745985362775734,0.003559303222221012,0.005928540114895547,0.009417066233119373,0.010749743972904294,0.9287377986167837,0.003498969675013619,0.004708533116559686,0.0070627996748395296,0.0,0.0,215,51272.764007119826,0.24135279454056574,0.1870543278584465,0.011634002729582225
QQQ,2019,2019-11-12,2019-11-13,-0.0034732409028533917,0.0034732409028533917,0.3811648074776983,0.0,0.002038424866340538,0.0069109499125121305,0.002895648965711337,0.0059387142549289056,0.007675207361188789,0.00911217624165528,0.9004251725443565,0.0006476489446225475,0.0038376036805943944,0.005756405520891591,0.0,0.0,224,52718.887753322575,0.2094112890532476,0.16659956758127967,0.012577772561187186
SPY,2019,2019-11-12,2019-11-13,-0.0035274962391282916,0.0035274962391282916,0.546145743957601,0.0,0.0008097165991902688,0.00595950230895749,0.002143390791954837,0.0035331342822592293,0.00508545203108525,0.0064588917485039355,1.171872681627815,0.0008125853117864068,0.002542726015542625,0.0038140890233139373,0.0,0.0,995,150589.5204088445,0.4456896150122458,0.37467119986372605,0.009303236965500101
QQQ,2019,2019-11-13,2019-11-14,-0.00377000109450909,0.00377000109450909,0.41458559590917177,0.0,0.0037343159414233718,0.005327584569507493,0.002273308614628183,0.005860001231314226,0.007675207361188789,0.009093420349642415,0.6941290728440098,0.0030466517162746065,0.0038376036805943944,0.005756405520891591,0.0,0.0,270,57317.214938527795,0.2715482621191184,0.21798731943189908,0.01160892997692118
IWM,2019,2019-11-14,2019-11-15,0.007147309173938909,0.007147309173938909,0.6742580249431082,1.0,0.001076511338054642,0.007091815538014126,0.002600021662706671,0.005688545851850418,0.009046786753587405,0.010600258223907647,0.7839043553449453,0.00037679809209079096,0.004523393376793703,0.006785090065190554,0.0,0.0,268,66364.06031005876,0.289880861732991,0.24105700531607624,0.010801842126203725
QQQ,2019,2019-11-14,2019-11-15,0.006056700913785074,0.006056700913785074,0.6733046185431298,1.0,0.002987555839546907,0.0066722916181511435,0.0023330355001221596,0.005896164499481042,0.007377209055666196,0.008995483985971053,0.9044465959692944,0.0012830484749870585,0.003688604527833098,0.0055329067917496465,0.0,0.0,288,71004.92799240883,0.28143058678294075,0.23903171278142216,0.011421756039054314
SPY,2019,2019-11-14,2019-11-15,0.004748833075988612,0.004748833075988612,0.7308054969158998,1.0,0.0024611523268776025,0.005019651762214913,0.0017640188704037664,0.0034538792857630994,0.005185070721004014,0.006498080674036176,0.9680970679688106,0.002636510041747586,0.002592535360502007,0.003888803040753011,1.0,0.0,1014,175043.45081430778,0.4091015499840033,0.342034375476843,0.00968820548685033
IWM,2019,2019-11-18,2019-11-19,0.003721904630260786,0.003721904630260786,0.3782427079100892,1.0,0.0012600614081654804,0.005040341769185053,0.003579247014830726,0.0053479363285184696,0.008620715069584332,0.009839990441125723,0.5846779215529837,0.0037081034229613508,0.004310357534792166,0.006465536302188249,0.0,0.0,211,29072.536264441034,0.27511056744128504,0.2008197292583828,0.013642294954432078
QQQ,2019,2019-11-18,2019-11-19,0.0037917416944912574,0.0037917416944912574,0.44503703275997275,1.0,0.002369371612641391,0.00799642206659397,0.0032278963584089298,0.005152629505959268,0.007252161893884276,0.00852005881617565,1.1026259732752692,0.0,0.003626080946942138,0.005439121420413207,0.0,0.0,244,29398.80014596307,0.2381779366671819,0.1790565402384159,0.014524952999015335
IWM,2019,2019-11-19,2019-11-20,-0.0035195622930399573,0.0035195622930399573,0.3571996609060222,0.0,0.0,0.008736090656252598,0.004027220286615786,0.005371060626342591,0.008741038009514167,0.00985320726260695,0.9994340084946223,0.008203030586178661,0.004370519004757083,0.006555778507135625,1.0,1.0,238,31734.91792648851,0.1958389152282133,0.15233081500104842,0.012696996376932135
QQQ,2019,2019-11-19,2019-11-20,-0.0026060814870525473,0.0026060814870525473,0.3198485815528084,0.0,0.002305736014261095,0.0061322607067160985,0.0032030051353880715,0.004544248949741881,0.0067916207653316366,0.008147860073039817,0.9029156542454059,0.011065702695318924,0.0033958103826658183,0.005093715573998727,1.0,1.0,229,37035.09668709966,0.3135711010551808,0.2288439926551811,0.012698827748955638
IWM,2019,2019-11-21,2019-11-22,0.0036771815556031484,0.0036771815556031484,0.3602182442046856,1.0,0.006863188177888113,0.01045210669661163,0.004595228604716552,0.005648616307594505,0.009046786753587405,0.010208204650272171,1.1553391255151406,0.0014528187169855489,0.004523393376793703,0.006785090065190554,0.0,0.0,293,62208.747284476645,0.2864997073217673,0.16730256505648494,0.016525206468616226
SPY,2019,2019-11-21,2019-11-22,0.0026428831445333145,0.0026428831445333145,0.4121819835838401,1.0,0.001994356864329583,0.005210830328595251,0.004132146898662606,0.0033523883861849256,0.0050498339643116705,0.006411932713686253,1.0318815163867523,0.00048215596210132716,0.0025249169821558353,0.003787375473233753,0.0,0.0,953,204658.08190611063,0.3210376258600523,0.18174906074857705,0.01288754662684207
IWM,2019,2019-11-22,2019-11-25,0.005119438454964209,0.005119438454964209,0.5090512653278441,1.0,0.0005684817085371829,0.007516816379058745,0.004013610728175961,0.0055840708220077,0.008741038009514167,0.010056822963925136,0.8599455088602841,0.017606760191476,0.004370519004757083,0.006555778507135625,1.0,1.0,227,46332.86391695401,0.19998063394496543,0.09334194427183609,0.017674365603614205
QQQ,2019,2019-11-22,2019-11-25,0.004310534158919355,0.004310534158919355,0.5386465053529144,1.0,0.0018298472936287835,0.007814054673102325,0.003102938638724325,0.004553951773654898,0.0067916207653316366,0.00800252877551883,1.1505434333126758,0.007696090686138968,0.0033958103826658183,0.005093715573998727,1.0,1.0,238,59333.715613656634,0.2361991229105718,0.15877765491967463,0.016630532474240234
SPY,2019,2019-11-22,2019-11-25,0.0032802275510652734,0.0032802275510652734,0.5276695528609866,1.0,0.0004179012001122029,0.0044681093806360865,0.0022683412961075713,0.0033057028651790367,0.004887518625396445,0.006216442721169175,0.9141876938164427,0.004455362785791728,0.0024437593126982226,0.003665638969047334,1.0,1.0,846,187720.1521072912,0.32339866907714715,0.2076792617363583,0.01364170784237245
IWM,2019,2019-11-26,2019-11-27,0.004267440354924101,0.004267440354924101,0.40749360100962856,1.0,0.00037092771928126655,0.0077279752704791345,0.010561515676371728,0.007006088387751534,0.008537894122664601,0.010472410718477189,0.9051383349864383,0.0033870413624244033,0.004268947061332301,0.006403420591998451,0.0,0.0,208,68767.86083866883,0.22836789007302022,0.14739354012753486,0.013576183429223856
QQQ,2019,2019-11-26,2019-11-27,0.0025902877558081627,0.0025902877558081627,0.3299402399813025,1.0,0.001272299970983326,0.004012684320715469,0.006663582975463641,0.00421377341985437,0.0067916207653316366,0.007850778540850162,0.5908286783618032,0.0044360127952467465,0.0033958103826658183,0.005093715573998727,1.0,0.0,312,57304.06409370976,0.2595410212603468,0.10922357208038111,0.01699884118912443
IWM,2019,2019-11-27,2019-11-29,-0.002579365990433957,0.002579365990433957,0.2490847010396914,0.0,0.0027712583736336782,0.005234578268057016,0.009843227487609296,0.0070111207306964955,0.008322243599198434,0.010355377025034298,0.6289864272371444,0.004577259241326681,0.004161121799599217,0.0062416826993988254,1.0,0.0,265,75090.80580723652,0.34025092280091473,0.2583813839134404,0.011380738040787425
QQQ,2019,2019-11-27,2019-11-29,-0.002523728550843818,0.002523728550843818,0.3284004054158049,0.0,0.004387217993380821,0.005654692724776862,0.005582906343011763,0.004312028634472079,0.006493827934713699,0.007684913018448906,0.8707795743322488,0.0025366062071265905,0.0032469139673568497,0.004870370951035275,0.0,0.0,378,53143.469452551995,0.1178056910163697,0.06990816420008089,0.017100313839542747
IWM,2019,2019-12-02,2019-12-03,-0.008552313479666784,0.008552313479666784,0.8662593545638552,0.0,0.012087520992010492,0.014184416517623314,0.012315767767163423,0.006590673924968817,0.008016382439899699,0.009872693939302634,1.769428619950022,0.004554087241664728,0.0040081912199498495,0.006012286829924774,1.0,0.0,282,53781.43897997156,0.19422790899878897,0.040091425825231466,0.01829939460619417
QQQ,2019,2019-12-02,2019-12-03,-0.013743809291294595,0.013743809291294595,1.7451450339130874,0.0,0.010287165930831121,0.016576441355209002,0.008821994349249502,0.005007808925346466,0.0064022761624336205,0.007875453915986144,2.589148130234357,0.00491899316038924,0.0032011380812168103,0.004801707121825215,1.0,1.0,362,60791.89109001375,0.23153671824902783,0.11130351048162486,0.018044273913718604
SPY,2019,2019-12-02,2019-12-03,-0.009594469937778016,0.009594469937778016,1.62258472964896,0.0,0.009377226624474932,0.011093773721356727,0.006518300627662292,0.0038072480593198685,0.004584702725268225,0.005913077919729803,2.41973676073135,0.004949008528983834,0.0022923513626341126,0.003438527043951169,1.0,1.0,858,172406.9663650054,0.16016698656946937,0.07448867070159,0.015728753307674356
IWM,2019,2019-12-03,2019-12-04,0.005135316644732768,0.005135316644732768,0.5125559025718298,1.0,0.00541484266404102,0.010452010620623979,0.006530050678349915,0.006547267309397463,0.008322243599198434,0.010019037180072476,1.2559126028984149,0.004485988914038064,0.004161121799599217,0.0062416826993988254,1.0,0.0,284,55750.61095683215,0.20673327116131737,0.04435615560759747,0.01927998788743441
QQQ,2019,2019-12-03,2019-12-04,0.005113940522164073,0.005113940522164073,0.60977027973658,1.0,0.005993691164284165,0.011288195843552031,0.007102080974993787,0.005226023271963275,0.0064022761624336205,0.008386667392797972,1.7631535343300755,0.002321681560141009,0.0032011380812168103,0.004801707121825215,0.0,0.0,355,69516.2824634721,0.1633757474102079,0.07797446774831406,0.017328997797862827
SPY,2019,2019-12-03,2019-12-04,0.003715149279319707,0.003715149279319707,0.5866435272856345,1.0,0.0029159044687563362,0.008132220363713378,0.005616764307788362,0.004089426991450957,0.004860473916057638,0.006332890599696014,1.673133217904289,0.004570269888531708,0.002430236958028819,0.0036453554370432287,1.0,1.0,931,186203.54717294098,0.2452537803055501,0.09769457274221698,0.015462880542400144
IWM,2019,2019-12-04,2019-12-05,0.004291593771893254,0.004291593771893254,0.42803539520304945,1.0,0.0017445406809775132,0.00573207581897391,0.007729439580163908,0.006711917357833261,0.008016382439899699,0.010026259089759218,0.7150452042362427,0.0011147127913575527,0.0040081912199498495,0.006012286829924774,0.0,0.0,326,61047.24157225729,0.25440136830150417,0.0724082413346339,0.018269585116818653
QQQ,2019,2019-12-04,2019-12-05,0.003556791220440836,0.003556791220440836,0.4179952259935792,1.0,4.944559130748427e-05,0.0038036171862021475,0.007731407416919445,0.0053320131471206525,0.0064022761624336205,0.008509167089136734,0.5941038920689613,0.0,0.0032011380812168103,0.004801707121825215,0.0,0.0,436,76581.86252417887,0.20921399350887313,0.12529179423346296,0.01596292816929577
IWM,2019,2019-12-05,2019-12-06,0.010252229846243965,0.010252229846243965,1.0274367480220292,1.0,0.003282335884623233,0.007431702106708896,0.006510581999222088,0.006545511397874665,0.008016382439899699,0.009978453531062671,0.9270643164077738,0.0050434057610446725,0.0040081912199498495,0.006012286829924774,1.0,0.0,329,68154.41493028967,0.13533018854252118,0.06566684957277161,0.01711001818078883
QQQ,2019,2019-12-05,2019-12-06,0.0072967298436048544,0.0072967298436048544,0.8606558387412403,1.0,0.0015751517353859157,0.00644842529141922,0.006479160733214416,0.005298284409859998,0.006560358454785182,0.00847810415633356,0.9829379500926024,0.004111381468984376,0.003280179227392591,0.004920268841088886,1.0,0.0,426,83376.40609500463,0.2578032036796128,0.16897948525867396,0.014824136760294844
SPY,2019,2019-12-05,2019-12-06,0.006730357597133363,0.006730357597133363,1.0195887872585672,1.0,0.0006726514597132915,0.005348664026429866,0.006087963496955847,0.0042764190745361915,0.00514542324750184,0.006601051013153746,1.0394993315713534,0.003788368966968436,0.00257271162375092,0.00385906743562638,1.0,0.0,1081,225588.5369196012,0.24723270241716988,0.15214679409009746,0.01348667726174491
IWM,2019,2019-12-13,2019-12-16,0.0044694527603945655,0.0044694527603945655,0.4266331977057959,1.0,0.0024430092647775847,0.013803179416169806,0.004770204507999083,0.007136069442234826,0.007474259242883821,0.010476101682730929,1.8467621964426368,0.004815363627198144,0.0037371296214419106,0.005605694432162866,1.0,0.0,231,57377.35373549319,0.27720712434602846,0.2444389164396622,0.012151039361452242
QQQ,2019,2019-12-13,2019-12-16,0.006564026228708553,0.006564026228708553,0.7224729993171979,1.0,0.0038275608928461935,0.009447659912335888,0.0048232790507492665,0.006056608228040957,0.006750691693367449,0.009085496945785032,1.3995099082392117,0.004699092367291158,0.0033753458466837245,0.0050630187700255866,1.0,0.0,356,56729.41753566805,0.14964922212025347,0.10146181861816006,0.016855005348227054
SPY,2019,2019-12-13,2019-12-16,0.005987627166991416,0.005987627166991416,0.8563025806749193,1.0,0.001420179297395574,0.00836312826994694,0.004518654505396515,0.005013265130665965,0.004890656118154396,0.0069924198549910915,1.7100217369408839,0.0029133283385280873,0.002445328059077198,0.003667992088615797,1.0,0.0,1025,197565.74964794924,0.19924892176175102,0.13768936048929925,0.014152290546754995
IWM,2019,2019-12-19,2019-12-20,0.0025342314594383186,0.0025342314594383186,0.2550284511794426,1.0,0.0027226340244779212,0.00514273264160402,0.0035429608838351678,0.006951164829549622,0.006916874712663583,0.009937053876609193,0.743505246985113,0.0015649098716608023,0.0034584373563317913,0.0051876560344976865,0.0,0.0,301,88538.47404091989,0.5105971662148836,0.38481589194611077,0.010520071308080867
QQQ,2019,2019-12-19,2019-12-20,0.004742483150457222,0.004742483150457222,0.5539982379599871,1.0,0.005819505935198865,0.006248795851973442,0.004002583970165093,0.006048582886094913,0.005951744288375152,0.008560466126969434,1.0499100010359124,0.003115282074048764,0.002975872144187576,0.004463808216281364,1.0,0.0,366,92367.34305461918,0.3918208125389535,0.2038243114202835,0.012400358492753734
SPY,2019,2019-12-20,2019-12-23,0.0026813373307905675,0.0026813373307905675,0.39510779570805105,1.0,0.000842599820414236,0.008050885105972069,0.003214946688550593,0.004855827004817848,0.0045167658041180775,0.006786343777362048,1.7824446639743472,0.00018656537602845802,0.0022583829020590388,0.0033875743530885584,0.0,0.0,825,149716.64392963768,0.3533198441605369,0.10158752736312085,0.012144369541019138
IWM,2019,2019-12-26,2019-12-27,0.002639803580158029,0.002639803580158029,0.31417134250953355,1.0,0.0008991737315051651,0.003716328660209189,0.0015562012256863812,0.005122005050140128,0.006053879713369773,0.008402432758735543,0.6138755370381431,0.0,0.0030269398566848864,0.00454040978502733,0.0,0.0,319,66247.18376139452,0.36625225431045644,0.2902045360238037,0.013089978433776977
QQQ,2019,2019-12-26,2019-12-27,0.0035081155505543027,0.0035081155505543027,0.42705274283982086,1.0,0.007208135394762838,0.007443709940375989,0.003636600311148255,0.005772921071159033,0.005777407715165857,0.00821471260722034,1.2884169349578776,9.324262648902071e-05,0.0028887038575829286,0.004333055786374393,0.0,0.0,370,60865.45371118313,0.23602449872841094,0.15865730566262887,0.01445058521976581
QQQ,2019,2019-12-30,2019-12-31,-0.0032044103155192127,0.0032044103155192127,0.3750439295319357,0.0,0.006042123120060028,0.011569092368632903,0.005496569497489122,0.005830299466641824,0.006348610571696331,0.008544093273335733,1.8223030437889458,0.001562508692344089,0.0031743052858481655,0.0047614579287722485,0.0,0.0,299,66099.3015318122,0.20158803590894114,0.10962639476362436,0.01397639620994462
IWM,2019,2019-12-31,2020-01-02,0.006458666843996541,0.006458666843996541,0.7644388714604662,1.0,0.0035740024918005098,0.009934573367201905,0.0029544657455854136,0.004188476471466397,0.006186393910561654,0.008448899035781906,1.6058746841582803,5.994066514736218e-05,0.003093196955280827,0.004639795432921241,0.0,0.0,224,43031.17972835054,0.2516887238088725,0.050195621384939625,0.015951752160384976
QQQ,2019,2019-12-31,2020-01-02,0.008419139650036156,0.008419139650036156,1.0416129772809453,1.0,0.00510566745751051,0.007374828949067398,0.005532009109249898,0.0051066520498054,0.006348610571696331,0.008082790665697835,1.161644562346634,0.008209001006197703,0.0031743052858481655,0.0047614579287722485,1.0,1.0,250,55313.90096625844,0.19582302141128763,0.06991995087488943,0.01671434881775106
SPY,2019,2019-12-31,2020-01-02,0.005219733020009665,0.005219733020009665,0.8126255622307397,1.0,0.004149335716877367,0.006177303197419206,0.003996195159175452,0.004243947454106245,0.005021877975286938,0.006423294149990763,1.230078314889013,0.004172609469805799,0.002510938987643469,0.0037664084814652034,1.0,1.0,814,139976.4712467537,0.2439325496443248,0.08763244002600361,0.012948587152927194
