symbol,year,date,next_date,gap,abs_gap,gap_atr20,gap_up,day_abs_oc,day_range,rv5,rv20,median20_range,atr20,range20_ratio,adv20_dollar,log_adv20_dollar,prior_cc_aligned,prior_oc_aligned,signed_gex_to_adv,gross_gex_to_adv,followthrough_oc,continued,mfe,mae,excursion_efficiency,rth_range,eligible_contracts,call_dgamma,put_dgamma,signed_dgex,gross_dgex,p_cont_price,p_cont_gex,pred_ft_price,pred_ft_gex,pred_eff_price,pred_eff_gex
IWM,2009,2009-01-02,2009-01-05,0.005376344086021501,0.005376344086021501,0.11013599840232557,1.0,0.00965018094089265,0.030156815440289503,0.01711728667157974,0.031060542023878975,0.04283835369353401,0.04881550232451497,0.7039676560876182,3494328955.3549995,21.97440719286853,0.019902518277822745,0.00965018094089265,-0.043013250770486594,0.09681764053030863,-0.0017825311942959443,0.0,0.006139829669241426,0.02178649237472774,0.219858156028368,0.027926322043969033,691,94005118.53147607,244307566.16273314,-150302447.63125706,338312684.6942092,0.5287035136076449,0.5206346823507628,0.002892864940795608,0.0028204114309700614,0.39926753154788136,0.39792718320629084
SPY,2009,2009-01-02,2009-01-05,-0.003549935494297829,0.003549935494297829,0.10460920362098412,0.0,0.027863743302438015,0.039694868648941506,0.013293281569588877,0.02120805797355989,0.03349212838515451,0.03393521192609221,1.185199942877813,25736870465.0373,23.97119044916775,-0.03014185572122896,-0.027863743302438015,0.002747561060696254,0.07529345406474643,-0.00237505135620375,0.0,0.007988751203349409,0.011119583648480535,0.4180767850938279,0.019108334851829882,1362,1004265748.6217675,933552125.5078475,70713623.11391997,1937817874.129615,0.7064697904205145,0.7000933137997775,0.015622935127024973,0.015374944108864391,0.5182239159560702,0.5136362244733359
IWM,2009,2009-01-05,2009-01-06,0.008333333333333304,0.008333333333333304,0.1783705739487696,1.0,0.0017825311942959443,0.027926322043969033,0.017726943482992717,0.029723899455093822,0.038258860694500824,0.0467192157812238,0.7299308326759205,3420167226.455,21.952955283449793,0.0035842293906809264,-0.0017825311942959443,-0.03891658027054615,0.09024578901416903,0.008461235733963068,1.0,0.02144824872097595,0.008608815426997207,0.7135842880523736,0.030057064147973166,695,87777238.7524032,220878451.15943038,-133101212.40702718,308655689.9118336,0.4537222347152457,0.44263807237073743,-0.000581707755770584,-0.0007048612402462311,0.36741508143025314,0.36514932294386077
SPY,2009,2009-01-05,2009-01-06,0.00850835774923775,0.00850835774923775,0.26244729906068814,1.0,0.00237505135620375,0.019108334851829882,0.014686805852043102,0.02031479839569652,0.030261382508980084,0.03241930010211415,0.6314428908249473,24958292599.62626,23.940471972644186,-0.0011833154172042892,0.00237505135620375,0.0071408394281458265,0.0892920740667994,-0.001815442138140222,0.0,0.008650128242739363,0.010252018477701963,0.45762676433914595,0.018902146720441437,1369,1203400435.6206453,1025177275.7660339,178223159.8546114,2228577711.386679,0.5484925508392232,0.5262882010101052,0.0046475886211418925,0.003983565931134985,0.424057150654095,0.4118405653788507
IWM,2009,2009-01-06,2009-01-07,-0.0191219512195121,0.0191219512195121,0.4368258997408672,0.0,0.008461235733963068,0.030057064147973166,0.009158796788338152,0.028382441909850547,0.035825616766206284,0.043774765257407075,0.8389824617430035,3357343116.955,21.934415759121045,-0.016865079365079305,-0.008461235733963068,-0.012124499868467718,0.063360069607412,0.010543067435846432,1.0,0.02466679928386717,0.021480007957032088,0.5345288386929906,0.04614680724089916,715,86007693.70315623,126713799.88307813,-40706106.179921895,212721493.58623436,0.5129549088079404,0.4997277099734535,0.0007268518751416663,0.0004639484822698313,0.4371247197408602,0.4323505220843815
IWM,2009,2009-01-07,2009-01-08,-0.007237635705669487,0.007237635705669487,0.1669233923354593,0.0,0.010543067435846432,0.04614680724089916,0.02162049546955918,0.027893400426027396,0.038258860694500824,0.04335902598435274,1.2061730643100963,3311386766.955,21.920632901421246,0.029463414634146257,0.010543067435846432,-0.0518011433960463,0.1169984596344277,-0.012150668286755595,0.0,0.004252733900364514,0.015593357634669847,0.2142857142857147,0.019846091535034364,719,107946765.11637825,279480385.87118435,-171533620.7548061,387427150.9875626,0.48796106323599847,0.48957838929904773,0.00014477424980389487,0.00045256132252001653,0.44742836892894544,0.4530303158921036
SPY,2009,2009-01-07,2009-01-08,-0.005624727156164799,0.005624727156164799,0.1941653632903812,0.0,0.014456543478260753,0.022391358695652216,0.022226207729724057,0.01920572528316277,0.026109590243651427,0.02896874633480751,0.8575913481099803,23812634960.849384,23.893482157464486,0.029956167433869973,0.014456543478260753,-0.02765186013967856,0.11908488782412446,-0.009760392202289747,0.0,0.005434848915933821,0.010314906374671473,0.34507513390863287,0.015749755290605273,1490,1088630655.807473,1747094307.3021002,-658463651.4946272,2835724963.1095734,0.5163706258604812,0.5142276067663009,0.0013397754702555702,0.0013301903372382965,0.45401646967477255,0.45384201333284846
IWM,2009,2009-01-08,2009-01-09,0.002601040416166489,0.002601040416166489,0.06329610591559881,1.0,0.012150668286755595,0.019846091535034364,0.01959195818172442,0.02679279286342175,0.035825616766206284,0.0410932138484918,0.5539637088329169,3268216426.15,21.907510237623423,0.004825090470446325,0.012150668286755595,-0.05838014219751375,0.12915682237770534,-0.03951307124326475,0.0,0.0015964877270004951,0.04370385152664136,0.035242290748896496,0.04530033925364191,718,115656754.37663366,306455694.06752086,-190798939.6908872,422112448.4441545,0.5074491258944472,0.5042339627909928,0.0028114921983737936,0.0027426305050329376,0.4238144342007403,0.4225616596668323
IWM,2009,2009-01-09,2009-01-12,-0.00373987118221486,0.00373987118221486,0.09023812973628048,0.0,0.03951307124326475,0.04530033925364191,0.0235541757513062,0.02784217706020072,0.038258860694500824,0.04144446691376001,1.1840483075376367,3289101660.75,21.91388031299459,0.03701480592236883,0.03951307124326475,-0.014043136219722292,0.0717687216169651,0.026068821689259614,1.0,0.030239833159541263,0.0033368091762251417,0.9006211180124251,0.03357664233576641,692,94932659.39891863,141121962.0613457,-46189302.66242707,236054621.46026433,0.5315516760043291,0.5164551593343394,0.0027409680248755165,0.0023145393287331163,0.46445554897941127,0.4567197719169292
SPY,2009,2009-01-09,2009-01-12,-0.0028061512091660523,0.0028061512091660523,0.09361361298742316,0.0,0.02270741453675229,0.06537953859677316,0.016350385084105225,0.019415879680533998,0.025443542735037454,0.029975888330931684,2.5695925790531198,23043534307.341015,23.860651059765836,0.021419211100404123,0.02270741453675229,-0.017550032518114295,0.16422805354449224,0.021274190512120317,1.0,0.027352455081155136,0.0007880234483577109,0.971996799999998,0.028140478529512767,1519,1689990004.8271134,2094404781.2532306,-404414776.4261172,3784394786.080344,0.3346954604040277,0.32641114642497715,-0.00966184383245241,-0.009623456900654435,0.34526880682769945,0.3459651782238744
SPY,2009,2009-01-12,2009-01-13,-0.0025301208463526237,0.0025301208463526237,0.08586642004785686,0.0,0.021274190512120317,0.028140478529512767,0.017020417212482746,0.019411965250118814,0.025443542735037454,0.02946577771546181,1.1059968661817465,22646350840.90614,23.843264565118947,0.024020643125856722,0.021274190512120317,-0.07356540492782421,0.16900602232958767,-0.004381390370757909,0.0,0.0061109879126834965,0.013259471465716599,0.31547976190476046,0.019370459378399964,1485,1080690853.0765135,2746678822.825346,-1665987969.7488325,3827369675.9018593,0.5257473704363462,0.5459209628501295,0.0016847777191719205,0.002353995126015868,0.4622639483350106,0.474401312002117
IWM,2009,2009-01-13,2009-01-14,-0.021132713440405793,0.021132713440405793,0.5580541423727451,0.0,0.01479734076774597,0.025734505683036733,0.022917971174803917,0.025167804808825554,0.03501933892468044,0.03786857194635869,0.734865547815922,3168800160.15,21.876618854811618,-0.013276231263383176,-0.01479734076774597,-0.01931179726871793,0.07965332787534865,0.023316062176165775,1.0,0.02590673575129543,0.007556131260794574,0.7741935483870951,0.0334628670120899,694,95605125.9249938,156800352.2028915,-61195226.2778977,252405478.12788528,0.49292193641705745,0.4763581939397819,0.0013272728898342284,0.0008812395435489982,0.442112912137401,0.434046179877371
SPY,2009,2009-01-13,2009-01-14,-0.018023188864387585,0.018023188864387585,0.6384074050242713,0.0,0.004381390370757909,0.019370459378399964,0.015714862901886218,0.019204637648545825,0.0245658569600178,0.028231484664095287,0.7885114453742195,22351980533.083794,23.830180768535612,-0.0018401840772921396,-0.004381390370757909,-0.06935486062308258,0.16538376675522692,0.013677788009378244,1.0,0.027823205192620937,0.002454980097556847,0.9189191797979637,0.030278185290177857,1512,1073218120.2395108,2623436614.761392,-1550218494.5218813,3696654735.000903,0.5076337643135137,0.5230408527064059,0.0007868714438200755,0.001339109065522401,0.44257026226387663,0.4525577510363856
SPY,2009,2009-01-14,2009-01-15,-0.0029631384509966052,0.0029631384509966052,0.10255981210455711,0.0,0.013677788009378244,0.030278185290177857,0.016107080463778695,0.020204372587512842,0.0245658569600178,0.028891808498788602,1.2325312053822168,23062856110.507534,23.861489199733963,0.03145445951722581,0.013677788009378244,-0.03398546960484134,0.0759669323748701,-0.0033285662151010253,0.0,0.028530693228815074,0.013433154537571879,0.6798874447273199,0.041963847766386835,1517,484106217.58690107,1267908212.9313843,-783801995.3444833,1752014430.5182853,0.4781919326134482,0.481471676916384,-0.000818636179244798,-0.0005923206771622797,0.45492964967706406,0.4591022112190944
IWM,2009,2009-01-15,2009-01-16,0.021753317380900583,0.021753317380900583,0.5920181561819469,1.0,0.014342453662842036,0.059796999117387485,0.028725718876149758,0.02160939260177243,0.034177803673644744,0.03674434162829132,1.7495857746850558,3126117366.2,21.86305761341044,0.016136162687886646,0.014342453662842036,-0.03593104783451656,0.1044682344261412,-0.010432190760059634,0.0,0.0012774111134767896,0.042580370449222915,0.02912621359223527,0.04385778156269964,690,107127644.61728376,219452317.23852888,-112324672.62124512,326579961.85581267,0.3402117193804702,0.3188544515711338,-0.0065888172736748235,-0.007045855980083924,0.35519024130345556,0.3467040630061046
SPY,2009,2009-01-15,2009-01-16,0.017298565940792265,0.017298565940792265,0.6058885969864861,1.0,0.0033285662151010253,0.041963847766386835,0.015105417139556371,0.01664916811368464,0.0245658569600178,0.028550736928917804,1.70821835503989,23575476323.427193,23.883472869861066,0.0003555647615658408,0.0033285662151010253,-0.0312534036247733,0.08169457715330392,-0.009317528426304178,0.0,0.0015140577508263586,0.032727672574799915,0.04421674186521025,0.034241730325626205,1516,594587346.123878,1331401223.3062346,-736813877.1823566,1925988569.4301126,0.3669511470812357,0.35405988928265464,-0.00661028796694747,-0.0068144216532500836,0.3358456133203872,0.33205531102395786
IWM,2009,2009-01-16,2009-01-20,-0.012478485370051584,0.012478485370051584,0.337457939111099,0.0,0.010432190760059634,0.04385778156269964,0.028083262178330123,0.021669053253717842,0.034177803673644744,0.03697789835059526,1.2832241059573803,3119180377.95,21.860836104881276,-0.011094191864259306,0.010432190760059634,-0.03358574313756763,0.08639430098962353,0.055991285403050095,1.0,0.05642701525054461,0.007625272331154731,0.8809523809523802,0.0640522875816993,692,82359708.71998507,187119699.69355488,-104759990.97356981,269479408.41353995,0.4416691136750699,0.4287483859260575,-0.0007692641135451017,-0.0010857243002354933,0.44601357278596043,0.4400317629653908
SPY,2009,2009-01-16,2009-01-20,-0.009757759458212,0.009757759458212,0.33644298662129074,0.0,0.009317528426304178,0.034241730325626205,0.017447951444687915,0.016799780807120617,0.0245658569600178,0.029002713226997944,1.3938748557136187,23991292943.185448,23.900956807434742,-0.007819857634600469,0.009317528426304178,-0.06365593675363074,0.3073107902804716,0.04345248568968951,1.0,0.049626022214435794,0.009853911556906736,0.8343321699921873,0.059479933771342614,1499,2922797483.9956903,4449985710.224931,-1527188226.2292404,7372783194.220621,0.4597384894744296,0.47076153428754025,-0.0014763512268413694,-0.0010810413469974824,0.42574002870293093,0.4332122751998712
IWM,2009,2009-01-20,2009-01-21,0.015924301869374657,0.015924301869374657,0.4191824538119538,1.0,0.055991285403050095,0.0640522875816993,0.03895605118055249,0.02617550494451207,0.034177803673644744,0.0379889514090166,1.8740902192931557,3090769688.05,21.851685986822126,-0.06777108433734935,-0.055991285403050095,-0.02058652726586208,0.04454637574185778,0.03339391185824625,1.0,0.037937301226715014,0.02226260790549761,0.6301886792452812,0.06019990913221259,628,37027186.699939266,100655401.15548062,-63628214.45554136,137682587.85541987,0.5283884191197025,0.5036982720877058,0.01123919419490563,0.01065560719952018,0.40894108424308634,0.3978763371931954
SPY,2009,2009-01-20,2009-01-21,0.01700387240908552,0.01700387240908552,0.5659207760476123,1.0,0.04345248568968951,0.059479933771342614,0.026165629270152386,0.01989620325603348,0.0245658569600178,0.030046383042941938,2.421244000083094,24009950649.801785,23.90173419177562,-0.05278624624468009,-0.04345248568968951,-0.02909557978134198,0.049718218792131924,0.025750560757857865,1.0,0.028069269512587924,0.017939967831585024,0.6100790000628621,0.046009237344172914,1440,247574272.4588718,946157707.1362634,-698583434.6773915,1193731979.5951352,0.4120405212920765,0.3970142572866207,0.0008479348740169533,0.0006128330454063351,0.3111079014124867,0.3066503958732737
IWM,2009,2009-01-21,2009-01-22,-0.021103539239393343,0.021103539239393343,0.5384974000055465,0.0,0.03339391185824625,0.06019990913221259,0.047836837048993414,0.02888167779783573,0.034177803673644744,0.039189677125973085,1.7613744202830115,3026268449.5,21.830596162687012,-0.04984998846065092,-0.03339391185824625,-0.012015550520054525,0.07257279819396296,0.008084437457893556,1.0,0.02604985403099047,0.017965416573096693,0.59183673469388,0.04401527060408715,669,91631244.01205319,127993525.45426752,-36362281.442214325,219624769.4663207,0.47738207716798214,0.45675302134768264,0.0044146646502145415,0.00397185664697347,0.45947299402936237,0.450934775574552
SPY,2009,2009-01-21,2009-01-22,-0.01939327711862182,0.01939327711862182,0.6262112350827829,0.0,0.025750560757857865,0.046009237344172914,0.037035438546261984,0.022511879984083338,0.0245658569600178,0.030969225769413255,1.8728936433626282,24211927008.710762,23.910111200297212,-0.04319229241653244,-0.025750560757857865,-0.029860517912428136,0.0679164584441818,-0.004003906915891919,0.0,0.015166222158850329,0.019655460316803097,0.4355396144185229,0.0348216824756535,1447,460703827.2013285,1183684507.3393388,-722980680.1380103,1644388334.5406673,0.43998695941910637,0.4333939848392228,-0.0008585847584519322,-0.000919446282932568,0.40028487578069827,0.39911134461661596
IWM,2009,2009-01-22,2009-01-23,-0.025582974869821196,0.025582974869821196,0.6623495529505788,0.0,0.008084437457893556,0.04401527060408715,0.045347887808281404,0.02924961551543903,0.034177803673644744,0.03862458237626389,1.2878320393076719,3000492138.1,21.822042158193774,0.02901736645416575,0.008084437457893556,-0.04308734513862418,0.09274026683226833,-0.031366171003717414,0.0,0.004182156133828996,0.045771375464684017,0.08372093023255812,0.04995353159851298,661,74491600.5877371,203774840.9277802,-129283240.34004311,278266441.5155173,0.3145796861664387,0.3056879908739225,-0.009196196753554993,-0.009233129267130666,0.4021406224046689,0.4014310535814421
SPY,2009,2009-01-22,2009-01-23,-0.022356471299093683,0.022356471299093683,0.7239890945817757,0.0,0.004003906915891919,0.0348216824756535,0.034983720615828176,0.02258568141059668,0.0245658569600178,0.03087956913495813,1.4174829126591264,24921444920.836708,23.938994511561827,0.01546701907910708,-0.004003906915891919,-0.03240105850830645,0.0618371103096599,-0.027317663107103485,0.0,0.004079134633396042,0.038195252454999995,0.09649186929349308,0.042274387088395954,1439,366794471.8271631,1174275666.8187299,-807481194.9915668,1541070138.645893,0.337311451538641,0.3317534840531644,-0.008863815759246446,-0.008824625917721202,0.37033848561283345,0.37109142352691654
SPY,2009,2009-01-23,2009-01-26,0.005775418051071846,0.005775418051071846,0.1820592402213393,1.0,0.027317663107103485,0.042274387088395954,0.0351355715258855,0.02254906117696395,0.026468856282271712,0.03172274059833687,1.597136900724738,25574033427.5517,23.964843354425785,0.004350465256797609,0.027317663107103485,-0.025119111708871288,0.06439491308065466,0.00107673171799183,1.0,0.021174842501487934,0.009331236240279317,0.6941187912327945,0.03050607874176718,1456,502220328.5879345,1144617331.1010141,-642397002.5130796,1646837659.6889486,0.40026375405603165,0.38690880444157394,-0.0031377815518253954,-0.003489449736709088,0.37556836833300894,0.36881234335205104
IWM,2009,2009-01-26,2009-01-27,0.004009801737580698,0.004009801737580698,0.09972851447380093,1.0,0.012404149751916949,0.03811456923770856,0.04439371200067711,0.029102227413439558,0.03668714103777318,0.040207174033802424,1.0389081340098347,3115172768.9,21.859550451179082,0.011263798152737037,0.012404149751916949,-0.02466427117410868,0.11095832798012359,0.006878189483026542,1.0,0.016640781007321914,0.00776569780341696,0.68181818181818,0.02440647881073888,669,134410447.94000366,211243913.86635226,-76833465.9263486,345654361.80635595,0.39741059009216584,0.3774276027825443,-0.0016340519829599913,-0.0021224473518049276,0.4107969246159548,0.4015076228169048
SPY,2009,2009-01-26,2009-01-27,0.005377593212237075,0.005377593212237075,0.16419140563570556,1.0,0.00107673171799183,0.03050607874176718,0.035067000184036363,0.022568416007396733,0.029209331909845312,0.032751977433998214,1.0443949500770604,26635543801.53938,24.005512393909633,0.006858368344863974,0.00107673171799183,-0.017357683633145476,0.060106497307073535,0.004754570477400577,1.0,0.01212415352873486,0.009865613093983594,0.5513543520834342,0.02198976662271837,1452,569318949.5378782,1031650292.2417877,-462331342.7039095,1600969241.779666,0.40422855343957836,0.389565215499762,-0.001928724833351778,-0.0022638327551466513,0.3880891387330562,0.38171537104527664
IWM,2009,2009-01-27,2009-01-28,0.019832525341560103,0.019832525341560103,0.49054187473883,1.0,0.006878189483026542,0.02440647881073888,0.028005351802730387,0.02901388153531975,0.03668714103777318,0.04042983150443408,0.6652597646028047,3180127733.35,21.88018720065192,0.010915571396747703,0.006878189483026542,-0.0183223342719445,0.09646052914843808,0.020959377700950688,1.0,0.026145203111495263,0.01709161624891975,0.6046976511744111,0.04323681936041497,668,124244720.28032206,182512083.63824195,-58267363.35791989,306756803.918564,0.4233037833932613,0.4038387966859606,-0.003347571449021462,-0.003866850184354952,0.3914346286581658,0.3816352628484006
SPY,2009,2009-01-27,2009-01-28,0.022122359187535245,0.022122359187535245,0.6624293296183144,1.0,0.004754570477400577,0.02198976662271837,0.02116568187468278,0.02266398334792418,0.029209331909845312,0.03339580268929509,0.752833604362806,27466878303.346355,24.036246690382963,0.010157731835564121,0.004754570477400577,-0.020315238228032908,0.07945398768317585,0.011458298345872642,1.0,0.017939756529172346,0.0038194675041790527,0.8244667411703297,0.02175922403335133,1455,812178417.1482508,1370174593.2611203,-557996176.1128695,2182353010.4093714,0.45077915931603324,0.43897809999551335,-0.0022864870596370204,-0.00259709256474822,0.37081516486583355,0.36495369440689635
IWM,2009,2009-01-28,2009-01-29,-0.014603174603174507,0.014603174603174507,0.3561862572516349,0.0,0.020959377700950688,0.04323681936041497,0.025006065133792842,0.030361653253016534,0.04067569429906177,0.040998703082634105,1.062964507563729,3250930783.5,21.902207187207935,-0.04120758043190831,-0.020959377700950688,-0.012994076531194667,0.06319613340906836,0.02491408934707917,1.0,0.02813573883161513,0.014458762886597754,0.6605486083098053,0.04259450171821298,667,81601706.04964875,123844549.44806439,-42242843.39841564,205446255.49771315,0.6406733623899391,0.6325463422868683,0.011735885446841492,0.011468628269037155,0.55473154428885,0.5496438810563449
SPY,2009,2009-01-28,2009-01-29,-0.014646962062558333,0.014646962062558333,0.42545823121040127,0.0,0.011458298345872642,0.02175922403335133,0.0175881205134741,0.02397693433280367,0.029209331909845312,0.034426321993791656,0.7449408326253828,28353506764.33683,24.068016554861597,-0.03383414212509339,-0.011458298345872642,-0.006762055984307667,0.06316226585719743,0.01811633935528567,1.0,0.01904540681633482,0.016025978213610736,0.543046897066454,0.03507138502994563,1446,799571866.0704985,991299866.1623902,-191728000.09189177,1790871732.2328887,0.6138677963838194,0.6090075881899282,0.007150503804443474,0.006933683708897774,0.5037955600132634,0.4996680464428563
IWM,2009,2009-01-29,2009-01-30,0.007929515418502175,0.007929515418502175,0.19066844340828856,1.0,0.02491408934707917,0.04259450171821298,0.02885824225034295,0.030927263035391724,0.04291566053931398,0.04158798003884827,0.9925165122226934,3308299380.3,21.91970011191728,-0.03915343915343916,-0.02491408934707917,-0.01921876252801364,0.0958543378267949,-0.027972027972028024,0.0,0.005463286713286664,0.03605769230769229,0.13157894736842007,0.04152097902097899,665,126766713.13494599,190348133.29650638,-63581420.16156039,317114846.4314524,0.6547195153518164,0.6435817481272356,0.014240147112731031,0.013858090200769104,0.5187475472528298,0.5113992927593377
SPY,2009,2009-01-29,2009-01-30,0.005085747897607851,0.005085747897607851,0.14569928242383368,1.0,0.01811633935528567,0.03507138502994563,0.023806124852529364,0.02441005382320094,0.030392132015972517,0.03490578548502115,1.1539626443947382,28849562943.282887,24.085360680506145,-0.03249795208259465,-0.01811633935528567,-0.025002264746206235,0.08269052778798118,-0.025300081479168735,0.0,0.0049423274320195,0.032595950837987164,0.13166100470751885,0.037538278270006706,1441,832140587.8561729,1553444998.3764725,-721304410.5202996,2385585586.2326455,0.5827726932656649,0.5779080528999407,0.007848315336750367,0.007722588124850204,0.45205513422242993,0.4496369721086879
IWM,2009,2009-01-30,2009-02-02,-0.01866007194244601,0.01866007194244601,0.45078583489112933,0.0,0.027972027972028024,0.04152097902097899,0.031163163276102017,0.0305515839741583,0.04205774036959599,0.04139453926486546,0.9872375133827914,3252144223.3,21.902580376756823,0.02026431718061683,0.027972027972028024,-0.02316566743359175,0.0916651845945063,-0.02726231386025213,0.0,0.00022909507445589838,0.03413516609392908,0.006666666666666624,0.03436426116838488,663,111385154.51685375,186723246.0398981,-75338091.52304435,298108400.55675185,0.5497306555574127,0.5408467556370546,0.0032920078161419964,0.0029978891355917506,0.5055498976335895,0.5000420891884454
SPY,2009,2009-01-30,2009-02-02,-0.015211903532249105,0.015211903532249105,0.42715580055114016,0.0,0.025300081479168735,0.037538278270006706,0.026287487496671237,0.0244032420649577,0.03237390453369669,0.03561207295469677,1.1595227332228222,29562075934.019966,24.10975815836908,0.02034300341775286,0.025300081479168735,-0.02891539524952252,0.06804368349409068,-0.012382027706264509,0.0,0.003187470883903365,0.01973764864533556,0.13903835396967212,0.022925119529238862,1438,578356714.1270723,1433155824.1556573,-854799110.028585,2011512538.2827296,0.5346574666492802,0.5338110871105229,0.0017202916799585917,0.001680816219452706,0.4631687712334371,0.4624295346968678
IWM,2009,2009-02-02,2009-02-03,0.009366636931311234,0.009366636931311234,0.22538959919305424,1.0,0.02726231386025213,0.03436426116838488,0.030928248524999497,0.030164316653423635,0.04205774036959599,0.04155753843498508,0.8170734059033564,3263643666.4,21.906110097255368,0.008093525179856176,0.02726231386025213,-0.021725740920414734,0.12288714415431314,-0.002209456473707516,0.0,0.007070260715863919,0.017896597437030426,0.28318584070796593,0.02496685815289429,668,165077386.4742245,235982463.22698337,-70905076.75275886,401059849.7012079,0.5458512345108931,0.5304334768775022,0.00430310107985406,0.003757119453269794,0.45818927340191457,0.4479893420546846
SPY,2009,2009-02-02,2009-02-03,0.006296875604338226,0.006296875604338226,0.18119592909392873,1.0,0.012382027706264509,0.022925119529238862,0.0259751153161355,0.023051159775251396,0.030392132015972517,0.03475174986450186,0.754311001189078,29694463107.521614,24.114226438019152,-0.0030182300369858694,0.012382027706264509,-0.025919223929626534,0.06035940181162643,0.007701564565621322,1.0,0.015162491339650863,0.010589615176645362,0.5887864485981318,0.025752106516296194,1451,511341295.766764,1280998734.5206504,-769657438.7538865,1792340030.2874143,0.5324569710300837,0.5247036268040949,0.0030168210129312392,0.0027298293345155347,0.4305007121048365,0.42513918476667306
SPY,2009,2009-02-03,2009-02-04,0.006687425523941526,0.006687425523941526,0.19054970970244037,1.0,0.007701564565621322,0.025752106516296194,0.026497169347874255,0.023454493448241017,0.030392132015972517,0.035095438006095686,0.8473280684212029,29744240966.068,24.115901369226332,0.014046935963988094,0.007701564565621322,-0.02155612840953019,0.0679124422230229,-0.011506535770823278,0.0,0.012692763486615632,0.014946642409965238,0.4592270736248274,0.027639405896580965,1448,689416684.1835967,1330587361.8921669,-641170677.7085701,2020004046.0757637,0.48241318466653516,0.4729410190549089,0.0003090295997858518,5.5027187163061986e-05,0.4068438339713142,0.40209346518049793
IWM,2009,2009-02-04,2009-02-05,-0.008253401739906296,0.008253401739906296,0.1981191351123325,0.0,0.008185840707964687,0.03517699115044239,0.01989420326855063,0.02978752720877082,0.04205774036959599,0.041658781395480356,0.836397553489874,3190120434.75,21.883324506870633,0.007307351638618176,0.008185840707964687,-0.04142840152498645,0.16458572041059802,-0.02001799370220425,0.0,0.005847953216374213,0.03486279802069259,0.14364640883977844,0.04071075123706692,662,196443339.8330058,328604930.1168931,-132161590.28388733,525048269.9498989,0.56405180299542,0.565686886803201,0.005875355273241008,0.006005278736080598,0.5209016066889727,0.523310889753468
SPY,2009,2009-02-04,2009-02-05,-0.007560362233040574,0.007560362233040574,0.21276716109540633,0.0,0.011506535770823278,0.027639405896580965,0.01777652224727625,0.023296382378287663,0.030392132015972517,0.035533501476999324,0.9094263568628597,29555848584.253887,24.109547482847574,0.004896059347887838,0.011506535770823278,-0.019705727282789087,0.06830182500489602,-0.02261188715641671,0.0,0.06009666481608211,0.031318066432336256,0.6574067876737524,0.0914147312484184,1440,718149453.0300989,1300568944.842814,-582419491.812715,2018718397.872913,0.5623577455642997,0.5610568656409832,0.003990759837584561,0.003948701431065899,0.4847540685488348,0.48397414316561005
SPY,2009,2009-02-05,2009-02-06,0.0034291238027670534,0.0034291238027670534,0.08948546643971637,1.0,0.02261188715641671,0.0914147312484184,0.01471034380670634,0.022970710444493028,0.03237390453369669,0.03832045514426803,2.8237165879471995,30048549432.043804,24.12608022495032,0.014880570865700937,0.02261188715641671,-0.030813926886826045,0.0924373118601965,0.02498234710131575,1.0,0.02922454596718671,0.0021211524614522803,0.9323303493689491,0.031345698428638866,1450,925846664.771094,1851760470.02527,-925913805.254176,2777607134.796364,0.4248949120347252,0.42125231551540243,-0.0004332954246595005,-0.00022022190441356448,0.3899014399327494,0.39384535986837976
IWM,2009,2009-02-06,2009-02-09,-0.003620102214650811,0.003620102214650811,0.08499858478126839,0.0,0.03458911654549457,0.04318131747080857,0.015485667919645367,0.030779973946387342,0.04205774036959599,0.04259014692970033,1.026715108594489,3137671778.7,21.866746890088844,-0.0355016538037487,-0.03458911654549457,-0.012735981970791054,0.09604624728599252,0.0008548835221200424,1.0,0.012182090190211547,0.007480230818551092,0.6195652173912999,0.01966232100876259,704,130700134.17775854,170661465.38154164,-39961331.203783095,301361599.5593002,0.7081374795332435,0.7053035236850683,0.018291226319946428,0.018198843709704166,0.5681880439938405,0.5664749631919515
IWM,2009,2009-02-09,2009-02-10,-0.00770053475935828,0.00770053475935828,0.18645906353279093,0.0,0.0008548835221200424,0.01966232100876259,0.017019816255281112,0.029709659068718298,0.041115865129022953,0.04129879563620169,0.47821737295473593,3067773837.85,21.844218001257698,0.004471890971039172,0.0008548835221200424,-0.01563486767231836,0.0989640607703126,0.03880146583315358,1.0,0.041819357620176745,0.015305022634188425,0.7320754716981128,0.057124380254365136,705,127817559.25758876,175781797.26097375,-47964238.00338499,303599356.5185625,0.5530643523242865,0.545262007737719,0.004194967891095798,0.003988617538193732,0.5089263735996021,0.5051155310036386
SPY,2009,2009-02-09,2009-02-10,-0.009529288393324564,0.009529288393324564,0.25952575606143263,0.0,0.0016099241215492555,0.016329324014826712,0.012995109229660805,0.023571816284216347,0.030925888585203024,0.0367180835456997,0.5280147074784372,30011046305.250538,24.124831361010855,-0.0013795699685132945,-0.0016099241215492555,-0.016674170105841272,0.10465162117086416,0.03662914234249948,1.0,0.044279588881868226,0.00880957489774814,0.8340607711525005,0.053089163779616304,1454,1320147678.8651574,1820556970.013184,-500409291.1480267,3140704648.8783417,0.5830562798296951,0.5818840607929632,0.0049493019161223565,0.004914195733104769,0.49363225886349527,0.49298392395277857
IWM,2009,2009-02-10,2009-02-11,0.006503700381251365,0.006503700381251365,0.1532457101242882,1.0,0.03880146583315358,0.057124380254365136,0.029913891179104108,0.03075799050341108,0.04205774036959599,0.042439689672073774,1.3582370272954793,3129421300.7,21.864113936449318,-0.04620320855614968,-0.03880146583315358,-0.04817936875672842,0.15586083033366582,-0.002673796791443972,0.0,0.006907308377896548,0.017602495543671992,0.2818181818181802,0.0245098039215685,691,168490329.77468824,319263872.61627424,-150773542.841586,487754202.3909625,0.6621682175908092,0.6626854454621598,0.016080627333617696,0.01618827383841825,0.5014501173178764,0.503460895695203
SPY,2009,2009-02-10,2009-02-11,0.004090915604729739,0.004090915604729739,0.10798720246991236,1.0,0.03662914234249948,0.053089163779616304,0.028066065678764757,0.025149154746480152,0.032793714377132535,0.037883337202568604,1.6188823007080906,31031288835.389954,24.158261849684003,-0.04580938107484234,-0.03662914234249948,-0.037213665890760174,0.10609916252866147,0.0017974955709105789,1.0,0.007190006250090253,0.012582325197686872,0.36363977961226107,0.019772331447777083,1447,1068802871.3699993,2223590886.2498775,-1154788014.879878,3292393757.619877,0.6260582997189421,0.6263663140708331,0.012220351369986535,0.012286334953606187,0.4558363282938466,0.4570688658801505
IWM,2009,2009-02-11,2009-02-12,-0.014745308310991856,0.014745308310991856,0.3478622566846925,0.0,0.002673796791443972,0.0245098039215685,0.029850339674284288,0.03058527692170589,0.04205774036959599,0.04238835351533185,0.5827655909751849,3111942765.9,21.858513051673125,-0.0038125140165954363,0.002673796791443972,-0.0595626029570607,0.19074241640163173,-0.02358276643990931,0.0,0.014285714285714346,0.02517006802721089,0.3620689655172423,0.039455782312925215,698,204112035.74047217,389467447.1308712,-185355411.390399,593579482.8713434,0.5056392427838778,0.5108446265114337,0.0017434677730940873,0.001979097817983327,0.48103965463072607,0.48545233035998314
SPY,2009,2009-02-11,2009-02-12,-0.017105263567111506,0.017105263567111506,0.45120804858957536,0.0,0.0017974955709105789,0.019772331447777083,0.028124672104062613,0.025197652341672573,0.032793714377132535,0.03790992563315437,0.6029305256608741,30835017552.47409,24.151916814628365,-0.005895764578320861,-0.0017974955709105789,-0.024948299389808224,0.0677811447269307,-0.018133212075774896,0.0,0.013630218172817843,0.02008034611367515,0.4043307628131025,0.033710564286492856,1450,660375768.8962897,1429657018.485405,-769281249.5891153,2090032787.3816948,0.5262236627469482,0.5243857688844037,0.0013804910402522301,0.001322324570379044,0.4578387692069081,0.4567494778561951
IWM,2009,2009-02-13,2009-02-17,-0.037161405865233976,0.037161405865233976,0.923198166926399,0.0,0.009534368070953425,0.02483370288248347,0.02164348745913229,0.02888154369680439,0.041115865129022953,0.04025290256907175,0.6039931983567531,3022430041.45,21.829326994263102,0.010412051395657929,0.009534368070953425,-0.05625327507078172,0.18734177672462252,0.002557544757033181,1.0,0.0041850732387817,0.014182748198093398,0.22784810126582455,0.018367821436875126,693,198102912.7436182,368124501.2474992,-170021588.50388104,566227413.9911175,0.4363214794572644,0.4372306485660537,-0.003758896242942968,-0.003639743848004344,0.416355591448624,0.4186051239378447
SPY,2009,2009-02-13,2009-02-17,-0.03141611813880818,0.03141611813880818,0.870158900221877,0.0,0.0094554275479799,0.01795332071980895,0.021092179459098897,0.024324332218360604,0.03252813135756586,0.03610388646349254,0.5519321267630428,29929781118.345905,24.122119845665196,0.01075785270103502,0.0094554275479799,-0.03422968417499301,0.09681531199513535,0.01172658374617852,1.0,0.012350373635210854,0.034930075602291666,0.2612152345078529,0.0472804492375024,1450,936587070.9055603,1961074026.0132096,-1024486955.1076493,2897661096.91877,0.49291133866440323,0.4920846413491092,-0.0016966723346633012,-0.001709246806630929,0.4195904939235011,0.4193530947235895
IWM,2009,2009-02-17,2009-02-18,0.00815850815850827,0.00815850815850827,0.2035969487945577,1.0,0.002557544757033181,0.018367821436875126,0.02495360892613659,0.029966932222634135,0.04008326677499607,0.040071858673779666,0.4582416283578206,3010228279.55,21.82528175321352,-0.0396239086635326,-0.002557544757033181,-0.03909943743892756,0.09781742872945663,-0.022196531791907503,0.0,0.002080924855491384,0.02589595375722542,0.07438016528925803,0.027976878612716784,696,88377278.9505606,206075511.2437164,-117698232.29315579,294452790.194277,0.5545249869608505,0.5485113648839502,0.005122089672062788,0.004886000581377645,0.47224561289068107,0.467804915508858
SPY,2009,2009-02-17,2009-02-18,0.007195152648382441,0.007195152648382441,0.19631029535975467,1.0,0.01172658374617852,0.0472804492375024,0.024287087641302135,0.025967324997408874,0.03252813135756586,0.03665193735864304,1.453524911030748,30128788276.715126,24.128746972775275,-0.042774298144652056,-0.01172658374617852,-0.02954551948379103,0.05433787965767098,-0.00952502807964617,0.0,0.0018799473382635767,0.01892470210647068,0.09036188488815894,0.020804649444734348,1441,373481885.2794465,1263652586.332148,-890170701.0527016,1637134471.6115947,0.5613996260546638,0.5589994111180207,0.005937683231947205,0.005905676034021436,0.4665799104288707,0.46597787380101985
IWM,2009,2009-02-18,2009-02-19,0.01229605107590448,0.01229605107590448,0.32296795920266386,1.0,0.022196531791907503,0.027976878612716784,0.018890734235363738,0.0260671361085675,0.038785175775316885,0.03807204623722024,0.7213291690306438,2991200401.15,21.818940615737226,-0.01421911421911426,-0.022196531791907503,-0.022954480038047634,0.07200274378883607,-0.02592852137351087,0.0,0.0044382153702404725,0.0275636533520206,0.13868613138685773,0.032001868722261094,695,73356593.10353468,142018043.00153244,-68661449.89799775,215374636.10506713,0.570321290131068,0.5570081670868909,0.008118587946114166,0.007736851344450729,0.4338083155706957,0.4266496523864987
SPY,2009,2009-02-18,2009-02-19,0.010249234597611512,0.010249234597611512,0.29490230922922533,1.0,0.00952502807964617,0.020804649444734348,0.01936469649602242,0.023203169883572763,0.030925888585203024,0.03475467731805674,0.6727260038920485,29871656992.566883,24.120175941106435,-0.0023984094622769847,-0.00952502807964617,-0.058025432240713715,0.09306928528315836,-0.02079153410779222,0.0,0.003882840875893745,0.02279557979937774,0.14554238135590955,0.02667842067527154,1444,523408978.890914,2256724787.6309457,-1733315808.7400317,2780133766.5218596,0.5443515235295756,0.5500354001138221,0.004395792023789018,0.004624440366308399,0.42487309331883,0.4291609097466722
IWM,2009,2009-02-19,2009-02-20,-0.01918465227817756,0.01918465227817756,0.5236859603058653,0.0,0.02592852137351087,0.032001868722261094,0.017141178742792078,0.02328631685072079,0.03664578019407548,0.03663388697106282,0.8732756828420543,2975457883.2,21.813663774420355,0.013951288720737698,0.02592852137351087,-0.027821552323000362,0.07015612962499625,-0.005867970660146771,0.0,0.017359413202933993,0.018092909535452284,0.48965517241379375,0.03545232273838638,688,62982375.88258171,145764233.0649144,-82781857.1823327,208746608.94749612,0.5361724092864137,0.5265893641096543,0.0027139308764794665,0.0024116607284597946,0.4599569273921014,0.45434683814330257
SPY,2009,2009-02-19,2009-02-20,-0.018546904579176404,0.018546904579176404,0.5493313421805678,0.0,0.02079153410779222,0.02667842067527154,0.017298539673247047,0.020847311745618245,0.029072742319174075,0.03376269139414942,0.9176437634394252,29579066153.66278,24.11033272353676,0.010755396820895768,0.02079153410779222,-0.04002808585329931,0.06156573137178672,-0.008992505838948173,0.0,0.012511481330190866,0.020982574443532798,0.37354333600907824,0.033494055773723816,1429,318531720.792739,1502525120.2519724,-1183993399.4592335,1821056841.0447114,0.5498962080700005,0.551256471427265,0.001964578279810351,0.002005850511392804,0.4495615438573676,0.45032755037237276
IWM,2009,2009-02-20,2009-02-23,0.006076810889645179,0.006076810889645179,0.16826626242854512,1.0,0.005867970660146771,0.03545232273838638,0.01200223099269076,0.022660214581700512,0.03531465694441439,0.03611425607213281,1.0038982622481278,2992854428.8,21.819493427413963,-0.01342925659472427,0.005867970660146771,-0.0687926520990573,0.10531161755181885,-0.04421357815897553,0.0,0.001449625513409103,0.046388016429089185,0.03030303030303164,0.04783764194249828,692,54647973.74524581,260534367.24880707,-205886393.50356126,315182340.9940529,0.5083059026147728,0.5118865684829369,0.004400845214144232,0.00460838929298016,0.45759094828956975,0.4614196329881204
SPY,2009,2009-02-20,2009-02-23,0.010979062541437878,0.010979062541437878,0.3258552644419788,1.0,0.008992505838948173,0.033494055773723816,0.015761456975643087,0.0207114872221727,0.029072742319174075,0.033693064803600216,1.1520776198547253,29655613733.295116,24.112917277800896,-0.009721181887950903,0.008992505838948173,-0.02353886267819572,0.043607848328644755,-0.046250097594867756,0.0,0.0,0.04701675151463214,0.0,0.04701675151463215,1440,297579043.2343796,995638462.5400283,-698059419.3056488,1293217505.7744079,0.5007374917012066,0.49231876155194954,0.0016266860771696906,0.0013732554771688703,0.4172860527820316,0.4126108731006363
IWM,2009,2009-02-23,2009-02-24,0.012386248736096839,0.012386248736096839,0.343233987651542,1.0,0.04421357815897553,0.04783764194249828,0.013783856294296376,0.023870013349096744,0.03531465694441439,0.03608689460168381,1.3546115432409607,2979061678.4,21.814874214860673,-0.03840544482255703,-0.04421357815897553,-0.05531999062342629,0.0901637059058981,0.024219725343320953,1.0,0.032958801498127244,0.011235955056179692,0.7457627118644077,0.04419475655430702,661,51900788.46554613,216702452.5812427,-164801664.11569658,268603241.0467888,0.6066744791816426,0.6072619401643702,0.012134631478576538,0.01225077741623513,0.43636908646669653,0.43850622911399295
SPY,2009,2009-02-23,2009-02-24,0.008573328638356914,0.008573328638356914,0.2521326361742238,1.0,0.046250097594867756,0.04701675151463215,0.017805649588286596,0.021861776675910136,0.029072742319174075,0.03400324832376217,1.6172107535801201,29465275384.119232,24.106478301336146,-0.035778817767471494,-0.046250097594867756,-0.04182777501162986,0.052478478375537214,0.0290875544018121,1.0,0.03533000351534055,0.007836419075090806,0.8184603076923058,0.04316642259043136,1435,156912953.82604772,1389379863.2487025,-1232466909.4226549,1546292817.0747502,0.6065855519616674,0.6080375873478314,0.010851832175668102,0.01096203468994355,0.4137627784698595,0.4157905591899192
IWM,2009,2009-02-24,2009-02-25,-0.004631886884446712,0.004631886884446712,0.1270019961830913,0.0,0.024219725343320953,0.04419475655430702,0.027580282528405387,0.02545238443716335,0.03531465694441439,0.03647097702125243,1.2514564879922236,3004812685.75,21.823481068797715,-0.03690596562184023,-0.024219725343320953,-0.020394343337564666,0.05102383805636005,0.016164584864070464,1.0,0.0328190056331128,0.010364927749203945,0.759981851179674,0.043183933382316866,759,46017947.1445745,107299128.7228298,-61281181.5782553,153317075.8674043,0.571861830756666,0.5637053531082904,0.00845434728554024,0.008240802620875873,0.5162567429090045,0.5123194605947479
SPY,2009,2009-02-24,2009-02-25,-0.004388280676757228,0.004388280676757228,0.12653837122546074,0.0,0.0290875544018121,0.04316642259043136,0.02667950991684068,0.02377634354846815,0.029492552162609917,0.03467944651301362,1.4636380857251448,29786186875.458366,24.11731059532643,-0.03791026020334187,-0.0290875544018121,-0.013547330517066277,0.038499046317155894,0.003500077826031678,1.0,0.019574825247275385,0.016593194407482414,0.5412191608533472,0.03616801965475788,1444,371608234.8423983,775131553.2873344,-403523318.44493616,1146739788.1297326,0.603244706267565,0.6001975967641883,0.008893292742084832,0.008794614024094774,0.5009005885691004,0.4990811754184772
IWM,2009,2009-02-25,2009-02-26,0.010455563853622118,0.010455563853622118,0.27959824417775875,1.0,0.016164584864070464,0.043183933382316866,0.028059456244438088,0.025447355750529622,0.0374540525256558,0.03739495533804153,1.1529842692652854,3090046692.65,21.851452038631866,-0.020721599219892806,-0.016164584864070464,-0.07168901318528509,0.11827227302760568,-0.02882483370288247,0.0,0.003941857600394005,0.033998521803399906,0.10389610389609949,0.037940379403794015,757,71972224.00430915,293494622.0968416,-221522398.09253243,365466846.10115075,0.49253989662094655,0.4950539352347169,0.0033706203212041847,0.0035871245170174607,0.42670014440047055,0.43067571266669175
SPY,2009,2009-02-25,2009-02-26,0.012358487874652324,0.012358487874652324,0.3493613790768887,1.0,0.003500077826031678,0.03616801965475788,0.02670204841558477,0.02356930453933633,0.03241987710118134,0.03537451079254077,1.1156124849541753,30404657213.69572,24.137861631443936,-0.007872999178897833,-0.003500077826031678,-0.009310810556403572,0.06516997665149984,-0.028270328964276503,0.0,0.0237727833461836,0.029426895399640052,0.4468595282269414,0.05319967874582374,1432,849189398.6821482,1132281402.0312583,-283092003.3491101,1981470800.7134066,0.4653409157915159,0.45142228685646885,-0.0004754132933151695,-0.0008842769439256857,0.39839416719070675,0.3908863895771016
IWM,2009,2009-02-26,2009-02-27,-0.017757483510908223,0.017757483510908223,0.4801007224830985,0.0,0.02882483370288247,0.037940379403794015,0.02830723132942338,0.02303767836226017,0.0366963510710902,0.03698699601838937,1.0339006003701516,3057044480.6,21.84071443015815,0.01867064973861088,0.02882483370288247,-0.048881646098473494,0.08564054488726698,-0.0111053719008265,0.0,0.0020661157024792765,0.02995867768595062,0.06451612903225583,0.032024793388429805,748,56186794.32760757,205620160.7355885,-149433366.40798092,261806955.06319606,0.47156009286554995,0.46722720454948063,-0.0004958094582038575,-0.0006079018517553061,0.4394413969810031,0.437424310809769
SPY,2009,2009-02-26,2009-02-27,-0.02129067622491365,0.02129067622491365,0.5906788599250019,0.0,0.028270328964276503,0.05319967874582374,0.02709678246927768,0.021885793032525473,0.033602310030108336,0.036044418836348596,1.583214924752369,30336532794.09915,24.135618525961416,0.016261219607341504,0.028270328964276503,-0.033436536443843694,0.057036971975636896,0.001080962002946495,1.0,0.0027023914956793016,0.022699634571013982,0.10638488003217321,0.025402026066693173,1425,357977693.2326337,1372326277.5823894,-1014348584.3497556,1730303970.815023,0.4936578065948681,0.49234142172307854,-0.0003930076928851654,-0.000421979895420485,0.43030547687150045,0.4297841263388493
IWM,2009,2009-02-27,2009-03-02,-0.022477650063856824,0.022477650063856824,0.6167824714544399,0.0,0.0111053719008265,0.032024793388429805,0.028311119730611466,0.02189925998814685,0.03531465694441439,0.03644339958438198,0.9068414125850675,3077423529.35,21.847358567411966,0.006849315068493178,-0.0111053719008265,-0.078624505771837,0.11014062204221169,0.034753070290044596,1.0,0.03788868565455983,0.00391951920564404,0.9062500000000018,0.04180820486020385,755,48494218.88209072,290455122.92785674,-241960904.04576603,338949341.8099475,0.4392297594794027,0.44575703244409065,-0.001682179745257968,-0.0013236485253338495,0.4016999898438942,0.40817450942927846
SPY,2009,2009-02-27,2009-03-02,-0.019072135804139134,0.019072135804139134,0.5363429004684295,0.0,0.001080962002946495,0.025402026066693173,0.028061426620155653,0.021374610139781158,0.03241987710118134,0.03555959403486458,0.7835324602685664,30831231998.040276,24.151794039059357,0.022348623815843904,0.001080962002946495,-0.031742487306721294,0.04947843524660247,0.026475442352817624,1.0,0.02964691242334172,0.01930503389292748,0.605632965680234,0.048951946316269285,1482,273410562.8198205,1252070553.1681933,-978659990.3483728,1525481115.9880137,0.46403378202565204,0.4616979985691022,-0.0020495395586175693,-0.0020782005376272497,0.4102344405517109,0.40971686757724646
IWM,2009,2009-03-02,2009-03-03,0.013264753654575134,0.013264753654575134,0.3553697767086398,1.0,0.034753070290044596,0.04180820486020385,0.03357065703933348,0.024392623825927627,0.03531465694441439,0.03732662292621082,1.1838768510766045,3102470288.95,21.85546449851048,-0.056449553001277186,-0.034753070290044596,-0.034909408968818736,0.0521544374471882,-0.03179267966871491,0.0,0.0010686615014694478,0.03767031792679665,0.027586206896552713,0.038738979428265985,742,26751094.24311895,135056498.37368372,-108305404.13056478,161807592.61680266,0.5414385670728181,0.5287165573157473,0.00710313693759468,0.006701446867266111,0.41649002414725517,0.40927156351157534
SPY,2009,2009-03-02,2009-03-03,0.014305991906685245,0.014305991906685245,0.3964985740655074,1.0,0.026475442352817624,0.048951946316269285,0.03048352362172005,0.022878938998369003,0.03241987710118134,0.036080815524753146,1.5099362086874024,30748826415.65666,24.149117665126123,-0.045042634924929104,-0.026475442352817624,-0.034273532509609385,0.042719057171880986,-0.021505390008303538,0.0,0.0012567518327502025,0.02751015182921157,0.0436874210557459,0.02876690366196187,1477,129844985.91466846,1183715887.7040126,-1053870901.7893442,1313560873.6186812,0.5473386579480629,0.5430914649017194,0.005455513919628317,0.005321004898270456,0.4047341432239835,0.40231698594891985
IWM,2009,2009-03-03,2009-03-04,0.015176600441501042,0.015176600441501042,0.403599565021056,1.0,0.03179267966871491,0.038738979428265985,0.018783217256341637,0.024145907449022116,0.0366963510710902,0.03760311396943471,1.055662982764109,3084278836.75,21.849583702551964,-0.018949648077964176,-0.03179267966871491,-0.012505226945945505,0.02747539563097657,0.005436259853221159,1.0,0.02337591736885014,0.015493340581679838,0.6013986013985999,0.03886925795053003,756,23086087.22890944,61655694.047045,-38569606.81813556,84741781.27595444,0.5513670117307973,0.5325960757456607,0.00707804784481588,0.006522791040030135,0.4142150004778949,0.4043854908958319
SPY,2009,2009-03-03,2009-03-04,0.016554916512059314,0.016554916512059314,0.4546690176973472,1.0,0.021505390008303538,0.02876690366196187,0.015407617639904649,0.022852540863696886,0.03241987710118134,0.036410918421274925,0.8873230324773081,31113427754.63333,24.160905323548956,-0.007507054037027117,-0.021505390008303538,-0.06887105163547523,0.08717323019960382,0.007019513953972378,1.0,0.023024005769029632,0.016285314490299907,0.5857136581639362,0.03930932025932954,1476,284721755.2537067,2427536244.699687,-2142814489.4459803,2712257999.953394,0.5747605186882125,0.585405357609917,0.006020999602656083,0.006443334409565607,0.4070604387230877,0.4145368784453488
IWM,2009,2009-03-04,2009-03-05,-0.020275750202757514,0.020275750202757514,0.5291713897676957,0.0,0.005436259853221159,0.03886925795053003,0.027759115195207115,0.02484187663190274,0.038339679416030004,0.03831603634440345,1.0138128054946283,3102734264.0,21.85554958033104,-0.020695364238410674,-0.005436259853221159,-0.04689384105349,0.06791177296886972,0.03366445916114791,1.0,0.03642384105960261,0.012389624724061798,0.746184284906727,0.04881346578366441,757,32606528.756133895,178105656.16336718,-145499127.4072333,210712184.91950107,0.4767768315007257,0.47467103536024896,-1.809710166396578e-05,2.3217215257202543e-06,0.4437548253467934,0.44411434812207895
SPY,2009,2009-03-04,2009-03-05,-0.02272417303537544,0.02272417303537544,0.6122933973449348,0.0,0.007019513953972378,0.03930932025932954,0.024999595261053963,0.023434970375343298,0.033602310030108336,0.0371132093436144,1.1698398182776009,31607490500.434875,24.176659970602465,-0.02369063793349513,-0.007019513953972378,-0.027384058586656754,0.051249589447088656,0.01854486500841268,1.0,0.027532097789788712,0.023252568423753672,0.5421340700364182,0.0507846662135424,1477,377164769.9794684,1242706141.6205738,-865541371.6411054,1619870911.600042,0.5311254920187054,0.5291912414138257,0.0014168737551446976,0.0013854508378136298,0.43850616124658787,0.43795288477509464
IWM,2009,2009-03-05,2009-03-06,0.010850942318674894,0.010850942318674894,0.2757287666123034,1.0,0.03366445916114791,0.04881346578366441,0.0324843226614412,0.026672860442756637,0.03880411868939801,0.03935368243217141,1.2579454818800238,3128419478.35,21.863793754970136,-0.053257637199243035,-0.03366445916114791,-0.030461489102669125,0.04955665964357569,-0.005649717514124131,0.0,0.013559322033898313,0.03050847457627115,0.3076923076923081,0.04406779661016956,742,29868851.7312936,125165167.57962996,-95296315.84833635,155034019.31092355,0.5659859578759384,0.555099290800062,0.008150154068153866,0.007813742973131073,0.43486167399020775,0.4289380970652464
SPY,2009,2009-03-05,2009-03-06,0.008720915317401934,0.008720915317401934,0.22827512657513127,1.0,0.01854486500841268,0.0507846662135424,0.0279266664260364,0.0245798199821932,0.03493929197062537,0.03820352855891049,1.4535116011005251,31932045558.518353,24.186875905464458,-0.04084762132241915,-0.01854486500841268,-0.035191188675749656,0.049354164160879184,-0.00691648395053357,0.0,0.015129610514996727,0.0331412670564476,0.313431436845204,0.0482708775714444,1471,226126389.2176674,1349853029.2701204,-1123726640.052453,1575979418.4877877,0.5594851521807959,0.5582114945597062,0.005898391482313574,0.005876051348548947,0.4288065174589719,0.42841314903912314
IWM,2009,2009-03-06,2009-03-09,-0.013068181818181812,0.013068181818181812,0.33031953214019205,0.0,0.005649717514124131,0.04406779661016956,0.03435942229666181,0.026410769528027556,0.03880411868939801,0.03956224366603759,1.1356474028673065,3099836098.6,21.854615075620416,-0.0051399200456880845,0.005649717514124131,-0.020644604628070516,0.04016080583713479,0.010074841681059321,1.0,0.013816925734024266,0.025906735751295207,0.3478260869565243,0.03972366148531959,726,30248512.507699206,94243403.17511682,-63994890.667417616,124491915.68281603,0.45064130020072957,0.4392624283973933,-0.0005934296866178844,-0.000885270144655166,0.4563969504719438,0.45128001315399324
SPY,2009,2009-03-06,2009-03-09,-0.014074303948761191,0.014074303948761191,0.38984895854883633,0.0,0.00691648395053357,0.0482708775714444,0.02913000754902036,0.02407145898447141,0.03493929197062537,0.03610194061092536,1.3815642747433847,31856047786.57135,24.184493084347846,-0.0017441132960416272,0.00691648395053357,-0.04485240159038769,0.07258379719178568,-0.0023547315241234656,0.0,0.003237586603572651,0.03016928757185977,0.09691378446755691,0.033406874175432325,1471,441706331.73322445,1870526580.1391034,-1428820248.405879,2312232911.872328,0.5139268151896916,0.5204908061594236,0.001565752277881997,0.0018103894178542617,0.4649679625118894,0.4692572681115976
IWM,2009,2009-03-09,2009-03-10,0.024716487350974203,0.024716487350974203,0.6279355946007606,1.0,0.010074841681059321,0.03972366148531959,0.02835883707200074,0.023970417964141635,0.03880411868939801,0.03936150070723234,1.0236970411126183,3103799587.3,21.85589287123575,-0.02301136363636369,-0.010074841681059321,-0.020968340246771085,0.040124590845918275,0.03944381384790008,1.0,0.04455164585698079,0.0039727582292848895,0.9181286549707607,0.04852440408626563,754,29728581.35192422,94810107.15621829,-65081525.80429407,124538688.5081425,0.43483680200013347,0.41648719318868477,-0.0015720611778335257,-0.0021410987240885675,0.35597193431159047,0.3459817203416412
SPY,2009,2009-03-09,2009-03-10,0.02055499896410229,0.02055499896410229,0.569215827780013,1.0,0.0023547315241234656,0.033406874175432325,0.023381938546345852,0.022310247186742016,0.03493929197062537,0.03611108117683308,0.9561405595602396,31557638956.501366,24.17508151886137,-0.01175271363182584,0.0023547315241234656,-0.050714781391344804,0.08889398699612142,0.03826781647913058,1.0,0.041145172172488254,0.002014084246465764,0.9533336666666655,0.04315925641895392,1485,602422793.0607867,2202861553.96674,-1600438760.9059534,2805284347.027527,0.4745952758657677,0.4749284860402687,-0.0006256486119136863,-0.0006069284108178798,0.3739618641518918,0.3742905222795293
IWM,2009,2009-03-10,2009-03-11,0.01228501228501222,0.01228501228501222,0.29319552675714283,1.0,0.03944381384790008,0.04852440408626563,0.04477718425339727,0.02992141295074454,0.03916252013172762,0.04190040830734786,1.2390521325759485,3114144067.05,21.859220173594416,0.06513521372492015,0.03944381384790008,-0.023176605289547757,0.04971278002286524,-0.010787486515641764,0.0,0.01941747572815533,0.01941747572815533,0.5,0.03883495145631062,755,41318735.55398138,113494023.41078618,-72175287.8568048,154812758.96476758,0.36494249515222615,0.3485415081764265,-0.006055466593769434,-0.006524358008470316,0.35695184726841145,0.3486415752122049
SPY,2009,2009-03-10,2009-03-11,0.011500651558837394,0.011500651558837394,0.2993238808130576,1.0,0.03826781647913058,0.04315925641895392,0.037794523841484524,0.027363630961719256,0.03773866995704371,0.03842209825556857,1.1436348039843542,31977984821.036095,24.18831352864057,0.05960941037131984,0.03826781647913058,-0.004506888032224379,0.08457954990192215,-0.004931520547945212,0.0,0.010273972602739656,0.016027369863013785,0.39062540690146264,0.026301342465753517,1499,1280281182.9245756,1424402380.009156,-144121197.08458042,2704683562.9337316,0.4599423946513741,0.4435993357598484,-0.0011636222606460698,-0.0017563206609417324,0.3821228532872003,0.37161832110915316
IWM,2009,2009-03-11,2009-03-12,-0.004362050163576825,0.004362050163576825,0.10630905021369332,0.0,0.010787486515641764,0.03883495145631062,0.043682066030325796,0.02890774520632405,0.03885210470342032,0.04103178567401935,0.9995584988962467,3077949118.4,21.847529341492223,-0.0013650013650012838,0.010787486515641764,-0.026658126019016425,0.056142536937810315,-0.06681270536692208,0.0,0.01232201533406363,0.07311062431544335,0.14423076923077066,0.08543263964950704,769,45375758.29702249,127428113.7754502,-82052355.47842771,172803872.0724727,0.4479629216097348,0.4401873463424715,6.538055537165174e-05,-0.00013417474692534962,0.46673510493435205,0.46325533247865686
IWM,2009,2009-03-12,2009-03-13,0.008983572895277181,0.008983572895277181,0.20393423047507145,1.0,0.06681270536692208,0.08543263964950704,0.039399788500639216,0.03296260789915839,0.03916252013172762,0.044051324166372925,2.1814898367659836,3116372901.6,21.85993563096538,0.062159214830970644,0.06681270536692208,-0.10047112012901901,0.17418486536466055,0.001526329178326069,1.0,0.008903586873568958,0.013991350801322966,0.3888888888888835,0.022894937674891848,748,114859759.06389973,427965235.2273728,-313105476.1634731,542824994.2912725,0.37402759396690877,0.39020514649981,-0.004648108994675219,-0.0038237267316017093,0.39080181420712023,0.4049110591067008
SPY,2009,2009-03-12,2009-03-13,0.006754993377483531,0.006754993377483531,0.17458302743212134,1.0,0.03965845333275464,0.05205176044952799,0.029425927694640107,0.02796872645966681,0.03773866995704371,0.038692153967314506,1.3792685462623946,31235557186.537292,24.164822936264528,0.03937226100457414,0.03965845333275464,-0.002728976530779373,0.06224021372640231,0.001052414128340562,1.0,0.012761491573174855,0.016839875888965294,0.4311115555555558,0.02960136746214005,1499,929433326.3327327,1014674428.8206099,-85241102.48787725,1944107755.1533427,0.4897456430953464,0.4766956193942522,0.0018749756581613593,0.00139753318364506,0.42254374332934036,0.41437234869828965
IWM,2009,2009-03-13,2009-03-16,0.011176022352044734,0.011176022352044734,0.2583295521567544,1.0,0.001526329178326069,0.022894937674891848,0.038888702514546736,0.03301406971594491,0.03885210470342032,0.043262655235290784,0.5892843605169299,3080214745.95,21.848265154212417,0.010523613963038914,0.001526329178326069,-0.0449095292848791,0.10028554934826053,-0.028887214267772077,0.0,0.009796533534287777,0.031399145943230344,0.2378048780487788,0.041195679477518225,760,85285016.78562528,223616011.12258324,-138330994.33695796,308901027.9082085,0.3649818658276515,0.3598148296808759,-0.007085263099749326,-0.007122954263833932,0.37967069108442864,0.3790324476398305
SPY,2009,2009-03-13,2009-03-16,0.01143386838921634,0.01143386838921634,0.29678684117259185,1.0,0.001052414128340562,0.02960136746214005,0.028645861386810894,0.02808602582403384,0.03773866995704371,0.03852552338251125,0.7843776024919267,30556388418.73191,24.142839614245606,0.007814516556291284,0.001052414128340562,0.008945796931981699,0.12532845549151664,-0.014293113491334664,0.0,0.01312372678175322,0.01494284063075424,0.4675928690839772,0.028066567412507418,1500,2051468105.843635,1778116860.074902,273351245.768733,3829584965.918537,0.4799788227288808,0.4626697583865685,0.00032079491017427157,-0.0002739936118027037,0.41680596450698504,0.40673411121473946
SPY,2009,2009-03-16,2009-03-17,0.002768244097439476,0.002768244097439476,0.07089261743712344,1.0,0.014293113491334664,0.028066567412507418,0.026379320107867473,0.028046492840034895,0.03773866995704371,0.039048411492137475,0.7437084413535074,30707749133.86431,24.147780874472165,-0.003022670680650319,-0.014293113491334664,0.0006430827041819043,0.11966614022912574,0.027737610095964316,1.0,0.03010386486131189,0.008150427238070135,0.7869408426930007,0.03825429209938216,1495,1847212718.163083,1827465095.810738,19747622.35234499,3674677813.973821,0.5621380544904068,0.5499773875876678,0.0065776431628029415,0.006145569707635643,0.45528101331669496,0.4481100782309058
IWM,2009,2009-03-17,2009-03-18,-0.004944375772558796,0.004944375772558796,0.1107168436871456,0.0,0.044410018073844704,0.05215595145881754,0.03298381334997005,0.03416635536492604,0.04045967048141891,0.04465784615871275,1.2890849292203244,3055515050.85,21.8402140081094,-0.04630108639420616,-0.044410018073844704,-0.028190460673068036,0.09919101370738405,-0.039751552795031175,0.0,0.008447204968944133,0.047950310559006226,0.14977973568281985,0.05639751552795039,754,108471629.20751312,194608006.08446753,-86136376.8769544,303079635.2919806,0.6686062128499686,0.6706386076820788,0.013076788244891197,0.013233952045975508,0.529630966564134,0.5322417753818844
SPY,2009,2009-03-17,2009-03-18,-0.004732693783576547,0.004732693783576547,0.12236560599159292,0.0,0.027737610095964316,0.03825429209938216,0.017870906804439333,0.02749619973112546,0.037211155877070023,0.03867666690509182,1.0280328895387774,30205573302.51881,24.131292290741655,-0.030582638668829043,-0.027737610095964316,0.013000024519692427,0.08452691343366826,-0.02724588169247877,0.0,0.009510320254731308,0.039712171692897424,0.19321086516403935,0.04922249194762873,1499,1472928536.66022,1080255343.0961084,392673193.5641115,2553183879.7563286,0.7149692361946935,0.7090561255688421,0.015436116672000368,0.015116210784655687,0.5491469837987094,0.5438326995566163
IWM,2009,2009-03-18,2009-03-19,0.014575866188769382,0.014575866188769382,0.31649839663655116,1.0,0.039751552795031175,0.05639751552795039,0.031488477598821556,0.03501051348049247,0.041501942168861036,0.04605352299938341,1.3589126816880759,3123294943.45,21.862154353135058,0.034610630407911014,0.039751552795031175,-0.0011951017294926066,0.0721725901402431,-0.024729156853509293,0.0,0.0009420631182288641,0.030852567121997243,0.02962962962962782,0.03179463024022613,759,110841815.32603899,114574470.5146716,-3732655.1886326075,225416285.84071058,0.43637971289406846,0.416518829745038,-0.004237124250038962,-0.004774651104754606,0.3922071453247298,0.3833118370898683
SPY,2009,2009-03-18,2009-03-19,0.012510947078693935,0.012510947078693935,0.31216163219269877,1.0,0.02724588169247877,0.04922249194762873,0.017101494599033654,0.02795148299405413,0.03878180617935585,0.040078426649726356,1.2692160782813313,30662754257.26705,24.146314538621127,0.02238424149398832,0.02724588169247877,0.040435824172071255,0.2829352114932695,-0.024589126405535677,0.0,0.0008649450142097503,0.027678215741999246,0.030303056539440845,0.028543160756208982,1501,4957723300.262141,3717849560.4838614,1239873739.7782798,8675572860.746002,0.5591377031018356,0.5319238256033683,0.0041547050229865864,0.0032001782462901273,0.4383527610308718,0.4225566946154821
IWM,2009,2009-03-19,2009-03-20,0.009418014972228939,0.009418014972228939,0.20453199840746678,1.0,0.024729156853509293,0.03179463024022613,0.027826377086000786,0.03494651114746082,0.041501942168861036,0.04604665795846015,0.766099815542649,3122293209.2,21.861833571734138,-0.010513739545997769,-0.024729156853509293,-0.0004893377647065309,0.07519814500801592,-0.043540669856459324,0.0,0.002870813397129357,0.04425837320574144,0.06091370558375998,0.04712918660287079,771,116631400.76160832,118159256.74135663,-1527855.9797483087,234790657.50296494,0.5114150351768261,0.49239619610829005,0.0023873763295997885,0.0018991894982105777,0.4210794599026474,0.41304369733636787
IWM,2009,2009-03-20,2009-03-23,0.03401700850425238,0.03401700850425238,0.7297476015671649,1.0,0.043540669856459324,0.04712918660287079,0.03502274223517793,0.035691219047319096,0.04249606912126036,0.04661475889910342,1.1090246128033647,3087568245.3,21.850649642397112,-0.03453272156483944,-0.043540669856459324,-0.15477420818504006,0.3056822244049929,0.04934687953555872,1.0,0.05273343009192066,0.009917755200774203,0.8416988416988399,0.0626511852926948,754,232969399.42097187,710845329.8045529,-477875930.38358104,943814729.2255248,0.49491035227217195,0.5404248678798057,0.00041930358684458377,0.0022573064113993128,0.35997852783982076,0.38969040338401817
SPY,2009,2009-03-20,2009-03-23,0.026463290659148653,0.026463290659148653,0.6606131055516223,1.0,0.02602847826235455,0.030218447683635116,0.024390523172622892,0.028656838707039865,0.03878180617935585,0.040058682512892914,0.7791913441030206,30691609108.082844,24.147255135226175,-0.02824934055613537,-0.02602847826235455,-0.010057508997582718,0.0657188288069284,0.04419612761483682,1.0,0.04508512941542109,0.005461011060731935,0.8919598804322485,0.05054614047615306,1464,854167735.0142131,1162848869.769048,-308681134.7548349,2017016604.783261,0.5785548901118932,0.5681621921114399,0.005868790366614296,0.005478114724075851,0.4045813944743579,0.3982660037066297
IWM,2009,2009-03-23,2009-03-24,-0.01567542646380815,0.01567542646380815,0.32230384411048635,0.0,0.04934687953555872,0.0626511852926948,0.047310744639317275,0.03933868294033943,0.04249606912126036,0.04863555539360736,1.4742818944952967,3137253138.1,21.866613457225128,-0.0850425212606305,-0.04934687953555872,0.0055123183452551105,0.05421379013711243,0.023185011709601966,1.0,0.02786885245901649,0.00960187353629971,0.7437500000000018,0.03747072599531619,760,93687960.6314043,76394422.6045465,17293538.026857793,170082383.2359508,0.6187506405715332,0.6065473162948306,0.008950396917759859,0.008508020618019443,0.48717819711035026,0.48032257326747857
SPY,2009,2009-03-23,2009-03-24,-0.011919277403073747,0.011919277403073747,0.28846887352651573,0.0,0.04419612761483682,0.05054614047615306,0.0391490247450429,0.03155527699947993,0.03878180617935585,0.04131911099232736,1.30334673538386,31000943361.915363,24.15728347199807,-0.07182899324506575,-0.04419612761483682,0.00592721156698841,0.09629755528807256,0.007877892857653723,1.0,0.00898567230393088,0.013786349428516642,0.394592645725756,0.022772021732447568,1454,1584532103.729374,1400782953.6470766,183749150.08229733,2985315057.3764505,0.691717617748988,0.6855086629750997,0.014527125591662785,0.014125581042250555,0.5153189266813526,0.5090960833948993
IWM,2009,2009-03-24,2009-03-25,0.005754015823543623,0.005754015823543623,0.11863152207889757,1.0,0.023185011709601966,0.03747072599531619,0.05233166128448404,0.039765606262673635,0.041501942168861036,0.04850326222499981,0.9028668066390041,3117329190.05,21.860242443335764,-0.03849700322729377,-0.023185011709601966,-0.0021965468095933834,0.053173927159506876,0.01859356376638832,1.0,0.031704410011918815,0.027175208581644794,0.5384615384615375,0.058879618593563735,766,79456637.89853331,86303997.38538997,-6847359.486856654,165760635.28392327,0.4365418164726787,0.4161619535600266,-0.0022299064798335126,-0.0028631082259597557,0.4013309197290287,0.391524358157612
SPY,2009,2009-03-24,2009-03-25,0.007816439399911612,0.007816439399911612,0.19427530314348945,1.0,0.007877892857653723,0.022772021732447568,0.04114185972810545,0.031048059584883013,0.037211155877070023,0.0402338293825154,0.6119675993854298,30680600668.34913,24.146896391752804,-0.019703271470405292,-0.007877892857653723,0.007106968570499866,0.06162348643914456,0.002708285016313594,1.0,0.018096687747260143,0.026714328694534273,0.4038446164408289,0.04481101644179434,1439,1054345821.9524182,836299757.2784038,218046064.67401445,1890645579.230822,0.47747869123725684,0.4591399812731186,0.0004629524231755666,-0.00030178726387653995,0.4164808102847351,0.4046370861114173
IWM,2009,2009-03-25,2009-03-26,0.013807629300257585,0.013807629300257585,0.2799884992645361,1.0,0.01859356376638832,0.058879618593563735,0.051187412992874666,0.03971551715622903,0.041501942168861036,0.04931498735314835,1.418719595193817,3110455478.45,21.858035008507155,0.02445456725005979,0.01859356376638832,0.002602714505260482,0.05818401277701629,0.024469067405355593,1.0,0.026546629732225213,0.010387811634349098,0.718749999999998,0.036934441366574366,772,94537204.44610193,86441576.85437319,8095627.591728747,180978781.30047512,0.32524280706673486,0.3073889263703793,-0.010778470849855792,-0.011307713076875003,0.35696149777224534,0.3486658486420263
SPY,2009,2009-03-25,2009-03-26,0.009822013866986445,0.009822013866986445,0.24137795894935085,1.0,0.002708285016313594,0.04481101644179434,0.040352049236435,0.030999585774244647,0.03878180617935585,0.04069142812267889,1.1554649165785353,30704087205.234993,24.147661616399066,0.010545893561932695,0.002708285016313594,0.0004583156227826198,0.0544857029005751,0.010455939209726317,1.0,0.012765993920972774,0.011306990881459034,0.5303037419640284,0.02407298480243174,1453,843502968.073611,829430805.2241719,14072162.849439144,1672933773.297783,0.4255006974107349,0.41249408122712367,-0.002531248004757905,-0.002961824212821165,0.4036549299935104,0.39690582917812267
IWM,2009,2009-03-26,2009-03-27,-0.01712483100495732,0.01712483100495732,0.3464168517174839,0.0,0.024469067405355593,0.036934441366574366,0.05212583194466523,0.04007123790409082,0.041501942168861036,0.04943417423273413,0.8899448902004959,3222176463.15,21.89332288840445,-0.03861455651766921,-0.024469067405355593,-0.017191611392875523,0.10925184370141987,0.01673544245758818,1.0,0.01811095827602016,0.008711600183402224,0.6752136752136721,0.026822558459422323,773,148317156.86835638,203711562.46210128,-55394405.593744904,352028719.3304577,0.5105667984241606,0.50411657971357,-0.0006167695394720812,-0.0007683797347221386,0.4474130512722984,0.44501059333825355
SPY,2009,2009-03-26,2009-03-27,-0.012754156987677012,0.012754156987677012,0.32524463783195023,0.0,0.010455939209726317,0.02407298480243174,0.03959660054562536,0.03086213417675915,0.03583058313740724,0.03921404230580097,0.671855791743994,31083971794.533173,24.159958146897974,-0.020380651456623156,-0.010455939209726317,0.019096452737666213,0.0788832089394912,0.005362607969679245,1.0,0.00901895152886234,0.0058500424430210085,0.6065609782287089,0.014868993971883347,1433,1522798520.005332,929204921.7320796,593593598.2732524,2452003441.7374115,0.5526501816247562,0.5366514244353969,0.002487912054166637,0.0017952614921651045,0.4723817048221212,0.4614057685702311
IWM,2009,2009-03-27,2009-03-30,-0.028911168104453266,0.028911168104453266,0.582796559001659,0.0,0.01673544245758818,0.026822558459422323,0.05189919582251334,0.04098196743571393,0.041501942168861036,0.04960765065939753,0.6462964636760379,3218547330.45,21.892195955096835,0.03357368183866616,0.01673544245758818,-0.00885296089527084,0.0878976983772883,-0.0002400960384152384,0.0,0.02088595438175278,0.003841536614646035,0.8446451111758367,0.02472749099639868,762,127204614.40443417,155698288.06048638,-28493673.656052202,282902902.4649205,0.3799643235487108,0.36810106994379144,-0.01122588559346025,-0.01157647814161105,0.3917258653552352,0.3861965529061067
SPY,2009,2009-03-27,2009-03-30,-0.022178629798080718,0.022178629798080718,0.5678981506393014,0.0,0.005362607969679245,0.014868993971883347,0.03726544077836902,0.03067465952880936,0.03583058313740724,0.03905388628773225,0.4149805185939068,30660005218.949787,24.146224880610216,0.018048369413447563,0.005362607969679245,-0.0030030801911625116,0.06613495979709726,0.01265666619085215,1.0,0.023057693368758514,0.0008771929494788555,0.9633508620924399,0.023934886318237363,1430,967811879.1000345,1059886333.4340018,-92074454.33396733,2027698212.5340362,0.5007004005568592,0.49138250089533025,-0.0019369466391794621,-0.0023228023479221387,0.44404419882223256,0.4379587392619212
IWM,2009,2009-03-30,2009-03-31,0.012241958713394174,0.012241958713394174,0.24936982214280543,1.0,0.0002400960384152384,0.02472749099639868,0.03618286746518434,0.03920959341425347,0.04045967048141891,0.049091580561755506,0.611163924524664,3187189237.45,21.88240524854476,-0.02867801352296584,0.0002400960384152384,-0.007935784222633852,0.06079861845323591,-0.002845624851790518,0.0,0.02703343609200859,0.013279582641688492,0.6705882352941166,0.040313018733697005,770,84241928.16043916,109534774.22554329,-25292846.065104127,193776702.38598245,0.4353721390465369,0.42252852881819125,-0.005093714379148923,-0.005513220802883938,0.41777856655027246,0.4112801116955375
SPY,2009,2009-03-30,2009-03-31,0.0097727756089252,0.0097727756089252,0.2513415454455628,1.0,0.01265666619085215,0.023934886318237363,0.02286981252324347,0.029845451088253924,0.03181266092953372,0.03888245212943457,0.7523698307178411,30431453035.55047,24.138742549815536,-0.03455458847500803,-0.01265666619085215,-0.009973694996058888,0.07273841081459606,-0.0005027777904166308,0.0,0.01910512868539782,0.00641019372574636,0.7487708122023723,0.025515322411144223,1422,955010750.8607426,1258524781.7242134,-303514030.8634708,2213535532.584956,0.5636501846844868,0.5568104046573966,0.0035630280345246,0.003283470567846206,0.4475321601428578,0.4432016148312057
IWM,2009,2009-03-31,2009-04-01,-0.016884661117716804,0.016884661117716804,0.3433986893017793,0.0,0.002845624851790518,0.040313018733697005,0.03203765729641414,0.03874120714066324,0.040754349105607615,0.04916926489162728,0.9891709625697375,3203305999.05,21.887449238149173,-0.009361497839654342,0.002845624851790518,-0.007520099195391274,0.05803311243057762,-0.03483309143686486,0.0,0.005563618771166068,0.04015481373971941,0.12169312169312411,0.04571843251088535,704,80904319.16318224,104993498.02923019,-24089178.86604795,185897817.19241244,0.45490813145518016,0.4488626373397967,-0.0037602158438017246,-0.0038160564895190867,0.4814171753133118,0.48056692604407025
SPY,2009,2009-03-31,2009-04-01,-0.012449673507910264,0.012449673507910264,0.3202343322718205,0.0,0.0005027777904166308,0.025515322411144223,0.02292042549404975,0.02968352028058509,0.03181266092953372,0.0388767607132853,0.8020492994176643,30324947798.21472,24.135236570364153,-0.00926508428398165,0.0005027777904166308,-0.010609972465120956,0.07333947479807915,-0.03221697481493657,0.0,0.0025467592327361732,0.03680121019739224,0.06472403200522314,0.039347969430128395,1398,951134441.8274728,1272881302.9727614,-321746861.1452886,2224015744.8002343,0.5322279894241722,0.5308481826794155,0.0006226793694002245,0.0006207242903310279,0.49270844573891054,0.49267867701885826
IWM,2009,2009-04-01,2009-04-02,0.031323048153342636,0.031323048153342636,0.6335102668666203,1.0,0.03483309143686486,0.04571843251088535,0.03093468397605384,0.03869158092554145,0.04263173804384389,0.049443631447787434,1.0724036740858889,3197290214.1,21.88556947991383,0.017360285374554252,0.03483309143686486,-0.002216539838682865,0.06331838424051485,0.018132366273798883,1.0,0.032864913871260226,0.006799637352674415,0.828571428571431,0.039664551223934724,713,97680164.58471914,104767085.72010265,-7086921.135383517,202447250.3048218,0.39680520623198035,0.38072684824776726,-0.007268681722168982,-0.007830171138160645,0.3819579374657168,0.37341340964146974
SPY,2009,2009-04-01,2009-04-02,0.02491986244559241,0.02491986244559241,0.6419061274819786,1.0,0.03221697481493657,0.039347969430128395,0.024461433929306206,0.029569220000142043,0.03181266092953372,0.03882166157744309,1.2368650807703787,30193338867.849926,24.130887169708956,0.019366210489167868,0.03221697481493657,0.003281630712410387,0.08736748298977659,0.00421278275847925,1.0,0.018415972113240864,0.023471412530779556,0.43965437970760995,0.041887384644020524,1376,1368499704.0401947,1269416315.9012442,99083388.13895059,2637916019.9414387,0.43843050364149155,0.42152231709977617,-0.00487660242302761,-0.005505790246186748,0.3773147736433839,0.36774003775603736
IWM,2009,2009-04-03,2009-04-06,-0.014025860179706306,0.014025860179706306,0.2856363559791021,0.0,0.017164511814534267,0.02853321444493984,0.028051991261843056,0.036893227966549466,0.0400183401095083,0.049103903918773124,0.7130034470910099,3216364145.4,21.891517411144225,-0.015805877114870803,-0.017164511814534267,0.0003896195869028341,0.11301271750400992,0.003111802622805082,1.0,0.021338075127806166,0.0026672593909757847,0.8888888888888884,0.024005334518781913,734,182371605.51188815,181118447.0422283,1253158.469659835,363490052.5541165,0.5373015855909289,0.5274415806696959,0.0016818198914465088,0.0014394858448561277,0.49507356609679865,0.4913807423053116
SPY,2009,2009-04-03,2009-04-06,-0.010918656280117345,0.010918656280117345,0.2946198040547919,0.0,0.009222709527433537,0.01928375899589789,0.024430716577066067,0.027686075875071648,0.029909907572887584,0.03706015729372608,0.6447281372871251,30018700543.479145,24.12508637585506,-0.009948483758839721,-0.009222709527433537,0.024056453985469406,0.087834257450692,-0.003119774567783784,0.0,0.012598932690133458,0.011279134210661734,0.5276362086796015,0.023878066900795147,1377,1679406880.0994833,957263391.7716918,722143488.3277915,2636670271.871175,0.5639010751559504,0.5478792160006822,0.0030001117362048954,0.0023861296413516184,0.4993972019033351,0.4900409941425092
IWM,2009,2009-04-06,2009-04-07,-0.017168338907469383,0.017168338907469383,0.3511129680672379,0.0,0.003111802622805082,0.024005334518781913,0.023951169473813268,0.03660596789786902,0.03998878497881586,0.04889690916850914,0.6003016728690003,3228370094.15,21.895243232005832,0.017094017094017144,0.003111802622805082,-0.017188576923049856,0.17300693419971172,0.018602540834845693,1.0,0.02177858439201452,0.008620689655172376,0.7164179104477622,0.03039927404718701,736,251519662.3757776,307010750.0751486,-55491087.69937098,558530412.4509262,0.4609319914446874,0.4573327073027278,-0.004015693322491328,-0.00395536601486321,0.4843850312319539,0.48529003637156276
SPY,2009,2009-04-06,2009-04-07,-0.01614830182172966,0.01614830182172966,0.4412804821305146,0.0,0.003119774567783784,0.023878066900795147,0.01375164542499813,0.027534039139000845,0.029072264109174517,0.03659419003479421,0.8213349607421803,29832075386.84722,24.118850006866104,0.007832945458510654,-0.003119774567783784,0.005841091790292836,0.06582645368649018,0.00729480851063824,1.0,0.0089969361702128,0.004863246200607962,0.649121052631577,0.013860182370820675,1396,1068995809.7268461,894743919.0973358,174251890.62951028,1963739728.824182,0.5277575830480853,0.5196631007999949,0.00021094395945204375,4.3164183868588807e-07,0.4906577698658265,0.48749975176620436
IWM,2009,2009-04-07,2009-04-08,0.005779010633379489,0.005779010633379489,0.12215948929561947,1.0,0.018602540834845693,0.03039927404718701,0.03322178063640735,0.03611606309430856,0.03924975134012267,0.04730709555763278,0.7745087041127736,3193555372.1,21.884400669816696,-0.03545150501672245,-0.018602540834845693,0.0005956887395750821,0.0716531099112545,0.012640772236267583,1.0,0.016547920018386453,0.007354631119282917,0.6923076923076908,0.02390255113766948,729,115365269.52956401,113462904.55519453,1902364.9743694812,228828174.08475852,0.5191703128565636,0.5042521870777255,0.002166222752083063,0.0016528371989528753,0.4687484031809923,0.4610601357959517
SPY,2009,2009-04-07,2009-04-08,0.005021383832911619,0.005021383832911619,0.1446380571383963,1.0,0.00729480851063824,0.013860182370820675,0.021119893001685392,0.025973831937047515,0.0283048640843582,0.03471689216695527,0.48967493111829047,29423356469.714794,24.105054633637813,-0.023325311562806483,-0.00729480851063824,-0.01060355339306441,0.0704776688907281,0.005727528777176083,1.0,0.01072390959600078,0.006336790307988949,0.6285738367329784,0.017060699903989802,1373,880848721.7983167,1192840853.1281047,-311992131.32978797,2073689574.9264214,0.547711681867249,0.5406473235710464,0.0036047321054968003,0.003289826668798023,0.4777573448695455,0.4730414404511576
IWM,2009,2009-04-08,2009-04-09,0.027689514298683493,0.027689514298683493,0.5949165352360423,1.0,0.012640772236267583,0.02390255113766948,0.033321214593219656,0.03612949783972823,0.038567638609625456,0.04654352780377377,0.6197566664531036,3175427404.2,21.878708075727275,0.018492834026814675,0.012640772236267583,0.00048564007067359265,0.10125685171700495,0.030035335689045928,1.0,0.031581272084805656,0.003975265017667873,0.8881987577639745,0.03555653710247349,734,161537948.29709393,159995833.50809938,1542114.7889945507,321533781.8051933,0.4108169396445451,0.3933156123751717,-0.007380300651590238,-0.007978511485710747,0.42480156315224116,0.41590541243021134
SPY,2009,2009-04-08,2009-04-09,0.02592995305864476,0.02592995305864476,0.7572111442763944,1.0,0.005727528777176083,0.017060699903989802,0.020029135208465453,0.025991393205746317,0.0283048640843582,0.03424401932623948,0.6027479889372748,29078767004.627068,24.093274088596832,0.010777672730491794,0.005727528777176083,-0.003184921731059983,0.06787397857865565,0.013464037166978304,1.0,0.013582166377280158,0.004015542790021254,0.7718144588113436,0.017597709167301502,1375,940539005.9101548,1033152602.8556216,-92613596.94546676,1973691608.7657764,0.4891592622482631,0.47565430501636935,-0.0019240353099216675,-0.0024256557622814425,0.4304976506047415,0.42303792086580067
IWM,2009,2009-04-09,2009-04-13,-0.008147512864494,0.008147512864494,0.17986556420384564,0.0,0.030035335689045928,0.03555653710247349,0.03621020634621086,0.03586280009719019,0.03720258368094528,0.04529779171770891,0.9557545090795703,3161808033.0,21.874409863264543,-0.05855651384475702,-0.030035335689045928,0.009337645864906262,0.08569413407806382,-0.008646779074794608,0.0,0.012753999135322047,0.015996541288370025,0.44360902255639095,0.02875054042369214,735,150236122.60698554,120712278.90201569,29523843.704969853,270948401.50900126,0.6207921478388749,0.6099371865906204,0.0066038977222995345,0.006172511433415118,0.5456525322642058,0.5392379963926311
SPY,2009,2009-04-09,2009-04-13,-0.010371751785846484,0.010371751785846484,0.30835855111941857,0.0,0.013464037166978304,0.017597709167301502,0.02360213777750486,0.026016035004380142,0.02679094491182582,0.033635362950676845,0.656852874178905,28689087626.91172,24.079782665350425,-0.039743112077342824,-0.013464037166978304,0.03571508458736022,0.0961666486810269,-0.010716015325388906,0.0,0.004003721243611147,0.019076813920791524,0.17346743544257692,0.02308053516440274,1402,1891783301.0628781,867150109.7335367,1024633191.3293414,2758933410.796415,0.6161777124974692,0.5985077279435024,0.005518981047965646,0.0047175108788468,0.533052632563178,0.5211351023071634
IWM,2009,2009-04-13,2009-04-14,-0.015002143163308945,0.015002143163308945,0.32922124387984186,0.0,0.008646779074794608,0.02875054042369214,0.0360406763471151,0.0359206804891065,0.03720258368094528,0.045568575668174016,0.7728103152797375,3155804979.45,21.872509444437085,-0.0004288164665522398,-0.008646779074794608,0.012019404273182176,0.08936438304284111,0.01414273281114009,1.0,0.015883376849434416,0.012293298520452467,0.5637065637065677,0.028176675369886894,731,159973730.42370299,122042834.56837207,37930895.855330914,282016564.9920751,0.4810537872049746,0.4661747922726364,-0.0022753931669444822,-0.002695570214130875,0.5099462029722004,0.5036698288859021
SPY,2009,2009-04-13,2009-04-14,-0.009320785056022629,0.009320785056022629,0.28000978986557973,0.0,0.010716015325388906,0.02308053516440274,0.023581533272522152,0.026054722497151933,0.02479415360678798,0.033287354204640934,0.9308861891572658,28370098266.991413,24.06860154952541,-0.00023311968845396436,-0.010716015325388906,0.03533925683722628,0.10655000455607098,0.007997189321382936,1.0,0.01117249219302019,0.008585240604318978,0.5654744047619078,0.019757732797339052,1377,2012706144.379337,1010127955.2247792,1002578189.1545578,3022834099.6041164,0.5260300875397366,0.5057908613846801,0.0006332807192497001,-5.370079666801048e-05,0.5086379327603927,0.49837617997512185
IWM,2009,2009-04-14,2009-04-15,-0.006621054954756178,0.006621054954756178,0.14707528886774845,0.0,0.01414273281114009,0.028176675369886894,0.03817936086905565,0.036433530588280534,0.03624548923452393,0.045018133268532254,0.7773843301595867,3133129391.15,21.865298147505097,0.028932704672095855,0.01414273281114009,-0.003839710585343458,0.17364474962900814,-0.021995112197289446,0.0,0.0026660742057319498,0.025325483225949963,0.09524565441701309,0.02799155743168189,726,266010579.29653955,278040889.3849889,-12030310.088449359,544051468.6815284,0.46814255566152696,0.46022043561700554,-0.0038290578207796524,-0.003994840874313541,0.5126388725959038,0.510132731081955
SPY,2009,2009-04-14,2009-04-15,-0.006046259775844942,0.006046259775844942,0.18384709338857347,0.0,0.007997189321382936,0.019757732797339052,0.02508179731570643,0.026514204905848052,0.024003935560334554,0.032887437404657556,0.8231038925961722,28168727554.599285,24.061478247583718,0.017243434294688664,0.007997189321382936,0.011427372439995385,0.10320703412806678,-0.01681779660390248,0.0,0.0027432611041632304,0.018845444601404804,0.12706927138553306,0.02158870570556814,1376,1614552683.499455,1292658142.5722885,321894540.92716646,2907210826.0717435,0.5048344724428074,0.4948570817190615,-0.0016600463108136817,-0.001961891586297236,0.5123963241095472,0.5078333307302265
IWM,2009,2009-04-15,2009-04-16,0.01152173913043475,0.01152173913043475,0.263077880307785,1.0,0.021995112197289446,0.02799155743168189,0.031727822053391905,0.035388255055756636,0.033675583671349804,0.04379592505821858,0.8312122428184157,3113621861.4,21.85905247119287,0.015228426395939021,0.021995112197289446,0.013204349434068377,0.12986198816206707,0.01719320868257035,1.0,0.024930152589726973,0.01654846335697402,0.6010362694300506,0.04147861594670105,733,222727238.18488002,181613887.1214,41113351.06348002,404341125.30628,0.4322324517863368,0.41309089596323617,-0.005538985757866663,-0.006193219813271536,0.4511218689465626,0.44116007205903696
SPY,2009,2009-04-15,2009-04-16,0.007976539589442888,0.007976539589442888,0.24893751256733485,1.0,0.01681779660390248,0.02158870570556814,0.02071550823718876,0.02589523061570334,0.023906476609516253,0.032042336677905556,0.9030484106124823,27842660457.149284,24.04983523024444,0.010669852060933183,0.01681779660390248,0.021100225140175347,0.12841172840131215,0.0066333061794483505,1.0,0.014197625974630368,0.01349939485627838,0.5126048054520865,0.02769702083090884,1375,2081405278.3703575,1493918874.22305,587486404.1473074,3575324152.5934076,0.4731646243651449,0.45395561499451687,-0.0026381418666148434,-0.003350069654467322,0.4485166763883037,0.4376763968849953
SPY,2009,2009-04-16,2009-04-17,0.003815052023121268,0.003815052023121268,0.12311084306130686,1.0,0.0066333061794483505,0.02769702083090884,0.020878762232375444,0.025673554436753006,0.023906476609516253,0.03098875719031056,1.158557209550642,27400976655.849285,24.03384449407925,0.014662756598240456,0.0066333061794483505,0.02159778628458854,0.08084509180828656,0.002879189153997652,1.0,0.009443740425112646,0.007946596615303392,0.5430452787179977,0.017390337040416027,1375,1403517455.5904424,811717017.78841,591800437.8020325,2215234473.3788524,0.43735880936066074,0.41997238710377005,-0.004473503550021133,-0.005062159004905737,0.4377863254854162,0.428654504319232
IWM,2009,2009-04-17,2009-04-20,-0.02052356020942403,0.02052356020942403,0.47839271888829077,0.0,0.006746784735399469,0.028462998102466823,0.021585513708543648,0.03494244902285464,0.03297790557483025,0.042901071440045215,0.8630929589473584,3027774920.65,21.831093837080466,-0.008873864356644834,-0.006746784735399469,0.012177846139990864,0.09072066729008182,0.03143040410519571,1.0,0.03356852683344025,0.004917682274962587,0.8722222222222221,0.03848620910840276,726,155776769.16787064,118904992.0376719,36871777.13019875,274681761.20554256,0.5189211825966724,0.5086669947254582,-0.0021659368158813896,-0.002399628131205929,0.5149061746388487,0.5112788446703591
SPY,2009,2009-04-17,2009-04-20,-0.017684898537324245,0.017684898537324245,0.5814230136453689,0.0,0.002879189153997652,0.017390337040416027,0.012510269030450634,0.0253750260847679,0.023479301032598945,0.03041657815786238,0.7406667266743193,26853180366.462147,24.013650100289397,-0.00670522543352603,-0.002879189153997652,0.10157409483547705,0.19938739615429263,0.024666833941234034,1.0,0.025719020040694263,0.017652583380259657,0.592992142602428,0.04337160342095395,1431,4040886600.453829,1313299111.2766323,2727587489.1771965,5354185711.730461,0.5660306357573662,0.5278773424199223,0.0010362858038816965,-0.0005215395574922959,0.5125138308010184,0.4883334430483222
IWM,2009,2009-04-20,2009-04-21,-0.005298013245032984,0.005298013245032984,0.12266027485752176,0.0,0.03143040410519571,0.03848620910840276,0.03342179389538323,0.03618924012933387,0.03297790557483025,0.04319257600871176,1.1670301202444044,3011853633.65,21.8258215512976,0.0513089005235603,0.03143040410519571,-0.011952055983153444,0.1714384186661498,-0.04016866400355079,0.0,0.0024411895250776583,0.0443408788282289,0.0521821631878556,0.04678206835330663,742,240174790.48220217,276172633.7246511,-35997843.242448926,516347424.2068533,0.48072265624307015,0.4783736794041939,-0.0038692965846000094,-0.003777178534117475,0.5059151599190854,0.5074254433599084
SPY,2009,2009-04-20,2009-04-21,-0.007311518638379644,0.007311518638379644,0.23557006195603394,0.0,0.024666833941234034,0.04337160342095395,0.02387957663525827,0.02648353785059554,0.023479301032598945,0.031037554507856956,1.8472271964457667,26655038201.066055,24.006244020387097,0.041915502023070594,0.024666833941234034,-0.0049595055068728236,0.06317092193375444,-0.02704658295097806,0.0,0.0008452064718665886,0.027891777348466595,0.02941180177957831,0.02873698382033329,1445,775813764.2983466,908009573.0424392,-132195808.74409258,1683823337.340786,0.4083206333866722,0.40353744248389106,-0.008434946533052223,-0.008460094781890823,0.4282870260074502,0.42787471828287627
IWM,2009,2009-04-21,2009-04-22,-0.014508214209515646,0.014508214209515646,0.3530660069718378,0.0,0.04016866400355079,0.04678206835330663,0.03433624689911298,0.03196952589118986,0.03297790557483025,0.04109207321868539,1.4185882195324175,2947860415.6,21.804345461305832,-0.034657836644591544,-0.04016866400355079,0.004261203139344473,0.09707964002894638,-0.014505304178393574,0.0,0.0034639532366311787,0.042649924226022984,0.07511737089201619,0.046113877462654156,747,149369330.02966616,136807897.97236213,12561432.057304025,286177228.0020283,0.5835334006748248,0.5747156019325675,0.005425813181264795,0.005190130106962015,0.5061827222217078,0.5023113793715284
SPY,2009,2009-04-21,2009-04-22,-0.009052398519924565,0.009052398519924565,0.31402693256003744,0.0,0.02704658295097806,0.02873698382033329,0.024968762347940255,0.021626324585781218,0.023479301032598945,0.028826822101298194,1.2239284202044394,25413920970.0603,23.958562930522977,-0.01953731271724779,-0.02704658295097806,0.0130517285714388,0.16716381549432582,-0.0029659508486659103,0.0,0.002610048610629523,0.02432073764004339,0.09691691086680793,0.02693078625067291,1447,2289991797.2318807,1958296198.794657,331695598.4372237,4248287996.026538,0.565113100019257,0.5536952269080265,0.0043119135239239785,0.0039037019315113527,0.48418581802680793,0.4774805124620276
IWM,2009,2009-04-22,2009-04-23,0.00512163892445594,0.00512163892445594,0.12428464238796448,1.0,0.014505304178393574,0.046113877462654156,0.0341356627544727,0.030374621984727037,0.03297790557483025,0.041208944452431485,1.3983264448986017,2971235051.05,21.81224354542703,-0.00021335609131634126,0.014505304178393574,0.004634348733957392,0.10082312914051059,-0.007430997876857748,0.0,0.0023354564755837526,0.024840764331210186,0.08593749999999627,0.027176220806794077,745,156669477.32797456,142899737.93085116,13769739.397123396,299569215.2588257,0.39785328365876915,0.38157869460936356,-0.006082871587517922,-0.006559568671909656,0.412753239311232,0.4047979235218431
IWM,2009,2009-04-23,2009-04-24,0.007914438502673704,0.007914438502673704,0.1997899636869581,1.0,0.007430997876857748,0.027176220806794077,0.031211758740704386,0.030120564253442,0.029574907235439575,0.03961379418975461,0.9188945409177428,2931928959.55,21.798926391328713,-0.0023474178403756207,-0.007430997876857748,0.003047819709815605,0.10439359761114923,0.010611205432937254,1.0,0.02461799660441444,0.009550084889643373,0.7204968944099412,0.034168081494057714,746,157505301.4492169,148569310.57852125,8935990.87069565,306074612.02773815,0.4268338832960001,0.4130407731598524,-0.003992051339164099,-0.004372224423332638,0.4384163079261683,0.4319652052060238
SPY,2009,2009-04-23,2009-04-24,0.0077310059365935935,0.0077310059365935935,0.2777266071501967,1.0,0.007791335235407093,0.021130929301510247,0.023920128685679713,0.021104830200710144,0.023479301032598945,0.02783674929788994,0.8999811907591205,25109501864.20898,23.946512171775318,0.009817861251267157,0.007791335235407093,0.010220229969253007,0.14096123847224773,0.007323085055481515,1.0,0.014878519294182269,0.003952074903546099,0.7901247904315808,0.01883059419772847,1458,1898045681.832857,1641420798.367254,256624883.46560287,3539466480.200111,0.4618649241659684,0.4461928538516825,-0.002044374417547507,-0.0026149634004629402,0.43262045417215567,0.42293821128581177
SPY,2009,2009-04-24,2009-04-27,-0.011308607832512863,0.011308607832512863,0.4074072106821368,0.0,0.007323085055481515,0.01883059419772847,0.024990864556756958,0.02090262895976048,0.02233462043498544,0.027757505355829236,0.8431123444673282,24602393281.04832,23.926109563000065,-0.01511070580611329,-0.007323085055481515,0.013835712363692522,0.0866303846688577,-0.0018673669467785814,0.0,0.0016339752567694488,0.015522899159663872,0.09523735017867724,0.017156874416433196,1445,1235853215.3033812,895461578.4083551,340391636.8950261,2131314793.7117362,0.5266471442041221,0.515363045009434,0.0011901844421280021,0.0007680430612415942,0.48679743572044676,0.47974004617404375
IWM,2009,2009-04-27,2009-04-28,-0.012099341965612354,0.012099341965612354,0.3119000278922195,0.0,0.010709785804283833,0.024779504409911796,0.01835612138064434,0.02814607516332631,0.029574907235439575,0.03879237218213207,0.8378556934311715,2778862292.65,21.745307433636246,0.010709785804283833,0.010709785804283833,-0.013342410002364304,0.12585503699901923,-0.013751611516974682,0.0,0.003437902879243615,0.031155994843145685,0.09937888198757643,0.034593897722389334,747,156328548.30399942,193405268.35264578,-37076720.04864636,349733816.6566452,0.49284022306704844,0.4898453416979855,-0.0018710783339129285,-0.001842161858202026,0.48773329631298096,0.4882252178635339
SPY,2009,2009-04-27,2009-04-28,-0.010135077359509692,0.010135077359509692,0.36824370879642426,0.0,0.0018673669467785814,0.017156874416433196,0.01290745924916994,0.02054783034666447,0.02233462043498544,0.027522744088786744,0.7681739864966898,24530000484.065384,23.923162714950415,0.009462358206214772,-0.0018673669467785814,0.006366577754055259,0.13256292369431108,-0.0070613039065399175,0.0,0.0024714487175302446,0.019065493479281104,0.11475392815495206,0.02153694219681131,1445,1703970368.8896945,1547798213.500879,156172155.3888154,3251768582.3905735,0.5392936105657931,0.5321464014537005,0.0016287003703278004,0.0014310722839410983,0.49817996792836483,0.4948179567462237
IWM,2009,2009-04-28,2009-04-29,0.01335311572700304,0.01335311572700304,0.35101467156684757,1.0,0.013751611516974682,0.034593897722389334,0.010717572414056476,0.027027979704582428,0.03228367777062236,0.03804147464092554,1.0715599990862639,2776543976.55,21.74447281736437,0.0014858841010401136,0.013751611516974682,-0.011014388314900666,0.12452296592683762,0.02426270654674756,1.0,0.03681238234678941,0.00376490274001251,0.9072164948453618,0.040577285086801876,746,157580778.72759086,188162712.258711,-30581933.53112015,345743490.9863019,0.4874737658022388,0.4780305178280449,-0.001057074833101745,-0.0012894333075155213,0.4385651532438741,0.4345929529546763
SPY,2009,2009-04-28,2009-04-29,0.011101986677574116,0.011101986677574116,0.42128890812432285,1.0,0.0070613039065399175,0.02153694219681131,0.010651511912238744,0.018661836514437705,0.021562823951189726,0.02635243051378392,0.9987997047864879,24313927706.65996,23.91431517975405,-0.0031453403143215652,0.0070613039065399175,-0.00014413684467042245,0.1330741922770718,0.01005550196678806,1.0,0.021266806100328273,0.002542695418724983,0.8932066924336814,0.02380950151905337,1455,1616025878.9128542,1619530411.734037,-3504532.821182728,3235556290.646891,0.49716917553864626,0.48523343365579347,-0.00038839736451413975,-0.0007907055159381135,0.4328637075560458,0.425986194009511
IWM,2009,2009-04-29,2009-04-30,0.0159281192566878,0.0159281192566878,0.4133523331373448,1.0,0.02426270654674756,0.040577285086801876,0.019387873845922884,0.027923001326993987,0.03228367777062236,0.038534001092465964,1.2568978471135208,2833156641.7,21.764657348077055,0.037939805002119575,0.02426270654674756,0.026434205963178633,0.11479262795335857,-0.024723618090452204,0.0,0.009849246231155906,0.02613065326633157,0.27374301675977974,0.03597989949748742,749,200058871.24845007,125166625.05580479,74892246.19264528,325225496.3042549,0.4480553264936043,0.4256128884283039,-0.003944038461147665,-0.004678428838951051,0.42152751186762,0.4091563657353538
SPY,2009,2009-04-29,2009-04-30,0.013273875881380848,0.013273875881380848,0.5003450343936967,1.0,0.01005550196678806,0.02380950151905337,0.012756090253293067,0.01901947584060744,0.021562823951189726,0.026529444621081803,1.10419217691288,24226840421.07042,23.910726963811527,0.02126912469323372,0.01005550196678806,0.01702313080882346,0.09098262808792494,-0.0127612079245214,0.0,0.0053076678043704195,0.01840773511887961,0.22380677324132264,0.023715402923250004,1456,1308319142.674065,895902469.1016917,412416673.5723734,2204221611.775757,0.4752759335113289,0.4573421233162623,-0.002144833630043151,-0.002749138387560206,0.4218101913064287,0.4116303977121441
IWM,2009,2009-04-30,2009-05-01,0.0026793075020608015,0.0026793075020608015,0.0702965991796058,1.0,0.024723618090452204,0.03597989949748742,0.02059261495507157,0.028086000183616167,0.03228367777062236,0.03811432606028703,1.114491965665342,2855494565.8,21.77251089300312,-0.009189299571165988,-0.024723618090452204,0.011288197855435009,0.10185800989308184,0.003494347379239482,1.0,0.013360739979445091,0.0049331963001028045,0.7303370786516853,0.018293936279547802,742,161544190.68338388,129310803.049514,32233387.633869886,290854993.7328979,0.5292773462234003,0.5135378324171262,0.0041204778131948405,0.0036600992980173374,0.468252145504751,0.46062147886064325
IWM,2009,2009-05-01,2009-05-04,0.009422367882015559,0.009422367882015559,0.26341092438357633,1.0,0.003494347379239482,0.018293936279547802,0.01966476655101178,0.026171383732841166,0.029574907235439575,0.03577060406308283,0.618562761124275,2804374617.1,21.75444639815785,0.006183017312448413,0.003494347379239482,0.018415457407351326,0.13030207974373362,0.02678571428571419,1.0,0.028814935064935154,0.0042613636363636465,0.8711656441717792,0.03307629870129875,751,208529843.15206444,156886001.8366022,51643841.31546223,365415844.98866665,0.4782235540686747,0.4596804042077184,-0.0014995115432692328,-0.0021594063092898975,0.46959117176338566,0.45881211215804707
SPY,2009,2009-05-01,2009-05-04,0.007509432330292887,0.007509432330292887,0.3071277368366779,1.0,0.005146351666368787,0.017040232913077928,0.01161319423083494,0.01777148899495834,0.02133393574916078,0.024450518235955346,0.7987383628334142,23067281541.024757,23.86168106694946,0.005376355648051945,0.005146351666368787,0.030530034980184473,0.13101108317407717,0.026312748967382893,1.0,0.026990388695977918,0.0019198870044081495,0.9335915359540307,0.02891027570038596,1353,1863157226.4581494,1158912314.1129,704244912.3452494,3022069540.5710497,0.5138296054429713,0.49330224569796294,0.001101758930348851,0.0003161583243451705,0.4624772747557121,0.44964487147849225
IWM,2009,2009-05-04,2009-05-05,-0.004347826086956497,0.004347826086956497,0.11986963150557603,0.0,0.02678571428571419,0.03307629870129875,0.02139731313358814,0.027034432970775513,0.031737786374242884,0.03627128933615056,1.0421740921459524,2808805580.7,21.75602516967924,-0.03646046702171235,-0.02678571428571419,-0.014275181563360965,0.13955333182891794,0.0005954743946010588,1.0,0.014886859865025803,0.004605001984914647,0.7637474541751528,0.019491861849940437,754,175940983.8028348,216037193.44350883,-40096209.640674025,391978177.2463436,0.5828830320603486,0.5799572255602259,0.00671069646648933,0.0066596985466768465,0.5181392254185683,0.5173069399624385
SPY,2009,2009-05-04,2009-05-05,-0.0034110586513335095,0.0034110586513335095,0.13524804053336148,0.0,0.026312748967382893,0.02891027570038596,0.01564454506806344,0.019053004717232237,0.021562823951189726,0.025220762074494585,1.3407462661582803,23172739887.592125,23.866242419914087,-0.034019775105470274,-0.026312748967382893,0.055272559396931424,0.10870881620636323,-0.0,0.0,0.00806010820359937,0.003974826101358131,0.6697259826569392,0.012034934304957575,1366,1899948881.6323462,619132239.8057685,1280816641.8265777,2519081121.4381146,0.5519649194050438,0.5294982417321671,0.004642944989839038,0.00378542329286779,0.47991749785799614,0.4659227537717815
IWM,2009,2009-05-05,2009-05-06,0.011519364448858038,0.011519364448858038,0.3245950895740868,1.0,0.0005954743946010588,0.019491861849940437,0.022542572940193743,0.026632761525742902,0.031737786374242884,0.03548841254491256,0.614153161789483,2813501733.95,21.757695713133845,-0.004940711462450564,-0.0005954743946010588,-0.023341679352611115,0.17247997471776713,-0.008639308855291516,0.0,0.005694089927351209,0.028077753779697567,0.16860465116278958,0.03377184370704887,756,209800426.30410683,275472281.6359831,-65671855.33187628,485272707.94008994,0.4943193020408717,0.4883965439321964,-0.0006104165011439496,-0.0007693369208929953,0.4787113602878697,0.4762033226276629
SPY,2009,2009-05-05,2009-05-06,0.012255713812520774,0.012255713812520774,0.4973992859968886,1.0,0.0,0.012034934304957575,0.01570736547159561,0.018934223693333578,0.02133393574916078,0.024639588671619923,0.5641216157422335,23166187410.628784,23.865959613324076,-0.0034110586513335095,0.0,0.03254301978327141,0.09793134481398776,0.0050174410994763274,1.0,0.005671869546247654,0.011671018760907592,0.32704296111435954,0.017342888307155312,1352,1511296791.2714076,757399096.064342,753897695.2070656,2268695887.3357496,0.5461833537441708,0.5257264101025246,0.002660747433074816,0.0018982137215027978,0.48479316953974966,0.4727590755647913
IWM,2009,2009-05-06,2009-05-07,0.015052485640720814,0.015052485640720814,0.42680528498753006,1.0,0.008639308855291516,0.03377184370704887,0.017946570633444008,0.024799582926583467,0.03342407120417381,0.03526780517996773,1.0104048516636606,2929810013.75,21.798203416149523,0.0027805362462760552,-0.008639308855291516,-0.013035397854791046,0.14400013548982246,-0.03804878048780491,0.0,0.0029268292682926855,0.04604878048780492,0.05976095617529881,0.04897560975609752,754,191850899.88562825,230042139.05381033,-38191239.168182075,421893038.9394386,0.5000126974158605,0.4892219601421411,0.0008611116978998498,0.0005374261236357203,0.45482146792292105,0.4495863197448752
SPY,2009,2009-05-06,2009-05-07,0.00944218590668755,0.00944218590668755,0.38873616005549044,1.0,0.0050174410994763274,0.017342888307155312,0.015186754200071668,0.017984247479015922,0.02133393574916078,0.024289445842495636,0.812924933826968,23454005163.636955,23.878307113145443,0.017334647234183542,0.0050174410994763274,0.03535896476732539,0.09485395911687382,-0.023115804255116612,0.0,0.0015052144606986229,0.02935171423821703,0.0487804368148771,0.030856928698915594,1351,1527007294.576137,697697952.3424301,829309342.233707,2224705246.918567,0.5023270469013097,0.4804978663410254,0.00023536856136776836,-0.0005650999734639738,0.4551311765239056,0.4421847503470999
IWM,2009,2009-05-07,2009-05-08,0.01724137931034475,0.01724137931034475,0.4717021453772793,1.0,0.03804878048780491,0.04897560975609752,0.021783122084369985,0.02563661476080055,0.033969962600553294,0.03655141168915961,1.441732813544511,2963624042.95,21.80967869522525,-0.023569023569023684,-0.03804878048780491,0.012272171201193073,0.16355891610857246,0.01714855433698892,1.0,0.020139581256231276,0.01016949152542368,0.6644736842105271,0.030309072781654955,751,260548618.92463085,224178517.29357648,36370101.63105437,484727136.21820736,0.5677741197197759,0.5484722044072516,0.006463959690075135,0.005812296509517604,0.453562680025395,0.44309239656763344
SPY,2009,2009-05-07,2009-05-08,0.012876931401310632,0.012876931401310632,0.5152928193431912,1.0,0.023115804255116612,0.030856928698915594,0.01857719792693242,0.01849365974441704,0.021562823951189726,0.024989541708972354,1.4310244691866099,23946686340.8435,23.899095793855015,-0.01389188206958858,-0.023115804255116612,0.025929879602059457,0.140033635594214,0.010322764428151165,1.0,0.012930587992291409,0.006410920421720312,0.6685408250229337,0.01934150841401171,1361,1987138121.214487,1366203427.5281334,620934693.6863537,3353341548.7426205,0.4944487530293009,0.47230077310758606,0.0007631188210075555,-2.8128587669853412e-05,0.4117177149978784,0.399004729361673
IWM,2009,2009-05-08,2009-05-11,-0.018819839247206427,0.018819839247206427,0.5311753466432787,0.0,0.01714855433698892,0.030309072781654955,0.026017104562180045,0.023527206793303005,0.03342407120417381,0.03543055860204533,0.9068037402298894,2969945719.1,21.811809513196696,-0.03468559837728202,-0.01714855433698892,0.0051474888168733576,0.1315198027287217,-0.00419580419580412,0.0,0.0051948051948051965,0.012187812187812286,0.29885057471264204,0.017382617382617333,759,202947218.73341584,187659456.3576277,15287762.375788152,390606675.09104353,0.5445775322625132,0.5297342098284026,0.0038975371930816773,0.003289989325188118,0.48548037746208395,0.47584803420765837
SPY,2009,2009-05-08,2009-05-11,-0.013766465462471511,0.013766465462471511,0.56663715679209,0.0,0.010322764428151165,0.01934150841401171,0.019674088073442293,0.017188183151646653,0.021562823951189726,0.024295027774754084,0.8969840155349664,24180168894.2211,23.90879866698133,-0.023332621358874928,-0.010322764428151165,0.05910888412741619,0.11016519447153944,0.005016346947099626,1.0,0.007197339384863777,0.004471145184443248,0.6168186915887756,0.011668484569306945,1375,2046537904.9682024,617275103.6183342,1429262801.3498683,2663813008.5865364,0.5466187841233144,0.51920910190089,0.003376764120019101,0.0022409056756732453,0.4800040019435105,0.4619955798873015
IWM,2009,2009-05-11,2009-05-12,0.0055710306406684396,0.0055710306406684396,0.15826527306471555,1.0,0.00419580419580412,0.017382617382617333,0.022362385428254878,0.023913673417407574,0.03342407120417381,0.03520058780292512,0.520062839635367,2933981209.0,21.799626112079547,-0.014702999411880024,0.00419580419580412,-0.035824208985706284,0.21304401664012687,-0.019588444796201032,0.0,0.005540166204986097,0.03620894341115943,0.1327014218009469,0.04174910961614561,754,259979792.76033223,365087348.7516834,-105107555.99135119,625067141.5120156,0.502992068875476,0.4988928323467554,0.0011962296529085936,0.0010294935446011977,0.4694093277566908,0.4667969449325089
SPY,2009,2009-05-11,2009-05-12,0.004274430168225152,0.004274430168225152,0.176657038305104,1.0,0.005016346947099626,0.011668484569306945,0.0186775265026805,0.01792254479940038,0.02133393574916078,0.024196206441788028,0.5469447694275517,24346263263.89399,23.915644215310575,-0.018713755042576108,-0.005016346947099626,0.010772210493848437,0.11532960718581252,-0.0072028377344594,0.0,0.0021827458970666846,0.01942594192161773,0.10101242219711865,0.021608687818684462,1360,1535054025.6422935,1272790953.024978,262263072.61731553,2807844978.6672716,0.5559377487311482,0.5434606317205778,0.0041091600696357014,0.0035718512128788404,0.4928988598136037,0.4844804287795488
IWM,2009,2009-05-12,2009-05-13,-0.017154389505549816,0.017154389505549816,0.4796108268605793,0.0,0.019588444796201032,0.04174910961614561,0.02311635175316612,0.023054399504025772,0.033969962600553294,0.03576731079621044,1.2290007530201288,2928321086.65,21.797695087774297,0.014126541981695162,0.019588444796201032,-0.018176695989087333,0.20165676831139223,0.029158110882956945,1.0,0.030595482546201258,0.0022587268993838894,0.9312500000000027,0.032854209445585245,750,268644282.3807363,321871484.5312072,-53227202.15047091,590515766.9119434,0.45437983192230946,0.4463887131872156,-0.0020832315796116877,-0.0023515132962797724,0.4419572466028743,0.43769065396232826
SPY,2009,2009-05-12,2009-05-13,-0.013520973798823999,0.013520973798823999,0.5572947047069067,0.0,0.0072028377344594,0.021608687818684462,0.018652346351061704,0.017339535379859546,0.021562823951189726,0.024261802031539076,1.0021269879862933,24464346634.725433,23.92048265520889,0.0029591955931432823,0.0072028377344594,0.012029048324508684,0.199952466882985,0.011811879024111294,1.0,0.013817673586308699,0.0030087364165085617,0.8211896408084193,0.01682641000281725,1358,2592994634.0952234,2298711826.19858,294282807.89664364,4891706460.293803,0.48673528796721216,0.4735352088554468,-0.0009480204014896544,-0.001469825216570147,0.45385773870313906,0.4455592656969509
IWM,2009,2009-05-15,2009-05-18,0.011306532663316604,0.011306532663316604,0.3124173231979109,1.0,0.0025062656641604564,0.02380952380952382,0.02175452904087299,0.024821853918951624,0.033969962600553294,0.036190479284511745,0.7008993236023173,3001805162.95,21.822479665636372,-0.003754693366708417,-0.0025062656641604564,-0.03395887282391512,0.18463732259338178,0.02194616977225672,1.0,0.026293995859213215,0.003933747412008248,0.869863013698631,0.03022774327122155,742,226153674.2316436,328091594.00243443,-101937919.77079085,554245268.234078,0.48318995385970137,0.47911929146118565,-8.941906308661089e-05,-0.00019925728013677532,0.4527548627165711,0.45102679832466286
SPY,2009,2009-05-15,2009-05-18,0.009469101673645675,0.009469101673645675,0.3908755379735796,1.0,0.0073850730429090294,0.020700435693171,0.01324215280145776,0.018349580926849955,0.020915682497340625,0.02422536268894299,0.9897088319160996,24365203032.79527,23.91642184617639,-0.008161929602819251,-0.0073850730429090294,8.09878977479232e-05,0.11088142967993253,0.018760468383233864,1.0,0.01998875421589874,0.01094364005772297,0.6462077923578194,0.0309323942736217,1361,1351810916.6449974,1349837630.07317,1973286.5718274117,2701648546.7181673,0.5140629028236381,0.5045316042361653,0.0009082262144157142,0.0005555057313652925,0.45006986944976074,0.44452058320472176
IWM,2009,2009-05-19,2009-05-20,0.00911300121506664,0.00911300121506664,0.26596785989911775,1.0,0.00020255215718067987,0.023496050232935058,0.029281484531344604,0.02156567682059091,0.032965254073442,0.034263543040588526,0.7127519836670795,3013894764.2,21.826499020880895,0.0004051863857374993,0.00020255215718067987,0.006876153026513772,0.12928283816027175,-0.01826209110977317,0.0,0.017258679510335106,0.019666867348986483,0.4673913043478265,0.036925546859321624,712,205184435.3183034,184460433.71385556,20724001.60444784,389644869.032159,0.4449423407480051,0.42499304782834624,-0.001320412016721131,-0.0021013504015056587,0.43877604149777244,0.42645216110695294
SPY,2009,2009-05-19,2009-05-20,0.009108801280439005,0.009108801280439005,0.3986592773005205,1.0,0.0006580061416978644,0.012722121079184067,0.01988082179886231,0.015954588288620692,0.020020972053591355,0.022848587250040433,0.6354397301554585,24695210199.7868,23.929875142738645,-0.0012057436850023695,-0.0006580061416978644,0.015166095211721908,0.09182071533719643,-0.01566063128854689,0.0,0.00924421998621705,0.016748157153284038,0.35565119483313595,0.025992377139501192,1374,1321030887.5551531,946500978.3917005,374529909.1634526,2267531865.9468536,0.5127379901658372,0.4962755201515093,0.0013876754793791428,0.0007306902772370514,0.46154781826717367,0.4511800258683259
IWM,2009,2009-05-20,2009-05-21,-0.013286999182338444,0.013286999182338444,0.39247477286485777,0.0,0.01826209110977317,0.036925546859321624,0.017146938954178122,0.02172875750174885,0.032965254073442,0.03385440313870467,1.1201353636485447,2960821228.5,21.808732508863258,0.0093155123531794,0.01826209110977317,0.026549246714459344,0.16347440840396682,-0.0004143360265174145,0.0,0.01698777708721777,0.00890822457012641,0.6559999999999995,0.025896001657344105,717,281313035.99589944,202705462.72304434,78607573.2728551,484018498.7189438,0.4906339868478894,0.468854965025417,0.00013273735842502963,-0.0007361667153825951,0.4716327750943986,0.4585214674130645
SPY,2009,2009-05-20,2009-05-21,-0.011600960963408236,0.011600960963408236,0.5082413211415172,0.0,0.01566063128854689,0.025992377139501192,0.015048381855657348,0.01597366587488276,0.020020972053591355,0.022825694174870143,1.2982575006810766,24549395517.03926,23.923953068359943,0.006694479586441648,0.01566063128854689,0.013005246551143037,0.13334782030403516,0.0027945450793041005,1.0,0.013413782846118716,0.00380062602057496,0.7792183251829004,0.017214408866693637,1371,1796439661.6797295,1477168720.2991083,319270941.3806212,3273608381.978838,0.4659619080345418,0.4510368166171993,-0.0025860080437372676,-0.003176505014022675,0.4380670401688212,0.4291567499587863
IWM,2009,2009-05-21,2009-05-22,0.005177055290950472,0.005177055290950472,0.1523062643554644,1.0,0.0004143360265174145,0.025896001657344105,0.01855080299954725,0.021975460614102146,0.032965254073442,0.03399108574331421,0.7855544386113759,2916189942.9,21.79354378714015,-0.012878168438266613,0.0004143360265174145,-0.006407933613756613,0.129415681616584,-0.015451174289246028,0.0,0.0024721878862792313,0.024515863205603616,0.0916030534351103,0.026988051091882886,716,179356978.81231144,198043730.37151933,-18686751.559207886,377400709.18383074,0.47315100363379964,0.4599684715747548,0.0006149478090420974,0.0001180484780661439,0.4640103254923488,0.4568259756024753
SPY,2009,2009-05-21,2009-05-22,0.0028023764466134082,0.0028023764466134082,0.12178960971001726,1.0,0.0027945450793041005,0.017214408866693637,0.016773048302972507,0.01638321553279599,0.019086051305870093,0.023009979696017625,0.9019366337655808,24317761770.104286,23.914472857329866,-0.01436308663433683,-0.0027945450793041005,-0.01527611053508706,0.12195989203078288,-0.004918421695935815,0.0,0.006036228549477274,0.008718969469248328,0.4090916666666748,0.01475519801872559,1371,1297155391.5730953,1668636208.3391228,-371480816.76602745,2965791599.912218,0.4800748344902977,0.47431739632723174,-0.00020111575131815133,-0.0003792773333694821,0.4586729477623538,0.456097023299191
IWM,2009,2009-05-22,2009-05-26,-0.008788449466415549,0.008788449466415549,0.26136225883964265,0.0,0.015451174289246028,0.026988051091882886,0.019247953983199,0.021766269910571994,0.0315816411136201,0.0336255490958534,0.8545487232531386,2863342287.8,21.77525541155712,0.010354110581901055,0.015451174289246028,-0.020885636243390064,0.1386067187377627,-0.05699810006333128,0.0,0.001055520371543106,0.058898036732108805,0.01760563380281588,0.05995355710365203,711,168537876.83586472,228340602.29917184,-59802725.46330711,396878479.1350366,0.48421021141386894,0.47852398690092346,0.00031629529598257555,0.00013340322213434633,0.48699549607388803,0.48432748981382023
SPY,2009,2009-05-22,2009-05-26,-0.007414019571355457,0.007414019571355457,0.32785696597429087,0.0,0.004918421695935815,0.01475519801872559,0.0162853584163166,0.016126858788469776,0.018800617719969506,0.022613579520335197,0.7848251710928104,23813624355.441902,23.893523705745075,0.002129828518437682,0.004918421695935815,-0.014514597072196274,0.13182898479237432,-0.0332729964545837,0.0,0.0004527048386974153,0.03621544775672869,0.012345995275308322,0.03666815259542607,1370,1396840380.328493,1742485542.676372,-345645162.34787893,3139325923.004865,0.5088735357083204,0.5062503873003333,0.0007957965978169102,0.000737689681410649,0.4946751760404117,0.4938275197507586
IWM,2009,2009-05-26,2009-05-27,-0.006191332135010996,0.006191332135010996,0.17510460027368335,0.0,0.05699810006333128,0.05995355710365203,0.02543452111571076,0.0240015501694943,0.032965254073442,0.03535790679019355,1.8186893682082304,2930974617.2,21.798600838521665,-0.047708725674827424,-0.05699810006333128,-0.06470303174303475,0.24261581630862428,0.013263665594855256,1.0,0.015072347266881003,0.01225884244372999,0.5514705882352919,0.027331189710610923,713,260728927.8185574,450371871.5132781,-189642943.69472072,711100799.3318355,0.6258721729366851,0.6362236375164968,0.011656336091101449,0.012210122418855069,0.5056034076853594,0.5136113952559189
IWM,2009,2009-05-27,2009-05-28,0.009368635437881911,0.009368635437881911,0.2676199487931098,1.0,0.013263665594855256,0.027331189710610923,0.02742132569353221,0.024532899457806342,0.0315816411136201,0.03500723873587079,0.8654138526963344,2928549618.2,21.797773126563825,-0.01937287797084075,-0.013263665594855256,0.024359795386645375,0.18822368679554516,-0.008071025020177647,0.0,0.0038337368845842157,0.029459241323648078,0.11515151515151188,0.03329297820823242,715,311280637.7901403,239941768.31114984,71338869.47899044,551222406.1012901,0.4799785851037228,0.4565880154895641,0.0005212556049649032,-0.00036336055372019954,0.4537547313671349,0.44094275974228136
SPY,2009,2009-05-27,2009-05-28,0.008810092758114951,0.008810092758114951,0.37118428345631194,1.0,0.019356998701727912,0.024278225628210245,0.01719573092673091,0.01737547710905054,0.020020972053591355,0.02373509103370184,1.212639704167372,23691793314.254417,23.888394551460777,-0.01785328528411989,-0.019356998701727912,-0.010457896524388124,0.19306716439408694,0.005085109496850704,1.0,0.009728023543312148,0.015034280511101894,0.39285615433585086,0.02476230405441415,1366,2163170515.818112,2410936838.775775,-247766322.95766306,4574107354.593887,0.5144454065645444,0.5058711911508014,0.0016202821903448282,0.0013461787243111726,0.43740685543011615,0.433436991444908
IWM,2009,2009-05-28,2009-05-29,0.0046786004882017895,0.0046786004882017895,0.13698290558322326,1.0,0.008071025020177647,0.03329297820823242,0.02700914870544848,0.023053158961186537,0.0315816411136201,0.034154630231283345,1.0541877190123055,2877583516.25,21.780216722031394,0.0012219959266801528,-0.008071025020177647,0.02135063346433757,0.18897155655762116,0.015792670581089352,1.0,0.017817371937639326,0.006276574205304808,0.7394957983193263,0.024093946142944012,713,302609833.55439436,241171602.63592094,61438230.91847342,543781436.1903152,0.4247404727417944,0.40190272322286186,-0.0020184724581246683,-0.002832900129992772,0.432628638171316,0.42051570469556254
SPY,2009,2009-05-28,2009-05-29,0.005499340200161518,0.005499340200161518,0.23547876051794814,1.0,0.005085109496850704,0.02476230405441415,0.01853689985629189,0.017032369729131275,0.020020972053591355,0.023353869317408606,1.2368182717667944,23644895014.7702,23.886413072971923,0.01394000254131833,0.005085109496850704,0.0004961853497395852,0.13889156011686504,0.012141774494460078,1.0,0.02493982771690706,0.008094487160238195,0.7549673062589122,0.033034314877145254,1368,1647904303.9516885,1636172053.449229,11732250.502459526,3284076357.4009175,0.40709582194165284,0.3948921249804462,-0.005136130223098679,-0.005535445069467766,0.40769701411791065,0.40175802857379866
IWM,2009,2009-05-29,2009-06-01,0.023719354195734565,0.023719354195734565,0.70725264449516,1.0,0.015792670581089352,0.024093946142944012,0.02676864047942207,0.023355981514254828,0.03026840802643825,0.03353731425446354,0.7960096917518393,2842682541.55,21.768014000190185,0.02054515866558182,0.015792670581089352,-0.057973225618391015,0.24706220999927764,0.014992211838006364,1.0,0.06211059190031154,0.005062305295950087,0.9246376811594212,0.0671728971962616,715,268759977.34948355,433559453.6922229,-164799476.34273934,702319431.0417064,0.4397221747664518,0.44129006490279327,-0.004183576151261954,-0.004050756480586976,0.42160148827499105,0.42355970530005604
SPY,2009,2009-05-29,2009-06-01,0.012320317867938302,0.012320317867938302,0.5173743697179363,1.0,0.012141774494460078,0.033034314877145254,0.017387081181159666,0.01737620313238553,0.020020972053591355,0.023813158496148797,1.6499855645730033,23523993985.930107,23.881286757887317,0.017707886443200316,0.012141774494460078,0.029398043876450744,0.09070151770136979,0.011743343903989345,1.0,0.01601366533604498,0.0025621651022134095,0.862069956402249,0.01857583043825836,1371,1412610682.1347466,721051274.7870098,691559407.3477367,2133661956.9217563,0.38678145881414217,0.3650687678789445,-0.007955832103376961,-0.008792100130125508,0.3687314804334275,0.35640202441855867
IWM,2009,2009-06-01,2009-06-02,-0.0032610780740457423,0.0032610780740457423,0.08817221589980023,0.0,0.014992211838006364,0.0671728971962616,0.02743632464459765,0.024784831686463418,0.0315816411136201,0.03698532514768216,2.126960310725974,2868065903.7,21.77690373839467,-0.03906717161650386,-0.014992211838006364,0.03308506036898497,0.12582982729126002,-0.015781370284834395,0.0,0.00539068514241714,0.02001539645881456,0.21218089538670917,0.02540608160123165,698,227889185.44433224,132999051.87819032,94890133.56614192,360888237.3225226,0.41658068292731254,0.39879319979526384,-0.002646840442935587,-0.003241942817798516,0.4413877645616961,0.43277997588942574
SPY,2009,2009-06-01,2009-06-02,-0.0039041364536500645,0.0039041364536500645,0.1600875012617928,0.0,0.011743343903989345,0.01857583043825836,0.01774321227926917,0.01801112779672382,0.020020972053591355,0.0243875157203284,0.9278186088335424,23795402704.7486,23.89275823529931,-0.024208343501657126,-0.011743343903989345,0.08508145841136927,0.14459919832854315,-0.004766906678667304,0.0,0.001800836826253538,0.010275434104334069,0.14912192982456654,0.012076270930587486,1404,2732671860.3086734,708124294.7028215,2024547565.605852,3440796155.0114946,0.5341504158587964,0.5037394794541749,0.0026563449097216476,0.0013989261441707587,0.4992129289626596,0.4810251423504784
IWM,2009,2009-06-02,2009-06-03,-0.008904888215233053,0.008904888215233053,0.2451378316303368,0.0,0.015781370284834395,0.02540608160123165,0.021788333174338943,0.02366471449091038,0.03026840802643825,0.036326046273679434,0.8393596907719906,2897697416.6,21.78718226428257,-0.012468827930174564,-0.015781370284834395,-0.018476246116168858,0.16626541490236185,-0.002294016440451019,0.0,0.01089657809214295,0.0038233607340851794,0.7402597402597436,0.014719938826228178,708,214124146.2966064,267662716.93589467,-53538570.63928828,481786863.23250103,0.5245019928422824,0.5208926551898088,0.002581513958821754,0.0025704280413772146,0.49657563885967265,0.4964080920654922
SPY,2009,2009-06-02,2009-06-03,-0.00853976823489222,0.00853976823489222,0.36724109940386296,0.0,0.004766906678667304,0.012076270930587486,0.016670105489491736,0.016563481450382778,0.018958669426135034,0.02325384672019199,0.6369788226772931,23585651760.97915,23.883904387855786,-0.0008441595708819083,-0.004766906678667304,0.09088752459830209,0.17825861607330634,0.004147160738545708,1.0,0.013611218485631515,0.0009569970123670668,0.9343092493038326,0.01456821549799859,1404,3173993573.3460317,1030352068.7530522,2143641504.5929794,4204345642.099084,0.5420211211406353,0.5064646031140853,0.0027253896923951568,0.0013489344412963276,0.5055852726700388,0.4847822434387584
IWM,2009,2009-06-03,2009-06-04,0.00610337592981125,0.00610337592981125,0.16794779099960375,1.0,0.002294016440451019,0.014719938826228178,0.017750065414933784,0.02369522404579882,0.03026840802643825,0.03634091221733098,0.48631361164983955,2866290853.7,21.77628464539722,-0.006631299734748075,0.002294016440451019,0.012937920064532512,0.1214158055828024,0.008151658767772574,1.0,0.009668246445497575,0.012511848341232201,0.435897435897435,0.022180094786729755,721,192548427.4917376,155464585.54486635,37083841.94687125,348013013.0366039,0.490104201915572,0.4757876509041405,0.00045449853890115093,-9.289976423785488e-05,0.48039393810841063,0.4727154155363178
SPY,2009,2009-06-03,2009-06-04,0.0037372983718675368,0.0037372983718675368,0.1573209151861175,1.0,0.004147160738545708,0.01456821549799859,0.014719455266522288,0.016856573306335162,0.018958669426135034,0.02375589010174617,0.7684197224260851,23586903316.2102,23.883957450711055,-0.012651513181897944,-0.004147160738545708,0.02392093922231004,0.11749832210025656,0.005638287234042583,1.0,0.007127638297872441,0.007446776595744664,0.4890514198956971,0.014574414893617053,1401,1667821221.9326215,1103600341.2630541,564220880.6695673,2771421563.195676,0.5126539391769076,0.4979481535877675,0.0015236679625086637,0.0009492475636278704,0.47553229454858137,0.46747472481666225
IWM,2009,2009-06-04,2009-06-05,0.009590071455434446,0.009590071455434446,0.2682639377679132,1.0,0.008151658767772574,0.022180094786729755,0.016433650566701156,0.02384738035082468,0.028779466490916235,0.03574864193535858,0.7706916594069086,2759535819.8,21.738328321299537,0.014304787335494895,0.008151658767772574,-0.022051302382381347,0.18467524253113463,-0.009126466753585305,0.0,0.001862544235425645,0.01881169677779848,0.09009009009009242,0.020674241013224053,722,224383293.998748,285234652.7961704,-60851358.79742241,509617946.7949184,0.4826667969033838,0.47912809037369375,-0.0016210891075737334,-0.0016212088314149324,0.4666823898309245,0.4666806850025497
SPY,2009,2009-06-04,2009-06-05,0.010155495717290686,0.010155495717290686,0.43054603285679405,1.0,0.005638287234042583,0.014574414893617053,0.014461554724747937,0.016562635762946136,0.018958669426135034,0.023587479484844198,0.768746717716689,23234979654.252136,23.868924723832105,0.0093966575676101,0.005638287234042583,0.05968385144017995,0.13439298085782936,-0.009843910563282154,0.0,0.0018850141770869744,0.01769813630114425,0.09625694186348463,0.01958315047823127,1404,2254685624.902975,867932551.0029868,1386753073.8999882,3122618175.905962,0.5218959710664416,0.4956957277762209,0.0004236421691678153,-0.0006520040824508746,0.4629299749559186,0.4476131238375742
IWM,2009,2009-06-05,2009-06-08,-0.007518796992481258,0.007518796992481258,0.2191645675899615,0.0,0.009126466753585305,0.020674241013224053,0.017466897908536824,0.02303761465283437,0.027159620401246906,0.03430662663751513,0.76121244361261,2727605113.3,21.726689813260723,-0.00037608123354648804,0.009126466753585305,-0.013429692172421697,0.1943643283177862,0.00435606060606053,1.0,0.014393939393939403,0.00909090909090926,0.6129032258064473,0.023484848484848525,708,246759119.36158565,283390016.40112805,-36630897.03954241,530149135.7627137,0.47239310920327005,0.469730123118638,-0.0014411125965448782,-0.0014375649310484247,0.49291202838679826,0.4929641791068742
SPY,2009,2009-06-05,2009-06-08,-0.007509328159407969,0.007509328159407969,0.3262206796024933,0.0,0.009843910563282154,0.01958315047823127,0.013585633135683648,0.016172442365075042,0.018958669426135034,0.02301916656098639,1.032939075947776,23135370599.254417,23.864628478163645,-0.0002116153624416306,0.009843910563282154,0.06427039972437026,0.14399443578230742,-0.0034101450728962757,0.0,0.008525096271316923,0.013427131859639063,0.38834765293347323,0.02195222813095597,1401,2409142076.119874,922222559.9343488,1486919516.1855252,3331364636.054223,0.4851106516278459,0.45919432201528043,-0.0011916369472021945,-0.0022432259950297354,0.470289487733161,0.4548311176802623
IWM,2009,2009-06-08,2009-06-09,0.005136009130682906,0.005136009130682906,0.15292281443448139,1.0,0.00435606060606053,0.023484848484848525,0.011504282182658046,0.02211340813363685,0.026442026374613493,0.0335856304350414,0.8881637190785007,2687506750.25,21.71187974211797,-0.011842105263157987,-0.00435606060606053,0.012317949357328365,0.1518683524630395,-0.0005677517032551815,0.0,0.008137774413323307,0.005299015897047732,0.6056338028169015,0.013436790310370946,724,220625897.22041124,187521325.1733536,33104572.04705763,408147222.39376485,0.484537888421635,0.47134743435154774,-0.00030909422540670176,-0.0007015833974944306,0.46732398528357993,0.4615149948058352
SPY,2009,2009-06-08,2009-06-09,0.005628695597761579,0.005628695597761579,0.24676617590471644,1.0,0.0034101450728962757,0.02195222813095597,0.008033227492381771,0.015424741968683396,0.019079490458244815,0.02280983435888305,1.1505667920743532,22868104269.605186,23.853008949967144,-0.004124790984935234,0.0034101450728962757,0.04108373096159038,0.16985909867797444,-0.0005280705348386094,0.0,0.004752317990235122,0.007075773427484,0.40178231824585764,0.011828091417719047,1404,2411931311.561566,1472424268.14751,939507043.4140558,3884355579.709076,0.4688056384015253,0.4470143925584387,-0.0016830300519959482,-0.002503991450423942,0.43432899521950824,0.4221784512422127
IWM,2009,2009-06-09,2009-06-10,0.01079341033895087,0.01079341033895087,0.32642931630164645,1.0,0.0005677517032551815,0.013436790310370946,0.010120534423564745,0.02177657237279919,0.026442026374613493,0.033065076572279764,0.5081603852899627,2679363564.3,21.70884512725982,0.004565341449495941,-0.0005677517032551815,-0.014928755926375204,0.22746659016709594,-0.014612214312476612,0.0,0.000562008242787515,0.03315848632446616,0.016666666666665296,0.033720494567253595,703,284733064.54991007,324732629.2393675,-39999564.68945742,609465693.7892776,0.5041853891171176,0.5000657806721757,0.0006265359305511337,0.0005807262079526301,0.48763503208620645,0.4869582263338824
SPY,2009,2009-06-09,2009-06-10,0.00887578200418182,0.00887578200418182,0.3969254673670246,1.0,0.0005280705348386094,0.011828091417719047,0.008522696326862077,0.014747990245933013,0.019079490458244815,0.022361331619910045,0.6199374896098327,22802370685.94127,23.85013034495509,0.0050976527146282535,-0.0005280705348386094,0.06774808892630046,0.16490395585795203,-0.011311279493780413,0.0,0.00010468160542487226,0.023984090155506066,0.004345659731587192,0.02408877176093085,1399,2652509083.006367,1107692046.0447512,1544817036.961616,3760201129.0511184,0.5425898530390645,0.511369124796325,0.0030839834664462403,0.0019250049999214923,0.4786137198242399,0.46149064532238127
IWM,2009,2009-06-11,2009-06-12,-0.006461421512732768,0.006461421512732768,0.20745946429508189,0.0,0.0005698005698006048,0.01671415004748343,0.006227744885899881,0.01815810248646607,0.025651041629287878,0.031145465137913907,0.651597322597595,2730838693.45,21.727874612680758,-0.0003802281368820992,0.0005698005698006048,0.010299182439411223,0.1709074848623465,-0.009563886763580776,0.0,0.007459831675592943,0.01032899770466722,0.4193548387096758,0.01778882938026013,699,247423089.28938046,219297683.37293553,28125405.916444927,466720772.66231596,0.49003390843767874,0.47744907415937127,0.001019227592285214,0.0006867835350944495,0.5033947498003927,0.4982910693641815
SPY,2009,2009-06-11,2009-06-12,-0.004429424172115559,0.004429424172115559,0.2009762828572926,0.0,0.0025375131626661496,0.016388274130085173,0.004103385951692718,0.01328828628343578,0.019079490458244815,0.022039536751014367,0.8589471593044201,23025573454.179745,23.85987132449663,-0.004449131261670791,-0.0025375131626661496,0.10460028058388442,0.24661498588008135,-0.007203389677894245,0.0,0.0042373092322604,0.007838951105106906,0.3508792551572433,0.012076260337367398,1399,4043466458.0976777,1634985014.1856356,2408481443.912042,5678451472.283314,0.5233177976337672,0.4809939258926248,0.0027515586333018774,0.0012115516146902895,0.4963779140423936,0.4727357296732934
IWM,2009,2009-06-12,2009-06-15,-0.014209928003031447,0.014209928003031447,0.46987496778991544,0.0,0.009563886763580776,0.01778882938026013,0.006595670809241656,0.018054823436813052,0.02475001387208783,0.030241934508383538,0.718740178175081,2672669591.65,21.706343656904355,-0.003040668947168479,-0.009563886763580776,-0.01699139401565305,0.22461885865063727,0.012877186238708482,1.0,0.02364020757255436,0.0011531808571978441,0.9534883720930205,0.024793388429752185,697,277459805.56065404,322872187.66603374,-45412382.1053797,600331993.2266878,0.5205874727850883,0.515988662727758,0.0024423681673637217,0.0024577667512077346,0.5019205465762543,0.5021559838814971
SPY,2009,2009-06-12,2009-06-15,-0.011779585364333434,0.011779585364333434,0.5421565406858982,0.0,0.007203389677894245,0.012076260337367398,0.004195507856867163,0.013233567261409025,0.019079490458244815,0.021727277050703347,0.6329445937665954,22738868057.40606,23.847341546431178,-0.0027420586374182765,-0.007203389677894245,0.11806715512184882,0.29353333216863947,0.01128136453045292,1.0,0.016602777954478176,0.00063854832522936,0.9629640832224775,0.017241326279707633,1401,4679664586.431227,1994951124.2022126,2684713462.2290144,6674615710.633439,0.5889605764544038,0.5382400479351663,0.006211954395101343,0.004389579578033263,0.5094409132809669,0.48157763569523154
IWM,2009,2009-06-15,2009-06-16,0.007593457943925186,0.007593457943925186,0.24551526789132558,1.0,0.012877186238708482,0.024793388429752185,0.012894249754636822,0.019340086109416146,0.02509973501549192,0.030928658771992707,0.9877948278915832,2661970587.25,21.702332507741083,-0.02690413035240624,-0.012877186238708482,-0.023089390400708457,0.15936315156851172,-0.024154589371980673,0.0,0.0017391304347826875,0.027632850241545936,0.05921052631579191,0.02937198067632856,740,181378372.02131176,242841650.14553016,-61463278.124218404,424220022.1668419,0.48185513581797107,0.4769700177666639,0.0011485108264833715,0.0010952821903398263,0.46129791862808606,0.46054563092201506
SPY,2009,2009-06-15,2009-06-16,0.00355221736163136,0.00355221736163136,0.16071632910876668,1.0,0.01128136453045292,0.017241326279707633,0.011733602425177604,0.014268975172111885,0.017908578358982997,0.022102404785685186,0.9627412033551692,22575982740.05024,23.8401524675301,-0.02292806009827375,-0.01128136453045292,0.008606013448927932,0.23196315104281437,-0.01705463851588629,0.0,0.0006435481933857456,0.01769817598311141,0.03508657022606304,0.018341724176497244,1395,2715542652.6769404,2521253441.593303,194289211.08363724,5236796094.270244,0.5078771340086942,0.4954300260475244,0.002401084711727534,0.0020087172771885266,0.4576430127237854,0.452097629286376
IWM,2009,2009-06-18,2009-06-19,0.014117647058823568,0.014117647058823568,0.47316951192939277,1.0,0.0045302343903879105,0.02009060468780782,0.01477907660399993,0.018378415388801923,0.02509973501549192,0.029836341317211135,0.8004309477931782,2674205643.1,21.706918217343794,0.0045302343903879105,0.0045302343903879105,-0.004984735679701672,0.2717490190577932,-0.007927300850734675,0.0,0.003866976024748725,0.0117942768754834,0.2469135802469169,0.015661252900232063,736,356691275.9936099,370021484.27763003,-13330208.284020126,726712760.27124,0.4372351129453077,0.4216933207515418,-0.0027083597795548742,-0.0031085120105061675,0.4390310619052691,0.4333340787920048
SPY,2009,2009-06-18,2009-06-19,0.0039037193244011448,0.0039037193244011448,0.18493833930232115,1.0,0.005780335788410085,0.01548694480342586,0.012463968340946735,0.013275884630705496,0.017227867573200634,0.021108220929894277,0.8989472862861494,22283243419.782665,23.82710081680462,0.007318383157234765,0.005780335788410085,-0.06943526765134303,0.20441038449673715,-0.0058328039353465755,0.0,0.00129612224462905,0.011449610899770701,0.10169067796610373,0.012745733144399723,1398,1503841692.1397624,3051084663.1324,-1547242970.9926376,4554926355.272162,0.4536108570185354,0.4672295013536001,-0.0013472836078757882,-0.0006730600362847695,0.43805615842452483,0.4476551060370055
IWM,2009,2009-06-19,2009-06-22,-0.006236601052426405,0.006236601052426405,0.21332033242663945,0.0,0.007927300850734675,0.015661252900232063,0.015304265455354356,0.018043318095899784,0.0244436672863481,0.029235849117060432,0.6407079885667951,2654455689.45,21.699505457232366,-0.006078431372549042,0.007927300850734675,-0.013715439827713524,0.19023912636032478,0.029417532849578376,1.0,0.03118258482055314,0.000784467542655376,0.975460122699388,0.03196705236320852,735,234287152.01958913,270694179.3035724,-36407027.28398329,504981331.32316154,0.4584315972019742,0.45151066119159544,-0.000670272945014322,-0.0007847567803804254,0.49510325403748395,0.49350012835070367
SPY,2009,2009-06-19,2009-06-22,-0.009778378859426562,0.009778378859426562,0.47687687614864605,0.0,0.0058328039353465755,0.012745733144399723,0.011851341881205847,0.012800550804271746,0.016814800204896403,0.020505038823435358,0.7580068147754867,22120472756.514866,23.819769385728165,0.001951854240383244,0.0058328039353465755,-0.07785857585016664,0.5095407953841495,0.020408163489227138,1.0,0.020737316444341847,0.0005486394618021695,0.9742252843038255,0.021285955906143985,1395,4774507388.336669,6496775894.2913265,-1722268505.9546576,11271283282.627995,0.511477108064085,0.5313131402555407,0.0011928729803576154,0.0020690688462501284,0.4857595403370017,0.4980289764086627
IWM,2009,2009-06-22,2009-06-23,0.0050515255607193055,0.0050515255607193055,0.16985229656349637,1.0,0.029417532849578376,0.03196705236320852,0.018450245576283924,0.019822035985493407,0.0244436672863481,0.029740696257414916,1.3077846293981537,2698396710.4,21.715923622618178,-0.03547066848567526,-0.029417532849578376,-0.035018174472893675,0.1405678507616303,-0.013067953357458806,0.0,0.004020908725371752,0.014475271411338975,0.21739130434781825,0.018496180136710786,720,142407449.6406559,236900376.44252545,-94492926.80186954,379307826.0831814,0.48862402569952407,0.48461608758686153,0.0022257485238033076,0.002262109165976216,0.44882074910670505,0.449341184473408
IWM,2009,2009-06-23,2009-06-24,0.009777958851089785,0.009777958851089785,0.35300963588729745,1.0,0.013067953357458806,0.018496180136710786,0.017728656478961866,0.016725000393774087,0.023789397313896267,0.02769884404575153,0.7774967937462831,2614607395.65,21.684379787685142,-0.008082440897150933,-0.013067953357458806,0.009671146573635521,0.22747054739547753,0.0010086746015733894,1.0,0.013717974581400005,0.004841638087553002,0.7391304347826063,0.01855961266895303,709,310016213.434306,284729962.07846344,25286251.35584259,594746175.5127695,0.46926688536249617,0.44683432659977984,0.0008843396623256544,0.0002120173796002836,0.45563926817307465,0.44601670907578866
SPY,2009,2009-06-23,2009-06-24,0.009065540214113987,0.009065540214113987,0.45242014969556626,1.0,0.0013412652135770253,0.011512227433640061,0.014447970982038144,0.013350730999677419,0.016814800204896403,0.020037878994147794,0.6846484818944055,22265015337.162212,23.82628246456611,0.0007840389872764142,-0.0013412652135770253,-0.045672491912018345,0.1342832551518563,-0.00044366679486840255,0.0,0.010204058997157928,0.006211246397016645,0.6216185902200224,0.016415305394174493,1339,986460001.2863207,2003358734.1938262,-1016898732.9075055,2989818735.480147,0.4967691629888484,0.5016197765580953,0.0010984438024979053,0.001388246512254525,0.4552229802546346,0.4593707584450025
IWM,2009,2009-06-24,2009-06-25,-0.009471987101974944,0.009471987101974944,0.3441574556540553,0.0,0.0010086746015733894,0.01855961266895303,0.018704428228561096,0.016322603798031892,0.02283247163578914,0.02752224874505151,0.8128604281220898,2595404454.65,21.677008200629498,-0.010796496231411545,-0.0010086746015733894,-0.037037266922682936,0.1673066517330184,-0.038718209562563555,0.0,0.0012207527975583998,0.03926754832146484,0.030150753768842003,0.040488301119023296,719,169050870.82062986,265177558.37982225,-96126687.55919239,434228429.2004521,0.4262661684860915,0.42544020466503135,-0.0023348372284080162,-0.002165149960137572,0.48663299373329943,0.4890244313932111
SPY,2009,2009-06-24,2009-06-25,-0.004993397525741239,0.004993397525741239,0.25231653120426284,0.0,0.00044366679486840255,0.016415305394174493,0.01569353999875805,0.012895751850017447,0.01640178976212983,0.019790211532746675,1.0008240339768204,22115372670.400448,23.819538799601112,-0.008617851340074978,0.00044366679486840255,-0.06790528189527274,0.24641943135021147,-0.026876369507669473,0.0,0.0011151778993014894,0.02788000508263644,0.03846079881600234,0.028995182981937987,1326,1973953471.0677662,3475704086.4703193,-1501750615.402553,5449657557.538086,0.439562348438654,0.45483897034296755,-0.002051766935785762,-0.001304040230154123,0.4714947100394597,0.4820325766772753
IWM,2009,2009-06-25,2009-06-26,-0.005151509215912786,0.005151509215912786,0.1849917063512028,0.0,0.038718209562563555,0.040488301119023296,0.02403154846658966,0.017502264483427992,0.02283247163578914,0.027847244168518324,1.773277188946957,2558871574.33,21.662832206983506,-0.028879484079000317,-0.038718209562563555,0.020571827724258446,0.2669316024394108,-0.008663122661941358,0.0,0.004331561330970679,0.015258909234101115,0.22110552763819255,0.019590470565071814,706,367842177.4840917,315201512.28847295,52640665.19561875,683043689.7725646,0.44929205755633944,0.42584579506187703,-0.0005462421939215767,-0.0011950305763014503,0.4469625451059256,0.43787795545632663
SPY,2009,2009-06-25,2009-06-26,-0.0033666919338249945,0.0033666919338249945,0.16847183093358853,0.0,0.026876369507669473,0.028995182981937987,0.019044655712658436,0.013436391032159937,0.01640178976212983,0.019983708345593643,1.7678060383925356,22087555101.25105,23.81828016926941,-0.02174876758492772,-0.026876369507669473,-0.029548179890212835,0.20829734286351115,-0.0007627656346114176,0.0,0.005448403795850654,0.005121510464907164,0.5154633861202226,0.010569914260757754,1347,1974065993.2376149,2626713044.704369,-652647051.4667542,4600779037.941984,0.4212235480894849,0.41884883030950404,-0.0032801998630354063,-0.0031930135996839823,0.4176717401098455,0.41889255639931755
SPY,2009,2009-06-26,2009-06-29,0.0029399500409386103,0.0029399500409386103,0.1559686165632549,1.0,0.0007627656346114176,0.010569914260757754,0.019062316372984178,0.012839175042191741,0.016381910169579118,0.01884962568573069,0.6452186681127012,21660472948.917324,23.798754913410942,-0.0026064942961230297,0.0007627656346114176,-0.049330604295411654,0.21668835418505647,0.006405341370042894,1.0,0.0077081640678735575,0.005536890614082135,0.58196543940092,0.013245054681955696,1350,1812524007.1381617,2881048227.0326705,-1068524219.8945088,4693572234.170832,0.4503037805748903,0.4580038251070541,-0.0003805933969605489,-4.3221451196607825e-05,0.4577305289863542,0.4625010885748741
IWM,2009,2009-06-30,2009-07-01,0.005285826155051021,0.005285826155051021,0.22068719509350346,1.0,0.0031225604996097944,0.01639539422326307,0.012725297581414613,0.0140908534885308,0.020382422850515936,0.02395166675987457,0.8043888768036257,2491006582.83,21.635952715868488,-0.0029279718914697606,-0.0031225604996097944,-0.008906417556184236,0.1192334940978042,0.010126582278480845,1.0,0.017526777020447915,0.0007789678675754752,0.9574468085106377,0.018305744888023324,653,137412736.9647823,159598681.7266699,-22185944.76188761,297011418.6914522,0.4123094787750584,0.39841765963283143,-0.002557237668258426,-0.002910542208956569,0.4497259056023456,0.4447241604740347
SPY,2009,2009-06-30,2009-07-01,0.0042414248257125475,0.0042414248257125475,0.22987150176295698,1.0,0.008304615958750872,0.01930544629739585,0.011604143163953145,0.011823487083870503,0.016381910169579118,0.01845128601494193,1.1784612476538714,21089779500.78637,23.77205437622769,-0.008090615148563574,-0.008304615958750872,-0.05297033765107665,0.20867087264737486,-0.00010823045736330084,0.0,0.009638369488341736,0.0014078081614818938,0.872552460578581,0.011046177649823595,1218,1641844975.6132002,2758977716.756609,-1117132741.1434088,4400822692.369809,0.43338409941808903,0.4388753607541838,-0.0016669442695263804,-0.001313700223318602,0.4216634298246879,0.42666431853031667
IWM,2009,2009-07-01,2009-07-02,-0.01908617698091375,0.01908617698091375,0.791573016774281,0.0,0.010126582278480845,0.018305744888023324,0.013142396156540209,0.014530166192363048,0.020382422850515936,0.024111707418592084,0.8981142733755008,2495775323.38,21.637865268730554,-0.01546593578700084,-0.010126582278480845,-0.004492711949875117,0.15263254022326175,0.01906446540880513,1.0,0.02338836477987427,0.0,1.0,0.02338836477987431,651,184861863.9072346,196074663.52678737,-11212799.619552761,380936527.43402195,0.4921203143110561,0.4777853539253684,-5.0669327863501904e-05,-0.0004444981690082963,0.4883592685349247,0.48275867804898226
SPY,2009,2009-07-01,2009-07-02,-0.012996912964433727,0.012996912964433727,0.7202268558420635,0.0,0.00010823045736330084,0.011046177649823595,0.011505445714317903,0.01158235806675678,0.016381910169579118,0.018045582248162908,0.674291186771133,20786782316.45943,23.757583156105035,-0.0041327353170006464,0.00010823045736330084,-0.027190592209722076,0.18121554410081595,0.014484791434811628,1.0,0.01503341429935523,0.013497246137295527,0.5269213565082133,0.028530660436650698,1260,1600841573.1316524,2166046494.4507627,-565204921.3191104,3766888067.582415,0.5454854539934966,0.5460330484543175,0.0029103097365578323,0.0030012596350235065,0.5027044493222312,0.5039978364052179
IWM,2009,2009-07-02,2009-07-06,-0.008815868563414098,0.008815868563414098,0.35126702996536496,0.0,0.01906446540880513,0.02338836477987431,0.019954566702183835,0.016308726411324442,0.020382422850515936,0.025097341370988745,1.1474771645845963,2510498285.38,21.643747090459314,0.037786774628879916,0.01906446540880513,-0.08258994941805312,0.21077222284606478,-0.0,0.0,0.016575702445926876,0.00545785324439052,0.7522935779816526,0.022033555690317435,689,160900688.82856682,368242615.2322101,-207341926.40364328,529143304.06077695,0.38089679480082506,0.39337323163113425,-0.007156802672527464,-0.006430505648643224,0.4606793347526546,0.47086872933707097
SPY,2009,2009-07-02,2009-07-06,-0.009687072924775997,0.009687072924775997,0.5174129566817232,0.0,0.014484791434811628,0.028530660436650698,0.01415946814535668,0.012754444552296166,0.01640178976212983,0.018722130552936304,1.7394845837205688,20747111390.733555,23.755672863847366,0.02729344682565915,0.014484791434811628,-0.1333105744523209,0.2870842105839525,-0.009669451098055948,0.0,0.0031481672330073707,0.011131076880344537,0.22047156054035486,0.014279244113351897,1285,1595179378.8905456,4360988716.615526,-2765809337.7249804,5956168095.506072,0.35296523375134864,0.3829731050249355,-0.009186233822926687,-0.0077474026932522755,0.3939707555389357,0.41415646143951623
IWM,2009,2009-07-07,2009-07-08,0.00454545454545463,0.00454545454545463,0.17957070999221822,1.0,0.019647559246505963,0.02329349807575448,0.020004938097759384,0.016741477990859593,0.021062080189062627,0.02531289510216677,1.105944800639901,2468883090.43,21.627031695208206,-0.021629270264806988,-0.019647559246505963,-0.040509858822748546,0.12826514881006196,-0.011312217194570096,0.0,0.0032908268202387347,0.027766351295762992,0.1059602649006668,0.031057178116001605,685,108328775.77272958,208342881.21592,-100014105.44319043,316671656.9886496,0.4281492837282683,0.42591145673302633,-0.0010381463973660452,-0.0009696476961984306,0.4562854218743155,0.45723383990761857
SPY,2009,2009-07-07,2009-07-08,0.006018601090588271,0.006018601090588271,0.32773788060760406,1.0,0.018392609724586007,0.020287593582516854,0.013115242583388639,0.01329793890097208,0.016381910169579118,0.018364069113494565,1.2384144078747614,19931403224.497902,23.715562376344288,-0.019376447014149978,-0.018392609724586007,-0.1128131140374959,0.20442593467868353,-0.006659849042097266,0.0,0.0023705498304797956,0.017947805302982456,0.1166703611049569,0.02031835513346229,1279,912986034.3665574,3161509699.259153,-2248523664.8925953,4074495733.6257105,0.4774279266248855,0.5032834971069831,0.000873215750303972,0.0020369269381362177,0.4395984146427344,0.4557109052050882
IWM,2009,2009-07-08,2009-07-09,0.004576659038901587,0.004576659038901587,0.17469816323044762,1.0,0.011312217194570096,0.031057178116001605,0.01967875484029428,0.016628453680071008,0.022511030718721934,0.026197522368134062,1.3796426518210039,2534033947.73,21.65307831564986,-0.006818181818181834,-0.011312217194570096,-0.03403416843269241,0.12377890476691121,-0.008697452888796864,0.0,0.002692068751294352,0.010354110581901055,0.20634920634921108,0.013046179333195332,675,113708104.2504942,199951842.4416975,-86243738.19120331,313659946.6921917,0.34774388786699534,0.3417860133264525,-0.005547742894695211,-0.0055882043570194845,0.41293203148824814,0.4123914268461175
SPY,2009,2009-07-08,2009-07-09,0.006931829545454571,0.006931829545454571,0.3688837127040716,1.0,0.006659849042097266,0.02031835513346229,0.013806167742700064,0.01316897124180372,0.01640178976212983,0.01879136786669535,1.2387889021950174,19957531569.754173,23.716872431332114,-0.0006813309262168055,-0.006659849042097266,-0.12498327148590976,0.22433212251074128,-0.004965613305883965,0.0,0.0032727795590477005,0.007899751631872731,0.29293089480988754,0.011172531190920537,1302,991378915.37344,3485736501.7446404,-2494357586.3712006,4477115417.11808,0.413169668581414,0.44053758799734977,-0.003185048852728567,-0.0018668950858224094,0.41526362005258266,0.4328754413881649
IWM,2009,2009-07-09,2009-07-10,-0.005849174848548078,0.005849174848548078,0.23258456667529748,0.0,0.008697452888796864,0.013046179333195332,0.013984961337533039,0.016628165497355775,0.021062080189062627,0.025148594045424733,0.6194155190791701,2462756272.7799997,21.62454699576006,0.0041605991262742,0.008697452888796864,-0.041612818462958015,0.13286457580725472,-0.010716537087623434,0.0,0.005463332632906215,0.014288716116831246,0.27659574468085657,0.01975204874973744,685,112365418.90093258,214847648.59863782,-102482229.69770524,327213067.49957037,0.45581097653556407,0.4613033792401625,-0.0009777693966830075,-0.0007072785960358526,0.5194117362259288,0.5229643959922907
SPY,2009,2009-07-09,2009-07-10,-0.005330622781686056,0.005330622781686056,0.2938805796813808,0.0,0.004965613305883965,0.011172531190920537,0.013322706934102157,0.013224808747523647,0.016381910169579118,0.01813873780794024,0.6820041787109605,19281951185.366375,23.682435323568672,-0.0019317954545454707,0.004965613305883965,-0.11244239552377178,0.22361967868487026,-0.00296467512992038,0.0,0.00399086672716753,0.009007993466636055,0.3070166666666615,0.012998860193803663,1278,1071857473.4169782,3239966255.0720043,-2168108781.655026,4311823728.488982,0.5051197257571467,0.5371060128284487,0.001697247023696342,0.003051696587234933,0.5148048675191882,0.532594376287832
IWM,2009,2009-07-10,2009-07-13,0.003950103950103978,0.003950103950103978,0.15616813347056158,1.0,0.010716537087623434,0.01975204874973744,0.009542461012427885,0.016726599090431924,0.021062080189062627,0.025293917922433205,0.9378014219124721,2393018708.58,21.59582146388638,0.004804679339878826,0.010716537087623434,-0.04413635675078764,0.1445934991695404,0.020086974528887858,1.0,0.02070822116380211,0.018016152412507758,0.5347593582887711,0.03872437357630974,678,120197910.6092804,225817038.04247642,-105619127.43319601,346014948.6517568,0.39283583826656326,0.39415197717891687,-0.0037150207849197224,-0.0035221308078784213,0.45007507355498655,0.45252474633262635
SPY,2009,2009-07-10,2009-07-13,0.0039790700770698795,0.0039790700770698795,0.22254933708178035,1.0,0.00296467512992038,0.012998860193803663,0.008664569189887356,0.013101119140475594,0.015931245506249463,0.01787949642648312,0.8159349618147876,18739354733.890358,23.65389168060733,-0.002381751216553374,0.00296467512992038,-0.16344333710063888,0.29032063069095765,0.020269505611357985,1.0,0.021062167841969792,0.008153119876641801,0.7209296736979298,0.029215287718611517,1301,1188799306.132469,4251621978.952163,-3062822672.8196945,5440421285.084632,0.4580213200928483,0.4994585944806253,-5.981375535474894e-05,0.0018405151759911316,0.461321208813623,0.4854550913672129
SPY,2009,2009-07-13,2009-07-14,0.003107647127805757,0.003107647127805757,0.16578596602696352,1.0,0.020269505611357985,0.029215287718611517,0.015606938552786128,0.014474119628808997,0.01639542580162378,0.018744934823375387,1.7819169853897956,18842346514.01283,23.659372647915028,0.024329229471683034,0.020269505611357985,-0.14202178780926622,0.4887161288863291,0.002544855140900193,1.0,0.0034300178168849005,0.007191790457793501,0.3229222113773045,0.010621808274678417,1300,3266267454.510685,5942291192.952482,-2676023738.4417973,9208558647.463167,0.29008946988881046,0.31705324980448807,-0.010997308961082437,-0.009473228175883657,0.350113205003854,0.369369940476818
IWM,2009,2009-07-14,2009-07-15,0.0183652875882947,0.0183652875882947,0.7270517027635981,1.0,0.006091370558375608,0.01563451776649738,0.012140580518123877,0.017048188883098756,0.021062080189062627,0.025259947151607454,0.742306440112039,2350146017.38,21.577743298227496,0.005887129516849443,0.006091370558375608,-0.06684722456540568,0.21330566412025162,0.019817677368212383,1.0,0.02298850574712641,0.003963535473642588,0.852941176470585,0.026952041220768913,685,172099359.21575534,329200097.80105,-157100738.58529466,501299457.01680535,0.465611300988361,0.47293462086959165,-0.0018730013687772973,-0.0014254421561181534,0.46209785076817034,0.46753693025408544
SPY,2009,2009-07-14,2009-07-15,0.013243538094652507,0.013243538094652507,0.7411735453640896,1.0,0.002544855140900193,0.010621808274678417,0.010808093346794513,0.01375320024677487,0.015931245506249463,0.01786833620477756,0.666728051520625,18623210293.86815,23.647674504990544,0.005660410780475189,0.002544855140900193,-0.0515999640717184,0.20819793642361795,0.015793530460593175,1.0,0.018516545442033516,0.012308005931989996,0.6007077026800719,0.030824551374023484,1305,1458178485.3513877,2419135467.4150405,-960956982.0636528,3877313952.766428,0.5467274239457672,0.5542235882461239,0.0026372066256155307,0.00304133728993689,0.4765434076152458,0.4814547103965687
IWM,2009,2009-07-15,2009-07-16,-0.003497862417411568,0.003497862417411568,0.13521446584779542,0.0,0.019817677368212383,0.026952041220768913,0.017211505116668704,0.018859058669073153,0.021062080189062627,0.025868995565525865,1.2796476406335637,2364477768.2799997,21.58382301771176,-0.03854692230070644,-0.019817677368212383,-0.009867690706311926,0.1691821381175432,-0.015990639625585112,0.0,0.002730109204368225,0.02125585023400922,0.11382113821138463,0.023985959438377474,669,188347734.53483474,211679669.83417246,-23331935.299337715,400027404.36900723,0.424156886747023,0.4172753083559731,-0.0012206975684369709,-0.0013601241952305096,0.4817351468637203,0.48003181478622586
SPY,2009,2009-07-15,2009-07-16,-0.002787926167962085,0.002787926167962085,0.1503066331756462,0.0,0.015793530460593175,0.030824551374023484,0.01412038842725941,0.01499590649745379,0.015931245506249463,0.018548257711981042,1.934848807767837,18611588317.02189,23.6470502514612,-0.02924623077754962,-0.015793530460593175,0.015646960599992252,0.1634680887319164,-0.001182806451612839,0.0,0.001935483870967869,0.016236580645161203,0.1065087496937941,0.018172064516129106,1301,1666807779.774275,1375592990.6745574,291214789.0997176,3042400770.4488325,0.32894024360150964,0.3147294801606082,-0.00762337386666183,-0.008089126766186104,0.39230846032431,0.3866185008654148
IWM,2009,2009-07-16,2009-07-17,0.0028790786948176272,0.0028790786948176272,0.11199301563834843,1.0,0.015990639625585112,0.023985959438377474,0.014211193017322073,0.019008909056338848,0.021062080189062627,0.025707662914577135,1.1388219598002098,2281653691.23,21.548166320178584,0.012436844150796711,0.015990639625585112,0.0010750733635155989,0.19842361208747933,-0.006698564593301426,0.0,0.0003827751196172624,0.009952153110047934,0.03703703703704022,0.010334928229665192,687,227593456.02739763,225140510.9191892,2452945.108208418,452733966.94658685,0.37057529671179495,0.35718846161473894,-0.005804720738638486,-0.0062341730222694736,0.432287042978809,0.42691801211057073
SPY,2009,2009-07-16,2009-07-17,0.010202953386285518,0.010202953386285518,0.5474889357499303,1.0,0.001182806451612839,0.018172064516129106,0.014808239997130105,0.01500088084228943,0.015951125098800176,0.0186359079061751,1.1392340291717722,18665000776.813835,23.6499159909317,-0.001608417293407327,0.001182806451612839,0.024304180911009308,0.29442837683028705,0.0007441952103806049,1.0,0.0027642143900534766,0.0055283543595225915,0.3333363247901669,0.00829256874957609,1262,2974571718.9185786,2520934163.334766,453637555.5838127,5495505882.253345,0.43255682540623824,0.41284771426826167,-0.0034443103490346553,-0.0041502007005159765,0.4214549466398096,0.412629875191473
IWM,2009,2009-07-17,2009-07-20,0.00674373795761074,0.00674373795761074,0.2673819384566683,1.0,0.006698564593301426,0.010334928229665192,0.01644047579807527,0.01903000546800142,0.020892802220027436,0.025221366845253928,0.4946645318720497,2286741688.23,21.550393797741766,-0.0038387715930903177,-0.006698564593301426,0.022990432226610447,0.2349393260424149,0.00555023923444975,1.0,0.009377990430622152,0.004210526315789442,0.6901408450704274,0.013588516746411499,687,294909365.4344334,242336185.63141683,52573179.80301657,537245551.0658503,0.4859039768616872,0.46796007160505415,0.0009059203460117984,0.0002376809538919963,0.49856119398417587,0.48994346541715555
SPY,2009,2009-07-17,2009-07-20,0.005843015165505783,0.005843015165505783,0.31566555216301934,1.0,0.0007441952103806049,0.00829256874957609,0.01285674470798651,0.015103786820463374,0.015347274753763195,0.0185101450743294,0.5403284219918412,18340876950.393326,23.63239811890165,0.010954741585707861,0.0007441952103806049,0.035845386717460036,0.24697885242900133,0.004752820025348603,1.0,0.006442765103506609,0.005175306294888049,0.5545468677698818,0.011618071398394558,1299,2593622284.3869314,1936186457.3627336,657435827.0241978,4529808741.749665,0.5239520429577724,0.5068532842334348,0.0021340179703924146,0.0014937846837537608,0.4966380852485315,0.4883815281690078
IWM,2009,2009-07-20,2009-07-21,0.009516558812333376,0.009516558812333376,0.3787134232936388,1.0,0.00555023923444975,0.013588516746411499,0.01571241646816491,0.019167877604785968,0.020892802220027436,0.025128654615853497,0.6503922548687993,2299329128.58,21.5558832341076,0.012331406551059798,0.00555023923444975,-0.0007515961625701732,0.11964513009524828,-0.01112368024132726,0.0,0.0005656108597285048,0.023567119155354477,0.023437499999999892,0.024132730015082978,687,136687682.8856107,138415849.83513725,-1728166.9495265484,275103532.72074795,0.4636750236325977,0.452972442598387,-0.002076339169216787,-0.0024251481720963058,0.48004741539029877,0.4756032851593951
SPY,2009,2009-07-20,2009-07-21,0.007778892287781725,0.007778892287781725,0.42078677177302226,1.0,0.004752820025348603,0.011618071398394558,0.0114077715959123,0.015229791683011697,0.015347274753763195,0.01848654190103143,0.7570120158007709,18129349159.883636,23.62079796255163,0.01062360599034129,0.004752820025348603,0.037243674050689,0.13569315002815227,-0.0031292687035797684,0.0,0.00031291331032923253,0.0151246996414508,0.020269539812057025,0.015437612951780068,1362,1567616033.1633425,892412462.3015039,675203570.8618386,2460028495.4648466,0.5183905322968245,0.5000658690130098,0.0006966148142004776,-5.6168355981956256e-06,0.4752306111327007,0.4662835688310271
IWM,2009,2009-07-21,2009-07-22,-0.004385128693994322,0.004385128693994322,0.17909055546829197,0.0,0.01112368024132726,0.024132730015082978,0.01690378516492136,0.017132153761835706,0.020892802220027436,0.02448553851724867,1.1550738747696472,2269544567.23,21.542845017134383,0.0017129805862199365,0.01112368024132726,-0.008684490875828897,0.13435080140920178,-0.01225584067407115,0.0,0.0015319800842589215,0.018958253542703973,0.07476635514018758,0.020490233626962857,689,142602646.17742726,162312485.26382324,-19709839.08639598,304915131.4412505,0.35502873769148824,0.34752244756174816,-0.005915758445571484,-0.006112858852476581,0.45108888388625257,0.448457388892393
SPY,2009,2009-07-21,2009-07-22,-0.006382766558543418,0.006382766558543418,0.35961717872045174,0.0,0.0031292687035797684,0.015437612951780068,0.011536999521738506,0.013272897849572878,0.014858428532565983,0.017748781026684653,1.0389801934938583,18045173758.629314,23.616144104179025,-0.004625281340017162,0.0031292687035797684,0.03476540615864442,0.12962933399676926,-0.006213184564165974,0.0,0.0007371524930196438,0.012320956321829835,0.056451703954355587,0.013058108814849503,1363,1483265825.5545778,855918030.6325176,627347794.9220603,2339183856.1870956,0.4395330487797835,0.42270481171135915,-0.0020235243281931307,-0.002627672064305237,0.465022354904741,0.4569563556097925
IWM,2009,2009-07-23,2009-07-24,-0.006601870529983511,0.006601870529983511,0.2605968138512928,0.0,0.031202723146747324,0.038767019667170895,0.014162056635250221,0.018010236585343946,0.022511030718721934,0.02533365789249752,1.722134368326778,2371853313.73,21.586937475415034,-0.03159288687098005,-0.031202723146747324,0.03923823001918157,0.14381544016817785,-0.011814657559534814,0.0,0.003876684511722406,0.012922281705741057,0.23076923076923483,0.016798966217463476,665,217088227.11216348,124020901.2162677,93067325.89589578,341109128.3284312,0.41205568651833824,0.3863167566519904,-0.0004772783700492237,-0.0013901911733158337,0.4384537979320414,0.4258965414177023
SPY,2009,2009-07-23,2009-07-24,-0.004710290611907086,0.004710290611907086,0.258992755200235,0.0,0.021441302986703326,0.026670881427979378,0.008361645050391078,0.013888880130443086,0.014858428532565983,0.018186958968274693,1.79500014887331,18450944453.442955,23.638381396011297,-0.02208268899792709,-0.021441302986703326,0.05829926547290096,0.11112739200231543,-0.008847747186658816,0.0,0.00524686230185778,0.009670802767617337,0.35172141735465257,0.01491766506947522,1375,1563040923.0038617,487364414.08684146,1075676508.9170203,2050405337.090703,0.3729327522284752,0.34577929806048036,-0.004108720011025038,-0.005121499744107969,0.39624068842385346,0.38230974687572383
IWM,2009,2009-07-27,2009-07-28,-0.00599019785805055,0.00599019785805055,0.25044583270799964,0.0,0.005291970802919765,0.01459854014598535,0.012796095765370552,0.017107775754664687,0.021261894658640146,0.023918137480189797,0.6866057978540956,2284872154.55,21.549575909858618,-0.005108556832694733,-0.005291970802919765,0.045947881867316645,0.17111505089752496,-0.006574141709276837,0.0,0.007669831994156273,0.010226442658875179,0.42857142857142505,0.017896274653031355,680,247980525.42967275,142995489.59048808,104985035.83918467,390976015.0201608,0.44910759861441796,0.42548800285922755,-3.2459268985233266e-05,-0.0009270378312196859,0.5042401299828532,0.49190155642315003
SPY,2009,2009-07-27,2009-07-28,-0.007015699176730061,0.007015699176730061,0.40088378587136586,0.0,0.004801808483913206,0.01082964888117029,0.008795706904030537,0.013185064863382343,0.014598454591413559,0.01750058102619604,0.7418352958771414,17933248714.4914,23.609922296912124,-0.002957373097233873,-0.004801808483913206,0.06327461051308746,0.1395296013349194,-0.0023550582692992705,0.0,0.006143825265458758,0.0072701102899810355,0.45801809916756564,0.01341393555543991,1371,1818469185.7083554,683749858.0645858,1134719327.6437697,2502219043.772941,0.5207171848611611,0.4962665681653234,0.0028152452967991647,0.0018911096880008978,0.5072357543178991,0.4944895119310734
IWM,2009,2009-07-28,2009-07-29,-0.005442670537010086,0.005442670537010086,0.2300764476970957,0.0,0.006574141709276837,0.017896274653031355,0.01232895322387612,0.01710187934207804,0.02012114118835015,0.023655922157558545,0.889426423954176,2313722420.45,21.56212350193221,-0.0005445634416407774,-0.006574141709276837,0.045511521349643175,0.16786068677744745,-0.00036483035388545915,0.0,0.0050711419190075935,0.005654870485224395,0.4727891156462541,0.010726012404232049,690,246842030.9222866,141541003.58682835,105301027.33545825,388383034.509115,0.4040502246437656,0.37988115912509757,-0.002139969039031974,-0.00299650013441965,0.4840617737487091,0.47228809944812056
SPY,2009,2009-07-28,2009-07-29,-0.0045969660291854675,0.0045969660291854675,0.26264816291190124,0.0,0.0023550582692992705,0.01341393555543991,0.010216153818521742,0.013230837247613987,0.014598454591413559,0.017502372673085877,0.918859970515622,18066068616.329338,23.61730135375881,0.004677163287791775,-0.0023550582692992705,0.05621974355695008,0.1579251411549926,-0.002155172369557201,0.0,0.004720843499161798,0.006670710043704453,0.41441612694856167,0.011391553542866336,1361,1934378090.520946,918708345.8286467,1015669744.6922994,2853086436.3495927,0.4368360148059294,0.41362861897942393,-0.0009473796723074835,-0.0017582074735332876,0.4768231215640679,0.4656776739593033
IWM,2009,2009-07-29,2009-07-30,0.014040846097738813,0.014040846097738813,0.6008225129486077,1.0,0.00036483035388545915,0.010726012404232049,0.01412800957516104,0.017153158749407142,0.02012114118835015,0.023369374141510937,0.5330717728098968,2329904776.45,21.56909323521249,-0.005079825834542695,0.00036483035388545915,0.03755169472272815,0.17536026711856437,0.0034166516813523007,1.0,0.014925373134328401,0.004135946772163224,0.7830188679245311,0.019061319906491552,705,248032298.42868376,160540425.5304072,87491872.89827657,408572723.95909095,0.48182257303935955,0.4526434656514467,-0.00028523602845075685,-0.0013105191664054966,0.47624505331681527,0.46205543362237106
SPY,2009,2009-07-29,2009-07-30,0.012083973126800318,0.012083973126800318,0.7065059698597795,1.0,0.002155172369557201,0.011391553542866336,0.010537930308325548,0.013045088838437776,0.013846589834395902,0.01710385140722679,0.8226974063006414,17962909752.8525,23.61157489966284,-0.002451700913798205,0.002155172369557201,0.03297074681348029,0.15281120775168985,-0.001618982057695284,0.0,0.01011838490097361,0.002327269000763521,0.8130054861610214,0.012445653901737186,1363,1668592241.7813475,1076341692.2866518,592250549.4946957,2744933934.0679994,0.5193934194831201,0.4958270609546024,0.0009887761411016237,0.000214336399825345,0.4528922718749204,0.4421742516537985
IWM,2009,2009-07-30,2009-07-31,-0.003942652329749108,0.003942652329749108,0.16647674740545843,0.0,0.0034166516813523007,0.019061319906491552,0.008325146682240676,0.017232685104949946,0.02012114118835015,0.02368290101287645,0.9473279735012138,2398834942.3,21.598249015727493,-0.017505470459518557,-0.0034166516813523007,0.015676176301078548,0.12977892693129728,0.00017992083483264754,1.0,0.0007196833393307012,0.012594458438287104,0.05405405405405473,0.013314141777617885,685,174461392.0848384,136856832.612156,37604559.47268239,311318224.6969944,0.38692177689888285,0.3747880891229661,-0.002503838805444806,-0.0028940644670079133,0.4785474103604479,0.4734533059867642
IWM,2009,2009-07-31,2009-08-03,0.012056865215044121,0.012056865215044121,0.5420137101581392,1.0,0.00017992083483264754,0.013314141777617885,0.009174295235736684,0.014361911797126784,0.019406684328114494,0.022244576085587178,0.686059584033614,2382313217.25,21.59133779262293,-0.004121863799283143,-0.00017992083483264754,0.016607562750645042,0.14564603050355623,0.005334281650070993,1.0,0.006045519203413896,0.011024182076813771,0.3541666666666626,0.01706970128022761,682,193269439.87789458,153705023.63072413,39564416.24717045,346974463.5086187,0.4668589714783474,0.444920323407813,-0.0005302578085689732,-0.0012779622235873896,0.4691719877886036,0.4592223131768861
SPY,2009,2009-07-31,2009-08-03,0.010525270934627518,0.010525270934627518,0.6314504021331248,1.0,0.0016218550102005125,0.011049204033467666,0.005829173181171575,0.011013046967999705,0.013236022185144705,0.016668404832860556,0.8347828281723955,18348016304.286037,23.632787302294744,0.0014188710128482107,0.0016218550102005125,0.04925707800788057,0.17721535333046487,0.005908863294942446,1.0,0.006810215322984536,0.0054081121682523214,0.5573770491803326,0.012218327491236844,1373,2077659931.333631,1173890260.9435492,903769670.3900819,3251550192.27718,0.5141458957245276,0.4848922367492527,0.001423862153603411,0.00043454985019127394,0.4621031637731263,0.4489384220508549
IWM,2009,2009-08-03,2009-08-04,-0.005836575875486361,0.005836575875486361,0.2666190590093986,0.0,0.005334281650070993,0.01706970128022761,0.011356138599892929,0.014185661626460523,0.018478797279761455,0.021891067717258038,0.9237452536439085,2357034187.1,21.580669965292458,-0.017455461579989118,-0.005334281650070993,0.04892912822740887,0.15918682998448222,-0.016011385874399542,0.0,0.0008895214374666782,0.019747375911759457,0.04310344827586374,0.02063689734922618,682,245268214.19325113,129940586.2162488,115327627.97700234,375208800.40949994,0.4015401798534664,0.3745356670929705,-0.0021384789462942423,-0.0031375653893568577,0.46991224447195445,0.4564636410050286
SPY,2009,2009-08-03,2009-08-04,-0.0044802867383513245,0.0044802867383513245,0.2661812047168847,0.0,0.005908863294942446,0.012218327491236844,0.008957930840303274,0.011243472575234541,0.013028484504326584,0.016831717112095277,0.9378164810480684,18446592898.0811,23.638145523609268,-0.01649632661666489,-0.005908863294942446,0.11838463342811059,0.19683749810731035,-0.00710071007100721,0.0,0.0021002100210020247,0.00850085008500856,0.198113207547163,0.010601060106010625,1365,2907387166.449641,723594028.2127216,2183793138.2369194,3630981194.662363,0.4485144399155057,0.4020673487183465,0.0003423253820038787,-0.0014172777347166102,0.4722656475605467,0.4485798046184686
IWM,2009,2009-08-05,2009-08-06,0.004244782454899232,0.004244782454899232,0.2000463838208594,1.0,0.011019765611334664,0.020465278992478603,0.012628543830432527,0.012735334546975214,0.018478797279761455,0.021218991185066434,1.107500595555145,2372102387.6,21.587042482243053,-0.009980738924881827,-0.011019765611334664,0.04358163281370779,0.17762173619598076,-0.01814019020781965,0.0,0.0031701303275801784,0.020605847129270938,0.13333333333333458,0.02377597745685103,711,262358519.886523,158978424.63362026,103380095.25290275,421336944.5201433,0.3799960977013999,0.34664030290133335,-0.0029379206817421407,-0.004151627076085603,0.4178908669150075,0.4006324531066051
SPY,2009,2009-08-05,2009-08-06,0.004581217010257932,0.004581217010257932,0.2870517422445898,1.0,0.0035724918130395356,0.012702193113029683,0.007756693087394963,0.009725526182584885,0.012573923507383435,0.01595955131446089,1.0102012395391882,18303555321.92849,23.630361157810697,-0.0028798411122145096,-0.0035724918130395356,0.11114835683101772,0.2221233649069376,-0.009715475364330373,0.0,0.0014870625557648065,0.014374938039060203,0.0937499999999976,0.015862000594824965,1361,3050028698.032511,1015618599.8345301,2034410098.197981,4065647297.8670416,0.42882848901197473,0.3761928506613698,-0.0013540825473955138,-0.0032770667082027707,0.42626008339333443,0.39891602675089793
IWM,2009,2009-08-06,2009-08-07,0.015605381165919141,0.015605381165919141,0.7172400837449807,1.0,0.01814019020781965,0.02377597745685103,0.013398713708940897,0.01340868485332946,0.019406684328114494,0.021757541888118643,1.225143721352067,2418420411.55,21.606380441498935,-0.013972408914043166,-0.01814019020781965,0.008986563328896762,0.155710672890038,0.008300953726598559,1.0,0.021547156481808605,0.005828329212292482,0.7870967741935486,0.0273754856941011,709,199153578.8988719,177420290.71458125,21733288.184290648,376573869.61345315,0.4558053457163798,0.4300309775649738,-0.0006932743480659764,-0.0015482781730241021,0.4216106433394122,0.4089075493404048
SPY,2009,2009-08-06,2009-08-07,0.010511562718990897,0.010511562718990897,0.6491108886031195,1.0,0.009715475364330373,0.015862000594824965,0.008440666497103278,0.01003267852467619,0.012850526653416672,0.016193785843912865,1.2343463441327214,18545923400.74625,23.643515839085474,-0.0051787670550741405,-0.009715475364330373,0.18071558297959975,0.3549406179961416,0.0025757875965921606,1.0,0.010798494154943494,0.0054487814543292545,0.6646341463414647,0.016247275609272843,1368,4967119436.215419,1615582076.9545593,3351537359.2608595,6582701513.169978,0.45872425599316596,0.3701278773969206,-0.001026619917393631,-0.004261121234357613,0.40917817820756175,0.3611220490185268
IWM,2009,2009-08-07,2009-08-10,-0.0028025923979682066,0.0028025923979682066,0.12373391383902715,0.0,0.008300953726598559,0.0273754856941011,0.016780387922213556,0.013869289225027788,0.01976329944948508,0.022650155571852893,1.3851677835511598,2463409336.4,21.624812136510755,-0.02403587443946198,-0.008300953726598559,0.109253398239112,0.41989430354747576,-0.00456701212014754,0.0,0.0038643948708940723,0.01089056736342875,0.2619047619047619,0.014754962234322789,689,651753694.4578416,382617853.2021858,269135841.2556558,1034371547.6600275,0.29742693126989106,0.2540115256628353,-0.006610821944005549,-0.008665533504970844,0.3999020566044883,0.3715786241824781
SPY,2009,2009-08-07,2009-08-10,-0.00454545454545463,0.00454545454545463,0.2735179738353884,0.0,0.0025757875965921606,0.016247275609272843,0.00960957553892506,0.009924137959079564,0.012880150963939593,0.01661848573136267,1.26141965686273,18899186341.482265,23.662384707370077,-0.013114425868455237,-0.0025757875965921606,0.05260266365745056,0.15979479164608637,-0.002481635894381551,0.0,0.0046654754814373645,0.004764740917212684,0.4947368421052602,0.00943021639865002,1370,2007069543.1190975,1012922000.5986223,994147542.5204751,3019991543.71772,0.35073293575821624,0.3272156042144549,-0.004816670041651837,-0.005723252280832111,0.4104673327503696,0.3979704347554247
IWM,2009,2009-08-10,2009-08-11,-0.003846826368246181,0.003846826368246181,0.17940639427672625,0.0,0.00456701212014754,0.014754962234322789,0.015401881165243828,0.013455855261668514,0.018478797279761455,0.02144196913245258,0.7984806592625416,2481054994.5,21.63194970767401,-0.0017516202487299903,-0.00456701212014754,0.08028447201520068,0.3588665494524932,0.012287168685272909,1.0,0.017377567140600347,0.0012287168685272132,0.9339622641509476,0.01860628400912765,706,544778917.5760993,345588727.30199015,199190190.27410913,890367644.8780894,0.3789538845051796,0.34004561777077735,-0.0026323613507961254,-0.004115435155041666,0.4698489457533789,0.44882662144296204
SPY,2009,2009-08-10,2009-08-11,-0.004455886721457469,0.004455886721457469,0.2852447260359952,0.0,0.002481635894381551,0.00943021639865002,0.007278473933677679,0.009241757934660812,0.012573923507383435,0.0156212764505072,0.7499820078524079,18579758948.248116,23.6453385965261,0.0020750988142292925,-0.002481635894381551,0.05116982762275694,0.22042771132780828,0.008056494927392133,1.0,0.010741993236522918,0.000696240302367146,0.9391304347826153,0.01143823353889005,1359,2523108402.319465,1572385339.6652334,950723062.6542318,4095493741.9846983,0.46493419162342825,0.44279902975747026,0.0015401702821682133,0.0008138376320379363,0.49143100190540623,0.48113535749137054
IWM,2009,2009-08-12,2009-08-13,0.008228291316526803,0.008228291316526803,0.39120073001200834,1.0,0.014564831261101308,0.0280639431616342,0.017603340089936012,0.012548014498027374,0.0188338019578096,0.021033425260413567,1.4900837985076743,2506302443.7,21.642074373967308,0.015105740181268867,0.014564831261101308,0.0770518961089321,0.4382117152899422,0.0,0.0,0.0032991838860914058,0.014933148115992445,0.18095238095238328,0.018232332002083768,723,645703224.1993428,452587868.68980783,193115355.509535,1098291092.8891506,0.30174225475897304,0.26136229351302237,-0.009655887106031505,-0.011487871078455116,0.3603994658817927,0.33605020167642485
SPY,2009,2009-08-12,2009-08-13,0.004563492063492047,0.004563492063492047,0.29878406009870734,1.0,0.012454801124949677,0.020590598633989526,0.010845549584714152,0.008464696483623264,0.012573923507383435,0.01527354592472047,1.6375635355105096,18614311376.504955,23.647196550651298,0.010728968214178236,0.012454801124949677,0.04896273382659844,0.2333056222128932,0.0030614260319967723,1.0,0.0034564487458028648,0.00987556784515109,0.25925925925925836,0.013332016590953923,1368,2627115535.5266304,1715707962.233395,911407573.2932353,4342823497.760025,0.2882824269147071,0.2611791133159099,-0.009841227387713444,-0.011013777698103917,0.329271666379548,0.3136870664422392
IWM,2009,2009-08-14,2009-08-17,-0.02038645630207403,0.02038645630207403,0.9361921847778588,0.0,0.01895652173913054,0.030086956521739077,0.015420426669260657,0.013590439353167196,0.0188338019578096,0.021775930875679507,1.5974977643461552,2609032386.3,21.682245256324073,0.02048966834519894,0.01895652173913054,0.024956343109995647,0.1801409857599031,0.007962359753890702,1.0,0.01049583785740138,0.0019905899384726755,0.8405797101449275,0.012486427795874009,717,267552786.6825939,202440879.2650004,65111907.41759351,469993665.9475943,0.3577978698043179,0.3322547687532186,-0.008733523179751871,-0.009668388542994713,0.3949720520081581,0.381344276213206
SPY,2009,2009-08-14,2009-08-17,-0.019247941264014412,0.019247941264014412,1.2561744590065398,0.0,0.007190701339637395,0.018715524034672887,0.009866875565386643,0.008661638376797611,0.012880150963939593,0.01532266567434978,1.4530516053010962,18787455427.15148,23.65645521954905,0.007679432903416217,0.007190701339637395,0.019873090096702305,0.27394253905484217,0.005462822458270011,1.0,0.0074860900354071225,0.001011633788568611,0.8809523809523726,0.008497723823975756,1386,2760024018.242556,2386659223.850996,373364794.3915601,5146683242.093552,0.48451747708182813,0.46252137952422623,-0.0030189092029469663,-0.0036912055600415885,0.42317500031129485,0.4133747612795824
IWM,2009,2009-08-17,2009-08-18,0.006931776723823502,0.006931776723823502,0.3080776184270572,1.0,0.007962359753890702,0.012486427795874009,0.01887925967636594,0.015243705566040851,0.0188338019578096,0.022500098381748303,0.6629796694180701,2631037488.0,21.690644087477743,-0.028186491756780674,-0.007962359753890702,-0.005512331273161804,0.22869473916751362,0.006340579710144789,1.0,0.012499999999999956,0.005163043478260909,0.7076923076923054,0.017663043478260896,709,293600640.9160734,308103791.14203686,-14503150.225963473,601704432.0581102,0.4608524493054893,0.45075251328814137,2.894603052488098e-05,-0.0003562777274407889,0.4619545490442582,0.4565943470220066
IWM,2009,2009-08-18,2009-08-19,-0.01116111611161108,0.01116111611161108,0.5014451536906732,0.0,0.006340579710144789,0.017663043478260896,0.020362913438157153,0.0154083181327707,0.01841930800560571,0.022257900050413178,0.9589417513885617,2634345571.0,21.691900627941443,-0.013316307916818593,-0.006340579710144789,-0.006220324774535007,0.19110270571455137,-0.02366648461678489,0.0,0.002002548698343376,0.02439468414345547,0.07586206896551782,0.026397232841798703,712,243522040.69263345,259908525.71261132,-16386485.019977868,503430566.40524477,0.41380833603684014,0.4059532594810446,-0.003368401880887138,-0.003605948575732997,0.47080000153372115,0.46751991742850196
SPY,2009,2009-08-18,2009-08-19,-0.007871631849833527,0.007871631849833527,0.4971718461467803,0.0,0.005683548157921381,0.011062620521668561,0.01494710343577629,0.010586720619170084,0.012573923507383435,0.015832818995767474,0.879806570731289,18993210881.31489,23.667347430222062,-0.007934086054318001,-0.005683548157921381,-0.026583059349755096,0.41772984791152334,-0.016783643576441687,0.0,0.0010171905197844389,0.02024209134370869,0.04784688995215681,0.021259281863493067,1383,3714566720.351376,4219464372.451784,-504897652.1004081,7934031092.80316,0.4873569073697055,0.4914689792571176,0.0008687966644627982,0.001147501592539298,0.4909582371241397,0.49480664093048693
IWM,2009,2009-08-20,2009-08-21,0.010555946516537462,0.010555946516537462,0.4889061895381888,1.0,0.013010158617002388,0.019782569951880224,0.020180745258750438,0.014148534796632797,0.01841930800560571,0.02159094473012993,1.0740126581226408,2552546039.25,21.660357144765015,0.010848301618353373,0.013010158617002388,0.1297034362116712,0.37518907349445907,0.012360724233983378,1.0,0.016538997214484707,0.0012186629526462767,0.931372549019606,0.017757660167130974,719,644380687.9486876,313306695.5694712,331073992.3792164,957687383.5181587,0.39020875312734526,0.3368813969438136,-0.00600935383407827,-0.008264292402841,0.4129474763420864,0.3819240873131013
SPY,2009,2009-08-20,2009-08-21,0.008218635508466132,0.008218635508466132,0.5275265880720388,1.0,0.008991907283444789,0.013487860925167293,0.015042216493375723,0.009827656012713978,0.012573923507383435,0.015579566403473485,1.072685142171192,18632738918.20258,23.648186027297385,0.010304121648659459,0.008991907283444789,0.06176417664659004,0.4312865863146574,0.011294441170693448,1.0,0.012865841681398482,0.0019642506383813485,0.867549668874178,0.014830092319779916,1395,4593443069.838755,3442607291.8850975,1150835777.9536572,8036050361.723852,0.445669782735267,0.41564246844550506,-0.0028858444585819635,-0.004002900401865694,0.4203702990560378,0.40500187103068097
IWM,2009,2009-08-21,2009-08-24,0.004299226139294898,0.004299226139294898,0.19435906990908033,1.0,0.012360724233983378,0.017757660167130974,0.019843059281073997,0.01489328908366075,0.01841930800560571,0.022120018074309796,0.9640785724266422,2578206545.25,21.67035985665984,0.023047149894440455,0.012360724233983378,0.04122583863831386,0.2324111968622003,-0.0046232876712327675,0.0,0.00633561643835634,0.009589041095890316,0.39784946236560037,0.015924657534246572,726,352746397.9751161,246457670.96439493,106288727.01072115,599204068.9395111,0.3717815068335816,0.35114006462001507,-0.005945039175838917,-0.006802416183418244,0.42620143661702514,0.41587301373913255
SPY,2009,2009-08-21,2009-08-24,0.004078857919782575,0.004078857919782575,0.25658508002898933,1.0,0.011294441170693448,0.014830092319779916,0.016875107617910667,0.01060581904254119,0.012573923507383435,0.015896707319543832,1.179432363420348,19033405828.53489,23.669461473787734,0.019605901574413442,0.011294441170693448,0.17603911140747613,0.3194435046771942,-0.004159009575394168,0.0,0.005416384563303955,0.007737692233291349,0.4117647058823534,0.01315407679659541,1386,4715360856.46184,1364737007.348681,3350623849.1131587,6080097863.81052,0.37382715436190295,0.32339635092892055,-0.005733419984970683,-0.008007168143100773,0.3976353650624785,0.3702445763109803
IWM,2009,2009-08-24,2009-08-25,0.00464476174092554,0.00464476174092554,0.20931891824141532,1.0,0.0046232876712327675,0.015924657534246572,0.008327226926796405,0.014903863580935933,0.01841930800560571,0.02218988030297655,0.8645632902929948,2586991079.9,21.673761292096426,-0.00034393809114352525,-0.0046232876712327675,0.05956318755908938,0.19348498912964995,-0.000342465753424559,0.0,0.011472602739726057,0.003424657534246478,0.7701149425287411,0.014897260273972559,668,327316687.9393639,173227253.033589,154089434.9057749,500543940.9729529,0.4258683946770677,0.40045666974188476,-0.001915709305134091,-0.0028145704935240872,0.4541782177295815,0.44325420813526045
SPY,2009,2009-08-24,2009-08-25,0.0039821289821291295,0.0039821289821291295,0.24862502974306766,1.0,0.004159009575394168,0.01315407679659541,0.007029611186148865,0.01062085945494978,0.012928134954812546,0.016016605352422938,1.0174767545800376,19233960007.06483,23.67994330395123,-9.711566475678612e-05,-0.004159009575394168,0.07062366501103964,0.15644376227461865,-0.00203153719647875,0.0,0.008609848118409591,0.00415981425945644,0.6742424242424179,0.01276966237786599,1466,2183702907.6597266,825330159.2850463,1358372748.3746803,3009033066.9447727,0.43734622559587955,0.4115752483836774,-0.0011056550563120736,-0.001993454978503497,0.43453649312294546,0.42374691293734656
SPY,2009,2009-08-25,2009-08-26,-0.00310197751066299,0.00310197751066299,0.1939749509047812,0.0,0.00203153719647875,0.01276966237786599,0.007791235805981271,0.010492824553718931,0.012735927745447836,0.01599163962250824,1.0026487769946881,19427866534.537086,23.689974291658377,-0.0019425019425018952,0.00203153719647875,0.06462036975895387,0.15792726262307105,-0.0032088681446906797,0.0,0.0034033450019448352,0.007779074290159338,0.3043478260869643,0.011182419292104295,1467,2161812849.747602,906376930.6582099,1255435919.0893922,3068189780.405812,0.39135190815216886,0.3699954585752837,-0.002478547014435904,-0.0031776186624071657,0.45502171398093666,0.44730259716237636
IWM,2009,2009-08-27,2009-08-28,0.010270455323519334,0.010270455323519334,0.46851473213080214,1.0,0.00034223134839139746,0.023442847364818695,0.01004658052403877,0.014427831637418374,0.01841930800560571,0.02192130709915858,1.2727322523562845,2433149059.45,21.612452164571913,-0.001538198598530105,-0.00034223134839139746,0.019885419258858467,0.21289049161141724,-0.016435106743476924,0.0,0.002710945442222945,0.023043036258895366,0.10526315789473548,0.025753981701118315,666,283189244.29831415,234805055.13185376,48384189.166460395,517994299.4301679,0.360114632135926,0.34366982363623844,-0.006494366359045833,-0.006967159814908927,0.408963670127283,0.4036350917441476
SPY,2009,2009-08-27,2009-08-28,0.008027079303674967,0.008027079303674967,0.5103528471802463,1.0,0.0028125303074386654,0.017263117059451084,0.008367780598745333,0.010286667371653301,0.012961869587230699,0.01572848931484449,1.331838508578865,19381355500.958702,23.687577384253036,0.002229330231656501,0.0028125303074386654,0.052299089556614775,0.1713165419279796,-0.008155041734625446,0.0,0.0011513000095941806,0.014966900124724236,0.07142857142857192,0.016118200134318264,1465,2166987024.6871486,1153359777.613921,1013627247.0732276,3320346802.3010693,0.399960791672535,0.37473692783479806,-0.004739846427982234,-0.00553329061209026,0.39913160824718963,0.3901891631366828
IWM,2009,2009-08-28,2009-08-31,-0.010163652024117065,0.010163652024117065,0.45053348523154696,0.0,0.016435106743476924,0.025753981701118315,0.004046036210238382,0.014488761653026122,0.019194426980503936,0.02255914900286171,1.3417426697487254,2434834723.4,21.613144715776915,0.006333447449503704,0.016435106743476924,-0.014118447956374826,0.3544916082645783,0.004524886877828038,1.0,0.009223807866341804,0.002784545770970981,0.7681159420289938,0.012008353637312874,671,414376194.81590426,448752282.14060146,-34376087.3246972,863128476.9565058,0.37787210035191277,0.3750867021957997,-0.005078490563916658,-0.005084875891566112,0.4352950891726533,0.43521855049879676
SPY,2009,2009-08-28,2009-08-31,-0.009769781389050047,0.009769781389050047,0.6110497580502443,0.0,0.008155041734625446,0.016118200134318264,0.0011868240853343502,0.010301021784403184,0.013243046693774668,0.015988520182421403,1.2171066452476647,19116583804.1655,23.673822057275785,0.00019342359767904327,0.008155041734625446,0.05164417934841105,0.18308475743895286,-0.0008791638175245087,0.0,0.005665722379603388,0.0020513822408907423,0.7341772151898868,0.007717104620494207,1465,2243607695.6791544,1256347413.1679013,987260282.5112531,3499955108.8470554,0.4647354369463483,0.4432319286789205,-0.0012527507249451733,-0.0018964906791128964,0.45521745368256056,0.44750116955347946
IWM,2009,2009-08-31,2009-09-01,-0.005944055944056004,0.005944055944056004,0.26283605172210733,0.0,0.004524886877828038,0.012008353637312874,0.00757004971913533,0.014497673330361515,0.019194426980503936,0.02261507089727769,0.6256166776695098,2444392438.6,21.617062437624007,0.01464254952627031,0.004524886877828038,0.003076204138289791,0.30193907173962536,0.01653183257122759,1.0,0.020400984875131867,0.022335561027084117,0.4773662551440319,0.04273654590221596,681,372788517.00673443,365269066.87150884,7519450.135225594,738057583.8782432,0.4457028417332241,0.4403232766304385,-0.00035838431050762764,-0.00043014399560241823,0.5158760257816062,0.5150439460494722
SPY,2009,2009-08-31,2009-09-01,-0.004977552215498671,0.004977552215498671,0.3133064220329518,0.0,0.0008791638175245087,0.007717104620494207,0.004564317871332243,0.010022202257877817,0.013243046693774668,0.015887169446450605,0.5827287933766697,19135742990.613503,23.67482378394998,0.008899206809827809,-0.0008791638175245087,-0.0009974350562126449,0.18685273320495335,0.017165277096615972,1.0,0.01922511034820995,0.01265326140264822,0.6030769230769262,0.03187837175085826,1464,1778239609.4090738,1797326270.2945871,-19086660.885513306,3575565879.703661,0.5156394434994495,0.516481829414012,0.0037427073617723175,0.0038652037069078836,0.5326920335454243,0.5341124233633722
IWM,2009,2009-09-01,2009-09-02,-0.004828326180257525,0.004828326180257525,0.20361194109499273,0.0,0.01653183257122759,0.04273654590221596,0.009981714820504537,0.015190175301824375,0.019194426980503936,0.023713374344802925,2.2265080351512503,2542186853.25,21.656290513404816,0.02237762237762242,0.01653183257122759,-0.007387418167648566,0.14029403350046987,0.00017969451931709735,1.0,0.0032345013477088624,0.007367475292003656,0.30508474576270794,0.010601976639712551,656,168936725.1045266,187716922.449783,-18780197.34525639,356653647.5543096,0.19376768899894636,0.1872381439055616,-0.015586813576851299,-0.01566865860239737,0.31826880880476127,0.3173185858703533
SPY,2009,2009-09-01,2009-09-02,-0.004191616766467066,0.004191616766467066,0.24735904528111397,0.0,0.017165277096615972,0.03187837175085826,0.010057077723520632,0.011260924607417788,0.013409938758060607,0.01694547600514651,2.3772197864584896,19855570387.9685,23.711750428791056,0.022057388249072774,0.017165277096615972,-0.08099864589024337,0.3374352352453471,-0.0004008819402685493,0.0,0.0021046301864101613,0.006614552014431618,0.24137931034483637,0.008719182200841898,1457,2545847374.9954176,4154121689.79928,-1608274314.8038626,6699969064.794698,0.17102695929878242,0.1797401837634007,-0.017981840942782747,-0.017241835996015562,0.2668215589050247,0.2754130361182322
IWM,2009,2009-09-02,2009-09-03,0.005032350826743359,0.005032350826743359,0.2167568167806092,1.0,0.00017969451931709735,0.010601976639712551,0.00843698659812806,0.015074694369791032,0.01841930800560571,0.02321657469179787,0.5755903878954605,2510068704.15,21.643575961886807,-0.005007153075822668,-0.00017969451931709735,-0.019649348654345346,0.1453951039338012,0.006080114449213081,1.0,0.006974248927038573,0.01269670958512159,0.354545454545453,0.019670958512160254,655,157815242.5033334,207136457.61753756,-49321215.11420417,364951700.12087095,0.4615547816095026,0.4617019255576671,-0.00017365277298908317,-6.776324555220464e-05,0.482430335354099,0.48362635142087995
SPY,2009,2009-09-02,2009-09-03,0.005810458825886711,0.005810458825886711,0.3470161959439443,1.0,0.0004008819402685493,0.008719182200841898,0.009631777712932882,0.011274245290052344,0.013409938758060607,0.0167440565996675,0.6502029843798405,19784920034.909,23.708185870072775,-0.003792415169660779,0.0004008819402685493,-0.0938548780890763,0.3761004259692071,0.002490039840637559,1.0,0.003685258964143401,0.008067729083665376,0.3135593220338958,0.01175298804780869,1461,2792102797.5087337,4649014055.387241,-1856911257.8785076,7441116852.895975,0.5078851354294484,0.5351178637764106,0.0020702275356982063,0.0031013258721557376,0.48273460973071514,0.4943808055980963
IWM,2009,2009-09-04,2009-09-08,0.01069237510955312,0.01069237510955312,0.4807979027711356,1.0,0.015305214450969995,0.022067983626979926,0.015849647162136375,0.014282164768961022,0.01841930800560571,0.022238813954733063,1.1980897230375747,2450493776.05,21.619555382441238,0.014041948098115986,0.015305214450969995,0.02447103699533698,0.4566096946029142,0.0003468609087755592,1.0,0.0011238293444328917,0.01144640998959412,0.08940397350993483,0.01257023933402709,648,589442669.2795476,529476545.428985,59966123.85056257,1118919214.7085326,0.39216837607667115,0.3708811698258097,-0.005811055374390573,-0.00645583286172362,0.4127067951815795,0.40569489001277087
SPY,2009,2009-09-04,2009-09-08,0.00921026846952766,0.00921026846952766,0.5674060176062954,1.0,0.011998016856717975,0.015270203272186478,0.014270767058739949,0.011420266651887652,0.013243046693774668,0.01623223614790488,1.1530732787769102,19153305479.8315,23.67574114759056,0.014008941877794223,0.011998016856717975,-0.01763867623295422,0.2893419102924821,-0.0005825242718446866,0.0,0.0004854368932039055,0.005922330097087425,0.07575757575757838,0.006407766990291229,1459,2602007520.9001474,2939846475.049763,-337838954.14961576,5541853995.949911,0.44996061458405695,0.4464683354022755,-0.003011187124113179,-0.003040174614434921,0.4232506974608119,0.42293546075169763
IWM,2009,2009-09-10,2009-09-11,0.0031986531986532007,0.0031986531986532007,0.144444496582332,1.0,0.01244247485938299,0.023180501107891587,0.0025432119386807686,0.014276337255798065,0.01895164525712201,0.022144514151357774,1.2231392469305733,2411752993.2,21.603619703104663,0.01244247485938299,0.01244247485938299,0.02198119731167334,0.31607956383035096,-0.0028528276556469834,0.0,0.0067125356603456865,0.008222856183923488,0.44943820224719033,0.014935391844269182,680,407659526.2838736,354646307.87332565,53013218.41054797,762305834.1571993,0.38360158726828647,0.36829772597121374,-0.004249728590009528,-0.004701450558553202,0.4098402614884514,0.40467718031888095
IWM,2009,2009-09-11,2009-09-14,-0.007404914170313082,0.007404914170313082,0.33697675577012937,0.0,0.0028528276556469834,0.014935391844269182,0.006384210135471984,0.01420565166877403,0.018714309339645616,0.0219745547534572,0.7980733658510748,2380615793.45,21.590625027906913,-0.00033670033670030186,0.0028528276556469834,0.01252737306357741,0.32263612270548564,-0.018141742963716512,0.0,0.001949813496100239,0.019159036961681863,0.0923694779116411,0.02110885045778226,649,398947755.70787185,369124893.54227936,29822862.16559249,768072649.2501512,0.4483281747836571,0.43984661445832474,-0.0008832612840955264,-0.001077277169362457,0.4926237268820697,0.49041059284484834
SPY,2009,2009-09-11,2009-09-14,-0.008494798129235481,0.008494798129235481,0.5413498716881392,0.0,0.0020954376607296155,0.00971521097247353,0.005210371762990829,0.011086060981254335,0.012961869587230699,0.01569188167117395,0.7495223514703779,18846150961.621002,23.659574536972745,0.0001908579062888105,0.0020954376607296155,0.1182502399720047,0.26685715446003694,-0.013477088948787186,0.0,0.007027339237581698,0.015209857527916704,0.31601731601731387,0.022237196765498537,1406,3628896045.95139,1400334172.1910791,2228561873.7603106,5029230218.142469,0.5396897949587223,0.4985199357251715,0.0028769635383836803,0.0015605004967225678,0.516755936417956,0.5017390775549004
IWM,2009,2009-09-15,2009-09-16,0.004459861248761188,0.004459861248761188,0.21500510544758733,1.0,0.008831861356440651,0.015830694884185897,0.006206385262010499,0.011115164915175458,0.018714309339645616,0.020743048121935812,0.8459139259095776,2338388193.8,21.572727722911754,0.00815986677768521,0.008831861356440651,-0.026174780760696636,0.27215515576704513,0.01611577043249457,1.0,0.016280217069560843,0.0031244861042591943,0.8389830508474558,0.01940470317382009,633,287598802.41067094,348805600.71678734,-61206798.3061164,636404403.1274583,0.4325717800458549,0.43069092386797225,-0.0009969618113696288,-0.0009475247500704315,0.4464564348907932,0.44702606587384863
SPY,2009,2009-09-15,2009-09-16,0.003594400302686207,0.003594400302686207,0.23693149034994315,1.0,0.0025604551920341834,0.012802275960170643,0.003918302309284252,0.008865337341705684,0.012978176378383027,0.015170631381153044,0.986446445703622,18498547402.177498,23.64095804714671,0.0041793313069908855,0.0025604551920341834,0.10886725420827008,0.26836680675520325,0.011498586239396813,1.0,0.011687087653157402,0.0034872761545711173,0.7701863354037289,0.015174363807728554,1402,3489141079.224364,1475255016.707772,2013886062.5165918,4964396095.932136,0.4304492965816469,0.3866032703353786,-0.0007412847369598751,-0.0021368663910944024,0.43024938782909616,0.414169011514501
IWM,2009,2009-09-17,2009-09-18,0.006973726889393461,0.006973726889393461,0.34347021337471895,1.0,0.0012957563977973319,0.016034985422740556,0.00903412245138665,0.011514556331592811,0.01858118167047553,0.020303731205317848,0.8629690892167132,2400691244.75,21.599022551476736,-0.0021039003074931895,-0.0012957563977973319,0.015459645430252468,0.19283186399906194,-0.0028990175551619757,0.0,0.0,0.013367692059913061,0.0,0.013367692059913115,675,250021801.52135858,212907966.09001213,37113835.43134645,462929767.6113707,0.4407172488896183,0.4244537490414883,-0.0012686639613157034,-0.0017332935183215579,0.4508400960393854,0.44573610266766295
IWM,2009,2009-09-18,2009-09-21,-0.009529962849297302,0.009529962849297302,0.47674225037896756,0.0,0.0028990175551619757,0.013367692059913115,0.008426796277422391,0.011422943784800335,0.016896322794935765,0.019989759333731868,0.791159841235972,2400956718.35,21.59913312751326,-0.004054492377554286,0.0028990175551619757,0.07417829588688322,0.3643203499510071,-0.0044031311154599795,0.0,0.0037508153946509415,0.010437051532941943,0.2643678160919504,0.014187866927592913,622,526408134.85593,348309256.9905635,178098877.86536646,874717391.8464935,0.45329513759870566,0.4218558689768684,-0.0008858639184669802,-0.0018996465825068714,0.48912729060893617,0.4775653962705907
SPY,2009,2009-09-18,2009-09-21,-0.007777361319340259,0.007777361319340259,0.5290835065018005,0.0,0.004013065795613668,0.007466168922071835,0.007419814810165277,0.0092009670810049,0.012978176378383027,0.01469968582230562,0.5752864427476719,18953624963.2645,23.66526104111851,0.004106009705113878,0.004013065795613668,0.0650914352683894,0.2530243431516118,-0.0052885069411654495,0.0,0.0021720653508358057,0.010482576258381338,0.17164179104477828,0.012654641609217145,1396,3014723579.5348263,1781004927.1371658,1233718652.3976605,4795728506.671992,0.5659897019087191,0.5429107670530751,0.0047291110638887895,0.003966979035985281,0.5355101630889609,0.5268182705452721
IWM,2009,2009-09-21,2009-09-22,0.007144016885858084,0.007144016885858084,0.36960256713411177,1.0,0.0044031311154599795,0.014187866927592913,0.010118343668028265,0.01071157683111482,0.015979821478493562,0.019328915762822203,0.8878614161420795,2405053347.8,21.60083792229554,-0.005168793409788264,0.0044031311154599795,-0.022228002463583255,0.1728373238703084,-0.00016121231662091784,0.0,0.003385458649040718,0.0070933419313234936,0.3230769230769205,0.010478800580364317,687,181111726.32956526,234571258.0695128,-53459531.73994756,415682984.3990781,0.4194111460200583,0.41557827631411454,-0.0025252051257619395,-0.0025494297049760773,0.43554721228632476,0.43525250912372004
SPY,2009,2009-09-21,2009-09-22,0.005918271488961846,0.005918271488961846,0.414793752827157,1.0,0.0052885069411654495,0.012654641609217145,0.007857613488445951,0.00836697744410356,0.012785969169018316,0.014267986074100705,0.9897287754987404,18605728870.5,23.64673537403246,-0.0025299850074962382,0.0052885069411654495,0.02746819465741903,0.25833152682989186,-9.338812103110161e-05,0.0,0.002708255509899171,0.0044826298094883255,0.3766233766233744,0.00719088531938747,1299,2658756064.6286597,2147690282.2706046,511065782.3580551,4806446346.899264,0.46019875934934323,0.4423887021507445,-0.00016984878869857238,-0.0006844522072144204,0.43332633856508984,0.42706595098174993
IWM,2009,2009-09-24,2009-09-25,-0.004817275747508454,0.004817275747508454,0.23746192383947742,0.0,0.021615472127417545,0.03250446936453762,0.010854373397055877,0.01219112306670196,0.01953783084299017,0.020286518653680655,1.663668276470909,2581604161.15,21.671676810549968,0.0200227901676705,0.021615472127417545,-0.058537529635953135,0.46295874673589754,0.0013353363378401095,1.0,0.006676681689200437,0.007177432815890672,0.48192771084336644,0.01385411450509106,696,522027748.461282,673148478.5529001,-151120730.09161806,1195176227.014182,0.29448623084642245,0.3002748181994132,-0.008186877247833128,-0.007878758690565351,0.38294050382380407,0.3867090529132232
IWM,2009,2009-09-25,2009-09-28,0.006518468995487137,0.006518468995487137,0.329130042327639,1.0,0.0013353363378401095,0.01385411450509106,0.009685320397079656,0.01229457750443824,0.017719844298280323,0.019805147380007927,0.7818417742212089,2604390673.95,21.680464578438215,-0.006146179401993468,-0.0013353363378401095,-0.02129454979642181,0.5375140788487673,0.01727000996346728,1.0,0.022583859182995658,0.0029890401859846705,0.8831168831168849,0.02557289936898039,759,672218663.5873948,727677990.4831597,-55459326.89576483,1399896654.0705545,0.439625799790071,0.43554330431590194,-0.001154646868798041,-0.0012368156186517761,0.4513433027732606,0.45033917406323204
SPY,2009,2009-09-25,2009-09-28,0.0038295835327908367,0.0038295835327908367,0.2637419504620865,1.0,0.003149456003054052,0.012120633708723001,0.0064796287596059245,0.009250435145812547,0.012728458784693895,0.014520191141686989,0.9522467655941338,18726994018.4115,23.653231850314867,-0.005332825445195755,-0.003149456003054052,-0.04757883714471593,0.3101053968396366,0.014020028612303337,1.0,0.01621363853123503,0.00019074868860269323,0.9883720930232601,0.016404387219837852,1325,2458166656.5404644,3349175255.1525345,-891008598.6120701,5807341911.692999,0.4433911470780158,0.45577340209693,0.00020667060524423748,0.0006829513334245026,0.4369461119502779,0.44276641655574445
SPY,2009,2009-09-29,2009-09-30,0.0033962264150944055,0.0033962264150944055,0.23378371731293227,1.0,0.004788282790348375,0.011642099333395876,0.01150485230399027,0.009790522418208393,0.012728458784693895,0.01452721538578485,0.914651139649022,18402086817.754498,23.635729909138867,-0.0030097817908201208,-0.004788282790348375,-0.02731651599604502,0.5510584055902419,-0.007239563745769062,0.0,0.0009402030838661091,0.016359533659270342,0.05434782608695638,0.017299736743136417,1336,4818971861.2036,5321652760.1214,-502680898.91779995,10140624621.325,0.4421701475027793,0.4466186711667593,0.00012794378228970886,0.0003622168011898092,0.4441302164783943,0.44706893055686864
SPY,2009,2009-09-30,2009-10-01,-0.024528837958139982,0.024528837958139982,1.7762736177758705,0.0,0.007239563745769062,0.017299736743136417,0.011053642101965112,0.00817450377070608,0.012728458784693895,0.013809155139540568,1.3591383714059342,18134344876.3775,23.621073484208107,0.0038679245283018693,0.007239563745769062,-0.009409332786258757,0.347484043399909,0.0002912621359223433,1.0,0.0004854368932039055,0.02650485436893213,0.017985611510792105,0.026990291262135934,1215,3065381698.1247272,3236013783.9273496,-170632085.80262232,6301395482.052076,0.6221172066528073,0.6130690111603387,0.0012874229612166459,0.0010595365978203286,0.4783710952666017,0.47554343487460693
IWM,2009,2009-10-01,2009-10-02,-0.011293634496919891,0.011293634496919891,0.5644961287645691,0.0,0.028105770829868648,0.030600365873939734,0.019405460168375757,0.013819221167955207,0.01953783084299017,0.020006575636996187,1.5662110149202468,2736375068.45,21.729899913733014,0.029880478087649487,0.028105770829868648,-0.05831578365082867,0.21304401875295237,-0.0038075458636206427,0.0,0.004326756663205256,0.012807199723087637,0.2525252525252513,0.017133956386292868,716,211697242.45936066,371271098.93861234,-159573856.47925168,582968341.3979731,0.3601782843295672,0.36340831107110144,-0.007876794593474127,-0.007745356419543965,0.39794921390320387,0.39960405926458037
SPY,2009,2009-10-01,2009-10-02,-0.009225988151888909,0.009225988151888909,0.6279840982366776,0.0,0.0002912621359223433,0.026990291262135934,0.015129056444690727,0.010157825093815508,0.013352710248444047,0.01469143594207982,2.0213343029203403,18728566003.9825,23.65331578901828,0.024812955772327006,0.0002912621359223433,-0.1318127764273985,0.2899239033807422,-0.004606939815722466,0.0,0.00029405998823761603,0.010586159576553511,0.027027027027028683,0.010880219564791212,1249,1480597338.5548763,3949261622.0435977,-2468664283.4887214,5429858960.5984745,0.258666975992872,0.28768050847526105,-0.012994475380429693,-0.011592911598249028,0.3202532166541094,0.3378993178913901
IWM,2009,2009-10-02,2009-10-05,0.005344827586206913,0.005344827586206913,0.26905615310201375,1.0,0.0038075458636206427,0.017133956386292868,0.019422080972515465,0.01383877198084994,0.01826932978005648,0.0198651007404406,0.9378535826200352,2807864911.45,21.75569021349475,-0.007529089664613187,0.0038075458636206427,-0.16849790031422773,0.4049852933053291,0.012519293431658252,1.0,0.01680672268907557,0.003944434916823947,0.8099173553718974,0.020751157605899517,734,332012326.39000005,805131668.33532,-473119341.94531995,1137143994.72532,0.3791482839923661,0.42328836256385355,-0.004575438168476623,-0.003029539414384705,0.4206676763357332,0.43844899410714216
SPY,2009,2009-10-02,2009-10-05,0.0040003902819787385,0.0040003902819787385,0.2732625741904814,1.0,0.004606939815722466,0.010880219564791212,0.01511529244271295,0.010120958498117375,0.013352710248444047,0.014639363966432565,0.814832297140504,19158645493.984497,23.676019912521703,-0.004661551908322847,0.004606939815722466,-0.08490370648265683,0.20386184478305885,0.010884353741496433,1.0,0.013799805636540263,0.00291545189504383,0.8255813953488317,0.016715257531584052,1291,1139538400.160891,2766178413.7874265,-1626640013.6265354,3905716813.9483175,0.4462376009546043,0.47031807773155204,-0.00015361073357682406,0.0006866484176884999,0.44396862201738657,0.4536334949202434
IWM,2009,2009-10-05,2009-10-06,0.008130081300813163,0.008130081300813163,0.40905774300013903,1.0,0.012519293431658252,0.020751157605899517,0.01717449675259683,0.014048311312936572,0.01826932978005648,0.019875143399523426,1.135846681609103,2846077280.9,21.769207490461845,0.017931034482758568,0.012519293431658252,-0.3083250323454035,0.5727060970019265,0.010416666666666519,1.0,0.015540994623655768,0.0026881720430108613,0.8525345622119753,0.01822916666666668,736,376224470.8095421,1253741340.5005527,-877516869.6910105,1629965811.3100948,0.39518573461363893,0.49650584042454515,-0.0053614507255908325,-0.0019620515367235513,0.41538339987064044,0.4575141909732971
SPY,2009,2009-10-05,2009-10-06,0.007210151893866534,0.007210151893866534,0.48825758862651963,1.0,0.010884353741496433,0.016715257531584052,0.014075592701536781,0.01018525073123042,0.013352710248444047,0.014767106670372222,1.2518250767503798,19209963613.6555,23.678694919589503,0.01492828568640836,0.010884353741496433,-0.10739729651195497,0.3710917494014317,0.007063090579364495,1.0,0.012789920778848884,0.0005726830199485056,0.9571428571428537,0.013362603798797421,1290,2532780422.564821,4595878580.764446,-2063098158.1996255,7128659003.3292675,0.4164353410663433,0.4457152977247429,-0.0036297419407141465,-0.0025670800510428733,0.39787730336286586,0.4110475089195169
IWM,2009,2009-10-06,2009-10-07,-0.0026604589291653324,0.0026604589291653324,0.1302245356491549,0.0,0.010416666666666519,0.01822916666666668,0.02082574862684728,0.014408666826448108,0.018816934920243385,0.020429782420825993,0.9687638685010076,2884651507.9,21.782669935121497,-0.018631436314363148,-0.010416666666666519,-0.09270169718287068,0.46056847225118275,-0.0030010003334444146,0.0,0.002167389129709818,0.007169056352117398,0.2321428571428495,0.009336445481827195,709,530583723.70355827,797995814.2670153,-267412090.56345707,1328579537.9705737,0.3806640727479548,0.4050397837179704,-0.0023604134073491644,-0.0015414839333304283,0.46167940800963664,0.4733780555376677
IWM,2009,2009-10-07,2009-10-08,0.009474734042553168,0.009474734042553168,0.48374003919259223,1.0,0.0030010003334444146,0.009336445481827195,0.020113678324006092,0.013972965349916834,0.017681561526479775,0.019586416824969446,0.5280328588538407,2882353789.95,21.781873085473226,0.00033255736614568043,0.0030010003334444146,-0.12173733260367801,0.4845460637833098,-0.0003293265272517054,0.0,0.009550469290301455,0.005927877490531808,0.6170212765957499,0.015478346780833277,732,522871560.6712811,873761622.6798961,-350890062.008615,1396633183.3511772,0.5018077399803798,0.5361510366801174,-0.00039221244611021503,0.0006773209493216963,0.487277929154715,0.5022909583127978
SPY,2009,2009-10-07,2009-10-08,0.007088846880907385,0.007088846880907385,0.47061142033193293,1.0,0.005034672746271562,0.007979481333713342,0.01636861529074016,0.01038460077616585,0.013632874167757436,0.01506305749211836,0.5853117424486535,19633750670.269997,23.700515895260178,0.002748554639370626,0.005034672746271562,-0.0030545164906883924,0.4088380781149422,0.0005631159080243808,1.0,0.005818864382918898,0.006569685593618035,0.46969696969697255,0.012388549976536907,1318,3983526637.5123696,4043498252.7087736,-59971615.19640398,8027024890.221144,0.5482561671050048,0.5407782382383177,0.0031127476382268537,0.0028737666700592076,0.491363151686877,0.48800857831997535
IWM,2009,2009-10-09,2009-10-12,0.0060240963855420215,0.0060240963855420215,0.31171214255726193,1.0,0.009367296631060062,0.013804437140509388,0.007458441307057103,0.014048957604111489,0.016584470904516712,0.019325831634663983,0.8323712718956748,2926681245.45,21.797134937273967,0.011694943172459338,0.009367296631060062,-0.038391954974605534,0.17437280690146434,-0.005826185466904055,0.0,0.003884123644602777,0.010519501537465614,0.2696629213483191,0.014403625182068305,730,198986304.53732553,311347319.1376644,-112361014.60033885,510333623.67498994,0.46102945762091047,0.4605244882332738,-0.0018038210795803936,-0.0018147624541241126,0.4686501153567215,0.46849450539394416
SPY,2009,2009-10-09,2009-10-12,0.00466157001678158,0.00466157001678158,0.31379626238134944,1.0,0.005813953488372103,0.008439609902475673,0.0053078279823801176,0.010341141180336463,0.013082439879484032,0.014855403252434155,0.6451097792324446,19683730995.035,23.703058293682965,0.0060969890254198855,0.005813953488372103,0.03925608802376295,0.2711528578158544,-0.0007423904974016571,0.0,0.003062360801781683,0.0044543429844098315,0.4074074074074014,0.007516703786191558,1324,3055003094.1797085,2282296817.6025434,772706276.5771651,5337299911.782251,0.5410280959163419,0.519228271021931,0.003522792197731854,0.002818248827974796,0.49659757027559226,0.4865774428130985
SPY,2009,2009-10-12,2009-10-13,-0.002693164933135317,0.002693164933135317,0.19046564481617173,0.0,0.0007423904974016571,0.007516703786191558,0.004540466668676625,0.01032567396302545,0.012728458784693895,0.014139898750426252,0.5905431217823852,19531724208.290997,23.695305863052845,-0.00391571881409658,0.0007423904974016571,0.04947564398386606,0.21419393195883174,-0.0006518297793089989,0.0,0.005866468013781545,0.0029797932768413915,0.6631578947368442,0.008846261290622857,1327,2574960719.7149057,1608616086.3944423,966344633.3204634,4183576806.1093483,0.48982749975466816,0.4700869573042258,0.0032294912555498466,0.002599678660730604,0.5185477171373779,0.5095721230890543
IWM,2009,2009-10-13,2009-10-14,0.014713094654242198,0.014713094654242198,0.7769857705973211,1.0,0.0024461839530331986,0.0145140247879974,0.006706730980339926,0.013846728496162898,0.015756666101786915,0.018936118537835327,0.9211355177699304,2856200028.35,21.772757916908883,-0.0042324597102392225,-0.0024461839530331986,-0.09289970358794025,0.30091688064197913,0.004349927501208439,1.0,0.006283228612856462,0.00837763815047532,0.4285714285714275,0.014660866763331781,704,297069333.49951637,562409469.5210979,-265340136.02158153,859478803.0206143,0.5148136108423575,0.5375053514887064,-0.0011677886699991034,-0.0003964188663474408,0.4610230125354937,0.4718836567250624
SPY,2009,2009-10-13,2009-10-14,0.011725293132328396,0.011725293132328396,0.841133415194001,1.0,0.0006518297793089989,0.008846261290622857,0.0037191006161588053,0.010324237240616988,0.012521595792877026,0.01393987317650916,0.706480342997104,19338088326.114,23.68534247648694,-0.002043090638930267,0.0006518297793089989,0.035586741333419984,0.23477666027250663,0.0054267844002944265,1.0,0.006438557763061015,0.011957321559970535,0.3499999999999985,0.01839587932303164,1328,2614155670.2020197,1925976123.0577722,688179547.1442475,4540131793.259792,0.626840989119332,0.6052672020518921,0.005004893187741535,0.004295243808702319,0.498527809291165,0.4885361692650619
IWM,2009,2009-10-14,2009-10-15,-0.005614372794353617,0.005614372794353617,0.2962741792787215,0.0,0.004349927501208439,0.014660866763331781,0.009306607614853031,0.013734638405846109,0.01506960677208253,0.018949922696678424,0.9728765312238958,2854885418.55,21.772297545641305,-0.019127023050514946,-0.004349927501208439,-0.022082746553347528,0.2044404558124384,-0.005000806581706652,0.0,0.0025810614615261462,0.00742055170188749,0.2580645161290369,0.010001613163413527,707,260305182.56197944,323348893.6986666,-63043711.13668713,583654076.260646,0.392790965322063,0.39164568615663375,-0.0032048107116586706,-0.003230766497457342,0.4614749779910542,0.4611086693529002
SPY,2009,2009-10-14,2009-10-15,-0.004848595736895112,0.004848595736895112,0.3437677570995581,0.0,0.0054267844002944265,0.01839587932303164,0.006999368954683382,0.01048486084164315,0.012521595792877026,0.014104277195173126,1.4691321799012416,19278190693.1785,23.682240278010404,-0.017215708170482014,-0.0054267844002944265,0.05978580004003231,0.1608284727390382,-0.008549365692222866,0.0,0.00045964331678616244,0.008549365692222866,0.05102040816326392,0.009009009009008915,1319,2126522010.13591,973959956.2199284,1152562053.9159818,3100481966.3558383,0.3487014348472159,0.3193008813467858,-0.004628070110852978,-0.005637112526427818,0.3983446849499043,0.3841042779764541
IWM,2009,2009-10-15,2009-10-16,-0.00658105939004805,0.00658105939004805,0.35294571407848596,0.0,0.005000806581706652,0.010001613163413527,0.009805778158354959,0.013723750974024342,0.01458744577566459,0.018646095213907577,0.6856315572462076,2788087882.95,21.748621851209435,0.0006416426050690482,-0.005000806581706652,-0.03351052706523232,0.23187352962745356,0.0033931168201648543,1.0,0.012118274357731496,0.0021005008886734178,0.8522727272727297,0.014218775246404953,707,276526741.93465436,369957036.3964966,-93430294.46184224,646483778.331151,0.45309137014866246,0.4589773479662219,-0.0005385712489855464,-0.00029184168536165386,0.5051654632435644,0.5087458845810829
SPY,2009,2009-10-15,2009-10-16,-0.008294594840944303,0.008294594840944303,0.5985265247652908,0.0,0.008549365692222866,0.009009009009008915,0.007071931774873436,0.01048445070772044,0.012254591842629954,0.01385835798037019,0.7351537386720091,19003639047.842503,23.667896326607362,-0.0036593175372792164,-0.008549365692222866,0.06668707835864,0.16252991131565345,-0.000827205882353077,0.0,0.005238970588235192,0.0043198529411765385,0.5480769230769144,0.009558823529411693,1317,2177978467.7016573,910681301.4188733,1267297166.282784,3088659769.1205306,0.5742842358105432,0.5437941114575585,0.005147263887554843,0.004200666000325257,0.5175941752891053,0.5038575998106463
IWM,2009,2009-10-16,2009-10-19,0.003242542153047978,0.003242542153047978,0.1715265153011237,1.0,0.0033931168201648543,0.014218775246404953,0.01094587726861391,0.013894817231235763,0.01458744577566459,0.01890402861245987,0.9747268620614399,2825316976.75,21.761886399409693,-0.009951845906902013,-0.0033931168201648543,-0.050626984762417275,0.2727121294380391,0.005009696186166757,1.0,0.010342598577892659,0.00808015513897864,0.5614035087719298,0.01842275371687137,693,313730464.7680071,456767744.2989282,-143037279.5309211,770498209.0669353,0.3790776781816226,0.38535680680743317,-0.004337549563664767,-0.0040745063896477154,0.43556120949067184,0.4393653171511863
SPY,2009,2009-10-22,2009-10-23,0.0032927833165645737,0.0032927833165645737,0.22869243652735174,1.0,0.010537018208707005,0.020149736574544847,0.00913411078684765,0.01056605961399309,0.012254591842629954,0.014398304406410725,1.6442601135396542,19641394101.116,23.70090512009879,0.010163540607964539,0.010537018208707005,0.02040823149068487,0.18546792281919894,-0.01467772814294832,0.0,0.0006381620931716903,0.01878019874190906,0.03286384976525937,0.01941836083508077,1264,2021847341.4112997,1621001223.795952,400846117.6153476,3642848565.2072515,0.29914809009655075,0.27807147472913474,-0.00873835085235837,-0.009430935811146861,0.34163867096410827,0.33162476358136084
IWM,2009,2009-10-23,2009-10-26,0.003030403942855253,0.003030403942855253,0.14539341200284686,1.0,0.022970554742150595,0.027818448023426076,0.015296994558133466,0.014751250598374248,0.017681561526479775,0.020842787173850193,1.573302673622201,2926304254.45,21.7970061172041,-0.020899902184545183,-0.022970554742150595,-0.18017122877574757,0.6367854929341237,-0.01195219123505975,0.0,0.015438247011952289,0.016932270916334757,0.47692307692307706,0.0323705179282869,734,668096131.924606,1195331965.2205603,-527235833.29595435,1863428097.1451664,0.35488857510963107,0.41179075141834637,-0.003856584284936128,-0.0018948034187958119,0.3875903227605682,0.41634678122836616
SPY,2009,2009-10-27,2009-10-28,-0.0025371170832549916,0.0025371170832549916,0.16910022533683347,0.0,0.005699336634588437,0.01149210501728491,0.008960077260637106,0.010554603305286127,0.012612171751814762,0.0150036292275854,0.9111916046997469,21172065159.368,23.775948468557292,0.004583294359741807,0.005699336634588437,-0.053135284368897036,0.2757517193278421,0.016391898257183346,1.0,0.016957136128120665,0.0031088082901553626,0.8450704225352151,0.020065944418276114,1276,2356624833.2484965,3481608536.1683326,-1124983702.919836,5838233369.416829,0.40101666274922476,0.4205535114340375,-0.0013111965755489155,-0.0006371688111674141,0.4670547581906364,0.47729663354188123
IWM,2009,2009-10-28,2009-10-29,0.008798169980644088,0.008798169980644088,0.40336049780037825,1.0,0.033339003231842135,0.03759142711345456,0.017416833585967403,0.01552623684112755,0.018325960191769027,0.02181217553186944,2.051266439525416,3087240784.15,21.850543578825352,-0.033339003231842135,-0.033339003231842135,-0.12155196592960252,0.24426063970689424,0.010116867259724271,1.0,0.01587301587301604,0.00366300366300365,0.8125000000000021,0.019536019536019616,716,189415611.12710637,564675797.7385865,-375260186.6114802,754091408.8656929,0.3512669581242978,0.3747152301334033,-0.004845029378882612,-0.003932265153035078,0.3457109890508465,0.3596699501823637
SPY,2009,2009-10-28,2009-10-29,0.007470548798007792,0.007470548798007792,0.4935467444950763,1.0,0.016391898257183346,0.020065944418276114,0.010908270489868543,0.011366203641731269,0.012612171751814762,0.015136456437678558,1.5909983477182532,21128354969.9935,23.77388181272748,-0.018887427175342975,-0.016391898257183346,-0.07618110658213662,0.27420938919265175,0.013879646354216346,1.0,0.01587603384352132,0.0023766517729821857,0.869791666666669,0.018252685616503485,1294,2092005924.5465772,3701587386.420868,-1609581461.8742907,5793593310.967445,0.40806039440464137,0.4255868582310131,-0.003139988669477149,-0.002506984947487542,0.37194633554210244,0.3816269015646742
IWM,2009,2009-10-29,2009-10-30,-0.004144361940942809,0.004144361940942809,0.19297920129736476,0.0,0.010116867259724271,0.019536019536019616,0.019381862919128474,0.014871785701333557,0.018325960191769027,0.021475692266736533,1.0660297922503443,3116774810.3,21.860064589468898,-0.01900404715819115,-0.010116867259724271,-0.16248914715110904,0.434702506311424,0.02323565111843251,1.0,0.02930466447026192,0.00121380267036586,0.9602272727272733,0.030518467140627798,716,424213870.4290082,930655951.2167149,-506442080.7877067,1354869821.645723,0.37038479457139206,0.42680080416773025,-0.003302927609048335,-0.0014495086438831364,0.4514592224993205,0.48065450110569696
SPY,2009,2009-10-29,2009-10-30,-0.003281762775433794,0.003281762775433794,0.21888190609672115,0.0,0.013879646354216346,0.018252685616503485,0.015556819749299624,0.010854206147979786,0.012612171751814762,0.014993303164966157,1.4472278030845172,20733605370.9245,23.755021668721497,-0.021453883727612366,-0.013879646354216346,-0.04385121895031818,0.31217701907557477,0.025776105362182444,1.0,0.02690498588899337,0.0030103480714958053,0.8993710691823886,0.029915333960489246,1285,2781680625.317317,3690874494.06722,-909193868.7499032,6472555119.384537,0.338631729840797,0.34762679077248065,-0.0039131688437487894,-0.0035422202345119797,0.4055226293506515,0.41136585648864027
IWM,2009,2009-10-30,2009-11-02,0.005325758920646351,0.005325758920646351,0.2388763097026555,1.0,0.02323565111843251,0.030518467140627798,0.020358689939477925,0.015987831161954104,0.018979386626445494,0.02229504854322164,1.6079796329194318,3251396847.7,21.902350540243106,-0.027283716111207057,-0.02323565111843251,-0.04409432037181392,0.12675670829833952,-0.007239978809818193,0.0,0.009005827300017533,0.022956030372594083,0.2817679558011017,0.031961857672611726,711,134384113.76382995,277752248.0222196,-143368134.25838965,412136361.78604954,0.3800997088992315,0.3709900287882427,-0.0036646975719032983,-0.003906178362141832,0.3974012999868065,0.3935481572726517
SPY,2009,2009-10-30,2009-11-02,0.0055040556199303925,0.0055040556199303925,0.34488219577821677,1.0,0.025776105362182444,0.029915333960489246,0.019006201694935547,0.012803763521003248,0.013099198662945018,0.015959233869729486,2.283752978349254,21267713550.699,23.780455963939357,-0.02897327707454289,-0.025776105362182444,-0.0982693034510942,0.23238939714371423,0.0018246422740804125,1.0,0.012292326899068451,0.010083549409392045,0.5493562231759668,0.022375876308460562,1273,1426213867.0237772,3516177263.6483655,-2089963396.6245883,4942391130.672143,0.287829822757601,0.30547411850785094,-0.00888187454424864,-0.008086962230933753,0.2984994793435878,0.31118334784267526
IWM,2009,2009-11-02,2009-11-03,-0.006047669868374128,0.006047669868374128,0.26536991618974504,0.0,0.007239978809818193,0.031961857672611726,0.020903022303603226,0.0153313049347695,0.018979386626445494,0.022789583518766,1.6840300638629027,3382454631.1,21.941867505088517,0.0019527782709035657,0.007239978809818193,-0.05388774245989733,0.13194376158474927,-0.02129563350035779,0.0,0.0034001431639227864,0.021653543307086576,0.1357142857142892,0.025053686471009407,709,132010471.6870428,314283315.73004663,-182272844.04300383,446293787.41708946,0.2673306847876651,0.2657486110121448,-0.011079651361285575,-0.011020781091595629,0.36988580329546794,0.3708300067872026
SPY,2009,2009-11-02,2009-11-03,-0.005559815950920255,0.005559815950920255,0.3433804740273282,0.0,0.0018246422740804125,0.022375876308460562,0.02012113951734344,0.012464654243804248,0.013099198662945018,0.016191415562195808,1.708186652039822,21814305974.353,23.805831828867518,-0.007338740826573931,-0.0018246422740804125,-0.09755611404124334,0.30453994735745366,-0.00877192982456143,0.0,0.001927896664738693,0.010217852323115562,0.15873015873015234,0.012145748987854164,1287,2257604335.852146,4385723257.216703,-2128118921.3645573,6643327593.06885,0.27532855771296966,0.3021190053554385,-0.010265742677185222,-0.009120565692009633,0.35564981933224915,0.3740169868983535
IWM,2009,2009-11-03,2009-11-04,0.006833712984054774,0.006833712984054774,0.2991362050780291,1.0,0.02129563350035779,0.025053686471009407,0.023914119761967386,0.015096864404650186,0.019840193753237294,0.022844820747365612,1.26277428449616,3462598269.05,21.965285089010205,0.015119174670935598,0.02129563350035779,-0.1975322630704733,0.3520736304485729,-0.021058127392969084,0.0,0.0038287504350853485,0.021058127392969084,0.1538461538461559,0.024886877828054293,702,267557335.59001398,951532207.7793641,-683974872.1893501,1219089543.369378,0.3759211233736511,0.43835409545176074,-0.00661395905920511,-0.004592806226084909,0.4023174350118557,0.43419211197408214
SPY,2009,2009-11-03,2009-11-04,0.008217869087434382,0.008217869087434382,0.5204242235097297,1.0,0.00877192982456143,0.012145748987854164,0.020431143811637124,0.012042575914278606,0.012612171751814762,0.01579071210792851,0.9630180453343823,21940917103.586998,23.811619091447998,0.0031633435582822944,0.00877192982456143,-0.07538372050687143,0.34901364441956595,-0.005591887024926634,0.0,0.00777177518718597,0.00815088617192683,0.4880952380952356,0.01592266135911281,1283,3001845738.814624,4655833701.415861,-1653987962.6012373,7657679440.230485,0.4737218822443604,0.4956101615280079,-0.002066948041494985,-0.0013724158764854989,0.4371492990904912,0.44810244822240375
IWM,2009,2009-11-04,2009-11-05,0.013155555555555587,0.013155555555555587,0.5566819004078755,1.0,0.021058127392969084,0.024886877828054293,0.01953475268141986,0.015307716750393203,0.02075663128599868,0.023632087815171714,1.198984434667954,3616720434.55,22.008833494850116,-0.014368319607499513,-0.021058127392969084,-0.05918066870031145,0.1350560172920841,0.018424284962273996,1.0,0.02061063344446401,0.0038603263730478954,0.8422486734547547,0.02447095981751179,715,137209961.86523438,351249895.6839844,-214039933.81875002,488459857.5492188,0.4978604889520096,0.49368057114349373,0.0002335724503076289,0.00013429176742025834,0.4461487555793743,0.4445796659651207
SPY,2009,2009-11-04,2009-11-05,0.007052992756385823,0.007052992756385823,0.4354957019400653,1.0,0.005591887024926634,0.01592266135911281,0.018466534248762444,0.012040359864511902,0.014379227443102712,0.016195321159234964,1.1073377496890793,22398251313.413002,23.832248726394578,0.002580028666985257,-0.005591887024926634,-0.08663166578278599,0.4116258496943535,0.01126254022335793,1.0,0.011546469808820792,0.0020821502933938696,0.847222222222225,0.01362862010221463,1289,3639650703.324427,5580048525.22687,-1940397821.9024425,9219699228.551296,0.443482820863924,0.46691488569915635,-0.001934999572533477,-0.001113387508204301,0.42786838585843023,0.4408536204437612
IWM,2009,2009-11-05,2009-11-06,-0.010509993108201221,0.010509993108201221,0.4311231379605619,0.0,0.018424284962273996,0.02447095981751179,0.023418367945652187,0.0170179989432509,0.02291992720952709,0.02437816990737029,1.0676717946704466,3663726920.85,22.02174675064507,-0.031822222222222196,-0.018424284962273996,-0.11952772816552495,0.45050745377198503,-0.011318126414765706,0.0,0.0027860003482499396,0.020024377503047086,0.12213740458014921,0.022810377851297147,716,606309665.4799669,1044226620.9480414,-437916955.46807456,1650536286.4280083,0.4675193131778144,0.5003723492511348,0.000716396703779511,0.0016664237369246005,0.47221483274423837,0.48740289236470213
SPY,2009,2009-11-05,2009-11-06,-0.005521759475900723,0.005521759475900723,0.3350192272580614,0.0,0.01126254022335793,0.01362862010221463,0.01765709643514763,0.012640604338999155,0.01477564073066372,0.016481918130768585,0.9223708366115934,22382440033.318996,23.831542561291915,-0.018394967594357547,-0.01126254022335793,-0.018539192481055063,0.35439449307951887,-0.008187464709203729,0.0,0.0019762845849803368,0.010728402032749829,0.15555555555556255,0.012704686617730176,1301,3758630562.758721,4173582926.7320943,-414952363.9733734,7932213489.490815,0.4718575297752957,0.4726716758748055,0.0018404781836347467,0.0018385191349022077,0.4842464049270549,0.48421508566148547
IWM,2009,2009-11-06,2009-11-09,0.008780991735537258,0.008780991735537258,0.35385981145182693,1.0,0.011318126414765706,0.022810377851297147,0.017719505470167984,0.016723553466901585,0.02364066883440447,0.024814888414455245,0.9648787016592782,3720732830.65,22.037186483316567,0.000689179875947632,0.011318126414765706,-0.12271770548716616,0.4399750344871389,0.010752688172043001,1.0,0.011606076122205211,0.0006827103601297901,0.9444444444444389,0.01228878648233497,696,590214879.8872635,1046814675.5954003,-456599795.7081368,1637029555.4826639,0.45049010027202824,0.4785282850355154,-0.002450280272004288,-0.0016296921943904225,0.43858344874627336,0.4515648263407077
SPY,2009,2009-11-06,2009-11-09,0.007654251843554727,0.007654251843554727,0.4585705855097935,1.0,0.008187464709203729,0.012704686617730176,0.006768184626913776,0.012578831749583168,0.01477564073066372,0.016691545610247733,0.8598399791465072,22574065258.4985,23.840067529345628,0.002620496022461394,0.008187464709203729,-0.014855621592712783,0.3650637073844473,0.015006947660954006,1.0,0.01556276053728567,0.0007410838351088467,0.9545454545454543,0.016303844372394544,1302,3952810091.3582287,4288161862.6476865,-335351771.2894578,8240971954.005915,0.5337744746870792,0.5299900661365209,0.001692785613896533,0.0015520604738598173,0.4694487929206631,0.46722257707658416
IWM,2009,2009-11-10,2009-11-11,0.007646559048428037,0.007646559048428037,0.3016045661652546,1.0,0.004230118443316444,0.01928934010152285,0.019007447278228836,0.017468459152869684,0.02364066883440447,0.025352928656386282,0.8159388482888821,3839733210.85,22.06866872479131,-0.0062478892266125685,-0.004230118443316444,-0.08961730644889268,0.3180694357155003,-0.0006745362563237434,0.0,0.009106239460371146,0.00843170320404718,0.5192307692307745,0.01753794266441832,709,438597613.9171952,782704161.7559303,-344106547.8387351,1221301775.6731255,0.4630749833171654,0.4768942213693483,-0.0012698648017867948,-0.000869058373428223,0.4596631377759857,0.4660966454155396
SPY,2009,2009-11-10,2009-11-11,0.006569942513003024,0.006569942513003024,0.37610450420797803,1.0,0.002561522276095518,0.008782362089470386,0.010454953774276054,0.013538903630869225,0.01611325286575368,0.01746839625555237,0.5450396740273338,22906822047.590004,23.854700609149717,0.00018253171488558095,0.002561522276095518,0.03639816349435945,0.17769327441374969,-0.0014504578007433766,0.0,0.004623334239869381,0.006255099265705666,0.4249999999999987,0.010878433505575094,1277,2452077235.0368605,1618310981.0124817,833766254.0243788,4070388216.049342,0.5621675671243618,0.5362486342734479,0.0038324548224149624,0.0029548587067891596,0.5076785667163001,0.4935919131228345
IWM,2009,2009-11-12,2009-11-13,0.003094378545642096,0.003094378545642096,0.11835681955423592,1.0,0.018724696356275272,0.029183535762483077,0.014232316608889593,0.01726998338710556,0.024678918822783044,0.026144488820300932,1.1825289418895235,3978598273.3,22.104195401570173,-0.018393520080998926,-0.018724696356275272,-0.11167631684004511,0.369011376289229,0.006512425021422352,1.0,0.010454155955441191,0.012339331619537264,0.45864661654135097,0.02279348757497855,718,511916411.5920378,956231612.940345,-444315201.34830725,1468148024.532383,0.47117936618819883,0.49456511974600004,0.0016392728839329223,0.002376346314553475,0.4544033525006518,0.4662495550059646
SPY,2009,2009-11-12,2009-11-13,0.002568100522791994,0.002568100522791994,0.14694273540106062,1.0,0.008818181818181836,0.016545454545454485,0.011947022074409975,0.013227333021785935,0.01611325286575368,0.017476879791183317,1.0268227454320775,22696397878.0795,23.84547206505712,-0.010167952791647838,-0.008818181818181836,0.011253254632275063,0.3423818337531562,0.0028359710913914427,1.0,0.007135669197694705,0.005123044552191036,0.5820895522388075,0.012258713749885677,1275,4013121334.8227787,3757712990.2653227,255408344.55745602,7770834325.088101,0.4526413859660198,0.4340178543786855,0.0008784714055181842,0.00030078049823505353,0.4537529374476283,0.44446832184644974
IWM,2009,2009-11-13,2009-11-16,0.006640558487995829,0.006640558487995829,0.2519494399827066,1.0,0.006512425021422352,0.02279348757497855,0.01480720950073439,0.01742620637705491,0.024678918822783044,0.026356710649770153,0.9236015458641605,4030760319.1,22.11722085989912,0.009626955475330767,0.006512425021422352,-0.06570815483728117,0.25022566214738884,0.01962110960757779,1.0,0.026387009472259804,0.0,1.0,0.02638700947225985,689,371872923.3224131,636726746.4818047,-264853823.15939164,1008599669.8042178,0.4504273594784672,0.4513790616130482,-0.002128756091887146,-0.0021139519335615503,0.45012185526319676,0.4503579667410366
SPY,2009,2009-11-13,2009-11-16,0.006933041415799979,0.006933041415799979,0.398064395333103,1.0,0.0028359710913914427,0.012258713749885677,0.01192554752711382,0.013169475947171083,0.01611325286575368,0.01741688404459877,0.7607845449964823,22478301380.774,23.83581629776353,0.005411354673025892,0.0028359710913914427,0.022637620338364677,0.21795041487712127,0.007519478166334359,1.0,0.011868092045660417,0.000543576734915785,0.9562043795620406,0.012411668780576233,1287,2704005182.0909805,2195149929.5816803,508855252.50930023,4899155111.672661,0.5178176825086304,0.4953133909761537,0.0015902598804965833,0.0008836722977337138,0.4792507562341793,0.4679813929431267
IWM,2009,2009-11-16,2009-11-17,-0.0033178500331785266,0.0033178500331785266,0.12246276224829089,0.0,0.01962110960757779,0.02638700947225985,0.016939640552278378,0.01844622813092883,0.02497028214953185,0.02709272575815046,1.0567365364253427,4111109873.7,22.13695887126248,-0.026391963221522374,-0.01962110960757779,-0.12142138204882162,0.358587390100179,-0.0033288948069241098,0.0,0.00565912117177092,0.0066577896138482195,0.45945945945945654,0.01231691078561909,685,487507758.70297444,986684401.3221849,-499176642.6192105,1474192160.0251594,0.461074320474484,0.4958927706077091,0.0020513505848049197,0.0031066528826010145,0.47918803839727125,0.49570640168562924
SPY,2009,2009-11-16,2009-11-17,-0.002607679165542609,0.002607679165542609,0.14717513870037827,0.0,0.007519478166334359,0.012411668780576233,0.0089993937279538,0.013436384023753476,0.01611325286575368,0.017718204233198434,0.7702770436226063,22775969205.91,23.84897183488005,-0.014504652435686882,-0.007519478166334359,0.041191521301604785,0.13666517489776367,-0.0037865128020195815,0.0,0.0037865128020194705,0.004237288135593209,0.47191011235955105,0.008023800937612699,1279,2025429317.850853,1087252497.1409166,938176820.7099364,3112681814.99177,0.4780279969185677,0.4557016803532618,0.0032147620945689554,0.0024737420805523657,0.5038931541372359,0.492294166983476
IWM,2009,2009-11-18,2009-11-19,-0.009973404255319007,0.009973404255319007,0.38864736483049656,0.0,0.0031483015741509135,0.01292460646230325,0.01645151819943376,0.017966752488542924,0.024678918822783044,0.02566183424315453,0.5237104005695554,4073982365.5,22.127886826194775,0.001990710019907138,0.0031483015741509135,-0.14589385460259024,0.5427354102739177,0.015110812625923509,1.0,0.023002014775016844,0.001678979180657958,0.9319727891156541,0.02468099395567493,677,808362749.8512874,1402731740.737061,-594368990.8857737,2211094490.5883484,0.4810890306966721,0.5284013557983149,-9.543956285598329e-06,0.0013872643640522112,0.5063517859747628,0.5282319962386376
SPY,2009,2009-11-18,2009-11-19,-0.006830232767142896,0.006830232767142896,0.4037009979757628,0.0,8.987956138772901e-05,0.007729642279345799,0.008995093681334628,0.01316097015750448,0.01477564073066372,0.016919038598841824,0.523134151692289,22256778714.4835,23.825912460483924,0.000628704867972063,-8.987956138772901e-05,0.035047750777597655,0.16153788639888347,0.006243778843543657,1.0,0.012487557687087203,0.007239163876572308,0.6330275229357794,0.01972672156365946,1264,2187681512.541341,1407631479.0439827,780050033.4973581,3595312991.5853233,0.5290754214613629,0.5124258796526123,0.003594118125580966,0.0030611654047453876,0.5304932926114736,0.5221448904557888
IWM,2009,2009-11-19,2009-11-20,-0.0075008523695874185,0.0075008523695874185,0.2909734874425191,0.0,0.015110812625923509,0.02468099395567493,0.018697019595785926,0.01846317081081963,0.02457597688659336,0.02577847361804463,1.0042731594990577,4107009468.3,22.13596097732358,0.02493351063829785,0.015110812625923509,-0.06078505585330601,0.2301240471548764,-0.006355204397114456,0.0,0.002232909653040127,0.009962212298179285,0.18309859154929192,0.012195121951219405,715,347738420.3139605,597383220.2346326,-249644799.92067212,945121640.548593,0.41837300309739567,0.41977087319680106,-0.003393479535324865,-0.003399291208518321,0.46866300720582926,0.46857049993129285
SPY,2009,2009-11-19,2009-11-20,-0.00519031141868509,0.00519031141868509,0.30727314099919384,0.0,0.006243778843543657,0.01972672156365946,0.01000275083982711,0.013374665894449604,0.01477564073066372,0.0168915232935986,1.3350840023282926,22100361671.017498,23.818859810540623,0.013031365147838647,0.006243778843543657,0.010077156009544152,0.269348685415339,-0.0016475972540046513,0.0,0.0021967963386727574,0.004668192219679623,0.31999999999999934,0.006864988558352402,1267,3087706077.859151,2864997285.4329576,222708792.42619324,5952703363.292109,0.36820352279449564,0.35504484603399067,-0.004771278402929985,-0.005146947285994737,0.4239906903146531,0.41801098303524714
IWM,2009,2009-11-20,2009-11-23,0.013995562382659088,0.013995562382659088,0.5600513144943062,1.0,0.006355204397114456,0.012195121951219405,0.01818658218695483,0.017923284595639948,0.02364066883440447,0.024989785793639762,0.5158535080645323,4016866174.4,22.113767876956558,-0.0011933174224342258,0.006355204397114456,-0.07374469390044185,0.22208911223178943,0.003366436626830449,1.0,0.015317286652078765,0.0020198619760982695,0.8834951456310695,0.017337148628177094,680,297939838.0781167,594162404.5482836,-296222566.47016686,892102242.6264002,0.5501967990287864,0.5562324713361918,0.0005263597042340345,0.0005602953927522272,0.4984254870484183,0.4989677998055009
SPY,2009,2009-11-20,2009-11-23,0.011788357854336073,0.011788357854336073,0.7238252354124844,1.0,0.0016475972540046513,0.006864988558352402,0.009925997753726084,0.013124245987348685,0.013166653359972403,0.016286193514126752,0.521392063014469,21537902604.825,23.793080131827136,-0.0035512657075212894,0.0016475972540046513,-0.007298132545927925,0.27031018261693157,0.0009031791907514464,1.0,0.009212427745664664,0.0010838150289017578,0.8947368421052603,0.01029624277456648,1270,2832363959.1623163,2989550427.1336155,-157186467.97129917,5821914386.295932,0.6346235549571634,0.6336893904331014,0.0048495077098040336,0.00479106426992869,0.5252572226641858,0.5243232612684947
IWM,2009,2009-11-24,2009-11-25,0.00589821368385568,0.00589821368385568,0.2389699171002101,1.0,0.004696410600469547,0.01694062395169415,0.01503513779277996,0.018082174871270864,0.022801932713137848,0.02468182504069042,0.7429468442354199,3904220563.4,22.085324000673914,-0.004529441368897769,-0.004696410600469547,-0.0662179340730877,0.22787997672965168,-0.006031160998492213,0.0,0.00217791924945554,0.007203886748199051,0.2321428571428582,0.009381805997654587,630,315582135.6305026,574111555.5045171,-258529419.8740145,889693691.1350197,0.48760864074962923,0.49257489481784567,-0.0002640868915433697,-0.00016930529122608732,0.4858015062458645,0.48731479836917563
IWM,2009,2009-11-25,2009-11-27,-0.03674363728299346,0.03674363728299346,1.5787343125908155,0.0,0.006031160998492213,0.009381805997654587,0.015089146625502823,0.01622967624323907,0.021164753555499082,0.023274110779726152,0.4432749936375697,3804161399.95,22.059361409738408,0.00016852039096737492,0.006031160998492213,-0.0709716309639777,0.23451994828379386,-0.007524059492563406,0.0,0.0019247594050743055,0.02659667541557309,0.06748466257668506,0.028521434820647465,632,311082097.8874093,581069636.8920695,-269987539.0046601,892151734.7794788,0.6975911902488676,0.7076118723143306,0.00272481412488017,0.0029074154109116615,0.5492577557028955,0.5521701817914825
SPY,2009,2009-11-25,2009-11-27,-0.026755252289459408,0.026755252289459408,1.7418980624110765,0.0,0.0018889988306196592,0.006116758118197417,0.009463100655447346,0.012020136604448218,0.012335191265230954,0.015359826655083186,0.4958786602230194,19802034256.517498,23.709050509597642,-0.0035138300747814544,-0.0018889988306196592,0.01613272379498726,0.10162827511702842,-0.010793357933579273,0.0,0.00101476014760149,0.0177121771217712,0.05418719211822736,0.018726937269372572,1290,1165953667.268727,846492918.0294544,319460749.2392727,2012446585.2981815,0.8028087553254043,0.7983929482953167,0.00921982656948218,0.008967491157823413,0.5804483650965382,0.5764237043071144
IWM,2009,2009-11-30,2009-12-01,0.009468066792907459,0.009468066792907459,0.4028263507721185,1.0,0.007632263660017458,0.024111014744145717,0.01774485168666348,0.016052992288659036,0.022801932713137848,0.02350408997514566,1.0574110119294235,3639364615.15,22.01507494708087,0.00885724209795069,0.007632263660017458,-0.2495463922478817,0.42893184972044485,0.005968622100954946,1.0,0.010061391541609677,0.0030695770804911593,0.766233766233762,0.013130968622100886,620,326424543.1990708,1234614852.9843538,-908190309.785283,1561039396.1834245,0.4384792573847689,0.5282762723738033,-0.003337345986795492,-0.0004894144748280472,0.4416780450377814,0.4870715325139993
SPY,2009,2009-11-30,2009-12-01,0.0089139530653084,0.0089139530653084,0.5935531425941085,1.0,0.004201680672268893,0.01899890390938983,0.0105685577136436,0.00961062507847751,0.012335191265230954,0.015017952775635557,1.5402196448255971,18633974215.795998,23.648252322255537,0.003376836725381027,0.004201680672268893,0.02512308910145609,0.3252930121209933,0.0034258925351604574,1.0,0.006671474936891464,0.0017129462675802287,0.795698924731184,0.008384421204471625,1296,3264822297.4894414,2796679302.951763,468142994.53767824,6061501600.441204,0.38826086306703067,0.3607031255393851,-0.005986137501037464,-0.006784752498442575,0.3679901581431513,0.35526094758078614
IWM,2009,2009-12-02,2009-12-03,0.0048584352487854865,0.0048584352487854865,0.2143330823204081,1.0,0.010496021669206046,0.019468427289656316,0.01817113136185304,0.016201811057068045,0.019378883695589585,0.022667687116646677,1.004620678645546,3525547202.65,21.983301495957296,0.011866418036955428,0.010496021669206046,-0.10818672569766187,0.42590674661281075,-0.01700566855618535,0.0,0.006502167389129676,0.017505835278426085,0.2708333333333329,0.024008002667555817,635,560068465.4816513,941485873.628906,-381417408.1472547,1501554339.1105573,0.4136641266660857,0.43691908594025397,-0.004499533362361158,-0.0037425378355251723,0.44979894474607945,0.46208674323916793
SPY,2009,2009-12-02,2009-12-03,0.002696629213483126,0.002696629213483126,0.18519529988557393,1.0,0.0002695902228612157,0.00979511143062548,0.010485117240387382,0.00982896180018617,0.011568573627730385,0.014561002439852871,0.8467000121040128,17734965248.331,23.598803965673657,-0.0004492362982928544,-0.0002695902228612157,0.014005573504187938,0.1428223834267219,-0.01048857014791571,0.0,0.005647691618108519,0.011295383236216816,0.3333333333333377,0.016943074854325422,1289,1390669183.0682187,1142280823.6885002,248388359.37971854,2532950006.7567186,0.4483241957511062,0.43631142309747334,-9.496673699005897e-05,-0.0003569672400139962,0.4746230720909148,0.47037019440258543
IWM,2009,2009-12-03,2009-12-04,0.02103120759837185,0.02103120759837185,0.9297175508717764,1.0,0.01700566855618535,0.024008002667555817,0.019188653131461716,0.01609220845218989,0.019378883695589585,0.022621071935935093,1.238874387435421,3423336027.95,21.953881359350884,-0.012229854246942451,-0.01700566855618535,-0.13390472203821113,0.39523017730151344,0.0036544850498339,1.0,0.01112956810631216,0.015282392026578107,0.4213836477987387,0.0264119601328903,647,447302423.01164925,905703282.2776878,-458400859.26603854,1353005705.2893372,0.5225455107725252,0.5566235171679537,-0.0013918964900407104,-0.0003006225338503671,0.43855013521831876,0.456276531349537
SPY,2009,2009-12-03,2009-12-04,0.013227033882949879,0.013227033882949879,0.9054796426081841,1.0,0.01048857014791571,0.016943074854325422,0.010891266366857059,0.010128926114954955,0.011568573627730385,0.014607765056815786,1.4645776912126935,17358783646.602,23.577364477283872,-0.007820224719101154,-0.01048857014791571,0.007770245078772347,0.28174948189609794,-0.007421316165951319,0.0,0.004828326180257525,0.016094420600858306,0.230769230769232,0.020922746781115782,1292,2512855150.9900274,2377973147.7865443,134882003.2034831,4890828298.776571,0.49714624528265144,0.47908287334989774,-0.001840848699705782,-0.0022683981088190575,0.39701336774181384,0.3900683562269526
IWM,2009,2009-12-07,2009-12-08,-0.0061146917864814965,0.0061146917864814965,0.27775721571370127,0.0,0.0016553550736633227,0.012084092037742163,0.014171547990108254,0.01547759941678911,0.018413641382970587,0.02201452002163006,0.6562575965511007,3535880015.3,21.986228048821435,-0.001489572989076482,-0.0016553550736633227,-0.10224163682452199,0.26718685500313555,0.0016627868307282911,1.0,0.01263717991353508,0.005487196541403394,0.6972477064220182,0.018124376454938414,621,291613250.28852904,653127410.6679169,-361514160.37938786,944740660.9564459,0.4293181313756801,0.4614895701605334,-0.0016069212292749617,-0.0005887451563124898,0.49715687932913866,0.5136160019216778
SPY,2009,2009-12-07,2009-12-08,-0.007217610970768673,0.007217610970768673,0.49536140520365524,0.0,0.0006311423676854666,0.009376972319899073,0.007674689827216173,0.009492326161467012,0.010799577113147897,0.014570394251448265,0.8682721759987362,17716446022.85,23.597759198963306,0.0015313935681470214,0.0006311423676854666,0.002547898800314131,0.19135967104351354,0.00390766993820435,1.0,0.006997455470738045,0.006633951290439644,0.5133333333333454,0.013631406761177753,1288,1717676497.2800944,1672536785.7126448,45139711.56744957,3390213282.992739,0.4536899197601995,0.45377330045324205,7.88699388186995e-05,0.00023505423841867126,0.4751549472721414,0.47767971347163213
IWM,2009,2009-12-09,2009-12-10,0.004511278195488577,0.004511278195488577,0.2085898019839717,1.0,0.0015015015015014122,0.013346680013346752,0.014434399159468416,0.014997109359538068,0.017831159559678365,0.021627510801487934,0.7485032013020412,3570860651.8,21.996072482618676,-0.0031645569620253333,-0.0015015015015014122,-0.1427941596890335,0.7604846212322448,-0.008483033932135675,0.0,0.005322687957418415,0.01264138389886893,0.2962962962962931,0.017964071856287397,639,1102843282.0584173,1612741328.1988328,-509898046.14041543,2715584610.25725,0.4473352828017278,0.4936465689042824,-0.0022239689361624624,-0.0007981365234830595,0.4778340200323602,0.5010983043569097
SPY,2009,2009-12-09,2009-12-10,0.006180694419196664,0.006180694419196664,0.4351716549480698,1.0,0.004015331264829225,0.0105858733345502,0.007228612006870097,0.00855406310391847,0.010799577113147897,0.014202888329053101,0.9802118382637849,17685618201.090996,23.596017615232142,0.0037405346227534775,0.004015331264829225,0.010081110396599095,0.48937654507994294,-0.0005420054200542257,0.0,0.003794037940379358,0.002258355916892496,0.6268656716417889,0.0060523938572719215,1294,4416608701.185084,4238318031.6677837,178290669.5173006,8654926732.852867,0.4747849929373751,0.46170384671553716,-0.00036815020274280066,-0.0006304581951555432,0.45332560600924904,0.44904571472481386
IWM,2009,2009-12-10,2009-12-11,0.007045797684952282,0.007045797684952282,0.3254986733392241,1.0,0.008483033932135675,0.017964071856287397,0.0130023491649304,0.014966144056766955,0.018044224155612906,0.021646164061656193,0.9955580080011045,3583659987.25,21.999650457929782,-0.004010025062656686,-0.008483033932135675,-0.09810834672478133,0.3512744985326502,0.0023321672497085277,1.0,0.003998000999500206,0.009162085623854788,0.30379746835442695,0.013160086623355093,640,453630704.1799594,805217660.7528079,-351586956.57284844,1258848364.9327674,0.4558778570853259,0.47561129883891395,-0.0019270926547044478,-0.0012875995992308788,0.46217200432069466,0.4724996312506813
SPY,2009,2009-12-10,2009-12-11,0.004248011569052856,0.004248011569052856,0.3003908404423388,1.0,0.0005420054200542257,0.0060523938572719215,0.007117052656992424,0.00857062667698035,0.010653297027635449,0.014141614846835779,0.5681240128357972,17516291690.728,23.586397238563073,0.005635339029267383,-0.0005420054200542257,-0.010183054658417644,0.22511241624299946,0.0,0.0,0.0022500225002251018,0.0045000450004499815,0.3333333333333443,0.006750067500675007,1286,1882382695.2087421,2060752050.9082122,-178369355.69947004,3943134746.1169543,0.524724949945325,0.5284306252650063,0.003520477819247522,0.0037884689436787204,0.5171394830006433,0.5214674617487838
IWM,2009,2009-12-11,2009-12-14,0.007977397374106632,0.007977397374106632,0.3826248550722595,1.0,0.0023321672497085277,0.013160086623355093,0.006587981815374623,0.014408992243177241,0.017650610242232245,0.020849135304082854,0.7455881945581252,3536340676.9,21.98635832235805,0.00939439691326971,0.0023321672497085277,-0.16249996190490465,0.7105820862206221,0.007089859851607594,1.0,0.01199505358614994,0.01121187139323987,0.5168738898756646,0.023206924979389924,631,969102555.2497171,1543757780.5287318,-574655225.2790147,2512860335.778449,0.49240193869275567,0.5500665284545253,-0.0010852351356906422,0.0006805084652464974,0.4861052053544331,0.514289879765979
SPY,2009,2009-12-11,2009-12-14,0.006840068400683963,0.006840068400683963,0.5009422242901137,1.0,0.0,0.006750067500675007,0.006875433780417758,0.008247864018225012,0.01044105805455834,0.01365440577578989,0.646492670130119,17353416230.222,23.577055224834194,0.004248011569052856,0.0,0.016222527566649957,0.2131661878761181,0.0,0.0,0.0011620631089657163,0.006614820774112906,0.14942528735631477,0.007776883883078614,1288,1990338928.7971537,1708822655.6268265,281516273.1703272,3699161584.42398,0.539355764219391,0.5274236221109547,0.0031906504855118392,0.002974451849023779,0.5000730792395414,0.49662213190245225
SPY,2009,2009-12-14,2009-12-15,-0.0036649682667382333,0.0036649682667382333,0.2726829754491773,0.0,0.0,0.007776883883078614,0.007351500225029257,0.008294341776581688,0.01004567710259598,0.013440400012876164,0.7741522849732976,17122707470.4575,23.56367134179502,-0.006840068400683963,-0.0,0.0732710650415767,0.24463343390186276,0.0009869011304504127,1.0,0.004127041090974282,0.004127041090974393,0.4999999999999933,0.008254082181948697,1282,2721692869.4754395,1467093856.719657,1254599012.7557826,4188786726.1950965,0.42889581798059834,0.3931009610244934,0.0007529646478094685,-0.00019517814038057333,0.4883563636192512,0.47332887354676045
IWM,2009,2009-12-15,2009-12-16,0.00640288950911172,0.00640288950911172,0.32303302961349994,1.0,0.0008202099737533164,0.01213910761154859,0.00878101068400417,0.013472738187898835,0.017138886289935623,0.019821160445334645,0.7082786714488545,3449747729.3,21.961566943374113,-0.002783235101506243,-0.0008202099737533164,-0.043963080006939374,0.3743283668102758,0.0,0.0,0.00522022838499181,0.006525285481239762,0.4444444444444444,0.011745513866231629,639,569838448.9946766,721499984.4216499,-151661535.42697334,1291338433.4163265,0.4824726743512014,0.4775038360436359,-0.0007204523470676328,-0.0008915583733586224,0.48565848422252894,0.4829478763942999
SPY,2009,2009-12-15,2009-12-16,0.00404131118096096,0.00404131118096096,0.3130998239477033,1.0,0.0009869011304504127,0.008254082181948697,0.0045321008694323844,0.007746622633640743,0.009586041875262276,0.012907420802753231,0.8610521724559923,16620351737.879498,23.533893789680423,-0.004648252435863198,-0.0009869011304504127,0.022974332061004195,0.23651778438175933,-0.002504472271914193,0.0,0.0029516994633274063,0.00474060822898037,0.38372093023255865,0.0076923076923076875,1284,2156425124.242757,1774583644.4460251,381841479.7967317,3931008768.6887817,0.4715676684141703,0.456211304613353,0.0010180129239317041,0.0006928893977283697,0.47080712959053644,0.4656566249918882
IWM,2009,2009-12-16,2009-12-17,-0.006035889070146738,0.006035889070146738,0.30486760826566073,0.0,0.0,0.011745513866231629,0.008145207779313927,0.01353350498301542,0.017138886289935623,0.019798394143883867,0.6853137168620393,3493391608.3,21.974138908797325,-0.00640288950911172,-0.0,-0.06439579450427653,0.20856314441422158,0.005087805678647639,1.0,0.01230920728705076,0.003938946331856208,0.7575757575757592,0.016248153618906976,641,251816505.18312597,476776233.31417686,-224959728.13105088,728592738.4973028,0.4437896131669059,0.45706829635289725,-0.0010160596249285015,-0.0006501214067847552,0.49718725646230005,0.5029914415327118
SPY,2009,2009-12-16,2009-12-17,-0.00717360114777621,0.00717360114777621,0.5563757569002821,0.0,0.002504472271914193,0.0076923076923076875,0.004569574675881338,0.0077496540833110845,0.009586041875262276,0.012893446665868868,0.8024487888122463,16667172841.407501,23.536706923729724,-0.0015267175572519776,0.002504472271914193,0.05089134770351501,0.2579991639402739,0.004877167630057744,1.0,0.005780346820809301,0.001896676300578104,0.7529411764705831,0.00767702312138736,1280,2574165773.318913,1725950885.0122616,848214888.3066514,4300116658.331175,0.4882440615527707,0.46393607545552734,0.0018418069050640216,0.0012612592588012853,0.4855217834904841,0.4763136554130358
IWM,2009,2009-12-17,2009-12-18,0.006928406466512715,0.006928406466512715,0.3452989072042648,1.0,0.005087805678647639,0.016248153618906976,0.010376374786463841,0.013787441208091594,0.017138886289935623,0.02006495335478763,0.9480285558839545,3514670775.7,21.980211695148164,-0.011092985318107651,-0.005087805678647639,-0.13519007062174868,0.29905540780870676,0.002293577981651307,1.0,0.0024574049803407494,0.011795543905635641,0.17241379310344773,0.014252948885976367,647,287966355.880614,763114946.2596931,-475148590.37907916,1051081302.1403072,0.4583629487136144,0.4984976287116222,-0.0018014282311003718,-0.0006012648979494828,0.460967050132852,0.4799210542421794
IWM,2009,2009-12-18,2009-12-21,0.0073553448839489555,0.0073553448839489555,0.3841866561862781,1.0,0.002293577981651307,0.014252948885976367,0.010354015145799545,0.012533799305430006,0.016594388785300562,0.01914523777833298,0.8589017089078773,3497863455.8,21.97541817784669,0.009237875288683695,0.002293577981651307,-0.07734319114320705,0.26378625669198974,0.005857536913840722,1.0,0.007788414733084448,0.00016225864027263892,0.9795918367346882,0.007950673373357163,648,326076192.7852055,596612114.6399837,-270535921.8547782,922688307.4251891,0.45810463439398175,0.46628731172962035,-0.0024902443834489913,-0.00223313715758468,0.4658829318707936,0.4698328578907397
SPY,2009,2009-12-18,2009-12-21,0.004990472733871876,0.004990472733871876,0.3949362957184243,1.0,9.074410163334434e-05,0.009255898366606135,0.007111553758435719,0.0076596144054706765,0.009316435343252605,0.0126361461024841,0.9935021309743416,16612938490.969501,23.533447655880135,0.0002722817208202777,9.074410163334434e-05,-0.16431595699552654,0.4977411158661246,0.00514626218851566,1.0,0.008486818345973202,0.0,1.0,0.008486818345973255,1291,2769585827.8294897,5499356714.480962,-2729770886.651472,8268942542.3104515,0.4441858841587963,0.5251992492434661,-0.0010861024944640776,0.0015158037574587355,0.44676091498803894,0.4867338763522375
IWM,2009,2009-12-22,2009-12-23,0.006259027443427989,0.006259027443427989,0.33993283250447526,1.0,0.004190169218372342,0.01176470588235289,0.009303941937359011,0.012296245646712093,0.015250551252441671,0.018412541669818223,0.7714282380756117,3477097662.8550005,21.969463777830473,0.0051459082770080045,0.004190169218372342,-0.025881932509731847,0.16382700628968905,0.006698564593301315,1.0,0.007336523125996752,0.0066586921850080305,0.5242165242165201,0.013995215311004748,656,239824246.82132494,329818253.8610844,-89994007.03975946,569642500.6824093,0.4744382050263896,0.45569680293272463,-0.0017440677694129268,-0.002293568681802507,0.4827363892719997,0.4735942347413868
IWM,2009,2009-12-23,2009-12-24,0.002693282636248462,0.002693282636248462,0.1474195415725771,1.0,0.006698564593301315,0.013995215311004748,0.01006211442294364,0.012408830759085698,0.014124082098490557,0.018269508964132233,0.9908760947021413,3499109878.4550004,21.975774452655422,0.012999518536350507,0.006698564593301315,0.01687244936470314,0.22750027415118165,0.0011060199083583466,1.0,0.0016258492652867496,0.0025280455048189987,0.39140357550399846,0.0041538947701057795,632,427543505.4396925,368504951.19392794,59038554.24576455,796048456.6336205,0.4043934461359474,0.36238764071186896,-0.004805850808045606,-0.0060492305257172155,0.4572763496289139,0.4365233853731446
IWM,2009,2009-12-24,2009-12-28,0.0036300505050506082,0.0036300505050506082,0.20151467108107796,1.0,0.0011060199083583466,0.0041538947701057795,0.004358150650370355,0.01238441563036023,0.014124082098490557,0.0180138274080803,0.29410015752809215,3410122154.605,21.95001395006504,0.0038022813688212143,0.0011060199083583466,-0.03281666612685116,0.13776816394277064,-0.00518949520364842,0.0,0.00031451486082700875,0.00974996068564249,0.031249999999983798,0.01006447554646958,655,178948713.93052262,290857554.12997323,-111908840.19945061,469806268.06049585,0.5578978943599439,0.5542084083071588,0.003032798403231858,0.0029035256492698685,0.5529744945882986,0.5507905145422076
SPY,2009,2009-12-24,2009-12-28,0.0037339971550498507,0.0037339971550498507,0.31390381163827424,1.0,0.0025849006150280296,0.005348070237989075,0.003761452430183321,0.007483359833051259,0.00843561977522244,0.011895354616950963,0.6339866400448391,15698929426.9505,23.476858357609462,0.004734256364448353,0.0025849006150280296,0.024581911355690114,0.18053297893761794,-0.0015943312666076848,0.0,0.0007971656333036758,0.005137289636846898,0.13432835820893288,0.00593445527015059,1148,1610042093.5656686,1224132402.0131364,385909691.5525322,2834174495.578805,0.5268238472632175,0.5149185826044118,0.0033834713370183263,0.0031761563832938206,0.5150367391141795,0.5115342862901009
IWM,2009,2009-12-28,2009-12-29,0.0025292443882389826,0.0025292443882389826,0.15246520409537573,1.0,0.00518949520364842,0.01006447554646958,0.006364028212230355,0.00978654795091507,0.013670947662175751,0.016588994211799272,0.7361944318107209,3373997542.205,21.93936409261853,-0.0015782828282828731,-0.00518949520364842,-0.04614941612572379,0.19208938542226842,-0.0029959003468937873,0.0,0.0017344686218858651,0.0037842951750236553,0.31428571428571717,0.005518763796909514,645,246200548.8580073,401908565.4403952,-155708016.58238786,648109114.2984025,0.46817176599086957,0.4622112967126679,5.634146175479988e-05,-9.530993052792557e-05,0.4931272210079615,0.4905485181341259
SPY,2009,2009-12-28,2009-12-29,0.0025727466288147927,0.0025727466288147927,0.23808408058690253,1.0,0.0015943312666076848,0.00593445527015059,0.003352015893027215,0.006359943794895453,0.008319251693210161,0.010806042228748345,0.7133400321322234,15501069060.095001,23.46417483011221,0.002133712660028486,-0.0015943312666076848,0.030328549062339352,0.17877120410661226,-0.0039819485001327815,0.0,0.00017697548889472614,0.0040704362445801445,0.04166666666665251,0.004247411733474949,1159,1620634857.160369,1150509923.6525671,470124933.5078018,2771144780.812936,0.48905378624001966,0.47195754443511617,0.002784444577809162,0.002420481570167345,0.5001660986971004,0.493977217476504
IWM,2009,2009-12-29,2009-12-30,-0.003004902736043036,0.003004902736043036,0.1919009394857938,0.0,0.0029959003468937873,0.005518763796909514,0.005776619654252596,0.009803369196205166,0.013253383318350923,0.015658613991650028,0.41640414861223507,3223775492.105,21.893819022722205,0.000474233322794837,0.0029959003468937873,-0.055256797461282044,0.2094075746165815,-0.0023794416243654304,0.0,0.006186548223350297,0.007138324873096513,0.4642857142857137,0.013324873096446754,621,248473748.7410968,426609258.16898763,-178135509.42789084,675083006.9100845,0.4754916510662657,0.487256983422046,0.001674913539741453,0.0019875082549982047,0.538215224310723,0.5435753228736065
SPY,2009,2009-12-29,2009-12-30,-0.0029317697228145034,0.0029317697228145034,0.2911449472670245,0.0,0.0039819485001327815,0.004247411733474949,0.0023195256664138605,0.006373377219022285,0.008015483032513655,0.010069794273728616,0.5299009075617693,15070996474.026001,23.436037970426387,0.0014194464158977516,0.0039819485001327815,0.017745865990836458,0.18087667196320636,-0.0025839793281652312,0.0,0.0005346164127238984,0.0037423148890671776,0.12500000000000325,0.0042769313017910005,1163,1496719784.5837376,1229271900.8073034,267447883.77643418,2725991685.391041,0.49972759359116403,0.5006066852765686,0.004642808113997283,0.004756547317161094,0.5356135036573266,0.5375638032294775
IWM,2009,2009-12-31,2010-01-04,0.013613068545804019,0.013613068545804019,0.8871857159668746,1.0,0.012494069270915675,0.020718013601138736,0.005816474196712813,0.00986566152028068,0.013335776554896754,0.015344102481370765,1.553566342076368,3075430900.4049997,21.84671085860058,-0.011868966608640563,-0.012494069270915675,-0.11148026979499456,0.2660728220567185,0.010902196239532369,1.0,0.011850213303839618,0.00031600568810230545,0.9740259740259808,0.012166218991941905,618,237719356.0990903,580569222.6121027,-342849866.5130124,818288578.7111931,0.48239333169187515,0.5027938112012585,-0.0037286192512972017,-0.0031067505966696123,0.3983688614483942,0.4090116802411583
SPY,2009,2009-12-31,2010-01-04,0.008345297918162409,0.008345297918162409,0.8659052859715493,1.0,0.011793916821849715,0.012503325352487334,0.005412370435853821,0.006237715967227433,0.007734595787693151,0.009637656743022362,1.6165454143553195,14362686015.469997,23.38789943150617,-0.00959829363668685,-0.011793916821849715,-0.0016606553972783415,0.1614248937175579,0.008543205481890137,1.0,0.009077155824508187,0.0076532882441933126,0.5425531914893573,0.01673044406870157,1049,1147321795.7474475,1171173267.798452,-23851472.05100441,2318495063.5458994,0.46911048815457324,0.45383560555402686,-0.0025783577156012682,-0.0028650971557000592,0.37870153435933596,0.37379420243481937
IWM,2010,2010-01-07,2010-01-08,-0.0035842293906810374,0.0035842293906810374,0.2544523183093697,0.0,0.006746156259805458,0.016912456855977455,0.013842253617737646,0.009113384476016248,0.012663152807648499,0.014086055157584529,1.335564461147653,2950700414.705,21.805308407829962,-0.007378335949764558,-0.006746156259805458,-0.020118871766319605,0.24590133518335297,-0.009071004066312227,0.0,0.0021895527056615682,0.009071004066312227,0.19444444444444417,0.011260556771973709,586,333108204.21887845,392472967.4831544,-59364763.26427597,725581171.7020328,0.3214060274132484,0.3028281759848543,-0.006715302123671911,-0.007322773009492506,0.4255464552872732,0.4150236723982385
SPY,2010,2010-01-07,2010-01-08,-0.002627200280234665,0.002627200280234665,0.3074628455118317,0.0,0.006079295154185038,0.010132158590308296,0.009493149538803746,0.00627329482818002,0.007502647177857782,0.008544773193200562,1.350477818044126,12988715104.034,23.287346748497477,-0.004221264620525966,-0.006079295154185038,0.05265080362259276,0.23481459084310152,-0.005970673456844322,0.0,0.0020194924927562363,0.0064096935639652575,0.23958333333333867,0.008429186056721468,1145,1866903055.4918275,1183036767.239529,683866288.2522986,3049939822.7313566,0.3349971567678565,0.3083234514162008,-0.00425461645123538,-0.005000030674293151,0.42284898006604765,0.4099367035854395
IWM,2010,2010-01-08,2010-01-11,0.00402975821450724,0.00402975821450724,0.28823429109654786,1.0,0.009071004066312227,0.011260556771973709,0.011021029063501065,0.008991030288617611,0.012152663301745248,0.013980842456935214,0.926591685491408,2941971841.205,21.80234588776952,0.005454262116253661,0.009071004066312227,-0.013898619441763798,0.1731434840483342,-0.008027168879283675,0.0,0.0015436863229389974,0.011886384686631613,0.11494252873562077,0.013430071009570705,577,234246953.76451644,275136300.7938099,-40889347.02929345,509383254.55832636,0.41851108366405365,0.39253863246990517,-0.0033584932344244496,-0.004160476368040018,0.45779223521084217,0.4437206054815921
SPY,2010,2010-01-08,2010-01-11,0.00445142707515056,0.00445142707515056,0.5276718241213869,1.0,0.005970673456844322,0.008429186056721468,0.006496052830243231,0.006268178232517666,0.007502647177857782,0.008435976437746169,1.1234949287763574,12860112349.5455,23.277396292074293,0.0033277870216306127,0.005970673456844322,0.059646858388656444,0.2535311440490995,-0.0030413625304135383,0.0,0.0004344803614877435,0.007299270072992692,0.05617977528090904,0.007733750434480367,1136,2013752148.377888,1246686848.2023356,767065300.1755524,3260438996.5802236,0.4550108684880875,0.41766068130811335,-0.0010807653293913116,-0.0020808316573699484,0.4385135735487554,0.4209663677757822
IWM,2010,2010-01-11,2010-01-12,-0.0062247121070651,0.0062247121070651,0.4526142859780015,0.0,0.008027168879283675,0.013430071009570705,0.005225516578491115,0.008991933715814675,0.012152663301745248,0.013752796365264618,1.1051133958135753,2945987761.055,21.803710000550183,0.004029758214507018,0.008027168879283675,-0.04949662263396733,0.22832127083043158,0.00469777638584401,1.0,0.009395552771688132,0.00469777638584401,0.6666666666666693,0.01409332915753208,588,263407612.48087484,409224056.9741005,-145816444.49322563,672631669.4549754,0.3988960119402509,0.3993643644501073,-0.004132376015755139,-0.004134264816316829,0.4514198823806893,0.45138571829988433
SPY,2010,2010-01-11,2010-01-12,-0.0066242482349865295,0.0066242482349865295,0.7957555652762546,0.0,0.0030413625304135383,0.007733750434480367,0.001423420141171119,0.006211867560172859,0.007684665406847524,0.008324476163338996,1.0063873994551675,12704454936.727,23.265218551320636,-0.001396526141223875,0.0030413625304135383,0.0660225909429496,0.273939057556915,0.0027200140387821925,1.0,0.006580679126085842,0.002105817320347425,0.7575757575757615,0.008686496446433227,1169,2159513721.790977,1320732690.3503137,838781031.4406633,3480246412.1412907,0.5128931961623603,0.48194043172148876,0.0019326883393108547,0.0011558584259982849,0.4680936421066654,0.45404256627129486
IWM,2010,2010-01-12,2010-01-13,0.0034612964128382107,0.0034612964128382107,0.24958431598717096,1.0,0.00469777638584401,0.01409332915753208,0.0073847511100765895,0.009459877618075858,0.012152663301745248,0.01386824488208677,1.1596905803774002,2939654814.355,21.801558001320565,-0.01089324618736387,-0.00469777638584401,-0.09034628214445145,0.2358344754683344,0.00940733772342428,1.0,0.011445594230166334,0.00862339291313896,0.5703125000000017,0.02006898714330524,629,213842533.96818176,479429417.23319364,-265586883.26501188,693271951.2013754,0.390907664193517,0.40684775420830677,-0.00425098228095786,-0.003776565084348124,0.4342595888902192,0.44274320359300656
SPY,2010,2010-01-12,2010-01-13,0.0025514692943868766,0.0025514692943868766,0.2951857526755785,1.0,0.0027200140387821925,0.008686496446433227,0.005438223873018665,0.006659756653286102,0.007713029063394028,0.008643605835512828,1.1262107759530258,12957347626.792,23.284928848498602,-0.009326244225573155,-0.0027200140387821925,0.009924581324614521,0.2951542904145721,0.005879771829749858,1.0,0.008688021061869167,0.005089951733216358,0.6305732484076397,0.013777972795085504,1159,1976506497.357065,1847910247.0836668,128596250.27339816,3824416744.440732,0.40513221630649476,0.3979330592943633,-0.0014306420423582451,-0.00153925231927283,0.43489280418590176,0.4329506154358082
IWM,2010,2010-01-13,2010-01-14,-0.0037278657968312645,0.0037278657968312645,0.2719965125919435,0.0,0.00940733772342428,0.02006898714330524,0.009515208851922037,0.009319327592675872,0.012152663301745248,0.013705564682823374,1.6514064979010095,2919459900.6549997,21.794664470589257,-0.012901195720578906,-0.00940733772342428,-0.0645638206293963,0.21590701782473481,-0.00748362956033688,0.0,0.00187090739008422,0.01060180854381021,0.15000000000000446,0.012472715933894561,586,220920197.7243565,409411683.08496106,-188491485.36060455,630331880.8093176,0.303297032298235,0.3049181495510467,-0.008386596471142479,-0.008296889372798677,0.3938332575612161,0.3954323105312122
IWM,2010,2010-01-15,2010-01-19,0.0037688442211054607,0.0037688442211054607,0.26329779998604275,1.0,0.015003866976024849,0.023667440061871572,0.011111556849078202,0.009983510022445562,0.012898794515170658,0.014313998146985066,1.834856740607472,2931547747.455,21.798796361957205,-0.014546580006190135,-0.015003866976024849,-0.10861514358051831,0.2870065838998242,0.014549436795994852,1.0,0.014862327909887396,0.0,1.0,0.014862327909887403,636,261481512.5166571,579891992.019627,-318410479.50296986,841373504.5362841,0.3258458468872794,0.3409985410511391,-0.008065158224143363,-0.007539214116181517,0.3671119945757429,0.3764753431053805
IWM,2010,2010-01-19,2010-01-20,-0.007093292212798641,0.007093292212798641,0.49482961500054534,0.0,0.014549436795994852,0.014862327909887403,0.014403882305473459,0.010129990886806457,0.012898794515170658,0.014334817476093914,1.1522261163558638,2898782565.555,21.787556680815026,-0.018373115577889454,-0.014549436795994852,0.03474644258003791,0.2330564909927634,0.007454573691567101,1.0,0.018636434228917587,0.00015530361857440944,0.9917355371900776,0.01879173784749197,557,388151237.42266005,287428855.45658827,100722381.96607178,675580092.8792484,0.43484650992799134,0.38620702727880385,-0.00161878528248995,-0.0030903371904129097,0.46341527283755096,0.43704862968332503
SPY,2010,2010-01-19,2010-01-20,-0.006779071788632018,0.006779071788632018,0.7340578760776614,0.0,0.012673825030804498,0.013553951769054674,0.010557448466623105,0.006954708832697881,0.008081468245600918,0.009235064440497619,1.6771645148061627,13411625071.8185,23.319387710478658,-0.012495600140795426,-0.012673825030804498,0.018649450670948316,0.15364626047980917,0.003412670633531678,1.0,0.011375568778438927,0.0014875743787190476,0.884353741496591,0.012863143157157848,1170,1155382739.7181487,905263299.5240159,250119440.1941328,2060646039.2421646,0.40889931011815156,0.3905440478218407,-0.0038090971151277042,-0.004205136844693948,0.3953151170537055,0.38821904509854893
SPY,2010,2010-01-21,2010-01-22,-0.004476275738585445,0.004476275738585445,0.4392888165914261,0.0,0.0194873595505618,0.023788623595505563,0.012583156870332426,0.008535101176613095,0.008081468245600918,0.010189824028114835,2.9436016912464775,14961077599.894497,23.428717838977065,0.01922908069189566,0.0194873595505618,-0.022028647973353358,0.1463321662439804,0.017895683453237443,1.0,0.018974820143884852,0.004856115107913617,0.796226415094341,0.023830935251798482,1180,929857291.3933773,1259429603.1434755,-329572311.7500982,2189286894.536853,0.16567212113931964,0.1567356704663794,-0.022540591834109305,-0.022899119666599896,0.22896463366428402,0.222771799852355
IWM,2010,2010-01-22,2010-01-25,0.005669852583832791,0.005669852583832791,0.3439769915344989,1.0,0.016411727214786453,0.02995538559592101,0.0153777513571971,0.011913956259105725,0.013712643160287728,0.016483232086365106,2.184508503996721,3202143116.8625,21.887086146606574,-0.01793739808296546,-0.016411727214786453,-0.20749612818298224,0.35933776113119464,-0.0045103092783504994,0.0,0.0011275773195875693,0.012081185567010322,0.08536585365853239,0.013208762886597943,572,243109319.89914024,907541618.5358958,-664432298.6367556,1150650938.4350362,0.3329661992952555,0.3934549426116708,-0.009771634762849719,-0.007792613496518227,0.359482679674915,0.39375239543561824
SPY,2010,2010-01-22,2010-01-25,0.009156670634557385,0.009156670634557385,0.8257731249858815,1.0,0.017895683453237443,0.023830935251798482,0.013636438225204604,0.009854231518911558,0.008557841251577348,0.011088603343338327,2.7846900346984187,16336248672.647501,23.516652320623546,-0.02229185317815585,-0.017895683453237443,-0.11141626031731622,0.2428797225351368,-0.003992378187097301,0.0,0.0018147173577716114,0.007258869431086112,0.20000000000000734,0.009073586788857635,1177,1073809905.078758,2893933639.7988634,-1820123734.7201054,3967743544.8776217,0.3632726657906448,0.389035939919468,-0.01210045200603202,-0.011186174260311831,0.29766867015132914,0.3135007579642346
IWM,2010,2010-01-25,2010-01-26,-0.0037216828478964237,0.0037216828478964237,0.22633465791470406,0.0,0.0045103092783504994,0.013208762886597943,0.015565378154427932,0.011499808958822777,0.01337747205300873,0.016443274230228445,0.9873885614754214,3238412738.2625,21.8983491511146,-0.0011339705167665581,0.0045103092783504994,-0.23757899955155273,0.4224824967459442,0.006171836933571595,1.0,0.006983920740620375,0.007469546857235665,0.4832003595909633,0.014453467597856054,554,299396920.33180076,1068775778.8232099,-769378858.4914091,1368172699.1550107,0.3601953539434081,0.45501521694920855,-0.0053753257188965614,-0.002344281053385624,0.4578261803206307,0.5076317459274058
SPY,2010,2010-01-25,2010-01-26,-0.003917281588776467,0.003917281588776467,0.344678688065248,0.0,0.003992378187097301,0.009073586788857635,0.015169189687402336,0.009930915265695651,0.008880041617645431,0.011365024077249946,1.0217955252402886,16735766678.219498,23.540813983420765,-0.005127735555352064,0.003992378187097301,-0.06784928466086741,0.1901257415329892,0.0002743735138101,1.0,0.002743735138101333,0.010334735686848395,0.20979020979020913,0.01307847082494963,1189,1023195126.2255995,2158704923.5939736,-1135509797.368374,3181900049.8195734,0.3924815126801232,0.4257915616961299,-0.0028378499759564068,-0.0017324399383929646,0.4588574584500276,0.4770213518346119
IWM,2010,2010-01-26,2010-01-27,-0.004412485700277746,0.004412485700277746,0.26036845560791827,0.0,0.006171836933571595,0.014453467597856054,0.0077033157913289135,0.0116056303765902,0.013761700083551393,0.016947082510342142,1.0502675912209054,3364174644.4625,21.93644849342372,0.009870550161812264,0.006171836933571595,-0.19894510996698853,0.3059578853750584,-0.015101772816809023,0.0,0.0034471437951412165,0.016661195009848973,0.17142857142857348,0.020108338804990175,555,180004832.83069438,849290927.4214411,-669286094.5907466,1029295760.2521355,0.39282779713606786,0.47512799778051906,-0.004521991457090896,-0.002014734602337768,0.46225496124428134,0.5015165158539898
SPY,2010,2010-01-27,2010-01-28,0.0032777929527452176,0.0032777929527452176,0.26804049766666077,1.0,0.006045616927727426,0.016030044884125676,0.013004412933678287,0.009929449746701693,0.011317741971397816,0.012228722828374727,1.4163642292461505,18663090437.5715,23.649813636957422,0.004757112798463137,0.006045616927727426,-0.05241089669634825,0.17993642229156231,-0.01470187857337335,0.0,0.0005445140212361199,0.02069153280696978,0.02564102564102899,0.021236046828205856,1181,1190010208.6411595,2168159513.599324,-978149304.9581647,3358169722.2404838,0.37422756057697776,0.3831545991367408,-0.004947068638611028,-0.004643028381545865,0.4062826962148345,0.41095432889434896
IWM,2010,2010-01-28,2010-01-29,0.0041131951299768765,0.0041131951299768765,0.22116938096898267,1.0,0.0190445448676565,0.02856681730148488,0.012316376964095708,0.012454305670208218,0.014657897753871729,0.018597489001218125,1.94890275407599,3684317402.4125,22.02735110863482,-0.017141009055627432,-0.0190445448676565,-0.18961639470073596,0.29493166004768817,-0.015074553498279575,0.0,0.010814353596591886,0.01736850729149597,0.3837209302325593,0.028182860888087805,545,194007432.42873305,892614415.207372,-698606982.7786388,1086621847.636105,0.3501563153422167,0.4009447734402625,-0.006702083397643213,-0.005018879134634352,0.3751743342436484,0.4009228910326377
SPY,2010,2010-01-28,2010-01-29,0.0043290043290045155,0.0043290043290045155,0.3309360917461173,1.0,0.01470187857337335,0.021236046828205856,0.011591388652508803,0.010189475374844378,0.012683234254822592,0.013081088575632232,1.6743400304327896,19922821758.584,23.715131733618193,-0.01147227533460804,-0.01470187857337335,-0.14628572198707895,0.30265788216369677,-0.01513206162876013,0.0,0.006969919295671145,0.016691122523844526,0.2945736434108469,0.023661041819515758,1193,1557687337.6017525,4472111702.576098,-2914424364.974346,6029799040.177851,0.41119752259014003,0.46630319715141877,-0.0022228301264651043,-0.0005318416655022643,0.40362435021708337,0.429491984569907
IWM,2010,2010-01-29,2010-02-01,0.004658126767592696,0.004658126767592696,0.24075262946111387,1.0,0.015074553498279575,0.028182860888087805,0.011054108528162689,0.012614335056924279,0.01588739238293243,0.019348186468489112,1.7739135667325874,3779703403.6625,22.052911378859847,-0.011023362948338278,-0.015074553498279575,-0.3350099023474065,0.4775316187897765,0.007120384169564398,1.0,0.009107468123861429,0.0038085775790694942,0.7051282051281959,0.012916045702930968,544,269344908.36652374,1535582976.5296578,-1266238068.163134,1804927884.8961816,0.36343270471392747,0.48927019005688216,-0.005900665517579078,-0.00200577990657347,0.3899079953969627,0.45095436890825585
SPY,2010,2010-01-29,2010-02-01,0.007077009032498527,0.007077009032498527,0.5034851764660613,1.0,0.01513206162876013,0.023661041819515758,0.008074680736109348,0.010382899361184214,0.012970806991053739,0.0140560424880266,1.8241765401208512,21179647151.723503,23.77630651747776,-0.01086856406005332,-0.01513206162876013,-0.14062947861853084,0.26665494259491573,0.008414239482200658,1.0,0.008506703652334524,0.006010171058714819,0.5859872611464884,0.014516874711049404,1197,1334587429.5760365,4313070165.847364,-2978482736.271328,5647657595.423401,0.4310560600095471,0.4789601720385453,-0.002560015544898175,-0.001087938431614286,0.3924006982949679,0.41547325504503707
IWM,2010,2010-02-02,2010-02-03,-0.004716214018539611,0.004716214018539611,0.25501908088830266,0.0,0.011016113120684068,0.015455442288720894,0.013995101129437427,0.011649564087620575,0.015158885099304149,0.018493573116614336,1.0195632586086663,3938281881.2125,22.094010394391503,-0.011016113120684068,-0.011016113120684068,-0.11637540770545941,0.21710500186079223,0.0019607843137255943,1.0,0.009967320261437873,0.007026143790849648,0.5865384615384616,0.016993464052287566,539,198350767.78191787,656669927.3670462,-458319159.58512837,855020695.1489642,0.41464281500840205,0.44316424360862033,-0.0021863402193908837,-0.0013470275087531791,0.46818440261736366,0.48171847999254613
SPY,2010,2010-02-02,2010-02-03,-0.004529806124297875,0.004529806124297875,0.3207908780440725,0.0,0.010250777960827184,0.015650741350906168,0.012653123932552277,0.010584879857192742,0.013316211297002152,0.01412074480395773,1.175314885130246,22218786034.922,23.82420398577351,-0.01210342930496977,-0.010250777960827184,-0.02464652382182863,0.15194563826699495,0.0004550418638514797,1.0,0.0033673097925007722,0.0054605023662177565,0.3814432989690597,0.008827812158718593,1193,1414215893.1460996,1961831732.447918,-547615839.3018184,3376047625.5940175,0.4338204780601254,0.4337797592749142,-3.259838968395785e-05,-4.45204466301705e-05,0.45884531962657477,0.45865307418678064
IWM,2010,2010-02-03,2010-02-04,-0.006876227897838927,0.006876227897838927,0.3657566460955598,0.0,0.0019607843137255943,0.016993464052287566,0.01315140039792718,0.011694036415535678,0.016183949572349175,0.018800008068868834,1.0500195873893152,3914710252.4125,22.08800715404944,0.0066677508537974495,0.0019607843137255943,-0.18836591367942648,0.3452436770049577,0.026706231454005858,1.0,0.02753049785690731,0.0003297065611607142,0.9881656804733675,0.027860204418067882,570,307065494.2329993,1044463467.7188982,-737397973.4858989,1351528961.9518976,0.3965187833018445,0.46443283535206653,-0.004901548787015306,-0.0028926292317104077,0.4517394841951589,0.4842166137451492
SPY,2010,2010-02-03,2010-02-04,-0.00773923336064819,0.00773923336064819,0.5452487882707823,0.0,0.0004550418638514797,0.008827812158718593,0.012873085807407722,0.010573971401004693,0.013316211297002152,0.014193948757213415,0.6629372245471937,22532703527.288998,23.838233580964232,0.004982786736727696,0.0004550418638514797,-0.05230651936873772,0.19063804640802987,0.02330702881262625,1.0,0.023490548724536597,0.00045879977977603126,0.9808429118773977,0.023949348504312712,1180,1558491643.6267655,2737098937.106932,-1178607293.4801667,4295590580.733698,0.510608580547945,0.5331393520663158,0.0015141191131917905,0.0021585278046923674,0.4964461509082696,0.5068639620653858
IWM,2010,2010-02-05,2010-02-08,-0.003205668972498854,0.003205668972498854,0.157511765865905,0.0,0.0016900456312320955,0.022477606895386144,0.01871081977206475,0.013493685255586085,0.017892600949889766,0.0203519334246303,1.2562515063258384,4153568125.9625,22.1472335911704,-0.00389566395663965,-0.0016900456312320955,-0.1704391404833239,0.27813925640801856,0.00677048070413,1.0,0.007786052809749533,0.008801624915369066,0.46938775510204,0.01658767772511855,537,223669884.33363894,931600465.6616179,-707930581.327979,1155270349.995257,0.3413851653424047,0.39321864770851384,-0.006591557326246665,-0.004935143076018659,0.42986335139043197,0.45683546713703954
IWM,2010,2010-02-08,2010-02-09,0.01192910702113159,0.01192910702113159,0.5785871686069973,1.0,0.00677048070413,0.01658767772511855,0.016948675016452527,0.013372221464109824,0.017892600949889766,0.020617648763023955,0.9270691148578232,4176775599.7625,22.15280539819393,-0.009954445756706676,-0.00677048070413,-0.1713417408705302,0.27006662020173083,0.0018524755810036542,1.0,0.009238800943078385,0.010609632873021302,0.4654675038180848,0.019848433816099745,565,206175833.540028,921831836.0288875,-715656002.4888595,1128007669.5689156,0.5015223266821727,0.5564561368526078,-0.001519835593323587,2.1597877564348382e-05,0.45900409378977375,0.483742717636243
SPY,2010,2010-02-08,2010-02-09,0.011710265369723194,0.011710265369723194,0.7154857137474149,1.0,0.007963275248266788,0.014240209855724153,0.01591696552308034,0.012269639350252078,0.014267320128768555,0.01636687517964506,0.9980998342506007,26117280912.8695,23.985863036122307,-0.0072192012000750205,-0.007963275248266788,-0.165016608844202,0.32576353318563633,0.0008401008120975106,1.0,0.009521142537104454,0.008027629982264584,0.5425531914893603,0.017548772519369083,1211,2099136289.4525096,6408921417.925639,-4309785128.473129,8508057707.378149,0.5500400412420073,0.6226727145061625,0.001098109123131694,0.0032386271168366146,0.458974304530001,0.493327697318573
IWM,2010,2010-02-09,2010-02-10,-0.00302571860816947,0.00302571860816947,0.14403146076437565,0.0,0.0018524755810036542,0.019848433816099745,0.017718710796408618,0.013995605055176935,0.019320085831795855,0.021007345146067162,1.0273470826632853,4284474253.2125,22.17826368676901,-0.013803680981595123,-0.0018524755810036542,-0.13019095701962824,0.2771783406248186,-0.005395380205698963,0.0,0.010453549148541685,0.007924464677120158,0.568807339449546,0.018378013825661833,548,314881830.3017537,872681633.6534461,-557799803.3516924,1187563463.9551997,0.38598683595324706,0.42153289944236594,-0.0039405022436396235,-0.0029780175413240155,0.45264918436156476,0.4681818035238552
IWM,2010,2010-02-10,2010-02-11,-0.0028509139694784524,0.0028509139694784524,0.1348244601345954,0.0,0.005395380205698963,0.018378013825661833,0.018146933580749487,0.013953418815613126,0.019320085831795855,0.02114537648904644,0.9512387256280396,4304863144.2625,22.183011184370155,-0.002353336695242847,-0.005395380205698963,-0.22545295479412159,0.42058999671580327,-0.018802556340396848,0.0,0.007736293306424447,0.019508913555331242,0.2839506172839503,0.027245206861755758,534,420019129.924527,1390563245.7828205,-970544115.8582935,1810582375.7073474,0.3983277203129093,0.49346291584254326,-0.0028659606571492992,-0.00018701637997898223,0.46901214915586126,0.5125265044761275
IWM,2010,2010-02-11,2010-02-12,-0.009541417676384167,0.009541417676384167,0.44385229967671835,0.0,0.018802556340396848,0.027245206861755758,0.010343274980051245,0.014148939773182878,0.019320085831795855,0.02149683055226637,1.4102011294855226,4335117552.4925,22.19001456387988,-0.015898037900385686,-0.018802556340396848,-0.1235029163961984,0.2604623740803549,-0.017000000000000126,0.0,0.003166666666666651,0.018289999999999917,0.14758427839055455,0.021456666666666634,558,296867674.49322027,832267335.1463938,-535399660.6531735,1129135009.639614,0.47444049349199824,0.5044926637065233,-0.00040667177052548884,0.0004052945008536611,0.46185170604281106,0.4751708584067168
SPY,2010,2010-02-11,2010-02-12,-0.010542865069823382,0.010542865069823382,0.6084921579780131,0.0,0.011790025264339699,0.018714325816412462,0.00831964563786516,0.012791292910429597,0.015083808030977787,0.01732621354539187,1.2406897368342689,27940532394.004498,24.05334424549721,-0.010466311559667263,-0.011790025264339699,-0.13674564045574214,0.37323847177547437,-0.009814001308533715,0.0,0.004486400598186613,0.01037480138330693,0.3018867924528223,0.014861201981493497,1204,3303867807.21941,7124613804.111965,-3820745996.892555,10428481611.331375,0.5195526360788528,0.5823564258368448,0.0010769466038031876,0.0028362698729229793,0.464797463848752,0.4936566609665957
IWM,2010,2010-02-12,2010-02-16,0.010488364470665257,0.010488364470665257,0.47808864712253313,1.0,0.017000000000000126,0.021456666666666634,0.01034793404037004,0.014259563238685753,0.01997838631054496,0.02193811656853067,1.073993981953458,4400959338.4925,22.205088385580787,0.007296378223117239,0.017000000000000126,-0.16096468020170798,0.4521675156813222,0.006325008108984731,1.0,0.007298086279597937,0.009406422315926033,0.4368932038835003,0.01670450859552386,564,640785919.0997517,1349184931.6009173,-708399012.5011656,1989970850.700669,0.49857812070079477,0.5437299137233099,-0.002183444168474202,-0.001031466587073435,0.449355803624782,0.4682460994394623
SPY,2010,2010-02-12,2010-02-16,0.007589781562384212,0.007589781562384212,0.4273229574347204,1.0,0.009814001308533715,0.014861201981493497,0.008515615358706288,0.01273504497511783,0.015255971666199832,0.01776123054082265,0.9741235961009969,28919987622.8065,24.087798806256473,-0.0008323314528806414,0.009814001308533715,-0.14652925962540536,0.4056090782416526,0.008083777328679043,1.0,0.009094249494763895,0.009553555024802596,0.48768472906403626,0.018647804519566425,1193,3746292573.850412,7983916948.596135,-4237624374.7457232,11730209522.446547,0.5129775229044148,0.5741577265324256,5.79074923590466e-05,0.0017105940210249844,0.45202830713202985,0.4791293010398058
IWM,2010,2010-02-16,2010-02-17,0.00451248992747777,0.00451248992747777,0.20845465963409962,1.0,0.006325008108984731,0.01670450859552386,0.006216929854312052,0.014619907629660728,0.019320085831795855,0.02164734496891814,0.8646187569225271,4337442324.092501,22.19055068509179,0.01687971156997703,0.006325008108984731,-0.10561727936349742,1.0597872716608963,0.002246109417615827,1.0,0.004492218835231876,0.005454837157067183,0.45161290322581077,0.009947055992299012,535,2069328654.4848762,2527437512.1516113,-458108857.6667352,4596766166.636488,0.4733232736721101,0.49276659522902566,-0.0017319863063205926,-0.0012348976912059237,0.4695026922455992,0.4775089658167705
SPY,2010,2010-02-16,2010-02-17,0.004829597229816018,0.004829597229816018,0.26908734344215207,1.0,0.008083777328679043,0.018647804519566425,0.008072224907269169,0.0132365912328142,0.015840393117515922,0.017948065368055027,1.1772311697836675,28586539534.1815,24.076201798325798,0.015734912995186923,0.008083777328679043,-0.037703073698022255,0.18807597512806795,-9.068649678056762e-05,0.0,0.0012696109549288348,0.004806384329373414,0.20895522388059812,0.006075995284302183,1192,2149320445.79979,3227120852.628462,-1077800406.828672,5376441298.428251,0.4548338019877785,0.45015618067271757,-0.002054391511132395,-0.0021950887434794572,0.4354487847698452,0.43318266863154387
IWM,2010,2010-02-18,2010-02-19,-0.0038107335662114217,0.0038107335662114217,0.1855907382932594,0.0,0.008163918680966775,0.01200576276612774,0.004955440196334398,0.013852914007640483,0.01911322382088079,0.02053299427145943,0.6281390768318059,4279142232.1925,22.177018413415606,-0.008163918680966775,-0.008163918680966775,-0.060545372483177325,0.7532647247469505,-0.005100414408670817,0.0,0.0020720433535225125,0.010200828817341412,0.1688311688311714,0.012272872170863931,530,1482122317.6644726,1741204578.0210624,-259082260.3565898,3223326895.685535,0.5016990757756374,0.5052344448055056,0.0022669484898439718,0.002253954778110319,0.5173158248185539,0.5171065872923162
SPY,2010,2010-02-18,2010-02-19,-0.002614732666125663,0.002614732666125663,0.1522787569874556,0.0,0.00753997093023262,0.009992732558139483,0.006240865529534046,0.012877452636210745,0.015840393117515922,0.017170698775411327,0.630838671995442,28555617846.929497,24.075119525913014,-0.005895156901868148,-0.00753997093023262,-0.006978259635349225,0.18142741769694015,-0.004700777436268178,0.0,0.0023503887181342,0.008587958777797722,0.21487603305785744,0.010938347495931963,1167,2490751745.6626954,2690020261.0463815,-199268515.38368607,5180772006.709077,0.5036189997425756,0.4978340746770846,0.0039043042437709296,0.003654140020138246,0.5133163951727687,0.50928800479602
IWM,2010,2010-02-19,2010-02-22,0.0057088487155090295,0.0057088487155090295,0.2897190494041859,1.0,0.005100414408670817,0.012272872170863931,0.005615784154993932,0.013344757583225,0.0176857389389747,0.01970477511661526,0.6939417240756484,4149344061.6800003,22.14621610127012,0.0012702445220704739,0.005100414408670817,-0.08018180274616302,0.6293849481053512,-0.0026805424156417512,0.0,0.00047303689687794304,0.0063071586250393885,0.06976744186046359,0.0067801955219173714,572,1139416404.9260628,1472118292.0056515,-332701887.07958865,2611534696.931714,0.5070800284683523,0.5142332285381448,-0.0001874641005827262,-0.00010799059856380407,0.48157554183204787,0.4828582045052322
SPY,2010,2010-02-19,2010-02-22,0.003689040849379044,0.003689040849379044,0.22322051744902313,1.0,0.004700777436268178,0.010938347495931963,0.0062714568691492785,0.012173450261294872,0.015255971666199832,0.01652644161718472,0.716987926777963,27828112648.1775,24.04931259301519,0.002073753493823771,0.004700777436268178,-0.03752016498674796,0.26240548698015004,-0.0034961900493052367,0.0,0.0002689376961004797,0.006454504706409625,0.04000000000001123,0.006723442402510086,1182,3129067036.677031,4173182414.5064588,-1044115377.8294277,7302249451.18349,0.507243765873706,0.5101359397391636,0.0018300840250463875,0.001812914263829772,0.4764892765042773,0.47621216512425024
SPY,2010,2010-02-22,2010-02-23,-0.002698812522490046,0.002698812522490046,0.17214404600806166,0.0,0.0034961900493052367,0.006723442402510086,0.006026601259518508,0.01100628462296862,0.01468903834627145,0.01567764081926864,0.45771835051521337,26675298733.358498,24.007003833072776,-0.00017995321216490723,0.0034961900493052367,0.0005036343271025875,0.09277954685521465,0.0094714053761501,1.0,0.012087317337182046,0.003066931264658068,0.7976190476190509,0.01515424860184022,1171,1244178362.4181592,1230743766.2903237,13434596.127835512,2474922128.7084827,0.4883823137054012,0.48054496490595033,0.00340065631312801,0.0030997069940287957,0.5107139465169231,0.5058628156756688
IWM,2010,2010-02-23,2010-02-24,0.0036794112941929136,0.0036794112941929136,0.19767578045087003,1.0,0.010291323622545923,0.014566181127295784,0.007885728548036253,0.012976097639760327,0.01684898632390571,0.018613364195657685,0.864513796098758,4026024702.13,22.116045299795957,-0.01169960474308307,-0.010291323622545923,-0.09719908415074532,0.21794646863029277,0.004781638508128738,1.0,0.009722664966528516,0.0030283710551483045,0.7624999999999953,0.012751036021676829,530,243065976.3161233,634391890.1314366,-391325913.8153133,877457866.4475598,0.48793667105724114,0.5026047606725663,0.0006150479207020971,0.0009202996548644078,0.4745383439904168,0.4794439564437113
SPY,2010,2010-02-23,2010-02-24,0.0030051907840815684,0.0030051907840815684,0.18919719048537967,1.0,0.0094714053761501,0.01515424860184022,0.007227053320976906,0.011333447211118317,0.015007725291666859,0.015883908087492432,1.0097631924442754,26786423818.409004,24.011161022171333,-0.01214465635120543,-0.0094714053761501,-0.01781155318520554,0.1275916106804094,0.00617396041401852,1.0,0.007808244053023383,0.002542218994007639,0.7543859649122788,0.010350463047031057,1180,1470307573.4379191,1947415385.9209676,-477107812.48304844,3417722959.3588867,0.4839584975245556,0.4704284727661998,0.0020361359719793222,0.0015943750707100137,0.4571288037656089,0.4500293919159352
IWM,2010,2010-02-24,2010-02-25,-0.013642131979695438,0.013642131979695438,0.734819901232702,0.0,0.004781638508128738,0.012751036021676829,0.008201903005494563,0.012840940113853332,0.01684898632390571,0.018565272874087907,0.756783570035034,4007021768.7300005,22.11131410126098,-0.0084786434170534,-0.004781638508128738,-0.1199184911974244,0.40978466359164467,-0.01415246059826325,0.0,0.0032164683177871023,0.01511740109359927,0.17543859649122914,0.018333869411386306,503,580750031.4010419,1061266036.1023784,-480516004.7013365,1642016067.5034204,0.5503972567373104,0.5864186306397681,0.0006654413648855091,0.001576837900530684,0.5011304710476413,0.5157502489435508
SPY,2010,2010-02-24,2010-02-25,-0.014257354268182643,0.014257354268182643,0.9038291322359989,0.0,0.00617396041401852,0.010350463047031057,0.008151137813407367,0.011462608343603317,0.015007725291666859,0.0157743911539022,0.6896756734198901,26610520562.3955,24.00457248440515,-0.009197705127037548,-0.00617396041401852,0.000998186263638282,0.10547726017584279,-0.013090443061149815,0.0,0.002746246796045404,0.013822775540095256,0.1657458563535906,0.01656902233614063,1174,1416683528.434026,1390121272.3403788,26562256.09364724,2806804800.7744045,0.6291384088366829,0.616522396759152,0.0051186350109918045,0.004661416169819322,0.5137970171358145,0.5064627365605266
IWM,2010,2010-02-26,2010-03-01,0.007324840764331153,0.007324840764331153,0.4154278825354347,1.0,0.005699810006333128,0.011874604179860672,0.0076112506020254685,0.01199664144966053,0.016646093160321205,0.017632039331655518,0.7133568258626481,3850039211.4300003,22.071349169981254,-0.004123057405645447,-0.005699810006333128,-0.10831586677295815,0.4373325858461141,0.015807777426493974,1.0,0.016756244072083426,0.0,1.0,0.016756244072083388,533,633363634.8238497,1050383969.1197665,-417020334.2959168,1683747603.9436162,0.5290156896410041,0.5514207902904812,0.0010438714500787482,0.0015664173825293524,0.48740140698302176,0.4957589793405896
SPY,2010,2010-02-26,2010-03-01,0.004153873938956165,0.004153873938956165,0.27304466185954634,1.0,0.00027083145255935026,0.009117992236165074,0.007614488218153106,0.011082583342496781,0.01468903834627145,0.01521316663239844,0.6207344566214924,25800416144.003,23.973656458356423,0.0006325110689435753,-0.00027083145255935026,-0.004097280316869137,0.1242927020419824,0.006205035971222905,1.0,0.007194244604316502,0.00026978417266187993,0.9638554216867455,0.007464028776978402,1173,1550545949.5559304,1656257486.7897866,-105711537.2338562,3206803436.345717,0.5157553769157692,0.5004669807655129,0.0024821460397986862,0.001983608120107985,0.48475799650075047,0.47678440704562597
IWM,2010,2010-03-01,2010-03-02,0.0037348272642390157,0.0037348272642390157,0.21430910875039683,1.0,0.015807777426493974,0.016756244072083388,0.01335784869861631,0.012519144031793777,0.016646093160321205,0.017427291289745985,1.0066172230745858,3839645662.03,22.068645923775378,0.023248407643312152,0.015807777426493974,0.04977997436347466,0.2798474856207763,0.003875968992248069,1.0,0.010077519379845024,0.0015503875968991832,0.8666666666666705,0.011627906976744186,490,632826323.4072484,441688860.7865683,191137462.6206801,1074515184.1938167,0.4421622756054064,0.3655979019494511,-0.003384358415666736,-0.005715061343407587,0.45913854914054225,0.4219923556952312
SPY,2010,2010-03-01,2010-03-02,0.004289927607471711,0.004289927607471711,0.29395361058199004,1.0,0.006205035971222905,0.007464028776978402,0.00912608195237296,0.010897133066614925,0.014378542283386779,0.014593893230221634,0.5191088658272732,24958291362.032997,23.94047192305773,0.010384684847390302,0.006205035971222905,0.012228092513668373,0.12545253159794265,-0.001512859304084735,0.0,0.003292693779478384,0.003292693779478495,0.49999999999999156,0.006585387558956971,1167,1718136565.7420666,1412944269.984037,305192295.7580297,3131080835.726104,0.5424360069619665,0.5187028957975761,0.003390446575293603,0.0026286917642317775,0.504883487231885,0.49274281875251497
IWM,2010,2010-03-02,2010-03-03,0.004942084942084923,0.004942084942084923,0.2835489401044163,1.0,0.003875968992248069,0.011627906976744186,0.010427245558900296,0.012405911238261699,0.016646093160321205,0.01742938958003162,0.6985366995579047,3834982416.9800005,22.067430686873763,0.007625272331154509,0.003875968992248069,0.02911705146823554,0.22156824853256424,0.0007684032580299593,1.0,0.006454587367450415,0.004456738896572832,0.5915492957746519,0.010911326264023264,534,480686858.8492119,369023478.4342269,111663380.414985,849710337.2834387,0.48737674884264054,0.4291431289520545,-0.0009779311467515307,-0.0027323475243649356,0.48787302752478606,0.4610316550694386
SPY,2010,2010-03-02,2010-03-03,0.002584670231728925,0.002584670231728925,0.18212760365430058,1.0,0.001512859304084735,0.006585387558956971,0.005214393914143808,0.010432370800169935,0.014079469710673823,0.014191534835295644,0.46772980050267843,24839293525.918,23.93569265262165,0.0027705782464921835,-0.001512859304084735,0.01345047389876313,0.13486493675856803,-0.0016890390256911747,0.0,0.004267045959641003,0.004178149168814982,0.5052631578947469,0.008445195128455889,1167,1842025009.8672576,1507924740.6331816,334100269.234076,3349949750.500439,0.5320837698044059,0.5116081206898827,0.0042580651033722,0.0036032410611864262,0.5144388990821301,0.504420538427669
IWM,2010,2010-03-04,2010-03-05,0.006432838106907424,0.006432838106907424,0.383676971446504,1.0,0.0023027325759903405,0.007675775253300583,0.010112408010793855,0.01207774572687814,0.015576929426207167,0.016766286708985747,0.49276561787502177,3800122045.2300005,22.058299020328796,0.0026105651105652328,0.0023027325759903405,0.044016015019746335,0.25576492647294163,0.013848729264952286,1.0,0.015370567645716093,0.0031958605996041944,0.8278688524590228,0.018566428245320333,533,569602082.2530843,402335853.23337144,167266229.01971287,971937935.4864557,0.5302790754582781,0.46762028893565205,0.0005433827129139976,-0.0013497119147606266,0.5078572840022815,0.47920805990054144
SPY,2010,2010-03-04,2010-03-05,0.0064808238636364646,0.0064808238636364646,0.4718695678418841,1.0,0.0016896398399288692,0.006847487772343228,0.003974089408313187,0.010040466291195396,0.012428538530777728,0.013734354375249908,0.5509487503608149,24307200574.979,23.91403846335681,0.0030276046304542614,0.0016896398399288692,0.02057920409440575,0.14972018345420093,0.007762194584105098,1.0,0.008556055393843076,0.0023815824292141574,0.7822580645161215,0.010937637823057325,1164,2069750685.470032,1569527843.8738823,500222841.5961497,3639278529.343914,0.571277522720826,0.5478710010019775,0.0038412344274002153,0.003119327323234832,0.5057814350603839,0.49485642470668756
IWM,2010,2010-03-08,2010-03-09,-0.002846868444710826,0.002846868444710826,0.18563737264379232,0.0,0.0015006002400959062,0.006227490996398653,0.007502716474539755,0.009099966165880059,0.013658608574486307,0.01533564284048288,0.45593890200729076,3518867848.63,21.981405140909207,-0.0018012608826176724,-0.0015006002400959062,0.09814527551826693,0.2575384111280443,-0.006461307287753737,0.0,0.00030052592036056147,0.01412471825694972,0.020833333333328524,0.0144252441773102,484,625801944.6109462,280441690.0947836,345360254.5161626,906243634.7057297,0.4616439158826022,0.3831416128133414,0.000822546594259625,-0.001509600329044434,0.5239177226902881,0.4894256315227998
SPY,2010,2010-03-08,2010-03-09,-0.0029754091187537135,0.0029754091187537135,0.2468586707458795,0.0,8.751969193054876e-05,0.003938386136880823,0.005754039237195381,0.007091883086677347,0.01064405043504419,0.01205308733844982,0.3700082182919939,21439739757.457497,23.788512034897057,-0.0001750547045951123,-8.751969193054876e-05,0.05372816227300149,0.19758748660194145,-0.0046519792855261866,0.0,0.0005266391643992119,0.009303958571052373,0.05357142857143059,0.009830597735451507,1161,2694071054.4276714,1542153237.6480734,1151917816.779598,4236224292.0757446,0.49837752921368245,0.46899774432732527,0.004282366117192595,0.003466840293950376,0.5324141818240015,0.5203526814255361
IWM,2010,2010-03-10,2010-03-11,-0.006069578090303396,0.006069578090303396,0.40869847383887914,0.0,0.007607398568018953,0.013275656324582346,0.007717223133408157,0.008165208828585636,0.013013346173129587,0.014850992794987045,1.0201570101926887,3550077218.88,21.99023519199435,-0.008510002985965937,-0.007607398568018953,0.00826799071209488,0.15841193719685828,-0.009085492999702183,0.0,0.003574620196604039,0.01072386058981234,0.24999999999999611,0.01429848078641635,509,295863307.45706767,266511301.9841482,29352005.472919464,562374609.4412159,0.44130080419945195,0.40006968904655155,-0.0015466910279482017,-0.002737848110894541,0.4699226879532516,0.4510046917257389
IWM,2010,2010-03-11,2010-03-12,0.005166051660516535,0.005166051660516535,0.3527408938664667,1.0,0.009085492999702183,0.01429848078641635,0.0076645498303129014,0.008150462646345757,0.013013346173129587,0.014645457190660155,1.0987551238697049,3587089844.38,22.0006070824034,0.002960769800148144,0.009085492999702183,-0.014758119281145851,0.22572732735060902,-0.005580029368575601,0.0,0.0004405286343611703,0.012334801762114433,0.03448275862068516,0.01277533039647563,528,378382751.87143123,431321451.6669782,-52938699.79554695,809704203.5384095,0.44719048118069776,0.40839177068408106,-0.0033966885566299307,-0.004538036497529983,0.4463628030383538,0.4281139724389932
SPY,2010,2010-03-11,2010-03-12,0.004330879168471302,0.004330879168471302,0.3958716304657507,1.0,0.006538796861377483,0.009851787271142195,0.005516993694436938,0.006204876860846635,0.00984119250329685,0.010940109962858258,1.001076573580061,20035438935.063,23.72076848920796,0.004175002174480413,0.006538796861377483,0.07073924205467662,0.2490456866116142,-0.0042259594652868104,0.0,0.00017248814144021907,0.006985769728331204,0.024096385542160828,0.007158257869771438,1159,3203515705.3234735,1786223940.8243597,1417291764.4991138,4989739646.147833,0.48173414389833186,0.4231541720075271,0.00023025728205998278,-0.00139722864079037,0.4564977008589443,0.4304760874274438
IWM,2010,2010-03-15,2010-03-16,0.005037783375315019,0.005037783375315019,0.37415022259225866,1.0,0.002811748765889188,0.011968032056595527,0.004489902385997665,0.008205581860247566,0.01251195409627038,0.013464600770276952,0.9565278104850954,3606314433.4,22.005952155208384,-0.003396337861783838,-0.002811748765889188,-0.07820321317183142,0.2706073134265786,0.0035382574082263307,1.0,0.003980539584254705,0.007223942208462231,0.3552631578947372,0.011204481792716953,530,346934841.8970178,628960218.2968504,-282025376.39983267,975895060.1938682,0.47498529368751374,0.47666732574665976,-0.0015287824015517348,-0.0015331018985001435,0.4662039718086259,0.466131043380048
SPY,2010,2010-03-15,2010-03-16,0.002770802666897554,0.002770802666897554,0.27608521643293177,1.0,0.0019954884608710532,0.008415755682804085,0.00209058643435003,0.006017580832427954,0.008781593682310481,0.010036041417562296,0.9583403636354372,18964829138.843,23.665852002758157,0.0002598302442404776,0.0019954884608710532,0.06855684694875891,0.29234564394444146,0.005180899749589907,1.0,0.00613073137034803,0.002763146533114602,0.6893203883495148,0.008893877903462577,1169,3422227037.786193,2122058149.1051702,1300168888.6810226,5544285186.891363,0.4566267063208682,0.40345177463053944,0.00022433067579069425,-0.0012077857357586574,0.45795018913607044,0.43377098477911424
SPY,2010,2010-03-16,2010-03-17,0.0030066145520144527,0.0030066145520144527,0.3150761708735682,1.0,0.005180899749589907,0.008893877903462577,0.003294030521973378,0.00539504954979243,0.008669536515959232,0.009542500607641726,1.0258769759018107,19073368744.9405,23.671558892501505,0.007966057667330606,0.005180899749589907,0.0811823658715259,0.2790374940613148,0.002911956149366235,1.0,0.006166495375128367,0.002911956149366235,0.6792452830188633,0.00907845152449471,1168,3435303108.8749437,1886881909.0206575,1548421199.8542862,5322185017.895601,0.45883697785980104,0.39647265941018783,-0.0002490293056667068,-0.00196608781745074,0.45412491708626535,0.425455239153202
IWM,2010,2010-03-18,2010-03-19,0.003515968356284649,0.003515968356284649,0.26845711942696504,1.0,0.0026300409117474555,0.009351256575102287,0.0054332445363128624,0.007901930928594774,0.012120452113729729,0.013096945850382574,0.7715270426677756,3765308208.05,22.049095556215672,-0.0030670366583904762,-0.0026300409117474555,-0.10359419487072055,0.36400506074969335,-0.015948905109489098,0.0,0.00014598540145982497,0.019562043795620543,0.007407407407405905,0.019708029197080416,484,490263585.37975204,880327657.6328074,-390064072.25305533,1370591243.0125594,0.47963012941929156,0.4974169533764817,-0.0006552652184776782,-0.00022470064088039518,0.48256469350418624,0.48963994533263555
SPY,2010,2010-03-18,2010-03-19,-0.009142173615857896,0.009142173615857896,0.9626497133974022,0.0,0.000597728631201333,0.00597728631201437,0.003912807390978934,0.005433012259619699,0.008669536515959232,0.009496884992146477,0.689458577285088,18113139476.689,23.619903449791316,0.000512382578992221,0.000597728631201333,0.11179007690173437,0.34578157811482363,-0.0,0.0,0.0038803138742778964,0.011382254031214956,0.25423728813559665,0.015262567905492888,1165,4144029603.9471684,2119160348.9162645,2024869255.0309038,6263189952.863433,0.6094189894852949,0.5456593184729712,0.004606858461837148,0.0028319914276130585,0.5051491274870541,0.4759836273912847
IWM,2010,2010-03-19,2010-03-22,-0.007083781478322004,0.007083781478322004,0.5257173117320519,0.0,0.015948905109489098,0.019708029197080416,0.00838577188841758,0.008714991343731195,0.012359534039136179,0.01347450677434125,1.5945608576080132,3857561075.5875,22.073300975021812,0.012489012598886684,0.015948905109489098,-0.13480755323608323,0.3941624612010857,-0.0213656058568652,0.0,0.0022411474675034793,0.02360675332436868,0.0867052023121431,0.02584790079187216,481,500238698.864186,1020267068.9228904,-520028370.05870444,1520505767.7870765,0.37989928160954206,0.40317509052406053,-0.007806339219693039,-0.007188755610802394,0.4078340038956937,0.4180980543549042
SPY,2010,2010-03-19,2010-03-22,-0.005691127015607478,0.005691127015607478,0.586257847300585,0.0,0.0,0.015262567905492888,0.00667931636483935,0.006046125817068438,0.008669536515959232,0.009707549403069284,1.7604825675971187,18228704047.275997,23.626263334096105,0.009142173615857896,-0.0,-0.1999979268705727,0.4529276936905939,-0.011100511664209556,0.0,0.0006070592316365087,0.01292168935911886,0.044871794871798557,0.013528748590755375,1149,2305290932.054347,5950993951.046764,-3645703018.9924173,8256284883.101111,0.34891446826367317,0.43700649735210995,-0.007435082896334922,-0.004750069943455732,0.3819244945149412,0.4265485875693047
IWM,2010,2010-03-23,2010-03-24,-0.005358435916002713,0.005358435916002713,0.3689531663186938,0.0,0.009207833966676349,0.016661794796843037,0.010713974455624374,0.00834255126059709,0.01276318320907623,0.014523349858920065,1.305457621653069,3934842195.0875,22.09313661511138,-0.010093622001170255,-0.009207833966676349,0.0677563265714747,0.3623033319114438,0.005969714618520805,1.0,0.006260920209668175,0.004276354105998692,0.5941688544977338,0.01053727431566677,535,846108445.3017538,579497992.5241867,266610452.77756703,1425606437.8259406,0.3857101429515984,0.3085381504550214,-0.004479782520605921,-0.006881425568490239,0.4326717395492117,0.39449470260203107
SPY,2010,2010-03-23,2010-03-24,-0.0037475513159015428,0.0037475513159015428,0.3835121902407894,0.0,0.005566974991435325,0.009677971908187817,0.006746310415896655,0.005083156031433478,0.008986164713978643,0.009771661530624698,1.0769858127720513,18503328909.538,23.64121649389935,-0.007033193241272828,-0.005566974991435325,0.005153430303146445,0.18642478759888623,0.0011113960844660875,1.0,0.01188338890313756,0.00393263229888019,0.751351351351345,0.015816021202017683,1148,1772417388.8722255,1677061772.9607267,95355615.91149879,3449479161.8329525,0.4218816850366927,0.4092460509423695,1.742549272601944e-05,-0.0002835212995836601,0.45417368992466495,0.44938977467162045
IWM,2010,2010-03-24,2010-03-25,0.008788633367511567,0.008788633367511567,0.609021343268403,1.0,0.005969714618520805,0.01053727431566677,0.012177392624700549,0.009052728625812844,0.012371681226535577,0.014430747731017221,0.8517253332607493,3979406613.8375,22.104398553126813,-0.011296162201303472,-0.005969714618520805,-0.06533675973403327,0.381782863515813,-0.014984753884129676,0.0,0.007114854072890919,0.015681719181065756,0.3121019108280247,0.02279657325395663,528,629633859.1561611,889635392.9684848,-260001533.8123237,1519269252.1246457,0.525496086367641,0.517116957913719,-0.0008208202136041902,-0.0011330689174484342,0.4681718575517489,0.4632295542433766
SPY,2010,2010-03-24,2010-03-25,0.006761383087983575,0.006761383087983575,0.6749467565683697,1.0,0.0011113960844660875,0.015816021202017683,0.006792481737015404,0.005204096960183155,0.008986164713978643,0.010017654018163536,1.7600413196760898,18672559228.32,23.650320862144945,-0.004854782386508716,-0.0011113960844660875,-0.019079964292683882,0.24569898886844901,-0.008331208025163517,0.0,0.004590665646518888,0.009521380600186924,0.3253012048192863,0.014112046246705744,1150,2115778579.32754,2472050342.6569104,-356271763.3293705,4587828921.98445,0.4136926147874285,0.3934595983293704,-0.005761781489640913,-0.006267631717515697,0.36721159954110044,0.35920495219881543
IWM,2010,2010-03-25,2010-03-26,0.004156962174592493,0.004156962174592493,0.28324115200127786,1.0,0.014984753884129676,0.02279657325395663,0.012432172873973427,0.009314394392179738,0.012371681226535577,0.0146764061126744,1.8426415000946739,4042788496.0375,22.120200512617423,-0.0063278160246081905,-0.014984753884129676,-0.12206646193543604,0.5258944667430855,-0.004550792718731711,0.0,0.006605989430416681,0.008220786846741102,0.4455445544554352,0.014826776277157823,534,816295606.1070707,1309784494.171651,-493488888.0645802,2126080100.2787216,0.36110739976049067,0.36473744169939726,-0.007723610722214606,-0.007590021117480632,0.38295173108066843,0.3850635037720389
IWM,2010,2010-03-26,2010-03-29,0.004424126235068604,0.004424126235068604,0.29840010873288725,1.0,0.004550792718731711,0.014826776277157823,0.010743715802235031,0.009186463248882353,0.013025493360528988,0.0148261549027412,1.138289035721844,4051131540.3875,22.122262071730262,-0.0004127480173352627,-0.004550792718731711,-0.13395244834618544,0.5629340868727118,0.0010277492291881352,1.0,0.0042578182352077665,0.004404639553663103,0.4915254237288194,0.008662457788870995,548,868930523.0409602,1411589511.4483194,-542658988.4073592,2280520034.4892797,0.42145684624669716,0.44494163776599666,-0.004250372047424046,-0.0036039862197710494,0.43909302223994995,0.44931206933742324
SPY,2010,2010-03-26,2010-03-29,0.0050609023846286405,0.0050609023846286405,0.507068081787604,1.0,0.002481389578163795,0.01112347052280309,0.004975103048024438,0.005247758179567166,0.008986164713978643,0.0099807157389735,1.237844049920397,18779391668.135998,23.656025917663857,-0.0006000857265324733,-0.002481389578163795,-0.020508817037670893,0.22759250235994843,0.0012801911752153838,1.0,0.003072458820517099,0.00409661176068965,0.4285714285714175,0.007169070581206823,1144,1944452817.3740377,2329595925.1746,-385143107.8005624,4274048742.548638,0.46002025061612956,0.45180353284505137,-0.0011697050150115034,-0.001323132384923039,0.4292701843204989,0.4268445718579541
IWM,2010,2010-03-30,2010-03-31,-0.00380172539845014,0.00380172539845014,0.2716904941795975,0.0,0.001464343242055799,0.012666569043783786,0.006874290968458034,0.007922880802374228,0.012720949720129708,0.01399285392714939,0.9957251087739252,3897161533.2875,22.08351431312073,-0.0030800821355234653,-0.001464343242055799,-0.05596405751554433,0.4617184521880378,0.004806986643182132,1.0,0.004990459415822546,0.009980918831645536,0.33333333333332343,0.014971378247468019,526,790645209.439998,1008746181.6362666,-218100972.19626856,1799391391.0762646,0.3950424990719485,0.3874088707789506,-0.0036634007035463703,-0.003918037803058086,0.45721333628785416,0.45319112505619663
SPY,2010,2010-03-30,2010-03-31,-0.0038330494037478458,0.0038330494037478458,0.38987377493019343,0.0,0.0005108121913841579,0.007832453601225964,0.0041027284489232865,0.005017261400063943,0.008986164713978643,0.009831513813500664,0.8716125121813095,18695124454.4085,23.651528602449265,-0.0006818956699625733,0.0005108121913841579,-0.025644423705062164,0.2442777762212403,-0.00042753313381793667,0.0,0.0029072253099615697,0.004873877725523723,0.3736263736263777,0.007781103035485221,1147,2043688867.5872583,2523114560.314979,-479425692.72772074,4566803427.902237,0.4457222473649608,0.45534144259117487,0.0007050695916762688,0.001037316608176719,0.4718278472241618,0.4770759736127179
IWM,2010,2010-03-31,2010-04-01,0.0077799491169205925,0.0077799491169205925,0.5491542044464517,1.0,0.004806986643182132,0.014971378247468019,0.006000700823855914,0.008280524042965396,0.013025493360528988,0.014167148414647565,1.1493904939398016,3916952614.9875,22.088579794285423,-0.008590437198420897,-0.004806986643182132,-0.2259178271144689,0.6581512692214402,0.0014634860237086045,1.0,0.005268549685350399,0.013756768622859572,0.27692307692307405,0.019025318308210117,516,846518955.6729747,1731428379.3612876,-884909423.6883129,2577947335.034262,0.48825943264801186,0.5619139900018205,-0.0023404722352331534,-0.00027043512520713055,0.4419012650567711,0.4746780721515676
SPY,2010,2010-03-31,2010-04-01,0.006837606837606813,0.006837606837606813,0.6980193669530894,1.0,0.00042753313381793667,0.007781103035485221,0.0037074264810797656,0.005169617687086756,0.008986164713978643,0.009795726539012114,0.8658981092769354,18791225779.763496,23.656655883995143,-0.0034071550255536653,0.00042753313381793667,-0.022819490607567845,0.21358542241449105,0.0,0.0,0.0038200339558573937,0.005942275042444822,0.3913043478260875,0.009762308998302256,1078,1792362847.8354301,2221169048.02143,-428806200.1859999,4013531895.85686,0.5544942033625988,0.5548093467075782,0.0025064964910389603,0.002577433569293824,0.46597769748757595,0.4671009096843848
IWM,2010,2010-04-01,2010-04-05,0.002630425252082347,0.002630425252082347,0.17843179888780136,1.0,0.0014634860237086045,0.019025318308210117,0.006771832335693386,0.008435900879461748,0.013787068555499347,0.014741908496569991,1.3799393418277703,3964269051.1375,22.10058732475804,0.009254820987426804,0.0014634860237086045,-0.10134605678323105,0.45843344496498967,0.0160326483019968,1.0,0.016761405042996724,0.0024777729193995457,0.8712121212121199,0.01923917796239626,491,707795240.7602342,1109558277.1208208,-401763036.3605865,1817353517.8810549,0.3755656013576697,0.3781490997839534,-0.0065096841736026045,-0.006430012402796768,0.41269171779942604,0.4139171158681295
SPY,2010,2010-04-01,2010-04-05,0.0038200339558573937,0.0038200339558573937,0.38249747245162163,1.0,0.0,0.009762308998302256,0.0044731160111683675,0.0052760686797609395,0.009378211716341263,0.009987082872398726,1.0409563457915665,18976720425.955498,23.666478824152552,0.006837606837606813,0.0,-0.004160784947251969,0.21790500131490742,0.004312896405919808,1.0,0.004989429175475735,0.0027906976744186407,0.6413043478260861,0.007780126849894306,1119,2028082118.3369694,2107040171.033494,-78958052.69652462,4135122289.3704634,0.45828775531526184,0.44433976135656006,-0.00041322716289052307,-0.0007174318487430265,0.4479307230755616,0.44325187847647923
IWM,2010,2010-04-05,2010-04-06,-0.0034428346004876653,0.0034428346004876653,0.23551070996158854,0.0,0.0160326483019968,0.01923917796239626,0.009910127921769072,0.00825530893091646,0.013787068555499347,0.01461859038618323,1.3954509535474957,3971395871.5375,22.10238347476827,-0.018705246237030293,-0.0160326483019968,0.13595961434755136,0.42816283930473414,-0.009356556787102344,0.0,0.0020152583849143424,0.011803656254498529,0.14583333333333082,0.01381891463941281,487,1120176791.7381456,580227340.6224495,539949451.1156961,1700404132.3605952,0.39829284695058614,0.28920479140545874,-0.0025849838687910577,-0.006047193672792276,0.4411951342314743,0.38803719586239044
SPY,2010,2010-04-05,2010-04-06,-0.0028629168070057887,0.0028629168070057887,0.29594258927643025,0.0,0.004312896405919808,0.007780126849894306,0.004905854775832644,0.004683901973648,0.008986164713978643,0.009673892541136186,0.8657894772162081,18598233608.4645,23.646332445869035,-0.008149405772495788,-0.004312896405919808,0.015209682953386596,0.24328372483137012,-0.005235602094240788,0.0,0.001097787535889183,0.007008951190677237,0.13541666666666424,0.008106738726566405,1119,2403760392.1144905,2120887155.4367263,282873236.6777642,4524647547.551217,0.44147547565119627,0.4286197784582353,0.001709051309212139,0.0013957647591061467,0.47731983798138977,0.4725097114826574
IWM,2010,2010-04-07,2010-04-08,-0.0028326990757960857,0.0028326990757960857,0.1902453540405748,0.0,0.002027412906910442,0.01227869788692175,0.01068174386672404,0.008383186471352484,0.013547285481997578,0.014889714863638343,0.9063585397412934,4006625579.3174996,22.111215222586733,0.0031660011409014865,0.002027412906910442,0.15664937509053728,0.6637581143156142,-0.0018651362984216657,0.0,0.0077474892395983375,0.007173601147776099,0.519230769230774,0.01492109038737455,533,1643532816.2591686,1015897423.0373204,627635393.2218482,2659430239.296489,0.3844638504373036,0.2715239792567974,-0.003905483398890038,-0.0074724959228872345,0.4589033290354451,0.4016792470346402
SPY,2010,2010-04-07,2010-04-08,-0.003464008110848238,0.003464008110848238,0.34494834497866905,0.0,0.0037037037037036535,0.013047138047138024,0.006112149681756894,0.004979520369998882,0.008986164713978643,0.01004210677126874,1.4519139657925741,18807735242.674,23.657534071238757,0.005712365591397872,0.0037037037037036535,0.004210963255531687,0.2713211149656309,-0.00695209834675703,0.0,0.0029673590504452063,0.008647732089868576,0.2554744525547514,0.01161509114031373,1116,2591067189.0236845,2511868506.997016,79198682.02666855,5102935696.0207,0.3480940886830024,0.3298008644341526,-0.0048959256372627345,-0.005359016712002571,0.40577920937982814,0.39835003399665425
IWM,2010,2010-04-13,2010-04-14,0.005799151343705677,0.005799151343705677,0.39977628772509627,1.0,0.004404034664014844,0.01136525074584454,0.0037298165135776712,0.008222055627945268,0.013242741841598299,0.01450599128003667,0.8582248964594208,3876945947.0674996,22.078313553589986,0.002268216614686569,0.004404034664014844,0.03604245726989745,0.31232428599002876,0.015468991702995316,1.0,0.015468991702995316,0.0016875263675996122,0.9016393442622886,0.017156518070594838,530,675299516.6873375,535564858.05245507,139734658.63488245,1210864374.7397926,0.49823164929056424,0.43371553920720624,-0.001076632040301184,-0.002835426354087043,0.46786499086215494,0.4397242318633795
SPY,2010,2010-04-13,2010-04-14,0.0036718684803471735,0.0036718684803471735,0.36856319694968726,1.0,0.0017555592710247758,0.008694198294599617,0.004527143109024086,0.005025914077895935,0.008986164713978643,0.009962656365954038,0.9675093403390603,18157202132.878,23.622333130677134,0.0007516285284783208,0.0017555592710247758,0.010889423373789515,0.3175005993505916,0.007649455392034543,1.0,0.007649455392034543,0.0015797788309636074,0.8288288288288331,0.00922923422299825,1111,2981322010.513494,2783600549.2051115,197721461.3083825,5764922559.718605,0.4689111890349339,0.44922726933293883,0.0004357778500002018,-9.560410252813963e-06,0.4536188989776965,0.4464934741588397
IWM,2010,2010-04-15,2010-04-16,-0.0026232224216486966,0.0026232224216486966,0.17778351635071604,0.0,0.003463563313937268,0.006788584095317191,0.00794867925977778,0.009147073385360686,0.014322845458285317,0.014755149833316541,0.4739689550577541,3937222868.3174996,22.093741455971664,-0.003046669436366445,-0.003463563313937268,-0.004997397856599005,0.19328060005814632,0.010831949058693224,1.0,0.017995570321151733,0.0031838316722039295,0.8496732026143726,0.0211794019933555,559,370656464.71399,390332333.83707243,-19675869.12308246,760988798.5510623,0.4629613045453156,0.43666364094299065,0.0010927396087583182,0.0003330529246084908,0.5144388313936986,0.5025911834805186
SPY,2010,2010-04-15,2010-04-16,-0.003545222194739961,0.003545222194739961,0.3588130832950437,0.0,0.002479543763947545,0.005124390445491283,0.004658689748292286,0.005216750929872731,0.008961716258798933,0.009880415067877575,0.5718090483460658,17994246421.1805,23.613317900478027,-0.0008251505899827816,-0.002479543763947545,0.04952808944066366,0.314776161265709,0.012411054112195896,1.0,0.01745821611782228,0.0035578355121628213,0.8307086614173234,0.02101605162998516,1115,3277690229.7469954,2386469583.5814257,891220646.1655698,5664159813.328421,0.48509186088360806,0.46096830191817484,0.0038373290851599364,0.0032850367694269786,0.50661873131592,0.4980054897803232
IWM,2010,2010-04-16,2010-04-19,-0.005562747087429543,0.005562747087429543,0.3625360316212783,0.0,0.010831949058693224,0.0211794019933555,0.012324082751728827,0.009772044964266414,0.014873933332266186,0.015343984051882167,1.4239274521562357,4026240092.4174995,22.11609879785968,0.013426756868700984,0.010831949058693224,-0.07680382402702417,0.2615443161216666,-0.0007036307345904547,0.0,0.01801294680551646,0.009991556431184767,0.6432160804020134,0.028004503236701308,582,371904787.9821938,681135423.530777,-309230635.54858315,1053040211.5129708,0.36482946666907246,0.3593637346471171,-0.00687454073606465,-0.00705452540961611,0.419373226670054,0.41661111980779303
SPY,2010,2010-04-16,2010-04-19,-0.002932305630026777,0.002932305630026777,0.2758881644804834,0.0,0.012411054112195896,0.02101605162998516,0.00981569088467385,0.006540323697992791,0.009453603065593032,0.010628602482997095,2.2230732012087926,20179799136.8805,23.727947898248527,0.015912276362437194,0.012411054112195896,0.010486382106759602,0.32557235882850555,-0.006722124191244516,0.0,0.0045374338290899985,0.0077304428199311825,0.3698630136986279,0.012267876649021157,1137,3390798945.133306,3179185860.5463195,211613084.58698654,6569984805.6796255,0.24305953615860415,0.21290143711548906,-0.012377921179428193,-0.013404182226223853,0.3236480464624087,0.30789869056508595
IWM,2010,2010-04-19,2010-04-20,0.005343833497398309,0.005343833497398309,0.33934371600084245,1.0,0.0007036307345904547,0.028004503236701308,0.012849677624820284,0.009300508087981892,0.014873933332266186,0.015747554015071382,1.8827906923551172,4057997577.7799997,22.123955481449904,-0.004863030472658569,0.0007036307345904547,-0.10647489558842112,0.2772311910630799,0.008252902503846693,1.0,0.008952301021121878,0.0043362708071057465,0.6736842105263241,0.013288571828227565,582,346464316.71342576,778539185.105617,-432074868.3921913,1125003501.8190427,0.32794449811706183,0.3238869180547834,-0.010006756476836963,-0.01011291400274786,0.3602111233031357,0.358579915348829
SPY,2010,2010-04-19,2010-04-20,0.0062599115265837835,0.0062599115265837835,0.5970892895523969,1.0,0.006722124191244516,0.012267876649021157,0.009966773220925167,0.0061093357932851585,0.009453603065593032,0.01048404591426598,1.2976932248901845,20170012937.786003,23.72746283034941,0.0037701072386058243,0.006722124191244516,-0.04272754295164291,0.19021964535661795,0.002654280026542777,1.0,0.0034837425348375195,0.005723291307232925,0.37837837837838423,0.009207033842070333,1140,1487458806.8648024,2349273900.999247,-861815094.1344447,3836732707.8640494,0.46297899699944456,0.46068063198825776,-0.0024731290366907925,-0.0024842274549873216,0.4188211984173391,0.4186506610197295
IWM,2010,2010-04-21,2010-04-22,-0.010194268393496686,0.010194268393496686,0.6840583099107984,0.0,0.0052631578947368585,0.01108033240997226,0.010508431829775292,0.009163104287963264,0.013553743233820189,0.014902630734543704,0.8175108690508381,4054999653.2299995,22.123216438997137,-0.006936736958934597,-0.0052631578947368585,-0.011838184486979202,0.21918574565307258,-0.02101750971950178,0.0,0.005290916911307342,0.022966282062524712,0.18724137931035076,0.028257198973832175,529,420397144.31329745,468400978.30287087,-48003833.98957342,888798122.6161683,0.5062261314608715,0.47543895935262825,-0.0005377420115684315,-0.0013953589285365395,0.4818221461997104,0.4686460874355153
SPY,2010,2010-04-21,2010-04-22,-0.007044588098789939,0.007044588098789939,0.6820842325049826,0.0,0.0023976849937991096,0.010252170318313427,0.009322397330669077,0.006199132857789549,0.00921813403253429,0.010328032467366086,1.1121741430673096,20139525930.77,23.725950185269124,0.0018199867637326284,0.0023976849937991096,-0.03435263676016773,0.20794896024577764,-0.010099323929555037,0.0,0.005759118604456992,0.011351306234871794,0.3365853658536577,0.017110424839328914,1145,1748073829.162389,2439919647.98411,-691845818.8217208,4187993477.1464987,0.4563830516161269,0.4623426831351272,-0.0014135283346406557,-0.0012182566320655301,0.4428283296439381,0.44582840039488614
IWM,2010,2010-04-26,2010-04-27,-0.004062288422477911,0.004062288422477911,0.26280253909427365,0.0,0.004314412835378256,0.011190508291762144,0.0067939234410875305,0.008658117379150081,0.013553743233820189,0.01545756915621226,0.8256396848244,4195102454.2299995,22.15718359950656,0.0037771482530689626,0.004314412835378256,-0.026292354676929613,0.11541818449813852,0.018898708361658745,1.0,0.020802175390890576,0.0093813732154997,0.6891891891891886,0.030183548606390196,888,186945993.70911938,297245115.3417924,-110299121.63267303,484191109.0509118,0.421628794546231,0.40087952381536057,-0.0024696916437972312,-0.0030586137141084867,0.4744487978771758,0.46540810606465066
SPY,2010,2010-04-26,2010-04-27,-0.005768438401318354,0.005768438401318354,0.5770979183443796,0.0,0.004103405826836326,0.007304062371768573,0.005381540327040711,0.006180013282061674,0.008950616068334975,0.00999559731192112,0.8160401827097138,19889960823.9595,23.713480960175335,0.003776373039980352,0.004103405826836326,-0.03838087097152339,0.23988459747079063,0.017985909656029864,1.0,0.01989225031081643,0.005719021964359694,0.7766990291262145,0.025611272275176157,1146,2003950612.9761374,2767344632.989182,-763394020.0130446,4771295245.96532,0.4894312056568871,0.5062181069176608,0.0013009791008255704,0.0017731304076630287,0.4782206394287699,0.48546875368562303
IWM,2010,2010-04-27,2010-04-28,0.005681818181818121,0.005681818181818121,0.34381965925157404,1.0,0.018898708361658745,0.030183548606390196,0.014241165845673002,0.010569069591332053,0.014370002513393682,0.01652557679274737,2.1004553463548365,4427945998.23,22.211201656196756,-0.022884224779959328,-0.018898708361658745,-0.08378394424145483,0.2559186611768993,-0.003996141656331664,0.0,0.0028937577511369827,0.008956869229709175,0.24418604651163892,0.011850626980846072,964,381101615.50537753,752092396.1252528,-370990780.6198753,1133194011.6306305,0.37354325295604235,0.35288238890917106,-0.007175855337963809,-0.007759451930743431,0.3675334672733526,0.35852210509441357
SPY,2010,2010-04-27,2010-04-28,0.004810938555030342,0.004810938555030342,0.44277402792987314,1.0,0.017985909656029864,0.025611272275176157,0.011731800207486568,0.008338974488854681,0.00921813403253429,0.010865448855532922,2.7783575488037235,21207727341.5075,23.777631449452315,-0.023650597445405763,-0.017985909656029864,-0.06911290077985952,0.22562092345671675,0.002771944561108741,1.0,0.005291894162116728,0.006551868962620722,0.44680851063829746,0.011843763124737595,1138,1659589735.8446307,3125317291.3645525,-1465727555.5199218,4784907027.209183,0.28643571077241203,0.27182979002312907,-0.011746352023233386,-0.012147727763324448,0.2839723469201484,0.2777746716620166
IWM,2010,2010-04-28,2010-04-29,0.007470946319867,0.007470946319867,0.45313822299261286,1.0,0.003996141656331664,0.011850626980846072,0.01381602965423377,0.010572505064627927,0.014370002513393682,0.01648712454784198,0.8246781425264607,4593882280.58,22.247991316283347,0.001662971175166339,-0.003996141656331664,-0.08469071745376705,0.2483132911335764,0.013595166163142158,1.0,0.014007140895358594,0.0060422960725075026,0.6986301369863057,0.020049436967866083,961,375831420.9652858,764890607.2057536,-389059186.2404678,1140722028.1710393,0.5010385652803883,0.49958774322679145,-0.001921445219509624,-0.002011209165676974,0.47158978835535303,0.47019231444689996
SPY,2010,2010-04-28,2010-04-29,0.006031160998492213,0.006031160998492213,0.5448992797236913,1.0,0.002771944561108741,0.011843763124737595,0.012860124739969506,0.00848780454694803,0.009495771610650253,0.01106839598237404,1.2472670584719925,22146495042.430504,23.82094508355465,0.007596218771100505,0.002771944561108741,-0.06424045416907467,0.234303494226166,0.006328059950041709,1.0,0.008409658617818616,0.00024979184013318445,0.9711538461538508,0.008659450457951759,1145,1883150136.7625165,3305851036.541413,-1422700899.7788963,5189001173.303929,0.45938112219316807,0.4689399291178936,-0.0034516392909539513,-0.0031799966709648454,0.4263920391665939,0.4306210586122284
IWM,2010,2010-04-30,2010-05-03,0.006280530355896596,0.006280530355896596,0.3596978826257989,1.0,0.029132791327913132,0.03197831978319802,0.020162683409555016,0.013207714477759128,0.014370002513393682,0.017460570826963586,2.225352414057851,4761905701.379999,22.28391378250086,-0.029264327326920414,-0.029132791327913132,-0.09346074841805718,0.253482677070012,0.016088765603328836,1.0,0.016782246879334384,0.0005547850208043048,0.9680000000000076,0.0173370319001387,973,381004667.1967834,826055937.9439716,-445051270.7471882,1207060605.1407552,0.3977750794747325,0.3782371477259971,-0.006472611205348885,-0.0070228071428845755,0.37198503373183406,0.3633567401805699
SPY,2010,2010-04-30,2010-05-03,0.004797575961619227,0.004797575961619227,0.4067887955635405,1.0,0.01712442091330235,0.018448047650562575,0.01544090911382753,0.00963158535173607,0.00969978330961391,0.011793776067438035,1.9019030695539199,23029278397.4735,23.860032217134552,-0.016961773953334425,-0.01712442091330235,-0.07030876048490405,0.2365210149023737,0.008125314122968685,1.0,0.0108895962472777,0.0015077902496229978,0.8783783783783832,0.012397386496900687,1140,1913874140.0258017,3533034159.013941,-1619160018.9881392,5446908299.039742,0.4048781246858761,0.40449941978786513,-0.004990517028946125,-0.004977116810696001,0.38230950073171155,0.3825196458978699
IWM,2010,2010-05-03,2010-05-04,-0.014605514605514736,0.014605514605514736,0.827639968017739,0.0,0.016088765603328836,0.0173370319001387,0.024116712345046157,0.013476671466551786,0.014370002513393682,0.017647183763365198,1.2064738251771057,4777567190.28,22.287197297879334,-0.022470341939986094,-0.016088765603328836,-0.07523727319894069,0.2523858363902575,0.017038370965507754,1.0,0.022994874636376172,0.00013852334118302778,0.9940119760479025,0.023133397977559242,886,423169581.6540392,782620709.575431,-359451127.9213918,1205790291.2294703,0.48620249705597995,0.4773883793995193,-0.003255292380414186,-0.003561461732841837,0.4498916133914819,0.44513117439938876
SPY,2010,2010-05-03,2010-05-04,-0.011134191940174398,0.011134191940174398,0.9172005750120142,0.0,0.008125314122968685,0.012397386496900687,0.017426522773730194,0.00989014432587761,0.010211251357271498,0.012139320715132079,1.2140908164083561,23501327630.4695,23.880322751414344,-0.012961871896304933,-0.008125314122968685,-0.050179323706301654,0.2466135325054336,0.012519956306192848,1.0,0.017561549449626068,0.00016805310478118507,0.9905213270142138,0.017729602554407187,1144,2308232349.410228,3487513076.107408,-1179280726.6971803,5795745425.517635,0.5044129465602589,0.5108379447308862,-0.0012971868586022792,-0.001132603826210869,0.44171490571599087,0.44427390608170547
IWM,2010,2010-05-04,2010-05-05,-0.00817361894024804,0.00817361894024804,0.43426239574116304,0.0,0.017038370965507754,0.023133397977559242,0.02622320274145022,0.015431021558298112,0.016038804228984696,0.018821843706494513,1.442339319520683,4976674893.48,22.32802781290506,0.031395031395031525,0.017038370965507754,-0.10261020161451583,0.25627264535537214,0.006535947712418166,1.0,0.014066496163682829,0.008098891730605295,0.6346153846153837,0.022165387894288183,952,382364012.9179512,893021627.107833,-510657614.1898818,1275385640.0257843,0.36718548603768064,0.3691548326504883,-0.009492398931263675,-0.009481794770659517,0.43030203997801786,0.43046675318582933
SPY,2010,2010-05-04,2010-05-05,-0.008168822328114334,0.008168822328114334,0.6207238873334815,0.0,0.012519956306192848,0.017729602554407187,0.017383467788646245,0.011260642475821708,0.010933630729313578,0.01316015461110435,1.6215658817590473,24961233200.5335,23.940589786299807,0.023514748649771433,0.012519956306192848,-0.07929570083274323,0.22408107347829403,-0.002230610844200287,0.0,0.005061770761839446,0.010638297872340274,0.3224043715847047,0.015700068634179807,1134,1807010725.3158689,3786329205.6017113,-1979318480.2858424,5593339930.91758,0.39275637280065734,0.4072094631740943,-0.00721057932475303,-0.006806362538231434,0.4123543471017765,0.41863299998573184
IWM,2010,2010-05-05,2010-05-06,-0.007151029748283744,0.007151029748283744,0.3702344938939614,0.0,0.006535947712418166,0.022165387894288183,0.02650068803906361,0.015792556003839237,0.017246774985366767,0.019314866297498106,1.2851902986555268,5112825464.7,22.3550180168661,0.01465614430665152,0.006535947712418166,-0.11276449061558706,0.26258106830364686,0.030538749639873353,1.0,0.08729472774416602,0.01109190435033125,0.8872620790629582,0.09838663209449723,990,382993006.718859,959538165.8521566,-576545159.1332977,1342531172.5710156,0.371738093993283,0.3806472968144877,-0.008206974205075488,-0.00801147782018048,0.4398755896537209,0.44289782451793785
SPY,2010,2010-05-05,2010-05-06,-0.004793682588597803,0.004793682588597803,0.36076079453619586,0.0,0.002230610844200287,0.015700068634179807,0.016650896716075645,0.011266626005334115,0.010933630729313578,0.013287703822586084,1.4359428284044005,25789968000.8005,23.97325141607893,0.005956432947583412,-0.002230610844200287,-0.08824514308536685,0.22746575362847923,0.028556682804804945,1.0,0.09685189924562365,0.006365026554876474,0.9383335000000006,0.10321692580050015,1142,1795247545.4793882,4071086961.877061,-2275839416.3976727,5866334507.356449,0.3638100695076581,0.3863394439386426,-0.006148923964126963,-0.005495283755019755,0.4239545691573836,0.434059381221703
IWM,2010,2010-05-06,2010-05-07,-0.008766716196136781,0.008766716196136781,0.3737662279412056,0.0,0.030538749639873353,0.09838663209449723,0.024158109920537553,0.017896028433674157,0.018693234434002393,0.023455078444154693,5.263221431361023,5579658288.3,22.442393372808553,0.0374713958810069,0.030538749639873353,-0.10310445183460795,0.22215159928819822,0.02023684605006737,1.0,0.031029830610103337,0.013641133263379013,0.6946308724832175,0.0446709638734823,950,332121201.4939486,907408810.733547,-575287609.2395984,1239530012.2274957,0.11590110124784335,0.09799163765183946,-0.030108678270533713,-0.031146432399143838,0.1313726250406676,0.11537689670501033
SPY,2010,2010-05-06,2010-05-07,-0.002656295331037839,0.002656295331037839,0.14885319325123658,0.0,0.028556682804804945,0.10321692580050015,0.017733465498436105,0.013361590856341801,0.011047966721525512,0.017845067835088397,9.34261737043392,28504363055.80266,24.073323002181272,0.033213473720253295,0.028556682804804945,-0.08919506351421191,0.17588097939589442,0.012251420454545414,1.0,0.028675426136363646,0.010031960227272707,0.740825688073395,0.03870738636363636,1143,1235463409.0581238,3777911882.2525983,-2542448473.194474,5013375291.310722,0.010786513215302993,0.006579024666966253,-0.06521128090711993,-0.0681299608426547,-0.29752491026282346,-0.3425128414696839
IWM,2010,2010-05-07,2010-05-10,0.04880660954712357,0.04880660954712357,1.9425619040776765,1.0,0.02023684605006737,0.0446709638734823,0.024108062295856995,0.018780450122299074,0.02061441948061079,0.025124867034956512,2.166976562958674,6012774452.85,22.517152118380157,-0.028826151560178315,-0.02023684605006737,-0.08804824078399144,0.1754904686572058,0.0070021881838076006,1.0,0.007439824945295381,0.012399708242158969,0.375,0.019839533187454406,985,262885196.92817578,792299409.732545,-529414212.8043692,1055184606.6607208,0.6506273621458707,0.6330262324318514,-0.0038582765063337994,-0.004419343129084475,0.418223600335368,0.4093432031252445
SPY,2010,2010-05-07,2010-05-10,0.04089520043142181,0.04089520043142181,2.105191500864104,1.0,0.012251420454545414,0.03870738636363636,0.017651197068426154,0.013461735508098184,0.012055819886879376,0.019425881405390352,3.21068054490118,31253695020.581165,24.165403446797544,-0.01487517239463132,-0.012251420454545414,-0.08122570174010584,0.1531348059923066,0.0030221915205941308,1.0,0.007253259649425914,0.00777134962438486,0.4827586206896567,0.01502460927381063,1148,1123712606.7507296,3662315916.7686863,-2538603310.0179567,4786028523.519416,0.649474700787529,0.637639275854965,-0.006685296360295232,-0.006949272610513058,0.3618810913530697,0.3577029530341646
IWM,2010,2010-05-10,2010-05-11,-0.011878893234825494,0.011878893234825494,0.4310699022150192,0.0,0.0070021881838076006,0.019839533187454406,0.03858996153434098,0.023009173059477035,0.02061441948061079,0.027556767878682147,0.9624104722480682,6210628110.95,22.549527872857496,-0.05615055079559372,-0.0070021881838076006,-0.09003175266758598,0.22494523417623805,-0.018765576894883562,0.0,0.0033719395982991784,0.03386600205248502,0.09055118110235742,0.03723794165078423,936,418948730.40188366,978102464.3972908,-559153733.9954071,1397051194.7991745,0.4428458481988621,0.4415059900554475,-0.005136594162492018,-0.00522283891385639,0.4487935777569337,0.4474138722364365
SPY,2010,2010-05-10,2010-05-11,-0.009383608815426991,0.009383608815426991,0.43364300492226077,0.0,0.0030221915205941308,0.01502460927381063,0.030115336177735142,0.017148384409479276,0.012332631572960922,0.021639018060741443,1.2182808823018618,32893554266.09516,24.216542556559435,-0.04404098507999277,-0.0030221915205941308,-0.07248573526961825,0.19885285549144677,-0.0066046754149649,0.0,0.0013904579820978036,0.019900929868775563,0.0653061224489773,0.02129138785087341,1141,2078331863.2334437,4462645329.84244,-2384313466.608996,6540977193.075884,0.41371298695716446,0.4287159484810455,-0.0053143026764815166,-0.004891515924237531,0.4226443120390661,0.4294078681608715
IWM,2010,2010-05-11,2010-05-12,0.005180601525399231,0.005180601525399231,0.17969797214259098,1.0,0.018765576894883562,0.03723794165078423,0.03735417615769426,0.023061267345371665,0.021271426401494688,0.028829493530891964,1.7506085839249415,6409170917.05,22.58099575739969,0.006663769375633732,0.018765576894883562,-0.0760100413559165,0.21317293824756137,0.025340014316392434,1.0,0.026485325697924278,0.0008589835361487719,0.9685863874345594,0.027344309234072967,919,439550224.8281291,926711571.290237,-487161346.46210784,1366261796.118366,0.41779596743673614,0.3995552177342556,-0.00853777749673857,-0.009001746350027229,0.40763501189552775,0.4002970620024585
SPY,2010,2010-05-11,2010-05-12,0.003971337304670808,0.003971337304670808,0.17841230758135643,1.0,0.0066046754149649,0.02129138785087341,0.028611907461242897,0.017143725610763258,0.01371099788535566,0.02225932368964999,1.5528693118401073,33983034125.562164,24.249127240715488,-0.0028409090909090606,0.0066046754149649,-0.06261134783956987,0.1917825061346866,0.009975062344139696,1.0,0.01143692492905668,0.0017198383351965107,0.8692810457516328,0.01315676326425317,1160,2194813940.190672,4322537510.470218,-2127723570.2795458,6517351450.66089,0.40358476611461414,0.40391788060216666,-0.0068449037547226935,-0.006767332763709836,0.40311083494605243,0.40433766739649274
SPY,2010,2010-05-12,2010-05-13,-0.0027245636441038945,0.0027245636441038945,0.12128287435216499,0.0,0.009975062344139696,0.01315676326425317,0.0294007592034717,0.017257951693535094,0.014090686269031899,0.02246453721234105,0.9337205451212637,34385834446.58416,24.260910527173767,-0.013986013986013957,-0.009975062344139696,-0.04904318058107418,0.19802106523428972,0.0097327755485358,1.0,0.010586527789635425,0.004695637326048052,0.692737430167594,0.015282165115683482,1158,2561364438.94389,4247755127.138638,-1686390688.194748,6809119566.082528,0.3919126415294668,0.39892147316732773,-0.003232302627881569,-0.003009302223234635,0.4494877296909816,0.45301627817404083
IWM,2010,2010-05-13,2010-05-14,-0.00648526716481046,0.00648526716481046,0.21569640612630342,0.0,0.00741673663588005,0.021130702490903878,0.03337463014125621,0.02369412701976159,0.02176441935196103,0.030066644508731127,0.9708828960327833,6567082524.35,22.60533551059829,0.009634180396537295,0.00741673663588005,-0.06774760048572359,0.22468831142272405,0.012913296438200605,1.0,0.02625230594579242,0.00042571306939120923,0.98404255319149,0.026678019015183702,975,515321300.0767203,960225383.2931613,-444904083.216441,1475546683.3698816,0.41041888953999056,0.4037204395115043,-0.0067975696074382,-0.006977985891031824,0.4566511410643935,0.4537941431870572
SPY,2010,2010-05-13,2010-05-14,-0.007500646607466077,0.007500646607466077,0.32653009071897565,0.0,0.0097327755485358,0.015282165115683482,0.02430855738461956,0.01742076436035325,0.015153387194747056,0.02297076692365673,1.0084982927764867,34868414003.08616,24.274847213464685,0.012430821626223998,0.0097327755485358,-0.06713464243303766,0.20012378747964593,0.01068450312717173,1.0,0.019544822793606698,0.0018241834607366503,0.9146341463414623,0.02136900625434324,1151,2318560283.700806,4659438790.005118,-2340878506.304312,6977999073.705925,0.41774297003042987,0.4332995159457098,-0.004556213499879417,-0.004130906888868122,0.44639809310441636,0.4531330732330017
IWM,2010,2010-05-14,2010-05-17,0.006325474410580734,0.006325474410580734,0.20645294948933196,1.0,0.012913296438200605,0.026678019015183702,0.03070103454069374,0.02389525464472938,0.02264939293592371,0.030638818317815265,1.1778690532968006,6533516690.35,22.60021117897045,-0.019314817425631015,-0.012913296438200605,-0.08624701220388419,0.22985943481725532,-0.004428571428571448,0.0,0.008142857142857007,0.03214285714285714,0.2021276595744654,0.04028571428571419,952,469147080.0430291,1032643373.7699265,-563496293.7268975,1501790453.8129556,0.5086713312176727,0.5068749211722435,-0.002583644938445616,-0.0027043775581986,0.4648804055455327,0.4629583516788942
SPY,2010,2010-05-14,2010-05-17,0.0027219246641496664,0.0027219246641496664,0.11697827890046143,1.0,0.01068450312717173,0.02136900625434324,0.025020378398989792,0.017518969630197587,0.015153387194747056,0.023268633200406313,1.4101801781816041,34649519299.71916,24.268549689462112,-0.01810500905250445,-0.01068450312717173,-0.0669313331773708,0.17415801074915266,-0.002189141856392296,0.0,0.0028021015761821033,0.021278458844133152,0.11636363636363489,0.024080560420315235,1151,1857676416.9841099,4176814937.6693525,-2319138520.6852427,6034491354.653462,0.46932397048734265,0.47847513006413905,-0.0020788781226210983,-0.0018681451322290089,0.44602880551097424,0.44938365824124826
IWM,2010,2010-05-17,2010-05-18,0.01305782752188267,0.01305782752188267,0.4175377044558057,1.0,0.004428571428571448,0.04028571428571419,0.01892328835423001,0.02388649830531884,0.02264939293592371,0.031273409281447964,1.7786664039819757,6504050173.6,22.595690923430308,0.0018688901667625046,-0.004428571428571448,-0.08291860925958217,0.2398373276059423,-0.03186968838526916,0.0,0.0028328611898016387,0.034985835694051004,0.07490636704119698,0.03781869688385272,917,510303608.6508667,1049610403.6003226,-539306794.949456,1559914012.2511892,0.5079579981624001,0.5068863478882967,-0.004567054022805441,-0.004599059026131715,0.4397333977245844,0.4392257957679428
SPY,2010,2010-05-17,2010-05-18,0.008161474330846907,0.008161474330846907,0.3419945070836584,1.0,0.002189141856392296,0.024080560420315235,0.01240064733497778,0.01747578045825966,0.015491116874931644,0.023864343320726067,1.5544754206382225,35201521929.64366,24.28435515525339,0.0005268241285452113,-0.002189141856392296,-0.07263248581858542,0.18657745919789442,-0.021587743732590425,0.0,0.002959610027855275,0.02480849582172695,0.10658307210031767,0.027768105849582152,1813,2005518239.5922046,4562292281.9396715,-2556774042.347467,6567810521.531876,0.4924537222885925,0.5067176349978857,-0.0029002100354804774,-0.0025074057707387435,0.4337432773390041,0.4399731849358706
IWM,2010,2010-05-18,2010-05-19,-0.004535479151426269,0.004535479151426269,0.13967424025119868,0.0,0.03186968838526916,0.03781869688385272,0.0207942524652979,0.023975667739193213,0.02490570849637147,0.032471836920461405,1.5184750471709147,6619019997.95,22.61321315937339,0.0192280097574975,0.03186968838526916,-0.0926400810494422,0.22657072942478534,0.007348618459729561,1.0,0.021457965902410447,0.011169900058788818,0.6576576576576614,0.03262786596119927,983,443244819.96740294,1056431369.0453696,-613186549.0779667,1499676189.0127726,0.45090689173823073,0.45739105215829023,-0.004112142993632684,-0.003970266558497781,0.44374667081261493,0.4459937728835781
SPY,2010,2010-05-18,2010-05-19,-0.0056049822064058175,0.0056049822064058175,0.22622803842896996,0.0,0.021587743732590425,0.027768105849582152,0.01311198113733392,0.017435886076887668,0.01640524673675436,0.024775806948287023,1.69263567291374,36273740380.28366,24.31435991093137,0.013602457218078068,0.021587743732590425,-0.08058666858258451,0.1805273236402236,8.946944618404284e-05,1.0,0.012615191911962031,0.008946944618412722,0.5850622406639022,0.021562136530374847,1805,1812610687.4981425,4735790581.774775,-2923179894.2766323,6548401269.272917,0.4321298762207177,0.45176325577483445,-0.0037372193615668767,-0.003190987543537119,0.4275565927652282,0.43620805520402883
IWM,2010,2010-05-19,2010-05-20,-0.026206692330471015,0.026206692330471015,0.7813355781754404,0.0,0.007348618459729561,0.03262786596119927,0.008703996575281231,0.023959393895977784,0.027011164124628333,0.03354089211151548,1.2079400136423488,6762219691.05,22.634617029768233,0.011850768105340026,0.007348618459729561,-0.09798940266690734,0.2218142951797803,0.025087425878059788,1.0,0.025695605899346163,0.005321575186255201,0.8284313725490176,0.031017181085601433,929,418665563.19634974,1081291431.424738,-662625868.2283882,1499956994.6210876,0.5176964708790631,0.5340403227853759,-0.00365388293120788,-0.003299933139914995,0.4512316845774848,0.45686757649292065
SPY,2010,2010-05-19,2010-05-20,-0.021295633500358013,0.021295633500358013,0.8405629515802786,0.0,8.946944618404284e-05,0.021562136530374847,0.007311589513812311,0.017437917982457675,0.01742001369686805,0.025334965644538233,1.2377795394185889,37314330645.70566,24.34264328942718,0.005693950177935947,8.946944618404284e-05,-0.08201544143715422,0.17732593557410672,0.01682208813311381,1.0,0.01746205887730845,0.004662643993417426,0.7892561983471079,0.022124702870725925,1789,1778223646.115918,4838574945.9553995,-3060351299.8394814,6616798592.071318,0.5080815917955771,0.5357818172892375,-0.0029548738752761257,-0.0022596137356768273,0.4352350951705935,0.44630562295810716
IWM,2010,2010-05-20,2010-05-21,-0.01637554585152845,0.01637554585152845,0.4718649818743615,0.0,0.025087425878059788,0.031017181085601433,0.019262580570873586,0.025919059153973537,0.027011164124628333,0.034703880305931654,1.1483096745660244,7006318016.4,22.670078152698373,0.0506366597571809,0.025087425878059788,-0.09227247955596364,0.1618644881892126,-0.03171079752655759,0.0,0.0049151736166165305,0.040748374821626854,0.1076388888888901,0.04566354843824326,970,243791871.9422982,890282207.8731469,-646490335.9308487,1134074079.8154452,0.5042526249057506,0.5142031163368342,-0.004305154028304208,-0.004094697975874884,0.4777748987980924,0.48112574800764485
SPY,2010,2010-05-20,2010-05-21,-0.015157150827599164,0.015157150827599164,0.5740309463864135,0.0,0.01682208813311381,0.022124702870725925,0.01463938521268544,0.018934155457924314,0.01808882510248488,0.026404762535913884,1.2231144225993225,38712757798.54566,24.379435041533746,0.037759484609878324,0.01682208813311381,-0.07690937080133374,0.1314079262034175,-0.030214332924180853,0.0,0.005193088471343588,0.032763667264658736,0.13681592039800958,0.03795675573600223,1896,1054894687.8257453,4032268532.0963182,-2977373844.2705727,5087163219.922064,0.49235193941378735,0.5140277678653742,-0.003337457676335117,-0.002768578729672966,0.45792170668834037,0.466979310623937
IWM,2010,2010-05-21,2010-05-24,-0.004149377593360981,0.004149377593360981,0.11564772181537937,0.0,0.03171079752655759,0.04566354843824326,0.024756003792641444,0.02607994187281675,0.02876392892023158,0.03587945813567404,1.5875282046787793,7215017565.0,22.699430463680716,-0.014815970056144545,-0.03171079752655759,-0.1481331985677492,0.3168455687626289,0.00925925925925919,1.0,0.010185185185185186,0.009413580246913522,0.5196850393700803,0.019598765432098705,938,608631357.1944199,1677414986.8203633,-1068783629.6259434,2286046344.014783,0.5142494442994471,0.5519509397800157,0.002184056860950871,0.0030787545257958474,0.47301460339283613,0.4873533009027462
SPY,2010,2010-05-21,2010-05-24,-0.005407387040601286,0.005407387040601286,0.19475093337288563,0.0,0.030214332924180853,0.03795675573600223,0.01939728639453013,0.019291532118666178,0.01986971775071799,0.02776565404309448,1.9102815758231226,40364305913.54766,24.42121171439094,-0.014599218895294808,-0.030214332924180853,-0.08059633777694966,0.21359055936200352,0.007464061924069343,1.0,0.008385551050497542,0.008016955399926307,0.5112359550561771,0.016402506450423897,1805,2684109722.3966293,5937324955.937043,-3253215233.540414,8621434678.333672,0.4875239577592301,0.5068077610881551,0.0016721407771607122,0.0021754466163044868,0.4502359794614799,0.4583021122636757
IWM,2010,2010-05-24,2010-05-25,-0.02180685358255463,0.02180685358255463,0.600814200502945,0.0,0.00925925925925919,0.019598765432098705,0.02336589178849039,0.026121715876673467,0.02876392892023158,0.036295502943006326,0.681366077855713,7227394568.0,22.701144444131632,0.013370216689718606,0.00925925925925919,-0.06173410494432588,0.10435855899503226,-0.022133757961783518,0.0,0.017356687898089085,0.02292993630573248,0.43083003952569054,0.040286624203821564,961,154031873.83502042,600208608.5699832,-446176734.7349628,754240482.4050037,0.4911585646675688,0.48333219704919717,-0.004604198691074854,-0.004839388297493934,0.4624592231061106,0.4587153821180526
SPY,2010,2010-05-24,2010-05-25,-0.024138891467830215,0.024138891467830215,0.855503012493728,0.0,0.007464061924069343,0.016402506450423897,0.01877267491937655,0.01935968486410872,0.01986971775071799,0.028216021586489955,0.8255027402103482,40943673531.41916,24.435463142793054,0.012831087892952064,0.007464061924069343,-0.03589727874853406,0.08308096848356886,-0.025782513557225606,0.0,0.006945105127961204,0.026258205689277947,0.20916905444126094,0.03320331081723917,1894,965936794.2595189,2435703256.0058484,-1469766461.7463295,3401640050.2653675,0.501196318959589,0.5007010194977406,-0.003632807211796387,-0.0036331055137616515,0.4420429162419585,0.4420381677535309
IWM,2010,2010-05-25,2010-05-26,0.0038946876460508317,0.0038946876460508317,0.10594081955931918,1.0,0.022133757961783518,0.040286624203821564,0.02425791965618105,0.025871661173142307,0.0291807451598372,0.03676286121111314,1.3805892886954065,7218516578.05,22.69991530863745,-0.00015576323987542828,0.022133757961783518,-0.06325264804922459,0.11029371812986447,-0.0014742396027311866,0.0,0.023432650527622778,0.007138423339540623,0.7664974619289363,0.030571073867163345,958,169783372.1131554,626373660.6620451,-456590288.54888976,796157032.7752005,0.5032666795652154,0.48865518571356226,-0.002925614029348067,-0.0033205819333024574,0.4260702066823012,0.4198154260153524
SPY,2010,2010-05-25,2010-05-26,0.006121313299944475,0.006121313299944475,0.21434058778085716,1.0,0.025782513557225606,0.03320331081723917,0.019405565249484846,0.018941658173062946,0.01986971775071799,0.028558815496964745,1.6710509547142094,40971265550.035164,24.436136817704345,0.0010212607928696826,0.025782513557225606,-0.03881198275953497,0.09129999691747592,-0.012075958702064904,0.0,0.00912610619469012,0.015025811209439577,0.3778625954198428,0.024151917404129836,2056,1075250183.129502,2665426235.293796,-1590176052.164294,3740676418.423298,0.4824899751646038,0.4708318085375423,-0.0032700593493180615,-0.003533128066794896,0.40284941943645436,0.39868341730899254
IWM,2010,2010-05-26,2010-05-27,0.02509907529722577,0.02509907529722577,0.6657320047345862,1.0,0.0014742396027311866,0.030571073867163345,0.025138020047553604,0.025883185729137188,0.03079412747638239,0.03770147013922256,0.9927566186315844,7265404442.775,22.706389802450108,0.00241470634055152,-0.0014742396027311866,-0.06260210219743498,0.1209184527102705,0.017434808975136606,1.0,0.017889630078835816,0.024440570042449927,0.4226209662977713,0.04233020012128571,947,211845936.05118966,666675527.4834883,-454829591.43229866,878521463.534678,0.5044066371872961,0.49082012614246323,-0.004745183369707943,-0.00512201635670829,0.43424221628842896,0.42835593946149964
SPY,2010,2010-05-26,2010-05-27,0.01884855836521404,0.01884855836521404,0.6459683102993039,1.0,0.012075958702064904,0.024151917404129836,0.019395626201654016,0.01872626213767355,0.021330197052608323,0.029178766302762938,1.132287589493997,41047093801.53466,24.437985873786513,-0.006028566128733037,-0.012075958702064904,-0.037346847641758704,0.09121550923033091,0.014378606099459734,1.0,0.014744940012821672,0.0037549226119607537,0.797029702970299,0.018499862624782454,1894,1105576002.594625,2638555560.937518,-1532979558.3428931,3744131563.532143,0.5279381876672445,0.5216223393679026,-0.0011990968727223026,-0.001359300284144849,0.4271741249890337,0.42467168581629033
IWM,2010,2010-05-27,2010-05-28,-0.002980181791089276,0.002980181791089276,0.07682025412613788,0.0,0.017434808975136606,0.04233020012128571,0.021301090701168833,0.02747489085772583,0.03149775043439973,0.03879421937599757,1.343911852036757,7302687163.075,22.711508221897727,-0.04297148185562194,-0.017434808975136606,-0.059026860352903825,0.13882777345977879,0.009863996413092213,1.0,0.01763562995067991,0.0038858167687940703,0.8194444444444371,0.021521446719473886,937,291380551.8736197,722435247.2493911,-431054695.3757714,1013815799.1230108,0.5091699508175891,0.5049443761000189,0.0020852164399326233,0.0019474430375121298,0.4561029616714308,0.453928386937898
IWM,2010,2010-05-28,2010-06-01,-0.009811320754717023,0.009811320754717023,0.25638188382935384,0.0,0.009863996413092213,0.021521446719473886,0.02303713844833003,0.026931913693970945,0.03079412747638239,0.03826838545755977,0.6988815233027725,7290682649.825,22.709863020534147,0.01281478170168382,0.009863996413092213,-0.06666355943209977,0.14131860374590313,0.02073170731707319,1.0,0.02149390243902438,0.01326219512195137,0.6184210526315762,0.03475609756097563,957,272143118.15028125,758165974.2774688,-486022856.12718755,1030309092.4277501,0.4748506655510699,0.47204808359411393,-0.003366829517563594,-0.0034681473263995528,0.4666281602021006,0.465033841513651
SPY,2010,2010-05-28,2010-06-01,-0.00932614062357151,0.00932614062357151,0.309968005153439,0.0,0.011478669558929844,0.016901663051337713,0.019233504623932782,0.02017621584592262,0.021330197052608323,0.030087429891207405,0.7923819461044747,41564724639.449165,24.450517679089742,0.01254965691585408,0.011478669558929844,-0.03653286115536739,0.10736253618765176,0.007568066451315136,1.0,0.009044762344254664,0.014766958929395502,0.379844961240308,0.023811721273650194,1913,1472007969.5092838,2990486283.723358,-1518478314.2140744,4462494253.232642,0.4513731381456889,0.45354874349994195,-0.0028835149558443054,-0.002795073357759744,0.44786457873709934,0.4492562797053946
IWM,2010,2010-06-01,2010-06-02,0.006070983810709807,0.006070983810709807,0.15634482319784898,1.0,0.02073170731707319,0.03475609756097563,0.027093600173933266,0.026833388174198104,0.031822523523400356,0.03883073124223107,1.0921854621434437,7377709363.225,22.72172904299273,-0.030339622641509467,-0.02073170731707319,-0.06787218632471487,0.1278968326511129,0.022280674609314488,1.0,0.022744855330341984,0.009438341327556832,0.7067307692307703,0.03218319665789878,996,221422197.61326787,722163462.1636686,-500741264.55040073,943585659.7769365,0.5546447992734292,0.5454692145340787,0.0019818716052737665,0.0016924719288282427,0.45795859647132237,0.45340359589127566
SPY,2010,2010-06-01,2010-06-02,0.00511485166930159,0.00511485166930159,0.16781041572905375,1.0,0.007568066451315136,0.023811721273650194,0.019999295216227817,0.019961234592921987,0.021465571392359044,0.03047994158813131,1.1092982729603131,41956991291.71166,24.459910913702295,-0.016823626222913113,-0.007568066451315136,-0.04114062916649395,0.10266677234764686,0.020817912657290938,1.0,0.020910436713545533,0.005273871206513681,0.798586572438163,0.0261843079200592,2009,1290725926.8321187,3016862946.506244,-1726137019.6741254,4307588873.338363,0.4952767008845139,0.49447397416992206,-0.0006224681112211535,-0.0006465749030515099,0.4318522207998933,0.4314727924186353
SPY,2010,2010-06-02,2010-06-03,0.0029003897398713896,0.0029003897398713896,0.09549915147305427,1.0,0.020817912657290938,0.0261843079200592,0.023240788812075766,0.02066118765937794,0.021843419700550384,0.03037084304031491,1.1987275014177126,41165222648.50166,24.440859626366777,0.026039244861898903,0.020817912657290938,-0.036563758984610145,0.11990002905749851,0.0005422503389063138,1.0,0.003705377315860847,0.009670131043831964,0.2770270270270271,0.01337550835969276,1898,1715278056.1230576,3220433335.5906873,-1505155279.4676297,4935711391.713745,0.47753101141523235,0.4717446690267236,-0.0027765105669316503,-0.00292066571245955,0.43645768671050283,0.43418453882057506
IWM,2010,2010-06-03,2010-06-04,-0.027047220561864926,0.027047220561864926,0.7042916175090905,0.0,0.010876132930513593,0.018429003021148017,0.02987179538488449,0.02729984548223182,0.03240553130954903,0.0384034395546612,0.5686993015207096,7070676056.925,22.679221935610713,-0.012865143030119652,-0.010876132930513593,-0.07103059543560554,0.1604865768573504,0.02388266011365381,1.0,0.02672400552910459,0.009061588081707983,0.7467811158798261,0.03578559361081256,994,316257132.9937296,818491463.4493918,-502234330.45566225,1134748596.4431214,0.51490551319593,0.5102692684581219,-0.0020234741260885063,-0.002196131930324802,0.4701828114666319,0.46745237997499406
SPY,2010,2010-06-03,2010-06-04,-0.0189684761990786,0.0189684761990786,0.6267883786020055,0.0,0.0005422503389063138,0.01337550835969276,0.02250920340619132,0.02069609234714645,0.021843419700550384,0.03026296728951175,0.6123358220945477,40498549043.60466,24.4245319843333,-0.003444212816097192,-0.0005422503389063138,-0.038291234690454465,0.1267265163190677,0.01648098701777001,1.0,0.01979559893195848,0.006629223828376718,0.7491289198606293,0.026424822760335188,2178,1790750295.1106913,3341489741.1622376,-1550739446.0515463,5132240036.272929,0.4839284771537286,0.4886809243345091,-0.002551727820113253,-0.0024354587554995585,0.44865712545591785,0.45049581856874127
IWM,2010,2010-06-04,2010-06-07,0.004484304932735439,0.004484304932735439,0.12397272067037177,1.0,0.02388266011365381,0.03578559361081256,0.031810395852037744,0.02831162951622051,0.03240553130954903,0.036171707037539774,1.1043051036249332,6748597378.725,22.632600524493878,-0.050283921099820716,-0.02388266011365381,-0.08531934023769258,0.1500203488695534,-0.03007518796992481,0.0,0.004229323308270638,0.03101503759398505,0.11999999999999875,0.03524436090225564,1058,218320528.62691975,794106404.5095583,-575785875.8826386,1012426933.1364781,0.5714229923998464,0.5693700041120445,0.0038499376925665214,0.0036768451037904834,0.47796870409868997,0.4752254461053382
SPY,2010,2010-06-04,2010-06-07,0.003557386257255324,0.003557386257255324,0.131529548421318,1.0,0.01648098701777001,0.026424822760335188,0.023019868890038042,0.020850312314044838,0.021843419700550384,0.027046289597682148,1.2097383616022983,38955632802.883,24.385689215055848,-0.03513684400686479,-0.01648098701777001,-0.05110022414027255,0.11777484528593582,-0.01595149253731354,0.0,0.003824626865671643,0.01669776119402988,0.18636363636363615,0.020522388059701517,2256,1298676029.3108983,3289317597.0643735,-1990641567.7534752,4587993626.375272,0.5325970586060812,0.5320162145176508,0.002453632104185922,0.0024102205265087544,0.4595844177778257,0.45889640936389536
IWM,2010,2010-06-07,2010-06-08,0.003068475452196351,0.003068475452196351,0.0858846693874829,1.0,0.03007518796992481,0.03524436090225564,0.03256865237761429,0.028167892146107702,0.03240553130954903,0.03572786009517503,1.0876032417302193,6402864771.125,22.580011347648153,-0.02572574935095584,-0.03007518796992481,-0.0963047820047712,0.1536363491683507,-0.003542102720978879,0.0,0.007889228787634872,0.022701658348092013,0.2578947368421067,0.030590887135726913,1084,183543135.83253506,800169631.8217574,-616626495.9892224,983712767.6542925,0.5712239859638231,0.5769831077000916,0.0038173629841116523,0.0038323404959463847,0.4858991864051474,0.4861358503209147
IWM,2010,2010-06-08,2010-06-09,0.007755695588948175,0.007755695588948175,0.22524921813689136,1.0,0.003542102720978879,0.030590887135726913,0.03130712759060483,0.024601017418142072,0.03240553130954903,0.034431620465092065,0.9440020237135446,6430539790.025,22.584324320354405,-0.0004844961240310086,-0.003542102720978879,-0.10484606928418955,0.16638936611434302,-0.007054673721340388,0.0,0.01683501683501687,0.012506012506012465,0.57377049180328,0.029341029341029314,1027,197878309.5378107,872095129.8975095,-674216820.3596988,1069973439.4353201,0.4884925538422207,0.49586603608263596,-0.0018546123498328856,-0.001796584291049258,0.45434740336873325,0.45526417568916516
SPY,2010,2010-06-08,2010-06-09,0.005815044081785681,0.005815044081785681,0.23488626696602274,1.0,0.009946007388462741,0.020649805816046158,0.0233631239839479,0.01800859905585342,0.021465571392359044,0.024756850014679022,0.9619965589826661,36413496701.3735,24.31820533136331,0.010711915821405071,0.009946007388462741,-0.0553594735647175,0.13677566238267103,-0.011096605744125299,0.0,0.00969787392763899,0.015292801193584449,0.38805970149253904,0.02499067512122349,2012,1482324061.4804761,3498156069.51909,-2015832008.038614,4980480130.999566,0.4781940550759081,0.4790170682258204,-0.0017241199390721786,-0.0017429874506220038,0.446655213674838,0.446357130080334
IWM,2010,2010-06-09,2010-06-10,0.017761989342806483,0.017761989342806483,0.5213339745939185,1.0,0.007054673721340388,0.029341029341029314,0.025313468569952178,0.02448539021840849,0.031600188871750104,0.034070270130853814,0.9285080370914988,6419390765.925,22.58258905387198,0.0006463079657457182,-0.007054673721340388,-0.10243121347072846,0.16712331173858783,0.01650007932730424,1.0,0.01665873393622075,0.0036490560050770338,0.8203124999999957,0.020307789941297814,1051,207641929.1245045,865187915.0209913,-657545985.8964868,1072829844.1454959,0.5302229699333522,0.5384813083707176,-0.0012368410714486753,-0.0011794825849100014,0.461545649666041,0.4624526867426793
SPY,2010,2010-06-09,2010-06-10,0.017067421027816998,0.017067421027816998,0.6838163859889381,1.0,0.011096605744125299,0.02499067512122349,0.017635678361998593,0.018007936804829334,0.021843419700550384,0.02495906997480621,1.1440825412787268,36013424442.8765,24.307157607083166,-0.005346088913899871,-0.011096605744125299,-0.059023103809459035,0.14382562489104522,0.011959948080845662,1.0,0.013165214166512174,0.01687372519933239,0.4382716049382733,0.030038939365844567,2107,1527014592.7685728,3652638682.194582,-2125624089.4260092,5179653274.963155,0.5624346581748224,0.5664717022800767,0.0009666750800878627,0.0010155411728274282,0.45052371567278104,0.45129645847999134
IWM,2010,2010-06-10,2010-06-11,-0.012174184485718609,0.012174184485718609,0.3558044304659098,0.0,0.01650007932730424,0.020307789941297814,0.03179614590762606,0.024801847699783715,0.031600188871750104,0.03421594405043542,0.6426477393447653,6358227876.075,22.573015539635,-0.03455514290327777,-0.01650007932730424,-0.10043342945771495,0.1912509263873984,-0.026070469268446805,0.0,0.0017380312845630685,0.02749249486490757,0.059459459459457735,0.029230526149470713,998,288719170.3068344,927297801.1746898,-638578630.8678553,1216016971.4815242,0.5013873713174263,0.511566001973268,0.0011615554803871067,0.001269396300049107,0.4811805934208969,0.48288519482952197
SPY,2010,2010-06-10,2010-06-11,-0.008795235913880095,0.008795235913880095,0.34204118897858604,0.0,0.011959948080845662,0.030038939365844567,0.024257357836285933,0.01910932906658634,0.02296821207218806,0.025713967198350292,1.3078483981005369,36365171608.264,24.316877329592074,-0.029231494578029205,-0.011959948080845662,-0.0416040120553704,0.1597586031606163,-0.0137720676587485,0.0,0.00064700989000821,0.014419077548756931,0.042944785276066384,0.015066087438765094,1966,2148355990.9232655,3661293028.9090943,-1512937037.9858289,5809649019.832359,0.473854869735732,0.4741218077584912,0.0009458477365440756,0.0008931971540757939,0.4530114947865648,0.4521792657908871
IWM,2010,2010-06-11,2010-06-14,0.013242993532491587,0.013242993532491587,0.38268461707735296,1.0,0.026070469268446805,0.029230526149470713,0.02201720401254599,0.025127425870185304,0.031600188871750104,0.034605502655505875,0.9250111215506747,6291651048.075,22.562489360985143,0.013578898080224722,0.026070469268446805,-0.1012241972538086,0.20188314315015526,-0.006838905775076065,0.0,0.010638297872340496,0.009726443768997006,0.522388059701493,0.02036474164133744,973,316655481.2234372,953522807.9659126,-636867326.7424754,1270178289.1893497,0.5311829015625515,0.5385367907218259,-0.0016636294809735624,-0.0016361123360561277,0.45473729330718293,0.45517266758478764
SPY,2010,2010-06-11,2010-06-14,0.007658643326039272,0.007658643326039272,0.298017691980893,1.0,0.0137720676587485,0.015066087438765094,0.016051356501371933,0.019074282846770263,0.02296821207218806,0.02569861968641209,0.6559538631658859,36180093396.3435,24.311774898345924,0.004855703160787872,0.0137720676587485,-0.0409600627147617,0.1657020327468923,-0.009138617444806263,0.0,0.005428881650380024,0.0101339124140426,0.3488372093023281,0.015562794064422718,1903,2256588063.1031837,3738526957.643349,-1481938894.5401654,5995115020.746532,0.5193402770477958,0.51779103756519,0.00029837445338193195,0.0001739224897654725,0.45813217879280294,0.45616310882138755
IWM,2010,2010-06-14,2010-06-15,0.008722264728385776,0.008722264728385776,0.255199312670311,1.0,0.006838905775076065,0.02036474164133744,0.014339810299895544,0.024963633204908787,0.031600188871750104,0.03417824537660087,0.6444499975613464,6222575552.975,22.55144973403267,0.006313520172466891,-0.006838905775076065,-0.0992699424800986,0.2088385373584699,0.016231796116504826,1.0,0.018962378640776656,0.008561893203883564,0.688932980599645,0.02752427184466029,1027,340899429.93198764,958614147.1538837,-617714717.221896,1299513577.0858712,0.5579700172958715,0.5704050844340346,0.0010480334241918343,0.0012275182657756735,0.48689851193436573,0.4897380960459276
SPY,2010,2010-06-14,2010-06-15,0.007031321340516872,0.007031321340516872,0.2797113603478999,1.0,0.009138617444806263,0.015562794064422718,0.013568879045843666,0.01872289948357044,0.02296821207218806,0.02513777535446341,0.677579692120116,35345689326.177,24.288442279170976,-0.0015499635302699266,-0.009138617444806263,-0.04575253518280426,0.17791227915162652,0.015596663039535663,1.0,0.016503445774392445,0.001722887196227818,0.9054726368159186,0.018226332970620155,2158,2335638625.8745437,3952793520.330926,-1617154894.4563823,6288432146.205469,0.539260843660632,0.5424660835919921,0.002384937205903621,0.0023951406113569542,0.47345330641859873,0.4736147319058624
IWM,2010,2010-06-15,2010-06-16,-0.008807284669353432,0.008807284669353432,0.26256135576108264,0.0,0.016231796116504826,0.02752427184466029,0.01380617866168763,0.025721931129286262,0.030804034110664173,0.03354372026235121,0.8935281575711393,6191103446.225,22.5463791704741,-0.025095638867635772,-0.016231796116504826,-0.09011281113985442,0.22687509824399385,-0.004216867469879482,0.0,0.0022590361445784524,0.014759036144578186,0.1327433628318665,0.017018072289156555,925,423354733.5020253,981252469.0990006,-557897735.5969753,1404607202.6010258,0.5453443998676033,0.561318029513226,0.003081108243593992,0.003303033333136321,0.4945830215379013,0.4980924772460207
SPY,2010,2010-06-15,2010-06-16,-0.005178571428571366,0.005178571428571366,0.2062106984483385,0.0,0.015596663039535663,0.018226332970620155,0.015227154836715405,0.019509866738015122,0.021843419700550384,0.025113010467149654,0.8344084040174767,34820951496.132,24.2734850970513,-0.022737649529723347,-0.015596663039535663,-0.028240787942961153,0.19173568919428619,-0.004846526655896577,0.0,0.0019745108598097083,0.008975049362771603,0.1803278688524557,0.010949560222581214,1862,2846524013.16864,3829895120.34304,-983371107.1743999,6676419133.511681,0.5053074188927796,0.5070812458217815,0.0031321314082374597,0.003105299617385814,0.4810897784156432,0.4806654686552751
IWM,2010,2010-06-16,2010-06-17,0.005998800239951807,0.005998800239951807,0.18474045286808663,1.0,0.004216867469879482,0.017018072289156555,0.015387003815840477,0.025402208121333758,0.03058098050144513,0.032471503381207106,0.5564920421159273,6101218495.075,22.531754341468627,-0.004627556351694095,0.004216867469879482,-0.09014371253360876,0.2331685482180587,-0.004770423375074384,0.0,0.0017889087656530744,0.016547406082289773,0.0975609756097623,0.018336314847942816,1041,436312886.3665144,986299372.4912922,-549986486.1247778,1422612258.8578067,0.5312902422746089,0.5375859549998815,-5.570510768085693e-06,8.953037063785113e-07,0.4826768550235305,0.48277863209780947
SPY,2010,2010-06-16,2010-06-17,0.0028581636298679047,0.0028581636298679047,0.11782395319735935,1.0,0.004846526655896577,0.010949560222581214,0.014092525677249914,0.019271536351135553,0.021105971173210503,0.024257916597658018,0.518789689075257,34006760641.103996,24.249825184181457,-0.0003571428571429447,0.004846526655896577,-0.03217352663110623,0.21152375651892588,-0.0012468827930174342,0.0,0.0004453152832204488,0.010954755967224838,0.03906249999999384,0.011400071250445325,2041,3049560169.3610296,4143677588.4852443,-1094117419.1242146,7193237757.846273,0.4982674034583641,0.49717644377187253,0.0005129317531568649,0.00042882709840545014,0.4725254298307138,0.4712015555179478
IWM,2010,2010-06-17,2010-06-18,0.0031455961653683584,0.0031455961653683584,0.09901207161538887,1.0,0.004770423375074384,0.018336314847942816,0.011526499320563006,0.025274136486240214,0.02995605160409633,0.0317698247703309,0.61210719924903,5963630238.275,22.508945232979034,0.0011997600479902726,-0.004770423375074384,-0.07643652227374263,0.23588477264363533,-0.0025384500522622755,0.0,0.00841122890846635,0.007764670748096059,0.5199852303147785,0.01617589965656255,976,475445203.67296743,931284359.2132396,-455839155.5402721,1406729562.886207,0.5417986038225905,0.544345459131095,0.001285670052867372,0.00121152157249805,0.4898478825724057,0.48867723867449725
SPY,2010,2010-06-17,2010-06-18,-0.002764401640806158,0.002764401640806158,0.11635918573763526,0.0,0.0012468827930174342,0.011400071250445325,0.009958679184004943,0.019227490880130906,0.02058609693787384,0.023757485266692087,0.5537752632200876,33278061425.153004,24.228164200756673,-0.001607717041800738,0.0012468827930174342,-0.021436177433323746,0.23168811509493525,0.0008942144326209434,1.0,0.004113386390056317,0.00268264329786283,0.6052631578947355,0.006796029687919081,1938,3498388448.130274,4211742877.4769,-713354429.3466263,7710131325.607174,0.46260874689663056,0.46561530243211874,0.0006140597411719646,0.0006383083701029068,0.4788430556528426,0.47922588898063667
IWM,2010,2010-06-18,2010-06-21,0.016017964071856294,0.016017964071856294,0.5335814157593205,1.0,0.0025384500522622755,0.01617589965656255,0.011505379761376779,0.02232539883326432,0.029285777745250013,0.030019718825967177,0.5523465962650144,5604959077.675,22.44691759240463,0.0005991611743558778,-0.0025384500522622755,-0.09932158131883502,0.34694726960184485,-0.025965817003094305,0.0,0.0018417562988064518,0.03167820833947266,0.054945054945052176,0.033519964638279144,978,693965924.7036879,1250659323.525728,-556693398.8220401,1944625248.229416,0.5570856583004629,0.5677367714136137,0.00043279164939511025,0.0005695630595653495,0.48105415561999343,0.4832127389830809
SPY,2010,2010-06-18,2010-06-21,0.012440705271636876,0.012440705271636876,0.5608591386423071,1.0,0.0008942144326209434,0.006796029687919081,0.01078110860523981,0.017060406477290145,0.019511125342241985,0.022181514777048227,0.34831561833112407,31403845887.107002,24.170196202841613,-0.0036561441055822375,-0.0008942144326209434,-0.052958626223315534,0.2769421355836462,-0.015116690240452701,0.0,0.0007072135785006761,0.020597595473833108,0.03319502074688654,0.021304809052333774,2026,3516971804.6026063,5180076340.912511,-1663104536.3099046,8697048145.515118,0.5501045933591918,0.5607287339798935,0.001309711877210365,0.0015229806132969494,0.47122787928430376,0.474593775307531
IWM,2010,2010-06-21,2010-06-22,0.003816499439551091,0.003816499439551091,0.1294748007562812,1.0,0.025965817003094305,0.033519964638279144,0.01352843470946576,0.022291622910601116,0.029285777745250013,0.029476773991991962,1.144581678173662,5344481238.559,22.399330321251867,-0.010363772455089904,-0.025965817003094305,-0.08198899653269968,0.19298566710911186,-0.024261603375527407,0.0,0.011151295961422392,0.02546714888487034,0.3045267489711911,0.036618444846292834,1013,296609811.7190743,734798465.4563667,-438188653.73729235,1031408277.175441,0.5633865171415502,0.56573675477176,0.004738740562113656,0.004709544127427386,0.487287184520807,0.4868280974163117
IWM,2010,2010-06-22,2010-06-23,-0.002625482625482678,0.002625482625482678,0.08653874258152601,0.0,0.024261603375527407,0.036618444846292834,0.009012124046453528,0.022590886874399307,0.02995605160409633,0.030338811810320398,1.2224055870328872,5329851268.059,22.39658917005546,0.020537698331661747,0.024261603375527407,-0.09773606268086427,0.199194656413499,0.0001548467017653543,1.0,0.0119231960359244,0.01052957572003721,0.5310344827586189,0.022452771755961644,1000,270379607.2306831,791298284.8453814,-520918677.6146983,1061677892.0760645,0.46960099767890895,0.48647793428016906,-0.0003435911947453161,-2.816675276343626e-06,0.4662583637972034,0.47161266942910335
IWM,2010,2010-06-23,2010-06-24,-0.00836301688090435,0.00836301688090435,0.2836065213950385,0.0,0.0001548467017653543,0.022452771755961644,0.009157412470968258,0.022603550309346205,0.029285777745250013,0.02948809794558785,0.7666783498554467,5201153082.459001,22.372146184578373,0.0027799227799228943,0.0001548467017653543,-0.10648198357075939,0.21368451683720635,0.007652662814305877,1.0,0.009995314696236157,0.0078088396064344145,0.5614035087719325,0.01780415430267063,929,278788393.173097,832617490.2485008,-553829097.0754038,1111405883.421598,0.4909733113493217,0.5147895610959823,-0.0002761795716083081,0.00022307533224910463,0.48208572980339687,0.4899444617789095
SPY,2010,2010-06-23,2010-06-24,-0.004943696786597118,0.004943696786597118,0.23790696305830902,0.0,0.003739511127325734,0.0141371762130609,0.006822629181634099,0.017034939795741878,0.019511125342241985,0.02077995836290617,0.7245700063467699,28975083990.951,24.089702124906626,0.003103039153052767,0.003739511127325734,-0.05946445557559483,0.15967929361959388,0.01168460759959511,1.0,0.014260741558561052,0.0012880669794830268,0.9171597633136039,0.015548808538043957,1891,1451866674.732212,3174854269.5112467,-1722987594.7790346,4626720944.243459,0.4731736812239604,0.4946518340138187,0.0006095140402932698,0.0011029296505743616,0.47556981580127516,0.48333663191819914
IWM,2010,2010-06-24,2010-06-25,0.0037771482530690736,0.0037771482530690736,0.13084509406246103,1.0,0.007652662814305877,0.01780415430267063,0.008815937035062385,0.022894526349627322,0.0283773989970655,0.02886732804262413,0.627406137698235,5096350887.234,22.351790608268534,-0.01595168034691019,-0.007652662814305877,-0.11025433177485175,0.20539349494855996,0.013327061774850879,1.0,0.017795547193477645,0.009093759799310153,0.6618075801749274,0.02688930699278776,1015,242431279.32551408,804326040.8876716,-561894761.5621575,1046757320.2131857,0.534025209147402,0.5558899037648619,0.002014950852759791,0.002402830618974878,0.4833157340404579,0.48948324481243444
SPY,2010,2010-06-24,2010-06-25,0.002978961087320764,0.002978961087320764,0.14516174753423502,1.0,0.01168460759959511,0.015548808538043957,0.007309725378759404,0.017415774295189854,0.018363097797701303,0.020521667298185456,0.8467421297505893,28546188564.247505,24.074789263759843,-0.016570539229149528,-0.01168460759959511,-0.06428934319373245,0.15318218556550842,0.0012066085019493134,1.0,0.006311490625580118,0.009003155745312741,0.41212121212121416,0.015314646370892944,1932,1268775920.1783237,3103991633.658232,-1835215713.4799085,4372767553.8365555,0.5214428796283246,0.5406545771449253,0.002866280077811391,0.003271588118174929,0.47415389435503497,0.48059852468288927
IWM,2010,2010-06-28,2010-06-29,-0.016184251478369216,0.016184251478369216,0.5779872202215418,0.0,0.00510915002322343,0.020591422820870075,0.014628951418665053,0.020829572856166656,0.027206789418724023,0.028001054196606305,0.7568486859643506,4988345533.884001,22.33037013539701,0.005724895559337639,0.00510915002322343,-0.10218086527792468,0.22636009503963067,0.021986713065485608,1.0,0.02910471369819667,0.0,1.0,0.029104713698196717,1028,309724453.0914807,819437916.049019,-509713462.9575383,1129162369.1404996,0.5031681558246552,0.5231584009476875,-0.0014070176701007253,-0.0010432859139292011,0.4774426405115759,0.48321834763931654
SPY,2010,2010-06-28,2010-06-29,-0.014042592764809902,0.014042592764809902,0.7283185237541826,0.0,0.004628343978524518,0.010922891789317714,0.009183245353683565,0.015391851232055734,0.016894563517521437,0.01928083977931264,0.6465329381247126,27445775950.721504,24.035478111484338,0.0031519421525910696,0.004628343978524518,-0.07285567698789909,0.17686227618328654,0.017072250518770038,1.0,0.023297491039426466,0.014053952084512433,0.6237373737373718,0.037351443123938954,1969,1427270909.4565475,3426851496.8045626,-1999580587.348015,4854122406.26111,0.533136473239169,0.56137373305279,0.0003620284204814868,0.001006868125523985,0.47275640883033454,0.48299583724831346
IWM,2010,2010-06-29,2010-06-30,-0.0032346757237585733,0.0032346757237585733,0.11341304698836494,0.0,0.021986713065485608,0.029104713698196717,0.020075549026774005,0.021436036042766133,0.027206789418724023,0.028521195838168596,1.0697592152555317,5045238307.834001,22.341710726075227,0.037815126050420256,0.021986713065485608,-0.13118336085568316,0.20371892891582924,0.008356319974038628,1.0,0.011195846178809088,0.0160636053869867,0.4107142857142895,0.027259451565795872,958,182979613.32877466,844830930.8682787,-661851317.539504,1027810544.1970534,0.45204470463853175,0.4864142991061116,-0.002487238902356144,-0.0017730187174633764,0.48117371495221806,0.492495753637184
SPY,2010,2010-06-29,2010-06-30,-0.002782842337587521,0.002782842337587521,0.1394768360409793,0.0,0.017072250518770038,0.037351443123938954,0.013916632007626564,0.016449236404674845,0.016894563517521437,0.019952003619940893,2.210855763465069,27899452990.943,24.05187291952214,0.030875104621966076,0.017072250518770038,-0.07773849375069519,0.1479575279191555,0.006735950731331819,1.0,0.01000769822940728,0.009237875288683473,0.5200000000000046,0.01924557351809084,1909,979536321.4261894,3148397773.410426,-2168861451.9842367,4127934094.8366156,0.4293353171444927,0.4512711739902955,-0.0039472801430906635,-0.003454062615297032,0.44725559441723683,0.4550742308096278
SPY,2010,2010-07-01,2010-07-02,0.0034059945504085753,0.0034059945504085753,0.16972126006214663,1.0,0.0037809015996121964,0.02287930198739699,0.013297337943508148,0.01511689657538398,0.018735953244355497,0.020068166764502023,1.221144272138368,28750175199.890003,24.08190969808042,-0.004456500678163056,-0.0037809015996121964,-0.0677095189444379,0.13209340110688955,-0.008825526137135054,0.0,0.003006497914848305,0.014450586752012384,0.17222222222222652,0.017457084666860606,1946,925523946.109779,2872184478.46264,-1946660532.352861,3797708424.5724187,0.47805327006384096,0.4931090185932341,4.1447072994964685e-05,0.00035516482453221837,0.4519785117875545,0.45685957274679295
IWM,2010,2010-07-02,2010-07-06,0.01738548980274146,0.01738548980274146,0.6262388665524172,1.0,0.015308641975308679,0.02419753086419751,0.013045972503688481,0.017015257356096842,0.027074379279291814,0.027761754709432852,0.8937427748419444,5104811262.334001,22.353449316740317,-0.014172709294660524,-0.015308641975308679,-0.08749591628449932,0.1362939741117806,-0.02990469930989159,0.0,0.010515938218862875,0.03614853762734149,0.2253521126760546,0.04666447584620446,950,124552437.5883657,571202576.4457107,-446650138.857345,695755014.0340763,0.5596932072085535,0.5613247060793445,0.0022154978433657295,0.0021816997337191814,0.4630149463136685,0.4624910854562157
SPY,2010,2010-07-02,2010-07-06,0.014090019569471535,0.014090019569471535,0.7406224384626952,1.0,0.008825526137135054,0.017457084666860606,0.011532509390026672,0.013193432943534951,0.01784170881874038,0.019024564795414638,0.9784424151415488,27829589171.135998,24.04936565028887,-0.00544959128065392,-0.008825526137135054,-0.0777615834957886,0.14359925789247233,-0.00742956387495175,0.0,0.007043612504824326,0.01698186028560411,0.2931726907630491,0.024025472790428493,1869,916117715.2213633,3080190637.2061496,-2164072921.984786,3996308352.427513,0.5643291748482392,0.5827204481636282,0.0018315121747829188,0.0022503915443655848,0.45412231214340515,0.46061482039353124
IWM,2010,2010-07-06,2010-07-07,0.0030487804878047697,0.0030487804878047697,0.10748228768888515,1.0,0.02990469930989159,0.04666447584620446,0.012081265141079017,0.016342143988957395,0.027074379279291814,0.02836542237200676,1.7235658614672795,5095083054.334001,22.351541804633282,-0.013039117352056206,-0.02990469930989159,-0.08849986071270462,0.1324747572482795,0.031746031746031855,1.0,0.03259034110097936,0.003942924687605487,0.8920730298128045,0.03653326578858492,982,112027875.07724929,562942015.70547,-450914140.6282207,674969890.7827193,0.5368652171173582,0.5403771892927488,0.0044820137367431595,0.004554296791785474,0.45813170947800225,0.4592504765094454
SPY,2010,2010-07-06,2010-07-07,0.002527461845047041,0.002527461845047041,0.1315496040454891,1.0,0.00742956387495175,0.024025472790428493,0.013726582124345934,0.013094718455625065,0.01784170881874038,0.01921299469797765,1.346590342579343,27751157969.3435,24.04654340489323,0.006555772994129239,-0.00742956387495175,-0.07663000992405215,0.15241447287760937,0.028895568699699448,1.0,0.03015611364297488,0.0010666149520023316,0.9658385093167701,0.031222728594977205,1897,1051553301.5230134,3178124812.1177444,-2126571510.594731,4229678113.6407576,0.46587908963015817,0.4839276219306237,-5.982429046918125e-05,0.0003656180368955221,0.45061054585773724,0.45719536507100095
IWM,2010,2010-07-07,2010-07-08,0.010965630114566416,0.010965630114566416,0.3825653481163554,1.0,0.031746031746031855,0.03653326578858492,0.020907455926964583,0.018336305598961905,0.027074379279291814,0.028663417030732413,1.3493666987419304,4938970561.334001,22.320422758036436,0.03489159891598925,0.031746031746031855,-0.09426017701730756,0.1618188075702102,0.003399708596405926,1.0,0.005504290108466758,0.011818034644649589,0.31775700934578754,0.017322324753116403,979,166835043.73241287,632383283.1270267,-465548239.3946138,799218326.8594396,0.48556606843666517,0.487528072792003,-0.0027980230575042676,-0.002801010323236328,0.4396146734350796,0.43956832259110906
SPY,2010,2010-07-07,2010-07-08,0.008387522382433232,0.008387522382433232,0.42323365907893795,1.0,0.028895568699699448,0.031222728594977205,0.016622703618694442,0.014801271349843343,0.01784170881874038,0.019817711097663105,1.7499853243979533,27189721058.947998,24.026104836580757,0.03149606299212593,0.028895568699699448,-0.07193416820193327,0.18322424793238018,0.0014953271028037562,1.0,0.0026168224299065734,0.010186915887850478,0.2043795620437974,0.012803738317757052,1913,1512973112.249467,3468843080.2674794,-1955869968.0180125,4981816192.516947,0.4920352370911423,0.5011961039488054,-0.0025832620351538267,-0.002389272789330356,0.4305574995168895,0.4335674645054802
IWM,2010,2010-07-09,2010-07-12,-0.0028598665395614953,0.0028598665395614953,0.10487755465562683,0.0,0.015488867376573179,0.018877057115198364,0.020936382756430404,0.01722071546427367,0.025543418928492635,0.027268623386119916,0.7390184206759332,4663069830.584001,22.26293983012347,-0.015488867376573179,-0.015488867376573179,-0.08923831937731087,0.19622743039698426,0.008444869343530947,1.0,0.018164435946462776,0.006692160611854625,0.7307692307692332,0.024856596558317436,883,249448847.89842063,665573362.7187786,-416124514.820358,915022210.6171992,0.45954852475717956,0.4717646492596079,0.0015106387238517619,0.00178492173617206,0.48183165099956216,0.48606798126076295
SPY,2010,2010-07-09,2010-07-12,-0.003334568358651313,0.003334568358651313,0.18357973301030353,0.0,0.00774759637823208,0.009707831606459367,0.013407719758671848,0.013434365943896485,0.015555801301233338,0.018164142108563576,0.6240650300470014,25947276940.471,23.979332506195654,-0.0074654721911160404,-0.00774759637823208,-0.06549509353018723,0.20781512479684403,-0.003996282527881201,0.0,0.004182156133828885,0.005947955390334547,0.4128440366972423,0.010130111524163469,1795,1846408632.7262175,3545827962.7960362,-1699419330.0698187,5392236595.522254,0.45641084280539035,0.48317187463972383,0.0012663585224617867,0.001920694876008192,0.4812079077654158,0.4913142022532981
IWM,2010,2010-07-12,2010-07-13,0.013659006909850557,0.013659006909850557,0.5046897501783559,1.0,0.008444869343530947,0.024856596558317436,0.020214952463955715,0.0170282422508168,0.02452706371125747,0.027064165470020947,1.0134354789036046,4584969986.634001,22.24604939664301,-0.011280584683825867,-0.008444869343530947,-0.09668104237663372,0.1987745639166811,0.01775523145212432,1.0,0.021559923906150802,0.0038046924540265925,0.8500000000000006,0.025364616360177464,936,234047866.04544458,677327543.6188002,-443279677.57335556,911375409.6642448,0.5008081415137271,0.5096572505143555,-0.0007886445965275767,-0.0005944559107962143,0.45088544277138315,0.45389650811798665
SPY,2010,2010-07-12,2010-07-13,0.010367490511894895,0.010367490511894895,0.578469403061925,1.0,0.003996282527881201,0.010130111524163469,0.011837266173490903,0.013379537948085116,0.015555801301233338,0.017922279825031744,0.6512111673321711,25480755361.7665,23.96118931249222,0.0006483882919601225,0.003996282527881201,-0.0668142084966861,0.21545925946501987,0.004672469079248565,1.0,0.008612001832340788,0.0020155748969308274,0.8103448275862065,0.010627576729271613,1898,1893794089.7307127,3596270591.1248317,-1702476501.394119,5490064680.855544,0.5198367763619323,0.5392055022679751,3.526023068122896e-05,0.0004905057983492726,0.45500409487693266,0.46206307541350417
IWM,2010,2010-07-13,2010-07-14,-0.002803738317757154,0.002803738317757154,0.10144238016314998,0.0,0.01775523145212432,0.025364616360177464,0.018328571631755837,0.018553443566806962,0.02511060645924745,0.02763872765256391,1.010115641824193,4622766386.134001,22.254259147717416,-0.03165675719106553,-0.01775523145212432,-0.07427250372774495,0.21200772552507977,0.0007810059356451182,1.0,0.00859106529209619,0.0057794439237739414,0.5978260869565158,0.014370509215870068,869,318358876.75571525,661703310.4023468,-343344433.6466316,980062187.1580621,0.47337135244620265,0.48019494514836253,0.0021580015453316935,0.0022815425800940016,0.4758424582274951,0.47778203170530414
SPY,2010,2010-07-13,2010-07-14,-0.0031916833850081927,0.0031916833850081927,0.1764177821290063,0.0,0.004672469079248565,0.010627576729271613,0.01161103630763434,0.013831751559642936,0.015431727454468452,0.018091619486941855,0.6886835424373869,25512878362.799004,23.96244919545938,-0.015088401369989679,-0.004672469079248565,-0.050168131477010006,0.21742478217873223,-0.0031104199066873672,0.0,0.004116732229439202,0.007044186259262508,0.3688524590163976,0.011160918488701847,1807,2133599292.3611,3413532728.422964,-1279933436.0618641,5547132020.784064,0.44903214635141236,0.46895184010162466,0.0008837754232164504,0.001355024528826443,0.47510482755729894,0.4825033592956882
IWM,2010,2010-07-15,2010-07-16,-0.007415588513726812,0.007415588513726812,0.2717932128762697,0.0,0.011232449297971736,0.02324492979719181,0.018444913666763593,0.017597118275422135,0.02452706371125747,0.0272839355893065,0.947725747804162,4565679201.584001,22.241833124500825,0.00922307331561667,0.011232449297971736,-0.1024693505036295,0.2228219444145891,0.029248132252424064,1.0,0.03210936258146557,0.0020664441265298983,0.939534883720932,0.034175806707995526,906,274745667.4379768,742587849.832219,-467842182.3942422,1017333517.2701957,0.45123253241932876,0.47155918457050366,-0.002100523331131622,-0.001621110786291977,0.4655635775626512,0.4730884195144725
SPY,2010,2010-07-15,2010-07-16,-0.0053792851932895625,0.0053792851932895625,0.30250385850545164,0.0,0.0006386278624213038,0.017242952285375427,0.006605455391728567,0.01277418336485273,0.015431727454468452,0.01778253414639542,1.1173701930811715,25253360931.7,23.952225090015876,-0.0002735978112176074,-0.0006386278624213038,-0.06361184015520047,0.24692451054969217,0.022275185626546956,1.0,0.024200201668347243,0.0011000091667430212,0.9565217391304361,0.02530021083509021,1882,2314630514.4129276,3921043273.3818126,-1606412758.968885,6235673787.794741,0.46520367343818475,0.4903267094101953,-4.4591561952410895e-05,0.0005606737899393715,0.4675839221951502,0.4770841452513129
IWM,2010,2010-07-16,2010-07-19,0.00327493040772886,0.00327493040772886,0.11561585778796639,1.0,0.029248132252424064,0.034175806707995526,0.024438212948525242,0.01913907986221702,0.02511060645924745,0.028325962116156383,1.361010804874832,4640571994.034,22.25810347016318,-0.03644682865257187,-0.029248132252424064,-0.24432272161332547,0.3817090311663986,0.0009792720744246086,1.0,0.003427452260486241,0.018279745389260693,0.15789473684209987,0.021707197649746993,953,318775530.23783845,1452572709.6628022,-1133797179.4249637,1771348239.9006407,0.5154653122074409,0.6044722912340145,0.0031410083068816393,0.0053319330127411975,0.4611300389458747,0.49572290312809286
SPY,2010,2010-07-16,2010-07-19,0.003656478529908025,0.003656478529908025,0.19570768877489159,1.0,0.022275185626546956,0.02530021083509021,0.015486578415946264,0.014063976018345484,0.016395880411709692,0.01868336677417824,1.5430833965476582,25285554530.614998,23.953499102446692,-0.0275346462436179,-0.022275185626546956,-0.03483397309357818,0.1949050739961658,0.0022419430172817556,1.0,0.005418028958430687,0.007753386268098961,0.4113475177305004,0.013171415226529627,1957,2023743275.3239777,2904539601.4996243,-880796326.1756465,4928282876.823602,0.5061593458396587,0.5022978811762159,0.0026874161117414366,0.0025741926379079733,0.4524270069395924,0.4506393032170114
IWM,2010,2010-07-19,2010-07-20,-0.014348605902494649,0.014348605902494649,0.501637462743447,0.0,0.0009792720744246086,0.021707197649746993,0.02455078875554313,0.019205432700433706,0.02511060645924745,0.02860353735150154,0.8644632970126022,4660237381.434,22.262332224008446,-0.004257409530047385,-0.0009792720744246086,-0.06756269025641569,0.13355980397896425,-0.03158808933002466,0.0,0.003970223325062028,0.033416046319272086,0.10619469026548667,0.03738626964433413,901,153781108.2182858,468639282.9414809,-314858174.7231951,622420391.1597667,0.4539506176655496,0.45513444035751577,-0.002744605198849309,-0.002725835092193564,0.466092166862323,0.46637532275374716
SPY,2010,2010-07-19,2010-07-20,-0.013235157050983326,0.013235157050983326,0.6965496458524362,0.0,0.0022419430172817556,0.013171415226529627,0.01591151371532979,0.014181366571486798,0.016395880411709692,0.01900102473641511,0.80333686851746,25314412782.6815,23.95463974568137,-0.005906619163697835,-0.0022419430172817556,-0.04440436030567836,0.1396119125253124,-0.02465287616888645,0.0,0.0004722773212431086,0.02540851988287529,0.01824817518248454,0.025880797204118344,1888,1205061638.4582603,2329131944.5871196,-1124070306.1288593,3534193583.0453796,0.4988335165604906,0.5117331222865935,-0.00012252793328674204,0.0001949554151263709,0.4656506521430766,0.47044003784988214
IWM,2010,2010-07-20,2010-07-21,0.007865682053255885,0.007865682053255885,0.2736538137854131,1.0,0.03158808933002466,0.03738626964433413,0.019792846282217034,0.019691814552468725,0.02511060645924745,0.02874318447987645,1.4888636682275722,4689100976.6325,22.268506711612456,0.0167862383825208,0.03158808933002466,-0.06848489657722759,0.14644583870359185,-0.025616547334924467,0.0,0.0019093078758949389,0.027844073190135266,0.0641711229946508,0.02975338106603019,906,182783364.9319622,503915960.3568158,-321132595.4248536,686699325.2887781,0.4932173122488419,0.48471294551235067,-0.002784577637111215,-0.003018687344107468,0.43085079975061297,0.4273258385039639
SPY,2010,2010-07-20,2010-07-21,0.005162241887905594,0.005162241887905594,0.26887453741981726,1.0,0.02465287616888645,0.025880797204118344,0.01495581952192375,0.014473297115498237,0.016395880411709692,0.019199444980709853,1.5784938993355102,25527457510.9005,23.963020474948376,0.011091434430049452,0.02465287616888645,-0.042907349400022846,0.1521876912374556,-0.018066764490095477,0.0,0.000275128393250057,0.022101980924431497,0.012295081967207482,0.022377109317681564,1998,1394824641.5158732,2490140180.2303185,-1095315538.7144454,3884964821.746192,0.4807108422829095,0.47830349018898777,-0.0020017221699677886,-0.0020703929468506915,0.4271504195258892,0.42611645203092585
IWM,2010,2010-07-21,2010-07-22,0.015349444807315482,0.015349444807315482,0.5403850232401717,1.0,0.025616547334924467,0.02975338106603019,0.02045140112075167,0.01957691298787341,0.02511060645924745,0.028404645108925403,1.1848929700012463,4669411378.3324995,22.26429885749949,-0.01795235689830732,-0.025616547334924467,-0.0745148961599513,0.1494121169582315,0.019942103570279812,1.0,0.023801865551624335,0.0001608234158892996,0.9932885906040291,0.02396268896751359,920,174862967.50048557,522803671.48502684,-347940703.9845413,697666638.9855124,0.568013779052597,0.5660128249701,0.002254696579114238,0.002164547358908639,0.4669076238415339,0.4655483891757294
SPY,2010,2010-07-21,2010-07-22,0.011861399084710955,0.011861399084710955,0.6175694818887143,1.0,0.018066764490095477,0.022377109317681564,0.01562745460659556,0.014298098732243197,0.016395880411709692,0.019206582307848517,1.3648007155321875,25632988860.358,23.96714598622202,-0.012997787610619538,-0.018066764490095477,-0.05171842234862002,0.1575943212661607,0.010337825364592934,1.0,0.01476832194941835,9.23020121839091e-05,0.9937888198757734,0.014860623961602357,1913,1356957868.766855,2682655612.7043223,-1325697743.9374673,4039613481.471177,0.5569654865153916,0.5620905807149655,0.0018771791038819361,0.002001362038719437,0.4500334386367183,0.45190582033394777
IWM,2010,2010-07-22,2010-07-23,-0.004888047934405559,0.004888047934405559,0.16705114498278206,0.0,0.019942103570279812,0.02396268896751359,0.02835819522293599,0.02135820931911512,0.02511060645924745,0.02926078677826105,0.9542855528560474,4699251651.9825,22.270669110002654,-0.035597648595689035,-0.019942103570279812,-0.06124536771350762,0.1506714954472281,-0.029630803359214086,0.0,0.00269370939629221,0.031690698779908155,0.07834101382488524,0.03438440817620031,932,210117939.24154198,497925334.64551836,-287807395.4039764,708043273.8870604,0.4693628687677234,0.4668668557146281,0.0008101909840668355,0.0007221692442758755,0.4713655383255915,0.47003533210881054
IWM,2010,2010-07-23,2010-07-26,0.004309018159433631,0.004309018159433631,0.14335741878905778,1.0,0.029630803359214086,0.03438440817620031,0.020575442611411057,0.0217533616390042,0.02612696167648261,0.030057866525722704,1.3160507755155622,4709059267.8825,22.272753994215375,0.024597918637653704,0.029630803359214086,-0.054557621912070274,0.15156654838076022,0.01838798651547635,1.0,0.019307385841250246,0.00520992951271837,0.7874999999999984,0.02451731535396865,937,228410392.12735814,485325467.226022,-256915075.09866387,713735859.3533802,0.4889083909715841,0.4766653440351186,-0.002770677202787292,-0.0031091129057606373,0.4400585049662323,0.4349464221839835
IWM,2010,2010-07-26,2010-07-27,0.009027986758952888,0.009027986758952888,0.30154129196144086,1.0,0.01838798651547635,0.02451731535396865,0.020350909417422385,0.022003269942955764,0.02511060645924745,0.029939470976689087,0.9763728882358272,4647487631.2325,22.259592616175482,0.02277623884272062,0.01838798651547635,-0.045916414909195145,0.15361986090347662,-0.012526096033402934,0.0,0.0031315240083507057,0.016104980614375153,0.1627906976744178,0.019236504622725796,902,250275216.54977039,463671186.9107944,-213395970.361024,713946403.4605647,0.507531499796588,0.4931876817996345,-0.0027634030196258272,-0.003122382389650784,0.4595046211465356,0.4540863729291698
SPY,2010,2010-07-26,2010-07-27,0.005467909645034075,0.005467909645034075,0.2805655908940033,1.0,0.008679927667269549,0.012477396021699779,0.012863009416444804,0.014908284815579268,0.016127884051878424,0.01948888182478454,0.7736536288061006,25262411625.226997,23.952583421410832,0.010415723213477168,0.008679927667269549,-0.02662693589456778,0.16735990989441468,-0.005527324596594441,0.0,0.0010698047606312322,0.009449942052242144,0.10169491525424122,0.010519746812873378,1886,1777627159.2132506,2450287774.1003537,-672660614.8871031,4227914933.3136044,0.4921794949324525,0.4917242229346724,-0.0005013739239152762,-0.0005028319783306782,0.4604165882633249,0.4603945811470482
IWM,2010,2010-07-28,2010-07-29,0.008595548733691283,0.008595548733691283,0.2975680188766481,1.0,0.014819295327385351,0.024950854377740903,0.021599941620935346,0.020396739988684333,0.02490372546802917,0.02888599643920211,1.0018924441554833,4571922194.3324995,22.243199564871638,-0.016158260344306785,-0.014819295327385351,-0.061465545309568,0.1763710806284901,-0.011109420179576723,0.0,0.004261147466139148,0.026784355501445645,0.1372549019607862,0.031045502967584723,912,262669583.58811846,543685274.3756822,-281015690.7875638,806354857.9638007,0.517613718675755,0.5114860763212071,0.0004228775522473723,0.0002530881690935025,0.4648449848121992,0.4622710306468839
SPY,2010,2010-07-28,2010-07-29,0.0062257511504104635,0.0062257511504104635,0.34286509675273374,1.0,0.004401724757455927,0.010779734099892229,0.010960479678670325,0.012907040696516369,0.014936719889991889,0.018158019609970183,0.7216935297230163,24453783268.8185,23.92005077581808,-0.006454504706409625,-0.004401724757455927,-0.03671234843294299,0.18469840146119695,-0.011029411764705843,0.0,0.0026901004304160647,0.018920373027259685,0.12448132780082971,0.021610473457675722,1888,1809409433.7804022,2707165245.6489387,-897755811.8685365,4516574679.42934,0.4974722550604008,0.5037500681496745,0.000773710566469815,0.0009466952997397595,0.45998428769118294,0.46260668236902114
IWM,2010,2010-07-29,2010-07-30,-0.013542628501077347,0.013542628501077347,0.46549359026041554,0.0,0.011109420179576723,0.031045502967584723,0.017887147190035858,0.020161410060049713,0.02490372546802917,0.029093050440288693,1.246620832189956,4490656873.1325,22.225264824911694,0.002609363008442056,0.011109420179576723,-0.06184697117641217,0.17907056636690982,-0.0143525741029642,0.0,0.004368174726989027,0.023556942277691117,0.15642458100558496,0.027925117004680176,928,263205471.71775505,540938997.913538,-277733526.1957829,804144469.631293,0.4708533672581312,0.47256543113737265,-0.0027344468792612495,-0.002705251086108758,0.4541621202102184,0.45460467695904594
SPY,2010,2010-07-29,2010-07-30,-0.010155045788376116,0.010155045788376116,0.5553554252721603,0.0,0.011029411764705843,0.021610473457675722,0.007704365897063502,0.01270802368047883,0.014936719889991889,0.018285669548288797,1.4468018157156095,24204988682.463997,23.909824592767787,0.004872326987277686,0.011029411764705843,-0.04177609946344151,0.1956836489034036,-0.010076028212878896,0.0,0.0017404048731336497,0.015480443345241346,0.10106382978723442,0.017220848218374968,1904,1862665246.1700249,2873855260.880117,-1011190014.7100921,4736520507.050142,0.4914059865632237,0.5010415297647697,-0.0011013786447368378,-0.0008411555601896773,0.44651714355996264,0.4504616667200479
IWM,2010,2010-07-30,2010-08-02,0.017686865579821687,0.017686865579821687,0.6183124478130034,1.0,0.0143525741029642,0.027925117004680176,0.014140983305209668,0.020025542388816514,0.02490372546802917,0.028605061473985942,1.1213228735808944,4363385498.9325,22.19651408357536,0.0006155740227760109,0.0143525741029642,-0.0637783248230028,0.18598586374029621,-0.0002871391869427864,0.0,0.005591657850990028,0.008763790237267588,0.38951468575640347,0.01435544808825751,947,266619301.58597362,544908719.2648708,-278289417.67889714,811528020.8508444,0.522915088333071,0.5195832533335079,-0.0021384768711296864,-0.0022516142299870267,0.4397386523540748,0.43803178083004213
SPY,2010,2010-07-30,2010-08-02,0.015598077446268288,0.015598077446268288,0.866811294574215,1.0,0.010076028212878896,0.017220848218374968,0.006588796264149847,0.012604546765578317,0.014936719889991889,0.017994778729700556,1.152920342967235,23451253946.638,23.87818980361324,-0.00018134010336390283,0.010076028212878896,-0.050254853906056905,0.19710937912451884,0.006875613894097743,1.0,0.008482900258951709,0.004018215912134915,0.6785714285714343,0.012501116171086629,2040,1721961382.0555527,2900500723.057686,-1178539341.0021331,4622462105.113238,0.5610324772107025,0.5702217944061713,-0.00015011805638441914,9.50731315740418e-05,0.43327419128066275,0.43697332179685
IWM,2010,2010-08-02,2010-08-03,-0.0033408414082929383,0.0033408414082929383,0.11696534455152276,0.0,0.0002871391869427864,0.01435544808825751,0.012042369541843775,0.019789527287257882,0.02490372546802917,0.028562660342707845,0.5764377746087309,4312817156.0625,22.184857160034486,-0.017394647800676788,0.0002871391869427864,-0.05279853741648538,0.1879556962090433,0.00470195662065831,1.0,0.012740785681783717,0.009100561201274004,0.5833333333333355,0.021841346883057753,878,291454056.6026037,519164494.58742964,-227710437.98482597,810618551.1900333,0.45269655650663665,0.45623244988857825,-0.0004277419934427631,-0.0003560353415017776,0.47287851959298544,0.4739641428219901
IWM,2010,2010-08-03,2010-08-04,0.005486132276744993,0.005486132276744993,0.20112452625974506,1.0,0.00470195662065831,0.021841346883057753,0.01244840919490067,0.019576617525557904,0.024686955956143043,0.0272772912322978,0.8847322821760374,4216562122.5625,22.162285970076297,-0.008027089537573029,-0.00470195662065831,-0.06305788430008862,0.19968825585416505,0.005001515610791207,1.0,0.0075780539557441795,0.004016368596544417,0.65359477124183,0.01159442255228858,939,288055224.7432798,553942711.211962,-265887486.46868217,841997935.9552418,0.5066674038948125,0.5082399851770759,0.0002132588304577833,0.0001909774517712048,0.47021626928761007,0.46987886992376554
SPY,2010,2010-08-03,2010-08-04,0.0027624309392264568,0.0027624309392264568,0.1576787338996558,1.0,0.0023115220483641563,0.008179231863442405,0.012148748822573907,0.013267365893916142,0.01298757677214334,0.017519362763176567,0.6297735141004742,22825617857.874,23.851149332409335,-0.004788932245477162,-0.0023115220483641563,-0.028168331030010846,0.21496505146095024,0.003910068426197455,1.0,0.005154181107260181,0.003288012085666092,0.6105263157894654,0.008442193192926356,2042,2131875278.8303738,2774834838.6154957,-642959559.7851219,4906710117.445869,0.4594939330014519,0.466203450186319,-0.0002523388226677876,-4.5358544965531586e-05,0.4611193118917715,0.46425354406866853
IWM,2010,2010-08-04,2010-08-05,-0.00980244307042688,0.00980244307042688,0.3755675401353499,0.0,0.005001515610791207,0.01159442255228858,0.010256223259385865,0.01837070249294245,0.02424000216074112,0.026100346869418485,0.4783177194211145,4108591401.2625,22.136346081957353,-0.010515086863760903,-0.005001515610791207,-0.058905966559318984,0.20577821228826068,0.001979896436186346,1.0,0.0030459945172098823,0.008376484922327121,0.26666666666666794,0.01142247943953701,927,301719022.9430214,543739570.6316957,-242020547.68867433,845458593.5747172,0.5002089530842083,0.5059508985347101,0.0007621523897296846,0.0008521376997341987,0.4898667028393959,0.49123101543188846
SPY,2010,2010-08-04,2010-08-05,-0.00637337346198108,0.00637337346198108,0.39089302379894125,0.0,0.003910068426197455,0.008442193192926356,0.01146550881056199,0.011668187434203203,0.012652427244421841,0.016304648775873964,0.6672390229825919,22373505812.091,23.831143319529602,-0.0066833006594189115,-0.003910068426197455,-0.02419898831099886,0.22841049262488167,-0.005345211581291753,0.0,0.0015144766146993893,0.005879732739420884,0.20481927710844133,0.007394209354120252,1942,2284463639.3312516,2825879844.954107,-541416205.6228552,5110343484.285358,0.4626904639668658,0.4713091396229532,0.00021972847046972718,0.000479093893887153,0.47065058813101757,0.474582957905682
IWM,2010,2010-08-05,2010-08-06,-0.01648100106821304,0.01648100106821304,0.6371768489799651,0.0,0.001979896436186346,0.01142247943953701,0.012258256748805662,0.018541270182234046,0.02424000216074112,0.025865662091453762,0.4712243573161372,4050940372.8625,22.122214881942988,0.011762931684512146,0.001979896436186346,-0.0686268204370345,0.2184970309351155,-0.01070597362296355,0.0,0.009154383242823916,0.014895267649340571,0.38064516129032316,0.024049650892164424,971,303557643.1980388,581560800.7676072,-278003157.5695684,885118443.965646,0.5139204085722762,0.5243128397930712,-0.0009313746223456754,-0.0007369455279465208,0.491796717614558,0.4947281064775372
SPY,2010,2010-08-05,2010-08-06,-0.00983606557377048,0.00983606557377048,0.6127243659706938,0.0,0.005345211581291753,0.007394209354120252,0.010848013871914874,0.011594380976788513,0.012489256096393203,0.016053002165480935,0.5920456188143696,22036660503.513,23.81597328994653,0.001062228910330254,-0.005345211581291753,-0.027184329831449278,0.23911437659472548,-0.005817075353499179,0.0,0.007338464292106606,0.00742795775908367,0.4969696969696918,0.014766422051190187,2017,2335115245.507976,2934167093.0191445,-599051847.5111685,5269282338.527121,0.5027975559803932,0.5134325712585827,0.0008161930154184168,0.0011297055899776513,0.4765416415114988,0.4812684406168844
IWM,2010,2010-08-06,2010-08-09,0.00736874424316869,0.00736874424316869,0.28129235224730226,1.0,0.01070597362296355,0.024049650892164424,0.012751679542916247,0.018397501032370502,0.024283483123066538,0.0261960347812455,0.9903707293670734,4134224258.3625,22.142565544040533,-0.005951472607965802,0.01070597362296355,-0.07166977464372587,0.22056862863640359,0.003657421517829773,1.0,0.007467235598902722,0.01173422736970453,0.38888888888888373,0.019201462968607207,879,307790627.1094521,604089548.0329173,-296298920.92346513,911880175.1423694,0.4964634360315766,0.4987945758433913,-0.0009866561670532573,-0.000989559980003489,0.4505368386570143,0.4504928976660921
SPY,2010,2010-08-06,2010-08-09,0.004715722039327241,0.004715722039327241,0.2871437084414765,1.0,0.005817075353499179,0.014766422051190187,0.01140679640231307,0.011629479464285176,0.012836265698808129,0.01642286388555285,1.1503674353329472,22600860931.598503,23.8412538368176,-0.004076207354895778,0.005817075353499179,-0.03350506854126018,0.22850746637292316,0.0006199078993978091,1.0,0.0023025150549060847,0.005313496280552665,0.3023255813953424,0.007616011335458852,1981,2203611037.3608303,2960854431.9655275,-757243394.6046972,5164465469.326358,0.4628349638368873,0.46408799694944014,-0.001453866480935975,-0.0013837616837409517,0.4389459517788199,0.4400067894808158
IWM,2010,2010-08-09,2010-08-10,-0.009869419981779592,0.009869419981779592,0.38070727517984804,0.0,0.003657421517829773,0.019201462968607207,0.010810595690089176,0.01823374040859919,0.024006169929839005,0.025923906962684727,0.7998553298891848,4115897193.0125,22.138122677204063,-0.011053116364752924,-0.003657421517829773,-0.07227069795873614,0.2301033908130481,0.009047692071767921,1.0,0.016561877012728043,0.0030670142616162632,0.8437500000000018,0.019628891274344445,940,324811568.7423333,622270331.6077496,-297458762.8654163,947081900.3500829,0.48958847186262733,0.5016741629701298,-3.865153637376724e-06,0.0002355643838476331,0.4780611379853136,0.4816808182821586
SPY,2010,2010-08-09,2010-08-10,-0.008496327108593604,0.008496327108593604,0.5212264813224938,0.0,0.0006199078993978091,0.007616011335458852,0.005314295659359498,0.0116464310795977,0.012836265698808129,0.016300643603210842,0.5933198575163502,22575506244.3175,23.84013136099548,-0.005338553252068667,-0.0006199078993978091,-0.02528332441960806,0.23875459685007583,-0.003124163170579175,0.0,0.005891279121663762,0.008479871463000999,0.4099378881987541,0.014371150584664817,2033,2409611021.8682137,2980394870.1801805,-570783848.3119669,5390005892.048394,0.48824341866037646,0.5001279181593247,0.0007005149555640122,0.0010171080126471763,0.4710235072844265,0.4758097406910445
IWM,2010,2010-08-10,2010-08-11,-0.019962859795728982,0.019962859795728982,0.7840370502211595,0.0,0.009047692071767921,0.019628891274344445,0.013380652613499836,0.017538453506006368,0.0236038093823527,0.025461628108133284,0.831598449063053,4040950073.7125,22.11974566803262,0.01882781658062549,0.009047692071767921,-0.09379990277746275,0.2511073283368153,0.01973788094110218,1.0,0.022422232749092053,0.0,1.0,0.022422232749092084,937,317835726.45479465,696876450.4976081,-379040724.0428134,1014712176.9524027,0.5119806897448557,0.5324198759311419,-0.0018756460691250086,-0.0014254466925010716,0.4772437827790164,0.48407985435581197
SPY,2010,2010-08-10,2010-08-11,-0.015394198255917368,0.015394198255917368,0.9582992620939028,0.0,0.003124163170579175,0.014371150584664817,0.005468446511672653,0.011360969618320234,0.013771282905597221,0.016064082343422388,1.043559317107906,22773819028.580498,23.8488774248986,0.0053987078502522046,-0.003124163170579175,-0.0379082120303422,0.24832529332630704,0.012200632625395502,1.0,0.013827383642114777,0.00036150022593761655,0.9745222929936322,0.014188883868052355,2057,2396000264.9782066,3259315025.454278,-863314760.4760714,5655315290.432485,0.5518941979913831,0.5631113355979461,0.0008089182375075146,0.0010941682681880603,0.46876135172450534,0.4730927429441875
IWM,2010,2010-08-11,2010-08-12,-0.019813144329896892,0.019813144329896892,0.7381398851738895,0.0,0.01973788094110218,0.022422232749092084,0.018410342935899226,0.019663550419755798,0.0236038093823527,0.026841991237513674,0.9499412737105046,4144211973.2625,22.14497849244444,0.03930671618693915,0.01973788094110218,-0.11653474833628011,0.24218992307954207,-0.015119145439605575,0.0,0.0014790468364832554,0.021364009860312283,0.0647482014388529,0.022843056696795407,892,260370839.83670887,743315539.1930531,-482944699.3563442,1003686379.029762,0.5103567781067582,0.5423431384924615,-0.0031311062296764496,-0.002395421803584945,0.4817184321417275,0.4930519075162904
SPY,2010,2010-08-11,2010-08-12,-0.015096065873741904,0.015096065873741904,0.8901898909109752,0.0,0.012200632625395502,0.014188883868052355,0.012388595863784256,0.013051536849651792,0.014280017226358587,0.016958253545536622,0.9936181198620675,23254865008.2505,23.869780194757226,0.027407011923829883,0.012200632625395502,-0.07785289531709566,0.24817744651590787,-0.009103576405016245,0.0,0.00046446818392953393,0.012726428239665522,0.0352112676056437,0.013190896423594998,1826,1980437222.8596146,3790895793.9601316,-1810458571.100517,5771333016.819746,0.5326803461065479,0.5634570830004308,-0.0009599446103482736,-0.00020504714848813659,0.47335961838934704,0.48498907728623525
IWM,2010,2010-08-12,2010-08-13,-0.004371053909664968,0.004371053909664968,0.1631178579303525,0.0,0.015119145439605575,0.022843056696795407,0.018765779695417036,0.019596645399228604,0.023402872832154496,0.026796906023197693,0.9760791703063939,4114576204.9625,22.137801677913387,0.004993556701030855,-0.015119145439605575,-0.1208015840729805,0.2500752436398338,0.006991869918699156,1.0,0.008617886178861833,0.0029268292682926855,0.7464788732394374,0.011544715447154486,882,265953161.79109877,763000485.1395613,-497047323.3484625,1028953646.93066,0.4866723244759531,0.5249984951647824,0.0006334901381044155,0.0015277326451996077,0.49774799248656343,0.5110836263249646
SPY,2010,2010-08-12,2010-08-13,-0.00312989045383405,0.00312989045383405,0.18548492018669183,0.0,0.009103576405016245,0.013190896423594998,0.012032523402741652,0.01312080227753018,0.013689890145823676,0.01687409656096999,0.9635502026010849,23284430535.844,23.8710507568156,0.006129917657822559,-0.009103576405016245,-0.08822299709760625,0.2572368639389629,-0.00018468926031944832,0.0,0.0010157909317572988,0.006187090220703517,0.1410256410256416,0.007202881152460863,1856,1967695821.0309782,4021918068.614158,-2054222247.58318,5989613889.645136,0.45525986443499417,0.4967459329940973,0.0004602037938684308,0.0014706514412036555,0.48296800553263397,0.4980365800309631
IWM,2010,2010-08-13,2010-08-16,-0.007041100376616982,0.007041100376616982,0.2763369365466154,0.0,0.006991869918699156,0.011544715447154486,0.018513076486841657,0.017947940368371208,0.022632644722943747,0.025480127501627765,0.5100913122826993,4023308616.7125,22.11537044004969,0.011332361988020123,0.006991869918699156,-0.13271517237949956,0.25098436861657897,-0.015171503957783772,0.0,0.004287598944590965,0.02110817941952514,0.16883116883116622,0.025395778364116082,866,237916738.15615156,771870834.759077,-533954096.6029254,1009787572.9152285,0.44964646693313076,0.49297506700315885,-0.002048597281906004,-0.0010247424996087905,0.48148393863631794,0.49650162012836696
SPY,2010,2010-08-13,2010-08-16,-0.006832240790324184,0.006832240790324184,0.43349999106510007,0.0,0.00018468926031944832,0.007202881152460863,0.012124024004180226,0.011495664169471148,0.013181155825062314,0.01576064805338869,0.5464529247704886,22635011273.8155,23.842763715904255,0.002945779250667302,-0.00018468926031944832,-0.08313529951376415,0.25125753770307147,-0.006414427814446455,0.0,0.0036255461559913105,0.009668123082643865,0.27272727272726516,0.01329366923863524,1829,1902724378.3970325,3784492820.143112,-1881768441.7460797,5687217198.540145,0.4526700755958711,0.4926333913601762,-0.0002492959227113462,0.0007345825605844592,0.4741034127218747,0.48853473046780027
IWM,2010,2010-08-16,2010-08-17,0.010721247563352687,0.010721247563352687,0.41794877292286575,1.0,0.015171503957783772,0.025395778364116082,0.017567504719080678,0.01801290920472527,0.023402872832154496,0.02565206134803353,1.085156448366605,3985541761.3125,22.10593909008936,0.008023579498935618,0.015171503957783772,-0.12857363078683945,0.26807405725970207,0.006428801028608211,1.0,0.015027322404371546,0.005785920925747368,0.7220077220077208,0.020813243330118962,888,277992387.71424884,790427962.618772,-512435574.9045232,1068420350.3330209,0.4966296517512912,0.5271850180366229,-0.0022744272384820556,-0.0015816269166756096,0.4471478228545236,0.4571061666782248
SPY,2010,2010-08-16,2010-08-17,0.00859043044522445,0.00859043044522445,0.5450845960427984,1.0,0.006414427814446455,0.01329366923863524,0.01081861948615856,0.01143570679933624,0.013242282831115119,0.015759811426683496,1.0038804795347958,22433819491.066998,23.833835455915576,-0.00046163789123809806,0.006414427814446455,-0.09359378361371386,0.26811784107309067,0.003663339133620269,1.0,0.010990017400860808,0.0028390878285557974,0.7947019867549617,0.01382910522941666,1922,1957620600.9461327,4057286648.0221734,-2099666047.0760407,6014907248.968306,0.5019512312773494,0.535151745129769,-0.0007279648977220241,7.876649131885374e-05,0.44258382837168087,0.45417982261789236
IWM,2010,2010-08-18,2010-08-19,-0.003502626970227629,0.003502626970227629,0.1412611649888183,0.0,0.0041566746602719196,0.02382094324540371,0.011122845380766215,0.01751526458172173,0.022632644722943747,0.024795399149546045,1.0525037412554499,3918117831.78,22.0888772304882,-0.003034174385180499,-0.0041566746602719196,-0.08603865169937484,0.2905676580558172,0.02396548969483947,1.0,0.026362038664323517,0.0041875698993449895,0.8629255792061078,0.030549608563668354,819,400684373.4607108,737793948.90634,-337109575.4456292,1138478322.367051,0.4653787505451092,0.48621707746834975,-0.00023178328440724748,0.00022213336158074734,0.4837669951911616,0.49048818468407435
SPY,2010,2010-08-18,2010-08-19,-0.005191729665725564,0.005191729665725564,0.3458227083415265,0.0,0.0022822713164141195,0.01341975534051487,0.0070096723087863305,0.011044866802303115,0.013242282831115119,0.015012691591664743,1.0134019573258735,21565021445.5865,23.794338461508346,-0.0018249840313897536,-0.0022822713164141195,-0.05877432924450181,0.30334244975688995,0.012268815235304875,1.0,0.016388939754623633,0.0024720747115911657,0.8689320388349565,0.01886101446621487,1728,2637058381.8782167,3904528052.48586,-1267469670.6076431,6541586434.364077,0.45825817740247093,0.4834626304433744,0.00022666342499330335,0.0008326226610780247,0.4696175868957884,0.4785900863330832
IWM,2010,2010-08-19,2010-08-20,-0.0036012440661320477,0.0036012440661320477,0.14794548326336063,0.0,0.02396548969483947,0.030549608563668354,0.01751138631939208,0.016687798859972784,0.022632644722943747,0.024341696594558437,1.349802859437758,3933838723.13,22.09288156042728,0.027384174494507252,0.02396548969483947,-0.1290314049884863,0.26757635648954736,-0.004599967143091854,0.0,0.011992771480203612,0.005257105306390564,0.6952380952380977,0.017249876786594336,923,272506747.5545209,780095484.9980978,-507588737.4435769,1052602232.5526187,0.4382388542704948,0.47374978501727755,-0.00270840011094971,-0.0018777061314909742,0.4591298073308245,0.47157781973456636
SPY,2010,2010-08-19,2010-08-20,-0.0029662588060808126,0.0029662588060808126,0.20114011970247297,0.0,0.012268815235304875,0.01886101446621487,0.010686869195610144,0.010631645721471645,0.013242282831115119,0.014747226015717357,1.4243023432408146,21496211864.0955,23.79114256418868,0.017396848529010023,0.012268815235304875,-0.11653739714602424,0.31155156124653066,0.00027891409445890414,1.0,0.007530680550390523,0.003532911863146193,0.6806722689075617,0.01106359241353661,1847,2096032894.0019865,4601145473.143162,-2505112579.1411753,6697178367.145148,0.4248119516104836,0.47470192453987825,-0.0018355110400534065,-0.000611314089566232,0.45541096864890884,0.47375565297443706
IWM,2010,2010-08-20,2010-08-23,0.007358953393295176,0.007358953393295176,0.3132766947026012,1.0,0.004599967143091854,0.017249876786594336,0.016734932208468667,0.01552105696792664,0.02213178981607492,0.02349026760602525,0.7794162573361004,3889625067.6800003,22.081578606301747,0.0009821574725814575,0.004599967143091854,-0.13356655974858994,0.31845842182023804,-0.020779220779220786,0.0,0.0051948051948051965,0.021428571428571463,0.19512195121951198,0.026623376623376632,917,359580010.76195776,879103849.7638518,-519523839.001894,1238683860.5258095,0.4791647770537749,0.514262534399655,-0.001596737078009852,-0.0007942706028620178,0.46228316400001723,0.4747504496785977
SPY,2010,2010-08-20,2010-08-23,0.004742862456988739,0.004742862456988739,0.3259781582126391,1.0,0.00027891409445890414,0.01106359241353661,0.010698920284160566,0.010411666705852132,0.012846006297340814,0.014549632659421673,0.861247624939031,21397820427.780003,23.78655490461808,-0.003244345569150875,-0.00027891409445890414,-0.06403548639715334,0.2776782365307762,-0.008515364679748227,0.0,0.004905590522028769,0.008978156238430346,0.3533333333333248,0.013883746760459089,1978,2285744601.5281672,3655964440.4600034,-1370219838.9318361,5941709041.988171,0.4735752909050077,0.4946534969805417,-0.00028361311156392156,0.0002326536283865019,0.45639747377665224,0.46441830097959
IWM,2010,2010-08-23,2010-08-24,-0.01591511936339529,0.01591511936339529,0.6743670528017904,0.0,0.020779220779220786,0.026623376623376632,0.01705136568657508,0.014444935789579191,0.02213178981607492,0.023600084401028787,1.2029472918651773,3836639845.9800005,22.06786278036559,0.013573180703188803,0.020779220779220786,-0.096907666030199,0.1614623564639799,-0.004548517520215789,0.0,0.009433962264150941,0.016172506738544534,0.36842105263157804,0.025606469002695472,825,123836548.7815739,495636361.6539579,-371799812.872384,619472910.4355319,0.470906548816207,0.4853849670198133,-0.0027564650919406795,-0.0024194369345663623,0.4474968377248055,0.45274873794402337
SPY,2010,2010-08-23,2010-08-24,-0.01092233009708743,0.01092233009708743,0.7469705805912223,0.0,0.008515364679748227,0.013883746760459089,0.010730480226551313,0.010051101626560338,0.013242282831115119,0.014622169039699632,1.0484405851713676,21256319543.676003,23.779920078395744,0.0038128894262066115,0.008515364679748227,-0.07538073741614482,0.18999960619020317,0.00396413402548379,1.0,0.009249646059462102,0.004152902312411388,0.6901408450704312,0.013402548371873541,1956,1218187650.198026,2820504692.153534,-1602317041.955508,4038692342.3515596,0.49330853391582014,0.5212588518013547,-0.000489717066076735,0.00018720663355059793,0.4545117414241506,0.4650602242398404
IWM,2010,2010-08-24,2010-08-25,-0.008217340264967343,0.008217340264967343,0.34397255829219275,0.0,0.004548517520215789,0.025606469002695472,0.01231889256299967,0.014518741874315962,0.022632644722943747,0.0238895227740435,1.1313953502189262,3793261724.8300004,22.056492099336968,0.011438992042440255,-0.004548517520215789,-0.10184540724079671,0.16736621670723642,-0.023501859993236396,0.0,0.004227257355427838,0.02603990530943512,0.13966480446927543,0.030267162664863023,842,124268789.36446242,510595074.5007008,-386326285.13623834,634863863.8651632,0.4717331494831497,0.4964415002979446,-0.0003331057795156575,0.0002615016980437356,0.48640702256212726,0.495744742146409
SPY,2010,2010-08-24,2010-08-25,-0.005496067468966137,0.005496067468966137,0.3640538490390099,0.0,0.00396413402548379,0.013402548371873541,0.00822390202461515,0.010438942186452293,0.01334810880525439,0.015096853071253233,1.0040784479219798,21594481231.496,23.795703620449366,0.014843166542195751,0.00396413402548379,-0.08749657457437307,0.19026302650676724,-0.009433063363506466,0.0,0.006288708909004237,0.01324440209623634,0.32195121951219274,0.019533111005240564,2106,1109594108.7407608,2999037246.20725,-1889443137.4664893,4108631354.948011,0.4573308200827414,0.496126517368789,-0.00039604764409723265,0.000550230594295592,0.4744864285562793,0.48934678799052084
IWM,2010,2010-08-25,2010-08-26,0.0036362194551784466,0.0036362194551784466,0.15060178108306244,1.0,0.023501859993236396,0.030267162664863023,0.016045409200046105,0.01494431005512293,0.022632644722943747,0.024144597952483294,1.337323279509611,3792544611.9035006,22.056303032309206,0.015091396947845004,0.023501859993236396,-0.0952753043559778,0.19003152928702724,-0.011028806584362116,0.0,0.008724279835391036,0.014650205761316926,0.37323943661971987,0.023374485596707847,829,179683605.15328383,541019447.3360136,-361335842.1827297,720703052.4892974,0.46162607794739985,0.4714510190588385,-0.0021862720083815085,-0.001957814520601356,0.43732673881853923,0.44091444449085915
SPY,2010,2010-08-25,2010-08-26,0.004719652633566218,0.004719652633566218,0.303900319305535,1.0,0.009433063363506466,0.019533111005240564,0.008836357918192508,0.01050001605284695,0.013411151856194205,0.01553026546451627,1.4564827253237618,22133554817.399002,23.82036061152082,0.003885151141855392,0.009433063363506466,-0.08427261070064636,0.204657492598913,-0.011367906801954097,0.0,0.001315295001879102,0.01465614430665163,0.08235294117647689,0.015971439308530656,2008,1332272691.340695,3197525139.888777,-1865252448.5480819,4529797831.229471,0.47642321720214226,0.501234014510563,-0.0013240742287439471,-0.000724495364456481,0.43724142055017023,0.44665723140105956
IWM,2010,2010-08-26,2010-08-27,0.011484687083888279,0.011484687083888279,0.48352598712515643,1.0,0.011028806584362116,0.023374485596707847,0.01167730281658733,0.014966995924262639,0.022632644722943747,0.023751954165217533,1.0327774717822553,3811169005.9035006,22.0612018047201,-0.007432690290253285,-0.011028806584362116,-0.09520610038588614,0.1899166047628446,0.014480829356590341,1.0,0.016949152542372836,0.01991114036531183,0.45982142857142794,0.036860292907684625,923,180478869.407476,543325408.3711026,-362846538.96362656,723804277.7785785,0.5344096204929528,0.5477240556499531,0.0011417745065193823,0.0014424510239162908,0.46966456124318573,0.4743448721065546
SPY,2010,2010-08-26,2010-08-27,0.006271975672336838,0.006271975672336838,0.4114023843712519,1.0,0.011367906801954097,0.015971439308530656,0.006767678311638232,0.010532432692064943,0.013411151856194205,0.01524535566783923,1.1909073493306193,22099869025.1345,23.818837518988055,-0.006701906739663865,-0.011367906801954097,-0.08606547146991946,0.2102290840437633,0.00916044952308992,1.0,0.010199263386533097,0.014921144584002288,0.40601503759398233,0.02512040797053543,2045,1371999787.784746,3274035434.8564157,-1902035647.0716698,4646035222.641162,0.5273183856617767,0.5555936746136715,0.0019412009657155263,0.002623348655285276,0.4607007699930555,0.4713190359938579
IWM,2010,2010-08-27,2010-08-30,-0.0048661800486617945,0.0048661800486617945,0.20076003685272878,0.0,0.014480829356590341,0.036860292907684625,0.017787195138658365,0.016384094019574063,0.022632644722943747,0.024238788381133195,1.6286339205562512,3813830399.9035006,22.061899875360222,-0.02613182423435423,-0.014480829356590341,-0.08836945918978568,0.19248413092251654,0.017114914425427896,1.0,0.01760391198044009,0.0050529747351262255,0.7769784172661903,0.022656886715566316,925,198537850.0651313,535563979.9461677,-337026129.8810364,734101830.011299,0.46198236425975203,0.4762819980213112,0.0004536362252991902,0.0007718905673284029,0.46397285408851774,0.46884910270442254
SPY,2010,2010-08-27,2010-08-30,-0.0026202507954332654,0.0026202507954332654,0.16735378900710482,0.0,0.00916044952308992,0.02512040797053543,0.011485261615937518,0.011255856037596193,0.013411151856194205,0.015656955309939387,1.8730984661047645,22342484586.370502,23.829755841340226,-0.015489879311983312,-0.00916044952308992,-0.07622622900531216,0.20601733615229356,0.01191593169450178,1.0,0.012009757928316822,0.003096265715894164,0.795031055900622,0.015106023644210917,2247,1449927905.4396973,3153011252.0680323,-1703083346.628335,4602939157.50773,0.4361020501252847,0.4594187090890472,-0.000782620361242312,-0.0002122928319453557,0.44907294315028123,0.4578114219644726
SPY,2010,2010-08-30,2010-08-31,-0.0037033520083562532,0.0037033520083562532,0.24364778800173914,0.0,0.01191593169450178,0.015106023644210917,0.012990848921723575,0.01007076958034612,0.013624430284965766,0.015199612681605051,1.108745344080923,22160888671.988503,23.821594800547967,0.0145049597604342,0.01191593169450178,-0.0861377671942811,0.21028214322444724,-0.003717117804041159,0.0,0.004098360655737765,0.010102935569958005,0.28859060402684983,0.014201296225695855,1999,1375574848.228995,3284464317.475122,-1908889469.246127,4660039165.704117,0.41959495168398786,0.45088080871436664,-0.0015607646886579797,-0.0007773164322653278,0.45650978158695366,0.46862146329818416
IWM,2010,2010-08-31,2010-09-01,0.017447657028913266,0.017447657028913266,0.723107127024169,1.0,0.0004987531172069293,0.020448877805486234,0.018905880016052107,0.016211231592198085,0.02274997170618086,0.024128730552990522,0.8988528895590032,3791248211.7735,22.055961145294948,-0.0019900497512437276,0.0004987531172069293,-0.09736932490094782,0.19692178466496266,0.02090478523599537,1.0,0.02155805977462033,0.003429691327780371,0.8627450980392204,0.024987751102400688,965,188714042.52898723,557865321.4412986,-369151278.9123114,746579363.9702859,0.507727097171409,0.5211292251943993,-0.002233527814424789,-0.001942578190907123,0.4550518343461401,0.45950968334321535
SPY,2010,2010-08-31,2010-09-01,0.013483999620168996,0.013483999620168996,0.8699858740494859,1.0,0.003717117804041159,0.014201296225695855,0.011287925489585638,0.010092000351082405,0.013856425994937874,0.015499101792774635,1.024888829982852,22779771850.9955,23.84913877959464,0.0,0.003717117804041159,-0.09830247675506582,0.22856455508854293,0.01620912583153733,1.0,0.017614541366063774,0.0006558605827789998,0.9641025641025626,0.018270401948842902,2264,1483670212.6365561,3722978205.5047436,-2239307992.8681874,5206648418.1413,0.5405645115986099,0.5723654185410418,-0.00033335277625229495,0.0004282152604606123,0.4402182849801391,0.45188681806713604
IWM,2010,2010-09-02,2010-09-03,0.015189873417721378,0.015189873417721378,0.5913653922148031,1.0,0.011361817890862547,0.017695631301008194,0.023698218806193563,0.018726223938193263,0.023108771146751625,0.0256861047631342,0.7657538857705832,3871855125.1735,22.076999589641506,0.011038233882578963,0.011361817890862547,-0.07277094677947052,0.22212476618545934,0.0026496259351620477,1.0,0.005766832917705855,0.008572319201994971,0.4021739130434844,0.014339152119700776,1020,289138175.5656576,570896738.8174785,-281758563.2518209,860034914.3831362,0.4909238378988424,0.49083818157914777,-0.003169073943473029,-0.0032029257643297155,0.45460619218223375,0.4540780042977381
SPY,2010,2010-09-02,2010-09-03,0.009774367406595541,0.009774367406595541,0.5844673135726713,1.0,0.006898454746136817,0.00919793966151582,0.016646371632055505,0.012616280195162663,0.014036315314255723,0.01672354839973479,0.6552958846809392,23399776351.612,23.875992301640974,0.009312188825373546,0.006898454746136817,-0.03655603813172094,0.2520184971501507,0.0031662746517098217,1.0,0.004070924552198152,0.005337434412882258,0.4326923076922968,0.009408358965080441,2281,2520886676.5998106,3376289793.1830807,-855403116.5832701,5897176469.782891,0.49689359174161707,0.4990602083696247,-0.0010421646735948764,-0.0009856852465548668,0.4530262579092252,0.45390750294511517
IWM,2010,2010-09-03,2010-09-07,-0.003108969376651727,0.003108969376651727,0.12209228126885249,0.0,0.0026496259351620477,0.014339152119700776,0.02259013730766307,0.019190025043724898,0.02274997170618086,0.02546409440745596,0.6302931847517429,3835561276.7235003,22.067581617438197,-0.017879746835443022,-0.0026496259351620477,-0.06231386055471609,0.2224800160754094,0.01590519257757672,1.0,0.019023857788866394,0.0001559332605645114,0.9918699186991853,0.019179791049430905,985,307163551.9784226,546172182.5252396,-239008630.546817,853335734.5036621,0.4251079847661621,0.43038917708997787,-0.0017087641088033914,-0.0016087964700500753,0.4753161445526637,0.4768759308256946
SPY,2010,2010-09-03,2010-09-07,-0.004689331770222682,0.004689331770222682,0.2831263008396908,0.0,0.0031662746517098217,0.009408358965080441,0.016400969043615706,0.012999153842541746,0.013856425994937874,0.016562685120792904,0.6789888654200996,23229372046.590496,23.868683351361227,-0.012971590390061127,-0.0031662746517098217,-0.03192632604684731,0.23446372925301331,0.00661411615475227,1.0,0.007429555132735466,0.0012684606324182557,0.8541666666666662,0.008698015765153647,2155,2352408346.21317,3094036852.036139,-741628505.822969,5446445198.24931,0.43126064005343023,0.4392403237918372,-0.0004822845004178655,-0.00027871666629769847,0.466423826372002,0.46960007737933857
IWM,2010,2010-09-08,2010-09-09,0.015280403276622723,0.015280403276622723,0.6114999766097127,1.0,0.0034777110338286565,0.012092949731267793,0.02085549114324185,0.019067803450408205,0.02274997170618086,0.024988395521027756,0.5315588910373151,3867704141.9235,22.075926922967664,0.005862779274282914,0.0034777110338286565,-0.08280737692807,0.23962527731715477,-0.014429790535298692,0.0,0.00046547711404199,0.021877424359968978,0.02083333333333758,0.022342901474010936,987,303262621.431305,623537056.1578218,-320274434.7265168,926799677.5891268,0.5149475446143124,0.5232294021437629,-0.0022457157133677842,-0.0020988373146929055,0.4722734462711043,0.47457980266689487
SPY,2010,2010-09-08,2010-09-09,0.011230866769314396,0.011230866769314396,0.6757758259633327,1.0,0.0050063717458583845,0.009466593846713927,0.01471660651881326,0.013225758934223198,0.013624430284965766,0.01661921947756056,0.6948249320311094,22788676339.6545,23.849529597764928,0.0070229843122946445,0.0050063717458583845,-0.04418689879458027,0.26846816126127493,-0.006538289296910027,0.0,0.0002686968204210771,0.009225257501119577,0.028301886792464967,0.009493954321540548,2255,2555536549.701303,3562497484.7840624,-1006960935.0827594,6118034034.485365,0.5256574506548739,0.534138519644632,-0.0006953817900565958,-0.000492023681923838,0.4575285431413498,0.4607217715368067
IWM,2010,2010-09-09,2010-09-10,0.0037783375314861534,0.0037783375314861534,0.15726208661944355,1.0,0.014429790535298692,0.022342901474010936,0.013980899952007278,0.01676606733116626,0.02274997170618086,0.02402573698916575,0.9821067807280248,3763159408.3235,22.04852470969169,0.000630119722747402,-0.014429790535298692,-0.0804298684781793,0.2619614804273638,-0.0006273525721455231,0.0,0.005489335006273466,0.006430363864491806,0.46052631578947245,0.01191969887076534,987,341566196.70735216,644236612.9812343,-302670416.27388215,985802809.6885865,0.519216615045595,0.5270599576700256,0.0016752160591815704,0.0018430215085494597,0.483865061160483,0.4864778613623494
IWM,2010,2010-09-10,2010-09-13,0.011377903327055794,0.011377903327055794,0.4840744221441096,1.0,0.0006273525721455231,0.01191969887076534,0.013317148710027907,0.016704453507326328,0.022499894094788628,0.023504450569108104,0.5297668878150921,3717314311.6235,22.036267285252396,0.0031486146095718315,-0.0006273525721455231,-0.07955548720277263,0.2580981764067133,0.012801613779191534,1.0,0.016060206377531472,0.0019396384513926668,0.892241379310346,0.01799984482892406,876,331849646.90677756,627582398.0538244,-295732751.14704686,959432044.960602,0.5158310780475869,0.5242339139824264,-0.0005770630849887149,-0.0004144765163690018,0.47778277636440397,0.48031473929004065
SPY,2010,2010-09-10,2010-09-13,0.009867240760674578,0.009867240760674578,0.6449256994446212,1.0,0.003239740820734305,0.006659467242620544,0.008997773263332013,0.011601878558136722,0.013411151856194205,0.015299810147388713,0.49656191459384136,21521195168.946,23.792304108288267,0.005048683736025961,0.003239740820734305,-0.032944496180118465,0.2804524724672962,0.0012435601350151426,1.0,0.0032865517853970516,0.003997157576834276,0.45121951219512046,0.007283709362231368,2209,2663333731.7736053,3372338663.808531,-709004932.0349255,6035672395.582136,0.5313130652361701,0.5372826805454328,0.0008163480432334101,0.0009652492198560379,0.4632805098821983,0.46559935000529606
IWM,2010,2010-09-14,2010-09-15,-0.002769656870287629,0.002769656870287629,0.11718017457657606,0.0,0.0021495470597266975,0.013204360509749723,0.010939120021244243,0.017187865792307272,0.021578072402064948,0.023635882778768914,0.6119342017077536,3729797955.2735,22.039619901648027,0.004289872835912423,0.0021495470597266975,-0.06122822670182574,0.27674663353279805,-0.008447770405801469,0.0,0.007406264465360302,0.011726585403486922,0.3870967741935529,0.01913284986884732,957,401920056.5609814,630288971.3184733,-228368914.75749195,1032209027.8794547,0.45554632820615026,0.46409126428464326,-0.0006263602777334077,-0.00045619410880426165,0.4976806933618964,0.5003371790829904
SPY,2010,2010-09-14,2010-09-15,-0.0029294274300932788,0.0029294274300932788,0.1892799660765512,0.0,0.0013333333333334085,0.010755555555555626,0.004253406686529714,0.01175449655526189,0.013411151856194205,0.015476690379945016,0.8019859644336187,22046350273.8035,23.816412904676817,0.0006210078069551761,-0.0013333333333334085,-0.01384906791763356,0.2841515663803177,-0.00676638176638189,0.0,0.0030270655270654423,0.007923789173789109,0.27642276422763834,0.01095085470085461,2233,2979591780.4962835,3284913182.7741275,-305321402.27784395,6264504963.270411,0.45816707048244104,0.4613211857936916,0.0008434802605959985,0.0009281581223754692,0.4859088520301224,0.48723076890775746
SPY,2010,2010-09-15,2010-09-16,-0.0030951538733638984,0.0030951538733638984,0.2058100456577737,0.0,0.00676638176638189,0.01095085470085461,0.004196102463292825,0.01151670405857544,0.012233070392705075,0.015038886286972603,0.8951844753043285,22055438778.972,23.81682506506724,-0.0038171327119396192,-0.00676638176638189,-0.008697775863476252,0.2941712514281598,-0.002838641000620923,0.0,0.003370886188237443,0.0034595937195067705,0.4935064935064992,0.006830479907744258,2196,3148121381.6686187,3339954644.7387395,-191833263.0701208,6488076026.407358,0.465913994449133,0.46532686727344846,0.0012955333897219665,0.0012977772764031495,0.4833432575126195,0.48337827124474164
IWM,2010,2010-09-16,2010-09-17,0.007083461656914203,0.007083461656914203,0.30952422189698725,1.0,0.003987730061349781,0.01564417177914104,0.01216558432223256,0.016979711959334384,0.01981433442745857,0.02288499947920602,0.7895380910428893,3741778586.611,22.042826893248403,-0.006387943235282911,-0.003987730061349781,-0.08403196983654229,0.31233965112960016,-0.002905198776758544,0.0,0.0018348623853210455,0.01712538226299698,0.09677419354838426,0.018960244648317963,989,427138396.51058644,741567421.8357018,-314429025.3251154,1168705818.3462882,0.5092454444113259,0.5224541238818962,-0.0006390023019474818,-0.00035744050335670494,0.47550937333187837,0.479902931304802
IWM,2010,2010-09-17,2010-09-20,0.003220364974697354,0.003220364974697354,0.14429712213298637,1.0,0.002905198776758544,0.018960244648317963,0.012146120421092803,0.015528711236135114,0.019156320459139113,0.022317596685881357,0.9897644325151386,3670623167.261,22.02362728494204,0.004157684016014684,-0.002905198776758544,-0.13626023326784847,0.31887153041717803,0.024495567104860783,1.0,0.02720880464689701,0.0068786303882605315,0.7982062780269046,0.0340874350351575,872,335148628.9599559,835308597.9693085,-500159969.0093526,1170457226.9292643,0.4762200484238413,0.5176412094515543,-0.0013197918490489512,-0.0003458426383346584,0.47225783637745467,0.48733786703577164
SPY,2010,2010-09-17,2010-09-20,0.003466974842208259,0.003466974842208259,0.24653331257950153,1.0,0.0048655343241331694,0.008581033262561915,0.006056479738913182,0.0107594321248888,0.010853205128205118,0.014062906168472614,0.7906450823694171,21850072501.642498,23.80747007663548,-0.004953560371517063,-0.0048655343241331694,-0.07669933652761492,0.27991466730965553,0.011782423812898735,1.0,0.013997165131112599,0.003189227498228253,0.8144329896907185,0.017186392629340873,2132,2220134855.516425,3896020919.4726877,-1675886063.9562626,6116155774.989113,0.4879313386603473,0.5182634754748524,0.0006714897131982695,0.001411857931252247,0.46365291094085737,0.47511631714713104
IWM,2010,2010-09-21,2010-09-22,-0.0027014858171993117,0.0027014858171993117,0.12007393012377533,0.0,0.005819158460161122,0.013428827215756577,0.01385874010943156,0.016075709303629577,0.019156320459139113,0.02249852082308416,0.7010128716733771,3760807135.7985,22.04789943508744,0.00585624230668802,0.005819158460161122,-0.05488134914934047,0.22486250592332183,0.009179834462001546,1.0,0.01685477802859303,0.006772009029345494,0.7133757961783416,0.02362678705793841,926,319633173.6734363,526031343.1765249,-206398169.5030886,845664516.8499612,0.42952361812768985,0.43181425233137904,-0.002010634215021683,-0.001961821912826384,0.48430482923017604,0.4850641353712686
IWM,2010,2010-09-22,2010-09-23,-0.010479951397326825,0.010479951397326825,0.46750597456555526,0.0,0.009179834462001546,0.02362678705793841,0.015757430985897925,0.016098584539954348,0.019156320459139113,0.022416721854871806,1.233367707975804,3740363762.4485,22.042448706329907,0.011856521086597516,0.009179834462001546,-0.07243603111914713,0.2460959452414622,0.0041442824251728405,1.0,0.007521105141980233,0.015502686108979091,0.3266666666666748,0.02302379125095932,931,324775624.8865129,595712730.7801627,-270937105.8936498,920488355.6666756,0.4621870352096566,0.4692263102172262,-0.0031329158131434736,-0.002981447416259583,0.4709437253295448,0.4733003785500907
SPY,2010,2010-09-22,2010-09-23,-0.00819961206136488,0.00819961206136488,0.5917709624814951,0.0,0.0033391915641476366,0.011775043936731138,0.008435295815436354,0.01036256226312209,0.010853205128205118,0.013856056787546898,1.0849370114760257,22208184624.564003,23.823726734662223,0.004913142656606473,0.0033391915641476366,-0.051505463835048934,0.22931713025175976,-8.889679082590973e-05,0.0,0.0027558005156013143,0.010489821317450465,0.20805369127516307,0.013245621833051781,2222,1974437158.0918503,3118280008.1144214,-1143842850.022571,5092717166.206272,0.48504533296706087,0.5012926211944646,-0.0010370725553337729,-0.0006263725758019721,0.4667381086366161,0.4731280714892876
IWM,2010,2010-09-23,2010-09-24,0.01402589395807663,0.01402589395807663,0.6359529302066729,1.0,0.0041442824251728405,0.02302379125095932,0.017155810683781293,0.016490643851129732,0.019156320459139113,0.022054924652235623,1.2018900654783686,3750070438.925,22.045040460465653,-0.014580801944107047,-0.0041442824251728405,-0.0956856155693616,0.2574765563476455,0.01823985408116724,1.0,0.019303845569235367,0.0015199878400974365,0.9270072992700658,0.020823833409332793,956,303363712.1492539,662191510.5262586,-358827798.3770047,965555222.6755126,0.5267796793538018,0.5401855669787098,-0.001833149242314256,-0.0015608654444516003,0.4575067930730951,0.46169583518657625
SPY,2010,2010-09-23,2010-09-24,0.011111111111111072,0.011111111111111072,0.8205156696032521,1.0,8.889679082590973e-05,0.013245621833051781,0.009326014841057623,0.010690985527314739,0.010853205128205118,0.01354161964570851,1.2204341184549523,21903425030.746,23.809908855638575,-0.008111444189737305,8.889679082590973e-05,-0.06383517786936341,0.24412147148414823,0.009406593406593444,1.0,0.010109890109890163,0.0008791208791207872,0.920000000000008,0.01098901098901099,2207,1974443658.1312501,3372652690.9171877,-1398209032.7859375,5347096349.048438,0.5545116678981413,0.5690318053261951,-0.0006657620348599234,-0.000319349665761302,0.44557152298758385,0.4509010211588885
SPY,2010,2010-09-28,2010-09-29,-0.00252899625010905,0.00252899625010905,0.19507805416469629,0.0,0.0021849327040726063,0.01625589931830099,0.011645286978144974,0.010136112275002955,0.010124754938548086,0.01296402232910281,1.6055597806530342,21526775426.026497,23.792563365904115,-0.00350048131618097,-0.0021849327040726063,-0.036747836248872054,0.2651905009871986,-0.0007868508480504133,0.0,0.003147403392201431,0.0046336772162964834,0.40449438202247545,0.007781080608497994,2135,2458816970.772509,3249879389.0943737,-791062418.3218646,5708696359.866882,0.4152858752331903,0.41836877777039794,-0.0026291596048840238,-0.0025314125830919933,0.4588262186130225,0.46034705680182886
IWM,2010,2010-09-29,2010-09-30,0.007388798581350775,0.007388798581350775,0.35087481308726254,1.0,0.004303947758979021,0.012318195310181038,0.017495028501741366,0.015652954483388763,0.018480044738621013,0.0210582187884577,0.6665673965841398,3800055638.925,22.05828154539393,0.002815649081209237,0.004303947758979021,-0.030151219964183774,0.25757513342244476,-0.009828370250843488,0.0,0.0055742995452543465,0.017896435382132925,0.23749999999999444,0.02347073492738733,913,432111762.38172793,546688075.8270925,-114576313.4453646,978799838.2088205,0.48440218936898993,0.46200241404983616,-0.0022563667590147166,-0.002840168501460129,0.47099927484591453,0.4619212846367175
SPY,2010,2010-09-29,2010-09-30,0.005066829737049083,0.005066829737049083,0.4007091403166453,1.0,0.0007868508480504133,0.007781080608497994,0.011306516910626398,0.010182586329285181,0.009480274084127237,0.012644657252003816,0.8207653638965785,21113855456.795998,23.773195318643936,-0.0017441353449028085,0.0007868508480504133,-0.04602492047010298,0.2940425715799059,-0.007996523250760501,0.0,0.006431986093003106,0.01269013472403302,0.33636363636363875,0.019122120817036098,2101,2618304418.133219,3590067936.3495045,-971763518.2162857,6208372354.482723,0.4822963215142893,0.49306485511968473,-0.0009903998101039322,-0.0007128728413519315,0.4596189104467933,0.46393439449205437
IWM,2010,2010-09-30,2010-10-01,0.009481481481481424,0.009481481481481424,0.4677285449732463,1.0,0.009828370250843488,0.02347073492738733,0.014605248990171543,0.013711554937274946,0.018480044738621013,0.02027133383963931,1.2700583391086921,3880581346.325,22.079250810885032,-0.0025121915176592458,-0.009828370250843488,-0.021284989572850306,0.17973639476084075,-0.004109186968007106,0.0,0.0017610801291458866,0.013061344291165233,0.11881188118811956,0.0148224244203112,878,307441783.63575,390039917.128875,-82598133.49312502,697481700.7646251,0.5215653666733254,0.4879910766162048,-0.0005507808846484121,-0.0013926996244546554,0.47008590855263477,0.45693406772542605
SPY,2010,2010-09-30,2010-10-01,0.00753526680101646,0.00753526680101646,0.6259148507210341,1.0,0.007996523250760501,0.019122120817036098,0.010363397616678061,0.00829742964284423,0.009480274084127237,0.012038804946609064,2.017043035607182,21300325584.0125,23.781988195179355,-0.002970210535511497,-0.007996523250760501,-0.06158442058666345,0.23869974001141356,-0.0033046351856682588,0.0,0.0011305330898339072,0.00921819288633785,0.1092436974789933,0.010348725976171822,2073,1886306984.8317752,3198075194.2304688,-1311768209.3986936,5084382179.062244,0.5295325307850004,0.5314033233344031,-0.001502883387741296,-0.0014256416439898233,0.43891131735192157,0.4401179315665775
IWM,2010,2010-10-01,2010-10-04,-0.0026525198938991412,0.0026525198938991412,0.1317368793922915,0.0,0.004109186968007106,0.0148224244203112,0.005315231044024855,0.013615029995524622,0.018480044738621013,0.020134983507544293,0.8020773017575094,3945340429.825,22.09580108151987,-0.005333333333333412,0.004109186968007106,-0.02264205295682943,0.17930420146818551,0.010933806146572245,1.0,0.01773049645390079,0.00620567375886516,0.7407407407407444,0.02393617021276581,899,309042754.17255074,398373361.1173686,-89330606.94481784,707416115.2899194,0.453059693973754,0.43437536048769887,-0.0005183008078813579,-0.0010190755019321863,0.48860495858950004,0.4806562158384601
IWM,2010,2010-10-04,2010-10-05,0.011054675829100802,0.011054675829100802,0.5451990783146665,1.0,0.010933806146572245,0.02393617021276581,0.008989985997522822,0.013700273522389256,0.019046547258582642,0.020276402269925515,1.2567196504332214,3966538162.775,22.10115955193195,-0.013557323902151475,-0.010933806146572245,-0.04097330089186599,0.1970160463379147,0.017139479905437405,1.0,0.019651300236406488,0.006353427895981145,0.7556818181818152,0.02600472813238778,883,309474752.4179685,471996914.0604179,-162522161.64244938,781471666.4783864,0.5541145026256997,0.5327307455623115,0.0009615299181124962,0.0003933911750266762,0.47148912421167655,0.4624935400272686
SPY,2010,2010-10-04,2010-10-05,0.009230769230769154,0.009230769230769154,0.7616388534410817,1.0,0.005421002011016918,0.014601731223222763,0.004848710865778296,0.008034728695936922,0.010552140765863725,0.012119614419701108,1.383769563656647,21215062340.9135,23.77797725412636,-0.007503708227903361,-0.005421002011016918,-0.07013147398813498,0.25015843046798636,0.010801393728222974,1.0,0.013240418118466879,0.0011324041811846541,0.921212121212122,0.014372822299651493,2179,1909641552.3824844,3397485145.1009216,-1487843592.7184372,5307126697.483406,0.5626392401662891,0.5778692589519742,0.0009726162578871298,0.0013605522478168657,0.45057663418462124,0.45671899095582175
IWM,2010,2010-10-06,2010-10-07,0.005975805276198676,0.005975805276198676,0.2896962274231475,1.0,0.0024716487350974203,0.012212852573422556,0.015767175396808764,0.014063136015785491,0.019046547258582642,0.020627832572600473,0.6412108403489915,4040822434.475,22.11971408109117,-0.0033410807669960185,-0.0024716487350974203,-0.020289909486971906,0.20141556121852755,-0.008838017965806966,0.0,0.000869313242538361,0.01593740944653721,0.05172413793103266,0.01680672268907558,888,365948298.4878878,447936219.936311,-81987921.4484232,813884518.4241989,0.4806121047858756,0.4496453052712985,-0.0011856888555593025,-0.0019696534420192025,0.4738036904694784,0.46129603714242523
SPY,2010,2010-10-06,2010-10-07,0.004050676549168353,0.004050676549168353,0.32600864695182713,1.0,8.619203585591428e-05,0.006636786760903258,0.010608387968914031,0.008468484133315371,0.010853205128205118,0.012425058620506172,0.6115047750876553,21802095922.711998,23.805271945363657,-8.617718028269827e-05,8.619203585591428e-05,-0.028763081195749947,0.2550073896010955,-0.0052360515021459,0.0,0.0002575107296136636,0.011244635193133012,0.02238805970148663,0.01150214592274681,2190,2466300056.9104896,3093395512.1729836,-627095455.2624941,5559695569.083473,0.46348417446884604,0.4630304527369076,-0.0001609112928842851,-0.0001487201809700781,0.46207254231494393,0.46226704370458294
IWM,2010,2010-10-11,2010-10-12,-0.0025959042399770205,0.0025959042399770205,0.12988209794915812,0.0,0.0,0.010383616959907685,0.01353438726513906,0.013475944752966384,0.019046547258582642,0.019986620796602607,0.5451705665565543,4000656712.225,22.10972436264681,-0.0008660508083140339,-0.0,-0.007293427127270008,0.22235540765737682,-0.005205320994794649,0.0,0.010844418739155537,0.00954308849045682,0.5319148936170227,0.020387507229612443,874,430194577.97608703,459373076.1679237,-29178498.191836655,889567654.1440108,0.4234834501016108,0.39340728783921824,-0.0013546413104297836,-0.002125664941406361,0.48976925444411745,0.47726653164954147
SPY,2010,2010-10-11,2010-10-12,-0.0032576082297471887,0.0032576082297471887,0.26521938238885856,0.0,0.0005997258396160943,0.006168608636052081,0.008805627734815089,0.008245378212248135,0.010969932844932799,0.01228269291786133,0.5623196352474908,21865145665.481,23.808159683828023,-0.00094388192895134,0.0005997258396160943,-0.018642313268911703,0.2521262261195718,-0.006364496430721678,0.0,0.005332415928442358,0.009288724520512659,0.36470588235293705,0.014621140448954921,2156,2552579882.513077,2960196777.6793604,-407616895.1662836,5512776660.192437,0.4223065478642235,0.4232586965925344,-3.601002791578855e-05,2.0424989276369813e-05,0.47557370310215213,0.47648883896506594
IWM,2010,2010-10-12,2010-10-13,0.0067606444188721415,0.0067606444188721415,0.33230742702064225,1.0,0.005205320994794649,0.020387507229612443,0.006503612410526812,0.013364319928960951,0.01976017854922988,0.02034454805745941,1.0317471159898508,3996921122.625,22.10879018233652,0.0025959042399767984,0.005205320994794649,-0.0004877387270196447,0.23193174628508653,0.008429775682240459,1.0,0.016482354622089135,0.0031433061865980827,0.8398369248689598,0.019625660808687106,787,462531721.25690883,464481174.4772559,-1949453.2203470469,927012895.7341647,0.5113480159877294,0.46837665348706703,-0.0003875922956510045,-0.0014595495538117856,0.47190187520366816,0.45461710580080794
SPY,2010,2010-10-12,2010-10-13,0.005555080762327913,0.005555080762327913,0.4453098961944858,1.0,0.006364496430721678,0.014621140448954921,0.0027113429066974275,0.008230998156455817,0.0112455784558789,0.012474640266924974,1.3001679287837224,21749364990.927498,23.802850398235474,0.0030861551650236407,0.006364496430721678,-0.013316304705504354,0.2586698835965293,0.0022097569267380823,1.0,0.007564167941526367,0.002379738228794892,0.7606837606837545,0.00994390617032128,1937,2668142269.5656133,2957763440.936033,-289621171.3704195,5625905710.501646,0.510214412396033,0.4948030566881429,-1.284988848448054e-05,-0.00036621939448964764,0.4505440642871184,0.4448461594697363
IWM,2010,2010-10-14,2010-10-15,0.008648801928257566,0.008648801928257566,0.4212993821425665,1.0,0.0014158289678606328,0.015007787059323267,0.007305537691874254,0.013448526980826795,0.020006584019149773,0.02052887399044615,0.7501424053680633,4074970234.2375,22.128129279130963,-0.0007084159818645519,-0.0014158289678606328,-0.010564421025381698,0.22722991867737136,-0.011948271014900147,0.0,0.0015462468372222649,0.017570986786617948,0.08088235294117097,0.019117233623840307,899,441452726.8590565,484502428.0794397,-43049701.22038323,925955154.9384961,0.5265205434551348,0.49073094680105017,0.00025196189281696075,-0.000647710328954546,0.4823386568572752,0.4681774771508528
SPY,2010,2010-10-14,2010-10-15,0.006981099948918823,0.006981099948918823,0.5456849603199057,1.0,0.002970885323826611,0.010949834479246297,0.0045012098950580155,0.008420021741742199,0.0112455784558789,0.01279327900997341,0.9737013104489974,22087443456.556,23.81827511461412,-0.003900949796472264,-0.002970885323826611,-0.05092601464405263,0.3133839749288387,-0.004903618532296261,0.0,0.000591816029759773,0.012850862360500481,0.04402515723269604,0.013442678390260308,2224,2898512678.756616,4023338147.6748714,-1124825468.9182553,6921850826.431488,0.5307320655948862,0.5401801806198738,0.0011675180491452684,0.001410076087393308,0.4623674800247992,0.4661854349263125
IWM,2010,2010-10-15,2010-10-18,0.003841229193341844,0.003841229193341844,0.1870278365266483,1.0,0.011948271014900147,0.019117233623840307,0.007235884482886097,0.013556265442382715,0.020006584019149773,0.020538275289275102,0.955547114167106,4136975618.2875,22.143230830835076,-0.0034028073160357053,-0.011948271014900147,0.006198542728594261,0.26541033451369883,0.0045351473922901064,1.0,0.006660997732426344,0.00425170068027203,0.6103896103896163,0.010912698412698357,898,561819651.4309045,536176431.2937968,25643220.13710773,1097996082.7247014,0.5197815931069284,0.4732273663653711,0.0017987080132576697,0.0006410554173560071,0.4844884592767559,0.4661222990026198
IWM,2010,2010-10-18,2010-10-19,-0.011851015801354281,0.011851015801354281,0.6116291652896291,0.0,0.0045351473922901064,0.010912698412698357,0.007480776107507134,0.012396780252104467,0.01937144721626371,0.019376145667844968,0.5633393463517982,4041351566.1,22.11984501903577,-0.008393797126191371,-0.0045351473922901064,-0.021650382012533248,0.14450643036597452,0.007709880068532349,1.0,0.015562535693889212,0.010279840091376391,0.6022099447513805,0.025842375785265593,872,248252241.7090186,335749046.9620331,-87496805.2530145,584001288.6710517,0.5149653675008232,0.4906636337812481,0.00088583060044396,0.0002490911299051577,0.4950646963387342,0.48503156684507076
SPY,2010,2010-10-18,2010-10-19,-0.009215421034832638,0.009215421034832638,0.723163916691723,0.0,0.004586376762357736,0.011550874808900964,0.0043259539345152165,0.007710954197096493,0.011526510365823887,0.012743198080167866,1.002113774447236,22030818043.199,23.81570813021691,-0.004927782497875954,-0.004586376762357736,-0.02295142580781921,0.19111901023814354,0.0039252495946752175,1.0,0.009983787012543766,0.005631879853229771,0.6393442622950838,0.015615666865773516,2048,1852434726.6743903,2358073412.478437,-505638685.80404663,4210508139.1528273,0.5220802009660143,0.5201631055167264,0.00160888646099883,0.0015887657667298149,0.4732871076788837,0.47297006508855616
IWM,2010,2010-10-19,2010-10-20,0.004892086330935408,0.004892086330935408,0.2437975255095514,1.0,0.007709880068532349,0.025842375785265593,0.013172718281398375,0.013246009132024462,0.020006584019149773,0.020066185334369803,1.2916935625057209,4049470928.8,22.121852074667185,-0.019469525959367906,-0.007709880068532349,-0.0321452076720055,0.1564446903986069,0.005297823596792428,1.0,0.011311569301259983,0.005906357388316241,0.6569646569646528,0.017217926689576182,886,251673570.88312504,381844654.85115004,-130171083.968025,633518225.7342751,0.49670336815702226,0.46858537766111247,0.00015516311500135462,-0.0005786284723494437,0.46586714096678167,0.4543064466886656
IWM,2010,2010-10-20,2010-10-21,0.004985044865403854,0.004985044865403854,0.2523671444780253,1.0,0.005297823596792428,0.017217926689576182,0.011842929683704057,0.012929509505578357,0.01937144721626371,0.0197531452666491,0.888830168306708,4024731642.6,22.115724072948254,0.010215827338129424,0.005297823596792428,-0.03274624746444536,0.17243445045705832,-0.009778911564625847,0.0,0.007511337868480794,0.02267573696145142,0.2488262910798125,0.03018707482993211,830,281103765.3411507,412898623.687714,-131794858.34656328,694002389.0288646,0.48022765747730206,0.454891361695304,-0.0013606904193623733,-0.0020096224523849446,0.47090599223447277,0.4607426567405656
SPY,2010,2010-10-20,2010-10-21,0.004496479171969048,0.004496479171969048,0.33907709451874857,1.0,0.007952796305797927,0.013425688387207056,0.008814278441414412,0.008445510295537008,0.011526510365823887,0.013260934591736112,1.16476608800997,22230915961.828,23.82474976793457,0.009766126959650512,0.007952796305797927,-0.03373411585602872,0.23217346343905396,-0.002280405405405528,0.0,0.0058277027027027195,0.010050675675675746,0.36702127659574374,0.01587837837837846,2096,2205744229.819105,2955684524.461049,-749940294.6419439,5161428754.280154,0.4685146707634249,0.4644718085533641,-0.0011775997147252734,-0.0012438354630282655,0.44349968456604333,0.4424623245692533
IWM,2010,2010-10-22,2010-10-25,0.0073947667804323824,0.0073947667804323824,0.3912220916498292,1.0,0.003997715591090634,0.008994860079954247,0.012436879069507824,0.010426095699540835,0.018167580156708246,0.018901710660683267,0.49510501686890646,3891897153.65,22.08216257585679,0.006440532417346434,0.003997715591090634,-0.04303922865677972,0.19043466295389078,-0.0014116318464145738,0.0,0.010163749294183955,0.006826651609260437,0.5982053838484471,0.016990400903444502,892,286823935.60096604,454328187.10557854,-167504251.5046125,741152122.7065446,0.47502685715691195,0.45626045080783206,-0.0012033465356571524,-0.001655182051254124,0.4643738604316754,0.4572648923614106
SPY,2010,2010-10-22,2010-10-25,0.006675116180819618,0.006675116180819618,0.5314906593360486,1.0,0.00033809483560132136,0.004479756571718376,0.008563300903085954,0.0068900998833950336,0.011526510365823887,0.012559235169171817,0.3886481189485465,21838434125.528,23.80693728770364,0.0018623550325911342,0.00033809483560132136,-0.03525781441472491,0.21635457471966799,-0.0036931341279167196,0.0,0.005203961725700923,0.004448547926808821,0.5391304347826105,0.009652509652509701,2110,1977434835.1330166,2747410292.639078,-769975457.5060616,4724845127.772095,0.49223991475476947,0.495831572091179,0.0009898964426048513,0.0011253042007828623,0.45886294837063496,0.4609933905251915
IWM,2010,2010-10-25,2010-10-26,-0.005371783997738078,0.005371783997738078,0.2783560547665888,0.0,0.0014116318464145738,0.016990400903444502,0.012077494490784347,0.010384112783586719,0.018167580156708246,0.019298247355325194,0.9352044001947569,3858007280.85,22.073416638636566,-0.005972696245733822,0.0014116318464145738,-0.04103569165727904,0.19761002502223762,-0.004690164866401281,0.0,0.005258669698692486,0.011512222853894194,0.31355932203390147,0.016770892552586795,891,302032459.05812263,460348456.2466208,-158315997.18849814,762380915.3047434,0.4272577151199908,0.41337058153690026,-0.0016461501654643756,-0.00197392756718407,0.47278820206416466,0.467646462490406
SPY,2010,2010-10-25,2010-10-26,-0.005054759898904915,0.005054759898904915,0.39510404519802583,0.0,0.0036931341279167196,0.009652509652509701,0.008388472973374167,0.006731582811816901,0.011526510365823887,0.012793490626934667,0.8374182077803357,21999525032.987,23.81428670066199,-0.0029573299535277098,0.0036931341279167196,-0.028758400865524624,0.22840466251676012,-0.005249788314987347,0.0,0.0019475021168500195,0.0062658763759526614,0.23711340206184342,0.0082133784928027,2091,2196061465.4693136,2828732625.2190976,-632671159.749784,5024794090.688412,0.433050623156117,0.4346424917943497,-0.0002431494857160826,-0.00014763502144001135,0.4605771786698122,0.4620754836116965
IWM,2010,2010-10-26,2010-10-27,-0.006790210779459627,0.006790210779459627,0.3626324406385923,0.0,0.004690164866401281,0.016770892552586795,0.006064743573053099,0.01027928082418461,0.017104163796510342,0.018724774781600152,0.9805151980600453,3768628446.5,22.04997696491797,0.0007068136839128991,-0.004690164866401281,-0.04682600224746798,0.21160560861617322,-0.0042728955989177475,0.0,0.009542800170915688,0.005839623985187448,0.6203703703703609,0.015382424156103096,909,310496555.98208755,486966360.0877683,-176469804.10568076,797462916.0698559,0.46843267659566284,0.4606748329462099,-0.00021348759981618072,-0.00038554841982454697,0.485482374777191,0.4827788693751573
SPY,2010,2010-10-26,2010-10-27,-0.00699123989218331,0.00699123989218331,0.5643457146519197,0.0,0.005249788314987347,0.0082133784928027,0.0037066249196169403,0.006731771251241453,0.011225990200996554,0.012388221812750727,0.7316395565776979,21743871226.1605,23.802597772067635,-0.0001684919966300491,-0.005249788314987347,-0.032956628410869625,0.2423294196766357,-0.004156416998897239,0.0,0.00534396471286791,0.005259139876155672,0.5040000000000023,0.010603104589023665,2096,2276287505.7723,2992892189.9866714,-716604684.2143717,5269179695.758971,0.4905570138779603,0.49756208139889796,0.0019243012523678786,0.002142332464264409,0.47765546842280554,0.4810812835453045
IWM,2010,2010-10-27,2010-10-28,0.007800312012480548,0.007800312012480548,0.4122091818123546,1.0,0.0042728955989177475,0.015382424156103096,0.0050955800591378836,0.010336981717864391,0.017104163796510342,0.018923188411730716,0.8993379822076703,3776007029.1,22.05193294674806,-0.002546329042297235,0.0042728955989177475,-0.04859638575996353,0.21766040105945542,-0.013791162397973622,0.0,0.0008443568815086344,0.018435125246270778,0.04379562043795864,0.019279482127779406,812,319193455.06937563,502693749.28785306,-183500294.21847743,821887204.3572288,0.5011424260311306,0.4888182873420888,-0.0006336848666969371,-0.0009305222206119753,0.4635857927037072,0.4589243696119884
SPY,2010,2010-10-27,2010-10-28,0.005744213549586208,0.005744213549586208,0.4553462994983552,1.0,0.004156416998897239,0.010603104589023665,0.002321639214155011,0.006766998965425161,0.011225990200996554,0.01261504388179827,0.9445139715231896,21839917366.671,23.80700520423862,-0.0028638814016173075,0.004156416998897239,-0.041645739511918425,0.2618125312948495,-0.0055434234839576435,0.0,0.00041995632454217,0.01033092558373927,0.039062499999993144,0.010750881908281548,1883,2404212269.7121377,3313751779.3263416,-909539509.6142039,5717964049.038479,0.4985572091389986,0.5031481548020255,0.000740904184740532,0.0008857396100763475,0.45084488337475065,0.4531193248736212
IWM,2010,2010-10-28,2010-10-29,-0.0028538812785388057,0.0028538812785388057,0.15251223712282513,0.0,0.013791162397973622,0.019279482127779406,0.005464727338036579,0.01045181535350508,0.017104163796510342,0.018712474043905365,1.1271806302341936,3669753608.7,22.023390360165124,0.0060984257552121335,0.013791162397973622,-0.049206894552054584,0.23852605419589312,-0.006010303377218085,0.0,0.0007155123068116609,0.011305094447624509,0.0595238095238082,0.012020606754436227,826,347377334.64951396,527954513.5048366,-180577178.85532266,875331848.1543505,0.42870383342087137,0.42155288963391685,-0.001586876812153372,-0.0017495537986095032,0.4673523287334688,0.4647944071407278
IWM,2010,2010-10-29,2010-11-01,0.005120910384068367,0.005120910384068367,0.2758570042337143,1.0,0.006010303377218085,0.012020606754436227,0.0047352614714973595,0.010425683436345692,0.017104163796510342,0.01856364096425037,0.702788332563134,3602389729.7,22.004863275987102,0.003139269406392753,0.006010303377218085,-0.057207048850934715,0.2328706558160841,-0.011887913954146678,0.0,0.00721766204358909,0.019105575997735547,0.2741935483870997,0.026323238041324647,891,316404386.80665576,522486472.05370915,-206082085.24705338,838890858.8603649,0.4775733130322211,0.47304047696824536,-0.0004960902964195948,-0.000596977518302436,0.46468163690767117,0.46308897903525814
SPY,2010,2010-10-29,2010-11-01,0.0048949278420120645,0.0048949278420120645,0.4096899642674407,1.0,0.001775448089279541,0.005495434562056186,0.0020795821775057882,0.006669600863819151,0.010860526890635644,0.01194788320178796,0.5060007325053959,21053337863.814003,23.770324952856377,0.0007601351351349539,0.001775448089279541,-0.04663963636294465,0.2581786208410906,-0.0045351473922902175,0.0,0.005710926345847023,0.01024607373813724,0.3578947368421067,0.01595700008398426,1874,2226800855.7932563,3208720877.9877553,-981920022.194499,5435521733.781012,0.48397652200056207,0.4974995294937239,0.0014584016765391643,0.0018242845024262649,0.46102777323262256,0.4668037887889486
IWM,2010,2010-11-01,2010-11-02,0.012174162131194599,0.012174162131194599,0.6512716785590942,1.0,0.011887913954146678,0.026323238041324647,0.004081662707392338,0.010003348762706253,0.017104163796510342,0.018692908861213373,1.538995905002688,3579303095.3,21.998433952291794,-0.006827880512091045,-0.011887913954146678,-0.06875226473366955,0.25714235325900436,0.008490165558228346,1.0,0.009056176595443555,0.0056318098202914335,0.6165703275529877,0.01468798641573506,1025,337152613.491286,583237807.4613944,-246085193.97010845,920390420.9526803,0.5618951663159323,0.557241199936637,0.0011230173434475972,0.0010259171448498373,0.46390086623573634,0.46236821745360424
SPY,2010,2010-11-01,2010-11-02,0.007508647599763885,0.007508647599763885,0.6246233311326249,1.0,0.0045351473922902175,0.01595700008398426,0.001461357642047322,0.006322323508048109,0.010860526890635644,0.012021080906709824,1.4692657404810614,21139657763.175,23.77441662819289,0.0003375812304835524,-0.0045351473922902175,-0.05019607214752989,0.27701533124333966,0.0004186903366270034,1.0,0.0027633562217384,0.002679618154413088,0.5076923076922989,0.005442974376151446,2339,2397440755.691168,3458568541.9455905,-1061127786.2544227,5856009297.636759,0.5364542758053888,0.540515337688671,0.000947461733228338,0.0010867394203101662,0.4502398398100372,0.45243822643093806
IWM,2010,2010-11-03,2010-11-04,0.018308874912648543,0.018308874912648543,0.9956204871895049,1.0,0.0026625560538116044,0.015695067264574054,0.011134850841158988,0.008981553304929477,0.016898561796260043,0.018389411576224084,0.9287812450434483,3567953847.15,21.995258116364706,0.003928721762312293,0.0026625560538116044,-0.06358331337713012,0.27742583444214797,0.006862475981334049,1.0,0.0071369750205874105,0.0032939884710402323,0.6842105263157967,0.010430963491627655,1023,381490122.8590927,608352450.4375682,-226862327.57847548,989842573.2966609,0.5450381770460876,0.5356756474024005,-0.0014326165499347326,-0.0016199487029896157,0.4527248608959457,0.44976677181941616
SPY,2010,2010-11-03,2010-11-04,0.011087953313880794,0.011087953313880794,0.9451570094256873,1.0,0.0022560160427806952,0.013118315508021332,0.0033477028991457636,0.004939596434913069,0.010860526890635644,0.01173133479761024,1.2078894182686881,21249421130.604,23.779595491033042,0.0040177450405960435,0.0022560160427806952,-0.030776769187396764,0.3123129510885839,0.008080474934037074,1.0,0.00857519788918193,0.01080145118733511,0.4425531914893576,0.019376649076517104,2342,2991240446.3603287,3645228975.8627195,-653988529.5023909,6636469422.223048,0.5694306333237983,0.5606047042384462,0.0008474284040103077,0.000698515227965621,0.44563058708947245,0.4432791571174908
IWM,2010,2010-11-05,2010-11-08,-0.0032533550223667884,0.0032533550223667884,0.17883434787904684,0.0,0.004356705241660874,0.009516678012253206,0.013125612924015784,0.010055755799538801,0.016232979908580424,0.018192003163548697,0.5862557623953494,3615432651.0,22.00847736755348,-0.0055888767720828625,-0.004356705241660874,-0.008255616730214368,0.22332945879502086,-0.0024819801441589018,0.0,0.0055759553923567795,0.0051679586563306845,0.5189873417721513,0.010743914048687502,1031,388792495.4885593,418640121.7691182,-29847626.280558884,807432617.2576776,0.39830273832319013,0.3722037640373085,-0.0012745432545051326,-0.001905547919699253,0.4761252348400407,0.4661623576489561
SPY,2010,2010-11-05,2010-11-08,-0.003096479791395046,0.003096479791395046,0.2600960685643063,0.0,0.0031060977603400985,0.006048716691188449,0.0073292127003652735,0.006224014483518652,0.010850358193763922,0.011905138776172892,0.557467005528431,21679679490.8895,23.799641229778018,-0.0037624734173073993,-0.0031060977603400985,0.012227510250563827,0.2481654752695618,-0.0012260912211867758,0.0,0.0032695765898316242,0.002860879516102699,0.5333333333333309,0.006130456105934282,2255,2822618233.876077,2557529730.6722875,265088503.2037897,5380147964.548365,0.4040732554325906,0.3874793382960957,0.0005864370542585482,0.00023095318776843827,0.468131019747235,0.4625183162275813
IWM,2010,2010-11-08,2010-11-09,0.002679328472104281,0.002679328472104281,0.1471526174016344,1.0,0.0024819801441589018,0.010743914048687502,0.011378078638197004,0.010082488887890753,0.016232979908580424,0.01820782069265811,0.6618571641925391,3602629140.6375,22.00492973270065,-0.0007794496407752538,0.0024819801441589018,-0.02065265695327224,0.23632787994139104,-0.015965363279664357,0.0,0.0018941956433500273,0.021377350832093023,0.08139534883720981,0.023271546475443092,1017,388498921.6252438,462902785.39669204,-74403863.77144825,851401707.0219358,0.42406565287064557,0.39846302409598733,-0.001821783017269377,-0.0024284346541972764,0.45808684697315966,0.44855860966754346
SPY,2010,2010-11-08,2010-11-09,0.0026940974773450588,0.0026940974773450588,0.22612816989530157,1.0,0.0012260912211867758,0.006130456105934282,0.007882343904083327,0.00629509713410767,0.010850358193763922,0.011914028573231008,0.5650003434409813,22032071628.239502,23.81576503002762,-0.0018741851368970774,0.0012260912211867758,0.0048482129260544226,0.2657814531502263,-0.009851815665201102,0.0,0.0010584595342779668,0.013841393909786559,0.07103825136613089,0.014899853444064472,2187,2981266093.859577,2874449919.4037895,106816174.45578766,5855716013.263367,0.42161756249556653,0.40213793578646384,-4.9591539466437105e-05,-0.0004787511448594633,0.44950138655307753,0.44276088786609324
IWM,2010,2010-11-10,2010-11-11,-0.01101441392439495,0.01101441392439495,0.6058524241016437,0.0,0.009748729918989563,0.019772071948372893,0.014297087457479889,0.010509402746097206,0.016232979908580424,0.018180027819030505,1.2180186299572622,3591752386.1375,22.001906050193295,-0.011137082359411465,-0.009748729918989563,-0.029931165181010112,0.2562569018828133,-0.007149731885054189,0.0,0.0037123607864706365,0.011137082359411465,0.2500000000000075,0.0148494431458822,984,406453002.4215146,513958336.3802833,-107505333.95876873,920411338.8017979,0.4807528110751372,0.4581596941259708,-0.0008340393390062336,-0.0013547275080879,0.4723968369522342,0.46410742961523577
SPY,2010,2010-11-10,2010-11-11,-0.008599508599508532,0.008599508599508532,0.7231938239191651,0.0,0.004277019246586633,0.012337555518999836,0.00989509152472274,0.006529458431240733,0.011250354644073632,0.011891014988078413,1.096637031393398,22303283462.7565,23.827999745056022,-0.004029273908395581,-0.004277019246586633,-0.009764799075494119,0.3154706107488538,-0.004874019000413066,0.0,0.003056588186699627,0.006361007847996758,0.3245614035087638,0.009417596034696295,1868,3409121686.981498,3626908768.7191057,-217787081.73760796,7036030455.7006035,0.4938182997555738,0.47795522843430155,0.00048625492834422895,0.00015259781759540281,0.4644822577756077,0.4591704034525854
IWM,2010,2010-11-11,2010-11-12,-0.009829351535836195,0.009829351535836195,0.5411624981542918,0.0,0.007149731885054189,0.0148494431458822,0.009337211058523573,0.010579700298203886,0.016232979908580424,0.018163401139880412,0.9147700070788042,3500998587.9875,21.976314075601948,0.003943432145771086,-0.007149731885054189,-0.037164182584339046,0.2900771901740875,0.006893699158968758,1.0,0.008686060940300555,0.007858817041224153,0.525000000000005,0.01654487798152473,1025,442724041.22769064,572835791.9791713,-130111750.75148064,1015559833.206862,0.47555830595175796,0.46336702571191885,-0.00040315134215286076,-0.0006686969242912701,0.48505158456522307,0.4808001406967256
SPY,2010,2010-11-11,2010-11-12,-0.006741203551463348,0.006741203551463348,0.5652752224389551,0.0,0.004874019000413066,0.009417596034696295,0.004864213985303732,0.006523426449075334,0.011150878358591257,0.01192552456549843,0.8445609154583285,21985820831.947502,23.813663574881645,0.0037674037674036986,-0.004874019000413066,-0.02486724175061865,0.3594836869379726,0.005131600728356167,1.0,0.009683827180930193,0.004386690945207716,0.688235294117646,0.014070518126137964,1955,3678408605.656173,4225135327.3699994,-546726721.7138262,7903543933.026173,0.47496959401302613,0.47468705826745844,0.0013186999411204285,0.0013607352548316554,0.47425047899997846,0.47492347372765886
IWM,2010,2010-11-12,2010-11-15,0.004859086491739495,0.004859086491739495,0.2681500504942714,1.0,0.006893699158968758,0.01654487798152473,0.011001598243713351,0.011321401142170121,0.016119972623049393,0.018120774106821592,1.0263589379716302,3413324831.0375,21.95095267697958,-0.016655290102389086,-0.006893699158968758,-0.06929783215401775,0.3045929498544168,-0.00469743022934499,0.0,0.006493506493506551,0.005664548217739651,0.5340909090909137,0.012158054711246138,1008,401569333.9343316,638105345.1627092,-236536011.22837764,1039674679.0970409,0.47241989022266834,0.47381945466814346,-0.000563790444843078,-0.000530698553930631,0.45897311516106093,0.4595039105070014
SPY,2010,2010-11-12,2010-11-15,0.0031613976705491265,0.0031613976705491265,0.2619938641438199,1.0,0.005131600728356167,0.014070518126137964,0.005927455261581454,0.00719657434812121,0.011150878358591257,0.012066685916024722,1.261830474125588,21988640641.317497,23.813791822472606,-0.011838211114764907,-0.005131600728356167,-0.036626417970624395,0.318253465606183,-0.004561287112290535,0.0,0.0038978271686846977,0.004975949577044281,0.43925233644859885,0.00887377674572892,1990,3096297972.6667514,3901663115.4015045,-805365142.7347531,6997961088.068256,0.46276121166541806,0.46011702364081386,0.00025197111706076834,0.00021431531287317493,0.4443169045036422,0.4437129037935195
IWM,2010,2010-11-15,2010-11-16,-0.007495835646862958,0.007495835646862958,0.4122237640187496,0.0,0.00469743022934499,0.012158054711246138,0.011091001464467938,0.011198368611054254,0.016119972623049393,0.018183899864933593,0.7542230371943532,3412325760.2375,21.950659936882857,-0.00013883104262113477,0.00469743022934499,-0.06651094879985815,0.3240727027678055,0.012027972027972011,1.0,0.018881118881118764,0.0025174825174825166,0.88235294117647,0.021398601398601415,1143,439442303.95838994,666399327.8859833,-226957023.9275934,1105841631.8443732,0.4353302586492867,0.44237115912391073,-0.001852140142377473,-0.0016678712082921227,0.47422864805261017,0.4771847290201687
SPY,2010,2010-11-15,2010-11-16,-0.006165125385320325,0.006165125385320325,0.5166001389030237,0.0,0.004561287112290535,0.00887377674572892,0.00597453098703214,0.007157540569321799,0.010676993248652606,0.01193403741317546,0.8311119562474908,22134360937.701,23.820397031591124,0.001414309484193077,0.004561287112290535,-0.049764356290267674,0.3484577513224494,0.00947271355520174,1.0,0.01425098499455113,0.0016765864699470612,0.8947368421052705,0.01592757146449821,2316,3305693707.6748085,4407195931.635944,-1101502223.9611359,7712889639.310753,0.45673962899598386,0.4709698022137741,1.9397989039329593e-05,0.0003945608848348395,0.4651622791163364,0.47118072113696247
IWM,2010,2010-11-17,2010-11-18,0.011859381617958631,0.011859381617958631,0.6697206758504625,1.0,0.0004237288135593431,0.008757062146892518,0.010013048140194108,0.010988965930165772,0.015538745710338576,0.017707952054636333,0.5635629998801048,3384812820.7875004,21.942564445116297,0.002689694224235595,0.0004237288135593431,-0.10087927363930593,0.3764769155842288,0.007534533277521849,1.0,0.012697083856564761,0.00013952839402830985,0.989130434782599,0.01283661225059302,1055,466423215.9169889,807880674.6830422,-341457458.76605326,1274303890.6000311,0.5174865353889339,0.5399396562627865,-0.001028631192548592,-0.0004900920487192111,0.4718275324545532,0.48054874147445126
SPY,2010,2010-11-17,2010-11-18,0.009643038402977533,0.009643038402977533,0.8297005223023662,1.0,8.45952119110649e-05,0.007190593012435449,0.006952332963735002,0.007108831898363188,0.010127807120766684,0.01162231207980768,0.7099851850151659,22108257570.45,23.81921702140366,0.0005077860528097666,8.45952119110649e-05,-0.08247649683449075,0.41502797949293024,0.005026809651474506,1.0,0.00862935656836461,8.378016085797135e-05,0.9903846153846083,0.008713136729222573,2226,3676066917.0239086,5499478552.549234,-1823411635.5253258,9175545469.573143,0.5539743354991502,0.5810725949033109,0.0009488237784006685,0.0016224927263166094,0.46097056739478137,0.47188009509078677
IWM,2010,2010-11-18,2010-11-19,-0.002908184461985819,0.002908184461985819,0.16688358246400728,0.0,0.007534533277521849,0.01283661225059302,0.01584262414554983,0.011690696264941618,0.015115933650992648,0.01742642636889128,0.8492106770890763,3356502581.5875,21.934165370473576,-0.019483269800931735,-0.007534533277521849,-0.0623122319687659,0.3775699871810505,-0.006250000000000089,0.0,0.006527777777777799,0.008472222222222214,0.43518518518518623,0.014999999999999977,1158,529081734.61775666,738232902.0853986,-209151167.4676419,1267314636.7031553,0.4007272972847598,0.40471468862921783,-0.0014436857993717243,-0.0013366373792378676,0.47430411732093614,0.4760969884947168
IWM,2010,2010-11-19,2010-11-22,-0.0038647342995169476,0.0038647342995169476,0.21805819219131783,0.0,0.006250000000000089,0.014999999999999977,0.013855254891384412,0.011645046754584791,0.015191212078051537,0.01772340796133054,0.9874129808030377,3383072758.5375004,21.94205023361909,-0.0033236393851268087,-0.006250000000000089,-0.026016788417164625,0.3620420460353722,-0.008757101288624058,0.0,0.005958154357766476,0.011362061798531053,0.3440000000000073,0.01732021615629763,1150,568398947.6143519,656415635.7730955,-88016688.15874362,1224814583.3874474,0.41347248671436554,0.3967465409032205,-0.0017686868824401637,-0.0021631578277187787,0.48006133856019884,0.47345276964408406
SPY,2010,2010-11-19,2010-11-22,-0.004987945797655713,0.004987945797655713,0.41661367086530904,0.0,0.0032527105921600352,0.009090909090909118,0.010827975277966851,0.007821835481025973,0.009535052843602999,0.011972592707521384,0.9534198960426472,22287786169.695,23.827304659972253,-0.0027509169723241023,-0.0032527105921600352,0.011025075760335042,0.5087250338494071,-0.004177458434288628,0.0,0.007686523519091049,0.004595204277717313,0.6258503401360627,0.012281727796808412,2366,5792039652.328736,5546315121.277701,245724531.05103493,11338354773.606438,0.43133489277583903,0.4096035688446122,-0.0008721815867260871,-0.0013604246561752919,0.46660065206518836,0.4584211194256133
IWM,2010,2010-11-22,2010-11-23,-0.01211505178429173,0.01211505178429173,0.6842965535580804,0.0,0.008757101288624058,0.01732021615629763,0.013922059991255965,0.011625460990630544,0.015191212078051537,0.017704388135959613,1.1401470842028536,3408879460.5474997,21.949649470294716,-0.004858523119392721,-0.008757101288624058,-0.04824190558939616,0.2221542826383697,-0.0026070634037820284,0.0,0.0058398220244716414,0.004449388209121219,0.5675675675675693,0.01028921023359281,1114,296423165.0286191,460874006.1299833,-164450841.1013642,757297171.1586025,0.5019168205858578,0.4931118991043978,-0.0009816997476086629,-0.0011781049346970473,0.48640393892756223,0.48313405639988277
SPY,2010,2010-11-22,2010-11-23,-0.01181462684083534,0.01181462684083534,0.983838263058867,0.0,0.004177458434288628,0.012281727796808412,0.010809414352520775,0.007813790099690281,0.01001035031185998,0.012008708427442432,1.2269028969203373,22481947561.695503,23.83597849352602,0.000831324299609304,-0.004177458434288628,-0.015537240569100602,0.23349090838366493,0.002694283068114811,1.0,0.0065673149785299145,0.002104908646964665,0.7572815533980627,0.008672223625494663,1924,2450011465.3431177,2799318893.0710855,-349307427.72796774,5249330358.414204,0.5597070886245535,0.5457654137830033,0.00022538162096154757,-7.956462681157732e-05,0.47936808398404346,0.4742911386026263
IWM,2010,2010-11-23,2010-11-24,0.009048989356169601,0.009048989356169601,0.5093845451077913,1.0,0.0026070634037820284,0.01028921023359281,0.010317825407059075,0.011878785830707127,0.014924721572941089,0.017764554192068658,0.6894071814543876,3463186976.46,21.96545509353404,-0.009539573088651498,0.0026070634037820284,-0.06709409754728658,0.238609265778025,0.013331500824628861,1.0,0.013606377130291225,0.0001374381528312929,0.9899999999999951,0.013743815283122594,1043,296994548.4410196,529353953.2641193,-232359404.82309973,826348501.7051389,0.4989636250162188,0.5011561935264118,-0.0014591719049210816,-0.001416774544816854,0.46825574024048694,0.4689574121140608
SPY,2010,2010-11-23,2010-11-24,0.00633178556352898,0.00633178556352898,0.5059222643280223,1.0,0.002694283068114811,0.008672223625494663,0.01040801330434805,0.00851625913120048,0.01001035031185998,0.012515332907791683,0.8663256884446948,22852689630.8,23.852334655490857,-0.014477077959896834,-0.002694283068114811,-0.038530709375208784,0.2403296222135913,0.008389261744966348,1.0,0.008640939597315489,0.00016778523489924257,0.9809523809523907,0.00880872483221474,1899,2305823961.4642086,3186354304.0704107,-880530342.6062021,5492178265.534619,0.4917268367445053,0.4925342732158285,-0.00015048509940253493,-0.00011402930489671278,0.4522967691563471,0.45290010874094955
IWM,2010,2010-11-24,2010-11-26,-0.0061033500610335745,0.0061033500610335745,0.33738679394536625,0.0,0.013331500824628861,0.013743815283122594,0.013052235353858068,0.012765813066591922,0.01476871478080863,0.01809006804819368,0.9306033386860546,3429861645.3599997,21.95578576068098,-0.02250112678986249,-0.013331500824628861,-0.04056163915787127,0.23017073187785086,0.0008187772925764003,1.0,0.0020469432314411673,0.00614082969432328,0.2500000000000068,0.008187772925764308,1106,325166477.365883,464287287.78639793,-139120810.42051494,789453765.1522809,0.45933727914244304,0.4512730678428186,-4.9237847495488436e-05,-0.0002387931271939257,0.4850322014393825,0.4818898644428986
SPY,2010,2010-11-24,2010-11-26,-0.008652246256239615,0.008652246256239615,0.6838740441397537,0.0,0.008389261744966348,0.00880872483221474,0.012200313035714753,0.009105601212015221,0.009254252562802706,0.012651812611375374,0.9518569730440731,22570482738.788998,23.839908816062366,-0.014774166314900805,-0.008389261744966348,-0.01316472129468086,0.26410687796546733,0.0030211480362537513,1.0,0.0030211480362537513,0.005454850621013918,0.356435643564348,0.008475998657267583,1925,2831942807.7862353,3129076922.5287976,-297134114.7425623,5961019730.315033,0.5044959476421577,0.49556034261448945,0.0004420734193617353,0.00026210252918543,0.4771182569632124,0.47413480439259104
IWM,2010,2010-11-26,2010-11-29,-0.003687517071838231,0.003687517071838231,0.21040909020659515,0.0,0.0008187772925764003,0.008187772925764308,0.012642423867329252,0.012795480983691848,0.014215900849428826,0.01752546464707183,0.5759587811203172,3329552959.7599998,21.9261038856086,0.006917130069171384,0.0008187772925764003,-0.05249253018223971,0.23322238175117166,-0.005209047292666247,0.0,0.01261137765592879,0.007676490747086984,0.6216216216216248,0.02028786840301582,1058,300874806.1041614,475651465.33772874,-174776659.23356736,776526271.4418901,0.4045436681173863,0.41015544666445886,-0.0025259702993766977,-0.0023949410427432337,0.490709608283454,0.49289241914266874
SPY,2010,2010-11-26,2010-11-29,-0.002525252525252486,0.002525252525252486,0.19893992011716025,0.0,0.0030211480362537513,0.008475998657267583,0.011768515374714213,0.009522662559073063,0.008982342918319019,0.01269354347667028,0.9436289322667949,22024952860.869,23.8154418685107,0.011647254575707255,0.0030211480362537513,-0.033245007076409906,0.23698178345570134,-0.005569620253164542,0.0,0.006413502109704705,0.008270042194092886,0.436781609195403,0.014683544303797546,2175,2243646447.889651,2975866161.6068354,-732219713.7171845,5219512609.496487,0.3816321276557691,0.3897697840898189,-0.0026656982102076085,-0.0024290086341325155,0.4626161428432628,0.4665591445071194
IWM,2010,2010-11-29,2010-11-30,-0.011591435974362407,0.011591435974362407,0.6462375908592797,0.0,0.005209047292666247,0.02028786840301582,0.01265143203461093,0.012794872996647196,0.01476871478080863,0.0179368024056751,1.3737057492219373,3362967633.7599998,21.936089645441758,-0.001502321770008086,-0.005209047292666247,-0.055992787955879975,0.2397156992914298,-0.0037251655629138014,0.0,0.004139072847682113,0.010623620309050619,0.2803738317757035,0.014762693156732797,998,308927102.2008061,497229035.82041717,-188301933.61961108,806156138.0212233,0.5035948836141418,0.5009741774447964,-0.001938627443015086,-0.0020016754531596483,0.4881548007397245,0.48710259094719055
SPY,2010,2010-11-29,2010-11-30,-0.009902651896609549,0.009902651896609549,0.752974730920594,0.0,0.005569620253164542,0.014683544303797546,0.011796665903547957,0.009543052385452184,0.009254252562802706,0.013151373465750271,1.5866807399246672,22502053145.522,23.836872392905764,-0.003030303030302939,-0.005569620253164542,-0.032549726247652594,0.2464934573511014,-0.004322766570605152,0.0,0.0014409221902017544,0.01008645533141217,0.1250000000000012,0.011527377521613827,1911,2407086603.7205367,3139522273.617408,-732435669.8968711,5546608877.337944,0.521980828055146,0.5183394748911846,-0.0013995457674393472,-0.001454960458206863,0.46705016118627113,0.46612534404863065
IWM,2010,2010-11-30,2010-12-01,0.01883161512027498,0.01883161512027498,1.082399458498321,1.0,0.0037251655629138014,0.014762693156732797,0.013322358234674526,0.0128372075420364,0.01472533978623393,0.01739802710766433,1.0025366729081382,3447290773.7599998,21.960854476525377,-0.007909450429564924,0.0037251655629138014,-0.06561189703261397,0.24646575476640603,0.0035078251484079725,1.0,0.006071235833782884,0.017686184565569363,0.2555511386222899,0.023757420399352296,1073,311727917.5823025,537911204.8717238,-226183287.28942126,849639122.4540262,0.6083134478014427,0.6026199704104445,-0.0015022065815771713,-0.0016680853857743818,0.47902208688007447,0.4762488911549658
SPY,2010,2010-11-30,2010-12-01,0.014431597603173252,0.014431597603173252,1.1169725688137704,1.0,0.004322766570605152,0.011527377521613827,0.011889478010574439,0.009635263959483036,0.009254252562802706,0.012920279339088578,1.2456303135650202,22855653403.627003,23.852464337410368,-0.005622692178583466,0.004322766570605152,-0.03583586657396126,0.24661886862705934,0.0067387687188020795,1.0,0.008652246256239504,8.319467554085413e-05,0.9904761904761803,0.008735440931780343,1889,2408791619.1508045,3227843764.9838853,-819052145.8330808,5636635384.134689,0.6237661235024412,0.6160346714385915,-0.0006556816183945209,-0.0008349439733092243,0.45933789510903933,0.4563409504497847
IWM,2010,2010-12-02,2010-12-03,-0.0039930786636496185,0.0039930786636496185,0.22920695660345852,0.0,0.008862629246676468,0.012488250302135179,0.012677609582323583,0.01308215962492689,0.014253254219927696,0.017421280413220087,0.8761683549203215,3426081993.0099998,21.954683169139308,-0.010083355740790445,-0.008862629246676468,-0.05076888500991294,0.26110296299102664,-0.011225444340505097,0.0,0.0009354536950419989,0.014299077909929236,0.061403508771923625,0.015234531604971277,1208,360310898.54372734,534249261.28138536,-173938362.73765802,894560159.8251127,0.4299375697997007,0.4294944282115091,-0.0011522228989172376,-0.001173288663152425,0.4862038929615445,0.48585219739626173
SPY,2010,2010-12-02,2010-12-03,-0.003426892950391669,0.003426892950391669,0.25222522664974273,0.0,0.011221122112211157,0.012541254125412625,0.013361646377877947,0.01094384288425001,0.009254252562802706,0.013586638402155102,1.3551882272828775,23060312371.6515,23.861378897734237,-0.01280885877200233,-0.011221122112211157,0.021658487724527713,0.26432468250858004,-0.006140494514491612,0.0,0.0002456197805796867,0.007286720157196669,0.03260869565217696,0.0075323399377763365,2274,3297430619.305326,2797979126.8801374,499451492.42518854,6095409746.185463,0.4212604865257938,0.3919877475782206,-0.0013086747752422078,-0.0020095550791500967,0.4566387368447349,0.4449374526223136
IWM,2010,2010-12-06,2010-12-07,0.0120830049908065,0.0120830049908065,0.7113352826562299,1.0,0.0066102591221575135,0.011237440507667826,0.010816789433764493,0.012017105029079683,0.0148060681513075,0.016986370963755368,0.7589753331424093,3310270256.06,21.920295671358833,0.006211180124223503,0.0066102591221575135,-0.03606269732979982,0.256711692201121,-0.0062289125356865815,0.0,0.002335842200882343,0.008434985725408795,0.21686746987951136,0.01077082792629118,1050,365203902.37603503,484581176.70016575,-119377274.32413071,849785079.0762007,0.5483160040456726,0.5304149071308429,-0.0013031912449530001,-0.0017418583114349037,0.481391624098111,0.4739528722985041
SPY,2010,2010-12-06,2010-12-07,0.009612251547735262,0.009612251547735262,0.7456485947132234,1.0,0.0010600994862595137,0.0044034901736932745,0.010900672201199986,0.010064384447550423,0.008982342918319019,0.012891128094236046,0.49023848384952956,22197107747.891502,23.823227835710746,-0.0010578566197412265,0.0010600994862595137,0.02382305910907096,0.2910343427291379,-0.008955946425689865,0.0,0.0005647894142326582,0.009520735839922523,0.05599999999999683,0.010085525254155236,1906,3494461836.9119473,2965658826.983511,528803009.9284363,6460120663.895458,0.5520021719642707,0.523811620921486,0.00024518595436701963,-0.0004133910789737641,0.47836633251448385,0.46719842986969834
IWM,2010,2010-12-08,2010-12-09,0.007186724160459956,0.007186724160459956,0.4375626726215537,1.0,0.0028664495114005817,0.008338762214983721,0.003938631258938989,0.011510548938152471,0.014253254219927696,0.016424445251242276,0.5850426917472059,3427655189.3224998,21.95514224607742,-0.0006529119874640887,-0.0028664495114005817,-0.03429343035279161,0.26680556961913815,-0.0037623248572909995,0.0,0.0,0.007784120394395355,0.0,0.0077841203943953595,1190,398485720.3683843,516031774.8768002,-117546054.50841588,914517495.2451844,0.52120867925587,0.5076061687914614,0.00017126945388577178,-0.00017215734994848082,0.4893631768969599,0.483447728863578
SPY,2010,2010-12-08,2010-12-09,0.005597014925373012,0.005597014925373012,0.43966054005768473,1.0,0.002439421044072132,0.00788746137583346,0.00539476624386285,0.009927692494072209,0.008982342918319019,0.012730309899175094,0.8781073543459796,22229758330.195,23.824697693527167,0.0036636000976959515,0.002439421044072132,0.029782238739421433,0.3142418449010657,-0.0016939582156972888,0.0,0.0004033233846898465,0.00661450350891335,0.05747126436781718,0.007017826893603214,2212,3823786119.54741,3161734149.8379,662051969.7095098,6985520269.38531,0.4994873125988013,0.46607729168255635,-0.000575620812669706,-0.001352096880346606,0.4623465607745973,0.4489719383624103
IWM,2010,2010-12-09,2010-12-10,0.003385857533532821,0.003385857533532821,0.21393615981300568,1.0,0.0037623248572909995,0.0077841203943953595,0.003141970647526132,0.011337673382567737,0.013290213766857807,0.015826485510875225,0.5857031746025672,3419929292.1225,21.952885712989215,0.0033973605122175066,-0.0037623248572909995,-0.03400201357381747,0.27854907064457485,0.009020116807268108,1.0,0.011550940947436805,0.003634003893575599,0.760683760683762,0.015184944841012352,1176,418166821.8893179,534451304.10156316,-116284482.21224523,952618125.9908811,0.4729810401009686,0.46123759155511945,-0.00028465951595861745,-0.0005828345287051638,0.4824885950016096,0.47721430597051795
SPY,2010,2010-12-09,2010-12-10,0.003070458952811883,0.003070458952811883,0.2462979851394498,1.0,0.0016939582156972888,0.007017826893603214,0.0021340263932775353,0.009925364292977608,0.00884125078897183,0.012466439589724782,0.7937595099504391,21644999472.342003,23.79804029346253,0.0038935756002596023,-0.0016939582156972888,0.047716683528850716,0.34098821950825886,0.002738843241501643,1.0,0.003705493797325543,0.003302722732398844,0.5287356321839087,0.007008216529724427,2124,4206758710.567493,3173931120.763609,1032827589.803884,7380689831.331102,0.46735997017415276,0.4281418546460603,-3.070234244392095e-07,-0.0009101672276777013,0.4633824407865575,0.44728831656428747
IWM,2010,2010-12-10,2010-12-13,0.004051707505305702,0.004051707505305702,0.2555635899822736,1.0,0.009020116807268108,0.015184944841012352,0.004768556702573984,0.011459558924491037,0.013290213766857807,0.015854009194293823,1.1425658839949957,3430810201.3725,21.95606228054368,0.01243651517124622,0.009020116807268108,-0.014031627822458623,0.22899604942867763,-0.009095567512170222,0.0,0.0016653856008197465,0.009479887266205633,0.14942528735630947,0.011145272867025423,1078,368751065.28937757,416890917.1645308,-48139851.87515324,785641982.4539084,0.47652872000755403,0.44538019053326006,-0.0022748257026695426,-0.003037784701878335,0.46464018915506866,0.4511835845168709
SPY,2010,2010-12-10,2010-12-13,0.004579048843187605,0.004579048843187605,0.37421426747167913,1.0,0.002738843241501643,0.007008216529724427,0.002768376680633666,0.009928586646674106,0.008772082881997541,0.012236435756779775,0.7989227443469555,21417131761.59,23.787456988312307,0.005817711700064621,0.002738843241501643,0.05170531271236499,0.3042903907464683,-0.003918432626949131,0.0,0.0011995201919232645,0.004238304678128801,0.22058823529412036,0.005437824870052034,2185,3812203443.7688766,2704823948.633941,1107379495.1349354,6517027392.402818,0.49603584454058086,0.4537191545490281,-7.354698199039163e-05,-0.0010625110621905664,0.4652149759441791,0.44777223178304665
IWM,2010,2010-12-13,2010-12-14,0.0046541693600516965,0.0046541693600516965,0.3004234861629494,1.0,0.009095567512170222,0.011145272867025423,0.006622211249726608,0.01067793469834638,0.0126624312763641,0.015492029000446656,0.8801842729704974,3421461390.5724998,21.95333360393615,-0.005080712586018499,-0.009095567512170222,-0.024607477354678216,0.2738385617270728,-0.00514734268433914,0.0,0.00012868356710860063,0.006820229056749283,0.018518518518535976,0.0069489126238578315,1160,426367266.25533265,510560799.9437513,-84193533.68841863,936928066.1990839,0.48759843032862626,0.46459081141988234,-0.00028620569774405556,-0.0008347419659336733,0.47276396622527456,0.4629038413081601
SPY,2010,2010-12-16,2010-12-17,-0.005928537093414454,0.005928537093414454,0.5317903580429694,0.0,0.005153808986954278,0.00934127878885486,0.004327329842517292,0.008646943643079318,0.008692680177358619,0.0111482598429049,1.074614341982305,20110042177.8065,23.724485138083647,-0.005801772763900148,-0.005153808986954278,0.06129558274329864,0.4232943969306438,-0.0017730496453900457,0.0,0.002095422308188266,0.0030625402965827053,0.40625000000001144,0.00515796260477112,2076,4872562465.092689,3639905710.8117247,1232656754.280964,8512468175.904413,0.4906216870347675,0.44258492752512535,0.0006599929483084607,-0.00042669299852680486,0.4774493177112506,0.45768882184804077
IWM,2010,2010-12-17,2010-12-20,0.003716995642143228,0.003716995642143228,0.26052403532343815,1.0,0.002054970459799632,0.011302337528897964,0.0056462773473145815,0.008773239524765754,0.013116032792628886,0.014267380886867551,0.8617192185772664,3519248920.5225,21.981513428937202,0.0030856261249678774,0.002054970459799632,0.10439754864738025,0.5898210262315312,0.0002553952241093338,1.0,0.006384880602732679,0.004852509258076787,0.5681818181818207,0.011237389860809544,988,1221563985.1246388,854163024.7421507,367400960.38248813,2075727009.8667893,0.4510530651329928,0.3475870735902833,-0.0016907586923859035,-0.0041759217993512865,0.4668587441301799,0.42159300375508446
SPY,2010,2010-12-17,2010-12-20,0.0027353177795657047,0.0027353177795657047,0.25729501487012496,1.0,0.0017730496453900457,0.00515796260477112,0.00426365281893173,0.008295797269814794,0.008574111141381123,0.010631056264134823,0.6015740313742041,19801775678.7105,23.70903745136878,-0.0041659990386155865,0.0017730496453900457,-0.09189040495788818,0.37757036601726995,-0.0003209242618742447,0.0,0.0020860077021822576,0.005295250320924261,0.2826086956521713,0.007381258023106561,1886,2828485252.400314,4648078438.402283,-1819593186.0019689,7476563690.802597,0.44598539710104823,0.49397268620254375,0.00015366835242867352,0.001262017353163978,0.4585291204828194,0.4787170260459047
IWM,2010,2010-12-20,2010-12-21,0.004085280224690457,0.004085280224690457,0.290075224739642,1.0,0.0002553952241093338,0.011237389860809544,0.004692487961114646,0.008772144675951424,0.011895293915516572,0.014083519984711603,0.9446920723960558,3567527118.3224998,21.995138508778314,0.003973340169187489,0.0002553952241093338,-0.020765675896703615,0.19856399210453626,0.0070057215511758475,1.0,0.00801017164653528,0.0007628734901462542,0.9130434782608657,0.00877304513668147,925,317150157.33176094,391232269.223547,-74082111.89178604,708382426.5553079,0.4601842826361861,0.432897421971758,-0.0020277581059671987,-0.002702316548968715,0.46738250276284937,0.4553407334102138
SPY,2010,2010-12-20,2010-12-21,0.003130016051364315,0.003130016051364315,0.2967737054248179,1.0,0.0003209242618742447,0.007381258023106561,0.004429980619882346,0.008294128482691406,0.008416719997229124,0.010546810563570114,0.8769755944758233,19599730874.7685,23.698781672209456,0.002413515687851975,-0.0003209242618742447,-0.011493517718781893,0.2547184935980319,0.0032002560204815733,1.0,0.0038403072245780656,0.0009600768061444054,0.8000000000000185,0.004800384030722413,1986,2383572034.6276803,2608841888.7201886,-225269854.09250832,4992413923.347869,0.45480737038442465,0.4496300016596284,-0.0003905084356402304,-0.0004905097756847726,0.458483119505052,0.4566979619931058
IWM,2010,2010-12-23,2010-12-27,-0.0031758130081300795,0.0031758130081300795,0.2556744835592716,0.0,0.003039513677811523,0.006458966565349609,0.006008883875652939,0.007547147011286345,0.011237415184238684,0.012421313867223862,0.5747733317185605,3406792515.29,21.949037074237474,0.001268713524486098,0.003039513677811523,-0.050263344490194456,0.21753733426133232,-0.006244424620874156,0.0,0.002038995794571119,0.00802854594112401,0.20253164556961564,0.010067541735695068,1223,284933888.17750424,456170673.9801416,-171236785.80263734,741104562.1576458,0.39930774663402396,0.3972312657158371,-0.0018173174641595924,-0.001871630409796772,0.48442421752236264,0.48346724301103683
SPY,2010,2010-12-23,2010-12-27,-0.003742038216560495,0.003742038216560495,0.4174620124811339,0.0,0.0003183699458771949,0.003900031836994547,0.004100202294256478,0.006867441314655077,0.00753370503902844,0.008963781385329297,0.517677798213547,17884649273.604,23.60720859937867,0.00143107012243604,0.0003183699458771949,-0.009087139859100809,0.294140212926425,-0.0041556780947815675,0.0,0.0007192519779428697,0.005114680732038579,0.12328767123286836,0.005833932709981538,2176,2549037118.086054,2711557427.366259,-162520309.28020525,5260594545.452312,0.43399270268413787,0.4391754158342635,0.0006401701531587125,0.0008075903191463469,0.4856908063280147,0.4886406892638877
IWM,2010,2010-12-31,2011-01-03,0.008946830265848638,0.008946830265848638,0.8796695018389452,1.0,0.0054658700902504576,0.009025041311808741,0.003921935276187155,0.005476748802556688,0.009546291523751905,0.01017067233449077,0.9453976226636016,3044659617.79,21.836654947882966,-0.006602336211274928,-0.0054658700902504576,-0.088447294374435,0.26101023909243504,0.008360780339498275,1.0,0.013681276919179197,0.00266024828984035,0.8372093023255839,0.01634152520901941,1147,262697714.65491146,531989620.13953835,-269291905.4846269,794687334.7944498,0.5976985735882145,0.6063519823604605,0.0009402013179174978,0.0011471420108181557,0.4886295254806267,0.4922679634360291
SPY,2010,2010-12-31,2011-01-03,0.007634194831013907,0.007634194831013907,1.20984200291478,1.0,0.0017525691069864013,0.00430176053533025,0.001119793430933573,0.0030262409167574104,0.005635878790016786,0.006310075871577796,0.7632812371604318,14343823354.563501,23.386585258237798,0.0002386255170219176,0.0017525691069864013,-0.04675425358881463,0.3281536308641326,0.0026832925578093025,1.0,0.007023912871912286,0.00797095730408015,0.46842105263158157,0.014994870175992357,2079,2018171479.8606656,2688806234.4130893,-670634754.5524237,4706977714.273755,0.6678552489304151,0.684231149685228,0.003915460875376935,0.004430173341339017,0.4922321415844717,0.501281832807716
