sample,date,symbol,year,target,near_gamma_share_0_5,vol_residual
POOLED,2020-01-02,IWM,2020,next_rth_range,0.3680523762753666,-0.05615795934051526
POOLED,2020-01-02,QQQ,2020,next_rth_range,0.11006596032860912,0.039904658252628344
POOLED,2020-01-02,SPY,2020,next_rth_range,0.3421119526049275,0.13071515235852083
POOLED,2020-01-03,IWM,2020,next_rth_range,0.22675435340005543,0.2676551488084584
POOLED,2020-01-03,QQQ,2020,next_rth_range,0.232650065618042,0.4146400112183777
POOLED,2020-01-03,SPY,2020,next_rth_range,0.28211312818736967,0.3490263490562642
POOLED,2020-01-06,IWM,2020,next_rth_range,0.27628421212889664,-0.37275331012672996
POOLED,2020-01-06,QQQ,2020,next_rth_range,0.17947203123726113,-0.7255329847601804
POOLED,2020-01-06,SPY,2020,next_rth_range,0.2769426933212661,-0.7166133578103944
POOLED,2020-01-07,IWM,2020,next_rth_range,0.4132821769423229,-0.05945718443222958
POOLED,2020-01-07,QQQ,2020,next_rth_range,0.20732427044014254,0.4369967550496545
POOLED,2020-01-07,SPY,2020,next_rth_range,0.27952880470484387,0.45324401756253696
POOLED,2020-01-08,IWM,2020,next_rth_range,0.2998341852619506,-0.16903671575866497
POOLED,2020-01-08,QQQ,2020,next_rth_range,0.13611531567895366,-0.4115035378262082
POOLED,2020-01-08,SPY,2020,next_rth_range,0.3377698311543066,-0.7702089388461983
POOLED,2020-01-09,IWM,2020,next_rth_range,0.2865188127570176,0.10396982035157176
POOLED,2020-01-09,QQQ,2020,next_rth_range,0.32602504574166175,-0.18446214944510153
POOLED,2020-01-09,SPY,2020,next_rth_range,0.3009875432712579,0.1445990246506046
POOLED,2020-01-10,IWM,2020,next_rth_range,0.28559872262505953,0.29683210463121945
POOLED,2020-01-10,QQQ,2020,next_rth_range,0.1642480616916469,0.007884425749680624
POOLED,2020-01-10,SPY,2020,next_rth_range,0.3043367572157684,-0.09426564280210226
POOLED,2020-01-13,IWM,2020,next_rth_range,0.1397684559375759,0.4566937800473516
POOLED,2020-01-13,QQQ,2020,next_rth_range,0.2926028689745428,-0.3557375747913243
POOLED,2020-01-13,SPY,2020,next_rth_range,0.31064800468228954,-0.19327402569771657
POOLED,2020-01-14,IWM,2020,next_rth_range,0.20588018435305055,-0.021614426101492334
POOLED,2020-01-14,QQQ,2020,next_rth_range,0.3446533082772252,-0.09044862409774002
POOLED,2020-01-14,SPY,2020,next_rth_range,0.39578324630563266,-0.27736085298350943
POOLED,2020-01-15,IWM,2020,next_rth_range,0.22081354643638265,-0.10193790624502341
POOLED,2020-01-15,QQQ,2020,next_rth_range,0.31466481267289087,-0.3885599083727618
POOLED,2020-01-15,SPY,2020,next_rth_range,0.24881691221525262,-0.33422419484410426
POOLED,2020-01-16,IWM,2020,next_rth_range,0.6009889806117407,0.1848707828271916
POOLED,2020-01-16,QQQ,2020,next_rth_range,0.2645712150479072,-0.30751421107888177
POOLED,2020-01-16,SPY,2020,next_rth_range,0.6078237259098466,-0.3990741961297637
POOLED,2020-01-17,IWM,2020,next_rth_range,0.1116112811440659,3.9680154704235804e-05
POOLED,2020-01-17,QQQ,2020,next_rth_range,0.21072610472691428,-0.5462172597413923
POOLED,2020-01-17,SPY,2020,next_rth_range,0.34540434712829016,-0.3776078851597422
POOLED,2020-01-21,IWM,2020,next_rth_range,0.27096706201078996,-0.20020315992464166
POOLED,2020-01-21,QQQ,2020,next_rth_range,0.25216264122530213,-0.138761300496288
POOLED,2020-01-21,SPY,2020,next_rth_range,0.3191071309175314,-0.11001511321482482
POOLED,2020-01-22,IWM,2020,next_rth_range,0.23843047758782662,0.4296448585968644
POOLED,2020-01-22,QQQ,2020,next_rth_range,0.22063762260479758,0.03384974985051237
POOLED,2020-01-22,SPY,2020,next_rth_range,0.32868090184023535,0.2913434627056093
POOLED,2020-01-23,IWM,2020,next_rth_range,0.2865483122387254,0.5555086697191052
POOLED,2020-01-23,QQQ,2020,next_rth_range,0.2887916685538573,0.6902171607576633
POOLED,2020-01-23,SPY,2020,next_rth_range,0.3956959775454693,0.742834931137037
POOLED,2020-01-24,IWM,2020,next_rth_range,0.19423339551656582,-0.15123362084410719
POOLED,2020-01-24,QQQ,2020,next_rth_range,0.1579065681129453,-0.3226562410416056
POOLED,2020-01-24,SPY,2020,next_rth_range,0.2491379030778233,-0.2599811807862604
POOLED,2020-01-27,IWM,2020,next_rth_range,0.16785929770538308,-0.04813707987830185
POOLED,2020-01-27,QQQ,2020,next_rth_range,0.11025873492629422,0.13876783160872908
POOLED,2020-01-27,SPY,2020,next_rth_range,0.21096088560283333,0.44599073423270585
POOLED,2020-01-28,IWM,2020,next_rth_range,0.1780609699695761,-0.20625572162607853
POOLED,2020-01-28,QQQ,2020,next_rth_range,0.1596330829895793,-0.3329292398601167
POOLED,2020-01-28,SPY,2020,next_rth_range,0.20042613243071059,-0.44454876339628324
POOLED,2020-01-29,IWM,2020,next_rth_range,0.1654876676478101,0.18945790844752963
POOLED,2020-01-29,QQQ,2020,next_rth_range,0.17522214724252197,0.1672543617500244
POOLED,2020-01-29,SPY,2020,next_rth_range,0.2920217222282053,0.5151103438804032
POOLED,2020-01-30,IWM,2020,next_rth_range,0.20009050770621403,0.616683778615815
POOLED,2020-01-30,QQQ,2020,next_rth_range,0.22558076720176568,0.5753273476076033
POOLED,2020-01-30,SPY,2020,next_rth_range,0.2615376715467032,0.6161244867947757
POOLED,2020-01-31,IWM,2020,next_rth_range,0.184016109015498,-0.6562404101063333
POOLED,2020-01-31,QQQ,2020,next_rth_range,0.19687750669337625,-0.26300496017760633
POOLED,2020-01-31,SPY,2020,next_rth_range,0.13979121934875757,-0.3685539685141084
POOLED,2020-02-03,IWM,2020,next_rth_range,0.11709640270218363,-0.5099195449814609
POOLED,2020-02-03,QQQ,2020,next_rth_range,0.1266244852781863,0.07359504887382506
POOLED,2020-02-03,SPY,2020,next_rth_range,0.14809123701387897,-0.3375198698377959
POOLED,2020-02-04,IWM,2020,next_rth_range,0.26575380183252556,-0.0018683822958065477
POOLED,2020-02-04,QQQ,2020,next_rth_range,0.11847286177084645,0.037329860785175306
POOLED,2020-02-04,SPY,2020,next_rth_range,0.22603860834938672,-0.21260748602179103
POOLED,2020-02-05,IWM,2020,next_rth_range,0.185774374073269,-0.47883093216715
POOLED,2020-02-05,QQQ,2020,next_rth_range,0.11579755303841469,-0.3857335631348695
POOLED,2020-02-05,SPY,2020,next_rth_range,0.24965035884489872,-0.822781289791271
POOLED,2020-02-06,IWM,2020,next_rth_range,0.16550648448754868,-0.0019247247470328688
POOLED,2020-02-06,QQQ,2020,next_rth_range,0.14499030233115354,-0.394977144675166
POOLED,2020-02-06,SPY,2020,next_rth_range,0.25347318303959393,-0.14863035690875837
POOLED,2020-02-07,IWM,2020,next_rth_range,0.18386003549215985,-0.43688041281482537
POOLED,2020-02-07,QQQ,2020,next_rth_range,0.0979852686200116,0.24451501974734047
POOLED,2020-02-07,SPY,2020,next_rth_range,0.27866855899211407,0.1815981281661525
POOLED,2020-02-10,IWM,2020,next_rth_range,0.2570985545289866,-0.15418788253097482
POOLED,2020-02-10,QQQ,2020,next_rth_range,0.17322554693163594,-0.24472546073619483
POOLED,2020-02-10,SPY,2020,next_rth_range,0.1830053211069132,-0.3711258154495063
POOLED,2020-02-11,IWM,2020,next_rth_range,0.12009387627443795,-0.7927043630391317
POOLED,2020-02-11,QQQ,2020,next_rth_range,0.19650760754555038,-0.5892020301981633
POOLED,2020-02-11,SPY,2020,next_rth_range,0.2158013383021513,-0.8692544698697562
POOLED,2020-02-12,IWM,2020,next_rth_range,0.11739835531414745,0.01891665352040839
POOLED,2020-02-12,QQQ,2020,next_rth_range,0.21866222395635432,0.08679854157769196
POOLED,2020-02-12,SPY,2020,next_rth_range,0.2626997019017956,0.07990658676230744
POOLED,2020-02-13,IWM,2020,next_rth_range,0.16945848858647708,-0.39145823358033827
POOLED,2020-02-13,QQQ,2020,next_rth_range,0.33862015834362275,-0.7795045525393585
POOLED,2020-02-13,SPY,2020,next_rth_range,0.2449130664680812,-0.6615854397229528
POOLED,2020-02-14,IWM,2020,next_rth_range,0.10018678758939151,-0.10971721609308815
POOLED,2020-02-14,QQQ,2020,next_rth_range,0.19420020698022356,-0.1496531719084171
POOLED,2020-02-14,SPY,2020,next_rth_range,0.2866538149554667,-0.04306782121043895
POOLED,2020-02-18,IWM,2020,next_rth_range,0.1989402809369418,-0.2805811978257422
POOLED,2020-02-18,QQQ,2020,next_rth_range,0.20905551678944034,-0.40879873999977523
POOLED,2020-02-18,SPY,2020,next_rth_range,0.21878945206422076,-0.6138355283933672
POOLED,2020-02-19,IWM,2020,next_rth_range,0.2122788681927485,0.23616934520504618
POOLED,2020-02-19,QQQ,2020,next_rth_range,0.18405230368158795,0.7679886517220602
POOLED,2020-02-19,SPY,2020,next_rth_range,0.3549605946690307,0.6819167104493129
POOLED,2020-02-20,IWM,2020,next_rth_range,0.2560891656200701,0.00147535752694683
POOLED,2020-02-20,QQQ,2020,next_rth_range,0.24062798253141826,0.18832451746467305
POOLED,2020-02-20,SPY,2020,next_rth_range,0.25516142849612067,-0.1825951052136876
POOLED,2020-02-21,IWM,2020,next_rth_range,0.11039538382957395,0.9976682992607624
POOLED,2020-02-21,QQQ,2020,next_rth_range,0.14506483561539824,0.07791033119910296
POOLED,2020-02-21,SPY,2020,next_rth_range,0.2817562757218026,1.3568472436595518
POOLED,2020-02-24,IWM,2020,next_rth_range,0.06412925870061321,0.4958321402832251
POOLED,2020-02-24,QQQ,2020,next_rth_range,0.0778397279309797,0.8048232510064701
POOLED,2020-02-24,SPY,2020,next_rth_range,0.1195554715901254,0.5927532197027263
POOLED,2020-02-25,IWM,2020,next_rth_range,0.12107980904722697,0.03745851925055188
POOLED,2020-02-25,QQQ,2020,next_rth_range,0.11830175141672365,-0.027921474080482067
POOLED,2020-02-25,SPY,2020,next_rth_range,0.07856862410941794,0.07936940277722826
POOLED,2020-02-26,IWM,2020,next_rth_range,0.18684834198434752,0.6363950730888925
POOLED,2020-02-26,QQQ,2020,next_rth_range,0.06549580627414102,0.8643933491744038
POOLED,2020-02-26,SPY,2020,next_rth_range,0.16892329614843798,0.9697440239387416
POOLED,2020-02-27,IWM,2020,next_rth_range,0.051375751117941376,0.28578196725509875
POOLED,2020-02-27,QQQ,2020,next_rth_range,0.11393749405383868,0.3864312930759022
POOLED,2020-02-27,SPY,2020,next_rth_range,0.04729441766627764,0.5284563168041063
POOLED,2020-02-28,IWM,2020,next_rth_range,0.04549868123338903,0.4231369081678169
POOLED,2020-02-28,QQQ,2020,next_rth_range,0.10532762725586471,0.5532289344814907
POOLED,2020-02-28,SPY,2020,next_rth_range,0.09727097191494971,0.6753864376436587
POOLED,2020-03-02,IWM,2020,next_rth_range,0.043190522739754766,0.5774221051351747
POOLED,2020-03-02,QQQ,2020,next_rth_range,0.06241476993569212,0.5002826661167381
POOLED,2020-03-02,SPY,2020,next_rth_range,0.14328837053492802,0.5859546175486807
POOLED,2020-03-03,IWM,2020,next_rth_range,0.052928019070633846,-0.2741419958170481
POOLED,2020-03-03,QQQ,2020,next_rth_range,0.1865368253771095,-0.09134245851696621
POOLED,2020-03-03,SPY,2020,next_rth_range,0.16249298370829762,0.016902344450891782
POOLED,2020-03-04,IWM,2020,next_rth_range,0.048233717492135945,0.6291382673944383
POOLED,2020-03-04,QQQ,2020,next_rth_range,0.12103241502327038,0.04806907283844941
POOLED,2020-03-04,SPY,2020,next_rth_range,0.08958278242890132,0.09362971395454744
POOLED,2020-03-05,IWM,2020,next_rth_range,0.09349928510880057,0.030140138714883413
POOLED,2020-03-05,QQQ,2020,next_rth_range,0.07870829779015255,0.10296240934301659
POOLED,2020-03-05,SPY,2020,next_rth_range,0.10813723074773499,0.1944459862948591
POOLED,2020-03-06,IWM,2020,next_rth_range,0.29362021764684937,0.44765487413824445
POOLED,2020-03-06,QQQ,2020,next_rth_range,0.08000690132909087,0.5417090050680646
POOLED,2020-03-06,SPY,2020,next_rth_range,0.06418135847002707,0.5120404842671111
POOLED,2020-03-09,IWM,2020,next_rth_range,0.3516359232882791,0.41711800185404435
POOLED,2020-03-09,QQQ,2020,next_rth_range,0.04238838624544709,0.30891648372824454
POOLED,2020-03-09,SPY,2020,next_rth_range,0.12488265533552985,0.6045798509910121
POOLED,2020-03-10,IWM,2020,next_rth_range,0.1613464255727564,0.46574756673117923
POOLED,2020-03-10,QQQ,2020,next_rth_range,0.1144931019366366,0.057527463087412745
POOLED,2020-03-10,SPY,2020,next_rth_range,0.07118036973126642,0.16181584026035312
POOLED,2020-03-11,IWM,2020,next_rth_range,0.011954354979534853,0.5813400518146286
POOLED,2020-03-11,QQQ,2020,next_rth_range,0.11351677002193114,0.8462180170102616
POOLED,2020-03-11,SPY,2020,next_rth_range,0.14323772585140337,0.9514081455706109
POOLED,2020-03-12,IWM,2020,next_rth_range,0.05784312428697823,0.6525121742927888
POOLED,2020-03-12,QQQ,2020,next_rth_range,0.0824540678543699,0.6115613459757547
POOLED,2020-03-12,SPY,2020,next_rth_range,0.06044153499704365,0.7554438067565439
POOLED,2020-03-13,IWM,2020,next_rth_range,0.291955443811741,0.4726872747810704
POOLED,2020-03-13,QQQ,2020,next_rth_range,0.07523417490386004,0.5145265693835013
POOLED,2020-03-13,SPY,2020,next_rth_range,0.14713190160796816,0.5310305225654433
POOLED,2020-03-16,IWM,2020,next_rth_range,0.01143103751340762,0.47883940401809655
POOLED,2020-03-16,QQQ,2020,next_rth_range,0.22948546031348255,0.39519398602812306
POOLED,2020-03-16,SPY,2020,next_rth_range,0.1389993116546822,0.43416856665261294
POOLED,2020-03-17,IWM,2020,next_rth_range,0.06267471067029225,0.5042397082676566
POOLED,2020-03-17,QQQ,2020,next_rth_range,0.10394561429465521,0.2756354911718799
POOLED,2020-03-17,SPY,2020,next_rth_range,0.09125982806273199,0.5813620839666491
POOLED,2020-03-18,IWM,2020,next_rth_range,0.423639228739399,0.5233799570921915
POOLED,2020-03-18,QQQ,2020,next_rth_range,0.07556535981935229,0.2635039965377599
POOLED,2020-03-18,SPY,2020,next_rth_range,0.16677062081701724,0.1826194162020438
POOLED,2020-03-19,IWM,2020,next_rth_range,0.11621104613964905,0.12325190798930885
POOLED,2020-03-19,QQQ,2020,next_rth_range,0.10194168275433804,0.31980153110013276
POOLED,2020-03-19,SPY,2020,next_rth_range,0.14758105796946805,0.3582335838623085
POOLED,2020-03-20,IWM,2020,next_rth_range,0.0406751954809241,0.07870826277174592
POOLED,2020-03-20,QQQ,2020,next_rth_range,0.2727416086223027,0.10237679810598133
POOLED,2020-03-20,SPY,2020,next_rth_range,0.02279789137414317,0.1543652046582542
POOLED,2020-03-23,IWM,2020,next_rth_range,0.3044730021090301,0.589635586652776
POOLED,2020-03-23,QQQ,2020,next_rth_range,0.25805718793543597,-0.32635748456238334
POOLED,2020-03-23,SPY,2020,next_rth_range,0.06007039076112942,0.17273967539338164
POOLED,2020-03-24,IWM,2020,next_rth_range,0.03475676552813978,0.19086781857258783
POOLED,2020-03-24,QQQ,2020,next_rth_range,0.034822172898693,0.43587564546680424
POOLED,2020-03-24,SPY,2020,next_rth_range,0.06416646528055009,0.6408404219936519
POOLED,2020-03-25,IWM,2020,next_rth_range,0.29249018304311947,0.02856608276971251
POOLED,2020-03-25,QQQ,2020,next_rth_range,0.07033670195929434,0.14213770532034609
POOLED,2020-03-25,SPY,2020,next_rth_range,0.07283034476955319,0.16677410896594935
POOLED,2020-03-26,IWM,2020,next_rth_range,0.03830439743767233,-0.015489853326343006
POOLED,2020-03-26,QQQ,2020,next_rth_range,0.08451176581114826,-0.2665167347416575
POOLED,2020-03-26,SPY,2020,next_rth_range,0.16813536898898043,-0.038398576430950015
POOLED,2020-03-27,IWM,2020,next_rth_range,0.061314980592654326,-0.146810701889172
POOLED,2020-03-27,QQQ,2020,next_rth_range,0.14923374182177637,-0.028987725085808158
POOLED,2020-03-27,SPY,2020,next_rth_range,0.06134860225252838,-0.08017431144478326
POOLED,2020-03-30,IWM,2020,next_rth_range,0.2112484453617514,-0.07907939655591179
POOLED,2020-03-30,QQQ,2020,next_rth_range,0.048250746071982376,-0.05565207238693981
POOLED,2020-03-30,SPY,2020,next_rth_range,0.051867318777465476,-0.14609903147089698
POOLED,2020-03-31,IWM,2020,next_rth_range,0.3623200837262973,0.10236689977772073
POOLED,2020-03-31,QQQ,2020,next_rth_range,0.2532136226075473,0.09775167792915784
POOLED,2020-03-31,SPY,2020,next_rth_range,0.07358357785150663,0.6839111045246389
POOLED,2020-04-01,IWM,2020,next_rth_range,0.16176541927456026,0.2577110318956395
POOLED,2020-04-01,QQQ,2020,next_rth_range,0.06739363917186994,0.3388502470314103
POOLED,2020-04-01,SPY,2020,next_rth_range,0.18399850516223767,-0.21633705746386722
POOLED,2020-04-02,IWM,2020,next_rth_range,0.08548350646107578,0.09084401653025642
POOLED,2020-04-02,QQQ,2020,next_rth_range,0.03177458530015968,-0.26526451177207777
POOLED,2020-04-02,SPY,2020,next_rth_range,0.07381484631987367,0.08986751721079589
POOLED,2020-04-03,IWM,2020,next_rth_range,0.2688316823820506,-0.11184986370329586
POOLED,2020-04-03,QQQ,2020,next_rth_range,0.07941960065268146,0.32009158283027883
POOLED,2020-04-03,SPY,2020,next_rth_range,0.10364607684887517,0.8941143095354027
POOLED,2020-04-06,IWM,2020,next_rth_range,0.028542971141916,0.3011175048279515
POOLED,2020-04-06,QQQ,2020,next_rth_range,0.06245385599274541,-0.1584278056807844
POOLED,2020-04-06,SPY,2020,next_rth_range,0.13338100117144056,-0.19491810952055522
POOLED,2020-04-07,IWM,2020,next_rth_range,0.04371505421814912,0.11672760259476389
POOLED,2020-04-07,QQQ,2020,next_rth_range,0.06635941409393442,-0.26960725241868255
POOLED,2020-04-07,SPY,2020,next_rth_range,0.14555635945084378,0.2508333339626545
POOLED,2020-04-08,IWM,2020,next_rth_range,0.08416567001811279,-0.5080895001151782
POOLED,2020-04-08,QQQ,2020,next_rth_range,0.2084178199754589,-0.33035461466219873
POOLED,2020-04-08,SPY,2020,next_rth_range,0.1614603811233703,-0.43663614618266067
POOLED,2020-04-09,IWM,2020,next_rth_range,0.04430894572365152,0.09529280337236701
POOLED,2020-04-09,QQQ,2020,next_rth_range,0.21474488341233633,-0.1161107091230722
POOLED,2020-04-09,SPY,2020,next_rth_range,0.07399324912665571,-0.09492958481651215
POOLED,2020-04-13,IWM,2020,next_rth_range,0.1659971579949492,-0.242273964377675
POOLED,2020-04-13,QQQ,2020,next_rth_range,0.13335457651421634,0.08408484341709821
POOLED,2020-04-13,SPY,2020,next_rth_range,0.1684101128485828,0.3242400990733669
POOLED,2020-04-14,IWM,2020,next_rth_range,0.06558549780496696,-0.4292275035791291
POOLED,2020-04-14,QQQ,2020,next_rth_range,0.11543405915949663,-0.22297294143330948
POOLED,2020-04-14,SPY,2020,next_rth_range,0.13115716515656253,0.10703852179997053
POOLED,2020-04-15,IWM,2020,next_rth_range,0.07783062906811772,0.08181391637132185
POOLED,2020-04-15,QQQ,2020,next_rth_range,0.21349760217336838,-0.1579602468229373
POOLED,2020-04-15,SPY,2020,next_rth_range,0.08688389568821306,-0.6383096154824388
POOLED,2020-04-16,IWM,2020,next_rth_range,0.05819563856998825,-0.42865329823844833
POOLED,2020-04-16,QQQ,2020,next_rth_range,0.06805868257978613,-0.18522306896491303
POOLED,2020-04-16,SPY,2020,next_rth_range,0.24498860858347754,-0.18764319306914246
POOLED,2020-04-17,IWM,2020,next_rth_range,0.04760100271102646,0.10781039624511468
POOLED,2020-04-17,QQQ,2020,next_rth_range,0.13333704963248516,-0.4289071257485486
POOLED,2020-04-17,SPY,2020,next_rth_range,0.07769331633446559,-0.039157187635685986
POOLED,2020-04-20,IWM,2020,next_rth_range,0.024949828199164432,-0.34124571585245844
POOLED,2020-04-20,QQQ,2020,next_rth_range,0.13837483791219762,0.5372181856361871
POOLED,2020-04-20,SPY,2020,next_rth_range,0.05322431541060156,0.02934136557564626
POOLED,2020-04-21,IWM,2020,next_rth_range,0.06617436772791704,-0.4643042785321603
POOLED,2020-04-21,QQQ,2020,next_rth_range,0.17626322985919493,-0.4185885870547499
POOLED,2020-04-21,SPY,2020,next_rth_range,0.08080707361147296,-0.38045820853893453
POOLED,2020-04-22,IWM,2020,next_rth_range,0.023206759555631454,0.10318789237419956
POOLED,2020-04-22,QQQ,2020,next_rth_range,0.20731474520277837,-0.07213637235398274
POOLED,2020-04-22,SPY,2020,next_rth_range,0.1860355793673534,0.021040092189125836
POOLED,2020-04-23,IWM,2020,next_rth_range,0.2658764612877463,-0.13013644103030453
POOLED,2020-04-23,QQQ,2020,next_rth_range,0.17283182079587753,0.002936797228473065
POOLED,2020-04-23,SPY,2020,next_rth_range,0.19831284139684552,-0.053304108066026146
POOLED,2020-04-24,IWM,2020,next_rth_range,0.15164962141949773,0.2847849023763831
POOLED,2020-04-24,QQQ,2020,next_rth_range,0.07851651737807047,-0.8601524630412958
POOLED,2020-04-24,SPY,2020,next_rth_range,0.08596508260760889,-0.38447187986165243
POOLED,2020-04-27,IWM,2020,next_rth_range,0.07506784523185503,-0.008112185635317015
POOLED,2020-04-27,QQQ,2020,next_rth_range,0.180303610212015,0.5260523971031814
POOLED,2020-04-27,SPY,2020,next_rth_range,0.08336472716227322,0.24732512876537616
POOLED,2020-04-28,IWM,2020,next_rth_range,0.051724910009125366,0.2502925840993022
POOLED,2020-04-28,QQQ,2020,next_rth_range,0.12026926570876051,-0.09487612545536184
POOLED,2020-04-28,SPY,2020,next_rth_range,0.21013494896512172,-0.20127166970096866
POOLED,2020-04-29,IWM,2020,next_rth_range,0.18401090142420923,-0.4315996102266375
POOLED,2020-04-29,QQQ,2020,next_rth_range,0.1716930495009071,-0.6296565785801929
POOLED,2020-04-29,SPY,2020,next_rth_range,0.09074968972943064,-0.05592523267238203
POOLED,2020-04-30,IWM,2020,next_rth_range,0.17280969338144975,0.23982230482167566
POOLED,2020-04-30,QQQ,2020,next_rth_range,0.25736094991138403,0.29148917288482323
POOLED,2020-04-30,SPY,2020,next_rth_range,0.17343061354744643,0.6005325615464518
POOLED,2020-05-01,IWM,2020,next_rth_range,0.15460029401697775,-0.09500069777529818
POOLED,2020-05-01,QQQ,2020,next_rth_range,0.12228538837006919,-0.13535861892404188
POOLED,2020-05-01,SPY,2020,next_rth_range,0.07038482395289605,-0.3738535483330354
POOLED,2020-05-04,IWM,2020,next_rth_range,0.035256212443976157,-0.019067695226021364
POOLED,2020-05-04,QQQ,2020,next_rth_range,0.18551657818399114,-0.3481204230266566
POOLED,2020-05-04,SPY,2020,next_rth_range,0.04694389570436967,0.07838217537515035
POOLED,2020-05-05,IWM,2020,next_rth_range,0.05093198255488725,-0.18389908817630607
POOLED,2020-05-05,QQQ,2020,next_rth_range,0.13359626235903885,-0.3588198561252436
POOLED,2020-05-05,SPY,2020,next_rth_range,0.1740613836470485,-0.16659010933709872
POOLED,2020-05-06,IWM,2020,next_rth_range,0.039195801820388794,-0.5385215747986578
POOLED,2020-05-06,QQQ,2020,next_rth_range,0.2583719958374038,-0.500453652507046
POOLED,2020-05-06,SPY,2020,next_rth_range,0.1731474032187046,-0.5483835706619598
POOLED,2020-05-07,IWM,2020,next_rth_range,0.16688119435729543,0.18787548208548488
POOLED,2020-05-07,QQQ,2020,next_rth_range,0.09250052428472463,-0.5408490959127188
POOLED,2020-05-07,SPY,2020,next_rth_range,0.12680247402582803,-0.267758392107158
POOLED,2020-05-08,IWM,2020,next_rth_range,0.14166206456355965,0.0634442951655303
POOLED,2020-05-08,QQQ,2020,next_rth_range,0.10502244081075475,0.45340120564231023
POOLED,2020-05-08,SPY,2020,next_rth_range,0.12389171969478141,0.09373496903919865
POOLED,2020-05-11,IWM,2020,next_rth_range,0.10857360667887633,0.43203527105794537
POOLED,2020-05-11,QQQ,2020,next_rth_range,0.15251218723523868,0.42563207469721087
POOLED,2020-05-11,SPY,2020,next_rth_range,0.10143847584941029,0.5928867870277812
POOLED,2020-05-12,IWM,2020,next_rth_range,0.05294824252223028,0.3270111009776717
POOLED,2020-05-12,QQQ,2020,next_rth_range,0.10485896840061103,0.5128698814196704
POOLED,2020-05-12,SPY,2020,next_rth_range,0.10729108374114113,0.39588906198278107
POOLED,2020-05-13,IWM,2020,next_rth_range,0.1274301557391427,0.37904453342776234
POOLED,2020-05-13,QQQ,2020,next_rth_range,0.22219686037214945,0.060041417645686934
POOLED,2020-05-13,SPY,2020,next_rth_range,0.10456581710326102,0.7415065119579891
POOLED,2020-05-14,IWM,2020,next_rth_range,0.16301316939878538,-0.10100346223789902
POOLED,2020-05-14,QQQ,2020,next_rth_range,0.1280323058211289,0.03705321818972562
POOLED,2020-05-14,SPY,2020,next_rth_range,0.26705871173326073,-0.36866040041888315
POOLED,2020-05-15,IWM,2020,next_rth_range,0.15344030883706278,-0.38419661635435753
POOLED,2020-05-15,QQQ,2020,next_rth_range,0.11533416408660892,-0.3460042206881977
POOLED,2020-05-15,SPY,2020,next_rth_range,0.19144087761738646,-0.15267826740132584
POOLED,2020-05-18,IWM,2020,next_rth_range,0.048456200977333296,0.04930705792011114
POOLED,2020-05-18,QQQ,2020,next_rth_range,0.12410556718775276,-0.20761212200601253
POOLED,2020-05-18,SPY,2020,next_rth_range,0.1604861802521677,-0.07070737539810601
POOLED,2020-05-19,IWM,2020,next_rth_range,0.11923641152020045,-0.32555571725001275
POOLED,2020-05-19,QQQ,2020,next_rth_range,0.12381665535528663,-0.47507195927014934
POOLED,2020-05-19,SPY,2020,next_rth_range,0.1286746159673795,-0.6828577337308817
POOLED,2020-05-20,IWM,2020,next_rth_range,0.04392153712707431,-0.25770558537058097
POOLED,2020-05-20,QQQ,2020,next_rth_range,0.07970067294217277,0.23239037326541379
POOLED,2020-05-20,SPY,2020,next_rth_range,0.11601795557959187,0.13305318952378897
POOLED,2020-05-21,IWM,2020,next_rth_range,0.0728578300332064,-0.48788531895792975
POOLED,2020-05-21,QQQ,2020,next_rth_range,0.26344583507396474,-0.4895841673767096
POOLED,2020-05-21,SPY,2020,next_rth_range,0.22522814115884499,-0.5878208173298276
POOLED,2020-05-22,IWM,2020,next_rth_range,0.23908759292826512,0.5532504893618047
POOLED,2020-05-22,QQQ,2020,next_rth_range,0.14325136723777138,0.3607646492530927
POOLED,2020-05-22,SPY,2020,next_rth_range,0.17155144669630276,0.606833204282673
POOLED,2020-05-26,IWM,2020,next_rth_range,0.012753596963036006,0.3100667676910329
POOLED,2020-05-26,QQQ,2020,next_rth_range,0.21725317425306206,0.4402740098664961
POOLED,2020-05-26,SPY,2020,next_rth_range,0.26194410416588915,0.21749473345274906
POOLED,2020-05-27,IWM,2020,next_rth_range,0.0489547117446691,0.39975161434429474
POOLED,2020-05-27,QQQ,2020,next_rth_range,0.1434770164512293,-0.12294923381397371
POOLED,2020-05-27,SPY,2020,next_rth_range,0.13373070680012342,-0.17458119015784845
POOLED,2020-05-28,IWM,2020,next_rth_range,0.2284315138066486,-0.5250414028413442
POOLED,2020-05-28,QQQ,2020,next_rth_range,0.20922418098372952,0.202620734518415
POOLED,2020-05-28,SPY,2020,next_rth_range,0.13329418733744816,0.22215052374735844
POOLED,2020-05-29,IWM,2020,next_rth_range,0.0244214646258019,-0.08642406772840072
POOLED,2020-05-29,QQQ,2020,next_rth_range,0.08763129045976387,-0.48907583763579066
POOLED,2020-05-29,SPY,2020,next_rth_range,0.13878023493690392,-0.3937846878495561
POOLED,2020-06-01,IWM,2020,next_rth_range,0.16906951746420137,-0.3881029932540656
POOLED,2020-06-01,QQQ,2020,next_rth_range,0.17046432868314307,0.2258195209218723
POOLED,2020-06-01,SPY,2020,next_rth_range,0.15599162274787678,-0.1640221469166061
POOLED,2020-06-02,IWM,2020,next_rth_range,0.12802937136033682,-0.0288824362190625
POOLED,2020-06-02,QQQ,2020,next_rth_range,0.13208869446092217,-0.5212856921841551
POOLED,2020-06-02,SPY,2020,next_rth_range,0.14060521007437396,-0.07898080905844918
POOLED,2020-06-03,IWM,2020,next_rth_range,0.190540888205936,-0.3068123581532438
POOLED,2020-06-03,QQQ,2020,next_rth_range,0.10337882515443847,0.3692995150741023
POOLED,2020-06-03,SPY,2020,next_rth_range,0.11654618860066203,0.07934977879297644
POOLED,2020-06-04,IWM,2020,next_rth_range,0.2253884697595682,-0.10513967831299098
POOLED,2020-06-04,QQQ,2020,next_rth_range,0.2325036572817946,0.21653066376662666
POOLED,2020-06-04,SPY,2020,next_rth_range,0.2259948709883199,-0.034180228103044996
POOLED,2020-06-05,IWM,2020,next_rth_range,0.2576712681925447,-0.6569380962520022
POOLED,2020-06-05,QQQ,2020,next_rth_range,0.12514213241445324,-0.05575518438557303
POOLED,2020-06-05,SPY,2020,next_rth_range,0.2275504097245723,-0.14096098901942256
POOLED,2020-06-08,IWM,2020,next_rth_range,0.052157858274301576,-0.004630743624579381
POOLED,2020-06-08,QQQ,2020,next_rth_range,0.07064432552913816,0.01582390195080663
POOLED,2020-06-08,SPY,2020,next_rth_range,0.08256881595059083,-0.04396517998311911
POOLED,2020-06-09,IWM,2020,next_rth_range,0.27915274336775986,0.22884020391635262
POOLED,2020-06-09,QQQ,2020,next_rth_range,0.09182151807290186,-0.1069347341552298
POOLED,2020-06-09,SPY,2020,next_rth_range,0.22379383943157838,-0.08227141158753515
POOLED,2020-06-10,IWM,2020,next_rth_range,0.04775172764391423,0.47454604787786936
POOLED,2020-06-10,QQQ,2020,next_rth_range,0.15661991444137166,1.0201462633010796
POOLED,2020-06-10,SPY,2020,next_rth_range,0.18595007618367979,1.0489273477614711
POOLED,2020-06-11,IWM,2020,next_rth_range,0.22340812277357805,0.28765245098872017
POOLED,2020-06-11,QQQ,2020,next_rth_range,0.20484816593553817,0.317298410419367
POOLED,2020-06-11,SPY,2020,next_rth_range,0.21284326472733026,0.2969601581788739
POOLED,2020-06-12,IWM,2020,next_rth_range,0.04123397303358729,0.5162961685386303
POOLED,2020-06-12,QQQ,2020,next_rth_range,0.15196633756596772,0.2815778332709473
POOLED,2020-06-12,SPY,2020,next_rth_range,0.1191255338638483,0.4811019211716552
POOLED,2020-06-15,IWM,2020,next_rth_range,0.028929000844496698,-0.14399696061066214
POOLED,2020-06-15,QQQ,2020,next_rth_range,0.0763538604676891,-0.13975615717695877
POOLED,2020-06-15,SPY,2020,next_rth_range,0.10486697666066666,-0.00035894596960917013
POOLED,2020-06-16,IWM,2020,next_rth_range,0.24156608632111776,-0.30903978351035866
POOLED,2020-06-16,QQQ,2020,next_rth_range,0.14678072065419923,-0.6162477282271239
POOLED,2020-06-16,SPY,2020,next_rth_range,0.10243156192362071,-0.634701610785684
POOLED,2020-06-17,IWM,2020,next_rth_range,0.11191682305179801,-0.10908244204816642
POOLED,2020-06-17,QQQ,2020,next_rth_range,0.12324718148774295,-0.6173829503140889
POOLED,2020-06-17,SPY,2020,next_rth_range,0.09158507044946558,-0.4779924152816868
POOLED,2020-06-18,IWM,2020,next_rth_range,0.13539177707360966,0.23220923641935265
POOLED,2020-06-18,QQQ,2020,next_rth_range,0.25172310365308875,0.44071317795089904
POOLED,2020-06-18,SPY,2020,next_rth_range,0.16065237820904713,0.7378390597297888
POOLED,2020-06-19,IWM,2020,next_rth_range,0.04697493956634199,-0.055026159396208474
POOLED,2020-06-19,QQQ,2020,next_rth_range,0.14680058865778847,-0.13996782072082237
POOLED,2020-06-19,SPY,2020,next_rth_range,0.1696092821414789,-0.30557662537443875
POOLED,2020-06-22,IWM,2020,next_rth_range,0.1646658091593291,-0.6085344378726383
POOLED,2020-06-22,QQQ,2020,next_rth_range,0.10226462718876611,-0.08144971411948454
POOLED,2020-06-22,SPY,2020,next_rth_range,0.19534316586571662,-0.46242785559626753
POOLED,2020-06-24,IWM,2020,next_rth_range,0.1045621532251076,0.03471398947750037
POOLED,2020-06-24,QQQ,2020,next_rth_range,0.1258636229235069,-0.007716542244148528
POOLED,2020-06-24,SPY,2020,next_rth_range,0.1403839170399521,0.042756575291540866
POOLED,2020-06-25,IWM,2020,next_rth_range,0.2705132175099844,-0.13564155534128064
POOLED,2020-06-25,QQQ,2020,next_rth_range,0.23454939908931044,0.29615216925270094
POOLED,2020-06-25,SPY,2020,next_rth_range,0.11475520163523589,0.22571464181386247
POOLED,2020-06-26,IWM,2020,next_rth_range,0.12686080062366603,0.3639309012294287
POOLED,2020-06-26,QQQ,2020,next_rth_range,0.13954468508953666,0.0939461304747895
POOLED,2020-06-26,SPY,2020,next_rth_range,0.22295419483051043,-0.013560273934125622
POOLED,2020-06-29,IWM,2020,next_rth_range,0.09708393689297307,-0.34952422298689134
POOLED,2020-06-29,QQQ,2020,next_rth_range,0.227355004612757,0.13261746940275465
POOLED,2020-06-29,SPY,2020,next_rth_range,0.17002465241216516,0.1548168563227339
POOLED,2020-06-30,IWM,2020,next_rth_range,0.064264140680204,-0.05493754077662105
POOLED,2020-06-30,QQQ,2020,next_rth_range,0.12128243451181536,-0.11003985519783255
POOLED,2020-06-30,SPY,2020,next_rth_range,0.09346400760216103,-0.7057979926428581
POOLED,2020-07-01,IWM,2020,next_rth_range,0.08675140382592593,-0.03934157226914392
POOLED,2020-07-01,QQQ,2020,next_rth_range,0.2059329530357133,-0.572338403677052
POOLED,2020-07-01,SPY,2020,next_rth_range,0.287509800493038,0.03259702119334751
POOLED,2020-07-02,IWM,2020,next_rth_range,0.1387722544961605,-0.2573608183844951
POOLED,2020-07-02,QQQ,2020,next_rth_range,0.13442999532917416,-0.04476306100041061
POOLED,2020-07-02,SPY,2020,next_rth_range,0.09560493645509276,-0.8001298854338774
POOLED,2020-07-06,IWM,2020,next_rth_range,0.12238515806903683,-0.02240671531365024
POOLED,2020-07-06,QQQ,2020,next_rth_range,0.08347502011210835,0.17400826531229896
POOLED,2020-07-06,SPY,2020,next_rth_range,0.09433328497859088,0.2429318400649132
POOLED,2020-07-07,IWM,2020,next_rth_range,0.05974516874994148,0.08848842652299638
POOLED,2020-07-07,QQQ,2020,next_rth_range,0.11869915851387776,-0.27437605679583665
POOLED,2020-07-07,SPY,2020,next_rth_range,0.13951173066790473,-0.21644822476200343
POOLED,2020-07-08,IWM,2020,next_rth_range,0.11833113066902064,0.42536053922290984
POOLED,2020-07-08,QQQ,2020,next_rth_range,0.2155488229868158,0.2444742874116259
POOLED,2020-07-08,SPY,2020,next_rth_range,0.1446279431195609,0.42214560616396923
POOLED,2020-07-09,IWM,2020,next_rth_range,0.08046540711283053,-0.2635418392798967
POOLED,2020-07-09,QQQ,2020,next_rth_range,0.15101459600386305,-0.047475378890927455
POOLED,2020-07-09,SPY,2020,next_rth_range,0.14211903248962537,-0.03273440278658857
POOLED,2020-07-10,IWM,2020,next_rth_range,0.14509682493649684,0.5340889064756529
POOLED,2020-07-10,QQQ,2020,next_rth_range,0.12652672017711897,0.9703471581413781
POOLED,2020-07-10,SPY,2020,next_rth_range,0.13063473780861976,0.6258926861729766
POOLED,2020-07-13,IWM,2020,next_rth_range,0.22204333374578228,-0.13065273465796112
POOLED,2020-07-13,QQQ,2020,next_rth_range,0.0933064849638559,0.17939855585127162
POOLED,2020-07-13,SPY,2020,next_rth_range,0.11444999381182559,0.3373527002552388
POOLED,2020-07-14,IWM,2020,next_rth_range,0.09855041536262245,-0.06501426421491141
POOLED,2020-07-14,QQQ,2020,next_rth_range,0.15424865535533241,-0.10432389978821632
POOLED,2020-07-14,SPY,2020,next_rth_range,0.20597537615139533,-0.3642052278533665
POOLED,2020-07-15,IWM,2020,next_rth_range,0.038086632686926386,-0.5583612398454676
POOLED,2020-07-15,QQQ,2020,next_rth_range,0.22167673984464317,-0.12250937470707335
POOLED,2020-07-15,SPY,2020,next_rth_range,0.16800288303793273,-0.6244808075140984
POOLED,2020-07-16,IWM,2020,next_rth_range,0.12059046873509528,-0.2536545749566219
POOLED,2020-07-16,QQQ,2020,next_rth_range,0.297069323504359,-0.31014429852942893
POOLED,2020-07-16,SPY,2020,next_rth_range,0.31213485460382495,-0.13053230319201958
POOLED,2020-07-17,IWM,2020,next_rth_range,0.0960412902374435,-0.49579923318469366
POOLED,2020-07-17,QQQ,2020,next_rth_range,0.0950123121026552,0.7787665711240082
POOLED,2020-07-17,SPY,2020,next_rth_range,0.18021893064878491,0.18946298796806982
POOLED,2020-07-20,IWM,2020,next_rth_range,0.09195095986675379,-0.24008993877876872
POOLED,2020-07-20,QQQ,2020,next_rth_range,0.11143594565254786,-0.1477873149028599
POOLED,2020-07-20,SPY,2020,next_rth_range,0.2149759969672425,-0.3253074558288054
POOLED,2020-07-21,IWM,2020,next_rth_range,0.0832351793419539,-0.44107878464719885
POOLED,2020-07-21,QQQ,2020,next_rth_range,0.15114977983798758,-0.3610746647994425
POOLED,2020-07-21,SPY,2020,next_rth_range,0.24475569730270919,-0.23671614666425356
POOLED,2020-07-22,IWM,2020,next_rth_range,0.07220712142807716,0.4750845459361308
POOLED,2020-07-22,QQQ,2020,next_rth_range,0.17392282935982004,0.7352438193544115
POOLED,2020-07-22,SPY,2020,next_rth_range,0.15048932321731942,0.58316604002178
POOLED,2020-07-23,IWM,2020,next_rth_range,0.13536161403179642,-0.37921987438997107
POOLED,2020-07-23,QQQ,2020,next_rth_range,0.16939870942019275,-0.06731006149796093
POOLED,2020-07-23,SPY,2020,next_rth_range,0.17756572099203322,-0.48315840459197723
POOLED,2020-07-24,IWM,2020,next_rth_range,0.10016375004371782,-0.03585535326142164
POOLED,2020-07-24,QQQ,2020,next_rth_range,0.1199991065284164,-0.25224593207459245
POOLED,2020-07-24,SPY,2020,next_rth_range,0.19810117688361537,-0.3203747417591112
POOLED,2020-07-27,IWM,2020,next_rth_range,0.08439678953748153,-0.22349084855776358
POOLED,2020-07-27,QQQ,2020,next_rth_range,0.19167356260172164,-0.2565374777752929
POOLED,2020-07-27,SPY,2020,next_rth_range,0.12361943040239619,-0.12734340603433214
POOLED,2020-07-28,IWM,2020,next_rth_range,0.11217951942620984,0.0893161949017447
POOLED,2020-07-28,QQQ,2020,next_rth_range,0.13031002705885278,-0.3623832282910726
POOLED,2020-07-28,SPY,2020,next_rth_range,0.22606457423804693,0.11549256034911348
POOLED,2020-07-29,IWM,2020,next_rth_range,0.1521023192651877,0.09021149864604183
POOLED,2020-07-29,QQQ,2020,next_rth_range,0.1680779073285177,0.33206367036674145
POOLED,2020-07-29,SPY,2020,next_rth_range,0.17395971085911316,0.2846816314516767
POOLED,2020-07-30,IWM,2020,next_rth_range,0.05290262860973012,0.30585702483621535
POOLED,2020-07-30,QQQ,2020,next_rth_range,0.17735565619434115,0.05659304732283754
POOLED,2020-07-30,SPY,2020,next_rth_range,0.20337834356702203,0.25596088012048135
POOLED,2020-07-31,IWM,2020,next_rth_range,0.0781159296601238,-0.16444768845169122
POOLED,2020-07-31,QQQ,2020,next_rth_range,0.12277633783728972,-0.8329941587023764
POOLED,2020-07-31,SPY,2020,next_rth_range,0.19983181021800117,-0.8566501353685281
POOLED,2020-08-03,IWM,2020,next_rth_range,0.08982115636216484,-0.3845894315782594
POOLED,2020-08-03,QQQ,2020,next_rth_range,0.15539144458626872,-0.33593886382644644
POOLED,2020-08-03,SPY,2020,next_rth_range,0.19355114844212823,-0.2651901712824287
POOLED,2020-08-04,IWM,2020,next_rth_range,0.03697950967896526,-0.10624791959307167
POOLED,2020-08-04,QQQ,2020,next_rth_range,0.16542622637797497,-0.7189771506378966
POOLED,2020-08-04,SPY,2020,next_rth_range,0.25715950828906126,-0.8454493730160255
POOLED,2020-08-05,IWM,2020,next_rth_range,0.2057941452457701,-0.4864970523193275
POOLED,2020-08-05,QQQ,2020,next_rth_range,0.22706441411316886,0.49824869955581974
POOLED,2020-08-05,SPY,2020,next_rth_range,0.1343069388399002,0.3300190747533174
POOLED,2020-08-06,IWM,2020,next_rth_range,0.29974380706871584,0.29519445389858934
POOLED,2020-08-06,QQQ,2020,next_rth_range,0.1897117238121784,0.2636160680526256
POOLED,2020-08-06,SPY,2020,next_rth_range,0.2441143196767083,-0.1343913216535606
POOLED,2020-08-07,IWM,2020,next_rth_range,0.03881430647903191,-0.2590269916450003
POOLED,2020-08-07,QQQ,2020,next_rth_range,0.06284724078988331,0.09336591169469077
POOLED,2020-08-07,SPY,2020,next_rth_range,0.26722540662330435,-0.011247533123651898
POOLED,2020-08-10,IWM,2020,next_rth_range,0.02430677857723019,0.40764770003732975
POOLED,2020-08-10,QQQ,2020,next_rth_range,0.1965066007575643,0.23520052486317677
POOLED,2020-08-10,SPY,2020,next_rth_range,0.231175228255548,0.63531189717858
POOLED,2020-08-11,IWM,2020,next_rth_range,0.06341539960686847,-0.25176512653916117
POOLED,2020-08-11,QQQ,2020,next_rth_range,0.1708275500229496,0.1406926673503226
POOLED,2020-08-11,SPY,2020,next_rth_range,0.1659269611903777,-0.31376083975784574
POOLED,2020-08-12,IWM,2020,next_rth_range,0.12496556791066409,-0.2467835731772432
POOLED,2020-08-12,QQQ,2020,next_rth_range,0.1342770900395286,-0.39331007882740465
POOLED,2020-08-12,SPY,2020,next_rth_range,0.24413658956739692,-0.25733324136806246
POOLED,2020-08-13,IWM,2020,next_rth_range,0.08862767845055973,-0.1822372534565595
POOLED,2020-08-13,QQQ,2020,next_rth_range,0.11799681939954625,-0.4510870022880562
POOLED,2020-08-13,SPY,2020,next_rth_range,0.2539689057417983,-0.5474778853909603
POOLED,2020-08-14,IWM,2020,next_rth_range,0.07494030483785062,-0.5051964424654463
POOLED,2020-08-14,QQQ,2020,next_rth_range,0.12137862016399051,0.002392983705221674
POOLED,2020-08-14,SPY,2020,next_rth_range,0.21891777356911138,-0.6121757160594976
POOLED,2020-08-17,IWM,2020,next_rth_range,0.09473429948484494,0.17362127778974834
POOLED,2020-08-17,QQQ,2020,next_rth_range,0.21160649990582056,-0.14590992372903422
POOLED,2020-08-17,SPY,2020,next_rth_range,0.20481918958342488,-0.10577751682914549
POOLED,2020-08-18,IWM,2020,next_rth_range,0.12376414844927495,-0.15958301951973564
POOLED,2020-08-18,QQQ,2020,next_rth_range,0.1320808458144213,-0.1363109605871582
POOLED,2020-08-18,SPY,2020,next_rth_range,0.38386748072177457,-0.004809266345061403
POOLED,2020-08-19,IWM,2020,next_rth_range,0.1146222534088708,-0.053411700135254314
POOLED,2020-08-19,QQQ,2020,next_rth_range,0.22762882326149173,0.395558414269805
POOLED,2020-08-19,SPY,2020,next_rth_range,0.17503874513627463,0.2272906623559905
POOLED,2020-08-20,IWM,2020,next_rth_range,0.3621908184339799,0.02144480263306825
POOLED,2020-08-20,QQQ,2020,next_rth_range,0.18820193644193112,-0.47030867169451973
POOLED,2020-08-20,SPY,2020,next_rth_range,0.25698693956710944,-0.3276909573479534
POOLED,2020-08-21,IWM,2020,next_rth_range,0.22901590826680637,-0.12464793215773895
POOLED,2020-08-21,QQQ,2020,next_rth_range,0.12009894327161581,0.2986623723568682
POOLED,2020-08-21,SPY,2020,next_rth_range,0.27831911765280304,0.34417459033324693
POOLED,2020-08-24,IWM,2020,next_rth_range,0.09558310818647388,-0.0774205847127778
POOLED,2020-08-24,QQQ,2020,next_rth_range,0.14171951806712774,-0.14857554184350885
POOLED,2020-08-24,SPY,2020,next_rth_range,0.15120278016732427,-0.5165486768739047
POOLED,2020-08-25,IWM,2020,next_rth_range,0.1171348752800824,-0.3164462136630224
POOLED,2020-08-25,QQQ,2020,next_rth_range,0.1656264525941407,0.5250937636505153
POOLED,2020-08-25,SPY,2020,next_rth_range,0.251444049096862,0.35761976680593666
POOLED,2020-08-26,IWM,2020,next_rth_range,0.2248878737220583,0.23149853391299757
POOLED,2020-08-26,QQQ,2020,next_rth_range,0.09422818710348078,0.06903550963783456
POOLED,2020-08-26,SPY,2020,next_rth_range,0.11875135645774294,0.08819457875045789
POOLED,2020-08-27,IWM,2020,next_rth_range,0.06451046910965344,-0.45764172449982077
POOLED,2020-08-27,QQQ,2020,next_rth_range,0.20939847004320933,-0.6941709191826986
POOLED,2020-08-27,SPY,2020,next_rth_range,0.2854890932733443,-0.21305603173885235
POOLED,2020-08-28,IWM,2020,next_rth_range,0.051398111347809805,0.13372669537229864
POOLED,2020-08-28,QQQ,2020,next_rth_range,0.08896725095640376,0.2000871910658475
POOLED,2020-08-28,SPY,2020,next_rth_range,0.3046783680918245,-0.17142045489644087
POOLED,2020-08-31,IWM,2020,next_rth_range,0.23142896949211558,0.3540484462309341
POOLED,2020-08-31,QQQ,2020,next_rth_range,0.11615636770654746,0.02963983467400677
POOLED,2020-08-31,SPY,2020,next_rth_range,0.2523976913311317,0.29060973708794435
POOLED,2020-09-01,IWM,2020,next_rth_range,0.05709635565981032,0.1390521302100245
POOLED,2020-09-01,QQQ,2020,next_rth_range,0.12688973585794433,0.4379834082401808
POOLED,2020-09-01,SPY,2020,next_rth_range,0.18881135581223188,0.5440117460130676
POOLED,2020-09-02,IWM,2020,next_rth_range,0.09857558015606578,0.7785960965843506
POOLED,2020-09-02,QQQ,2020,next_rth_range,0.08539129339399093,0.9956061663235389
POOLED,2020-09-02,SPY,2020,next_rth_range,0.1310792186622867,1.277408139934368
POOLED,2020-09-03,IWM,2020,next_rth_range,0.09436446604424288,0.6484832331296682
POOLED,2020-09-03,QQQ,2020,next_rth_range,0.12789608008112696,0.7377651597953907
POOLED,2020-09-03,SPY,2020,next_rth_range,0.22139343147850768,0.6280655027939375
POOLED,2020-09-04,IWM,2020,next_rth_range,0.03549843144417844,-0.09997319895441859
POOLED,2020-09-04,QQQ,2020,next_rth_range,0.06388239013064159,-0.10654470081640355
POOLED,2020-09-04,SPY,2020,next_rth_range,0.15247750128499998,0.3208270136677349
POOLED,2020-09-08,IWM,2020,next_rth_range,0.1801769858236417,-0.2902663472254483
POOLED,2020-09-08,QQQ,2020,next_rth_range,0.19732388825767652,-0.029724823508582965
POOLED,2020-09-08,SPY,2020,next_rth_range,0.07904311738265435,-0.10812227196653446
POOLED,2020-09-09,IWM,2020,next_rth_range,0.08886453859911563,0.4369178668791802
POOLED,2020-09-09,QQQ,2020,next_rth_range,0.09009776459468767,0.5323175604130506
POOLED,2020-09-09,SPY,2020,next_rth_range,0.15315865545650595,0.5924361178493069
POOLED,2020-09-10,IWM,2020,next_rth_range,0.1872000824671205,0.10504344535575383
POOLED,2020-09-10,QQQ,2020,next_rth_range,0.08831845855337225,0.01767926882279891
POOLED,2020-09-10,SPY,2020,next_rth_range,0.1497122582624777,-0.07130383092953974
POOLED,2020-09-11,IWM,2020,next_rth_range,0.04265323711744187,0.06762162780329861
POOLED,2020-09-11,QQQ,2020,next_rth_range,0.19083400279055696,-0.5043153791795336
POOLED,2020-09-11,SPY,2020,next_rth_range,0.13087807465872217,0.142467018487606
POOLED,2020-09-14,IWM,2020,next_rth_range,0.05153025259215602,-0.46677248176981045
POOLED,2020-09-14,QQQ,2020,next_rth_range,0.13913449364145586,-0.03983088043519789
POOLED,2020-09-14,SPY,2020,next_rth_range,0.22544864970178388,-0.47003640308060035
POOLED,2020-09-15,IWM,2020,next_rth_range,0.09582967547916714,0.25971862202073304
POOLED,2020-09-15,QQQ,2020,next_rth_range,0.17997063463380084,-0.05703746771450646
POOLED,2020-09-15,SPY,2020,next_rth_range,0.22143754579603503,0.05111756220578112
POOLED,2020-09-16,IWM,2020,next_rth_range,0.26851877925838546,-0.09313605671875713
POOLED,2020-09-16,QQQ,2020,next_rth_range,0.13830882333041525,0.32830093910556135
POOLED,2020-09-16,SPY,2020,next_rth_range,0.20110732917927443,0.048600834177756624
POOLED,2020-09-17,IWM,2020,next_rth_range,0.12255824387569217,0.42903431828076055
POOLED,2020-09-17,QQQ,2020,next_rth_range,0.2979680561252616,0.36633505533895017
POOLED,2020-09-17,SPY,2020,next_rth_range,0.1684522611299412,0.5090887679082798
POOLED,2020-09-18,IWM,2020,next_rth_range,0.07510676787002465,0.18063883307915107
POOLED,2020-09-18,QQQ,2020,next_rth_range,0.08453632228354785,0.09229638426627718
POOLED,2020-09-18,SPY,2020,next_rth_range,0.1923587326783074,-0.010357289769784117
POOLED,2020-09-21,IWM,2020,next_rth_range,0.10223263024961012,-0.1817720003749872
POOLED,2020-09-21,QQQ,2020,next_rth_range,0.08592935229925211,0.030982621378023545
POOLED,2020-09-21,SPY,2020,next_rth_range,0.07836500265489496,0.03788039887963901
POOLED,2020-09-22,IWM,2020,next_rth_range,0.07584536424560455,0.6282527175704948
POOLED,2020-09-22,QQQ,2020,next_rth_range,0.09557942096969563,0.40763503095606257
POOLED,2020-09-22,SPY,2020,next_rth_range,0.19337430744170508,0.6498645460671595
POOLED,2020-09-23,IWM,2020,next_rth_range,0.037852102298025894,0.15815540269865513
POOLED,2020-09-23,QQQ,2020,next_rth_range,0.15646636389534402,0.10754622715687256
POOLED,2020-09-23,SPY,2020,next_rth_range,0.0905486510218843,0.14973325071147947
POOLED,2020-09-24,IWM,2020,next_rth_range,0.05852171969167476,-0.14490803212160364
POOLED,2020-09-24,QQQ,2020,next_rth_range,0.1429167342037322,0.24268239161625127
POOLED,2020-09-24,SPY,2020,next_rth_range,0.2568841510663477,0.34288059965332973
POOLED,2020-09-25,IWM,2020,next_rth_range,0.19093991132429874,0.20627265868472566
POOLED,2020-09-25,QQQ,2020,next_rth_range,0.05431168668284882,-0.2095834151839564
POOLED,2020-09-25,SPY,2020,next_rth_range,0.1915210461509461,-0.7811612425490759
POOLED,2020-09-28,IWM,2020,next_rth_range,0.19850012036739342,-0.4492532487590841
POOLED,2020-09-28,QQQ,2020,next_rth_range,0.13433292451637463,-0.9441305882610256
POOLED,2020-09-28,SPY,2020,next_rth_range,0.17405120963078655,-0.251365329796263
POOLED,2020-09-29,IWM,2020,next_rth_range,0.2724509138688117,0.21687088179261504
POOLED,2020-09-29,QQQ,2020,next_rth_range,0.16337763935222915,0.2539105386204117
POOLED,2020-09-29,SPY,2020,next_rth_range,0.16686001344791007,0.2580194370273272
POOLED,2020-09-30,IWM,2020,next_rth_range,0.1580468976271388,-0.23452354932697617
POOLED,2020-09-30,QQQ,2020,next_rth_range,0.1693409501839198,-0.5857366132499613
POOLED,2020-09-30,SPY,2020,next_rth_range,0.1361003696530792,-0.3236693301849538
POOLED,2020-10-01,IWM,2020,next_rth_range,0.06355396467097463,0.5018614039032618
POOLED,2020-10-01,QQQ,2020,next_rth_range,0.10891024473556458,0.717879368217714
POOLED,2020-10-01,SPY,2020,next_rth_range,0.12332591255818941,0.2921660512106943
POOLED,2020-10-02,IWM,2020,next_rth_range,0.053694989928034585,-0.23873365624890663
POOLED,2020-10-02,QQQ,2020,next_rth_range,0.12346006646213482,-0.5026114832816186
POOLED,2020-10-02,SPY,2020,next_rth_range,0.1549312664924808,-0.2671340849506434
POOLED,2020-10-05,IWM,2020,next_rth_range,0.07291648432653632,0.47136201517627807
POOLED,2020-10-05,QQQ,2020,next_rth_range,0.19144499961618447,0.35766241789081166
POOLED,2020-10-05,SPY,2020,next_rth_range,0.17709763814552978,0.6034139265730958
POOLED,2020-10-06,IWM,2020,next_rth_range,0.09302814439157159,-0.5660387002856044
POOLED,2020-10-06,QQQ,2020,next_rth_range,0.15161011232678984,-0.5517762066572343
POOLED,2020-10-06,SPY,2020,next_rth_range,0.15160840510679366,-0.48662721924597285
POOLED,2020-10-07,IWM,2020,next_rth_range,0.25262950799594114,-0.4296331607084065
POOLED,2020-10-07,QQQ,2020,next_rth_range,0.2322524404420416,-0.7307689657015022
POOLED,2020-10-07,SPY,2020,next_rth_range,0.20138971898379804,-0.7407212381596251
POOLED,2020-10-08,IWM,2020,next_rth_range,0.08699297185507332,-0.2991761107908406
POOLED,2020-10-08,QQQ,2020,next_rth_range,0.07295218048419524,-0.1776530163168184
POOLED,2020-10-08,SPY,2020,next_rth_range,0.2170000222803171,-0.32344783722307646
POOLED,2020-10-09,IWM,2020,next_rth_range,0.08213578416215314,-0.44788870130042113
POOLED,2020-10-09,QQQ,2020,next_rth_range,0.1450209201838102,0.6514814796992048
POOLED,2020-10-09,SPY,2020,next_rth_range,0.10411756788200875,0.3086488274114645
POOLED,2020-10-12,IWM,2020,next_rth_range,0.10288249033322622,-0.3009448657092051
POOLED,2020-10-12,QQQ,2020,next_rth_range,0.21434281787501322,-0.5093364272654797
POOLED,2020-10-12,SPY,2020,next_rth_range,0.1313587156728877,-0.3576853798768651
POOLED,2020-10-13,IWM,2020,next_rth_range,0.1504678054671567,0.16699675621531984
POOLED,2020-10-13,QQQ,2020,next_rth_range,0.1426444559162398,0.292115262806508
POOLED,2020-10-13,SPY,2020,next_rth_range,0.29439976236551374,0.18263843331761098
POOLED,2020-10-14,IWM,2020,next_rth_range,0.10176888928580831,0.41142467082066236
POOLED,2020-10-14,QQQ,2020,next_rth_range,0.11756322492605094,-0.26867042510436034
POOLED,2020-10-14,SPY,2020,next_rth_range,0.13705380684211255,0.07113413389473422
POOLED,2020-10-15,IWM,2020,next_rth_range,0.1678934989227476,-0.9202544432318778
POOLED,2020-10-15,QQQ,2020,next_rth_range,0.2926125141029643,0.0673514891735465
POOLED,2020-10-15,SPY,2020,next_rth_range,0.2388998779049191,-0.23956241682375623
POOLED,2020-10-16,IWM,2020,next_rth_range,0.10917965791692329,0.6273517801948678
POOLED,2020-10-16,QQQ,2020,next_rth_range,0.06644290543935094,0.5232578028320929
POOLED,2020-10-16,SPY,2020,next_rth_range,0.17800027089526707,0.7132964432319104
POOLED,2020-10-19,IWM,2020,next_rth_range,0.20251898307973695,-0.42871265659837743
POOLED,2020-10-19,QQQ,2020,next_rth_range,0.17396774288364905,-0.23596131528407271
POOLED,2020-10-19,SPY,2020,next_rth_range,0.07853818510383868,-0.24303525600129028
POOLED,2020-10-20,IWM,2020,next_rth_range,0.19820336696793137,-0.17295086822081984
POOLED,2020-10-20,QQQ,2020,next_rth_range,0.17781576197854906,-0.32238770651456683
POOLED,2020-10-20,SPY,2020,next_rth_range,0.24772745439837845,-0.3519176140443765
POOLED,2020-10-21,IWM,2020,next_rth_range,0.2285810687227668,0.26243060339985425
POOLED,2020-10-21,QQQ,2020,next_rth_range,0.17953187718370048,0.188054164617399
POOLED,2020-10-21,SPY,2020,next_rth_range,0.1236594828621728,0.18194510655536966
POOLED,2020-10-22,IWM,2020,next_rth_range,0.11217293340109885,-0.3044322845700762
POOLED,2020-10-22,QQQ,2020,next_rth_range,0.21387342046812524,-0.45142882493893133
POOLED,2020-10-22,SPY,2020,next_rth_range,0.28031567829804643,-0.42039718478782007
POOLED,2020-10-23,IWM,2020,next_rth_range,0.05455565043071628,0.2531498289779952
POOLED,2020-10-23,QQQ,2020,next_rth_range,0.16646243290363746,0.693298283933244
POOLED,2020-10-23,SPY,2020,next_rth_range,0.18350835196680243,0.6811383230027501
POOLED,2020-10-26,IWM,2020,next_rth_range,0.20090840979032823,-0.4422393024859703
POOLED,2020-10-26,QQQ,2020,next_rth_range,0.22217965338330725,-0.6044559579248205
POOLED,2020-10-26,SPY,2020,next_rth_range,0.16661663713942262,-0.9147018921956107
POOLED,2020-10-27,IWM,2020,next_rth_range,0.09661062953070465,-0.004430875409734192
POOLED,2020-10-27,QQQ,2020,next_rth_range,0.09493073156047405,0.6113210978244994
POOLED,2020-10-27,SPY,2020,next_rth_range,0.14129462226710315,1.3725226425035335
POOLED,2020-10-28,IWM,2020,next_rth_range,0.1406751079633964,0.4233103661708588
POOLED,2020-10-28,QQQ,2020,next_rth_range,0.07669875676341406,0.16714173835899482
POOLED,2020-10-28,SPY,2020,next_rth_range,0.052136538621807046,0.16678213094047267
POOLED,2020-10-29,IWM,2020,next_rth_range,0.15814251037207516,0.10906063930605248
POOLED,2020-10-29,QQQ,2020,next_rth_range,0.11200392801059045,0.30191121178827807
POOLED,2020-10-29,SPY,2020,next_rth_range,0.19878497337477075,0.1564669653873616
POOLED,2020-10-30,IWM,2020,next_rth_range,0.04214387853169717,-0.4305183034536517
POOLED,2020-10-30,QQQ,2020,next_rth_range,0.10506619878524694,0.020631854666238958
POOLED,2020-10-30,SPY,2020,next_rth_range,0.15199232933489157,-0.11115805764995823
POOLED,2020-11-02,IWM,2020,next_rth_range,0.02688531204766397,0.15758960504174624
POOLED,2020-11-02,QQQ,2020,next_rth_range,0.12406546946936114,0.014259595196839836
POOLED,2020-11-02,SPY,2020,next_rth_range,0.09572883154229503,0.2208982788088245
POOLED,2020-11-03,IWM,2020,next_rth_range,0.22511256565695795,0.3716308562424633
POOLED,2020-11-03,QQQ,2020,next_rth_range,0.1491963700370946,0.16408091304023875
POOLED,2020-11-03,SPY,2020,next_rth_range,0.08313761804605861,0.2923054584045559
POOLED,2020-11-04,IWM,2020,next_rth_range,0.1789318005497273,-0.018609993261276436
POOLED,2020-11-04,QQQ,2020,next_rth_range,0.0746298816957739,-0.6471435469815883
POOLED,2020-11-04,SPY,2020,next_rth_range,0.2169641469297883,-0.6297353392866274
POOLED,2020-11-05,IWM,2020,next_rth_range,0.2328327633694081,-0.34413323274266006
POOLED,2020-11-05,QQQ,2020,next_rth_range,0.15457917199114585,0.12939327115212995
POOLED,2020-11-05,SPY,2020,next_rth_range,0.2079406118466854,-0.10169237753109783
POOLED,2020-11-06,IWM,2020,next_rth_range,0.10386092038585346,1.0856154375576192
POOLED,2020-11-06,QQQ,2020,next_rth_range,0.14431545024715248,0.6148107998781089
POOLED,2020-11-06,SPY,2020,next_rth_range,0.1917902732359164,0.767976685520213
POOLED,2020-11-09,IWM,2020,next_rth_range,0.2070698261291222,-0.4058485479579246
POOLED,2020-11-09,QQQ,2020,next_rth_range,0.1571189486530692,-0.22777933927106142
POOLED,2020-11-09,SPY,2020,next_rth_range,0.15904155983605497,-0.3435563205133283
POOLED,2020-11-10,IWM,2020,next_rth_range,0.10180842568014899,-0.34042033403981176
POOLED,2020-11-10,QQQ,2020,next_rth_range,0.054595094308791225,0.11472939193713616
POOLED,2020-11-10,SPY,2020,next_rth_range,0.18671918259388995,-0.716073159120822
POOLED,2020-11-11,IWM,2020,next_rth_range,0.10237286063639871,0.2989750933925883
POOLED,2020-11-11,QQQ,2020,next_rth_range,0.1671755386796958,-0.27344795728913907
POOLED,2020-11-11,SPY,2020,next_rth_range,0.19348279017308634,0.33088824862584865
POOLED,2020-11-12,IWM,2020,next_rth_range,0.23714609397853623,-0.35456010748125877
POOLED,2020-11-12,QQQ,2020,next_rth_range,0.16168604922025717,-0.35107860023679294
POOLED,2020-11-12,SPY,2020,next_rth_range,0.1264089217676442,-0.19660647736002712
POOLED,2020-11-13,IWM,2020,next_rth_range,0.053296618051904276,-0.34661582518878475
POOLED,2020-11-13,QQQ,2020,next_rth_range,0.14247068094458523,-0.3172999782306478
POOLED,2020-11-13,SPY,2020,next_rth_range,0.07482777204649327,-0.37909963425225524
POOLED,2020-11-16,IWM,2020,next_rth_range,0.08133392532495026,0.3677697765177337
POOLED,2020-11-16,QQQ,2020,next_rth_range,0.10861095832294576,-0.7550209401177055
POOLED,2020-11-16,SPY,2020,next_rth_range,0.14206938218172283,-0.15501096070501585
POOLED,2020-11-17,IWM,2020,next_rth_range,0.08837659240404756,-0.07785686751654408
POOLED,2020-11-17,QQQ,2020,next_rth_range,0.14397481416121005,-0.07491608189944277
POOLED,2020-11-17,SPY,2020,next_rth_range,0.2766785480822984,0.14651348803675468
POOLED,2020-11-18,IWM,2020,next_rth_range,0.03566134417632126,-0.4042362991206758
POOLED,2020-11-18,QQQ,2020,next_rth_range,0.22033837309595947,-0.07651469704979519
POOLED,2020-11-18,SPY,2020,next_rth_range,0.22213693733293516,-0.22751646522217417
POOLED,2020-11-19,IWM,2020,next_rth_range,0.15994499320958364,-0.3910733042973362
POOLED,2020-11-19,QQQ,2020,next_rth_range,0.20180359648728916,-0.45674941458987295
POOLED,2020-11-19,SPY,2020,next_rth_range,0.16535698872263202,-0.6224390261954618
POOLED,2020-11-20,IWM,2020,next_rth_range,0.09710762577612742,0.10018246430497246
POOLED,2020-11-20,QQQ,2020,next_rth_range,0.2036593681870224,0.2008141796808145
POOLED,2020-11-20,SPY,2020,next_rth_range,0.17608044562001346,0.06130583421501079
POOLED,2020-11-23,IWM,2020,next_rth_range,0.19452168432440467,-0.14457938128717807
POOLED,2020-11-23,QQQ,2020,next_rth_range,0.22025770967408648,0.09047509160664591
POOLED,2020-11-23,SPY,2020,next_rth_range,0.12091098978484299,-0.0522051013512268
POOLED,2020-11-24,IWM,2020,next_rth_range,0.14354281507622188,-0.38654896140748196
POOLED,2020-11-24,QQQ,2020,next_rth_range,0.18841821003495682,-0.8077591975795837
POOLED,2020-11-24,SPY,2020,next_rth_range,0.28277818645400293,-1.059441382530614
POOLED,2020-11-25,IWM,2020,next_rth_range,0.26497787298711206,-0.9375969464657636
POOLED,2020-11-25,QQQ,2020,next_rth_range,0.19763800696053826,-0.4861937565421002
POOLED,2020-11-25,SPY,2020,next_rth_range,0.2833738267349803,-0.7176640571046047
POOLED,2020-11-27,IWM,2020,next_rth_range,0.14045224720641752,0.534641102604597
POOLED,2020-11-27,QQQ,2020,next_rth_range,0.15358664597672586,0.3543701848222298
POOLED,2020-11-27,SPY,2020,next_rth_range,0.2715919686584892,0.18588592130489445
POOLED,2020-11-30,IWM,2020,next_rth_range,0.017083483903528072,-0.1841327296824682
POOLED,2020-11-30,QQQ,2020,next_rth_range,0.1782051983874006,-0.17493709598183216
POOLED,2020-11-30,SPY,2020,next_rth_range,0.1506133604046122,-0.45791778662621674
POOLED,2020-12-01,IWM,2020,next_rth_range,0.1870263213146628,-0.2515441161037044
POOLED,2020-12-01,QQQ,2020,next_rth_range,0.08833368265820159,-0.14421687614210654
POOLED,2020-12-01,SPY,2020,next_rth_range,0.1092982769408284,-0.3216878671048278
POOLED,2020-12-02,IWM,2020,next_rth_range,0.2274716624170928,-0.3456635981349967
POOLED,2020-12-02,QQQ,2020,next_rth_range,0.16504780912254954,-0.5915578162312274
POOLED,2020-12-02,SPY,2020,next_rth_range,0.15049610756374915,-0.2580405005874491
POOLED,2020-12-03,IWM,2020,next_rth_range,0.05010810121517663,0.4303384631757421
POOLED,2020-12-03,QQQ,2020,next_rth_range,0.18624136338339023,-0.555700457482172
POOLED,2020-12-03,SPY,2020,next_rth_range,0.1899274388067271,-0.39135216030895936
POOLED,2020-12-04,IWM,2020,next_rth_range,0.052562076684284094,-0.9816047825275049
POOLED,2020-12-04,QQQ,2020,next_rth_range,0.17145923880560662,-0.3598452434320105
POOLED,2020-12-04,SPY,2020,next_rth_range,0.19748528372750096,-0.5288304006780109
POOLED,2020-12-07,IWM,2020,next_rth_range,0.0661008721628499,0.4332673035857937
POOLED,2020-12-07,QQQ,2020,next_rth_range,0.08292486605355162,0.19282826826063992
POOLED,2020-12-07,SPY,2020,next_rth_range,0.21973786917519217,-0.0199407029014953
POOLED,2020-12-08,IWM,2020,next_rth_range,0.23109952796409128,0.36754483287845163
POOLED,2020-12-08,QQQ,2020,next_rth_range,0.09249216620224442,0.8835148138728623
POOLED,2020-12-08,SPY,2020,next_rth_range,0.2523965040365636,0.45706156360473216
POOLED,2020-12-09,IWM,2020,next_rth_range,0.2082789360208485,0.13624466078469677
POOLED,2020-12-09,QQQ,2020,next_rth_range,0.24022804578519144,0.045121227293523525
POOLED,2020-12-09,SPY,2020,next_rth_range,0.12145226525686484,-0.1632505269044806
POOLED,2020-12-10,IWM,2020,next_rth_range,0.157606010558841,-0.05675901819807372
POOLED,2020-12-10,QQQ,2020,next_rth_range,0.15958303042959382,-0.2594737328073231
POOLED,2020-12-10,SPY,2020,next_rth_range,0.23000857966623828,-0.0058730288358912475
POOLED,2020-12-11,IWM,2020,next_rth_range,0.230346135444471,-0.03944269013816992
POOLED,2020-12-11,QQQ,2020,next_rth_range,0.09405466127797331,-0.22632544577212066
POOLED,2020-12-11,SPY,2020,next_rth_range,0.20188608507491965,0.45026535085380104
POOLED,2020-12-14,IWM,2020,next_rth_range,0.22102525510087534,0.30853836807098034
POOLED,2020-12-14,QQQ,2020,next_rth_range,0.1762922352082525,-0.13414094747057792
POOLED,2020-12-14,SPY,2020,next_rth_range,0.2532802197196032,-0.06659026919671618
POOLED,2020-12-15,IWM,2020,next_rth_range,0.1453524402741994,-0.4655476467331461
POOLED,2020-12-15,QQQ,2020,next_rth_range,0.10084990295930871,-0.16783256322591544
POOLED,2020-12-15,SPY,2020,next_rth_range,0.325955256589264,-0.44835996651693844
POOLED,2020-12-16,IWM,2020,next_rth_range,0.02834044706289506,-0.15679095123124664
POOLED,2020-12-16,QQQ,2020,next_rth_range,0.22038448387436316,-0.6214224619289803
POOLED,2020-12-16,SPY,2020,next_rth_range,0.19930938850518723,-0.7851822207527723
POOLED,2020-12-17,IWM,2020,next_rth_range,0.07981233005586125,0.10506725629499769
POOLED,2020-12-17,QQQ,2020,next_rth_range,0.24608231549819803,0.4152575333386608
POOLED,2020-12-17,SPY,2020,next_rth_range,0.2025590092591489,0.4487968961444251
POOLED,2020-12-18,IWM,2020,next_rth_range,0.22201054106710083,0.35317286591729014
POOLED,2020-12-18,QQQ,2020,next_rth_range,0.1306239893735021,0.4122376085612691
POOLED,2020-12-18,SPY,2020,next_rth_range,0.28190217656047695,1.4891190772483172
POOLED,2020-12-21,IWM,2020,next_rth_range,0.18332217678959645,-0.43386916167013023
POOLED,2020-12-21,QQQ,2020,next_rth_range,0.19518262894722485,-0.1704603310123307
POOLED,2020-12-21,SPY,2020,next_rth_range,0.1271836704287537,-1.183371618166646
POOLED,2020-12-22,IWM,2020,next_rth_range,0.09899122036716909,-0.41486791390737476
POOLED,2020-12-22,QQQ,2020,next_rth_range,0.19220961931874253,-0.6325044067181365
POOLED,2020-12-22,SPY,2020,next_rth_range,0.1956512033312419,-0.23319896152208486
POOLED,2020-12-23,IWM,2020,next_rth_range,0.21021522093876646,-0.23336122285867944
POOLED,2020-12-23,QQQ,2020,next_rth_range,0.18775946728014178,-0.5645553575925861
POOLED,2020-12-23,SPY,2020,next_rth_range,0.21598216877411552,-0.6479863440165312
POOLED,2020-12-24,IWM,2020,next_rth_range,0.13834188871711126,0.24378799568053822
POOLED,2020-12-24,QQQ,2020,next_rth_range,0.16977707453612526,0.06688098242983465
POOLED,2020-12-24,SPY,2020,next_rth_range,0.24071851195802846,-0.543945165276762
POOLED,2020-12-28,IWM,2020,next_rth_range,0.08962240456476399,0.6743332786328136
POOLED,2020-12-28,QQQ,2020,next_rth_range,0.1554803574935652,-0.2510958432536823
POOLED,2020-12-28,SPY,2020,next_rth_range,0.1427702922212355,0.16028942473423147
POOLED,2020-12-29,IWM,2020,next_rth_range,0.23045707881786304,-0.46756908541399067
POOLED,2020-12-29,QQQ,2020,next_rth_range,0.20262832315144125,-0.39400203490285346
POOLED,2020-12-29,SPY,2020,next_rth_range,0.33179340572398547,-0.748948027300508
POOLED,2020-12-30,IWM,2020,next_rth_range,0.13962820767540235,-0.2314891575335114
POOLED,2020-12-30,QQQ,2020,next_rth_range,0.2916472875013072,-0.15113644098788548
POOLED,2020-12-30,SPY,2020,next_rth_range,0.1802288167618235,0.28285553290376164
POOLED,2020-12-31,IWM,2020,next_rth_range,0.04507442664493545,0.9371519018733783
POOLED,2020-12-31,QQQ,2020,next_rth_range,0.15294046238594775,1.2098538484688106
POOLED,2020-12-31,SPY,2020,next_rth_range,0.17344499550917392,1.1756490601991727
POOLED,2021-01-04,IWM,2021,next_rth_range,0.09222221589249047,0.0990016644823859
POOLED,2021-01-04,QQQ,2021,next_rth_range,0.16146189831590146,-0.35123096214566285
POOLED,2021-01-04,SPY,2021,next_rth_range,0.21972157706392964,-0.19437240131291222
POOLED,2021-01-05,IWM,2021,next_rth_range,0.05354573528665263,0.7613687779685665
POOLED,2021-01-05,QQQ,2021,next_rth_range,0.09691984893705749,0.5150622526091042
POOLED,2021-01-05,SPY,2021,next_rth_range,0.2502352195920366,0.7579707927777113
POOLED,2021-01-06,IWM,2021,next_rth_range,0.19754751161681447,-0.5680050814227364
POOLED,2021-01-06,QQQ,2021,next_rth_range,0.1140316397392752,0.16467923009972196
POOLED,2021-01-06,SPY,2021,next_rth_range,0.1911179551560171,-0.21475523457099754
POOLED,2021-01-07,IWM,2021,next_rth_range,0.14037273073412648,0.4702236884520259
POOLED,2021-01-07,QQQ,2021,next_rth_range,0.14573386019004142,-0.09405810045342644
POOLED,2021-01-07,SPY,2021,next_rth_range,0.29212028729593237,0.1441140432125536
POOLED,2021-01-08,IWM,2021,next_rth_range,0.10576020895686813,-0.23480807953989125
POOLED,2021-01-08,QQQ,2021,next_rth_range,0.22149079310585867,-0.19171403411933685
POOLED,2021-01-08,SPY,2021,next_rth_range,0.28062135471750066,-0.3513368790841911
POOLED,2021-01-11,IWM,2021,next_rth_range,0.10913301575698423,-0.14770566361057824
POOLED,2021-01-11,QQQ,2021,next_rth_range,0.16764191164257458,0.13956832628405635
POOLED,2021-01-11,SPY,2021,next_rth_range,0.3051509979092389,0.05083778451974208
POOLED,2021-01-12,IWM,2021,next_rth_range,0.10857398526401413,-0.23151836461933328
POOLED,2021-01-12,QQQ,2021,next_rth_range,0.19397601613363752,-0.28686580120333005
POOLED,2021-01-12,SPY,2021,next_rth_range,0.358109623305488,-0.24141948570134364
POOLED,2021-01-13,IWM,2021,next_rth_range,0.26396821825483835,0.2686563618838216
POOLED,2021-01-13,QQQ,2021,next_rth_range,0.22259608791149424,-0.00494617864564173
POOLED,2021-01-13,SPY,2021,next_rth_range,0.39250669659922943,-0.10571032942593916
POOLED,2021-01-14,IWM,2021,next_rth_range,0.10414604704752775,0.47702370160037644
POOLED,2021-01-14,QQQ,2021,next_rth_range,0.25156600869153223,0.20750413202521045
POOLED,2021-01-14,SPY,2021,next_rth_range,0.41946693706663474,0.21673723844960424
POOLED,2021-01-15,IWM,2021,next_rth_range,0.23601693927653428,-0.9673538167067504
POOLED,2021-01-15,QQQ,2021,next_rth_range,0.1380363597939178,-0.03845977330840267
POOLED,2021-01-15,SPY,2021,next_rth_range,0.1758273461689212,-0.3580764946860917
POOLED,2021-01-19,IWM,2021,next_rth_range,0.09689774245031048,-0.012103153739992933
POOLED,2021-01-19,QQQ,2021,next_rth_range,0.1443260321614714,0.7659596403924231
POOLED,2021-01-19,SPY,2021,next_rth_range,0.3101103446342824,0.25267614130741833
POOLED,2021-01-20,IWM,2021,next_rth_range,0.1634388371210935,-0.13742257035791106
POOLED,2021-01-20,QQQ,2021,next_rth_range,0.2295780884982222,-0.5249257835701595
POOLED,2021-01-20,SPY,2021,next_rth_range,0.264553805904814,-0.807371036592607
POOLED,2021-01-21,IWM,2021,next_rth_range,0.10738803317013551,0.560301012620751
POOLED,2021-01-21,QQQ,2021,next_rth_range,0.21306545127235732,-0.7976317534884414
POOLED,2021-01-21,SPY,2021,next_rth_range,0.378680147217896,-0.20138383235408153
POOLED,2021-01-22,IWM,2021,next_rth_range,0.16256135044345857,0.36222612217438765
POOLED,2021-01-22,QQQ,2021,next_rth_range,0.20553582540172213,1.011611376087815
POOLED,2021-01-22,SPY,2021,next_rth_range,0.1707951043915818,0.7383857367129298
POOLED,2021-01-25,IWM,2021,next_rth_range,0.10193243185517856,-0.23953743516170878
POOLED,2021-01-25,QQQ,2021,next_rth_range,0.0951844033064278,-0.8811904012453482
POOLED,2021-01-25,SPY,2021,next_rth_range,0.2594615332421781,-0.6763457912509976
POOLED,2021-01-26,IWM,2021,next_rth_range,0.11996397133181219,0.5055312542245418
POOLED,2021-01-26,QQQ,2021,next_rth_range,0.18413082923539761,0.9128791098555173
POOLED,2021-01-26,SPY,2021,next_rth_range,0.2766701057642224,1.0591293903531627
POOLED,2021-01-27,IWM,2021,next_rth_range,0.18366448428259882,-0.007061375615502463
POOLED,2021-01-27,QQQ,2021,next_rth_range,0.16921518746883005,0.05674179995035855
POOLED,2021-01-27,SPY,2021,next_rth_range,0.12889109767393753,0.142226745800885
POOLED,2021-01-28,IWM,2021,next_rth_range,0.13758836519618164,0.4515797667109043
POOLED,2021-01-28,QQQ,2021,next_rth_range,0.16861422032104878,0.3603187780370609
POOLED,2021-01-28,SPY,2021,next_rth_range,0.1415058642887523,0.5558928895620316
POOLED,2021-01-29,IWM,2021,next_rth_range,0.17045112289088035,0.32707450278784655
POOLED,2021-01-29,QQQ,2021,next_rth_range,0.17005531590215447,0.23309197780905588
POOLED,2021-01-29,SPY,2021,next_rth_range,0.12531706653694621,0.21995637788601385
POOLED,2021-02-01,IWM,2021,next_rth_range,0.15152469690557066,-0.3599306038601693
POOLED,2021-02-01,QQQ,2021,next_rth_range,0.10290617056105535,-0.5571788602465402
POOLED,2021-02-01,SPY,2021,next_rth_range,0.14230491855556782,0.2298209706752834
POOLED,2021-02-02,IWM,2021,next_rth_range,0.10780978909847595,-0.12539146790041045
POOLED,2021-02-02,QQQ,2021,next_rth_range,0.08861470267039519,-0.14690842805610238
POOLED,2021-02-02,SPY,2021,next_rth_range,0.3009678337765496,-0.5335062188245372
POOLED,2021-02-03,IWM,2021,next_rth_range,0.18104994184589965,0.054825441211691306
POOLED,2021-02-03,QQQ,2021,next_rth_range,0.2623353875344003,-0.14089460335598414
POOLED,2021-02-03,SPY,2021,next_rth_range,0.3074810563846775,0.0790345439287119
POOLED,2021-02-04,IWM,2021,next_rth_range,0.09957461519046487,-0.1660018632014646
POOLED,2021-02-04,QQQ,2021,next_rth_range,0.17066853441911722,-0.46437257822667277
POOLED,2021-02-04,SPY,2021,next_rth_range,0.28422559640861084,-0.5998235249369808
POOLED,2021-02-05,IWM,2021,next_rth_range,0.03454958572725214,0.18478818879184367
POOLED,2021-02-05,QQQ,2021,next_rth_range,0.14293605951518124,-0.5800796638746348
POOLED,2021-02-05,SPY,2021,next_rth_range,0.13406639602027962,-0.39107561957620707
POOLED,2021-02-08,IWM,2021,next_rth_range,0.08942252744267908,-0.07526415336634162
POOLED,2021-02-08,QQQ,2021,next_rth_range,0.15629737516428233,-0.47955885199684545
POOLED,2021-02-08,SPY,2021,next_rth_range,0.22855372008969255,-0.5826121243816349
POOLED,2021-02-09,IWM,2021,next_rth_range,0.09167270262655201,0.44146502271890986
POOLED,2021-02-09,QQQ,2021,next_rth_range,0.17791262212638204,0.582926542935545
POOLED,2021-02-09,SPY,2021,next_rth_range,0.26930831927648763,0.507671529228773
POOLED,2021-02-10,IWM,2021,next_rth_range,0.19278689609396138,0.2677839938079134
POOLED,2021-02-10,QQQ,2021,next_rth_range,0.12237410909319386,-0.5364109121792104
POOLED,2021-02-10,SPY,2021,next_rth_range,0.20325023489644092,-0.12758798613931788
POOLED,2021-02-11,IWM,2021,next_rth_range,0.16061052622423433,-0.3571288968835429
POOLED,2021-02-11,QQQ,2021,next_rth_range,0.24888697685044495,0.08189831395208902
POOLED,2021-02-11,SPY,2021,next_rth_range,0.2944330897764139,-0.1403309984156902
POOLED,2021-02-12,IWM,2021,next_rth_range,0.10728065726710487,0.355351787794854
POOLED,2021-02-12,QQQ,2021,next_rth_range,0.16458384326059503,-0.03536338636437808
POOLED,2021-02-12,SPY,2021,next_rth_range,0.12186204173203656,-0.22021166336867815
POOLED,2021-02-16,IWM,2021,next_rth_range,0.217226158188366,0.04059685467980678
POOLED,2021-02-16,QQQ,2021,next_rth_range,0.1892505311462869,0.34199656632031505
POOLED,2021-02-16,SPY,2021,next_rth_range,0.15023429704266777,0.10148395975307345
POOLED,2021-02-17,IWM,2021,next_rth_range,0.2170034677125425,0.02066439392795516
POOLED,2021-02-17,QQQ,2021,next_rth_range,0.18673296345165882,0.16594389078074112
POOLED,2021-02-17,SPY,2021,next_rth_range,0.14620037271619668,0.14849854071319513
POOLED,2021-02-18,IWM,2021,next_rth_range,0.22271038064692172,0.2098662986341182
POOLED,2021-02-18,QQQ,2021,next_rth_range,0.16830874457137832,-0.14111413264530004
POOLED,2021-02-18,SPY,2021,next_rth_range,0.3176821859836029,-0.23812943309315227
POOLED,2021-02-19,IWM,2021,next_rth_range,0.12094537802814566,-0.11306527286249501
POOLED,2021-02-19,QQQ,2021,next_rth_range,0.18545440443632324,0.37787868642744016
POOLED,2021-02-19,SPY,2021,next_rth_range,0.2050697127265804,-0.07542162059898683
POOLED,2021-02-22,IWM,2021,next_rth_range,0.06942810031145331,0.6968204260985376
POOLED,2021-02-22,QQQ,2021,next_rth_range,0.06603095929565737,0.9467950410318902
POOLED,2021-02-22,SPY,2021,next_rth_range,0.092497878091727,0.9060708682739023
POOLED,2021-02-23,IWM,2021,next_rth_range,0.13689152741687022,0.08097973996237595
POOLED,2021-02-23,QQQ,2021,next_rth_range,0.18679300132062887,0.17528322606537827
POOLED,2021-02-23,SPY,2021,next_rth_range,0.17443854060888164,0.29335168437515513
POOLED,2021-02-24,IWM,2021,next_rth_range,0.1402993047784303,0.7279882990322202
POOLED,2021-02-24,QQQ,2021,next_rth_range,0.15364836680693558,0.7527344765337873
POOLED,2021-02-24,SPY,2021,next_rth_range,0.24061840968597045,0.8143002449453896
POOLED,2021-02-25,IWM,2021,next_rth_range,0.0979782234779544,0.22776136445970607
POOLED,2021-02-25,QQQ,2021,next_rth_range,0.07182139019876893,0.10103637999082205
POOLED,2021-02-25,SPY,2021,next_rth_range,0.10256166607291205,0.16129468758054033
POOLED,2021-02-26,IWM,2021,next_rth_range,0.08033346634478346,-0.40640673267543814
POOLED,2021-02-26,QQQ,2021,next_rth_range,0.17822027005058907,-0.07046407994004555
POOLED,2021-02-26,SPY,2021,next_rth_range,0.16712547414267384,0.6751716854901724
POOLED,2021-03-01,IWM,2021,next_rth_range,0.14573415520548147,0.06221809482228258
POOLED,2021-03-01,QQQ,2021,next_rth_range,0.171006248684497,0.10468736241451637
POOLED,2021-03-01,SPY,2021,next_rth_range,0.20737934291843432,-0.46644085523372425
POOLED,2021-03-02,IWM,2021,next_rth_range,0.07674113440536202,0.15761885085948846
POOLED,2021-03-02,QQQ,2021,next_rth_range,0.0749854279390038,0.5249296399904737
POOLED,2021-03-02,SPY,2021,next_rth_range,0.1981343738364419,0.29482232576522716
POOLED,2021-03-03,IWM,2021,next_rth_range,0.15957538400872148,0.9058214524934982
POOLED,2021-03-03,QQQ,2021,next_rth_range,0.18352520139332373,0.6314665230453818
POOLED,2021-03-03,SPY,2021,next_rth_range,0.17728100130819485,0.9693973513401497
POOLED,2021-03-04,IWM,2021,next_rth_range,0.1253140193882764,0.4763667806271932
POOLED,2021-03-04,QQQ,2021,next_rth_range,0.1465814434493957,0.4848099268788997
POOLED,2021-03-04,SPY,2021,next_rth_range,0.16496940851237363,0.576044730522888
POOLED,2021-03-05,IWM,2021,next_rth_range,0.08983076944390328,-0.46180987406364293
POOLED,2021-03-05,QQQ,2021,next_rth_range,0.18233746721949817,0.2763589761521641
POOLED,2021-03-05,SPY,2021,next_rth_range,0.1972595945788009,-0.14675642741963024
POOLED,2021-03-08,IWM,2021,next_rth_range,0.042192990783723267,-0.13662954451167053
POOLED,2021-03-08,QQQ,2021,next_rth_range,0.1638469751065374,-0.030232396230009062
POOLED,2021-03-08,SPY,2021,next_rth_range,0.17533455351931085,-0.10439263742429361
POOLED,2021-03-09,IWM,2021,next_rth_range,0.06267931876910947,-0.1569064248489891
POOLED,2021-03-09,QQQ,2021,next_rth_range,0.057598537182679245,-0.01662000899731586
POOLED,2021-03-09,SPY,2021,next_rth_range,0.12373523666988785,-0.37130199676860265
POOLED,2021-03-10,IWM,2021,next_rth_range,0.0984193436261144,-0.19879585044408365
POOLED,2021-03-10,QQQ,2021,next_rth_range,0.17871257449835826,-0.18169288808585815
POOLED,2021-03-10,SPY,2021,next_rth_range,0.2434005127530451,-0.10238496487006987
POOLED,2021-03-11,IWM,2021,next_rth_range,0.06800131233059342,-0.2998514371092549
POOLED,2021-03-11,QQQ,2021,next_rth_range,0.09036968739948766,0.20951947222504996
POOLED,2021-03-11,SPY,2021,next_rth_range,0.23648776235122781,-0.3504025026559443
POOLED,2021-03-12,IWM,2021,next_rth_range,0.034919263892359394,-0.28712734515395955
POOLED,2021-03-12,QQQ,2021,next_rth_range,0.22236008342504973,-0.2901901518597789
POOLED,2021-03-12,SPY,2021,next_rth_range,0.20005441116629794,0.2161331353144833
POOLED,2021-03-15,IWM,2021,next_rth_range,0.1605702715194513,0.36489854594168314
POOLED,2021-03-15,QQQ,2021,next_rth_range,0.15116813232311768,-0.06262162034001229
POOLED,2021-03-15,SPY,2021,next_rth_range,0.26961834868519424,-0.4580193992960835
POOLED,2021-03-16,IWM,2021,next_rth_range,0.2683241092750988,0.17279858637580414
POOLED,2021-03-16,QQQ,2021,next_rth_range,0.17104284026319624,0.39013503585957965
POOLED,2021-03-16,SPY,2021,next_rth_range,0.2946516670961803,0.3184377231516642
POOLED,2021-03-17,IWM,2021,next_rth_range,0.0680409184073494,0.5445414583110475
POOLED,2021-03-17,QQQ,2021,next_rth_range,0.10449341759131615,-0.02367460362795981
POOLED,2021-03-17,SPY,2021,next_rth_range,0.23249263340205142,0.32407835243701033
POOLED,2021-03-18,IWM,2021,next_rth_range,0.20584573968817219,-0.027854746704128797
POOLED,2021-03-18,QQQ,2021,next_rth_range,0.13654081846891314,-0.14408950069280646
POOLED,2021-03-18,SPY,2021,next_rth_range,0.2000187522141967,-0.10451309287147925
POOLED,2021-03-19,IWM,2021,next_rth_range,0.1335587548529584,-0.224361486846143
POOLED,2021-03-19,QQQ,2021,next_rth_range,0.09244507429775409,-0.013855284426869119
POOLED,2021-03-19,SPY,2021,next_rth_range,0.18654507726488928,-0.11434385636700917
POOLED,2021-03-22,IWM,2021,next_rth_range,0.128689683150698,0.6437761301183214
POOLED,2021-03-22,QQQ,2021,next_rth_range,0.16083833327443833,-0.19945805778985637
POOLED,2021-03-22,SPY,2021,next_rth_range,0.1800642724600368,0.11859305602584502
POOLED,2021-03-23,IWM,2021,next_rth_range,0.13104147417608406,0.4891212332800716
POOLED,2021-03-23,QQQ,2021,next_rth_range,0.1092193036526298,0.2699488235102123
POOLED,2021-03-23,SPY,2021,next_rth_range,0.2256605604367431,0.14119941495020072
POOLED,2021-03-24,IWM,2021,next_rth_range,0.10490331814188222,0.4778120111627411
POOLED,2021-03-24,QQQ,2021,next_rth_range,0.09671551488321743,-0.09411075717454409
POOLED,2021-03-24,SPY,2021,next_rth_range,0.1735079544630171,0.36546195306963813
POOLED,2021-03-25,IWM,2021,next_rth_range,0.09321707729820165,-0.3206737363440686
POOLED,2021-03-25,QQQ,2021,next_rth_range,0.24140098205008798,0.19021720532586261
POOLED,2021-03-25,SPY,2021,next_rth_range,0.2817093120682465,0.19229795728376864
POOLED,2021-03-26,IWM,2021,next_rth_range,0.18602023837049964,0.36954715457160514
POOLED,2021-03-26,QQQ,2021,next_rth_range,0.15964630379177092,-0.27257682804262107
POOLED,2021-03-26,SPY,2021,next_rth_range,0.2287516625516937,-0.23110977112901931
POOLED,2021-03-29,IWM,2021,next_rth_range,0.1726920234221641,0.0327951062638947
POOLED,2021-03-29,QQQ,2021,next_rth_range,0.15753316642205725,-0.4072213399417812
POOLED,2021-03-29,SPY,2021,next_rth_range,0.25707547209119763,-0.5225384133913753
POOLED,2021-03-30,IWM,2021,next_rth_range,0.13322424951666448,-0.4108639060848178
POOLED,2021-03-30,QQQ,2021,next_rth_range,0.18452137282454378,0.09761989977025198
POOLED,2021-03-30,SPY,2021,next_rth_range,0.34528660423633717,-0.2628842003619134
POOLED,2021-03-31,IWM,2021,next_rth_range,0.2961977326699158,-0.7315932577283011
POOLED,2021-03-31,QQQ,2021,next_rth_range,0.2043314264913864,-0.9726223398860787
POOLED,2021-03-31,SPY,2021,next_rth_range,0.23870604643071683,-0.32632623345768863
POOLED,2021-04-01,IWM,2021,next_rth_range,0.06378927567421995,-0.031236744129345517
POOLED,2021-04-01,QQQ,2021,next_rth_range,0.12348348932640142,0.3590524935151773
POOLED,2021-04-01,SPY,2021,next_rth_range,0.2320788802656219,0.09219932802872677
POOLED,2021-04-05,IWM,2021,next_rth_range,0.14021835665304508,-0.22667481708756299
POOLED,2021-04-05,QQQ,2021,next_rth_range,0.24713613782852514,-0.5878454882539916
POOLED,2021-04-05,SPY,2021,next_rth_range,0.21912391789683786,-0.6762338970759911
POOLED,2021-04-06,IWM,2021,next_rth_range,0.13055870476906642,0.27619434880614424
POOLED,2021-04-06,QQQ,2021,next_rth_range,0.23915045902142096,-0.32539854980079763
POOLED,2021-04-06,SPY,2021,next_rth_range,0.3132075262794185,-0.6903072443865303
POOLED,2021-04-07,IWM,2021,next_rth_range,0.2565628948381848,-0.1508786310991379
POOLED,2021-04-07,QQQ,2021,next_rth_range,0.31392812452852586,-0.9516376259537065
POOLED,2021-04-07,SPY,2021,next_rth_range,0.3050194296095026,-0.5000075247763736
POOLED,2021-04-08,IWM,2021,next_rth_range,0.1513163363434037,-0.6882006630308224
POOLED,2021-04-08,QQQ,2021,next_rth_range,0.19627489099929793,0.35124352031023154
POOLED,2021-04-08,SPY,2021,next_rth_range,0.41679644112550673,0.20999080519450253
POOLED,2021-04-09,IWM,2021,next_rth_range,0.12775384554319835,-0.136223329508125
POOLED,2021-04-09,QQQ,2021,next_rth_range,0.10274753519672133,-0.6010661390526355
POOLED,2021-04-09,SPY,2021,next_rth_range,0.3268439244251255,-0.6593915538631068
POOLED,2021-04-12,IWM,2021,next_rth_range,0.130142576843659,0.20459589550679613
POOLED,2021-04-12,QQQ,2021,next_rth_range,0.21471227441776725,-0.08779485972445045
POOLED,2021-04-12,SPY,2021,next_rth_range,0.3157854549996057,-0.08259237805325803
POOLED,2021-04-13,IWM,2021,next_rth_range,0.14147426413988962,0.10261768712559549
POOLED,2021-04-13,QQQ,2021,next_rth_range,0.2817316653351662,0.3859814259510701
POOLED,2021-04-13,SPY,2021,next_rth_range,0.2678198533915287,0.09039964891727337
POOLED,2021-04-14,IWM,2021,next_rth_range,0.14925518611365962,-0.2880131416330318
POOLED,2021-04-14,QQQ,2021,next_rth_range,0.29211650140687684,0.2037031018135007
POOLED,2021-04-14,SPY,2021,next_rth_range,0.34341383103634376,-0.2583184435143897
POOLED,2021-04-15,IWM,2021,next_rth_range,0.14787462623074216,-0.18247901945298572
POOLED,2021-04-15,QQQ,2021,next_rth_range,0.3887803595039171,-0.8615600117320206
POOLED,2021-04-15,SPY,2021,next_rth_range,0.38436944141881735,-0.3294879286724033
POOLED,2021-04-16,IWM,2021,next_rth_range,0.08365489735901542,0.4408497636468698
POOLED,2021-04-16,QQQ,2021,next_rth_range,0.13035495318718773,0.30673043245720866
POOLED,2021-04-16,SPY,2021,next_rth_range,0.2197721442917511,-0.10833697616098004
POOLED,2021-04-19,IWM,2021,next_rth_range,0.10538107505600988,0.4826879201281926
POOLED,2021-04-19,QQQ,2021,next_rth_range,0.19698626883891618,0.13759922693390347
POOLED,2021-04-19,SPY,2021,next_rth_range,0.3214303273698909,0.3387010062146798
POOLED,2021-04-20,IWM,2021,next_rth_range,0.10796545419031017,0.4356087791461407
POOLED,2021-04-20,QQQ,2021,next_rth_range,0.2366540518539465,0.1947952093793912
POOLED,2021-04-20,SPY,2021,next_rth_range,0.22050920087232634,0.25995259469609433
POOLED,2021-04-21,IWM,2021,next_rth_range,0.11585731168048434,-0.10337588008567389
POOLED,2021-04-21,QQQ,2021,next_rth_range,0.20994758099945932,0.24339340933840603
POOLED,2021-04-21,SPY,2021,next_rth_range,0.3432682627780326,0.36778516515379067
POOLED,2021-04-22,IWM,2021,next_rth_range,0.13202753732058428,0.13858901802794676
POOLED,2021-04-22,QQQ,2021,next_rth_range,0.1715428482647222,0.06761061548004843
POOLED,2021-04-22,SPY,2021,next_rth_range,0.22613304062237144,0.27585304436365377
POOLED,2021-04-23,IWM,2021,next_rth_range,0.11573844209938898,-0.7353032138064002
POOLED,2021-04-23,QQQ,2021,next_rth_range,0.17991182206660888,-0.37589200071775686
POOLED,2021-04-23,SPY,2021,next_rth_range,0.2736076681008154,-1.0891452509686177
POOLED,2021-04-26,IWM,2021,next_rth_range,0.08439964063300372,-0.4037068573525966
POOLED,2021-04-26,QQQ,2021,next_rth_range,0.1820066224550963,-0.1813450731860371
POOLED,2021-04-26,SPY,2021,next_rth_range,0.17342088461267,-0.3996878389712162
POOLED,2021-04-27,IWM,2021,next_rth_range,0.0764332484824356,-0.127938586853519
POOLED,2021-04-27,QQQ,2021,next_rth_range,0.18204571488811405,-0.3441048744221433
POOLED,2021-04-27,SPY,2021,next_rth_range,0.24094413078798108,-0.2824270788825247
POOLED,2021-04-28,IWM,2021,next_rth_range,0.08346164729961518,0.5889913164745084
POOLED,2021-04-28,QQQ,2021,next_rth_range,0.22880713501980948,0.5444963422666822
POOLED,2021-04-28,SPY,2021,next_rth_range,0.2086773269931633,0.39219160856655755
POOLED,2021-04-29,IWM,2021,next_rth_range,0.15825200367809653,-0.038897800282696515
POOLED,2021-04-29,QQQ,2021,next_rth_range,0.2663856488711862,-0.3542798102424287
POOLED,2021-04-29,SPY,2021,next_rth_range,0.38071768770613307,-0.5166947978398859
POOLED,2021-04-30,IWM,2021,next_rth_range,0.12885139335320525,-0.30258861503145695
POOLED,2021-04-30,QQQ,2021,next_rth_range,0.09883829177905273,0.16586537093232945
POOLED,2021-04-30,SPY,2021,next_rth_range,0.20718456175730096,-0.27269504620447726
POOLED,2021-05-03,QQQ,2021,next_rth_range,0.18693995226368482,0.7648965852817717
POOLED,2021-05-03,SPY,2021,next_rth_range,0.2600295866430738,0.6290179066680945
POOLED,2021-05-04,IWM,2021,next_rth_range,0.14434814513864633,-0.19659666424500255
POOLED,2021-05-04,QQQ,2021,next_rth_range,0.279557561977084,-0.03046978410723966
POOLED,2021-05-04,SPY,2021,next_rth_range,0.22547717828497268,-0.4506580341662394
POOLED,2021-05-05,IWM,2021,next_rth_range,0.23097746037048827,0.3341590309853406
POOLED,2021-05-05,QQQ,2021,next_rth_range,0.30410983982863293,0.24985274407539393
POOLED,2021-05-05,SPY,2021,next_rth_range,0.21309249875099548,0.6651747171470861
POOLED,2021-05-06,IWM,2021,next_rth_range,0.25039974519626396,-0.00046081208604586976
POOLED,2021-05-06,QQQ,2021,next_rth_range,0.35085770807810496,0.13517061868368607
POOLED,2021-05-06,SPY,2021,next_rth_range,0.41600271873313377,-0.08555442373879174
POOLED,2021-05-07,IWM,2021,next_rth_range,0.10485106804689166,0.6087046569460535
POOLED,2021-05-07,QQQ,2021,next_rth_range,0.1401140230705632,0.4768162119980093
POOLED,2021-05-07,SPY,2021,next_rth_range,0.22712774335854766,0.3803928881826577
POOLED,2021-05-10,IWM,2021,next_rth_range,0.14436750209617752,0.3804469453887198
POOLED,2021-05-10,QQQ,2021,next_rth_range,0.12588772858744104,0.3327171167065348
POOLED,2021-05-10,SPY,2021,next_rth_range,0.2542692592213516,0.31500470158727634
POOLED,2021-05-11,IWM,2021,next_rth_range,0.19053966602870048,0.5423284343483363
POOLED,2021-05-11,QQQ,2021,next_rth_range,0.14543069979794535,0.2609400058906717
POOLED,2021-05-11,SPY,2021,next_rth_range,0.1786697243947018,0.7196618770643313
POOLED,2021-05-12,IWM,2021,next_rth_range,0.0652198297140405,0.18735247096092333
POOLED,2021-05-12,QQQ,2021,next_rth_range,0.07664836668277611,0.05477110172499522
POOLED,2021-05-12,SPY,2021,next_rth_range,0.1534138560989816,0.00558386076782913
POOLED,2021-05-13,IWM,2021,next_rth_range,0.15272352253431423,0.2525909258592143
POOLED,2021-05-13,QQQ,2021,next_rth_range,0.18964765036595724,0.039525411368755314
POOLED,2021-05-13,SPY,2021,next_rth_range,0.21555310927931914,-0.02552119941487785
POOLED,2021-05-14,IWM,2021,next_rth_range,0.2257201205170044,-0.2674907308938774
POOLED,2021-05-14,QQQ,2021,next_rth_range,0.18250422028774704,0.009321396612355315
POOLED,2021-05-14,SPY,2021,next_rth_range,0.18557319027302427,-0.3164635215255416
POOLED,2021-05-17,QQQ,2021,next_rth_range,0.18425676506463942,-0.07474699708285559
POOLED,2021-05-17,SPY,2021,next_rth_range,0.20108137702455617,0.08255359121829642
POOLED,2021-05-18,IWM,2021,next_rth_range,0.16680129567787844,0.12255106255937864
POOLED,2021-05-18,QQQ,2021,next_rth_range,0.09169160430548667,0.39032907720706334
POOLED,2021-05-18,SPY,2021,next_rth_range,0.2278402209841866,0.34983128593422474
POOLED,2021-05-19,IWM,2021,next_rth_range,0.14099491099313421,-0.04511998172256604
POOLED,2021-05-19,QQQ,2021,next_rth_range,0.13336425230775248,0.12092088913646037
POOLED,2021-05-19,SPY,2021,next_rth_range,0.1885887902414697,0.08770647902673456
POOLED,2021-05-20,IWM,2021,next_rth_range,0.21698199082010963,-0.15486993263733595
POOLED,2021-05-20,QQQ,2021,next_rth_range,0.4475647656305546,-0.17862632417372026
POOLED,2021-05-20,SPY,2021,next_rth_range,0.2875540570920464,-0.13828770214458252
POOLED,2021-05-21,IWM,2021,next_rth_range,0.20621037404973996,-0.21480371010443555
POOLED,2021-05-21,QQQ,2021,next_rth_range,0.08955734582849155,0.4695360483860713
POOLED,2021-05-21,SPY,2021,next_rth_range,0.28318170355202,-0.13972054085389196
POOLED,2021-05-24,IWM,2021,next_rth_range,0.09478800672514244,0.4238294268798515
POOLED,2021-05-24,QQQ,2021,next_rth_range,0.1259221268705116,-0.5851526191311383
POOLED,2021-05-24,SPY,2021,next_rth_range,0.20985217326370054,-0.16657929448310682
POOLED,2021-05-25,IWM,2021,next_rth_range,0.15997873705433122,-0.013575838314684674
POOLED,2021-05-25,QQQ,2021,next_rth_range,0.1397236386713493,-0.8463729104704028
POOLED,2021-05-25,SPY,2021,next_rth_range,0.31108100855617327,-0.6372018002834743
POOLED,2021-05-26,IWM,2021,next_rth_range,0.11287691203133399,-0.4528843933373192
POOLED,2021-05-26,QQQ,2021,next_rth_range,0.20613479975672105,-0.5246732074865355
POOLED,2021-05-26,SPY,2021,next_rth_range,0.3441552039307986,-0.5954632659139101
POOLED,2021-05-27,IWM,2021,next_rth_range,0.24519905584662757,-0.3103199111574808
POOLED,2021-05-27,QQQ,2021,next_rth_range,0.18967936303958513,-0.4768904153609519
POOLED,2021-05-27,SPY,2021,next_rth_range,0.3608777926660531,-0.6820246166209989
POOLED,2021-05-28,IWM,2021,next_rth_range,0.1890551311406596,-0.06530189134009579
POOLED,2021-05-28,QQQ,2021,next_rth_range,0.17914502827709092,0.26733250724761426
POOLED,2021-05-28,SPY,2021,next_rth_range,0.33397023731649406,0.24804472893900797
POOLED,2021-06-01,IWM,2021,next_rth_range,0.15697575962393417,-0.40984160975735406
POOLED,2021-06-01,QQQ,2021,next_rth_range,0.12645603734235045,-0.40868714705625475
POOLED,2021-06-01,SPY,2021,next_rth_range,0.2799288990856501,-0.5156057101089813
POOLED,2021-06-02,IWM,2021,next_rth_range,0.13071884321212907,0.269745456645369
POOLED,2021-06-02,QQQ,2021,next_rth_range,0.2642396564987822,0.0616899014185357
POOLED,2021-06-02,SPY,2021,next_rth_range,0.28913223960405837,0.2607714830149295
POOLED,2021-06-03,IWM,2021,next_rth_range,0.12448056460452744,-0.6539227102630276
POOLED,2021-06-03,QQQ,2021,next_rth_range,0.23744419937053782,0.09714065486412515
POOLED,2021-06-03,SPY,2021,next_rth_range,0.3389369670138547,0.15060903719892416
POOLED,2021-06-04,IWM,2021,next_rth_range,0.10026184529453458,0.26845527113301326
POOLED,2021-06-04,QQQ,2021,next_rth_range,0.1959904708920342,-0.6053745186924626
POOLED,2021-06-04,SPY,2021,next_rth_range,0.16952369507669582,-0.8695587474619826
POOLED,2021-06-07,IWM,2021,next_rth_range,0.21120544037291572,0.031429984285969326
POOLED,2021-06-07,QQQ,2021,next_rth_range,0.20738231968338852,0.2246973158971599
POOLED,2021-06-07,SPY,2021,next_rth_range,0.20026354848840802,0.013659287617650229
POOLED,2021-06-08,IWM,2021,next_rth_range,0.15803620040802557,-0.2361651752633449
POOLED,2021-06-08,QQQ,2021,next_rth_range,0.10849741877947278,-0.60860476595363
POOLED,2021-06-08,SPY,2021,next_rth_range,0.2429888189599866,-0.5889209095891701
POOLED,2021-06-09,IWM,2021,next_rth_range,0.05647462174256325,0.173006234126583
POOLED,2021-06-09,QQQ,2021,next_rth_range,0.09146503501251833,0.12855536663538025
POOLED,2021-06-09,SPY,2021,next_rth_range,0.30051856053501913,0.10392864724880724
POOLED,2021-06-10,IWM,2021,next_rth_range,0.265083744534704,-0.6022174631306019
POOLED,2021-06-10,QQQ,2021,next_rth_range,0.2881353507829933,-0.8597668870152564
POOLED,2021-06-10,SPY,2021,next_rth_range,0.3487403806791457,-0.6874492332422939
POOLED,2021-06-11,IWM,2021,next_rth_range,0.04464486286259643,0.2993564801504567
POOLED,2021-06-11,QQQ,2021,next_rth_range,0.23611699866018904,0.43744911783271956
POOLED,2021-06-11,SPY,2021,next_rth_range,0.27654280600569897,-0.11043635087904313
POOLED,2021-06-14,IWM,2021,next_rth_range,0.2643846187023496,0.0013740721998587446
POOLED,2021-06-14,QQQ,2021,next_rth_range,0.2880963878921309,-0.20750518525436323
POOLED,2021-06-14,SPY,2021,next_rth_range,0.29816251835385427,-0.27114187574402404
POOLED,2021-06-15,IWM,2021,next_rth_range,0.24215160932967847,0.051762570277612774
POOLED,2021-06-15,QQQ,2021,next_rth_range,0.14896251702681174,0.6699095271340663
POOLED,2021-06-15,SPY,2021,next_rth_range,0.29852646412812117,0.7247867637990559
POOLED,2021-06-16,IWM,2021,next_rth_range,0.2588393344779904,0.6323642293126963
POOLED,2021-06-16,QQQ,2021,next_rth_range,0.23586105483368897,0.3299755915237945
POOLED,2021-06-16,SPY,2021,next_rth_range,0.3145996257330244,0.08520762762533263
POOLED,2021-06-17,IWM,2021,next_rth_range,0.1942737403473087,0.21495871053062832
POOLED,2021-06-17,QQQ,2021,next_rth_range,0.29701062928868716,-0.44733673451489864
POOLED,2021-06-17,SPY,2021,next_rth_range,0.4304476719293285,0.022334740951410303
POOLED,2021-06-18,IWM,2021,next_rth_range,0.0946594784322756,0.1711968380492186
POOLED,2021-06-18,QQQ,2021,next_rth_range,0.17637020296885175,0.2907282667895519
POOLED,2021-06-18,SPY,2021,next_rth_range,0.17402454474881715,0.5398477032503628
POOLED,2021-06-21,IWM,2021,next_rth_range,0.18098941693990583,0.01915794179216057
POOLED,2021-06-21,QQQ,2021,next_rth_range,0.2152652586026921,0.047685434522424686
POOLED,2021-06-21,SPY,2021,next_rth_range,0.25464636678854,0.01301278912015924
POOLED,2021-06-22,IWM,2021,next_rth_range,0.1659674353982797,-0.5624799941399763
POOLED,2021-06-22,QQQ,2021,next_rth_range,0.19913752401730592,-0.6065584702829208
POOLED,2021-06-22,SPY,2021,next_rth_range,0.43266604259986563,-0.8157752050037681
POOLED,2021-06-23,IWM,2021,next_rth_range,0.08920088489658543,0.16764271134337783
POOLED,2021-06-23,QQQ,2021,next_rth_range,0.09667070622537549,-0.27792965909212874
POOLED,2021-06-23,SPY,2021,next_rth_range,0.22469333271803432,-1.0444295328174054
POOLED,2021-06-24,IWM,2021,next_rth_range,0.1359337980687415,-0.6616319865977855
POOLED,2021-06-24,QQQ,2021,next_rth_range,0.25566440620395536,-0.5206405045403812
POOLED,2021-06-24,SPY,2021,next_rth_range,0.47687333535537385,-0.5129967751871316
POOLED,2021-06-25,IWM,2021,next_rth_range,0.09238632704258282,0.36150212256583725
POOLED,2021-06-25,QQQ,2021,next_rth_range,0.20169851994099858,0.150320545282292
POOLED,2021-06-25,SPY,2021,next_rth_range,0.3289304739712711,-0.35645999863700606
POOLED,2021-06-28,IWM,2021,next_rth_range,0.2296309393682142,-0.09320538296920233
POOLED,2021-06-28,QQQ,2021,next_rth_range,0.3418033964262172,-0.334193736740378
POOLED,2021-06-28,SPY,2021,next_rth_range,0.29007932225872174,-0.567276806387599
POOLED,2021-06-29,IWM,2021,next_rth_range,0.3308395953042957,-0.11441644949728325
POOLED,2021-06-29,QQQ,2021,next_rth_range,0.17313026198760903,-0.7564281341176606
POOLED,2021-06-29,SPY,2021,next_rth_range,0.3642790679902447,-0.4085101711909358
POOLED,2021-06-30,IWM,2021,next_rth_range,0.29898934792322845,-0.2735998900750962
POOLED,2021-06-30,QQQ,2021,next_rth_range,0.2300976568837475,-0.08712374026665692
POOLED,2021-06-30,SPY,2021,next_rth_range,0.38994926438244715,-0.25369555142414857
POOLED,2021-07-01,IWM,2021,next_rth_range,0.12093475383694953,0.3206996886911373
POOLED,2021-07-01,QQQ,2021,next_rth_range,0.3001104102873664,-0.1303687012955237
POOLED,2021-07-01,SPY,2021,next_rth_range,0.31031305667997744,0.4320961717033347
POOLED,2021-07-02,IWM,2021,next_rth_range,0.1608742920440803,0.6065372774911131
POOLED,2021-07-02,QQQ,2021,next_rth_range,0.25634081926770097,0.26268495029612815
POOLED,2021-07-02,SPY,2021,next_rth_range,0.24035187543856218,0.2832462673790923
POOLED,2021-07-06,IWM,2021,next_rth_range,0.17931974436879533,0.24065244258364338
POOLED,2021-07-06,QQQ,2021,next_rth_range,0.24978872418217954,0.04381981318922268
POOLED,2021-07-06,SPY,2021,next_rth_range,0.38337996505688027,-0.02623540655359502
POOLED,2021-07-07,IWM,2021,next_rth_range,0.08899154383289827,0.546951792622961
POOLED,2021-07-07,QQQ,2021,next_rth_range,0.2986964208038142,0.4161477037394752
POOLED,2021-07-07,SPY,2021,next_rth_range,0.3521589870901482,0.32700387665312824
POOLED,2021-07-08,IWM,2021,next_rth_range,0.09348733201614205,-0.3022197359332246
POOLED,2021-07-08,QQQ,2021,next_rth_range,0.30866012999508907,-0.042009526513195006
POOLED,2021-07-08,SPY,2021,next_rth_range,0.3596594233781881,0.36811649674363434
POOLED,2021-07-09,IWM,2021,next_rth_range,0.09173316357529027,-0.31249481346828745
POOLED,2021-07-09,QQQ,2021,next_rth_range,0.221509028579427,-0.5687087486863405
POOLED,2021-07-09,SPY,2021,next_rth_range,0.31099303937977624,-0.5048884586653433
POOLED,2021-07-12,IWM,2021,next_rth_range,0.11737501608388413,0.20651328829650062
POOLED,2021-07-12,QQQ,2021,next_rth_range,0.20568859657208477,0.22243298626736419
POOLED,2021-07-12,SPY,2021,next_rth_range,0.33229975425702646,-0.1558588606754423
POOLED,2021-07-13,IWM,2021,next_rth_range,0.10450172012403855,0.5527834612882954
POOLED,2021-07-13,QQQ,2021,next_rth_range,0.24445815409378624,-0.13987478942255382
POOLED,2021-07-13,SPY,2021,next_rth_range,0.37720987459181937,-0.036213054827489266
POOLED,2021-07-14,IWM,2021,next_rth_range,0.11253115260561818,-0.003574252191406835
POOLED,2021-07-14,QQQ,2021,next_rth_range,0.1635140498805628,0.3682924345551237
POOLED,2021-07-14,SPY,2021,next_rth_range,0.37640031984247874,-0.1413710922413145
POOLED,2021-07-15,IWM,2021,next_rth_range,0.1890135456436328,0.32028943108640817
POOLED,2021-07-15,QQQ,2021,next_rth_range,0.4260697057595942,0.30747140267289463
POOLED,2021-07-15,SPY,2021,next_rth_range,0.42971364183123184,0.41478129355034277
POOLED,2021-07-16,IWM,2021,next_rth_range,0.1016015382630245,0.38618639448197767
POOLED,2021-07-16,QQQ,2021,next_rth_range,0.1960599034607846,-0.1981157432295726
POOLED,2021-07-16,SPY,2021,next_rth_range,0.2744132346427353,0.9425073312441361
POOLED,2021-07-19,IWM,2021,next_rth_range,0.03310689579633235,0.7524392364003218
POOLED,2021-07-19,QQQ,2021,next_rth_range,0.1743368481995083,0.6771195810430948
POOLED,2021-07-19,SPY,2021,next_rth_range,0.18139497729059412,0.3628967048140064
POOLED,2021-07-20,IWM,2021,next_rth_range,0.15844681372365066,-0.5876835847112911
POOLED,2021-07-20,QQQ,2021,next_rth_range,0.3307923604416043,-0.2977310870652081
POOLED,2021-07-20,SPY,2021,next_rth_range,0.3506739254830419,-0.27875378624125613
POOLED,2021-07-21,IWM,2021,next_rth_range,0.1407006687626873,0.296711263871714
POOLED,2021-07-21,QQQ,2021,next_rth_range,0.36204121654128235,-0.47396947350667507
POOLED,2021-07-21,SPY,2021,next_rth_range,0.29821395227211533,-0.5892787186949073
POOLED,2021-07-22,IWM,2021,next_rth_range,0.18319588516188914,-0.25373501235455187
POOLED,2021-07-22,QQQ,2021,next_rth_range,0.17309323464890614,0.41922249460155747
POOLED,2021-07-22,SPY,2021,next_rth_range,0.3616323206671122,0.1320420947200418
POOLED,2021-07-23,IWM,2021,next_rth_range,0.17567927142969128,-0.1966239456810719
POOLED,2021-07-23,QQQ,2021,next_rth_range,0.21162335215674602,-0.5557790641066855
POOLED,2021-07-23,SPY,2021,next_rth_range,0.309541016865737,-0.7139117863669995
POOLED,2021-07-26,IWM,2021,next_rth_range,0.17045207576017454,0.06923256085284013
POOLED,2021-07-26,QQQ,2021,next_rth_range,0.21602981087109857,1.0014796461087165
POOLED,2021-07-26,SPY,2021,next_rth_range,0.3282054518786709,0.3734996375723041
POOLED,2021-07-27,IWM,2021,next_rth_range,0.1709371596017099,0.3699328619012592
POOLED,2021-07-27,QQQ,2021,next_rth_range,0.23636909778704654,-0.2117005193236663
POOLED,2021-07-27,SPY,2021,next_rth_range,0.3683431109565087,-0.21818863493103358
POOLED,2021-07-28,IWM,2021,next_rth_range,0.1976201928824513,-0.6075762095677169
POOLED,2021-07-28,QQQ,2021,next_rth_range,0.19916380821022908,-0.5424266120102406
POOLED,2021-07-28,SPY,2021,next_rth_range,0.37073932408783467,-0.5182910067924045
POOLED,2021-07-29,IWM,2021,next_rth_range,0.14684954208306542,0.23512401428151541
POOLED,2021-07-29,QQQ,2021,next_rth_range,0.3777483043401483,-0.1334258790697591
POOLED,2021-07-29,SPY,2021,next_rth_range,0.4511085527220982,-0.24488020103211028
POOLED,2021-07-30,IWM,2021,next_rth_range,0.22502716047718083,0.2835536369820537
POOLED,2021-07-30,QQQ,2021,next_rth_range,0.22664972601909142,-0.07566447266742848
POOLED,2021-07-30,SPY,2021,next_rth_range,0.2896260140014076,0.20412851938884113
POOLED,2021-08-02,IWM,2021,next_rth_range,0.20159150424271374,0.014705617956284556
POOLED,2021-08-02,QQQ,2021,next_rth_range,0.21204324222867307,0.39526372457432846
POOLED,2021-08-02,SPY,2021,next_rth_range,0.18104701840318976,0.41922164673648155
POOLED,2021-08-03,IWM,2021,next_rth_range,0.1930702309114746,-0.13340896532884905
POOLED,2021-08-03,QQQ,2021,next_rth_range,0.2704315241194706,-0.4062709838093168
POOLED,2021-08-03,SPY,2021,next_rth_range,0.4808203639411659,-0.5342298887683494
POOLED,2021-08-04,IWM,2021,next_rth_range,0.13299475068698646,0.1268151036957672
POOLED,2021-08-04,QQQ,2021,next_rth_range,0.27152475547923793,-0.2679067990181263
POOLED,2021-08-04,SPY,2021,next_rth_range,0.4294238035649426,-0.47049189123390445
POOLED,2021-08-05,IWM,2021,next_rth_range,0.15365790087695444,-0.1563363788001375
POOLED,2021-08-05,QQQ,2021,next_rth_range,0.3917241264849889,-0.21168663566065682
POOLED,2021-08-05,SPY,2021,next_rth_range,0.43039285159567514,-0.9353260184595493
POOLED,2021-08-06,IWM,2021,next_rth_range,0.09319226071947179,-0.5379598475602503
POOLED,2021-08-06,QQQ,2021,next_rth_range,0.13281317129690762,-0.5210043666071371
POOLED,2021-08-06,SPY,2021,next_rth_range,0.19913782013558476,-0.5675154834942733
POOLED,2021-08-09,IWM,2021,next_rth_range,0.11908770397156303,-0.30059442860409025
POOLED,2021-08-09,QQQ,2021,next_rth_range,0.26799243012846946,0.3004383822485135
POOLED,2021-08-09,SPY,2021,next_rth_range,0.38614389399443294,-0.5617246918456056
POOLED,2021-08-10,IWM,2021,next_rth_range,0.12982215371915962,0.08560275688222418
POOLED,2021-08-10,QQQ,2021,next_rth_range,0.21064392427083936,0.0522569435228073
POOLED,2021-08-10,SPY,2021,next_rth_range,0.27063966420804897,-0.8075857052973152
POOLED,2021-08-11,IWM,2021,next_rth_range,0.11523889209643005,-0.4290174240556608
POOLED,2021-08-11,QQQ,2021,next_rth_range,0.31100098947586485,0.010362249429626935
POOLED,2021-08-11,SPY,2021,next_rth_range,0.3859580855560317,-0.02075213023475353
POOLED,2021-08-12,IWM,2021,next_rth_range,0.16182155774491672,0.00444770950066431
POOLED,2021-08-12,QQQ,2021,next_rth_range,0.336929923965359,-0.6541228680396189
POOLED,2021-08-12,SPY,2021,next_rth_range,0.5193731370925829,-1.1463275846912593
POOLED,2021-08-13,IWM,2021,next_rth_range,0.08314165197760057,-0.04031299858433357
POOLED,2021-08-13,QQQ,2021,next_rth_range,0.3246652403068577,0.6969775110260663
POOLED,2021-08-13,SPY,2021,next_rth_range,0.32362486168758287,0.6256618933152884
POOLED,2021-08-16,IWM,2021,next_rth_range,0.3395341840998282,0.2792804272978051
POOLED,2021-08-16,QQQ,2021,next_rth_range,0.2911758354410349,-0.013144253402758821
POOLED,2021-08-16,SPY,2021,next_rth_range,0.3565046009900404,0.3733031810922762
POOLED,2021-08-17,IWM,2021,next_rth_range,0.12509052819268482,0.10480793347247364
POOLED,2021-08-17,QQQ,2021,next_rth_range,0.2925759560510554,0.25909971438318724
POOLED,2021-08-17,SPY,2021,next_rth_range,0.4199532200075915,0.5132196275592538
POOLED,2021-08-18,IWM,2021,next_rth_range,0.14811251663407277,0.1661062928421213
POOLED,2021-08-18,QQQ,2021,next_rth_range,0.11551489091428824,0.4029699421585029
POOLED,2021-08-18,SPY,2021,next_rth_range,0.27861495647824536,0.28757069089317344
POOLED,2021-08-19,IWM,2021,next_rth_range,0.10361459283891086,0.5353953794217929
POOLED,2021-08-19,QQQ,2021,next_rth_range,0.23283368548385788,-0.21856859380670812
POOLED,2021-08-19,SPY,2021,next_rth_range,0.38626343694067805,0.0908564556044702
POOLED,2021-08-20,IWM,2021,next_rth_range,0.1094618183797536,-0.3606070774227632
POOLED,2021-08-20,QQQ,2021,next_rth_range,0.17003782106037074,0.391292911650706
POOLED,2021-08-20,SPY,2021,next_rth_range,0.2640531875650302,0.3464771949602605
POOLED,2021-08-23,IWM,2021,next_rth_range,0.2233102567338123,-0.24410508444146028
POOLED,2021-08-23,QQQ,2021,next_rth_range,0.15105986417586792,-0.9797606951904392
POOLED,2021-08-23,SPY,2021,next_rth_range,0.24904229399170436,-1.2258595623791475
POOLED,2021-08-24,IWM,2021,next_rth_range,0.11038313034491266,0.14145147563633298
POOLED,2021-08-24,QQQ,2021,next_rth_range,0.2877268003553765,-0.6168903545212725
POOLED,2021-08-24,SPY,2021,next_rth_range,0.46539252764012945,-0.6036756359130768
POOLED,2021-08-25,IWM,2021,next_rth_range,0.1303599283340448,0.08813741579314271
POOLED,2021-08-25,QQQ,2021,next_rth_range,0.32183415802498494,-0.038640525876959764
POOLED,2021-08-25,SPY,2021,next_rth_range,0.41369320543566657,0.08501566224265567
POOLED,2021-08-26,IWM,2021,next_rth_range,0.2647890404456187,0.7245703821127059
POOLED,2021-08-26,QQQ,2021,next_rth_range,0.2298939170107026,0.22192690305975304
POOLED,2021-08-26,SPY,2021,next_rth_range,0.3621441641998803,0.22680445948117
POOLED,2021-08-27,IWM,2021,next_rth_range,0.06140820766698051,-0.6308630697018192
POOLED,2021-08-27,QQQ,2021,next_rth_range,0.24133111714712305,0.05736516746526643
POOLED,2021-08-27,SPY,2021,next_rth_range,0.3444058725113374,-0.31201197376815504
POOLED,2021-08-30,IWM,2021,next_rth_range,0.18005759789006956,-0.2068693560038284
POOLED,2021-08-30,QQQ,2021,next_rth_range,0.19071467772712558,-0.5029420140119507
POOLED,2021-08-30,SPY,2021,next_rth_range,0.3846545040782328,-0.5799330704929888
POOLED,2021-08-31,IWM,2021,next_rth_range,0.24391009989967072,0.16568348414592293
POOLED,2021-08-31,QQQ,2021,next_rth_range,0.2777172209970816,-0.27561623760009635
POOLED,2021-08-31,SPY,2021,next_rth_range,0.35543621654401,-0.48199621806071935
POOLED,2021-09-01,IWM,2021,next_rth_range,0.08674281888824907,-0.42044520882579395
POOLED,2021-09-01,QQQ,2021,next_rth_range,0.2555321886102208,-0.0011166944729907868
POOLED,2021-09-01,SPY,2021,next_rth_range,0.39475008942031975,-0.14906086578123645
POOLED,2021-09-02,IWM,2021,next_rth_range,0.2898297364652561,-0.4437952651768402
POOLED,2021-09-02,QQQ,2021,next_rth_range,0.34322999774283275,-0.1792989225359829
POOLED,2021-09-02,SPY,2021,next_rth_range,0.4191183018879526,-0.27379176356320656
POOLED,2021-09-03,IWM,2021,next_rth_range,0.10341729816813,0.12040809878850123
POOLED,2021-09-03,QQQ,2021,next_rth_range,0.27545835517961237,-0.30402914967573746
POOLED,2021-09-03,SPY,2021,next_rth_range,0.3536491642581754,-0.17252938567371068
POOLED,2021-09-07,IWM,2021,next_rth_range,0.08054092584785674,0.17482886052323288
POOLED,2021-09-07,QQQ,2021,next_rth_range,0.20699810293811363,0.22647585945388204
POOLED,2021-09-07,SPY,2021,next_rth_range,0.36758128803400386,0.1352963206610287
POOLED,2021-09-08,IWM,2021,next_rth_range,0.2876718073492121,0.07730442960580763
POOLED,2021-09-08,QQQ,2021,next_rth_range,0.30257915364278465,-0.11228295711574532
POOLED,2021-09-08,SPY,2021,next_rth_range,0.4168452327737178,0.22143907901834847
POOLED,2021-09-09,IWM,2021,next_rth_range,0.13847049239807935,0.15171004118516063
POOLED,2021-09-09,QQQ,2021,next_rth_range,0.33741403735528314,0.6192750835424343
POOLED,2021-09-09,SPY,2021,next_rth_range,0.3521905497821357,0.6777460856874988
POOLED,2021-09-10,IWM,2021,next_rth_range,0.10549533006899554,0.041695024387046864
POOLED,2021-09-10,QQQ,2021,next_rth_range,0.20494124124150137,0.2330671610887327
POOLED,2021-09-10,SPY,2021,next_rth_range,0.18422589037105597,0.24112244676003325
POOLED,2021-09-13,IWM,2021,next_rth_range,0.1601752513206344,0.4136897443821139
POOLED,2021-09-13,QQQ,2021,next_rth_range,0.23157370638393696,0.08570149495545021
POOLED,2021-09-13,SPY,2021,next_rth_range,0.219801616455998,0.35196958935488887
POOLED,2021-09-14,IWM,2021,next_rth_range,0.24408233921886693,-0.060069872224043586
POOLED,2021-09-14,QQQ,2021,next_rth_range,0.2886042443063356,0.3525407815460966
POOLED,2021-09-14,SPY,2021,next_rth_range,0.28916308808393615,0.31287636767607285
POOLED,2021-09-15,IWM,2021,next_rth_range,0.21333927179340226,0.007279825980589294
POOLED,2021-09-15,QQQ,2021,next_rth_range,0.14282873575419966,0.035604276263832446
POOLED,2021-09-15,SPY,2021,next_rth_range,0.42735716577430466,0.13691369804061093
POOLED,2021-09-16,IWM,2021,next_rth_range,0.24027450128799147,-0.3099432022167461
POOLED,2021-09-16,QQQ,2021,next_rth_range,0.3800836055752967,0.3127679638381453
POOLED,2021-09-16,SPY,2021,next_rth_range,0.34624279975055483,0.13343191534442234
POOLED,2021-09-17,IWM,2021,next_rth_range,0.09975473213357806,0.6055837144063378
POOLED,2021-09-17,QQQ,2021,next_rth_range,0.2204311341250453,0.7395018637504704
POOLED,2021-09-17,SPY,2021,next_rth_range,0.16937485311897912,0.7803400407152736
POOLED,2021-09-20,IWM,2021,next_rth_range,0.1872229235958566,-0.1427169548919398
POOLED,2021-09-20,QQQ,2021,next_rth_range,0.12488315693490111,-0.39224619656837767
POOLED,2021-09-20,SPY,2021,next_rth_range,0.13398833140865637,-0.0619557287665522
POOLED,2021-09-21,IWM,2021,next_rth_range,0.17308248256470818,0.13580010172205803
POOLED,2021-09-21,QQQ,2021,next_rth_range,0.13297708642031647,0.2692791359911304
POOLED,2021-09-21,SPY,2021,next_rth_range,0.15776745240160162,0.4538237508416918
POOLED,2021-09-22,IWM,2021,next_rth_range,0.20739999977514212,0.1917841775496809
POOLED,2021-09-22,QQQ,2021,next_rth_range,0.20171915204847263,-0.12684986072337434
POOLED,2021-09-22,SPY,2021,next_rth_range,0.1911461139583076,0.1228278145476045
POOLED,2021-09-23,IWM,2021,next_rth_range,0.20270244539929433,-0.3563370516505975
POOLED,2021-09-23,QQQ,2021,next_rth_range,0.15867749418760443,-0.15376107996517874
POOLED,2021-09-23,SPY,2021,next_rth_range,0.3127698958283564,-0.24233598914651466
POOLED,2021-09-24,IWM,2021,next_rth_range,0.18400887330809032,0.22877678628317355
POOLED,2021-09-24,QQQ,2021,next_rth_range,0.21966335355983493,-0.08170870516020479
POOLED,2021-09-24,SPY,2021,next_rth_range,0.27564438381448003,-0.5407709101009122
POOLED,2021-09-27,IWM,2021,next_rth_range,0.08318831451763323,0.32141951819463
POOLED,2021-09-27,QQQ,2021,next_rth_range,0.21951802089547667,1.017684343002299
POOLED,2021-09-27,SPY,2021,next_rth_range,0.21824578910385364,0.8062528280720969
POOLED,2021-09-28,IWM,2021,next_rth_range,0.1335594239069214,-0.4231307763177794
POOLED,2021-09-28,QQQ,2021,next_rth_range,0.14350982848524527,-0.3377852645243058
POOLED,2021-09-28,SPY,2021,next_rth_range,0.1869226384517809,-0.44596280382300435
POOLED,2021-09-29,IWM,2021,next_rth_range,0.22160995930081434,0.32025189556238765
POOLED,2021-09-29,QQQ,2021,next_rth_range,0.23545858625898317,0.19396985496881403
POOLED,2021-09-29,SPY,2021,next_rth_range,0.2233293080440186,0.7487292966560113
POOLED,2021-09-30,IWM,2021,next_rth_range,0.16275407773602937,0.5131690029031244
POOLED,2021-09-30,QQQ,2021,next_rth_range,0.13663482124499687,0.35756610792523835
POOLED,2021-09-30,SPY,2021,next_rth_range,0.2248239478589121,0.5226654318883877
POOLED,2021-10-01,IWM,2021,next_rth_range,0.10772953335102253,-0.24678125128708217
POOLED,2021-10-01,QQQ,2021,next_rth_range,0.14351623733535954,0.44328819274002695
POOLED,2021-10-01,SPY,2021,next_rth_range,0.16206499677560188,0.2574886287285887
POOLED,2021-10-04,IWM,2021,next_rth_range,0.19567892843180143,-0.04568362822719951
POOLED,2021-10-04,QQQ,2021,next_rth_range,0.09649195569872263,0.04545737654222748
POOLED,2021-10-04,SPY,2021,next_rth_range,0.16127911784570084,0.10422029075902373
POOLED,2021-10-05,IWM,2021,next_rth_range,0.2746776637827419,-0.010727418650152032
POOLED,2021-10-05,QQQ,2021,next_rth_range,0.15081884524107414,0.2589964253587995
POOLED,2021-10-05,SPY,2021,next_rth_range,0.22571523828110046,0.4016397347856131
POOLED,2021-10-06,IWM,2021,next_rth_range,0.17656479558552907,0.06293858848854406
POOLED,2021-10-06,QQQ,2021,next_rth_range,0.197967517352483,-0.48875555274127436
POOLED,2021-10-06,SPY,2021,next_rth_range,0.18627569854576387,-0.48951339210781253
POOLED,2021-10-07,IWM,2021,next_rth_range,0.11627780667427651,-0.2758204821926977
POOLED,2021-10-07,QQQ,2021,next_rth_range,0.12423919898182954,-0.2160048531635752
POOLED,2021-10-07,SPY,2021,next_rth_range,0.21257048958985847,-0.48159735695614625
POOLED,2021-10-08,IWM,2021,next_rth_range,0.15601913156679953,0.12763398733536668
POOLED,2021-10-08,QQQ,2021,next_rth_range,0.1823645738304182,0.1310061646009828
POOLED,2021-10-08,SPY,2021,next_rth_range,0.24566740100958198,0.4209261835122451
POOLED,2021-10-11,IWM,2021,next_rth_range,0.211859326593681,-0.4247329875268626
POOLED,2021-10-11,QQQ,2021,next_rth_range,0.23367999780574475,-0.23205136015633698
POOLED,2021-10-11,SPY,2021,next_rth_range,0.1631421651154783,-0.3734611621224735
POOLED,2021-10-12,IWM,2021,next_rth_range,0.16817058312822056,0.05645183672475618
POOLED,2021-10-12,QQQ,2021,next_rth_range,0.14302253840691181,-0.24695522266194114
POOLED,2021-10-12,SPY,2021,next_rth_range,0.19259598376937084,0.1692817206164925
POOLED,2021-10-13,IWM,2021,next_rth_range,0.17941963395205662,-0.6170368409850209
POOLED,2021-10-13,QQQ,2021,next_rth_range,0.21662183574835392,-0.07905309962253249
POOLED,2021-10-13,SPY,2021,next_rth_range,0.23373191807056282,-0.10821490671877942
POOLED,2021-10-14,IWM,2021,next_rth_range,0.35564086682495044,0.3016590335539293
POOLED,2021-10-14,QQQ,2021,next_rth_range,0.3048439990238016,-0.6828702021198021
POOLED,2021-10-14,SPY,2021,next_rth_range,0.26998710039434914,-0.6967381036102402
POOLED,2021-10-15,IWM,2021,next_rth_range,0.27036188173307696,-0.4772515947567779
POOLED,2021-10-15,QQQ,2021,next_rth_range,0.2880399071097595,0.46878176187996345
POOLED,2021-10-15,SPY,2021,next_rth_range,0.3257509090575334,0.19538023499223378
POOLED,2021-10-18,IWM,2021,next_rth_range,0.30313580623237446,-0.08721424584778426
POOLED,2021-10-18,QQQ,2021,next_rth_range,0.17777310871949709,-0.5933692442202085
POOLED,2021-10-18,SPY,2021,next_rth_range,0.3360801790242059,-0.5565736472641731
POOLED,2021-10-19,IWM,2021,next_rth_range,0.3805336447833841,0.016741184543539234
POOLED,2021-10-19,QQQ,2021,next_rth_range,0.24206178641326395,-0.16768200455012217
POOLED,2021-10-19,SPY,2021,next_rth_range,0.3330071714496651,-0.6957862768702086
POOLED,2021-10-20,IWM,2021,next_rth_range,0.10498670779590025,-0.18323507360703495
POOLED,2021-10-20,QQQ,2021,next_rth_range,0.20322357931152166,-0.10267998178414217
POOLED,2021-10-20,SPY,2021,next_rth_range,0.2136121365139561,-0.21245352168380638
POOLED,2021-10-21,IWM,2021,next_rth_range,0.2386412029406292,0.05747981903802657
POOLED,2021-10-21,QQQ,2021,next_rth_range,0.19327250425342274,0.14407225586174022
POOLED,2021-10-21,SPY,2021,next_rth_range,0.357878975274627,0.1171577168045328
POOLED,2021-10-22,IWM,2021,next_rth_range,0.130043503795201,-0.006036885843715645
POOLED,2021-10-22,QQQ,2021,next_rth_range,0.2410621591305741,0.13401529121958067
POOLED,2021-10-22,SPY,2021,next_rth_range,0.36402368985363565,-0.22148483149130094
POOLED,2021-10-25,IWM,2021,next_rth_range,0.21454284669384255,0.09284485599634174
POOLED,2021-10-25,QQQ,2021,next_rth_range,0.12366837539721189,-0.026976336424788805
POOLED,2021-10-25,SPY,2021,next_rth_range,0.22839310050682987,-0.258542534030771
POOLED,2021-10-26,IWM,2021,next_rth_range,0.1505796255711692,0.3780109332210362
POOLED,2021-10-26,QQQ,2021,next_rth_range,0.27666678077790285,-0.17732870527643474
POOLED,2021-10-26,SPY,2021,next_rth_range,0.29342348664499357,-0.014767871374696817
POOLED,2021-10-27,IWM,2021,next_rth_range,0.10338594895653484,0.0757352103049369
POOLED,2021-10-27,QQQ,2021,next_rth_range,0.21926836467926547,-0.265379473876429
POOLED,2021-10-27,SPY,2021,next_rth_range,0.32786715096877317,-0.18183663505426306
POOLED,2021-10-28,IWM,2021,next_rth_range,0.2824754834434045,-0.5463491716074769
POOLED,2021-10-28,QQQ,2021,next_rth_range,0.30676028849176085,0.3544858458129525
POOLED,2021-10-28,SPY,2021,next_rth_range,0.362519797758911,0.15303425746896604
POOLED,2021-10-29,IWM,2021,next_rth_range,0.16457849930297394,0.7109777622377442
POOLED,2021-10-29,QQQ,2021,next_rth_range,0.18341902887723346,-0.3787894992942631
POOLED,2021-10-29,SPY,2021,next_rth_range,0.29034816807111274,-0.41384404577725853
POOLED,2021-11-01,IWM,2021,next_rth_range,0.2024303129623091,-0.610049239554268
POOLED,2021-11-01,QQQ,2021,next_rth_range,0.15011300151186485,-0.2395239465668597
POOLED,2021-11-01,SPY,2021,next_rth_range,0.24095727496535715,-0.4237409718502301
POOLED,2021-11-02,IWM,2021,next_rth_range,0.17212430840394738,0.6661621370699313
POOLED,2021-11-02,QQQ,2021,next_rth_range,0.18172406970408786,0.45769001757519323
POOLED,2021-11-02,SPY,2021,next_rth_range,0.32103061721576226,0.39448657460936776
POOLED,2021-11-03,IWM,2021,next_rth_range,0.13366135303967955,-0.21537230373656513
POOLED,2021-11-03,QQQ,2021,next_rth_range,0.16130617212033302,0.2348349850535678
POOLED,2021-11-03,SPY,2021,next_rth_range,0.21575451990104125,-0.5620632951781337
POOLED,2021-11-04,IWM,2021,next_rth_range,0.14975546429745482,-0.04160004547215568
POOLED,2021-11-04,SPY,2021,next_rth_range,0.31428759514249954,0.3633199101274984
POOLED,2021-11-05,IWM,2021,next_rth_range,0.09802865374302466,-0.2663997229207391
POOLED,2021-11-05,QQQ,2021,next_rth_range,0.22731847549559822,-0.5502737181544877
POOLED,2021-11-05,SPY,2021,next_rth_range,0.3274331645903069,-0.4617215010898743
POOLED,2021-11-08,IWM,2021,next_rth_range,0.09563388796696436,0.06250989975380072
POOLED,2021-11-08,QQQ,2021,next_rth_range,0.23572857816382056,0.5561390061312039
POOLED,2021-11-08,SPY,2021,next_rth_range,0.3664038493165494,0.35455429016206974
POOLED,2021-11-09,IWM,2021,next_rth_range,0.225819269873699,0.5275984765219768
POOLED,2021-11-09,QQQ,2021,next_rth_range,0.2105331033534746,0.5467974209752908
POOLED,2021-11-09,SPY,2021,next_rth_range,0.2406873031184087,0.4998881335093417
POOLED,2021-11-10,IWM,2021,next_rth_range,0.18349109897275662,-0.37987955776979376
POOLED,2021-11-10,QQQ,2021,next_rth_range,0.19814723237672002,-0.802528250059412
POOLED,2021-11-10,SPY,2021,next_rth_range,0.18082149791769764,-0.9438187766793069
POOLED,2021-11-11,IWM,2021,next_rth_range,0.22521356145388682,-0.7319804940938797
POOLED,2021-11-11,QQQ,2021,next_rth_range,0.24468569390255782,0.4412093442312681
POOLED,2021-11-11,SPY,2021,next_rth_range,0.3360724750273918,0.42238213725602414
POOLED,2021-11-12,IWM,2021,next_rth_range,0.20492749020130213,0.29581079349130945
POOLED,2021-11-12,QQQ,2021,next_rth_range,0.2029881932569286,-0.08624183598847068
POOLED,2021-11-12,SPY,2021,next_rth_range,0.3059754269585846,-0.24387457335645646
POOLED,2021-11-15,IWM,2021,next_rth_range,0.1380726689739909,-0.24470593384551798
POOLED,2021-11-15,QQQ,2021,next_rth_range,0.21240198873089094,0.02296607854271926
POOLED,2021-11-15,SPY,2021,next_rth_range,0.25339391496588226,0.1693393057239243
POOLED,2021-11-16,IWM,2021,next_rth_range,0.40196976423538106,0.07235589207872195
POOLED,2021-11-16,QQQ,2021,next_rth_range,0.1768766880523937,-0.3000937101120442
POOLED,2021-11-16,SPY,2021,next_rth_range,0.4778849112013687,-0.6056649233451727
POOLED,2021-11-17,IWM,2021,next_rth_range,0.26163284116061297,0.29533573741301566
POOLED,2021-11-17,QQQ,2021,next_rth_range,0.16456053061784057,0.24373910501389862
POOLED,2021-11-17,SPY,2021,next_rth_range,0.4358440278822961,0.3831062377861931
POOLED,2021-11-18,IWM,2021,next_rth_range,0.296645947822283,-0.4932350843487372
POOLED,2021-11-18,QQQ,2021,next_rth_range,0.3588021635302037,-0.44691306228202965
POOLED,2021-11-18,SPY,2021,next_rth_range,0.48519733721821584,-0.28837052196097535
POOLED,2021-11-19,IWM,2021,next_rth_range,0.058568763471986175,0.4704751953389028
POOLED,2021-11-19,QQQ,2021,next_rth_range,0.19743561019803266,1.0174121997167838
POOLED,2021-11-19,SPY,2021,next_rth_range,0.3559827727597968,0.8216056626257817
POOLED,2021-11-22,IWM,2021,next_rth_range,0.10252535405385164,0.27513491456909245
POOLED,2021-11-22,QQQ,2021,next_rth_range,0.27182754312863006,0.21814408423757792
POOLED,2021-11-22,SPY,2021,next_rth_range,0.18468027395090994,0.19841927568037754
POOLED,2021-11-23,IWM,2021,next_rth_range,0.10845462018004107,-0.08496059170855474
POOLED,2021-11-23,QQQ,2021,next_rth_range,0.13943203608703642,0.15096099572190713
POOLED,2021-11-23,SPY,2021,next_rth_range,0.36212931368637885,0.23959589032043738
POOLED,2021-11-24,IWM,2021,next_rth_range,0.12474618460392725,0.8166039445762827
POOLED,2021-11-24,QQQ,2021,next_rth_range,0.3454310743429717,0.43034515180136923
POOLED,2021-11-24,SPY,2021,next_rth_range,0.33297986174844646,0.6477052080620886
POOLED,2021-11-26,IWM,2021,next_rth_range,0.06316587550346267,0.1572961859792268
POOLED,2021-11-26,QQQ,2021,next_rth_range,0.1555588732265528,-0.0015220546316694339
POOLED,2021-11-26,SPY,2021,next_rth_range,0.13162034900450195,0.07683289377637159
POOLED,2021-11-29,IWM,2021,next_rth_range,0.08771169512872999,0.35232937591565383
POOLED,2021-11-29,QQQ,2021,next_rth_range,0.273179469891531,0.6028652065092119
POOLED,2021-11-29,SPY,2021,next_rth_range,0.17895977279964143,0.6833074892651969
POOLED,2021-11-30,IWM,2021,next_rth_range,0.08600646689574963,0.8958002323140901
POOLED,2021-11-30,QQQ,2021,next_rth_range,0.23653272731190927,0.728943252426105
POOLED,2021-11-30,SPY,2021,next_rth_range,0.18567220556368788,0.9317057613045718
POOLED,2021-12-01,IWM,2021,next_rth_range,0.10472988378054406,0.05351469668062281
POOLED,2021-12-01,QQQ,2021,next_rth_range,0.08759032233662643,-0.07119906608565163
POOLED,2021-12-01,SPY,2021,next_rth_range,0.1253564494498191,0.19068179114980977
POOLED,2021-12-02,IWM,2021,next_rth_range,0.17761845837140514,0.4616627069620032
POOLED,2021-12-02,QQQ,2021,next_rth_range,0.17243169488519966,0.7725005429772098
POOLED,2021-12-02,SPY,2021,next_rth_range,0.13071205849885575,0.613683663064811
POOLED,2021-12-03,IWM,2021,next_rth_range,0.18103499844041476,0.2969635611829031
POOLED,2021-12-03,QQQ,2021,next_rth_range,0.14250221467788202,0.030053822770236494
POOLED,2021-12-03,SPY,2021,next_rth_range,0.11025810810186737,0.03657133258320222
POOLED,2021-12-06,IWM,2021,next_rth_range,0.22823600172772135,-0.26765322948525405
POOLED,2021-12-06,QQQ,2021,next_rth_range,0.17677284261366047,-0.19351650030884482
POOLED,2021-12-06,SPY,2021,next_rth_range,0.1716879491922862,0.5527994121969368
POOLED,2021-12-07,IWM,2021,next_rth_range,0.17851431572107473,-0.17943215763262454
POOLED,2021-12-07,QQQ,2021,next_rth_range,0.08955244757711113,-0.4713427873378837
POOLED,2021-12-07,SPY,2021,next_rth_range,0.2788863909695562,-0.796943984365126
POOLED,2021-12-08,IWM,2021,next_rth_range,0.17809059795647655,0.324806130230189
POOLED,2021-12-08,QQQ,2021,next_rth_range,0.28437597669404197,0.31499916296152897
POOLED,2021-12-08,SPY,2021,next_rth_range,0.25663203886807534,-0.20773895016166843
POOLED,2021-12-09,IWM,2021,next_rth_range,0.20033419346400738,-0.011468711489037275
POOLED,2021-12-09,QQQ,2021,next_rth_range,0.1613951787470214,-0.23239121992860312
POOLED,2021-12-09,SPY,2021,next_rth_range,0.25053158854364493,-0.00028680742872921883
POOLED,2021-12-10,IWM,2021,next_rth_range,0.230470184012287,0.03231352382195318
POOLED,2021-12-10,QQQ,2021,next_rth_range,0.31038144689345215,0.14702852358434182
POOLED,2021-12-10,SPY,2021,next_rth_range,0.3311128887257161,-0.1151872271464045
POOLED,2021-12-13,IWM,2021,next_rth_range,0.21038748537659369,0.04058726939069013
POOLED,2021-12-13,QQQ,2021,next_rth_range,0.09023447032323065,0.08826796091741773
POOLED,2021-12-13,SPY,2021,next_rth_range,0.2015555577722944,0.16807932813072224
POOLED,2021-12-14,IWM,2021,next_rth_range,0.24780150517472263,0.548184756495325
POOLED,2021-12-14,QQQ,2021,next_rth_range,0.2016821891315805,0.7887003774905792
POOLED,2021-12-14,SPY,2021,next_rth_range,0.21036145036976045,0.6210474016084349
POOLED,2021-12-15,IWM,2021,next_rth_range,0.09975859405353527,0.37438657333675884
POOLED,2021-12-15,QQQ,2021,next_rth_range,0.11911852240720731,0.3974988311415073
POOLED,2021-12-15,SPY,2021,next_rth_range,0.2711993674663978,0.1496235048144685
POOLED,2021-12-16,IWM,2021,next_rth_range,0.18519113519540778,0.32448265200703474
POOLED,2021-12-16,QQQ,2021,next_rth_range,0.28187955671003656,-0.1476503833565097
POOLED,2021-12-16,SPY,2021,next_rth_range,0.23205971558703783,0.09320669927771785
POOLED,2021-12-17,IWM,2021,next_rth_range,0.14200744994610587,-0.20025326962886458
POOLED,2021-12-17,QQQ,2021,next_rth_range,0.14782493856711806,-0.5242064635975465
POOLED,2021-12-17,SPY,2021,next_rth_range,0.20465058755941043,-0.3083564034235362
POOLED,2021-12-20,IWM,2021,next_rth_range,0.0952362861454669,0.31718843426464494
POOLED,2021-12-20,QQQ,2021,next_rth_range,0.21957450243822965,0.562478047248316
POOLED,2021-12-20,SPY,2021,next_rth_range,0.16701257103688144,0.30418081650277884
POOLED,2021-12-21,IWM,2021,next_rth_range,0.08228081045934378,-0.4542650547360383
POOLED,2021-12-21,QQQ,2021,next_rth_range,0.20961833770395122,-0.2636051533671413
POOLED,2021-12-21,SPY,2021,next_rth_range,0.2649355087677684,-0.1508517180814577
POOLED,2021-12-22,IWM,2021,next_rth_range,0.19627488061617798,-0.41530970283636126
POOLED,2021-12-22,QQQ,2021,next_rth_range,0.2150513365250275,-0.3764623528805675
POOLED,2021-12-22,SPY,2021,next_rth_range,0.3058669704027658,-0.4152007716172239
POOLED,2021-12-23,IWM,2021,next_rth_range,0.1160977599885914,0.09462467411305031
POOLED,2021-12-23,QQQ,2021,next_rth_range,0.1775976842365996,-0.019023836993295795
POOLED,2021-12-23,SPY,2021,next_rth_range,0.20276048751404602,0.11703527939196157
POOLED,2021-12-27,IWM,2021,next_rth_range,0.263378667095571,-0.12681777752400336
POOLED,2021-12-27,QQQ,2021,next_rth_range,0.1427906772037365,-0.4081947375959514
POOLED,2021-12-27,SPY,2021,next_rth_range,0.20343697287843868,-0.6571713917474273
POOLED,2021-12-28,IWM,2021,next_rth_range,0.1301384705924427,-0.5095807546709121
POOLED,2021-12-28,QQQ,2021,next_rth_range,0.31707623917034977,-0.22998587074898857
POOLED,2021-12-28,SPY,2021,next_rth_range,0.30423029810982344,-0.4399042758480842
POOLED,2021-12-29,IWM,2021,next_rth_range,0.17952985205343483,-0.11708451591455837
POOLED,2021-12-29,QQQ,2021,next_rth_range,0.3036627570767592,-0.3255014975018886
POOLED,2021-12-29,SPY,2021,next_rth_range,0.1985502327592028,-0.19315214989538898
POOLED,2021-12-30,IWM,2021,next_rth_range,0.23134048257670622,-0.7247341228870621
POOLED,2021-12-30,QQQ,2021,next_rth_range,0.3727662174026265,-0.27192601322960375
POOLED,2021-12-30,SPY,2021,next_rth_range,0.3896981992270601,-0.6337871972764013
POOLED,2021-12-31,IWM,2021,next_rth_range,0.10311043811608729,0.3616967380160885
POOLED,2021-12-31,QQQ,2021,next_rth_range,0.1272607764821239,0.05724847076008022
POOLED,2021-12-31,SPY,2021,next_rth_range,0.2766816580930576,0.08505268381512199
POOLED,2022-01-03,IWM,2022,next_rth_range,0.14817954276880357,-0.0960385052839472
POOLED,2022-01-03,QQQ,2022,next_rth_range,0.28375417156624105,0.41125225418567757
POOLED,2022-01-03,SPY,2022,next_rth_range,0.31581115300507717,-0.08085209103703228
POOLED,2022-01-04,IWM,2022,next_rth_range,0.20833353298589968,0.7728786734190782
POOLED,2022-01-04,QQQ,2022,next_rth_range,0.18412724004189857,0.43886250355380696
POOLED,2022-01-04,SPY,2022,next_rth_range,0.2692297238944718,0.6928788297441719
POOLED,2022-01-05,IWM,2022,next_rth_range,0.10629989666412423,-0.25927227547162124
POOLED,2022-01-05,QQQ,2022,next_rth_range,0.10440885420245163,-0.1939728684012727
POOLED,2022-01-05,SPY,2022,next_rth_range,0.2090318754021971,-0.26281236018068466
POOLED,2022-01-06,IWM,2022,next_rth_range,0.11420838833859813,-0.06715817808474078
POOLED,2022-01-06,QQQ,2022,next_rth_range,0.1649468899645258,0.04578495459943355
POOLED,2022-01-06,SPY,2022,next_rth_range,0.2927229022888721,-0.32966684301495697
POOLED,2022-01-07,IWM,2022,next_rth_range,0.202750270921882,-0.030213330791426074
POOLED,2022-01-07,QQQ,2022,next_rth_range,0.18338108608740952,0.4504645094885782
POOLED,2022-01-07,SPY,2022,next_rth_range,0.24914524521187068,0.560143720924656
POOLED,2022-01-10,IWM,2022,next_rth_range,0.15556475007886886,0.07344496175196813
POOLED,2022-01-10,QQQ,2022,next_rth_range,0.1837824363980137,-0.0005646536023049542
POOLED,2022-01-10,SPY,2022,next_rth_range,0.15259648322053032,0.09964328336448958
POOLED,2022-01-11,IWM,2022,next_rth_range,0.1633841132329619,0.003587601536188867
POOLED,2022-01-11,QQQ,2022,next_rth_range,0.16871389234775783,-0.42983402896350587
POOLED,2022-01-11,SPY,2022,next_rth_range,0.2931255091092666,-0.44741707539569475
POOLED,2022-01-12,IWM,2022,next_rth_range,0.2333399661851746,0.10353323024742789
POOLED,2022-01-12,QQQ,2022,next_rth_range,0.11711485287040306,0.7255330033576928
POOLED,2022-01-12,SPY,2022,next_rth_range,0.2519832557354453,0.6152205126752133
POOLED,2022-01-13,IWM,2022,next_rth_range,0.23059181579165688,-0.09824248530437307
POOLED,2022-01-13,QQQ,2022,next_rth_range,0.13389093843177996,-0.4855042221789354
POOLED,2022-01-13,SPY,2022,next_rth_range,0.18246200409825425,-0.27879717867266063
POOLED,2022-01-14,IWM,2022,next_rth_range,0.19354469214962697,0.26580167546694833
POOLED,2022-01-14,QQQ,2022,next_rth_range,0.1581661190018739,0.05004360646374373
POOLED,2022-01-14,SPY,2022,next_rth_range,0.19161329819859232,-0.133170005145284
POOLED,2022-01-18,IWM,2022,next_rth_range,0.11192586720297917,0.15125525341210633
POOLED,2022-01-18,QQQ,2022,next_rth_range,0.19345911822954964,0.21023935534557747
POOLED,2022-01-18,SPY,2022,next_rth_range,0.16143106104044713,0.4377353974553584
POOLED,2022-01-19,IWM,2022,next_rth_range,0.19155558844436962,0.702065902429335
POOLED,2022-01-19,QQQ,2022,next_rth_range,0.18936587993129358,0.528929172293144
POOLED,2022-01-19,SPY,2022,next_rth_range,0.2335180017981889,0.8004025741052301
POOLED,2022-01-20,IWM,2022,next_rth_range,0.34814406952150845,0.09694638745200557
POOLED,2022-01-20,QQQ,2022,next_rth_range,0.19544418738079516,0.21282923024455025
POOLED,2022-01-20,SPY,2022,next_rth_range,0.1678703253420606,0.21688937908128025
POOLED,2022-01-21,IWM,2022,next_rth_range,0.02797612704685858,0.8963230067987826
POOLED,2022-01-21,QQQ,2022,next_rth_range,0.1373150260832199,0.9257759507290917
POOLED,2022-01-21,SPY,2022,next_rth_range,0.15394851426770909,1.0440071820183392
POOLED,2022-01-24,IWM,2022,next_rth_range,0.05410250712573351,0.04705002738717878
POOLED,2022-01-24,QQQ,2022,next_rth_range,0.11569840065405411,-0.1736548068907382
POOLED,2022-01-24,SPY,2022,next_rth_range,0.15932775303203403,0.20715305264712036
POOLED,2022-01-25,IWM,2022,next_rth_range,0.056395711157066264,0.5044966947782856
POOLED,2022-01-25,QQQ,2022,next_rth_range,0.14736855904221072,0.6963135414824122
POOLED,2022-01-25,SPY,2022,next_rth_range,0.11804793734856943,0.5553529160390185
POOLED,2022-01-26,IWM,2022,next_rth_range,0.1665755660790826,0.34992186866867137
POOLED,2022-01-26,QQQ,2022,next_rth_range,0.15044716110399786,0.10874616176712193
POOLED,2022-01-26,SPY,2022,next_rth_range,0.12055376998711469,0.2980449141033894
POOLED,2022-01-27,IWM,2022,next_rth_range,0.10728744989882509,0.17236018141421594
POOLED,2022-01-27,QQQ,2022,next_rth_range,0.1793575800836404,0.5214416328549905
POOLED,2022-01-27,SPY,2022,next_rth_range,0.1598370648107229,0.586567726224839
POOLED,2022-01-28,IWM,2022,next_rth_range,0.12108829884797438,0.2342437617173978
POOLED,2022-01-28,QQQ,2022,next_rth_range,0.04793853201090002,0.16937656322237915
POOLED,2022-01-28,SPY,2022,next_rth_range,0.16033445217183237,0.12136613007378605
POOLED,2022-01-31,IWM,2022,next_rth_range,0.09406323435536716,-0.09544080493325602
POOLED,2022-01-31,QQQ,2022,next_rth_range,0.06020959444293193,-0.3325245238360752
POOLED,2022-01-31,SPY,2022,next_rth_range,0.1856014573576651,-0.21428568175028362
POOLED,2022-02-01,IWM,2022,next_rth_range,0.08038237700549618,-0.16896564525796576
POOLED,2022-02-01,QQQ,2022,next_rth_range,0.1943631175715306,-0.3060690497953473
POOLED,2022-02-01,SPY,2022,next_rth_range,0.15603671514863413,-0.30697504536183295
POOLED,2022-02-02,IWM,2022,next_rth_range,0.11592515862741803,-0.13154806049429757
POOLED,2022-02-02,QQQ,2022,next_rth_range,0.21460116907344162,0.3240594627793345
POOLED,2022-02-02,SPY,2022,next_rth_range,0.13347937064511226,0.19133883839997168
POOLED,2022-02-03,IWM,2022,next_rth_range,0.16480653832192774,0.11108327981673272
POOLED,2022-02-03,QQQ,2022,next_rth_range,0.26078012862859584,0.060636824695504465
POOLED,2022-02-03,SPY,2022,next_rth_range,0.23366564079744884,0.21338818534124737
POOLED,2022-02-04,IWM,2022,next_rth_range,0.06705762089692616,-0.47967445430214317
POOLED,2022-02-04,QQQ,2022,next_rth_range,0.06199523406546262,-0.22851642269046213
POOLED,2022-02-04,SPY,2022,next_rth_range,0.22358118219181355,-0.4543336761914043
POOLED,2022-02-07,IWM,2022,next_rth_range,0.2469395420457902,-0.046352012591045266
POOLED,2022-02-07,QQQ,2022,next_rth_range,0.12986562081607522,-0.03342093478341601
POOLED,2022-02-07,SPY,2022,next_rth_range,0.14468442528772346,0.08684780531204694
POOLED,2022-02-08,IWM,2022,next_rth_range,0.10447877676367223,-0.5955142292428683
POOLED,2022-02-08,QQQ,2022,next_rth_range,0.16541922233165357,-0.5324876970715913
POOLED,2022-02-08,SPY,2022,next_rth_range,0.2748261213948635,-0.8906781965005948
POOLED,2022-02-09,IWM,2022,next_rth_range,0.09395489121519672,0.7002040037010975
POOLED,2022-02-09,QQQ,2022,next_rth_range,0.16466710730682846,0.4339711322207296
POOLED,2022-02-09,SPY,2022,next_rth_range,0.10915341847886045,0.7526676955982907
POOLED,2022-02-10,IWM,2022,next_rth_range,0.08216998521519717,0.06506483530396956
POOLED,2022-02-10,QQQ,2022,next_rth_range,0.22665292600784392,0.42330832311431266
POOLED,2022-02-10,SPY,2022,next_rth_range,0.23785706080652078,0.37704518070539317
POOLED,2022-02-11,IWM,2022,next_rth_range,0.1067707635932024,-0.2356241189164292
POOLED,2022-02-11,QQQ,2022,next_rth_range,0.0631181081669594,-0.37831263647775737
POOLED,2022-02-11,SPY,2022,next_rth_range,0.14268810640637367,-0.3695761938506066
POOLED,2022-02-14,IWM,2022,next_rth_range,0.21550594141709442,-0.23313315021438852
POOLED,2022-02-14,QQQ,2022,next_rth_range,0.09692411453521599,-0.5846924742848749
POOLED,2022-02-14,SPY,2022,next_rth_range,0.17114911303452598,-0.8230886414803074
POOLED,2022-02-15,IWM,2022,next_rth_range,0.0953660165351272,-0.28669341684609373
POOLED,2022-02-15,QQQ,2022,next_rth_range,0.12372318774775616,-0.010092094197019286
POOLED,2022-02-15,SPY,2022,next_rth_range,0.21381891817032858,0.17847813339320062
POOLED,2022-02-16,IWM,2022,next_rth_range,0.08634752680105745,0.06291489991121813
POOLED,2022-02-16,QQQ,2022,next_rth_range,0.11209531509378214,0.1199846957343631
POOLED,2022-02-16,SPY,2022,next_rth_range,0.20436382208066664,0.4192806717791271
POOLED,2022-02-17,IWM,2022,next_rth_range,0.17912635409584154,-0.11818733675452808
POOLED,2022-02-17,QQQ,2022,next_rth_range,0.17706850569993987,-0.06769032744193826
POOLED,2022-02-17,SPY,2022,next_rth_range,0.16173523949758398,-0.17969427239585434
POOLED,2022-02-18,IWM,2022,next_rth_range,0.25232624366958617,0.14160281839070787
POOLED,2022-02-18,QQQ,2022,next_rth_range,0.16815358475950065,0.22815800213444648
POOLED,2022-02-18,SPY,2022,next_rth_range,0.12229303129991384,0.3310923802962664
POOLED,2022-02-22,IWM,2022,next_rth_range,0.06443878141380018,0.2516240623024584
POOLED,2022-02-22,QQQ,2022,next_rth_range,0.06356383465447789,0.33415551692847334
POOLED,2022-02-22,SPY,2022,next_rth_range,0.16125973009065128,0.3752865612549927
POOLED,2022-02-23,IWM,2022,next_rth_range,0.033956326331778204,0.7865931753074507
POOLED,2022-02-23,QQQ,2022,next_rth_range,0.17808603931510575,0.9487712652030917
POOLED,2022-02-23,SPY,2022,next_rth_range,0.1766502930127618,0.8247144967690532
POOLED,2022-02-24,IWM,2022,next_rth_range,0.0767938449342858,-0.22405821751017463
POOLED,2022-02-24,QQQ,2022,next_rth_range,0.19282901778556874,-0.4735098343558244
POOLED,2022-02-24,SPY,2022,next_rth_range,0.17398117377028163,-0.08451397434009777
POOLED,2022-02-25,IWM,2022,next_rth_range,0.09576846410878533,-0.21410311786527103
POOLED,2022-02-25,QQQ,2022,next_rth_range,0.10944966169614148,-0.1662338701841115
POOLED,2022-02-25,SPY,2022,next_rth_range,0.08186564927013634,-0.09631842826462611
POOLED,2022-02-28,IWM,2022,next_rth_range,0.11388176622191518,0.28838509245346566
POOLED,2022-02-28,QQQ,2022,next_rth_range,0.059059003513135304,0.1579003636698597
POOLED,2022-02-28,SPY,2022,next_rth_range,0.12344014723939335,0.32121347284018853
POOLED,2022-03-01,IWM,2022,next_rth_range,0.18738771331996837,-0.13252305794855923
POOLED,2022-03-01,QQQ,2022,next_rth_range,0.20011942318409004,-0.03558668636490481
POOLED,2022-03-01,SPY,2022,next_rth_range,0.17615597524722393,-0.019613333284048018
POOLED,2022-03-02,IWM,2022,next_rth_range,0.14539220141969234,0.023208317676199464
POOLED,2022-03-02,QQQ,2022,next_rth_range,0.06156170672376583,0.16100341593340284
POOLED,2022-03-02,SPY,2022,next_rth_range,0.18857535397110092,-0.03387300238037305
POOLED,2022-03-03,IWM,2022,next_rth_range,0.0903159997862722,-0.181312432679535
POOLED,2022-03-03,QQQ,2022,next_rth_range,0.10572030502862124,-0.26089040366684335
POOLED,2022-03-03,SPY,2022,next_rth_range,0.15444468010669216,-0.24806744767614042
POOLED,2022-03-04,IWM,2022,next_rth_range,0.04112295240973072,0.307477241665123
POOLED,2022-03-04,QQQ,2022,next_rth_range,0.05689179696316432,0.6975818211287614
POOLED,2022-03-04,SPY,2022,next_rth_range,0.08287445210723673,0.6907743388390433
POOLED,2022-03-07,IWM,2022,next_rth_range,0.11106900299980281,0.1947538131061286
POOLED,2022-03-07,QQQ,2022,next_rth_range,0.09594804792774658,0.3207121858626518
POOLED,2022-03-07,SPY,2022,next_rth_range,0.13866459472132686,0.2993968505454996
POOLED,2022-03-08,IWM,2022,next_rth_range,0.20431711468997638,-0.5214114836071224
POOLED,2022-03-08,QQQ,2022,next_rth_range,0.05439435986331242,-0.39355124713330847
POOLED,2022-03-08,SPY,2022,next_rth_range,0.13551312292331458,-0.31266878384241314
POOLED,2022-03-09,IWM,2022,next_rth_range,0.19821524057028506,-0.1629402184053883
POOLED,2022-03-09,QQQ,2022,next_rth_range,0.11699184253794187,-0.30818396767910805
POOLED,2022-03-09,SPY,2022,next_rth_range,0.08066984294031529,-0.17097796045925495
POOLED,2022-03-10,IWM,2022,next_rth_range,0.22013366229424344,0.24026380581475326
POOLED,2022-03-10,QQQ,2022,next_rth_range,0.19554566419943759,0.34886219099048343
POOLED,2022-03-10,SPY,2022,next_rth_range,0.17879230324006293,0.3081742700660821
POOLED,2022-03-11,IWM,2022,next_rth_range,0.07636850829565904,0.12209375944045187
POOLED,2022-03-11,QQQ,2022,next_rth_range,0.12922030361530243,0.014213964564298465
POOLED,2022-03-11,SPY,2022,next_rth_range,0.17792899079737884,0.10097576019167986
POOLED,2022-03-14,IWM,2022,next_rth_range,0.10833368725773418,-0.5283188009688335
POOLED,2022-03-14,QQQ,2022,next_rth_range,0.04298353994756974,0.14828026003456962
POOLED,2022-03-14,SPY,2022,next_rth_range,0.14913812679159408,0.0861063738391099
POOLED,2022-03-15,IWM,2022,next_rth_range,0.1908405419189495,0.41672138420323357
POOLED,2022-03-15,QQQ,2022,next_rth_range,0.05605418496863737,0.28387677510617815
POOLED,2022-03-15,SPY,2022,next_rth_range,0.13613637231528658,0.33256952966177344
POOLED,2022-03-16,IWM,2022,next_rth_range,0.06103423910045833,-0.06577245690157163
POOLED,2022-03-16,QQQ,2022,next_rth_range,0.1968029891627987,-0.303594672834576
POOLED,2022-03-16,SPY,2022,next_rth_range,0.16796783197133455,-0.11181498323570827
POOLED,2022-03-17,IWM,2022,next_rth_range,0.2282363930978935,-0.35277359008289944
POOLED,2022-03-17,QQQ,2022,next_rth_range,0.20997913155672684,0.2381334316282313
POOLED,2022-03-17,SPY,2022,next_rth_range,0.3621480707870459,0.012713479352116863
POOLED,2022-03-18,IWM,2022,next_rth_range,0.050088711734266184,0.029715911958463348
POOLED,2022-03-18,QQQ,2022,next_rth_range,0.18317996457727267,-0.29157743998566055
POOLED,2022-03-18,SPY,2022,next_rth_range,0.1214379731448651,-0.23946329996783078
POOLED,2022-03-21,IWM,2022,next_rth_range,0.20684796023415947,-0.40149380412176816
POOLED,2022-03-21,QQQ,2022,next_rth_range,0.19392136171462668,-0.08740320681707248
POOLED,2022-03-21,SPY,2022,next_rth_range,0.11908110836901027,-0.4341460636761765
POOLED,2022-03-22,IWM,2022,next_rth_range,0.08145036735512323,-0.10719183235046481
POOLED,2022-03-22,QQQ,2022,next_rth_range,0.06913955485717643,-0.285128965756579
POOLED,2022-03-22,SPY,2022,next_rth_range,0.19546041255073235,-0.19237922386938244
POOLED,2022-03-23,IWM,2022,next_rth_range,0.12110638491151239,-0.22706338410785554
POOLED,2022-03-23,QQQ,2022,next_rth_range,0.083942956865344,0.1351780040763897
POOLED,2022-03-23,SPY,2022,next_rth_range,0.19004599969871416,-0.03503050792057216
POOLED,2022-03-24,IWM,2022,next_rth_range,0.2517058679620021,-0.5621049129424045
POOLED,2022-03-24,QQQ,2022,next_rth_range,0.2030227739710176,-0.3402495730881485
POOLED,2022-03-24,SPY,2022,next_rth_range,0.24339880640825107,-0.33971816475268213
POOLED,2022-03-25,IWM,2022,next_rth_range,0.06558879854311442,-0.11390029989950712
POOLED,2022-03-25,QQQ,2022,next_rth_range,0.15891885282581658,-0.06721871203548169
POOLED,2022-03-25,SPY,2022,next_rth_range,0.1003198759951198,-0.004552523547763698
POOLED,2022-03-28,IWM,2022,next_rth_range,0.11358164094556479,0.11518951183106418
POOLED,2022-03-28,QQQ,2022,next_rth_range,0.11626749357614749,-0.27370296815245876
POOLED,2022-03-28,SPY,2022,next_rth_range,0.17654221796361277,-0.2819772576162709
POOLED,2022-03-29,IWM,2022,next_rth_range,0.10357687875832344,0.1371409847600531
POOLED,2022-03-29,QQQ,2022,next_rth_range,0.20665404562489875,-0.26810393104322294
POOLED,2022-03-29,SPY,2022,next_rth_range,0.3367272489079613,-0.25550909782972475
POOLED,2022-03-30,IWM,2022,next_rth_range,0.1285842884456689,-0.22389403075934444
POOLED,2022-03-30,QQQ,2022,next_rth_range,0.10873355745549414,-0.1353722473559058
POOLED,2022-03-30,SPY,2022,next_rth_range,0.22060544628612033,0.2638852298529688
POOLED,2022-03-31,IWM,2022,next_rth_range,0.2091838235412513,-0.4367452852446605
POOLED,2022-03-31,QQQ,2022,next_rth_range,0.12001002472256786,-0.3039449642268721
POOLED,2022-03-31,SPY,2022,next_rth_range,0.257173391778274,-0.4948220615468246
POOLED,2022-04-01,IWM,2022,next_rth_range,0.06784786992923911,-0.36669587846932306
POOLED,2022-04-01,QQQ,2022,next_rth_range,0.0432722993223973,0.0393177127763531
POOLED,2022-04-01,SPY,2022,next_rth_range,0.192033406372969,-0.24639237929445645
POOLED,2022-04-04,IWM,2022,next_rth_range,0.07204089409272176,0.5722573526845824
POOLED,2022-04-04,QQQ,2022,next_rth_range,0.22370911404596666,0.16825908223012664
POOLED,2022-04-04,SPY,2022,next_rth_range,0.20387363974820447,0.34551570705630574
POOLED,2022-04-05,IWM,2022,next_rth_range,0.19016333847901323,-0.516739106637949
POOLED,2022-04-05,QQQ,2022,next_rth_range,0.19696936099861614,-0.2239782251719058
POOLED,2022-04-05,SPY,2022,next_rth_range,0.32654967085305203,-0.2427492671896605
POOLED,2022-04-06,IWM,2022,next_rth_range,0.19119668775833082,0.21298359079574825
POOLED,2022-04-06,QQQ,2022,next_rth_range,0.15809339173438697,0.09592732600317166
POOLED,2022-04-06,SPY,2022,next_rth_range,0.13562735834237974,0.1389134241891874
POOLED,2022-04-07,IWM,2022,next_rth_range,0.22456098283216666,-0.4645401656751944
POOLED,2022-04-07,QQQ,2022,next_rth_range,0.18082141868757615,-0.5155871992176184
POOLED,2022-04-07,SPY,2022,next_rth_range,0.3367987032979113,-0.3408342586088988
POOLED,2022-04-08,IWM,2022,next_rth_range,0.1156309817698561,0.007347210774605983
POOLED,2022-04-08,QQQ,2022,next_rth_range,0.2630820120425624,-0.10910111788980625
POOLED,2022-04-08,SPY,2022,next_rth_range,0.1356229313591555,-0.005807154426551442
POOLED,2022-04-11,IWM,2022,next_rth_range,0.0891845307085642,0.35997131885922373
POOLED,2022-04-11,QQQ,2022,next_rth_range,0.18707466010622303,0.48442903769751
POOLED,2022-04-11,SPY,2022,next_rth_range,0.24760969765269059,0.4678864404440035
POOLED,2022-04-12,IWM,2022,next_rth_range,0.13656737156007406,-0.1168486818973018
POOLED,2022-04-12,QQQ,2022,next_rth_range,0.2350331887994311,0.08597725443905402
POOLED,2022-04-12,SPY,2022,next_rth_range,0.265392957041737,-0.10155361935656959
POOLED,2022-04-13,IWM,2022,next_rth_range,0.27663040353746526,-0.08338654219455899
POOLED,2022-04-13,QQQ,2022,next_rth_range,0.271331505122241,0.15980786691838933
POOLED,2022-04-13,SPY,2022,next_rth_range,0.26361474407816954,0.17461675653238906
POOLED,2022-04-14,IWM,2022,next_rth_range,0.10480010529505585,-0.30726159685129506
POOLED,2022-04-14,QQQ,2022,next_rth_range,0.20440130530428752,-0.34571105713812944
POOLED,2022-04-14,SPY,2022,next_rth_range,0.11904016509792231,-0.3882483037539206
POOLED,2022-04-18,IWM,2022,next_rth_range,0.17817494469368583,0.3364977088399632
POOLED,2022-04-18,QQQ,2022,next_rth_range,0.25776952877247455,0.4697323462297005
POOLED,2022-04-18,SPY,2022,next_rth_range,0.24058302150684108,0.4700629917044514
POOLED,2022-04-19,IWM,2022,next_rth_range,0.15994717588751106,-0.7403100581204023
POOLED,2022-04-19,QQQ,2022,next_rth_range,0.18914230643841862,-0.08157964409973051
POOLED,2022-04-19,SPY,2022,next_rth_range,0.2683426956106302,-0.49877072580190607
POOLED,2022-04-20,IWM,2022,next_rth_range,0.11556533956470248,0.9506896545860557
POOLED,2022-04-20,QQQ,2022,next_rth_range,0.2235764588491606,0.7082434540165354
POOLED,2022-04-20,SPY,2022,next_rth_range,0.14569166582052276,0.9386103181166021
POOLED,2022-04-21,IWM,2022,next_rth_range,0.15603990244604699,-0.03888302341230476
POOLED,2022-04-21,QQQ,2022,next_rth_range,0.170454414577394,0.09707413437474433
POOLED,2022-04-21,SPY,2022,next_rth_range,0.2354923690560243,0.4363271132752926
POOLED,2022-04-22,IWM,2022,next_rth_range,0.07432579125015785,0.11405015549133601
POOLED,2022-04-22,QQQ,2022,next_rth_range,0.16109486067369022,-0.0856933436972045
POOLED,2022-04-22,SPY,2022,next_rth_range,0.10873798262510574,0.17147743506207025
POOLED,2022-04-25,IWM,2022,next_rth_range,0.0513967962055956,0.15849227420295353
POOLED,2022-04-25,QQQ,2022,next_rth_range,0.17689539516281622,0.4133965029727489
POOLED,2022-04-25,SPY,2022,next_rth_range,0.1609487878729004,0.25548523551668056
POOLED,2022-04-26,IWM,2022,next_rth_range,0.09970912121096272,-0.2271313122133929
POOLED,2022-04-26,QQQ,2022,next_rth_range,0.058785278929963325,-0.026881377273981766
POOLED,2022-04-26,SPY,2022,next_rth_range,0.1243156675487718,0.06016020400515698
POOLED,2022-04-27,IWM,2022,next_rth_range,0.07507542349377976,0.5508633010866619
POOLED,2022-04-27,QQQ,2022,next_rth_range,0.0892680572599708,0.45984360260821777
POOLED,2022-04-27,SPY,2022,next_rth_range,0.07990296887169167,0.4012155166641387
POOLED,2022-04-28,IWM,2022,next_rth_range,0.1919846837681073,0.2942927207584667
POOLED,2022-04-28,QQQ,2022,next_rth_range,0.09268902738201523,0.42491979058680096
POOLED,2022-04-28,SPY,2022,next_rth_range,0.12878682344358391,0.4965081671013025
POOLED,2022-04-29,IWM,2022,next_rth_range,0.15580755919376932,0.03161641323454134
POOLED,2022-04-29,QQQ,2022,next_rth_range,0.08606144939319058,-0.11866383163776906
POOLED,2022-04-29,SPY,2022,next_rth_range,0.1752922863169087,0.11923698309506747
POOLED,2022-05-02,IWM,2022,next_rth_range,0.10506466983918784,-0.2245434993710993
POOLED,2022-05-02,QQQ,2022,next_rth_range,0.15726566542405598,-0.4956443951433238
POOLED,2022-05-02,SPY,2022,next_rth_range,0.11323494498059034,-0.47415218187493524
POOLED,2022-05-03,IWM,2022,next_rth_range,0.11009873089450133,0.7100607971734134
POOLED,2022-05-03,QQQ,2022,next_rth_range,0.1479985035813804,0.863245243066932
POOLED,2022-05-03,SPY,2022,next_rth_range,0.12697078220914934,0.887859570398573
POOLED,2022-05-04,IWM,2022,next_rth_range,0.06461401778714138,0.3221488655572644
POOLED,2022-05-04,QQQ,2022,next_rth_range,0.2062756064281238,0.3051438293915676
POOLED,2022-05-04,SPY,2022,next_rth_range,0.1699000653892459,0.370449467238803
POOLED,2022-05-05,IWM,2022,next_rth_range,0.2098858744181714,-0.18575744849449372
POOLED,2022-05-05,QQQ,2022,next_rth_range,0.09839862319026048,-0.08436229975950793
POOLED,2022-05-05,SPY,2022,next_rth_range,0.13917030102669845,-0.14718508680794962
POOLED,2022-05-06,IWM,2022,next_rth_range,0.08605851542226788,0.6343589703666703
POOLED,2022-05-06,QQQ,2022,next_rth_range,0.1694039788181461,0.41912619646863947
POOLED,2022-05-06,SPY,2022,next_rth_range,0.16768204644109533,0.12076901801189699
POOLED,2022-05-09,IWM,2022,next_rth_range,0.18733068717379803,0.23294198801455845
POOLED,2022-05-09,QQQ,2022,next_rth_range,0.0473622994595834,-0.12570607563665792
POOLED,2022-05-09,SPY,2022,next_rth_range,0.17048652147430773,0.27853166259803297
POOLED,2022-05-10,IWM,2022,next_rth_range,0.18241761855169547,0.2887991183410361
POOLED,2022-05-10,QQQ,2022,next_rth_range,0.20700387664232206,0.4339498398558064
POOLED,2022-05-10,SPY,2022,next_rth_range,0.18020355083994913,0.2937464494072328
POOLED,2022-05-11,IWM,2022,next_rth_range,0.21311925351163424,-0.021751973350201403
POOLED,2022-05-11,QQQ,2022,next_rth_range,0.047340496507658716,0.13056887277807627
POOLED,2022-05-11,SPY,2022,next_rth_range,0.051589306172442485,0.18629809258232521
POOLED,2022-05-12,IWM,2022,next_rth_range,0.14115240065131132,-0.11293165838083796
POOLED,2022-05-12,QQQ,2022,next_rth_range,0.17192792624042996,-0.008686550470945242
POOLED,2022-05-12,SPY,2022,next_rth_range,0.07359181085335485,-0.12040701986418201
POOLED,2022-05-13,IWM,2022,next_rth_range,0.05490451132873002,-0.33785792597655107
POOLED,2022-05-13,QQQ,2022,next_rth_range,0.04896801437554875,-0.4976057025328968
POOLED,2022-05-13,SPY,2022,next_rth_range,0.19826988650953764,-0.15665717828398273
POOLED,2022-05-16,IWM,2022,next_rth_range,0.13438977134262953,-0.10021529459687173
POOLED,2022-05-16,QQQ,2022,next_rth_range,0.04798157433463688,-0.09955923250921339
POOLED,2022-05-16,SPY,2022,next_rth_range,0.2089821200366997,-0.23688074994338892
POOLED,2022-05-17,IWM,2022,next_rth_range,0.09167214094754908,0.36997568218406984
POOLED,2022-05-17,QQQ,2022,next_rth_range,0.14248673203237536,0.558716383335847
POOLED,2022-05-17,SPY,2022,next_rth_range,0.1839719260017553,0.6678066640289808
POOLED,2022-05-18,IWM,2022,next_rth_range,0.09265873991696041,-0.3139134607832439
POOLED,2022-05-18,QQQ,2022,next_rth_range,0.14513323133982317,-0.3422578482757741
POOLED,2022-05-18,SPY,2022,next_rth_range,0.16421693248969407,-0.3103320604191526
POOLED,2022-05-19,IWM,2022,next_rth_range,0.1325725948976008,0.4575659821232505
POOLED,2022-05-19,QQQ,2022,next_rth_range,0.18001974590842273,0.5133954490092769
POOLED,2022-05-19,SPY,2022,next_rth_range,0.21117279941090972,0.7410089227972785
POOLED,2022-05-20,IWM,2022,next_rth_range,0.03745758838076068,-0.5240279877413392
POOLED,2022-05-20,QQQ,2022,next_rth_range,0.15989117247400164,-0.4411662059298065
POOLED,2022-05-20,SPY,2022,next_rth_range,0.16087029804423186,-0.42955540929436964
POOLED,2022-05-23,IWM,2022,next_rth_range,0.06561912699096117,0.06802429185192604
POOLED,2022-05-23,QQQ,2022,next_rth_range,0.041586735007597325,-0.08487000417916235
POOLED,2022-05-23,SPY,2022,next_rth_range,0.12225646528801618,0.07220230063041111
POOLED,2022-05-24,IWM,2022,next_rth_range,0.2316201482984878,0.07281715981710501
POOLED,2022-05-24,QQQ,2022,next_rth_range,0.07223722145259982,0.061161327297232226
POOLED,2022-05-24,SPY,2022,next_rth_range,0.1501449061368942,-0.07568604109723065
POOLED,2022-05-25,IWM,2022,next_rth_range,0.06548234442452082,-0.1281951279852791
POOLED,2022-05-25,QQQ,2022,next_rth_range,0.16311420536501287,0.35520004997336363
POOLED,2022-05-25,SPY,2022,next_rth_range,0.08961658360391771,0.168203221035375
POOLED,2022-05-26,IWM,2022,next_rth_range,0.12335674939482318,-0.0384312074084554
POOLED,2022-05-26,QQQ,2022,next_rth_range,0.2787618829525222,-0.28889395930679607
POOLED,2022-05-26,SPY,2022,next_rth_range,0.162154789747773,-0.03013234014849253
POOLED,2022-05-27,IWM,2022,next_rth_range,0.07608664557264591,-0.23283357602176036
POOLED,2022-05-27,QQQ,2022,next_rth_range,0.20184665216035913,-0.05488791129481818
POOLED,2022-05-27,SPY,2022,next_rth_range,0.13028779917410277,-0.16020152060179527
POOLED,2022-05-31,IWM,2022,next_rth_range,0.218912777487405,0.17843253650249968
POOLED,2022-05-31,QQQ,2022,next_rth_range,0.057968227775542724,0.11688416271945812
POOLED,2022-05-31,SPY,2022,next_rth_range,0.1417290917500912,0.2126709321337108
POOLED,2022-06-01,IWM,2022,next_rth_range,0.23555687447640777,-0.09144383659289268
POOLED,2022-06-01,QQQ,2022,next_rth_range,0.13833657132446958,0.3067323939995763
POOLED,2022-06-01,SPY,2022,next_rth_range,0.1253761711884633,0.22724840791210887
POOLED,2022-06-02,IWM,2022,next_rth_range,0.09127649515444111,-0.7793463253787674
POOLED,2022-06-02,QQQ,2022,next_rth_range,0.14761519351856,-0.5010951176177336
POOLED,2022-06-02,SPY,2022,next_rth_range,0.12822474359820424,-0.654362042200789
POOLED,2022-06-03,IWM,2022,next_rth_range,0.03185641990832278,-0.3658043558676991
POOLED,2022-06-03,QQQ,2022,next_rth_range,0.1366600871354502,-0.005710504580607179
POOLED,2022-06-03,SPY,2022,next_rth_range,0.15141518953526442,-0.014728452719434237
POOLED,2022-06-06,IWM,2022,next_rth_range,0.11512840139805082,0.3838286312367054
POOLED,2022-06-06,QQQ,2022,next_rth_range,0.0781504470357538,0.12098470869453015
POOLED,2022-06-06,SPY,2022,next_rth_range,0.1498771327206786,0.2580420477899543
POOLED,2022-06-07,IWM,2022,next_rth_range,0.2529641270964252,-0.24389128179209507
POOLED,2022-06-07,QQQ,2022,next_rth_range,0.1668083743137859,-0.4452564307209945
POOLED,2022-06-07,SPY,2022,next_rth_range,0.2069760641128009,-0.34520081599966224
POOLED,2022-06-08,IWM,2022,next_rth_range,0.07575584438166992,-0.12076030414996364
POOLED,2022-06-08,QQQ,2022,next_rth_range,0.06832964573718857,0.43745233396687233
POOLED,2022-06-08,SPY,2022,next_rth_range,0.17676452337356036,0.49243749305659135
POOLED,2022-06-09,IWM,2022,next_rth_range,0.08667194536039574,0.035791819453981244
POOLED,2022-06-09,QQQ,2022,next_rth_range,0.22324051581160834,-0.20563399691869222
POOLED,2022-06-09,SPY,2022,next_rth_range,0.19154337234182042,-0.2774843488314107
POOLED,2022-06-10,IWM,2022,next_rth_range,0.06070631643550895,0.35204548519166057
POOLED,2022-06-10,QQQ,2022,next_rth_range,0.16838227563110267,0.17425368054690837
POOLED,2022-06-10,SPY,2022,next_rth_range,0.15304431187706286,0.30696045148050644
POOLED,2022-06-13,IWM,2022,next_rth_range,0.2230750914996928,-0.3303181355057605
POOLED,2022-06-13,QQQ,2022,next_rth_range,0.1510494304981436,-0.3372564111461043
POOLED,2022-06-13,SPY,2022,next_rth_range,0.11020913075065915,-0.03625768873947033
POOLED,2022-06-14,IWM,2022,next_rth_range,0.2350352443526509,0.3311078572608719
POOLED,2022-06-14,QQQ,2022,next_rth_range,0.15929725123867033,0.47355986847991627
POOLED,2022-06-14,SPY,2022,next_rth_range,0.12082705159116483,0.5098202998811021
POOLED,2022-06-15,IWM,2022,next_rth_range,0.05478480510422446,0.1361748725927634
POOLED,2022-06-15,QQQ,2022,next_rth_range,0.05277172946104383,-0.2478008576742199
POOLED,2022-06-15,SPY,2022,next_rth_range,0.19728258427185552,-0.2897066071227976
POOLED,2022-06-16,IWM,2022,next_rth_range,0.07156057844748358,-0.2330004978788769
POOLED,2022-06-16,QQQ,2022,next_rth_range,0.0336264826847449,-0.050402102492179246
POOLED,2022-06-16,SPY,2022,next_rth_range,0.12249745678969136,0.04652769226594433
POOLED,2022-06-17,IWM,2022,next_rth_range,0.19866738193285735,-0.2851079812097739
POOLED,2022-06-17,QQQ,2022,next_rth_range,0.18293730945717077,-0.4172690688183893
POOLED,2022-06-17,SPY,2022,next_rth_range,0.13471704629258008,-0.4947445600268998
POOLED,2022-06-21,IWM,2022,next_rth_range,0.04352832430976212,-0.04653104915508299
POOLED,2022-06-21,QQQ,2022,next_rth_range,0.23161211248274585,0.17701715651922356
POOLED,2022-06-21,SPY,2022,next_rth_range,0.13838569486861943,0.37408004445632326
POOLED,2022-06-22,IWM,2022,next_rth_range,0.08223642485720827,-0.13050430871665997
POOLED,2022-06-22,QQQ,2022,next_rth_range,0.2458417791420496,-0.3321168818985143
POOLED,2022-06-22,SPY,2022,next_rth_range,0.13878835304886164,-0.27634832907551177
POOLED,2022-06-23,IWM,2022,next_rth_range,0.2962807333925806,0.018778393156952955
POOLED,2022-06-23,QQQ,2022,next_rth_range,0.20663858695172382,0.1425638264072564
POOLED,2022-06-23,SPY,2022,next_rth_range,0.09551204066842628,0.2517100580212732
POOLED,2022-06-24,IWM,2022,next_rth_range,0.2025787989628172,-0.3829594734851143
POOLED,2022-06-24,QQQ,2022,next_rth_range,0.1618304588491439,-0.3072630912619916
POOLED,2022-06-24,SPY,2022,next_rth_range,0.15520951936342967,-0.6823459054794667
POOLED,2022-06-27,IWM,2022,next_rth_range,0.21976400201005106,0.42106057417496423
POOLED,2022-06-27,QQQ,2022,next_rth_range,0.05111752968413576,0.695837315052227
POOLED,2022-06-27,SPY,2022,next_rth_range,0.15395466619864803,0.8371437923670748
POOLED,2022-06-28,IWM,2022,next_rth_range,0.07456156665485765,-0.24890793546334278
POOLED,2022-06-28,QQQ,2022,next_rth_range,0.06366262582540212,-0.6925983465144014
POOLED,2022-06-28,SPY,2022,next_rth_range,0.24526994111896525,-0.8525421980347612
POOLED,2022-06-29,IWM,2022,next_rth_range,0.30261648267789915,0.1491580038587279
POOLED,2022-06-29,QQQ,2022,next_rth_range,0.18929522545366992,0.29938340864942825
POOLED,2022-06-29,SPY,2022,next_rth_range,0.2621761642847167,0.38621418411130204
POOLED,2022-06-30,IWM,2022,next_rth_range,0.2727093735520763,-0.06276231222417383
POOLED,2022-06-30,QQQ,2022,next_rth_range,0.22514552472417707,-0.37469355158657747
POOLED,2022-06-30,SPY,2022,next_rth_range,0.11989011125287811,0.017154007407719885
POOLED,2022-07-01,IWM,2022,next_rth_range,0.058224418145057265,0.4357513750482327
POOLED,2022-07-01,QQQ,2022,next_rth_range,0.07040756732756875,0.551306089775625
POOLED,2022-07-01,SPY,2022,next_rth_range,0.19217098237195213,0.266585927129678
POOLED,2022-07-05,IWM,2022,next_rth_range,0.0644403974176805,-0.22010775452689035
POOLED,2022-07-05,QQQ,2022,next_rth_range,0.0575950389822413,-0.43436306248321843
POOLED,2022-07-05,SPY,2022,next_rth_range,0.07433753169495298,-0.17974489757419
POOLED,2022-07-06,IWM,2022,next_rth_range,0.05650933373398464,-0.25865350534285314
POOLED,2022-07-06,QQQ,2022,next_rth_range,0.17715521005594406,0.012453336740604115
POOLED,2022-07-06,SPY,2022,next_rth_range,0.14052963046452768,0.03596330807545023
POOLED,2022-07-07,IWM,2022,next_rth_range,0.2511068615568501,-0.08351426378354754
POOLED,2022-07-07,QQQ,2022,next_rth_range,0.15519648504445216,-0.11440661580742129
POOLED,2022-07-07,SPY,2022,next_rth_range,0.16407965894033819,-0.2532238156728841
POOLED,2022-07-08,IWM,2022,next_rth_range,0.27290803321984985,-0.1334311802670589
POOLED,2022-07-08,QQQ,2022,next_rth_range,0.13796470583994178,-0.1814442921596484
POOLED,2022-07-08,SPY,2022,next_rth_range,0.18938286634591564,-0.5156536865639527
POOLED,2022-07-11,IWM,2022,next_rth_range,0.04267840623752227,-0.2919252841418598
POOLED,2022-07-11,QQQ,2022,next_rth_range,0.184914231041344,0.2607145227580765
POOLED,2022-07-11,SPY,2022,next_rth_range,0.15934313794209976,0.39162058873264494
POOLED,2022-07-12,IWM,2022,next_rth_range,0.06467172528306567,-0.06512212123308325
POOLED,2022-07-12,QQQ,2022,next_rth_range,0.17993255900779484,0.1522611098290465
POOLED,2022-07-12,SPY,2022,next_rth_range,0.1963723940746265,0.10797139265331168
POOLED,2022-07-13,IWM,2022,next_rth_range,0.07456538561207407,-0.19762311572749836
POOLED,2022-07-13,QQQ,2022,next_rth_range,0.1917623061043997,0.1056868876477064
POOLED,2022-07-13,SPY,2022,next_rth_range,0.23635536209797686,0.23345446624832222
POOLED,2022-07-14,IWM,2022,next_rth_range,0.4872182546818698,0.18506179085319108
POOLED,2022-07-14,QQQ,2022,next_rth_range,0.13790867256587483,-0.5490202314827544
POOLED,2022-07-14,SPY,2022,next_rth_range,0.11293971330190371,-0.29599185627088787
POOLED,2022-07-15,IWM,2022,next_rth_range,0.07718237058285557,0.042426118800130475
POOLED,2022-07-15,QQQ,2022,next_rth_range,0.1225715051447831,0.43939354139204934
POOLED,2022-07-15,SPY,2022,next_rth_range,0.18793254805961138,0.43353034131192647
POOLED,2022-07-18,IWM,2022,next_rth_range,0.14669355400501632,0.10811461787445653
POOLED,2022-07-18,QQQ,2022,next_rth_range,0.14851773899751916,0.07863855799841568
POOLED,2022-07-18,SPY,2022,next_rth_range,0.09719386015262581,0.11763780676763247
POOLED,2022-07-19,IWM,2022,next_rth_range,0.12212608088300068,-0.17625870822414358
POOLED,2022-07-19,QQQ,2022,next_rth_range,0.10735676171431002,-0.05108061573610723
POOLED,2022-07-19,SPY,2022,next_rth_range,0.18107750133853404,-0.24366414294502103
POOLED,2022-07-20,IWM,2022,next_rth_range,0.09135154718026661,-0.003944423173805944
POOLED,2022-07-20,QQQ,2022,next_rth_range,0.06160175096526332,0.06381955154493513
POOLED,2022-07-20,SPY,2022,next_rth_range,0.14926888054034335,0.24319502850338193
POOLED,2022-07-21,IWM,2022,next_rth_range,0.16289166115449305,0.3131150572213208
POOLED,2022-07-21,QQQ,2022,next_rth_range,0.1051297591515917,0.26471711439990386
POOLED,2022-07-21,SPY,2022,next_rth_range,0.25562685659236667,0.14103213388318503
POOLED,2022-07-22,IWM,2022,next_rth_range,0.2617237789342107,-0.5847146023269292
POOLED,2022-07-22,QQQ,2022,next_rth_range,0.07613645402054436,-0.528172018584816
POOLED,2022-07-22,SPY,2022,next_rth_range,0.17333790826226184,-0.7006555304773823
POOLED,2022-07-25,IWM,2022,next_rth_range,0.22995456908437745,-0.6875025711877973
POOLED,2022-07-25,QQQ,2022,next_rth_range,0.20397607312941343,-0.00947449787598309
POOLED,2022-07-25,SPY,2022,next_rth_range,0.15037862283678063,-0.15067553769461028
POOLED,2022-07-26,IWM,2022,next_rth_range,0.23881568679854503,0.45952726978366565
POOLED,2022-07-26,QQQ,2022,next_rth_range,0.13728251803278543,0.5701979282840361
POOLED,2022-07-26,SPY,2022,next_rth_range,0.2003372363732929,0.6188178461278784
POOLED,2022-07-27,IWM,2022,next_rth_range,0.06330401418008419,0.08725783866443049
POOLED,2022-07-27,QQQ,2022,next_rth_range,0.07968554391886615,-0.07386709597253649
POOLED,2022-07-27,SPY,2022,next_rth_range,0.17612598076262218,0.21170553313419616
POOLED,2022-07-28,IWM,2022,next_rth_range,0.037263420904173235,-0.43264593769582005
POOLED,2022-07-28,QQQ,2022,next_rth_range,0.16430175849262266,-0.1280864031634814
POOLED,2022-07-28,SPY,2022,next_rth_range,0.18088324197510242,-0.13174647426804054
POOLED,2022-07-29,IWM,2022,next_rth_range,0.07958581971117178,0.24668580895689596
POOLED,2022-07-29,QQQ,2022,next_rth_range,0.18764883040199784,-0.06720459902301501
POOLED,2022-07-29,SPY,2022,next_rth_range,0.19602005655361265,-0.18726593455214324
POOLED,2022-08-01,IWM,2022,next_rth_range,0.09287053086552961,-0.1028046350806795
POOLED,2022-08-01,QQQ,2022,next_rth_range,0.15053571755353837,-0.007482762140196275
POOLED,2022-08-01,SPY,2022,next_rth_range,0.1920518084552661,0.09217518975727668
POOLED,2022-08-02,IWM,2022,next_rth_range,0.07232238883784232,-0.3958681765407621
POOLED,2022-08-02,QQQ,2022,next_rth_range,0.16120458030600185,0.11503850488153278
POOLED,2022-08-02,SPY,2022,next_rth_range,0.2083261863231397,-0.0967083619261162
POOLED,2022-08-03,IWM,2022,next_rth_range,0.23476039699606874,-0.6353228941489748
POOLED,2022-08-03,QQQ,2022,next_rth_range,0.12026890079299322,-0.5751551187573352
POOLED,2022-08-03,SPY,2022,next_rth_range,0.19912136774831904,-0.7776931988511082
POOLED,2022-08-04,IWM,2022,next_rth_range,0.22943010313295584,0.4404464597767932
POOLED,2022-08-04,QQQ,2022,next_rth_range,0.23226803363380083,0.04376992176901595
POOLED,2022-08-04,SPY,2022,next_rth_range,0.258062803090512,0.007327587081441322
POOLED,2022-08-05,IWM,2022,next_rth_range,0.24109238624491414,-0.26346545346396466
POOLED,2022-08-05,QQQ,2022,next_rth_range,0.11908637490731643,0.18093399878903682
POOLED,2022-08-05,SPY,2022,next_rth_range,0.23656264712067138,0.11753235121262406
POOLED,2022-08-08,IWM,2022,next_rth_range,0.08892330379275194,-0.03656159136868897
POOLED,2022-08-08,QQQ,2022,next_rth_range,0.18781028280988782,-0.6372596328834845
POOLED,2022-08-08,SPY,2022,next_rth_range,0.24239118139677868,-0.8161752693088351
POOLED,2022-08-09,IWM,2022,next_rth_range,0.29596359874136297,-0.15933197624755646
POOLED,2022-08-09,QQQ,2022,next_rth_range,0.09211860247209144,-0.20201138323943635
POOLED,2022-08-09,SPY,2022,next_rth_range,0.19718686185458562,-0.20931421416881513
POOLED,2022-08-10,IWM,2022,next_rth_range,0.17032323377654074,0.014472251885925047
POOLED,2022-08-10,QQQ,2022,next_rth_range,0.19578712909677853,0.23196034979255176
POOLED,2022-08-10,SPY,2022,next_rth_range,0.24931902382385632,0.1666000006970636
POOLED,2022-08-11,IWM,2022,next_rth_range,0.09238040875556115,0.017506599667792777
POOLED,2022-08-11,QQQ,2022,next_rth_range,0.2037647764651561,-0.2069609092744651
POOLED,2022-08-11,SPY,2022,next_rth_range,0.3219616015787202,0.057515914067947094
POOLED,2022-08-12,IWM,2022,next_rth_range,0.2623114228475557,-0.27874812130649174
POOLED,2022-08-12,QQQ,2022,next_rth_range,0.20462569295490973,-0.3863838577476315
POOLED,2022-08-12,SPY,2022,next_rth_range,0.22040242504889251,-0.24619557577138806
POOLED,2022-08-15,IWM,2022,next_rth_range,0.07253738576952737,-0.1573951659950268
POOLED,2022-08-15,QQQ,2022,next_rth_range,0.08110907867734862,-0.023009023570051745
POOLED,2022-08-15,SPY,2022,next_rth_range,0.219220885465453,-0.08585666666822078
POOLED,2022-08-16,IWM,2022,next_rth_range,0.31884664659011736,-0.16002032555502588
POOLED,2022-08-16,QQQ,2022,next_rth_range,0.12653382481368367,-0.21426264526527117
POOLED,2022-08-16,SPY,2022,next_rth_range,0.2990039279119859,-0.056530711787851295
POOLED,2022-08-17,IWM,2022,next_rth_range,0.1700248801652772,-0.3884919098847277
POOLED,2022-08-17,QQQ,2022,next_rth_range,0.2595493312438693,-0.48487917975573147
POOLED,2022-08-17,SPY,2022,next_rth_range,0.20603886739783958,-0.5668831024018584
POOLED,2022-08-18,IWM,2022,next_rth_range,0.1271348146868212,-0.025441706350489923
POOLED,2022-08-18,QQQ,2022,next_rth_range,0.2732359703878668,-0.07315435286288352
POOLED,2022-08-18,SPY,2022,next_rth_range,0.333434534912529,-0.09288933228205831
POOLED,2022-08-19,IWM,2022,next_rth_range,0.2242435705303133,-0.3549666501599962
POOLED,2022-08-19,QQQ,2022,next_rth_range,0.08631691468016375,-0.030243335546231265
POOLED,2022-08-19,SPY,2022,next_rth_range,0.13986825698788471,0.03339868595962958
POOLED,2022-08-22,IWM,2022,next_rth_range,0.24105641235467,-0.19116622816371542
POOLED,2022-08-22,QQQ,2022,next_rth_range,0.1094637032822303,-0.4359598363798378
POOLED,2022-08-22,SPY,2022,next_rth_range,0.16662275094238288,-0.3613406723116439
POOLED,2022-08-23,IWM,2022,next_rth_range,0.24728858989787825,-0.16764449295174932
POOLED,2022-08-23,QQQ,2022,next_rth_range,0.16246945696709875,-0.3777026732884696
POOLED,2022-08-23,SPY,2022,next_rth_range,0.1373424470818912,-0.2662799696401832
POOLED,2022-08-24,IWM,2022,next_rth_range,0.07752266590967076,-0.3610368185412196
POOLED,2022-08-24,QQQ,2022,next_rth_range,0.16183997161530175,-0.03554783585017418
POOLED,2022-08-24,SPY,2022,next_rth_range,0.18073471258199036,0.15688855313681316
POOLED,2022-08-25,IWM,2022,next_rth_range,0.25459519450285856,0.7552133568957755
POOLED,2022-08-25,QQQ,2022,next_rth_range,0.14600479588055026,0.9376179684205308
POOLED,2022-08-25,SPY,2022,next_rth_range,0.19419934423428847,0.9886447906540567
POOLED,2022-08-26,IWM,2022,next_rth_range,0.039998340312341,-0.7034972131796393
POOLED,2022-08-26,QQQ,2022,next_rth_range,0.061335113440966496,-0.8327479844217613
POOLED,2022-08-26,SPY,2022,next_rth_range,0.11561210723682117,-0.6261435750319273
POOLED,2022-08-29,IWM,2022,next_rth_range,0.05276714950116865,0.2710772818914209
POOLED,2022-08-29,QQQ,2022,next_rth_range,0.13478804400513464,0.39040363132020284
POOLED,2022-08-29,SPY,2022,next_rth_range,0.09483650288892748,0.3606758233138865
POOLED,2022-08-30,IWM,2022,next_rth_range,0.2756971892365976,-0.4879104935429752
POOLED,2022-08-30,QQQ,2022,next_rth_range,0.2327112138588588,-0.2290291137270506
POOLED,2022-08-30,SPY,2022,next_rth_range,0.24293512652855606,-0.08209731384293129
POOLED,2022-08-31,IWM,2022,next_rth_range,0.08021304854835816,-0.064128343852067
POOLED,2022-08-31,QQQ,2022,next_rth_range,0.25387478590038376,0.15987196572865825
POOLED,2022-08-31,SPY,2022,next_rth_range,0.15363368705019775,0.1478003806358803
POOLED,2022-09-01,IWM,2022,next_rth_range,0.124190579271596,0.2983176499243334
POOLED,2022-09-01,QQQ,2022,next_rth_range,0.25864412400303477,0.4511060049026856
POOLED,2022-09-01,SPY,2022,next_rth_range,0.18098837460481174,0.5915298718572788
POOLED,2022-09-02,IWM,2022,next_rth_range,0.227795021009423,-0.031068961506750536
POOLED,2022-09-02,QQQ,2022,next_rth_range,0.18350760218312556,-0.1944945431855447
POOLED,2022-09-02,SPY,2022,next_rth_range,0.1227539107810577,-0.22852344435767868
POOLED,2022-09-06,IWM,2022,next_rth_range,0.08499402844700547,0.352033688696209
POOLED,2022-09-06,QQQ,2022,next_rth_range,0.08723229780562979,0.21990445748995757
POOLED,2022-09-06,SPY,2022,next_rth_range,0.17557757679630162,0.44302436173900084
POOLED,2022-09-07,IWM,2022,next_rth_range,0.10070850600029493,0.011924252590160833
POOLED,2022-09-07,QQQ,2022,next_rth_range,0.2734841545563762,0.028304437619178557
POOLED,2022-09-07,SPY,2022,next_rth_range,0.11929344886581719,-0.006868429420743283
POOLED,2022-09-08,IWM,2022,next_rth_range,0.07753224145981132,-0.4552600504095561
POOLED,2022-09-08,QQQ,2022,next_rth_range,0.2540450099610122,0.14132200918169247
POOLED,2022-09-08,SPY,2022,next_rth_range,0.23284943198919317,-0.18994835891113127
POOLED,2022-09-09,IWM,2022,next_rth_range,0.0824392945024943,-0.5461700407878611
POOLED,2022-09-09,QQQ,2022,next_rth_range,0.06532536957767945,-0.8289246282218166
POOLED,2022-09-09,SPY,2022,next_rth_range,0.12300726559420364,-0.530971663550984
POOLED,2022-09-12,IWM,2022,next_rth_range,0.26652461106597714,0.44787273661428273
POOLED,2022-09-12,QQQ,2022,next_rth_range,0.20703925527435968,0.8795879483889228
POOLED,2022-09-12,SPY,2022,next_rth_range,0.18925956963387813,0.9171837245657399
POOLED,2022-09-13,IWM,2022,next_rth_range,0.10930826793178172,-0.45811505440974765
POOLED,2022-09-13,QQQ,2022,next_rth_range,0.155396907465521,-0.7512367129238493
POOLED,2022-09-13,SPY,2022,next_rth_range,0.18636717879390347,-0.5140314888078064
POOLED,2022-09-14,IWM,2022,next_rth_range,0.04210598198362589,0.041384817182911426
POOLED,2022-09-14,QQQ,2022,next_rth_range,0.18348995436172924,0.257372897256507
POOLED,2022-09-14,SPY,2022,next_rth_range,0.17756520466231537,0.08186727610202471
POOLED,2022-09-15,IWM,2022,next_rth_range,0.14914284344740192,-0.42414535432677747
POOLED,2022-09-15,QQQ,2022,next_rth_range,0.3346027330772802,-0.5159486326786871
POOLED,2022-09-15,SPY,2022,next_rth_range,0.23752415944327873,-0.5124408999061361
POOLED,2022-09-16,IWM,2022,next_rth_range,0.03040999445257068,0.01914695540666944
POOLED,2022-09-16,QQQ,2022,next_rth_range,0.19632320405407436,-0.04057934165013144
POOLED,2022-09-16,SPY,2022,next_rth_range,0.1990665579259456,0.14386479268763708
POOLED,2022-09-19,IWM,2022,next_rth_range,0.1767614647556786,-0.5565321396684788
POOLED,2022-09-19,QQQ,2022,next_rth_range,0.18919064701857455,-0.21641779374794545
POOLED,2022-09-19,SPY,2022,next_rth_range,0.18470767365426294,-0.2612218205587524
POOLED,2022-09-20,IWM,2022,next_rth_range,0.07393236486483826,0.6474444897832758
POOLED,2022-09-20,QQQ,2022,next_rth_range,0.17934455494186347,0.6343970580825085
POOLED,2022-09-20,SPY,2022,next_rth_range,0.17265067505357953,0.7546861362482038
POOLED,2022-09-21,IWM,2022,next_rth_range,0.23733335367596275,0.09909352279128081
POOLED,2022-09-21,QQQ,2022,next_rth_range,0.035331793054423154,-0.5541133602853581
POOLED,2022-09-21,SPY,2022,next_rth_range,0.07871795667283545,-0.4843336551025632
POOLED,2022-09-22,IWM,2022,next_rth_range,0.09805064583525064,0.059643379273520924
POOLED,2022-09-22,QQQ,2022,next_rth_range,0.2159787277139847,0.19127219117687844
POOLED,2022-09-22,SPY,2022,next_rth_range,0.2294734818566639,0.3203140333955439
POOLED,2022-09-23,IWM,2022,next_rth_range,0.06831510633538568,0.350846509111308
POOLED,2022-09-23,QQQ,2022,next_rth_range,0.1664294646680041,0.055043326842038276
POOLED,2022-09-23,SPY,2022,next_rth_range,0.05198514135825726,0.10880804788960852
POOLED,2022-09-26,IWM,2022,next_rth_range,0.02088835713803312,0.08452625618550957
POOLED,2022-09-26,QQQ,2022,next_rth_range,0.1819732194761499,0.37733061201321894
POOLED,2022-09-26,SPY,2022,next_rth_range,0.13177852079499067,0.4822162943352426
POOLED,2022-09-27,IWM,2022,next_rth_range,0.21004624073842343,0.43406014776637125
POOLED,2022-09-27,QQQ,2022,next_rth_range,0.1825145997501042,0.2792518942874014
POOLED,2022-09-27,SPY,2022,next_rth_range,0.16442552707006006,0.3547172164576624
POOLED,2022-09-28,IWM,2022,next_rth_range,0.24788068455500142,-0.1483562503233764
POOLED,2022-09-28,QQQ,2022,next_rth_range,0.1726533387512328,0.10325820179208067
POOLED,2022-09-28,SPY,2022,next_rth_range,0.17994000577133243,-0.004256736639166814
POOLED,2022-09-29,IWM,2022,next_rth_range,0.02913647828859935,0.13205180174842512
POOLED,2022-09-29,QQQ,2022,next_rth_range,0.07567151065513437,0.22409550759186558
POOLED,2022-09-29,SPY,2022,next_rth_range,0.11378814557044112,0.2923004909330409
POOLED,2022-09-30,IWM,2022,next_rth_range,0.09351779881242335,0.13311028207157838
POOLED,2022-09-30,QQQ,2022,next_rth_range,0.0958768005981734,0.11382807038507492
POOLED,2022-09-30,SPY,2022,next_rth_range,0.08089003698772285,0.26229129051697075
POOLED,2022-10-03,IWM,2022,next_rth_range,0.13201364902923246,-0.27661218115756503
POOLED,2022-10-03,QQQ,2022,next_rth_range,0.058879158787495126,-0.5926061803285245
POOLED,2022-10-03,SPY,2022,next_rth_range,0.1488631313677975,0.37778036043405994
POOLED,2022-10-04,IWM,2022,next_rth_range,0.03731391600472152,-0.016279569781277647
POOLED,2022-10-04,QQQ,2022,next_rth_range,0.08415557348254896,0.4885359454674463
POOLED,2022-10-04,SPY,2022,next_rth_range,0.07882313128831804,-0.03226662811625802
POOLED,2022-10-05,IWM,2022,next_rth_range,0.20335155525385482,-0.2745250897273559
POOLED,2022-10-05,QQQ,2022,next_rth_range,0.08305852438433238,-0.454049951202971
POOLED,2022-10-05,SPY,2022,next_rth_range,0.096589117748436,-0.24184399585813265
POOLED,2022-10-06,IWM,2022,next_rth_range,0.11603239651439161,0.10372550468583563
POOLED,2022-10-06,QQQ,2022,next_rth_range,0.23891917076466307,0.2797138982790335
POOLED,2022-10-06,SPY,2022,next_rth_range,0.16562162336039823,0.6545310353588376
POOLED,2022-10-07,IWM,2022,next_rth_range,0.06988025037816716,-0.39186811697801227
POOLED,2022-10-07,QQQ,2022,next_rth_range,0.20738392870970399,-0.11183348885793576
POOLED,2022-10-07,SPY,2022,next_rth_range,0.08372724038402457,-0.3169924533822015
POOLED,2022-10-10,IWM,2022,next_rth_range,0.09264802686222254,0.3839475215829138
POOLED,2022-10-10,QQQ,2022,next_rth_range,0.05864291994166335,0.06708343401823091
POOLED,2022-10-10,SPY,2022,next_rth_range,0.16222401195841313,0.11425217829712109
POOLED,2022-10-11,IWM,2022,next_rth_range,0.10439421805690784,-0.4279602034888019
POOLED,2022-10-11,QQQ,2022,next_rth_range,0.08708549226230006,-0.5681163190642922
POOLED,2022-10-11,SPY,2022,next_rth_range,0.1070211779427209,-0.6462723512507798
POOLED,2022-10-12,IWM,2022,next_rth_range,0.0980823603170715,1.0516583537748616
POOLED,2022-10-12,QQQ,2022,next_rth_range,0.05020833471874832,1.286524502120642
POOLED,2022-10-12,SPY,2022,next_rth_range,0.17115682015772254,1.4592596307244627
POOLED,2022-10-13,IWM,2022,next_rth_range,0.14873368359723654,0.11649766287490992
POOLED,2022-10-13,QQQ,2022,next_rth_range,0.22131756498472896,0.16967032588888964
POOLED,2022-10-13,SPY,2022,next_rth_range,0.1256960208032739,0.1768565512876794
POOLED,2022-10-14,IWM,2022,next_rth_range,0.0824725231832942,-0.7544490068894825
POOLED,2022-10-14,QQQ,2022,next_rth_range,0.18019054284477562,-0.8302676953707486
POOLED,2022-10-14,SPY,2022,next_rth_range,0.10954809087018391,0.18200767206915103
POOLED,2022-10-17,IWM,2022,next_rth_range,0.10917124833785852,0.26113589791878944
POOLED,2022-10-17,QQQ,2022,next_rth_range,0.1596027221191819,0.5125783793096459
POOLED,2022-10-17,SPY,2022,next_rth_range,0.15021724758305333,-0.09852860537472985
POOLED,2022-10-18,IWM,2022,next_rth_range,0.2496864689081545,-0.12533895106420445
POOLED,2022-10-18,QQQ,2022,next_rth_range,0.05806320944820829,-0.25809199093626445
POOLED,2022-10-18,SPY,2022,next_rth_range,0.1752668339385982,-0.14146223884871256
POOLED,2022-10-19,IWM,2022,next_rth_range,0.1204673094717455,0.1384389836492197
POOLED,2022-10-19,QQQ,2022,next_rth_range,0.19470978017042131,0.08032334048431711
POOLED,2022-10-19,SPY,2022,next_rth_range,0.19937045934519945,0.14237436985929763
POOLED,2022-10-20,IWM,2022,next_rth_range,0.06553704530727457,0.04962047098526323
POOLED,2022-10-20,QQQ,2022,next_rth_range,0.30210391949036164,0.2621283421764038
POOLED,2022-10-20,SPY,2022,next_rth_range,0.22467218707897313,0.4233870240255415
POOLED,2022-10-21,IWM,2022,next_rth_range,0.11826552425256895,-0.4768178275479298
POOLED,2022-10-21,QQQ,2022,next_rth_range,0.11487722659567735,-0.008635284749495042
POOLED,2022-10-21,SPY,2022,next_rth_range,0.15581997227504132,-0.201069550223973
POOLED,2022-10-24,IWM,2022,next_rth_range,0.10077653384480972,0.31480946724814274
POOLED,2022-10-24,QQQ,2022,next_rth_range,0.03590806546979036,-0.011192293821600696
POOLED,2022-10-24,SPY,2022,next_rth_range,0.13466226364629905,-0.03389208452957426
POOLED,2022-10-25,IWM,2022,next_rth_range,0.08438357990184261,-0.19561272131274254
POOLED,2022-10-25,QQQ,2022,next_rth_range,0.1970095885096919,0.03286179779031917
POOLED,2022-10-25,SPY,2022,next_rth_range,0.1950336467700852,-0.05365841406145133
POOLED,2022-10-26,IWM,2022,next_rth_range,0.060307493186828515,-0.39704913628493577
POOLED,2022-10-26,QQQ,2022,next_rth_range,0.08044213476571095,-0.14714082358139402
POOLED,2022-10-26,SPY,2022,next_rth_range,0.10572523652542364,-0.20357117301010863
POOLED,2022-10-27,IWM,2022,next_rth_range,0.05169631257270905,0.24781132194427657
POOLED,2022-10-27,QQQ,2022,next_rth_range,0.16755012413211198,0.4537481265704577
POOLED,2022-10-27,SPY,2022,next_rth_range,0.20223937210183365,0.47985065708279917
POOLED,2022-10-28,IWM,2022,next_rth_range,0.08980091766427178,-0.4911293577653262
POOLED,2022-10-28,QQQ,2022,next_rth_range,0.1883824245731526,-0.744576332860329
POOLED,2022-10-28,SPY,2022,next_rth_range,0.17765159323146817,-0.9150182241321532
POOLED,2022-10-31,IWM,2022,next_rth_range,0.07290612041516811,-0.2640102920287162
POOLED,2022-10-31,QQQ,2022,next_rth_range,0.06502605651449125,0.30862370063121825
POOLED,2022-10-31,SPY,2022,next_rth_range,0.16339254728440722,0.31363982004621693
POOLED,2022-11-01,IWM,2022,next_rth_range,0.10783278810705119,0.8368322629848097
POOLED,2022-11-01,QQQ,2022,next_rth_range,0.22230898545447272,0.6434718593380797
POOLED,2022-11-01,SPY,2022,next_rth_range,0.15895614989328047,0.7513660971133804
POOLED,2022-11-02,IWM,2022,next_rth_range,0.09291185580952085,-0.34034614219905013
POOLED,2022-11-02,QQQ,2022,next_rth_range,0.2347690588017954,-0.660715963636747
POOLED,2022-11-02,SPY,2022,next_rth_range,0.15647288566311826,-0.5166719704921872
POOLED,2022-11-03,IWM,2022,next_rth_range,0.10227883499187487,0.06149518523534159
POOLED,2022-11-03,QQQ,2022,next_rth_range,0.13388668107230733,0.32268101710197117
POOLED,2022-11-03,SPY,2022,next_rth_range,0.14921274444687957,0.3147984562600481
POOLED,2022-11-04,IWM,2022,next_rth_range,0.12898573574484556,-0.46192940357507206
POOLED,2022-11-04,QQQ,2022,next_rth_range,0.1885426534573951,-0.43048796146091917
POOLED,2022-11-04,SPY,2022,next_rth_range,0.16449951801501494,-0.4393807167264936
POOLED,2022-11-07,IWM,2022,next_rth_range,0.21429862570456124,0.20032507111948838
POOLED,2022-11-07,QQQ,2022,next_rth_range,0.05333504681933712,0.2865519503149683
POOLED,2022-11-07,SPY,2022,next_rth_range,0.10924063383478874,0.23508464585263145
POOLED,2022-11-08,IWM,2022,next_rth_range,0.22378207061931335,-0.016532416874275757
POOLED,2022-11-08,QQQ,2022,next_rth_range,0.19981613719045332,-0.25866042313403614
POOLED,2022-11-08,SPY,2022,next_rth_range,0.09118280497033167,0.04769253337849211
POOLED,2022-11-09,IWM,2022,next_rth_range,0.24372907711194156,0.0075557547487470345
POOLED,2022-11-09,QQQ,2022,next_rth_range,0.03997355431239852,0.43308037872918836
POOLED,2022-11-09,SPY,2022,next_rth_range,0.15190723087766791,0.29565924702281565
POOLED,2022-11-10,IWM,2022,next_rth_range,0.1867805205483435,-0.38952407504719533
POOLED,2022-11-10,QQQ,2022,next_rth_range,0.10457680305599518,-0.10983671478332946
POOLED,2022-11-10,SPY,2022,next_rth_range,0.15903038050127077,-0.3797826020448487
POOLED,2022-11-11,IWM,2022,next_rth_range,0.1084838937606854,-0.24656497079487982
POOLED,2022-11-11,QQQ,2022,next_rth_range,0.057763890096315856,-0.4452837605605584
POOLED,2022-11-11,SPY,2022,next_rth_range,0.17300808905147727,-0.21980566312119088
POOLED,2022-11-14,IWM,2022,next_rth_range,0.1974322249724011,-0.1658466061999766
POOLED,2022-11-14,QQQ,2022,next_rth_range,0.1720503102921369,0.10971806053565114
POOLED,2022-11-14,SPY,2022,next_rth_range,0.17435842907022184,0.1664465813501499
POOLED,2022-11-15,IWM,2022,next_rth_range,0.19923134987750238,-0.39759106808778766
POOLED,2022-11-15,QQQ,2022,next_rth_range,0.24087978730204082,-0.4138692597737421
POOLED,2022-11-15,SPY,2022,next_rth_range,0.22482545414613622,-0.9368614660996397
POOLED,2022-11-16,IWM,2022,next_rth_range,0.22952917822584962,-0.4128917795841027
POOLED,2022-11-16,QQQ,2022,next_rth_range,0.19511888833370356,-0.07229656640286741
POOLED,2022-11-16,SPY,2022,next_rth_range,0.1632416326781031,-0.03233835704156007
POOLED,2022-11-17,IWM,2022,next_rth_range,0.1378982529713373,-0.2119613493152257
POOLED,2022-11-17,QQQ,2022,next_rth_range,0.2594953410642262,-0.06706104766928567
POOLED,2022-11-17,SPY,2022,next_rth_range,0.19299395017944337,-0.14268499037079074
POOLED,2022-11-18,IWM,2022,next_rth_range,0.09209483534079661,-0.6986765270767266
POOLED,2022-11-18,QQQ,2022,next_rth_range,0.21602768622922822,-0.4957992114434999
POOLED,2022-11-18,SPY,2022,next_rth_range,0.16970454388705755,-0.5369837549482845
POOLED,2022-11-21,IWM,2022,next_rth_range,0.10510827894586293,-0.22449833674261122
POOLED,2022-11-21,QQQ,2022,next_rth_range,0.09577309120337651,0.16154272751557563
POOLED,2022-11-21,SPY,2022,next_rth_range,0.1765610797735226,-0.026964218635067816
POOLED,2022-11-22,IWM,2022,next_rth_range,0.2540585650537416,-0.42277680394804706
POOLED,2022-11-22,QQQ,2022,next_rth_range,0.2106646124791247,-0.4863278175808414
POOLED,2022-11-22,SPY,2022,next_rth_range,0.3124853277041459,-0.42645618918171024
POOLED,2022-11-23,IWM,2022,next_rth_range,0.31170671883035544,-0.588525446008691
POOLED,2022-11-23,QQQ,2022,next_rth_range,0.27214628636800003,-1.1790187227038107
POOLED,2022-11-23,SPY,2022,next_rth_range,0.1873578223024477,-1.253866185554366
POOLED,2022-11-25,IWM,2022,next_rth_range,0.25617214822375667,0.2965950188772464
POOLED,2022-11-25,QQQ,2022,next_rth_range,0.10307527378467025,0.3679829556334413
POOLED,2022-11-25,SPY,2022,next_rth_range,0.20120183365869743,0.4587929617667772
POOLED,2022-11-28,IWM,2022,next_rth_range,0.07158891846437818,-0.8294761542232485
POOLED,2022-11-28,QQQ,2022,next_rth_range,0.08429215663931437,-0.30653065280356806
POOLED,2022-11-28,SPY,2022,next_rth_range,0.18533243653315415,-0.38856640961817845
POOLED,2022-11-29,IWM,2022,next_rth_range,0.10403416445352531,0.8597323554969454
POOLED,2022-11-29,QQQ,2022,next_rth_range,0.14023659152132853,0.9804165518187249
POOLED,2022-11-29,SPY,2022,next_rth_range,0.1784934010265895,0.9939698609282686
POOLED,2022-11-30,IWM,2022,next_rth_range,0.09603307879375711,-0.5514778837206635
POOLED,2022-11-30,QQQ,2022,next_rth_range,0.08868707254611402,-0.6905592184064915
POOLED,2022-11-30,SPY,2022,next_rth_range,0.09519614711232738,-0.6137817373990369
POOLED,2022-12-01,IWM,2022,next_rth_range,0.04977048304910766,0.20982995847863117
POOLED,2022-12-01,QQQ,2022,next_rth_range,0.14145472749369337,-0.2655396762352158
POOLED,2022-12-01,SPY,2022,next_rth_range,0.12725518138214567,-0.06098017380380938
POOLED,2022-12-02,IWM,2022,next_rth_range,0.06631811109593545,0.11323328909036379
POOLED,2022-12-02,QQQ,2022,next_rth_range,0.11518538071966794,-0.06574703535517701
POOLED,2022-12-02,SPY,2022,next_rth_range,0.21815471091165398,0.09591749238540892
POOLED,2022-12-05,IWM,2022,next_rth_range,0.10156924526165605,-0.138551970002196
POOLED,2022-12-05,QQQ,2022,next_rth_range,0.0770236112231539,0.18059372125500905
POOLED,2022-12-05,SPY,2022,next_rth_range,0.2158004085048983,0.23694480954273311
POOLED,2022-12-06,IWM,2022,next_rth_range,0.20598833207503145,-0.5298581015551371
POOLED,2022-12-06,QQQ,2022,next_rth_range,0.06630090872494844,-0.5882590293790662
POOLED,2022-12-06,SPY,2022,next_rth_range,0.16205536380980828,-0.6777267275404832
POOLED,2022-12-07,IWM,2022,next_rth_range,0.24623349395474164,-0.07943102915732903
POOLED,2022-12-07,QQQ,2022,next_rth_range,0.18313898587988495,-0.0505052134054802
POOLED,2022-12-07,SPY,2022,next_rth_range,0.17287620309263177,-0.23326797985654402
POOLED,2022-12-08,IWM,2022,next_rth_range,0.23676872212985706,-0.5506347573043233
POOLED,2022-12-08,QQQ,2022,next_rth_range,0.19158858083673097,-0.32470533551342395
POOLED,2022-12-08,SPY,2022,next_rth_range,0.19109900549436595,-0.14975592217659717
POOLED,2022-12-09,IWM,2022,next_rth_range,0.11939729331552748,0.08223099520815857
POOLED,2022-12-09,QQQ,2022,next_rth_range,0.07769479588687273,-0.06566996210766884
POOLED,2022-12-09,SPY,2022,next_rth_range,0.14252683662447727,0.12245168697393005
POOLED,2022-12-12,IWM,2022,next_rth_range,0.24475239163538515,0.6630253673517381
POOLED,2022-12-12,QQQ,2022,next_rth_range,0.17449228327056293,0.7753575252838938
POOLED,2022-12-12,SPY,2022,next_rth_range,0.1946557187405149,0.7291362690760326
POOLED,2022-12-13,IWM,2022,next_rth_range,0.1016808856850569,-0.09532916644481748
POOLED,2022-12-13,QQQ,2022,next_rth_range,0.22470939482680077,0.14621456483066098
POOLED,2022-12-13,SPY,2022,next_rth_range,0.18728799593177323,0.2291546464264944
POOLED,2022-12-14,IWM,2022,next_rth_range,0.35126842732742114,-0.03293005448879516
POOLED,2022-12-14,QQQ,2022,next_rth_range,0.05257838172959439,0.12776490682972952
POOLED,2022-12-14,SPY,2022,next_rth_range,0.2497182365551834,0.07126368036320363
POOLED,2022-12-15,IWM,2022,next_rth_range,0.32525777750314655,-0.33990188764532947
POOLED,2022-12-15,QQQ,2022,next_rth_range,0.10973088154346877,-0.1896920710750969
POOLED,2022-12-15,SPY,2022,next_rth_range,0.23108344970474395,-0.13090632722542406
POOLED,2022-12-16,IWM,2022,next_rth_range,0.13294754201446296,0.16820000163161186
POOLED,2022-12-16,QQQ,2022,next_rth_range,0.1535243056990111,0.006946686697118398
POOLED,2022-12-16,SPY,2022,next_rth_range,0.13466298102812557,-0.039683843807591934
POOLED,2022-12-19,IWM,2022,next_rth_range,0.05822819829175167,-0.15784008322913268
POOLED,2022-12-19,QQQ,2022,next_rth_range,0.22913007718490935,-0.19721488070658566
POOLED,2022-12-19,SPY,2022,next_rth_range,0.17645843207677428,-0.2183691941175967
POOLED,2022-12-20,IWM,2022,next_rth_range,0.12810994526701158,-0.18968833498559157
POOLED,2022-12-20,QQQ,2022,next_rth_range,0.24381781868097224,0.011414957312494423
POOLED,2022-12-20,SPY,2022,next_rth_range,0.24783598974174664,-0.06927614204065513
POOLED,2022-12-21,IWM,2022,next_rth_range,0.07111563126270924,0.20648861295736776
POOLED,2022-12-21,QQQ,2022,next_rth_range,0.10555842150279765,0.41946910899671686
POOLED,2022-12-21,SPY,2022,next_rth_range,0.23743719453559922,0.7714817552047437
POOLED,2022-12-22,IWM,2022,next_rth_range,0.13679614246363314,-0.5712637577020518
POOLED,2022-12-22,QQQ,2022,next_rth_range,0.09121415463607367,-0.3674474785709938
POOLED,2022-12-22,SPY,2022,next_rth_range,0.26427788438537425,-0.4736696001244325
POOLED,2022-12-23,IWM,2022,next_rth_range,0.25103003798509876,-0.3551889703198823
POOLED,2022-12-23,QQQ,2022,next_rth_range,0.05529067265657814,-0.293167624547789
POOLED,2022-12-23,SPY,2022,next_rth_range,0.16693217889845524,-0.44560789512885
POOLED,2022-12-27,IWM,2022,next_rth_range,0.12754833950716207,0.3339597979770197
POOLED,2022-12-27,QQQ,2022,next_rth_range,0.06949372638018332,0.22415461287768457
POOLED,2022-12-27,SPY,2022,next_rth_range,0.2658938410698685,0.39623584767700937
POOLED,2022-12-28,IWM,2022,next_rth_range,0.3390664740434244,0.08252726608679817
POOLED,2022-12-28,QQQ,2022,next_rth_range,0.21848947847472905,-0.08612354627925445
POOLED,2022-12-28,SPY,2022,next_rth_range,0.24276513660389792,-0.17010813517896572
POOLED,2022-12-29,IWM,2022,next_rth_range,0.3232781757285029,-0.5475266043296521
POOLED,2022-12-29,QQQ,2022,next_rth_range,0.08555522780399287,-0.24330836998886785
POOLED,2022-12-29,SPY,2022,next_rth_range,0.3037987310669975,-0.2726373812603651
POOLED,2022-12-30,IWM,2022,next_rth_range,0.26097446455166906,0.64207513916155
POOLED,2022-12-30,QQQ,2022,next_rth_range,0.26437497889723033,0.5194940701799116
POOLED,2022-12-30,SPY,2022,next_rth_range,0.19972152834754328,0.5437442098927914
POOLED,2020-01-02,IWM,2020,next_max_excursion,0.3680523762753666,0.1472265083058124
POOLED,2020-01-02,QQQ,2020,next_max_excursion,0.11006596032860912,0.2797163053444365
POOLED,2020-01-02,SPY,2020,next_max_excursion,0.3421119526049275,0.3638552616125521
POOLED,2020-01-03,IWM,2020,next_max_excursion,0.22675435340005543,0.32984895616608956
POOLED,2020-01-03,QQQ,2020,next_max_excursion,0.232650065618042,0.5854127830091533
POOLED,2020-01-03,SPY,2020,next_max_excursion,0.28211312818736967,0.5694588238696987
POOLED,2020-01-06,IWM,2020,next_max_excursion,0.27628421212889664,-0.707837860677996
POOLED,2020-01-06,QQQ,2020,next_max_excursion,0.17947203123726113,-0.9572186958409512
POOLED,2020-01-06,SPY,2020,next_max_excursion,0.2769426933212661,-0.9639330203120773
POOLED,2020-01-07,IWM,2020,next_max_excursion,0.4132821769423229,0.07393749972343588
POOLED,2020-01-07,QQQ,2020,next_max_excursion,0.20732427044014254,0.5621309215776673
POOLED,2020-01-07,SPY,2020,next_max_excursion,0.27952880470484387,0.6251316022463431
POOLED,2020-01-08,IWM,2020,next_max_excursion,0.2998341852619506,-0.26839914366026374
POOLED,2020-01-08,QQQ,2020,next_max_excursion,0.13611531567895366,-0.48012310386574875
POOLED,2020-01-08,SPY,2020,next_max_excursion,0.3377698311543066,-1.144965270563004
POOLED,2020-01-09,IWM,2020,next_max_excursion,0.2865188127570176,0.235863627805883
POOLED,2020-01-09,QQQ,2020,next_max_excursion,0.32602504574166175,0.050598147311506914
POOLED,2020-01-09,SPY,2020,next_max_excursion,0.3009875432712579,0.34011964597167665
POOLED,2020-01-10,IWM,2020,next_max_excursion,0.28559872262505953,-0.061589361656397834
POOLED,2020-01-10,QQQ,2020,next_max_excursion,0.1642480616916469,0.06925665450646612
POOLED,2020-01-10,SPY,2020,next_max_excursion,0.3043367572157684,-0.08828231090739358
POOLED,2020-01-13,IWM,2020,next_max_excursion,0.1397684559375759,0.6155731512847344
POOLED,2020-01-13,QQQ,2020,next_max_excursion,0.2926028689745428,-0.3851412454922718
POOLED,2020-01-13,SPY,2020,next_max_excursion,0.31064800468228954,-0.36233514859665306
POOLED,2020-01-14,IWM,2020,next_max_excursion,0.20588018435305055,0.1940339729246343
POOLED,2020-01-14,QQQ,2020,next_max_excursion,0.3446533082772252,-0.3935392062179579
POOLED,2020-01-14,SPY,2020,next_max_excursion,0.39578324630563266,-0.0790925366765931
POOLED,2020-01-15,IWM,2020,next_max_excursion,0.22081354643638265,0.005048777780253033
POOLED,2020-01-15,QQQ,2020,next_max_excursion,0.31466481267289087,-0.5175843792953172
POOLED,2020-01-15,SPY,2020,next_max_excursion,0.24881691221525262,-0.2563591747558762
POOLED,2020-01-16,IWM,2020,next_max_excursion,0.6009889806117407,0.2683615175670173
POOLED,2020-01-16,QQQ,2020,next_max_excursion,0.2645712150479072,-0.26158634694581284
POOLED,2020-01-16,SPY,2020,next_max_excursion,0.6078237259098466,-0.5742091793034918
POOLED,2020-01-17,IWM,2020,next_max_excursion,0.1116112811440659,-0.2139759330262372
POOLED,2020-01-17,QQQ,2020,next_max_excursion,0.21072610472691428,-0.3875822500871946
POOLED,2020-01-17,SPY,2020,next_max_excursion,0.34540434712829016,-0.17302263056019473
POOLED,2020-01-21,IWM,2020,next_max_excursion,0.27096706201078996,-0.31144936206494656
POOLED,2020-01-21,QQQ,2020,next_max_excursion,0.25216264122530213,-0.5202457302364802
POOLED,2020-01-21,SPY,2020,next_max_excursion,0.3191071309175314,-0.3484721082602311
POOLED,2020-01-22,IWM,2020,next_max_excursion,0.23843047758782662,0.25321015688815596
POOLED,2020-01-22,QQQ,2020,next_max_excursion,0.22063762260479758,-0.35554155601350423
POOLED,2020-01-22,SPY,2020,next_max_excursion,0.32868090184023535,-0.025809881607269602
POOLED,2020-01-23,IWM,2020,next_max_excursion,0.2865483122387254,0.8088818094745869
POOLED,2020-01-23,QQQ,2020,next_max_excursion,0.2887916685538573,0.9029599895616833
POOLED,2020-01-23,SPY,2020,next_max_excursion,0.3956959775454693,1.0009192879405973
POOLED,2020-01-24,IWM,2020,next_max_excursion,0.19423339551656582,-0.1398559061509026
POOLED,2020-01-24,QQQ,2020,next_max_excursion,0.1579065681129453,-0.3314137299121702
POOLED,2020-01-24,SPY,2020,next_max_excursion,0.2491379030778233,-0.15681942005351868
POOLED,2020-01-27,IWM,2020,next_max_excursion,0.16785929770538308,-0.4384535470664579
POOLED,2020-01-27,QQQ,2020,next_max_excursion,0.11025873492629422,0.17217208031653897
POOLED,2020-01-27,SPY,2020,next_max_excursion,0.21096088560283333,0.2930884280317745
POOLED,2020-01-28,IWM,2020,next_max_excursion,0.1780609699695761,-0.2834435744286816
POOLED,2020-01-28,QQQ,2020,next_max_excursion,0.1596330829895793,-0.18809202275901704
POOLED,2020-01-28,SPY,2020,next_max_excursion,0.20042613243071059,-0.2850195523436918
POOLED,2020-01-29,IWM,2020,next_max_excursion,0.1654876676478101,-0.09481414822763057
POOLED,2020-01-29,QQQ,2020,next_max_excursion,0.17522214724252197,0.16749375084627705
POOLED,2020-01-29,SPY,2020,next_max_excursion,0.2920217222282053,0.5825826648265284
POOLED,2020-01-30,IWM,2020,next_max_excursion,0.20009050770621403,0.7143603451505087
POOLED,2020-01-30,QQQ,2020,next_max_excursion,0.22558076720176568,0.8564162563540156
POOLED,2020-01-30,SPY,2020,next_max_excursion,0.2615376715467032,0.8820882841224131
POOLED,2020-01-31,IWM,2020,next_max_excursion,0.184016109015498,-0.4786759578487736
POOLED,2020-01-31,QQQ,2020,next_max_excursion,0.19687750669337625,-0.05036434428185377
POOLED,2020-01-31,SPY,2020,next_max_excursion,0.13979121934875757,-0.13539495947914215
POOLED,2020-02-03,IWM,2020,next_max_excursion,0.11709640270218363,-0.39448702956450354
POOLED,2020-02-03,QQQ,2020,next_max_excursion,0.1266244852781863,0.06303818258593807
POOLED,2020-02-03,SPY,2020,next_max_excursion,0.14809123701387897,-0.2316288246900955
POOLED,2020-02-04,IWM,2020,next_max_excursion,0.26575380183252556,-0.30548750990224605
POOLED,2020-02-04,QQQ,2020,next_max_excursion,0.11847286177084645,0.3068535079189463
POOLED,2020-02-04,SPY,2020,next_max_excursion,0.22603860834938672,-0.34424147573952535
POOLED,2020-02-05,IWM,2020,next_max_excursion,0.185774374073269,-0.42036040059323465
POOLED,2020-02-05,QQQ,2020,next_max_excursion,0.11579755303841469,-0.5616208275443881
POOLED,2020-02-05,SPY,2020,next_max_excursion,0.24965035884489872,-0.7696468678421953
POOLED,2020-02-06,IWM,2020,next_max_excursion,0.16550648448754868,0.23414183065754113
POOLED,2020-02-06,QQQ,2020,next_max_excursion,0.14499030233115354,-0.5239298644454315
POOLED,2020-02-06,SPY,2020,next_max_excursion,0.25347318303959393,-0.5423192235253556
POOLED,2020-02-07,IWM,2020,next_max_excursion,0.18386003549215985,-0.24708175093400708
POOLED,2020-02-07,QQQ,2020,next_max_excursion,0.0979852686200116,0.4808836964324259
POOLED,2020-02-07,SPY,2020,next_max_excursion,0.27866855899211407,0.44760207722494183
POOLED,2020-02-10,IWM,2020,next_max_excursion,0.2570985545289866,-0.2581495261807767
POOLED,2020-02-10,QQQ,2020,next_max_excursion,0.17322554693163594,-0.314649257686062
POOLED,2020-02-10,SPY,2020,next_max_excursion,0.1830053211069132,-0.5427912743794066
POOLED,2020-02-11,IWM,2020,next_max_excursion,0.12009387627443795,-0.8451328775320013
POOLED,2020-02-11,QQQ,2020,next_max_excursion,0.19650760754555038,-0.779563613314469
POOLED,2020-02-11,SPY,2020,next_max_excursion,0.2158013383021513,-0.9872065124150335
POOLED,2020-02-12,IWM,2020,next_max_excursion,0.11739835531414745,0.21465584379154734
POOLED,2020-02-12,QQQ,2020,next_max_excursion,0.21866222395635432,0.2399409690443184
POOLED,2020-02-12,SPY,2020,next_max_excursion,0.2626997019017956,0.2448787295878061
POOLED,2020-02-13,IWM,2020,next_max_excursion,0.16945848858647708,-0.17661309605342446
POOLED,2020-02-13,QQQ,2020,next_max_excursion,0.33862015834362275,-1.0141020711721573
POOLED,2020-02-13,SPY,2020,next_max_excursion,0.2449130664680812,-0.5328419557338284
POOLED,2020-02-14,IWM,2020,next_max_excursion,0.10018678758939151,-0.2607383176413851
POOLED,2020-02-14,QQQ,2020,next_max_excursion,0.19420020698022356,-0.0212393755196274
POOLED,2020-02-14,SPY,2020,next_max_excursion,0.2866538149554667,-0.39979667622263104
POOLED,2020-02-18,IWM,2020,next_max_excursion,0.1989402809369418,-0.5383163212215338
POOLED,2020-02-18,QQQ,2020,next_max_excursion,0.20905551678944034,-0.3285128720854571
POOLED,2020-02-18,SPY,2020,next_max_excursion,0.21878945206422076,-0.5554757784919842
POOLED,2020-02-19,IWM,2020,next_max_excursion,0.2122788681927485,-0.1540822983744956
POOLED,2020-02-19,QQQ,2020,next_max_excursion,0.18405230368158795,0.9550126713285003
POOLED,2020-02-19,SPY,2020,next_max_excursion,0.3549605946690307,0.7767966622500468
POOLED,2020-02-20,IWM,2020,next_max_excursion,0.2560891656200701,0.0392414328830446
POOLED,2020-02-20,QQQ,2020,next_max_excursion,0.24062798253141826,0.3857912160176462
POOLED,2020-02-20,SPY,2020,next_max_excursion,0.25516142849612067,-0.01102983835257021
POOLED,2020-02-21,IWM,2020,next_max_excursion,0.11039538382957395,1.1234441833679072
POOLED,2020-02-21,QQQ,2020,next_max_excursion,0.14506483561539824,-0.08787704805935181
POOLED,2020-02-21,SPY,2020,next_max_excursion,0.2817562757218026,1.468923167901556
POOLED,2020-02-24,IWM,2020,next_max_excursion,0.06412925870061321,0.7620856047413285
POOLED,2020-02-24,QQQ,2020,next_max_excursion,0.0778397279309797,1.0302545295297931
POOLED,2020-02-24,SPY,2020,next_max_excursion,0.1195554715901254,0.8600767761076291
POOLED,2020-02-25,IWM,2020,next_max_excursion,0.12107980904722697,-0.07540009082666188
POOLED,2020-02-25,QQQ,2020,next_max_excursion,0.11830175141672365,-0.15087161145875339
POOLED,2020-02-25,SPY,2020,next_max_excursion,0.07856862410941794,-0.25932006592995815
POOLED,2020-02-26,IWM,2020,next_max_excursion,0.18684834198434752,0.3839691543316377
POOLED,2020-02-26,QQQ,2020,next_max_excursion,0.06549580627414102,0.4548731978506524
POOLED,2020-02-26,SPY,2020,next_max_excursion,0.16892329614843798,0.7119101679378419
POOLED,2020-02-27,IWM,2020,next_max_excursion,0.051375751117941376,0.36461846702102285
POOLED,2020-02-27,QQQ,2020,next_max_excursion,0.11393749405383868,0.6236679823994948
POOLED,2020-02-27,SPY,2020,next_max_excursion,0.04729441766627764,0.5329115767571535
POOLED,2020-02-28,IWM,2020,next_max_excursion,0.04549868123338903,0.11386736320101587
POOLED,2020-02-28,QQQ,2020,next_max_excursion,0.10532762725586471,0.5182522805323782
POOLED,2020-02-28,SPY,2020,next_max_excursion,0.09727097191494971,0.6762553987551176
POOLED,2020-03-02,IWM,2020,next_max_excursion,0.043190522739754766,0.3864935287692215
POOLED,2020-03-02,QQQ,2020,next_max_excursion,0.06241476993569212,0.6051735051599803
POOLED,2020-03-02,SPY,2020,next_max_excursion,0.14328837053492802,0.6162418639483751
POOLED,2020-03-03,IWM,2020,next_max_excursion,0.052928019070633846,-0.5916439993721019
POOLED,2020-03-03,QQQ,2020,next_max_excursion,0.1865368253771095,-0.12684584187740944
POOLED,2020-03-03,SPY,2020,next_max_excursion,0.16249298370829762,-0.02032259269441372
POOLED,2020-03-04,IWM,2020,next_max_excursion,0.048233717492135945,0.25150391692244156
POOLED,2020-03-04,QQQ,2020,next_max_excursion,0.12103241502327038,-0.19378873402778485
POOLED,2020-03-04,SPY,2020,next_max_excursion,0.08958278242890132,-0.12025445022712544
POOLED,2020-03-05,IWM,2020,next_max_excursion,0.09349928510880057,-0.11599765718134103
POOLED,2020-03-05,QQQ,2020,next_max_excursion,0.07870829779015255,0.05882351304685951
POOLED,2020-03-05,SPY,2020,next_max_excursion,0.10813723074773499,0.07708371821533433
POOLED,2020-03-06,IWM,2020,next_max_excursion,0.29362021764684937,0.33265560719557774
POOLED,2020-03-06,QQQ,2020,next_max_excursion,0.08000690132909087,0.6685031758085662
POOLED,2020-03-06,SPY,2020,next_max_excursion,0.06418135847002707,0.6296571946901364
POOLED,2020-03-09,IWM,2020,next_max_excursion,0.3516359232882791,0.7527864777772844
POOLED,2020-03-09,QQQ,2020,next_max_excursion,0.04238838624544709,0.27023573597515993
POOLED,2020-03-09,SPY,2020,next_max_excursion,0.12488265533552985,0.6557780465312764
POOLED,2020-03-10,IWM,2020,next_max_excursion,0.1613464255727564,0.6247167474917092
POOLED,2020-03-10,QQQ,2020,next_max_excursion,0.1144931019366366,0.19954018063028212
POOLED,2020-03-10,SPY,2020,next_max_excursion,0.07118036973126642,0.3978862106444696
POOLED,2020-03-11,IWM,2020,next_max_excursion,0.011954354979534853,0.45605696331751355
POOLED,2020-03-11,QQQ,2020,next_max_excursion,0.11351677002193114,0.6813678103512131
POOLED,2020-03-11,SPY,2020,next_max_excursion,0.14323772585140337,0.6943521135411679
POOLED,2020-03-12,IWM,2020,next_max_excursion,0.05784312428697823,0.86337441269899
POOLED,2020-03-12,QQQ,2020,next_max_excursion,0.0824540678543699,0.3632533661492636
POOLED,2020-03-12,SPY,2020,next_max_excursion,0.06044153499704365,0.6847679499590633
POOLED,2020-03-13,IWM,2020,next_max_excursion,0.291955443811741,0.5269555727616293
POOLED,2020-03-13,QQQ,2020,next_max_excursion,0.07523417490386004,0.4378597644296236
POOLED,2020-03-13,SPY,2020,next_max_excursion,0.14713190160796816,0.6436704772545405
POOLED,2020-03-16,IWM,2020,next_max_excursion,0.01143103751340762,0.21028608914093683
POOLED,2020-03-16,QQQ,2020,next_max_excursion,0.22948546031348255,0.21551480085539376
POOLED,2020-03-16,SPY,2020,next_max_excursion,0.1389993116546822,0.21759065471825823
POOLED,2020-03-17,IWM,2020,next_max_excursion,0.06267471067029225,0.44367832672766827
POOLED,2020-03-17,QQQ,2020,next_max_excursion,0.10394561429465521,0.10131497481545626
POOLED,2020-03-17,SPY,2020,next_max_excursion,0.09125982806273199,0.3931650827603308
POOLED,2020-03-18,IWM,2020,next_max_excursion,0.423639228739399,0.3874179349067908
POOLED,2020-03-18,QQQ,2020,next_max_excursion,0.07556535981935229,0.15578013087050468
POOLED,2020-03-18,SPY,2020,next_max_excursion,0.16677062081701724,-0.1156611378341279
POOLED,2020-03-19,IWM,2020,next_max_excursion,0.11621104613964905,0.10289063235403573
POOLED,2020-03-19,QQQ,2020,next_max_excursion,0.10194168275433804,0.5995165578065262
POOLED,2020-03-19,SPY,2020,next_max_excursion,0.14758105796946805,0.6059884753540508
POOLED,2020-03-20,IWM,2020,next_max_excursion,0.0406751954809241,0.39759468266178066
POOLED,2020-03-20,QQQ,2020,next_max_excursion,0.2727416086223027,0.013371372558663719
POOLED,2020-03-20,SPY,2020,next_max_excursion,0.02279789137414317,0.38698737235682135
POOLED,2020-03-23,IWM,2020,next_max_excursion,0.3044730021090301,0.3955633606363409
POOLED,2020-03-23,QQQ,2020,next_max_excursion,0.25805718793543597,-0.4328991637031452
POOLED,2020-03-23,SPY,2020,next_max_excursion,0.06007039076112942,0.43401197537493896
POOLED,2020-03-24,IWM,2020,next_max_excursion,0.03475676552813978,-0.06943367854144
POOLED,2020-03-24,QQQ,2020,next_max_excursion,0.034822172898693,0.11595943832298694
POOLED,2020-03-24,SPY,2020,next_max_excursion,0.06416646528055009,0.5989813312586554
POOLED,2020-03-25,IWM,2020,next_max_excursion,0.29249018304311947,0.27254121058066216
POOLED,2020-03-25,QQQ,2020,next_max_excursion,0.07033670195929434,0.4189499450975558
POOLED,2020-03-25,SPY,2020,next_max_excursion,0.07283034476955319,0.4536478638671544
POOLED,2020-03-26,IWM,2020,next_max_excursion,0.03830439743767233,-0.019216546704425408
POOLED,2020-03-26,QQQ,2020,next_max_excursion,0.08451176581114826,-0.4462556150896164
POOLED,2020-03-26,SPY,2020,next_max_excursion,0.16813536898898043,0.03239110009287449
POOLED,2020-03-27,IWM,2020,next_max_excursion,0.061314980592654326,-0.4336508906478489
POOLED,2020-03-27,QQQ,2020,next_max_excursion,0.14923374182177637,0.14968247597285922
POOLED,2020-03-27,SPY,2020,next_max_excursion,0.06134860225252838,-0.0506704413922594
POOLED,2020-03-30,IWM,2020,next_max_excursion,0.2112484453617514,-0.22115009182727308
POOLED,2020-03-30,QQQ,2020,next_max_excursion,0.048250746071982376,-0.28631504124035567
POOLED,2020-03-30,SPY,2020,next_max_excursion,0.051867318777465476,-0.298128339576039
POOLED,2020-03-31,IWM,2020,next_max_excursion,0.3623200837262973,-0.0021711029042212893
POOLED,2020-03-31,QQQ,2020,next_max_excursion,0.2532136226075473,-0.13141446954659308
POOLED,2020-03-31,SPY,2020,next_max_excursion,0.07358357785150663,0.653860310847806
POOLED,2020-04-01,IWM,2020,next_max_excursion,0.16176541927456026,0.3395551379106476
POOLED,2020-04-01,QQQ,2020,next_max_excursion,0.06739363917186994,0.614058963408552
POOLED,2020-04-01,SPY,2020,next_max_excursion,0.18399850516223767,0.028713132749906833
POOLED,2020-04-02,IWM,2020,next_max_excursion,0.08548350646107578,0.12985032749460101
POOLED,2020-04-02,QQQ,2020,next_max_excursion,0.03177458530015968,-0.2374805582439512
POOLED,2020-04-02,SPY,2020,next_max_excursion,0.07381484631987367,0.05883524807794771
POOLED,2020-04-03,IWM,2020,next_max_excursion,0.2688316823820506,0.17479004202679826
POOLED,2020-04-03,QQQ,2020,next_max_excursion,0.07941960065268146,0.45944863577946915
POOLED,2020-04-03,SPY,2020,next_max_excursion,0.10364607684887517,0.5885641046990511
POOLED,2020-04-06,IWM,2020,next_max_excursion,0.028542971141916,0.3133195118120322
POOLED,2020-04-06,QQQ,2020,next_max_excursion,0.06245385599274541,0.1389125687783377
POOLED,2020-04-06,SPY,2020,next_max_excursion,0.13338100117144056,0.08547475762035939
POOLED,2020-04-07,IWM,2020,next_max_excursion,0.04371505421814912,0.11057631496015352
POOLED,2020-04-07,QQQ,2020,next_max_excursion,0.06635941409393442,-0.46598076348627426
POOLED,2020-04-07,SPY,2020,next_max_excursion,0.14555635945084378,0.2875962908508898
POOLED,2020-04-08,IWM,2020,next_max_excursion,0.08416567001811279,-0.40221764785553926
POOLED,2020-04-08,QQQ,2020,next_max_excursion,0.2084178199754589,-0.24233799012626545
POOLED,2020-04-08,SPY,2020,next_max_excursion,0.1614603811233703,-0.5690595732311583
POOLED,2020-04-09,IWM,2020,next_max_excursion,0.04430894572365152,0.259199192919469
POOLED,2020-04-09,QQQ,2020,next_max_excursion,0.21474488341233633,-0.12840125546787373
POOLED,2020-04-09,SPY,2020,next_max_excursion,0.07399324912665571,0.17582547211740662
POOLED,2020-04-13,IWM,2020,next_max_excursion,0.1659971579949492,-0.2425213990495214
POOLED,2020-04-13,QQQ,2020,next_max_excursion,0.13335457651421634,0.24172289678614423
POOLED,2020-04-13,SPY,2020,next_max_excursion,0.1684101128485828,0.11798615010135105
POOLED,2020-04-14,IWM,2020,next_max_excursion,0.06558549780496696,-0.813730541875298
POOLED,2020-04-14,QQQ,2020,next_max_excursion,0.11543405915949663,-0.26941068121915546
POOLED,2020-04-14,SPY,2020,next_max_excursion,0.13115716515656253,0.13388698761783013
POOLED,2020-04-15,IWM,2020,next_max_excursion,0.07783062906811772,0.2993798388921989
POOLED,2020-04-15,QQQ,2020,next_max_excursion,0.21349760217336838,-0.4305093368120989
POOLED,2020-04-15,SPY,2020,next_max_excursion,0.08688389568821306,-0.5560668270054685
POOLED,2020-04-16,IWM,2020,next_max_excursion,0.05819563856998825,-0.49361780157552104
POOLED,2020-04-16,QQQ,2020,next_max_excursion,0.06805868257978613,0.04226253271742264
POOLED,2020-04-16,SPY,2020,next_max_excursion,0.24498860858347754,-0.37952330831134695
POOLED,2020-04-17,IWM,2020,next_max_excursion,0.04760100271102646,0.2346134611369659
POOLED,2020-04-17,QQQ,2020,next_max_excursion,0.13333704963248516,-0.4138055542894419
POOLED,2020-04-17,SPY,2020,next_max_excursion,0.07769331633446559,0.0071235822641932955
POOLED,2020-04-20,IWM,2020,next_max_excursion,0.024949828199164432,-0.4672465608861387
POOLED,2020-04-20,QQQ,2020,next_max_excursion,0.13837483791219762,0.7799083607232586
POOLED,2020-04-20,SPY,2020,next_max_excursion,0.05322431541060156,0.10904032107415951
POOLED,2020-04-21,IWM,2020,next_max_excursion,0.06617436772791704,-0.5251993016753183
POOLED,2020-04-21,QQQ,2020,next_max_excursion,0.17626322985919493,-0.33042976586420636
POOLED,2020-04-21,SPY,2020,next_max_excursion,0.08080707361147296,-0.49974237321146653
POOLED,2020-04-22,IWM,2020,next_max_excursion,0.023206759555631454,0.24733138320176007
POOLED,2020-04-22,QQQ,2020,next_max_excursion,0.20731474520277837,-0.27443383335529425
POOLED,2020-04-22,SPY,2020,next_max_excursion,0.1860355793673534,-0.0840733089035508
POOLED,2020-04-23,IWM,2020,next_max_excursion,0.2658764612877463,-0.4378188178069262
POOLED,2020-04-23,QQQ,2020,next_max_excursion,0.17283182079587753,-0.07187037238341887
POOLED,2020-04-23,SPY,2020,next_max_excursion,0.19831284139684552,-0.3049537766705708
POOLED,2020-04-24,IWM,2020,next_max_excursion,0.15164962141949773,0.5522069608189866
POOLED,2020-04-24,QQQ,2020,next_max_excursion,0.07851651737807047,-0.791474120914855
POOLED,2020-04-24,SPY,2020,next_max_excursion,0.08596508260760889,-0.22335889093124983
POOLED,2020-04-27,IWM,2020,next_max_excursion,0.07506784523185503,0.22971272075676952
POOLED,2020-04-27,QQQ,2020,next_max_excursion,0.180303610212015,0.8384210429600794
POOLED,2020-04-27,SPY,2020,next_max_excursion,0.08336472716227322,0.5067370485267682
POOLED,2020-04-28,IWM,2020,next_max_excursion,0.051724910009125366,0.149740949412569
POOLED,2020-04-28,QQQ,2020,next_max_excursion,0.12026926570876051,-0.046234903466528365
POOLED,2020-04-28,SPY,2020,next_max_excursion,0.21013494896512172,-0.1807361210129237
POOLED,2020-04-29,IWM,2020,next_max_excursion,0.18401090142420923,-0.5914407657491738
POOLED,2020-04-29,QQQ,2020,next_max_excursion,0.1716930495009071,-0.3620433158240264
POOLED,2020-04-29,SPY,2020,next_max_excursion,0.09074968972943064,-0.15835065916588942
POOLED,2020-04-30,IWM,2020,next_max_excursion,0.17280969338144975,0.47811328360094496
POOLED,2020-04-30,QQQ,2020,next_max_excursion,0.25736094991138403,0.01722684492177695
POOLED,2020-04-30,SPY,2020,next_max_excursion,0.17343061354744643,0.3631349490114286
POOLED,2020-05-01,IWM,2020,next_max_excursion,0.15460029401697775,-0.26757467728980355
POOLED,2020-05-01,QQQ,2020,next_max_excursion,0.12228538837006919,0.07149189157758462
POOLED,2020-05-01,SPY,2020,next_max_excursion,0.07038482395289605,-0.48173665896445605
POOLED,2020-05-04,IWM,2020,next_max_excursion,0.035256212443976157,-0.37734552137490596
POOLED,2020-05-04,QQQ,2020,next_max_excursion,0.18551657818399114,-0.25425819086042
POOLED,2020-05-04,SPY,2020,next_max_excursion,0.04694389570436967,-0.24510547075158406
POOLED,2020-05-05,IWM,2020,next_max_excursion,0.05093198255488725,-0.1322080475800429
POOLED,2020-05-05,QQQ,2020,next_max_excursion,0.13359626235903885,-0.6659549491436563
POOLED,2020-05-05,SPY,2020,next_max_excursion,0.1740613836470485,0.04279426864134894
POOLED,2020-05-06,IWM,2020,next_max_excursion,0.039195801820388794,-0.815846520892733
POOLED,2020-05-06,QQQ,2020,next_max_excursion,0.2583719958374038,-0.7173257331777361
POOLED,2020-05-06,SPY,2020,next_max_excursion,0.1731474032187046,-0.514432217322164
POOLED,2020-05-07,IWM,2020,next_max_excursion,0.16688119435729543,0.13927615374871483
POOLED,2020-05-07,QQQ,2020,next_max_excursion,0.09250052428472463,-0.8479941916780609
POOLED,2020-05-07,SPY,2020,next_max_excursion,0.12680247402582803,-0.4920261338300467
POOLED,2020-05-08,IWM,2020,next_max_excursion,0.14166206456355965,-0.004348836877074103
POOLED,2020-05-08,QQQ,2020,next_max_excursion,0.10502244081075475,0.6877885144865812
POOLED,2020-05-08,SPY,2020,next_max_excursion,0.12389171969478141,0.2720184187826096
POOLED,2020-05-11,IWM,2020,next_max_excursion,0.10857360667887633,0.7512049752660559
POOLED,2020-05-11,QQQ,2020,next_max_excursion,0.15251218723523868,0.6332015048801454
POOLED,2020-05-11,SPY,2020,next_max_excursion,0.10143847584941029,0.855421328938184
POOLED,2020-05-12,IWM,2020,next_max_excursion,0.05294824252223028,0.581996773924967
POOLED,2020-05-12,QQQ,2020,next_max_excursion,0.10485896840061103,0.5447628137712512
POOLED,2020-05-12,SPY,2020,next_max_excursion,0.10729108374114113,0.5749375414079636
POOLED,2020-05-13,IWM,2020,next_max_excursion,0.1274301557391427,0.05481694867016618
POOLED,2020-05-13,QQQ,2020,next_max_excursion,0.22219686037214945,-0.06468712727459902
POOLED,2020-05-13,SPY,2020,next_max_excursion,0.10456581710326102,0.3639039465013023
POOLED,2020-05-14,IWM,2020,next_max_excursion,0.16301316939878538,0.0422479195653902
POOLED,2020-05-14,QQQ,2020,next_max_excursion,0.1280323058211289,0.22756958780076708
POOLED,2020-05-14,SPY,2020,next_max_excursion,0.26705871173326073,-0.2993530037102148
POOLED,2020-05-15,IWM,2020,next_max_excursion,0.15344030883706278,-0.3757006750664411
POOLED,2020-05-15,QQQ,2020,next_max_excursion,0.11533416408660892,-0.35163876299022245
POOLED,2020-05-15,SPY,2020,next_max_excursion,0.19144087761738646,0.05189231243214998
POOLED,2020-05-18,IWM,2020,next_max_excursion,0.048456200977333296,-0.10308568527546491
POOLED,2020-05-18,QQQ,2020,next_max_excursion,0.12410556718775276,-0.3082652519329656
POOLED,2020-05-18,SPY,2020,next_max_excursion,0.1604861802521677,-0.34522636359928427
POOLED,2020-05-19,IWM,2020,next_max_excursion,0.11923641152020045,-0.18509078709443916
POOLED,2020-05-19,QQQ,2020,next_max_excursion,0.12381665535528663,-0.21107671846983056
POOLED,2020-05-19,SPY,2020,next_max_excursion,0.1286746159673795,-0.5092209823031792
POOLED,2020-05-20,IWM,2020,next_max_excursion,0.04392153712707431,-0.4866626329999102
POOLED,2020-05-20,QQQ,2020,next_max_excursion,0.07970067294217277,0.3196916028914867
POOLED,2020-05-20,SPY,2020,next_max_excursion,0.11601795557959187,0.18244560923506192
POOLED,2020-05-21,IWM,2020,next_max_excursion,0.0728578300332064,-0.4073482468082039
POOLED,2020-05-21,QQQ,2020,next_max_excursion,0.26344583507396474,-0.7253068527528406
POOLED,2020-05-21,SPY,2020,next_max_excursion,0.22522814115884499,-0.8739763535650793
POOLED,2020-05-22,IWM,2020,next_max_excursion,0.23908759292826512,0.8115792939506572
POOLED,2020-05-22,QQQ,2020,next_max_excursion,0.14325136723777138,0.6079915459731127
POOLED,2020-05-22,SPY,2020,next_max_excursion,0.17155144669630276,0.8766398948452236
POOLED,2020-05-26,IWM,2020,next_max_excursion,0.012753596963036006,0.25153766724585624
POOLED,2020-05-26,QQQ,2020,next_max_excursion,0.21725317425306206,0.43111515044013604
POOLED,2020-05-26,SPY,2020,next_max_excursion,0.26194410416588915,0.2818916124904547
POOLED,2020-05-27,IWM,2020,next_max_excursion,0.0489547117446691,0.7387690435946861
POOLED,2020-05-27,QQQ,2020,next_max_excursion,0.1434770164512293,0.13586864118309938
POOLED,2020-05-27,SPY,2020,next_max_excursion,0.13373070680012342,-0.5245720249420094
POOLED,2020-05-28,IWM,2020,next_max_excursion,0.2284315138066486,-0.6375060139200537
POOLED,2020-05-28,QQQ,2020,next_max_excursion,0.20922418098372952,0.06032550820668536
POOLED,2020-05-28,SPY,2020,next_max_excursion,0.13329418733744816,-0.08778518919279943
POOLED,2020-05-29,IWM,2020,next_max_excursion,0.0244214646258019,-0.047343294034843275
POOLED,2020-05-29,QQQ,2020,next_max_excursion,0.08763129045976387,-0.4249324073587406
POOLED,2020-05-29,SPY,2020,next_max_excursion,0.13878023493690392,-0.3013775360430486
POOLED,2020-06-01,IWM,2020,next_max_excursion,0.16906951746420137,-0.5162184635983333
POOLED,2020-06-01,QQQ,2020,next_max_excursion,0.17046432868314307,0.10731116414790698
POOLED,2020-06-01,SPY,2020,next_max_excursion,0.15599162274787678,-0.530772250081748
POOLED,2020-06-02,IWM,2020,next_max_excursion,0.12802937136033682,0.03453823443252979
POOLED,2020-06-02,QQQ,2020,next_max_excursion,0.13208869446092217,-0.824452869087084
POOLED,2020-06-02,SPY,2020,next_max_excursion,0.14060521007437396,0.1087393985708669
POOLED,2020-06-03,IWM,2020,next_max_excursion,0.190540888205936,-0.3463030222999137
POOLED,2020-06-03,QQQ,2020,next_max_excursion,0.10337882515443847,0.19798730765516304
POOLED,2020-06-03,SPY,2020,next_max_excursion,0.11654618860066203,-0.2873080524089682
POOLED,2020-06-04,IWM,2020,next_max_excursion,0.2253884697595682,-0.4680619507140902
POOLED,2020-06-04,QQQ,2020,next_max_excursion,0.2325036572817946,0.34187354582781904
POOLED,2020-06-04,SPY,2020,next_max_excursion,0.2259948709883199,0.223267494662716
POOLED,2020-06-05,IWM,2020,next_max_excursion,0.2576712681925447,-0.9069573024170996
POOLED,2020-06-05,QQQ,2020,next_max_excursion,0.12514213241445324,-0.3551960263867828
POOLED,2020-06-05,SPY,2020,next_max_excursion,0.2275504097245723,-0.02670944406506326
POOLED,2020-06-08,IWM,2020,next_max_excursion,0.052157858274301576,-0.12663173346373036
POOLED,2020-06-08,QQQ,2020,next_max_excursion,0.07064432552913816,0.2265843017573852
POOLED,2020-06-08,SPY,2020,next_max_excursion,0.08256881595059083,-0.03235122537318791
POOLED,2020-06-09,IWM,2020,next_max_excursion,0.27915274336775986,0.49083012794661496
POOLED,2020-06-09,QQQ,2020,next_max_excursion,0.09182151807290186,-0.021363238528372186
POOLED,2020-06-09,SPY,2020,next_max_excursion,0.22379383943157838,-0.05900604481135918
POOLED,2020-06-10,IWM,2020,next_max_excursion,0.04775172764391423,0.6435216751640427
POOLED,2020-06-10,QQQ,2020,next_max_excursion,0.15661991444137166,1.1468939880505955
POOLED,2020-06-10,SPY,2020,next_max_excursion,0.18595007618367979,1.3092982478508586
POOLED,2020-06-11,IWM,2020,next_max_excursion,0.22340812277357805,0.517686993414507
POOLED,2020-06-11,QQQ,2020,next_max_excursion,0.20484816593553817,0.4666588671098868
POOLED,2020-06-11,SPY,2020,next_max_excursion,0.21284326472733026,0.5487722905911752
POOLED,2020-06-12,IWM,2020,next_max_excursion,0.04123397303358729,0.8042286234948941
POOLED,2020-06-12,QQQ,2020,next_max_excursion,0.15196633756596772,0.42858703448369706
POOLED,2020-06-12,SPY,2020,next_max_excursion,0.1191255338638483,0.6635244051108624
POOLED,2020-06-15,IWM,2020,next_max_excursion,0.028929000844496698,0.1888670345384833
POOLED,2020-06-15,QQQ,2020,next_max_excursion,0.0763538604676891,0.03568554480555797
POOLED,2020-06-15,SPY,2020,next_max_excursion,0.10486697666066666,0.30646277640318065
POOLED,2020-06-16,IWM,2020,next_max_excursion,0.24156608632111776,-0.11846550583956805
POOLED,2020-06-16,QQQ,2020,next_max_excursion,0.14678072065419923,-0.8458488896396883
POOLED,2020-06-16,SPY,2020,next_max_excursion,0.10243156192362071,-0.4257644904517397
POOLED,2020-06-17,IWM,2020,next_max_excursion,0.11191682305179801,-0.0008137087689803479
POOLED,2020-06-17,QQQ,2020,next_max_excursion,0.12324718148774295,-0.8457250159289238
POOLED,2020-06-17,SPY,2020,next_max_excursion,0.09158507044946558,-0.3821373727490318
POOLED,2020-06-18,IWM,2020,next_max_excursion,0.13539177707360966,0.5273428246747134
POOLED,2020-06-18,QQQ,2020,next_max_excursion,0.25172310365308875,0.6721842665958784
POOLED,2020-06-18,SPY,2020,next_max_excursion,0.16065237820904713,1.0315715915368449
POOLED,2020-06-19,IWM,2020,next_max_excursion,0.04697493956634199,-0.24258075193356632
POOLED,2020-06-19,QQQ,2020,next_max_excursion,0.14680058865778847,0.045944055369788295
POOLED,2020-06-19,SPY,2020,next_max_excursion,0.1696092821414789,-0.3476433779073185
POOLED,2020-06-22,IWM,2020,next_max_excursion,0.1646658091593291,-0.49731988513927217
POOLED,2020-06-22,QQQ,2020,next_max_excursion,0.10226462718876611,0.007618920920710259
POOLED,2020-06-22,SPY,2020,next_max_excursion,0.19534316586571662,-0.5913826311271064
POOLED,2020-06-24,IWM,2020,next_max_excursion,0.1045621532251076,-0.08043302510718853
POOLED,2020-06-24,QQQ,2020,next_max_excursion,0.1258636229235069,-0.3870243856376092
POOLED,2020-06-24,SPY,2020,next_max_excursion,0.1403839170399521,-0.07967560669027929
POOLED,2020-06-25,IWM,2020,next_max_excursion,0.2705132175099844,0.061972335932258815
POOLED,2020-06-25,QQQ,2020,next_max_excursion,0.23454939908931044,0.5685182229427657
POOLED,2020-06-25,SPY,2020,next_max_excursion,0.11475520163523589,0.5114980352449421
POOLED,2020-06-26,IWM,2020,next_max_excursion,0.12686080062366603,0.2512432557829629
POOLED,2020-06-26,QQQ,2020,next_max_excursion,0.13954468508953666,-0.2707417954252769
POOLED,2020-06-26,SPY,2020,next_max_excursion,0.22295419483051043,-0.28721698105253335
POOLED,2020-06-29,IWM,2020,next_max_excursion,0.09708393689297307,-0.08856797101126324
POOLED,2020-06-29,QQQ,2020,next_max_excursion,0.227355004612757,0.3775714024109531
POOLED,2020-06-29,SPY,2020,next_max_excursion,0.17002465241216516,0.4251498088115482
POOLED,2020-06-30,IWM,2020,next_max_excursion,0.064264140680204,-0.056848059895526326
POOLED,2020-06-30,QQQ,2020,next_max_excursion,0.12128243451181536,0.038234689315645554
POOLED,2020-06-30,SPY,2020,next_max_excursion,0.09346400760216103,-0.5995247885432331
POOLED,2020-07-01,IWM,2020,next_max_excursion,0.08675140382592593,0.025796255922024613
POOLED,2020-07-01,QQQ,2020,next_max_excursion,0.2059329530357133,-0.9567592567737098
POOLED,2020-07-01,SPY,2020,next_max_excursion,0.287509800493038,-0.08993809827236898
POOLED,2020-07-02,IWM,2020,next_max_excursion,0.1387722544961605,-0.10273595191838591
POOLED,2020-07-02,QQQ,2020,next_max_excursion,0.13442999532917416,0.2254084183217735
POOLED,2020-07-02,SPY,2020,next_max_excursion,0.09560493645509276,-0.9830131652876224
POOLED,2020-07-06,IWM,2020,next_max_excursion,0.12238515806903683,-0.28017427824285424
POOLED,2020-07-06,QQQ,2020,next_max_excursion,0.08347502011210835,-0.054324126484916135
POOLED,2020-07-06,SPY,2020,next_max_excursion,0.09433328497859088,-0.1187639469209465
POOLED,2020-07-07,IWM,2020,next_max_excursion,0.05974516874994148,-0.29820778562821815
POOLED,2020-07-07,QQQ,2020,next_max_excursion,0.11869915851387776,-0.542142261127724
POOLED,2020-07-07,SPY,2020,next_max_excursion,0.13951173066790473,-0.5461430475340814
POOLED,2020-07-08,IWM,2020,next_max_excursion,0.11833113066902064,0.6761071232377822
POOLED,2020-07-08,QQQ,2020,next_max_excursion,0.2155488229868158,0.35252937144883134
POOLED,2020-07-08,SPY,2020,next_max_excursion,0.1446279431195609,0.6990804376382842
POOLED,2020-07-09,IWM,2020,next_max_excursion,0.08046540711283053,-0.2298958381860592
POOLED,2020-07-09,QQQ,2020,next_max_excursion,0.15101459600386305,-0.3510250108390274
POOLED,2020-07-09,SPY,2020,next_max_excursion,0.14211903248962537,-0.09157535422998997
POOLED,2020-07-10,IWM,2020,next_max_excursion,0.14509682493649684,0.3985910064832914
POOLED,2020-07-10,QQQ,2020,next_max_excursion,0.12652672017711897,0.9979820441909926
POOLED,2020-07-10,SPY,2020,next_max_excursion,0.13063473780861976,0.5741611968441549
POOLED,2020-07-13,IWM,2020,next_max_excursion,0.22204333374578228,-0.12576197296762448
POOLED,2020-07-13,QQQ,2020,next_max_excursion,0.0933064849638559,-0.045635355849884096
POOLED,2020-07-13,SPY,2020,next_max_excursion,0.11444999381182559,0.44497469773859155
POOLED,2020-07-14,IWM,2020,next_max_excursion,0.09855041536262245,-0.027234829825972362
POOLED,2020-07-14,QQQ,2020,next_max_excursion,0.15424865535533241,0.004719589787590905
POOLED,2020-07-14,SPY,2020,next_max_excursion,0.20597537615139533,-0.24407230148178982
POOLED,2020-07-15,IWM,2020,next_max_excursion,0.038086632686926386,-0.6510282702218264
POOLED,2020-07-15,QQQ,2020,next_max_excursion,0.22167673984464317,-0.3985559476716949
POOLED,2020-07-15,SPY,2020,next_max_excursion,0.16800288303793273,-0.7289659904159302
POOLED,2020-07-16,IWM,2020,next_max_excursion,0.12059046873509528,-0.5615608193493031
POOLED,2020-07-16,QQQ,2020,next_max_excursion,0.297069323504359,-0.29588291567287683
POOLED,2020-07-16,SPY,2020,next_max_excursion,0.31213485460382495,-0.11617814564237694
POOLED,2020-07-17,IWM,2020,next_max_excursion,0.0960412902374435,-0.7878812281268033
POOLED,2020-07-17,QQQ,2020,next_max_excursion,0.0950123121026552,0.8746517669245986
POOLED,2020-07-17,SPY,2020,next_max_excursion,0.18021893064878491,0.26871109041232355
POOLED,2020-07-20,IWM,2020,next_max_excursion,0.09195095986675379,-0.12143843508467445
POOLED,2020-07-20,QQQ,2020,next_max_excursion,0.11143594565254786,0.1469906340494327
POOLED,2020-07-20,SPY,2020,next_max_excursion,0.2149759969672425,-0.2050233698635351
POOLED,2020-07-21,IWM,2020,next_max_excursion,0.0832351793419539,-0.2062655864453058
POOLED,2020-07-21,QQQ,2020,next_max_excursion,0.15114977983798758,-0.6123792387987832
POOLED,2020-07-21,SPY,2020,next_max_excursion,0.24475569730270919,0.004494137868540804
POOLED,2020-07-22,IWM,2020,next_max_excursion,0.07220712142807716,0.29717197762203007
POOLED,2020-07-22,QQQ,2020,next_max_excursion,0.17392282935982004,0.9429324365146909
POOLED,2020-07-22,SPY,2020,next_max_excursion,0.15048932321731942,0.7470312740958445
POOLED,2020-07-23,IWM,2020,next_max_excursion,0.13536161403179642,-0.2975432275402934
POOLED,2020-07-23,QQQ,2020,next_max_excursion,0.16939870942019275,-0.45234644160150594
POOLED,2020-07-23,SPY,2020,next_max_excursion,0.17756572099203322,-0.6709172718774106
POOLED,2020-07-24,IWM,2020,next_max_excursion,0.10016375004371782,-0.18814045605810392
POOLED,2020-07-24,QQQ,2020,next_max_excursion,0.1199991065284164,-0.20295164537459343
POOLED,2020-07-24,SPY,2020,next_max_excursion,0.19810117688361537,-0.44398633494798556
POOLED,2020-07-27,IWM,2020,next_max_excursion,0.08439678953748153,-0.6174735997340655
POOLED,2020-07-27,QQQ,2020,next_max_excursion,0.19167356260172164,-0.15055683341286574
POOLED,2020-07-27,SPY,2020,next_max_excursion,0.12361943040239619,-0.41525489220579015
POOLED,2020-07-28,IWM,2020,next_max_excursion,0.11217951942620984,0.3499597459164381
POOLED,2020-07-28,QQQ,2020,next_max_excursion,0.13031002705885278,-0.2859619916038776
POOLED,2020-07-28,SPY,2020,next_max_excursion,0.22606457423804693,0.37824428523122045
POOLED,2020-07-29,IWM,2020,next_max_excursion,0.1521023192651877,0.01964206879511199
POOLED,2020-07-29,QQQ,2020,next_max_excursion,0.1680779073285177,0.33943851443723183
POOLED,2020-07-29,SPY,2020,next_max_excursion,0.17395971085911316,-0.08113705625914758
POOLED,2020-07-30,IWM,2020,next_max_excursion,0.05290262860973012,0.5217279343295411
POOLED,2020-07-30,QQQ,2020,next_max_excursion,0.17735565619434115,0.340877327912557
POOLED,2020-07-30,SPY,2020,next_max_excursion,0.20337834356702203,0.39591381495216904
POOLED,2020-07-31,IWM,2020,next_max_excursion,0.0781159296601238,-0.3895261845470621
POOLED,2020-07-31,QQQ,2020,next_max_excursion,0.12277633783728972,-0.6316574361685596
POOLED,2020-07-31,SPY,2020,next_max_excursion,0.19983181021800117,-0.9614735772227618
POOLED,2020-08-03,IWM,2020,next_max_excursion,0.08982115636216484,-0.3182808444613183
POOLED,2020-08-03,QQQ,2020,next_max_excursion,0.15539144458626872,-0.453199727113085
POOLED,2020-08-03,SPY,2020,next_max_excursion,0.19355114844212823,0.007735797108361808
POOLED,2020-08-04,IWM,2020,next_max_excursion,0.03697950967896526,-0.11398293261927872
POOLED,2020-08-04,QQQ,2020,next_max_excursion,0.16542622637797497,-0.9699667579721822
POOLED,2020-08-04,SPY,2020,next_max_excursion,0.25715950828906126,-0.8436400698311655
POOLED,2020-08-05,IWM,2020,next_max_excursion,0.2057941452457701,-0.7528151265157552
POOLED,2020-08-05,QQQ,2020,next_max_excursion,0.22706441411316886,0.6182326220929459
POOLED,2020-08-05,SPY,2020,next_max_excursion,0.1343069388399002,0.49929386670989295
POOLED,2020-08-06,IWM,2020,next_max_excursion,0.29974380706871584,0.44870501954031994
POOLED,2020-08-06,QQQ,2020,next_max_excursion,0.1897117238121784,0.4035858135431427
POOLED,2020-08-06,SPY,2020,next_max_excursion,0.2441143196767083,-0.3382346253916353
POOLED,2020-08-07,IWM,2020,next_max_excursion,0.03881430647903191,0.011709117340149788
POOLED,2020-08-07,QQQ,2020,next_max_excursion,0.06284724078988331,0.3459387466150359
POOLED,2020-08-07,SPY,2020,next_max_excursion,0.26722540662330435,-0.02633817926647719
POOLED,2020-08-10,IWM,2020,next_max_excursion,0.02430677857723019,0.5307319643088468
POOLED,2020-08-10,QQQ,2020,next_max_excursion,0.1965066007575643,0.2633137939662644
POOLED,2020-08-10,SPY,2020,next_max_excursion,0.231175228255548,0.7809704321713937
POOLED,2020-08-11,IWM,2020,next_max_excursion,0.06341539960686847,-0.0651941323262113
POOLED,2020-08-11,QQQ,2020,next_max_excursion,0.1708275500229496,0.4105440149706774
POOLED,2020-08-11,SPY,2020,next_max_excursion,0.1659269611903777,-0.05333616493829485
POOLED,2020-08-12,IWM,2020,next_max_excursion,0.12496556791066409,-0.1866848584344316
POOLED,2020-08-12,QQQ,2020,next_max_excursion,0.1342770900395286,-0.5372913839479745
POOLED,2020-08-12,SPY,2020,next_max_excursion,0.24413658956739692,-0.3753287212763263
POOLED,2020-08-13,IWM,2020,next_max_excursion,0.08862767845055973,-0.17456888445589502
POOLED,2020-08-13,QQQ,2020,next_max_excursion,0.11799681939954625,-0.28425560529270566
POOLED,2020-08-13,SPY,2020,next_max_excursion,0.2539689057417983,-0.8622575505559933
POOLED,2020-08-14,IWM,2020,next_max_excursion,0.07494030483785062,-0.770081029542153
POOLED,2020-08-14,QQQ,2020,next_max_excursion,0.12137862016399051,-0.3655234748908578
POOLED,2020-08-14,SPY,2020,next_max_excursion,0.21891777356911138,-0.6511690068852491
POOLED,2020-08-17,IWM,2020,next_max_excursion,0.09473429948484494,0.4459647390128234
POOLED,2020-08-17,QQQ,2020,next_max_excursion,0.21160649990582056,-0.42556655258179266
POOLED,2020-08-17,SPY,2020,next_max_excursion,0.20481918958342488,-0.20148985512986428
POOLED,2020-08-18,IWM,2020,next_max_excursion,0.12376414844927495,-0.407374451473137
POOLED,2020-08-18,QQQ,2020,next_max_excursion,0.1320808458144213,-0.2338431424059575
POOLED,2020-08-18,SPY,2020,next_max_excursion,0.38386748072177457,0.061238103090673235
POOLED,2020-08-19,IWM,2020,next_max_excursion,0.1146222534088708,0.062651945984042
POOLED,2020-08-19,QQQ,2020,next_max_excursion,0.22762882326149173,0.5928309503197817
POOLED,2020-08-19,SPY,2020,next_max_excursion,0.17503874513627463,0.4622220632258367
POOLED,2020-08-20,IWM,2020,next_max_excursion,0.3621908184339799,-0.018435139282151347
POOLED,2020-08-20,QQQ,2020,next_max_excursion,0.18820193644193112,-0.46040682904895913
POOLED,2020-08-20,SPY,2020,next_max_excursion,0.25698693956710944,-0.24321131498092985
POOLED,2020-08-21,IWM,2020,next_max_excursion,0.22901590826680637,-0.09379757135383748
POOLED,2020-08-21,QQQ,2020,next_max_excursion,0.12009894327161581,0.4101857817457697
POOLED,2020-08-21,SPY,2020,next_max_excursion,0.27831911765280304,0.3375363288328188
POOLED,2020-08-24,IWM,2020,next_max_excursion,0.09558310818647388,0.18718792381234017
POOLED,2020-08-24,QQQ,2020,next_max_excursion,0.14171951806712774,-0.01440382750538749
POOLED,2020-08-24,SPY,2020,next_max_excursion,0.15120278016732427,-0.6805925906756878
POOLED,2020-08-25,IWM,2020,next_max_excursion,0.1171348752800824,-0.23898051183500524
POOLED,2020-08-25,QQQ,2020,next_max_excursion,0.1656264525941407,0.5609279357010291
POOLED,2020-08-25,SPY,2020,next_max_excursion,0.251444049096862,0.447397670764774
POOLED,2020-08-26,IWM,2020,next_max_excursion,0.2248878737220583,0.033882581884353336
POOLED,2020-08-26,QQQ,2020,next_max_excursion,0.09422818710348078,0.16891171920811665
POOLED,2020-08-26,SPY,2020,next_max_excursion,0.11875135645774294,-0.1730667866593345
POOLED,2020-08-27,IWM,2020,next_max_excursion,0.06451046910965344,-0.7258981009766226
POOLED,2020-08-27,QQQ,2020,next_max_excursion,0.20939847004320933,-0.8945192126204846
POOLED,2020-08-27,SPY,2020,next_max_excursion,0.2854890932733443,-0.6457677256175467
POOLED,2020-08-28,IWM,2020,next_max_excursion,0.051398111347809805,0.30941033832971687
POOLED,2020-08-28,QQQ,2020,next_max_excursion,0.08896725095640376,0.34506632503188417
POOLED,2020-08-28,SPY,2020,next_max_excursion,0.3046783680918245,-0.4565162153457303
POOLED,2020-08-31,IWM,2020,next_max_excursion,0.23142896949211558,0.29920356511367174
POOLED,2020-08-31,QQQ,2020,next_max_excursion,0.11615636770654746,-0.26640389540234644
POOLED,2020-08-31,SPY,2020,next_max_excursion,0.2523976913311317,0.22861619253628795
POOLED,2020-09-01,IWM,2020,next_max_excursion,0.05709635565981032,-0.043347013481708
POOLED,2020-09-01,QQQ,2020,next_max_excursion,0.12688973585794433,0.6942557905377869
POOLED,2020-09-01,SPY,2020,next_max_excursion,0.18881135581223188,0.546618437138263
POOLED,2020-09-02,IWM,2020,next_max_excursion,0.09857558015606578,1.0273973823749745
POOLED,2020-09-02,QQQ,2020,next_max_excursion,0.08539129339399093,1.2676169976065506
POOLED,2020-09-02,SPY,2020,next_max_excursion,0.1310792186622867,1.5481189740370738
POOLED,2020-09-03,IWM,2020,next_max_excursion,0.09436446604424288,0.9316460716432546
POOLED,2020-09-03,QQQ,2020,next_max_excursion,0.12789608008112696,0.8580089705554048
POOLED,2020-09-03,SPY,2020,next_max_excursion,0.22139343147850768,0.8158692742485338
POOLED,2020-09-04,IWM,2020,next_max_excursion,0.03549843144417844,-0.2913067643199323
POOLED,2020-09-04,QQQ,2020,next_max_excursion,0.06388239013064159,-0.1821105795035982
POOLED,2020-09-04,SPY,2020,next_max_excursion,0.15247750128499998,0.10930223151561513
POOLED,2020-09-08,IWM,2020,next_max_excursion,0.1801769858236417,-0.5255493580569315
POOLED,2020-09-08,QQQ,2020,next_max_excursion,0.19732388825767652,-0.2150809706216208
POOLED,2020-09-08,SPY,2020,next_max_excursion,0.07904311738265435,0.007901117925913859
POOLED,2020-09-09,IWM,2020,next_max_excursion,0.08886453859911563,0.3921909962074377
POOLED,2020-09-09,QQQ,2020,next_max_excursion,0.09009776459468767,0.7378684384554877
POOLED,2020-09-09,SPY,2020,next_max_excursion,0.15315865545650595,0.8316699565913899
POOLED,2020-09-10,IWM,2020,next_max_excursion,0.1872000824671205,0.35168154696825304
POOLED,2020-09-10,QQQ,2020,next_max_excursion,0.08831845855337225,0.19516017781133055
POOLED,2020-09-10,SPY,2020,next_max_excursion,0.1497122582624777,0.024753479612477314
POOLED,2020-09-11,IWM,2020,next_max_excursion,0.04265323711744187,0.2550701470846004
POOLED,2020-09-11,QQQ,2020,next_max_excursion,0.19083400279055696,-0.6186135768365881
POOLED,2020-09-11,SPY,2020,next_max_excursion,0.13087807465872217,-0.19309961554385602
POOLED,2020-09-14,IWM,2020,next_max_excursion,0.05153025259215602,-0.37953836104334027
POOLED,2020-09-14,QQQ,2020,next_max_excursion,0.13913449364145586,-0.060287502164151796
POOLED,2020-09-14,SPY,2020,next_max_excursion,0.22544864970178388,-0.46938011860029505
POOLED,2020-09-15,IWM,2020,next_max_excursion,0.09582967547916714,0.43032187034811287
POOLED,2020-09-15,QQQ,2020,next_max_excursion,0.17997063463380084,0.1449903085301254
POOLED,2020-09-15,SPY,2020,next_max_excursion,0.22143754579603503,-0.07147719087439519
POOLED,2020-09-16,IWM,2020,next_max_excursion,0.26851877925838546,-0.2282821042600034
POOLED,2020-09-16,QQQ,2020,next_max_excursion,0.13830882333041525,0.49571087435180017
POOLED,2020-09-16,SPY,2020,next_max_excursion,0.20110732917927443,0.20951857286181763
POOLED,2020-09-17,IWM,2020,next_max_excursion,0.12255824387569217,0.33400645755804304
POOLED,2020-09-17,QQQ,2020,next_max_excursion,0.2979680561252616,0.6536882952375516
POOLED,2020-09-17,SPY,2020,next_max_excursion,0.1684522611299412,0.8067118831286528
POOLED,2020-09-18,IWM,2020,next_max_excursion,0.07510676787002465,0.34943373734838445
POOLED,2020-09-18,QQQ,2020,next_max_excursion,0.08453632228354785,0.004112451205079637
POOLED,2020-09-18,SPY,2020,next_max_excursion,0.1923587326783074,-0.009611656586770323
POOLED,2020-09-21,IWM,2020,next_max_excursion,0.10223263024961012,-0.16615492746688432
POOLED,2020-09-21,QQQ,2020,next_max_excursion,0.08592935229925211,-0.30978957856988387
POOLED,2020-09-21,SPY,2020,next_max_excursion,0.07836500265489496,-0.28410465026087195
POOLED,2020-09-22,IWM,2020,next_max_excursion,0.07584536424560455,0.7157188011925051
POOLED,2020-09-22,QQQ,2020,next_max_excursion,0.09557942096969563,0.703000533278535
POOLED,2020-09-22,SPY,2020,next_max_excursion,0.19337430744170508,0.9343757648073203
POOLED,2020-09-23,IWM,2020,next_max_excursion,0.037852102298025894,-0.1412975926933644
POOLED,2020-09-23,QQQ,2020,next_max_excursion,0.15646636389534402,0.3743376816991466
POOLED,2020-09-23,SPY,2020,next_max_excursion,0.0905486510218843,0.22161313789331238
POOLED,2020-09-24,IWM,2020,next_max_excursion,0.05852171969167476,0.08482927768453141
POOLED,2020-09-24,QQQ,2020,next_max_excursion,0.1429167342037322,0.30674856498553194
POOLED,2020-09-24,SPY,2020,next_max_excursion,0.2568841510663477,0.5083409943653794
POOLED,2020-09-25,IWM,2020,next_max_excursion,0.19093991132429874,-0.18603173149165286
POOLED,2020-09-25,QQQ,2020,next_max_excursion,0.05431168668284882,-0.02183286553940178
POOLED,2020-09-25,SPY,2020,next_max_excursion,0.1915210461509461,-0.9638960454733487
POOLED,2020-09-28,IWM,2020,next_max_excursion,0.19850012036739342,-0.36980492069241055
POOLED,2020-09-28,QQQ,2020,next_max_excursion,0.13433292451637463,-1.288154789889428
POOLED,2020-09-28,SPY,2020,next_max_excursion,0.17405120963078655,-0.24660538757627837
POOLED,2020-09-29,IWM,2020,next_max_excursion,0.2724509138688117,-0.03272427498640784
POOLED,2020-09-29,QQQ,2020,next_max_excursion,0.16337763935222915,0.4798344422394303
POOLED,2020-09-29,SPY,2020,next_max_excursion,0.16686001344791007,0.5101886185715863
POOLED,2020-09-30,IWM,2020,next_max_excursion,0.1580468976271388,-0.6380804163596929
POOLED,2020-09-30,QQQ,2020,next_max_excursion,0.1693409501839198,-0.7394468378108714
POOLED,2020-09-30,SPY,2020,next_max_excursion,0.1361003696530792,-0.3553262670552577
POOLED,2020-10-01,IWM,2020,next_max_excursion,0.06355396467097463,0.6814587093417508
POOLED,2020-10-01,QQQ,2020,next_max_excursion,0.10891024473556458,0.6502445588325969
POOLED,2020-10-01,SPY,2020,next_max_excursion,0.12332591255818941,0.48732566139856814
POOLED,2020-10-02,IWM,2020,next_max_excursion,0.053694989928034585,0.03527222060982016
POOLED,2020-10-02,QQQ,2020,next_max_excursion,0.12346006646213482,-0.24697276307874638
POOLED,2020-10-02,SPY,2020,next_max_excursion,0.1549312664924808,0.007438800169882853
POOLED,2020-10-05,IWM,2020,next_max_excursion,0.07291648432653632,0.12941052100616268
POOLED,2020-10-05,QQQ,2020,next_max_excursion,0.19144499961618447,0.37517226736847187
POOLED,2020-10-05,SPY,2020,next_max_excursion,0.17709763814552978,0.5709854754625585
POOLED,2020-10-06,IWM,2020,next_max_excursion,0.09302814439157159,-0.35377145854557757
POOLED,2020-10-06,QQQ,2020,next_max_excursion,0.15161011232678984,-0.4632430539920609
POOLED,2020-10-06,SPY,2020,next_max_excursion,0.15160840510679366,-0.20402757821933282
POOLED,2020-10-07,IWM,2020,next_max_excursion,0.25262950799594114,-0.5472947542479867
POOLED,2020-10-07,QQQ,2020,next_max_excursion,0.2322524404420416,-0.47817614205638925
POOLED,2020-10-07,SPY,2020,next_max_excursion,0.20138971898379804,-1.1400354004416693
POOLED,2020-10-08,IWM,2020,next_max_excursion,0.08699297185507332,-0.23513018297109145
POOLED,2020-10-08,QQQ,2020,next_max_excursion,0.07295218048419524,-0.03871284809233355
POOLED,2020-10-08,SPY,2020,next_max_excursion,0.2170000222803171,-0.3524753163206604
POOLED,2020-10-09,IWM,2020,next_max_excursion,0.08213578416215314,-0.8465824604817893
POOLED,2020-10-09,QQQ,2020,next_max_excursion,0.1450209201838102,0.7873116616355955
POOLED,2020-10-09,SPY,2020,next_max_excursion,0.10411756788200875,0.4839289910752669
POOLED,2020-10-12,IWM,2020,next_max_excursion,0.10288249033322622,-0.5411171354022484
POOLED,2020-10-12,QQQ,2020,next_max_excursion,0.21434281787501322,-0.39710282035152034
POOLED,2020-10-12,SPY,2020,next_max_excursion,0.1313587156728877,-0.11878893147215841
POOLED,2020-10-13,IWM,2020,next_max_excursion,0.1504678054671567,0.08318285431779682
POOLED,2020-10-13,QQQ,2020,next_max_excursion,0.1426444559162398,0.41184879184994827
POOLED,2020-10-13,SPY,2020,next_max_excursion,0.29439976236551374,0.19920860968041687
POOLED,2020-10-14,IWM,2020,next_max_excursion,0.10176888928580831,0.5694078090189487
POOLED,2020-10-14,QQQ,2020,next_max_excursion,0.11756322492605094,-0.15866983265607804
POOLED,2020-10-14,SPY,2020,next_max_excursion,0.13705380684211255,0.23385265998626092
POOLED,2020-10-15,IWM,2020,next_max_excursion,0.1678934989227476,-1.0706182677194631
POOLED,2020-10-15,QQQ,2020,next_max_excursion,0.2926125141029643,0.021598459928835467
POOLED,2020-10-15,SPY,2020,next_max_excursion,0.2388998779049191,-0.6183409831833773
POOLED,2020-10-16,IWM,2020,next_max_excursion,0.10917965791692329,0.5802017269096904
POOLED,2020-10-16,QQQ,2020,next_max_excursion,0.06644290543935094,0.7098531201988219
POOLED,2020-10-16,SPY,2020,next_max_excursion,0.17800027089526707,0.9359498942552134
POOLED,2020-10-19,IWM,2020,next_max_excursion,0.20251898307973695,-0.6969883156567951
POOLED,2020-10-19,QQQ,2020,next_max_excursion,0.17396774288364905,-0.3702587506750703
POOLED,2020-10-19,SPY,2020,next_max_excursion,0.07853818510383868,-0.16405943773248577
POOLED,2020-10-20,IWM,2020,next_max_excursion,0.19820336696793137,-0.1706337758544576
POOLED,2020-10-20,QQQ,2020,next_max_excursion,0.17781576197854906,-0.36726410417827626
POOLED,2020-10-20,SPY,2020,next_max_excursion,0.24772745439837845,-0.413500519142187
POOLED,2020-10-21,IWM,2020,next_max_excursion,0.2285810687227668,0.1409822528392608
POOLED,2020-10-21,QQQ,2020,next_max_excursion,0.17953187718370048,0.2749170274417425
POOLED,2020-10-21,SPY,2020,next_max_excursion,0.1236594828621728,-0.22045886709717077
POOLED,2020-10-22,IWM,2020,next_max_excursion,0.11217293340109885,-0.16138800835828704
POOLED,2020-10-22,QQQ,2020,next_max_excursion,0.21387342046812524,-0.2127376074604843
POOLED,2020-10-22,SPY,2020,next_max_excursion,0.28031567829804643,-0.15207457227261667
POOLED,2020-10-23,IWM,2020,next_max_excursion,0.05455565043071628,0.3797271152668884
POOLED,2020-10-23,QQQ,2020,next_max_excursion,0.16646243290363746,0.5539917767800171
POOLED,2020-10-23,SPY,2020,next_max_excursion,0.18350835196680243,0.8501292241278371
POOLED,2020-10-26,IWM,2020,next_max_excursion,0.20090840979032823,-0.5080652300094997
POOLED,2020-10-26,QQQ,2020,next_max_excursion,0.22217965338330725,-0.8277264277649374
POOLED,2020-10-26,SPY,2020,next_max_excursion,0.16661663713942262,-0.8105737207348946
POOLED,2020-10-27,IWM,2020,next_max_excursion,0.09661062953070465,-0.12351713648459484
POOLED,2020-10-27,QQQ,2020,next_max_excursion,0.09493073156047405,0.8171048385538553
POOLED,2020-10-27,SPY,2020,next_max_excursion,0.14129462226710315,0.9812261022065387
POOLED,2020-10-28,IWM,2020,next_max_excursion,0.1406751079633964,0.3810595093020397
POOLED,2020-10-28,QQQ,2020,next_max_excursion,0.07669875676341406,0.3791670342969451
POOLED,2020-10-28,SPY,2020,next_max_excursion,0.052136538621807046,0.2147704245519173
POOLED,2020-10-29,IWM,2020,next_max_excursion,0.15814251037207516,0.11476912857373289
POOLED,2020-10-29,QQQ,2020,next_max_excursion,0.11200392801059045,0.49257907558122405
POOLED,2020-10-29,SPY,2020,next_max_excursion,0.19878497337477075,0.24359015509183468
POOLED,2020-10-30,IWM,2020,next_max_excursion,0.04214387853169717,-0.8458203675296554
POOLED,2020-10-30,QQQ,2020,next_max_excursion,0.10506619878524694,0.025980892861281468
POOLED,2020-10-30,SPY,2020,next_max_excursion,0.15199232933489157,-0.36180649026268163
POOLED,2020-11-02,IWM,2020,next_max_excursion,0.02688531204766397,0.29848858636531794
POOLED,2020-11-02,QQQ,2020,next_max_excursion,0.12406546946936114,0.08193341808690136
POOLED,2020-11-02,SPY,2020,next_max_excursion,0.09572883154229503,-0.08573196802274818
POOLED,2020-11-03,IWM,2020,next_max_excursion,0.22511256565695795,0.6338684488617066
POOLED,2020-11-03,QQQ,2020,next_max_excursion,0.1491963700370946,0.15380204993814584
POOLED,2020-11-03,SPY,2020,next_max_excursion,0.08313761804605861,0.4167412516529745
POOLED,2020-11-04,IWM,2020,next_max_excursion,0.1789318005497273,0.22631651590502866
POOLED,2020-11-04,QQQ,2020,next_max_excursion,0.0746298816957739,-0.9647254185917289
POOLED,2020-11-04,SPY,2020,next_max_excursion,0.2169641469297883,-0.45982991062245837
POOLED,2020-11-05,IWM,2020,next_max_excursion,0.2328327633694081,-0.0924630887203799
POOLED,2020-11-05,QQQ,2020,next_max_excursion,0.15457917199114585,0.06535126401573699
POOLED,2020-11-05,SPY,2020,next_max_excursion,0.2079406118466854,-0.33382635762483837
POOLED,2020-11-06,IWM,2020,next_max_excursion,0.10386092038585346,1.2630993660399215
POOLED,2020-11-06,QQQ,2020,next_max_excursion,0.14431545024715248,0.7788413796978366
POOLED,2020-11-06,SPY,2020,next_max_excursion,0.1917902732359164,1.0361018030226194
POOLED,2020-11-09,IWM,2020,next_max_excursion,0.2070698261291222,-0.6437908726999177
POOLED,2020-11-09,QQQ,2020,next_max_excursion,0.1571189486530692,-0.2088520635776705
POOLED,2020-11-09,SPY,2020,next_max_excursion,0.15904155983605497,-0.4905235448481511
POOLED,2020-11-10,IWM,2020,next_max_excursion,0.10180842568014899,-0.10827296588197566
POOLED,2020-11-10,QQQ,2020,next_max_excursion,0.054595094308791225,-0.09453580334709688
POOLED,2020-11-10,SPY,2020,next_max_excursion,0.18671918259388995,-1.0557479587767515
POOLED,2020-11-11,IWM,2020,next_max_excursion,0.10237286063639871,0.24569003454147165
POOLED,2020-11-11,QQQ,2020,next_max_excursion,0.1671755386796958,-0.29451676919791936
POOLED,2020-11-11,SPY,2020,next_max_excursion,0.19348279017308634,0.3902976036666166
POOLED,2020-11-12,IWM,2020,next_max_excursion,0.23714609397853623,-0.09546064958818601
POOLED,2020-11-12,QQQ,2020,next_max_excursion,0.16168604922025717,-0.536315169207704
POOLED,2020-11-12,SPY,2020,next_max_excursion,0.1264089217676442,-0.05194089395363655
POOLED,2020-11-13,IWM,2020,next_max_excursion,0.053296618051904276,-0.6844324959864716
POOLED,2020-11-13,QQQ,2020,next_max_excursion,0.14247068094458523,-0.23637136267900072
POOLED,2020-11-13,SPY,2020,next_max_excursion,0.07482777204649327,-0.6617584804054042
POOLED,2020-11-16,IWM,2020,next_max_excursion,0.08133392532495026,0.1458033374655976
POOLED,2020-11-16,QQQ,2020,next_max_excursion,0.10861095832294576,-0.6392757109827496
POOLED,2020-11-16,SPY,2020,next_max_excursion,0.14206938218172283,-0.4755634913928706
POOLED,2020-11-17,IWM,2020,next_max_excursion,0.08837659240404756,-0.010933806707648763
POOLED,2020-11-17,QQQ,2020,next_max_excursion,0.14397481416121005,-0.47451043697307327
POOLED,2020-11-17,SPY,2020,next_max_excursion,0.2766785480822984,0.32351118557492153
POOLED,2020-11-18,IWM,2020,next_max_excursion,0.03566134417632126,-0.3895690368658906
POOLED,2020-11-18,QQQ,2020,next_max_excursion,0.22033837309595947,0.01044688622844081
POOLED,2020-11-18,SPY,2020,next_max_excursion,0.22213693733293516,-0.38209252912630376
POOLED,2020-11-19,IWM,2020,next_max_excursion,0.15994499320958364,-0.624654459101083
POOLED,2020-11-19,QQQ,2020,next_max_excursion,0.20180359648728916,-0.48698423219841125
POOLED,2020-11-19,SPY,2020,next_max_excursion,0.16535698872263202,-0.4202867398452348
POOLED,2020-11-20,IWM,2020,next_max_excursion,0.09710762577612742,0.19820561613984644
POOLED,2020-11-20,QQQ,2020,next_max_excursion,0.2036593681870224,0.16208897263495192
POOLED,2020-11-20,SPY,2020,next_max_excursion,0.17608044562001346,-0.13255371641959712
POOLED,2020-11-23,IWM,2020,next_max_excursion,0.19452168432440467,-0.27980837563071237
POOLED,2020-11-23,QQQ,2020,next_max_excursion,0.22025770967408648,-0.054877397064427846
POOLED,2020-11-23,SPY,2020,next_max_excursion,0.12091098978484299,-0.002314876895815665
POOLED,2020-11-24,IWM,2020,next_max_excursion,0.14354281507622188,-0.5180492458198263
POOLED,2020-11-24,QQQ,2020,next_max_excursion,0.18841821003495682,-1.0612617720205497
POOLED,2020-11-24,SPY,2020,next_max_excursion,0.28277818645400293,-0.7846006512481036
POOLED,2020-11-25,IWM,2020,next_max_excursion,0.26497787298711206,-1.1843437909973042
POOLED,2020-11-25,QQQ,2020,next_max_excursion,0.19763800696053826,-0.4073246110398152
POOLED,2020-11-25,SPY,2020,next_max_excursion,0.2833738267349803,-0.6723774395840545
POOLED,2020-11-27,IWM,2020,next_max_excursion,0.14045224720641752,0.6866509767427718
POOLED,2020-11-27,QQQ,2020,next_max_excursion,0.15358664597672586,0.5184841598833874
POOLED,2020-11-27,SPY,2020,next_max_excursion,0.2715919686584892,0.39865113088837045
POOLED,2020-11-30,IWM,2020,next_max_excursion,0.017083483903528072,-0.11606528083048318
POOLED,2020-11-30,QQQ,2020,next_max_excursion,0.1782051983874006,-0.21318641710833575
POOLED,2020-11-30,SPY,2020,next_max_excursion,0.1506133604046122,-0.4485679781690912
POOLED,2020-12-01,IWM,2020,next_max_excursion,0.1870263213146628,-0.5625156564674549
POOLED,2020-12-01,QQQ,2020,next_max_excursion,0.08833368265820159,-0.5481927553192518
POOLED,2020-12-01,SPY,2020,next_max_excursion,0.1092982769408284,-0.3018879158284298
POOLED,2020-12-02,IWM,2020,next_max_excursion,0.2274716624170928,-0.27808147174115927
POOLED,2020-12-02,QQQ,2020,next_max_excursion,0.16504780912254954,-0.6335593418536343
POOLED,2020-12-02,SPY,2020,next_max_excursion,0.15049610756374915,-0.5537381756164423
POOLED,2020-12-03,IWM,2020,next_max_excursion,0.05010810121517663,0.41561636023313975
POOLED,2020-12-03,QQQ,2020,next_max_excursion,0.18624136338339023,-0.7166885992354448
POOLED,2020-12-03,SPY,2020,next_max_excursion,0.1899274388067271,-0.17212038866915158
POOLED,2020-12-04,IWM,2020,next_max_excursion,0.052562076684284094,-1.3555599914748893
POOLED,2020-12-04,QQQ,2020,next_max_excursion,0.17145923880560662,-0.18598255535084185
POOLED,2020-12-04,SPY,2020,next_max_excursion,0.19748528372750096,-0.6245522455929997
POOLED,2020-12-07,IWM,2020,next_max_excursion,0.0661008721628499,0.6822950011288693
POOLED,2020-12-07,QQQ,2020,next_max_excursion,0.08292486605355162,-0.22151093047724402
POOLED,2020-12-07,SPY,2020,next_max_excursion,0.21973786917519217,0.232250424831701
POOLED,2020-12-08,IWM,2020,next_max_excursion,0.23109952796409128,0.4856030170833021
POOLED,2020-12-08,QQQ,2020,next_max_excursion,0.09249216620224442,1.1379578706084414
POOLED,2020-12-08,SPY,2020,next_max_excursion,0.2523965040365636,0.7173658826631204
POOLED,2020-12-09,IWM,2020,next_max_excursion,0.2082789360208485,0.2963526825862979
POOLED,2020-12-09,QQQ,2020,next_max_excursion,0.24022804578519144,0.0922749921831274
POOLED,2020-12-09,SPY,2020,next_max_excursion,0.12145226525686484,-0.20173295532995184
POOLED,2020-12-10,IWM,2020,next_max_excursion,0.157606010558841,-0.4680247430084865
POOLED,2020-12-10,QQQ,2020,next_max_excursion,0.15958303042959382,-0.395266985109636
POOLED,2020-12-10,SPY,2020,next_max_excursion,0.23000857966623828,-0.36368295384133287
POOLED,2020-12-11,IWM,2020,next_max_excursion,0.230346135444471,-0.21362490974869974
POOLED,2020-12-11,QQQ,2020,next_max_excursion,0.09405466127797331,0.007272659499311551
POOLED,2020-12-11,SPY,2020,next_max_excursion,0.20188608507491965,0.4952225544710336
POOLED,2020-12-14,IWM,2020,next_max_excursion,0.22102525510087534,0.2900257367313239
POOLED,2020-12-14,QQQ,2020,next_max_excursion,0.1762922352082525,-0.21198741653506215
POOLED,2020-12-14,SPY,2020,next_max_excursion,0.2532802197196032,-0.30333548943820166
POOLED,2020-12-15,IWM,2020,next_max_excursion,0.1453524402741994,-0.22372668789891126
POOLED,2020-12-15,QQQ,2020,next_max_excursion,0.10084990295930871,-0.328076236352393
POOLED,2020-12-15,SPY,2020,next_max_excursion,0.325955256589264,-0.7060409099260614
POOLED,2020-12-16,IWM,2020,next_max_excursion,0.02834044706289506,-0.23237218409063587
POOLED,2020-12-16,QQQ,2020,next_max_excursion,0.22038448387436316,-0.7584483900297956
POOLED,2020-12-16,SPY,2020,next_max_excursion,0.19930938850518723,-0.9690719699453405
POOLED,2020-12-17,IWM,2020,next_max_excursion,0.07981233005586125,-0.1367785442999052
POOLED,2020-12-17,QQQ,2020,next_max_excursion,0.24608231549819803,0.6084857851273613
POOLED,2020-12-17,SPY,2020,next_max_excursion,0.2025590092591489,0.6916708481795659
POOLED,2020-12-18,IWM,2020,next_max_excursion,0.22201054106710083,0.5139250353411633
POOLED,2020-12-18,QQQ,2020,next_max_excursion,0.1306239893735021,0.001094530878388511
POOLED,2020-12-18,SPY,2020,next_max_excursion,0.28190217656047695,1.5641738428779952
POOLED,2020-12-21,IWM,2020,next_max_excursion,0.18332217678959645,-0.46441778205600315
POOLED,2020-12-21,QQQ,2020,next_max_excursion,0.19518262894722485,-0.15640941733559988
POOLED,2020-12-21,SPY,2020,next_max_excursion,0.1271836704287537,-0.9615371180635792
POOLED,2020-12-22,IWM,2020,next_max_excursion,0.09899122036716909,-0.6329232718056357
POOLED,2020-12-22,QQQ,2020,next_max_excursion,0.19220961931874253,-0.5730594099194564
POOLED,2020-12-22,SPY,2020,next_max_excursion,0.1956512033312419,-0.5488953141860478
POOLED,2020-12-23,IWM,2020,next_max_excursion,0.21021522093876646,0.03174262170600084
POOLED,2020-12-23,QQQ,2020,next_max_excursion,0.18775946728014178,-0.3560861233343129
POOLED,2020-12-23,SPY,2020,next_max_excursion,0.21598216877411552,-0.8981902837943707
POOLED,2020-12-24,IWM,2020,next_max_excursion,0.13834188871711126,0.5153507134270106
POOLED,2020-12-24,QQQ,2020,next_max_excursion,0.16977707453612526,-0.06236176876009836
POOLED,2020-12-24,SPY,2020,next_max_excursion,0.24071851195802846,-0.8581035851000696
POOLED,2020-12-28,IWM,2020,next_max_excursion,0.08962240456476399,0.8998802054848598
POOLED,2020-12-28,QQQ,2020,next_max_excursion,0.1554803574935652,-0.2688046667668953
POOLED,2020-12-28,SPY,2020,next_max_excursion,0.1427702922212355,0.37195740794750876
POOLED,2020-12-29,IWM,2020,next_max_excursion,0.23045707881786304,-0.2090156489632351
POOLED,2020-12-29,QQQ,2020,next_max_excursion,0.20262832315144125,-0.29790039414316016
POOLED,2020-12-29,SPY,2020,next_max_excursion,0.33179340572398547,-1.1708747395390038
POOLED,2020-12-30,IWM,2020,next_max_excursion,0.13962820767540235,-0.06440646402469508
POOLED,2020-12-30,QQQ,2020,next_max_excursion,0.2916472875013072,-0.48722654524637843
POOLED,2020-12-30,SPY,2020,next_max_excursion,0.1802288167618235,0.3711263703937453
POOLED,2020-12-31,IWM,2020,next_max_excursion,0.04507442664493545,1.1781340718315731
POOLED,2020-12-31,QQQ,2020,next_max_excursion,0.15294046238594775,1.4787166793759328
POOLED,2020-12-31,SPY,2020,next_max_excursion,0.17344499550917392,1.4522598779715485
POOLED,2021-01-04,IWM,2021,next_max_excursion,0.09222221589249047,0.36165033201655694
POOLED,2021-01-04,QQQ,2021,next_max_excursion,0.16146189831590146,-0.09092693568215537
POOLED,2021-01-04,SPY,2021,next_max_excursion,0.21972157706392964,0.061211278262535807
POOLED,2021-01-05,IWM,2021,next_max_excursion,0.05354573528665263,0.9804495458378382
POOLED,2021-01-05,QQQ,2021,next_max_excursion,0.09691984893705749,0.583293153333968
POOLED,2021-01-05,SPY,2021,next_max_excursion,0.2502352195920366,0.9433842609682621
POOLED,2021-01-06,IWM,2021,next_max_excursion,0.19754751161681447,-0.29875021459392226
POOLED,2021-01-06,QQQ,2021,next_max_excursion,0.1140316397392752,0.41102618796193013
POOLED,2021-01-06,SPY,2021,next_max_excursion,0.1911179551560171,-0.0008196833295111006
POOLED,2021-01-07,IWM,2021,next_max_excursion,0.14037273073412648,0.6682148593268757
POOLED,2021-01-07,QQQ,2021,next_max_excursion,0.14573386019004142,-0.46691206804345686
POOLED,2021-01-07,SPY,2021,next_max_excursion,0.29212028729593237,0.1901174723011252
POOLED,2021-01-08,IWM,2021,next_max_excursion,0.10576020895686813,-0.051751801278768106
POOLED,2021-01-08,QQQ,2021,next_max_excursion,0.22149079310585867,-0.36194162035678445
POOLED,2021-01-08,SPY,2021,next_max_excursion,0.28062135471750066,-0.14060361510057984
POOLED,2021-01-11,IWM,2021,next_max_excursion,0.10913301575698423,0.10956737208919254
POOLED,2021-01-11,QQQ,2021,next_max_excursion,0.16764191164257458,0.11502611230809734
POOLED,2021-01-11,SPY,2021,next_max_excursion,0.3051509979092389,-0.003756252156071227
POOLED,2021-01-12,IWM,2021,next_max_excursion,0.10857398526401413,-0.07832142098776185
POOLED,2021-01-12,QQQ,2021,next_max_excursion,0.19397601613363752,-0.24072543982525385
POOLED,2021-01-12,SPY,2021,next_max_excursion,0.358109623305488,-0.31582059901145776
POOLED,2021-01-13,IWM,2021,next_max_excursion,0.26396821825483835,0.5074746039764033
POOLED,2021-01-13,QQQ,2021,next_max_excursion,0.22259608791149424,-0.06391746070718352
POOLED,2021-01-13,SPY,2021,next_max_excursion,0.39250669659922943,-0.0328296824431904
POOLED,2021-01-14,IWM,2021,next_max_excursion,0.10414604704752775,0.15199198039403417
POOLED,2021-01-14,QQQ,2021,next_max_excursion,0.25156600869153223,0.2362195909457281
POOLED,2021-01-14,SPY,2021,next_max_excursion,0.41946693706663474,0.2366052318900982
POOLED,2021-01-15,IWM,2021,next_max_excursion,0.23601693927653428,-0.8608471631603596
POOLED,2021-01-15,QQQ,2021,next_max_excursion,0.1380363597939178,-0.12513761454854855
POOLED,2021-01-15,SPY,2021,next_max_excursion,0.1758273461689212,-0.5378899626581104
POOLED,2021-01-19,IWM,2021,next_max_excursion,0.09689774245031048,-0.34087572982471404
POOLED,2021-01-19,QQQ,2021,next_max_excursion,0.1443260321614714,0.4502543508574606
POOLED,2021-01-19,SPY,2021,next_max_excursion,0.3101103446342824,0.40310605364302887
POOLED,2021-01-20,IWM,2021,next_max_excursion,0.1634388371210935,0.0642355234871772
POOLED,2021-01-20,QQQ,2021,next_max_excursion,0.2295780884982222,-0.7949539093344375
POOLED,2021-01-20,SPY,2021,next_max_excursion,0.264553805904814,-0.8551541789892907
POOLED,2021-01-21,IWM,2021,next_max_excursion,0.10738803317013551,0.6516027144772338
POOLED,2021-01-21,QQQ,2021,next_max_excursion,0.21306545127235732,-0.9329421788405812
POOLED,2021-01-21,SPY,2021,next_max_excursion,0.378680147217896,-0.12936193851856892
POOLED,2021-01-22,IWM,2021,next_max_excursion,0.16256135044345857,0.010294375413018031
POOLED,2021-01-22,QQQ,2021,next_max_excursion,0.20553582540172213,1.1269638318125699
POOLED,2021-01-22,SPY,2021,next_max_excursion,0.1707951043915818,0.8290739426756986
POOLED,2021-01-25,IWM,2021,next_max_excursion,0.10193243185517856,-0.07168039555081229
POOLED,2021-01-25,QQQ,2021,next_max_excursion,0.0951844033064278,-1.056204494466793
POOLED,2021-01-25,SPY,2021,next_max_excursion,0.2594615332421781,-0.6192970150996064
POOLED,2021-01-26,IWM,2021,next_max_excursion,0.11996397133181219,0.2848118384461831
POOLED,2021-01-26,QQQ,2021,next_max_excursion,0.18413082923539761,1.2003027669963453
POOLED,2021-01-26,SPY,2021,next_max_excursion,0.2766701057642224,1.341607166225557
POOLED,2021-01-27,IWM,2021,next_max_excursion,0.18366448428259882,-0.12357610498440863
POOLED,2021-01-27,QQQ,2021,next_max_excursion,0.16921518746883005,0.22767697834565936
POOLED,2021-01-27,SPY,2021,next_max_excursion,0.12889109767393753,0.34170271474283265
POOLED,2021-01-28,IWM,2021,next_max_excursion,0.13758836519618164,0.5139533932864726
POOLED,2021-01-28,QQQ,2021,next_max_excursion,0.16861422032104878,0.49266349697920964
POOLED,2021-01-28,SPY,2021,next_max_excursion,0.1415058642887523,0.7171988422923339
POOLED,2021-01-29,IWM,2021,next_max_excursion,0.17045112289088035,0.06567303781638056
POOLED,2021-01-29,QQQ,2021,next_max_excursion,0.17005531590215447,0.18350240407784124
POOLED,2021-01-29,SPY,2021,next_max_excursion,0.12531706653694621,-0.15011388912823342
POOLED,2021-02-01,IWM,2021,next_max_excursion,0.15152469690557066,-0.41182375992477915
POOLED,2021-02-01,QQQ,2021,next_max_excursion,0.10290617056105535,-0.32978954861134646
POOLED,2021-02-01,SPY,2021,next_max_excursion,0.14230491855556782,-0.14781297925407877
POOLED,2021-02-02,IWM,2021,next_max_excursion,0.10780978909847595,-0.2526425706298996
POOLED,2021-02-02,QQQ,2021,next_max_excursion,0.08861470267039519,0.03495470401454259
POOLED,2021-02-02,SPY,2021,next_max_excursion,0.3009678337765496,-0.7439080883746607
POOLED,2021-02-03,IWM,2021,next_max_excursion,0.18104994184589965,0.3153839538406329
POOLED,2021-02-03,QQQ,2021,next_max_excursion,0.2623353875344003,-0.2972640015985357
POOLED,2021-02-03,SPY,2021,next_max_excursion,0.3074810563846775,0.09393444991247524
POOLED,2021-02-04,IWM,2021,next_max_excursion,0.09957461519046487,-0.2362540775419033
POOLED,2021-02-04,QQQ,2021,next_max_excursion,0.17066853441911722,-0.7153464376005569
POOLED,2021-02-04,SPY,2021,next_max_excursion,0.28422559640861084,-0.43091282345152226
POOLED,2021-02-05,IWM,2021,next_max_excursion,0.03454958572725214,0.341489562668845
POOLED,2021-02-05,QQQ,2021,next_max_excursion,0.14293605951518124,-0.6341566122312692
POOLED,2021-02-05,SPY,2021,next_max_excursion,0.13406639602027962,-0.6453857419038442
POOLED,2021-02-08,IWM,2021,next_max_excursion,0.08942252744267908,-0.08942232885750823
POOLED,2021-02-08,QQQ,2021,next_max_excursion,0.15629737516428233,-0.21426578038534583
POOLED,2021-02-08,SPY,2021,next_max_excursion,0.22855372008969255,-0.5901260738726366
POOLED,2021-02-09,IWM,2021,next_max_excursion,0.09167270262655201,0.6516039911402198
POOLED,2021-02-09,QQQ,2021,next_max_excursion,0.17791262212638204,0.7902447883263486
POOLED,2021-02-09,SPY,2021,next_max_excursion,0.26930831927648763,0.7752874935825167
POOLED,2021-02-10,IWM,2021,next_max_excursion,0.19278689609396138,0.38967040523755037
POOLED,2021-02-10,QQQ,2021,next_max_excursion,0.12237410909319386,-0.52268104119121
POOLED,2021-02-10,SPY,2021,next_max_excursion,0.20325023489644092,0.031339532133998205
POOLED,2021-02-11,IWM,2021,next_max_excursion,0.16061052622423433,-0.6312884436536095
POOLED,2021-02-11,QQQ,2021,next_max_excursion,0.24888697685044495,0.032036853224265194
POOLED,2021-02-11,SPY,2021,next_max_excursion,0.2944330897764139,0.11568646882810185
POOLED,2021-02-12,IWM,2021,next_max_excursion,0.10728065726710487,0.604436902333954
POOLED,2021-02-12,QQQ,2021,next_max_excursion,0.16458384326059503,-0.025864379122578995
POOLED,2021-02-12,SPY,2021,next_max_excursion,0.12186204173203656,-0.0071647760080377765
POOLED,2021-02-16,IWM,2021,next_max_excursion,0.217226158188366,-0.03579621467052707
POOLED,2021-02-16,QQQ,2021,next_max_excursion,0.1892505311462869,0.07057552278627366
POOLED,2021-02-16,SPY,2021,next_max_excursion,0.15023429704266777,-0.007157284668780406
POOLED,2021-02-17,IWM,2021,next_max_excursion,0.2170034677125425,0.11767006952145831
POOLED,2021-02-17,QQQ,2021,next_max_excursion,0.18673296345165882,0.020509916326935773
POOLED,2021-02-17,SPY,2021,next_max_excursion,0.14620037271619668,-0.23725049471610404
POOLED,2021-02-18,IWM,2021,next_max_excursion,0.22271038064692172,0.4010588556017467
POOLED,2021-02-18,QQQ,2021,next_max_excursion,0.16830874457137832,0.10632575755468565
POOLED,2021-02-18,SPY,2021,next_max_excursion,0.3176821859836029,-0.06615817652496059
POOLED,2021-02-19,IWM,2021,next_max_excursion,0.12094537802814566,-0.01663400450728325
POOLED,2021-02-19,QQQ,2021,next_max_excursion,0.18545440443632324,0.3955359461497121
POOLED,2021-02-19,SPY,2021,next_max_excursion,0.2050697127265804,0.0926974783922061
POOLED,2021-02-22,IWM,2021,next_max_excursion,0.06942810031145331,0.6591293663765105
POOLED,2021-02-22,QQQ,2021,next_max_excursion,0.06603095929565737,0.5425292543170421
POOLED,2021-02-22,SPY,2021,next_max_excursion,0.092497878091727,0.5118774337892518
POOLED,2021-02-23,IWM,2021,next_max_excursion,0.13689152741687022,0.17048162450695958
POOLED,2021-02-23,QQQ,2021,next_max_excursion,0.18679300132062887,0.051580205682829394
POOLED,2021-02-23,SPY,2021,next_max_excursion,0.17443854060888164,0.41089003496929877
POOLED,2021-02-24,IWM,2021,next_max_excursion,0.1402993047784303,0.9500935879612045
POOLED,2021-02-24,QQQ,2021,next_max_excursion,0.15364836680693558,0.8270742533331137
POOLED,2021-02-24,SPY,2021,next_max_excursion,0.24061840968597045,0.9816908757107328
POOLED,2021-02-25,IWM,2021,next_max_excursion,0.0979782234779544,0.07315380763804846
POOLED,2021-02-25,QQQ,2021,next_max_excursion,0.07182139019876893,-0.10915820851014857
POOLED,2021-02-25,SPY,2021,next_max_excursion,0.10256166607291205,0.2799322532497728
POOLED,2021-02-26,IWM,2021,next_max_excursion,0.08033346634478346,-0.2926022637644534
POOLED,2021-02-26,QQQ,2021,next_max_excursion,0.17822027005058907,-0.051807148108197865
POOLED,2021-02-26,SPY,2021,next_max_excursion,0.16712547414267384,0.2934441620568773
POOLED,2021-03-01,IWM,2021,next_max_excursion,0.14573415520548147,0.31322987767115107
POOLED,2021-03-01,QQQ,2021,next_max_excursion,0.171006248684497,0.3851858117339271
POOLED,2021-03-01,SPY,2021,next_max_excursion,0.20737934291843432,-0.23815238691647966
POOLED,2021-03-02,IWM,2021,next_max_excursion,0.07674113440536202,-0.006429071461255376
POOLED,2021-03-02,QQQ,2021,next_max_excursion,0.0749854279390038,0.7135163066198689
POOLED,2021-03-02,SPY,2021,next_max_excursion,0.1981343738364419,0.37925010642608825
POOLED,2021-03-03,IWM,2021,next_max_excursion,0.15957538400872148,1.0068734872410037
POOLED,2021-03-03,QQQ,2021,next_max_excursion,0.18352520139332373,0.6216222327122032
POOLED,2021-03-03,SPY,2021,next_max_excursion,0.17728100130819485,1.0164755625302506
POOLED,2021-03-04,IWM,2021,next_max_excursion,0.1253140193882764,0.679559871809317
POOLED,2021-03-04,QQQ,2021,next_max_excursion,0.1465814434493957,0.5311159470047304
POOLED,2021-03-04,SPY,2021,next_max_excursion,0.16496940851237363,0.44216231534067063
POOLED,2021-03-05,IWM,2021,next_max_excursion,0.08983076944390328,-0.6495571398126305
POOLED,2021-03-05,QQQ,2021,next_max_excursion,0.18233746721949817,0.3738396008124445
POOLED,2021-03-05,SPY,2021,next_max_excursion,0.1972595945788009,-0.5159138786259909
POOLED,2021-03-08,IWM,2021,next_max_excursion,0.042192990783723267,-0.3263182085083365
POOLED,2021-03-08,QQQ,2021,next_max_excursion,0.1638469751065374,0.16534615786399476
POOLED,2021-03-08,SPY,2021,next_max_excursion,0.17533455351931085,0.05182960975917883
POOLED,2021-03-09,IWM,2021,next_max_excursion,0.06267931876910947,-0.002597202330735904
POOLED,2021-03-09,QQQ,2021,next_max_excursion,0.057598537182679245,0.2312007533446394
POOLED,2021-03-09,SPY,2021,next_max_excursion,0.12373523666988785,-0.7283876320525744
POOLED,2021-03-10,IWM,2021,next_max_excursion,0.0984193436261144,-0.17530637076875877
POOLED,2021-03-10,QQQ,2021,next_max_excursion,0.17871257449835826,-0.10531848433697721
POOLED,2021-03-10,SPY,2021,next_max_excursion,0.2434005127530451,0.03360431784327833
POOLED,2021-03-11,IWM,2021,next_max_excursion,0.06800131233059342,-0.27765524500568706
POOLED,2021-03-11,QQQ,2021,next_max_excursion,0.09036968739948766,0.0385173325476984
POOLED,2021-03-11,SPY,2021,next_max_excursion,0.23648776235122781,-0.41237374589980114
POOLED,2021-03-12,IWM,2021,next_max_excursion,0.034919263892359394,-0.6138276409206425
POOLED,2021-03-12,QQQ,2021,next_max_excursion,0.22236008342504973,-0.4377105873383309
POOLED,2021-03-12,SPY,2021,next_max_excursion,0.20005441116629794,-0.18076058539463347
POOLED,2021-03-15,IWM,2021,next_max_excursion,0.1605702715194513,0.6430883881379099
POOLED,2021-03-15,QQQ,2021,next_max_excursion,0.15116813232311768,-0.2784256952937252
POOLED,2021-03-15,SPY,2021,next_max_excursion,0.26961834868519424,-0.4937316009294177
POOLED,2021-03-16,IWM,2021,next_max_excursion,0.2683241092750988,0.09870961443375226
POOLED,2021-03-16,QQQ,2021,next_max_excursion,0.17104284026319624,0.41775515861150136
POOLED,2021-03-16,SPY,2021,next_max_excursion,0.2946516670961803,0.30771349232126877
POOLED,2021-03-17,IWM,2021,next_max_excursion,0.0680409184073494,0.5520968078918869
POOLED,2021-03-17,QQQ,2021,next_max_excursion,0.10449341759131615,0.10064716373674631
POOLED,2021-03-17,SPY,2021,next_max_excursion,0.23249263340205142,0.1471240840818977
POOLED,2021-03-18,IWM,2021,next_max_excursion,0.20584573968817219,-0.08493385753606475
POOLED,2021-03-18,QQQ,2021,next_max_excursion,0.13654081846891314,-0.4343568552659187
POOLED,2021-03-18,SPY,2021,next_max_excursion,0.2000187522141967,-0.29373402398198767
POOLED,2021-03-19,IWM,2021,next_max_excursion,0.1335587548529584,-0.04378081783125953
POOLED,2021-03-19,QQQ,2021,next_max_excursion,0.09244507429775409,0.26238856566038127
POOLED,2021-03-19,SPY,2021,next_max_excursion,0.18654507726488928,0.14818918362985745
POOLED,2021-03-22,IWM,2021,next_max_excursion,0.128689683150698,0.8578530247150304
POOLED,2021-03-22,QQQ,2021,next_max_excursion,0.16083833327443833,-0.24991316865314772
POOLED,2021-03-22,SPY,2021,next_max_excursion,0.1800642724600368,0.02191934251750105
POOLED,2021-03-23,IWM,2021,next_max_excursion,0.13104147417608406,0.6365871392594409
POOLED,2021-03-23,QQQ,2021,next_max_excursion,0.1092193036526298,0.5656805261112625
POOLED,2021-03-23,SPY,2021,next_max_excursion,0.2256605604367431,0.03212977538875261
POOLED,2021-03-24,IWM,2021,next_max_excursion,0.10490331814188222,0.6130614931249303
POOLED,2021-03-24,QQQ,2021,next_max_excursion,0.09671551488321743,-0.44250654031398273
POOLED,2021-03-24,SPY,2021,next_max_excursion,0.1735079544630171,0.2761041386061853
POOLED,2021-03-25,IWM,2021,next_max_excursion,0.09321707729820165,-0.47883003965685944
POOLED,2021-03-25,QQQ,2021,next_max_excursion,0.24140098205008798,0.22275583339592675
POOLED,2021-03-25,SPY,2021,next_max_excursion,0.2817093120682465,0.36378096650292857
POOLED,2021-03-26,IWM,2021,next_max_excursion,0.18602023837049964,0.33705983795374994
POOLED,2021-03-26,QQQ,2021,next_max_excursion,0.15964630379177092,-0.39704272112239547
POOLED,2021-03-26,SPY,2021,next_max_excursion,0.2287516625516937,-0.46315168816936136
POOLED,2021-03-29,IWM,2021,next_max_excursion,0.1726920234221641,0.05514635898037934
POOLED,2021-03-29,QQQ,2021,next_max_excursion,0.15753316642205725,-0.48909574284623414
POOLED,2021-03-29,SPY,2021,next_max_excursion,0.25707547209119763,-0.7937327232930809
POOLED,2021-03-30,IWM,2021,next_max_excursion,0.13322424951666448,-0.14907611820538946
POOLED,2021-03-30,QQQ,2021,next_max_excursion,0.18452137282454378,0.2952273541633046
POOLED,2021-03-30,SPY,2021,next_max_excursion,0.34528660423633717,0.0001678283187720453
POOLED,2021-03-31,IWM,2021,next_max_excursion,0.2961977326699158,-0.6833919834839195
POOLED,2021-03-31,QQQ,2021,next_max_excursion,0.2043314264913864,-0.8435941998233218
POOLED,2021-03-31,SPY,2021,next_max_excursion,0.23870604643071683,-0.14300450841446732
POOLED,2021-04-01,IWM,2021,next_max_excursion,0.06378927567421995,0.2078515211136338
POOLED,2021-04-01,QQQ,2021,next_max_excursion,0.12348348932640142,0.5867441197043046
POOLED,2021-04-01,SPY,2021,next_max_excursion,0.2320788802656219,0.34978591435276307
POOLED,2021-04-05,IWM,2021,next_max_excursion,0.14021835665304508,-0.47428118789377294
POOLED,2021-04-05,QQQ,2021,next_max_excursion,0.24713613782852514,-0.6001672178003545
POOLED,2021-04-05,SPY,2021,next_max_excursion,0.21912391789683786,-0.6159934654224157
POOLED,2021-04-06,IWM,2021,next_max_excursion,0.13055870476906642,0.5370094299338004
POOLED,2021-04-06,QQQ,2021,next_max_excursion,0.23915045902142096,-0.4328648862943627
POOLED,2021-04-06,SPY,2021,next_max_excursion,0.3132075262794185,-0.8052289801241397
POOLED,2021-04-07,IWM,2021,next_max_excursion,0.2565628948381848,-0.19604817018208998
POOLED,2021-04-07,QQQ,2021,next_max_excursion,0.31392812452852586,-1.3038781334314589
POOLED,2021-04-07,SPY,2021,next_max_excursion,0.3050194296095026,-0.7134354482176359
POOLED,2021-04-08,IWM,2021,next_max_excursion,0.1513163363434037,-0.8010325089281194
POOLED,2021-04-08,QQQ,2021,next_max_excursion,0.19627489099929793,0.43626744070914203
POOLED,2021-04-08,SPY,2021,next_max_excursion,0.41679644112550673,0.4543709843183663
POOLED,2021-04-09,IWM,2021,next_max_excursion,0.12775384554319835,0.05453189055980623
POOLED,2021-04-09,QQQ,2021,next_max_excursion,0.10274753519672133,-0.9182018936120091
POOLED,2021-04-09,SPY,2021,next_max_excursion,0.3268439244251255,-0.851081212769575
POOLED,2021-04-12,IWM,2021,next_max_excursion,0.130142576843659,0.14716740876938772
POOLED,2021-04-12,QQQ,2021,next_max_excursion,0.21471227441776725,0.10743144512983793
POOLED,2021-04-12,SPY,2021,next_max_excursion,0.3157854549996057,0.016133044704941923
POOLED,2021-04-13,IWM,2021,next_max_excursion,0.14147426413988962,0.3548184452990637
POOLED,2021-04-13,QQQ,2021,next_max_excursion,0.2817316653351662,0.6497066714378787
POOLED,2021-04-13,SPY,2021,next_max_excursion,0.2678198533915287,-0.07920960751506101
POOLED,2021-04-14,IWM,2021,next_max_excursion,0.14925518611365962,-0.011035859604849207
POOLED,2021-04-14,QQQ,2021,next_max_excursion,0.29211650140687684,-0.08948581818853185
POOLED,2021-04-14,SPY,2021,next_max_excursion,0.34341383103634376,-0.001211730066743577
POOLED,2021-04-15,IWM,2021,next_max_excursion,0.14787462623074216,-0.009785633869771715
POOLED,2021-04-15,QQQ,2021,next_max_excursion,0.3887803595039171,-0.6197897883508059
POOLED,2021-04-15,SPY,2021,next_max_excursion,0.38436944141881735,-0.4051931760998393
POOLED,2021-04-16,IWM,2021,next_max_excursion,0.08365489735901542,0.5032135382177927
POOLED,2021-04-16,QQQ,2021,next_max_excursion,0.13035495318718773,0.28266942664721917
POOLED,2021-04-16,SPY,2021,next_max_excursion,0.2197721442917511,-0.027116928887290115
POOLED,2021-04-19,IWM,2021,next_max_excursion,0.10538107505600988,0.6388737593642073
POOLED,2021-04-19,QQQ,2021,next_max_excursion,0.19698626883891618,0.11780096766953285
POOLED,2021-04-19,SPY,2021,next_max_excursion,0.3214303273698909,0.31073066834928653
POOLED,2021-04-20,IWM,2021,next_max_excursion,0.10796545419031017,0.4727036393518995
POOLED,2021-04-20,QQQ,2021,next_max_excursion,0.2366540518539465,0.23442534242835134
POOLED,2021-04-20,SPY,2021,next_max_excursion,0.22050920087232634,0.49823321800786413
POOLED,2021-04-21,IWM,2021,next_max_excursion,0.11585731168048434,-0.42296729553827195
POOLED,2021-04-21,QQQ,2021,next_max_excursion,0.20994758099945932,0.3398948619952957
POOLED,2021-04-21,SPY,2021,next_max_excursion,0.3432682627780326,0.4786529863100544
POOLED,2021-04-22,IWM,2021,next_max_excursion,0.13202753732058428,0.21759111011212795
POOLED,2021-04-22,QQQ,2021,next_max_excursion,0.1715428482647222,0.336097472199933
POOLED,2021-04-22,SPY,2021,next_max_excursion,0.22613304062237144,0.5329140668366641
POOLED,2021-04-23,IWM,2021,next_max_excursion,0.11573844209938898,-0.6006337068671881
POOLED,2021-04-23,QQQ,2021,next_max_excursion,0.17991182206660888,-0.40164593144467897
POOLED,2021-04-23,SPY,2021,next_max_excursion,0.2736076681008154,-1.4072079961828097
POOLED,2021-04-26,IWM,2021,next_max_excursion,0.08439964063300372,-0.5785565207502446
POOLED,2021-04-26,QQQ,2021,next_max_excursion,0.1820066224550963,0.017768921848221986
POOLED,2021-04-26,SPY,2021,next_max_excursion,0.17342088461267,-0.2419593200715111
POOLED,2021-04-27,IWM,2021,next_max_excursion,0.0764332484824356,-0.3976392804599769
POOLED,2021-04-27,QQQ,2021,next_max_excursion,0.18204571488811405,-0.6049949739392941
POOLED,2021-04-27,SPY,2021,next_max_excursion,0.24094413078798108,-0.5742485255946104
POOLED,2021-04-28,IWM,2021,next_max_excursion,0.08346164729961518,0.8519412444637808
POOLED,2021-04-28,QQQ,2021,next_max_excursion,0.22880713501980948,0.7494970511221348
POOLED,2021-04-28,SPY,2021,next_max_excursion,0.2086773269931633,0.5728370262968383
POOLED,2021-04-29,IWM,2021,next_max_excursion,0.15825200367809653,-0.33980358109358466
POOLED,2021-04-29,QQQ,2021,next_max_excursion,0.2663856488711862,-0.3159709372755275
POOLED,2021-04-29,SPY,2021,next_max_excursion,0.38071768770613307,-0.7865126914575917
POOLED,2021-04-30,IWM,2021,next_max_excursion,0.12885139335320525,-0.11534002903443419
POOLED,2021-04-30,QQQ,2021,next_max_excursion,0.09883829177905273,0.2351919403465237
POOLED,2021-04-30,SPY,2021,next_max_excursion,0.20718456175730096,-0.20928936852126157
POOLED,2021-05-03,QQQ,2021,next_max_excursion,0.18693995226368482,1.0068936173175898
POOLED,2021-05-03,SPY,2021,next_max_excursion,0.2600295866430738,0.7958875513417505
POOLED,2021-05-04,IWM,2021,next_max_excursion,0.14434814513864633,-0.0045745370157446175
POOLED,2021-05-04,QQQ,2021,next_max_excursion,0.279557561977084,0.04914595611100214
POOLED,2021-05-04,SPY,2021,next_max_excursion,0.22547717828497268,-0.2931762611252049
POOLED,2021-05-05,IWM,2021,next_max_excursion,0.23097746037048827,0.5764928682295754
POOLED,2021-05-05,QQQ,2021,next_max_excursion,0.30410983982863293,-0.06747369481238952
POOLED,2021-05-05,SPY,2021,next_max_excursion,0.21309249875099548,0.44192678373400973
POOLED,2021-05-06,IWM,2021,next_max_excursion,0.25039974519626396,0.10505879086223846
POOLED,2021-05-06,QQQ,2021,next_max_excursion,0.35085770807810496,-0.20705564677832555
POOLED,2021-05-06,SPY,2021,next_max_excursion,0.41600271873313377,-0.040445633596606356
POOLED,2021-05-07,IWM,2021,next_max_excursion,0.10485106804689166,0.8236724897385268
POOLED,2021-05-07,QQQ,2021,next_max_excursion,0.1401140230705632,0.7278248416760253
POOLED,2021-05-07,SPY,2021,next_max_excursion,0.22712774335854766,0.6094296718155867
POOLED,2021-05-10,IWM,2021,next_max_excursion,0.14436750209617752,0.5652354262270873
POOLED,2021-05-10,QQQ,2021,next_max_excursion,0.12588772858744104,0.5059675409038524
POOLED,2021-05-10,SPY,2021,next_max_excursion,0.2542692592213516,0.057129277455023164
POOLED,2021-05-11,IWM,2021,next_max_excursion,0.19053966602870048,0.5765099374203753
POOLED,2021-05-11,QQQ,2021,next_max_excursion,0.14543069979794535,0.0964158128047945
POOLED,2021-05-11,SPY,2021,next_max_excursion,0.1786697243947018,0.8339390626188177
POOLED,2021-05-12,IWM,2021,next_max_excursion,0.0652198297140405,0.15284409447846237
POOLED,2021-05-12,QQQ,2021,next_max_excursion,0.07664836668277611,-0.2648925852076003
POOLED,2021-05-12,SPY,2021,next_max_excursion,0.1534138560989816,0.2802032415726101
POOLED,2021-05-13,IWM,2021,next_max_excursion,0.15272352253431423,0.02541528839647711
POOLED,2021-05-13,QQQ,2021,next_max_excursion,0.18964765036595724,0.19563045680357138
POOLED,2021-05-13,SPY,2021,next_max_excursion,0.21555310927931914,0.25072056045268365
POOLED,2021-05-14,IWM,2021,next_max_excursion,0.2257201205170044,-0.6002501962789824
POOLED,2021-05-14,QQQ,2021,next_max_excursion,0.18250422028774704,-0.1454064527722183
POOLED,2021-05-14,SPY,2021,next_max_excursion,0.18557319027302427,-0.4265586776561401
POOLED,2021-05-17,QQQ,2021,next_max_excursion,0.18425676506463942,-0.11570473268573345
POOLED,2021-05-17,SPY,2021,next_max_excursion,0.20108137702455617,0.30370180682419345
POOLED,2021-05-18,IWM,2021,next_max_excursion,0.16680129567787844,-0.26223803348467634
POOLED,2021-05-18,QQQ,2021,next_max_excursion,0.09169160430548667,0.6054069301749538
POOLED,2021-05-18,SPY,2021,next_max_excursion,0.2278402209841866,0.31008435348652696
POOLED,2021-05-19,IWM,2021,next_max_excursion,0.14099491099313421,-0.36671994867512314
POOLED,2021-05-19,QQQ,2021,next_max_excursion,0.13336425230775248,0.35400239184982585
POOLED,2021-05-19,SPY,2021,next_max_excursion,0.1885887902414697,0.3449024606890534
POOLED,2021-05-20,IWM,2021,next_max_excursion,0.21698199082010963,-0.2993259398699344
POOLED,2021-05-20,QQQ,2021,next_max_excursion,0.4475647656305546,-0.0004688782611816933
POOLED,2021-05-20,SPY,2021,next_max_excursion,0.2875540570920464,-0.28632644628674253
POOLED,2021-05-21,IWM,2021,next_max_excursion,0.20621037404973996,-0.6029092907441091
POOLED,2021-05-21,QQQ,2021,next_max_excursion,0.08955734582849155,0.2881954512795524
POOLED,2021-05-21,SPY,2021,next_max_excursion,0.28318170355202,0.059257403749975346
POOLED,2021-05-24,IWM,2021,next_max_excursion,0.09478800672514244,0.3020103619973389
POOLED,2021-05-24,QQQ,2021,next_max_excursion,0.1259221268705116,-0.583128771054759
POOLED,2021-05-24,SPY,2021,next_max_excursion,0.20985217326370054,-0.008362725014181116
POOLED,2021-05-25,IWM,2021,next_max_excursion,0.15997873705433122,0.2547284927369384
POOLED,2021-05-25,QQQ,2021,next_max_excursion,0.1397236386713493,-1.1340482536946297
POOLED,2021-05-25,SPY,2021,next_max_excursion,0.31108100855617327,-0.8612153099200572
POOLED,2021-05-26,IWM,2021,next_max_excursion,0.11287691203133399,-0.6820301295815927
POOLED,2021-05-26,QQQ,2021,next_max_excursion,0.20613479975672105,-0.8734451239490841
POOLED,2021-05-26,SPY,2021,next_max_excursion,0.3441552039307986,-0.6932483577746362
POOLED,2021-05-27,IWM,2021,next_max_excursion,0.24519905584662757,-0.08188194362532997
POOLED,2021-05-27,QQQ,2021,next_max_excursion,0.18967936303958513,-0.5077236165814245
POOLED,2021-05-27,SPY,2021,next_max_excursion,0.3608777926660531,-0.6025365059626298
POOLED,2021-05-28,IWM,2021,next_max_excursion,0.1890551311406596,-0.33728007034498564
POOLED,2021-05-28,QQQ,2021,next_max_excursion,0.17914502827709092,0.4288013922008096
POOLED,2021-05-28,SPY,2021,next_max_excursion,0.33397023731649406,0.5068878553158989
POOLED,2021-06-01,IWM,2021,next_max_excursion,0.15697575962393417,-0.13893423410699057
POOLED,2021-06-01,QQQ,2021,next_max_excursion,0.12645603734235045,-0.6606172532715355
POOLED,2021-06-01,SPY,2021,next_max_excursion,0.2799288990856501,-0.8123184794960796
POOLED,2021-06-02,IWM,2021,next_max_excursion,0.13071884321212907,0.29758162463735616
POOLED,2021-06-02,QQQ,2021,next_max_excursion,0.2642396564987822,-0.11928920990400016
POOLED,2021-06-02,SPY,2021,next_max_excursion,0.28913223960405837,-0.013256685650204325
POOLED,2021-06-03,IWM,2021,next_max_excursion,0.12448056460452744,-0.6981441178569572
POOLED,2021-06-03,QQQ,2021,next_max_excursion,0.23744419937053782,0.35020502224127004
POOLED,2021-06-03,SPY,2021,next_max_excursion,0.3389369670138547,-0.20093168483678703
POOLED,2021-06-04,IWM,2021,next_max_excursion,0.10026184529453458,0.33321758852825845
POOLED,2021-06-04,QQQ,2021,next_max_excursion,0.1959904708920342,-0.6937229380520238
POOLED,2021-06-04,SPY,2021,next_max_excursion,0.16952369507669582,-0.7119563454187059
POOLED,2021-06-07,IWM,2021,next_max_excursion,0.21120544037291572,-0.1277170705152253
POOLED,2021-06-07,QQQ,2021,next_max_excursion,0.20738231968338852,0.2769340098679045
POOLED,2021-06-07,SPY,2021,next_max_excursion,0.20026354848840802,0.2735542312764263
POOLED,2021-06-08,IWM,2021,next_max_excursion,0.15803620040802557,0.00481815970882149
POOLED,2021-06-08,QQQ,2021,next_max_excursion,0.10849741877947278,-0.7592023744765806
POOLED,2021-06-08,SPY,2021,next_max_excursion,0.2429888189599866,-0.3495212839190396
POOLED,2021-06-09,IWM,2021,next_max_excursion,0.05647462174256325,0.3022972538146371
POOLED,2021-06-09,QQQ,2021,next_max_excursion,0.09146503501251833,0.26960668637813345
POOLED,2021-06-09,SPY,2021,next_max_excursion,0.30051856053501913,-0.21918226904706195
POOLED,2021-06-10,IWM,2021,next_max_excursion,0.265083744534704,-0.4819967886181198
POOLED,2021-06-10,QQQ,2021,next_max_excursion,0.2881353507829933,-1.1540262585826015
POOLED,2021-06-10,SPY,2021,next_max_excursion,0.3487403806791457,-0.5711136486600168
POOLED,2021-06-11,IWM,2021,next_max_excursion,0.04464486286259643,0.180701455272823
POOLED,2021-06-11,QQQ,2021,next_max_excursion,0.23611699866018904,0.3526905022372713
POOLED,2021-06-11,SPY,2021,next_max_excursion,0.27654280600569897,-0.37096531420947354
POOLED,2021-06-14,IWM,2021,next_max_excursion,0.2643846187023496,0.1431985113899623
POOLED,2021-06-14,QQQ,2021,next_max_excursion,0.2880963878921309,-0.05090750530220056
POOLED,2021-06-14,SPY,2021,next_max_excursion,0.29816251835385427,-0.021047989907659215
POOLED,2021-06-15,IWM,2021,next_max_excursion,0.24215160932967847,-0.0751312137924458
POOLED,2021-06-15,QQQ,2021,next_max_excursion,0.14896251702681174,0.7599018283068881
POOLED,2021-06-15,SPY,2021,next_max_excursion,0.29852646412812117,0.9560173714847089
POOLED,2021-06-16,IWM,2021,next_max_excursion,0.2588393344779904,0.7137659734546129
POOLED,2021-06-16,QQQ,2021,next_max_excursion,0.23586105483368897,0.5810010113338588
POOLED,2021-06-16,SPY,2021,next_max_excursion,0.3145996257330244,-0.10342168829279696
POOLED,2021-06-17,IWM,2021,next_max_excursion,0.1942737403473087,-0.10007051810118828
POOLED,2021-06-17,QQQ,2021,next_max_excursion,0.29701062928868716,-0.6874339613198348
POOLED,2021-06-17,SPY,2021,next_max_excursion,0.4304476719293285,0.012236433208045128
POOLED,2021-06-18,IWM,2021,next_max_excursion,0.0946594784322756,0.23238574769457365
POOLED,2021-06-18,QQQ,2021,next_max_excursion,0.17637020296885175,-0.13393330298254114
POOLED,2021-06-18,SPY,2021,next_max_excursion,0.17402454474881715,0.6256106356150513
POOLED,2021-06-21,IWM,2021,next_max_excursion,0.18098941693990583,-0.2586975765421826
POOLED,2021-06-21,QQQ,2021,next_max_excursion,0.2152652586026921,0.22795667867195846
POOLED,2021-06-21,SPY,2021,next_max_excursion,0.25464636678854,0.07036235843510497
POOLED,2021-06-22,IWM,2021,next_max_excursion,0.1659674353982797,-0.2977822862402002
POOLED,2021-06-22,QQQ,2021,next_max_excursion,0.19913752401730592,-0.7181241177230389
POOLED,2021-06-22,SPY,2021,next_max_excursion,0.43266604259986563,-1.124840526439388
POOLED,2021-06-23,IWM,2021,next_max_excursion,0.08920088489658543,-0.14793680104546514
POOLED,2021-06-23,QQQ,2021,next_max_excursion,0.09667070622537549,-0.30619542626762186
POOLED,2021-06-23,SPY,2021,next_max_excursion,0.22469333271803432,-1.1086760862586083
POOLED,2021-06-24,IWM,2021,next_max_excursion,0.1359337980687415,-0.7913160564434873
POOLED,2021-06-24,QQQ,2021,next_max_excursion,0.25566440620395536,-0.4099213114707654
POOLED,2021-06-24,SPY,2021,next_max_excursion,0.47687333535537385,-0.47759823794111345
POOLED,2021-06-25,IWM,2021,next_max_excursion,0.09238632704258282,0.5272350794222076
POOLED,2021-06-25,QQQ,2021,next_max_excursion,0.20169851994099858,0.39071878019281847
POOLED,2021-06-25,SPY,2021,next_max_excursion,0.3289304739712711,-0.3905515675652689
POOLED,2021-06-28,IWM,2021,next_max_excursion,0.2296309393682142,-0.001896905270437621
POOLED,2021-06-28,QQQ,2021,next_max_excursion,0.3418033964262172,-0.5299132984280277
POOLED,2021-06-28,SPY,2021,next_max_excursion,0.29007932225872174,-0.9346714122879449
POOLED,2021-06-29,IWM,2021,next_max_excursion,0.3308395953042957,-0.2763760180097572
POOLED,2021-06-29,QQQ,2021,next_max_excursion,0.17313026198760903,-0.8327295417966107
POOLED,2021-06-29,SPY,2021,next_max_excursion,0.3642790679902447,-0.15294318079061764
POOLED,2021-06-30,IWM,2021,next_max_excursion,0.29898934792322845,-0.6730153136474097
POOLED,2021-06-30,QQQ,2021,next_max_excursion,0.2300976568837475,-0.3715131796252411
POOLED,2021-06-30,SPY,2021,next_max_excursion,0.38994926438244715,-0.015002380725968045
POOLED,2021-07-01,IWM,2021,next_max_excursion,0.12093475383694953,0.5750359074841667
POOLED,2021-07-01,QQQ,2021,next_max_excursion,0.3001104102873664,0.026338393998382337
POOLED,2021-07-01,SPY,2021,next_max_excursion,0.31031305667997744,0.32032561993204567
POOLED,2021-07-02,IWM,2021,next_max_excursion,0.1608742920440803,0.8803264167561964
POOLED,2021-07-02,QQQ,2021,next_max_excursion,0.25634081926770097,0.15665863308111394
POOLED,2021-07-02,SPY,2021,next_max_excursion,0.24035187543856218,0.4985692015115788
POOLED,2021-07-06,IWM,2021,next_max_excursion,0.17931974436879533,0.2607371445010669
POOLED,2021-07-06,QQQ,2021,next_max_excursion,0.24978872418217954,0.21506140009345476
POOLED,2021-07-06,SPY,2021,next_max_excursion,0.38337996505688027,-0.17148791362619242
POOLED,2021-07-07,IWM,2021,next_max_excursion,0.08899154383289827,0.5422803385971413
POOLED,2021-07-07,QQQ,2021,next_max_excursion,0.2986964208038142,0.3738694018757105
POOLED,2021-07-07,SPY,2021,next_max_excursion,0.3521589870901482,0.23566901113813365
POOLED,2021-07-08,IWM,2021,next_max_excursion,0.09348733201614205,-0.34508816063276804
POOLED,2021-07-08,QQQ,2021,next_max_excursion,0.30866012999508907,0.04316352699731052
POOLED,2021-07-08,SPY,2021,next_max_excursion,0.3596594233781881,0.20237654554896256
POOLED,2021-07-09,IWM,2021,next_max_excursion,0.09173316357529027,-0.61299224804588
POOLED,2021-07-09,QQQ,2021,next_max_excursion,0.221509028579427,-0.5545590497309716
POOLED,2021-07-09,SPY,2021,next_max_excursion,0.31099303937977624,-0.4455334918301812
POOLED,2021-07-12,IWM,2021,next_max_excursion,0.11737501608388413,0.3242299582115358
POOLED,2021-07-12,QQQ,2021,next_max_excursion,0.20568859657208477,0.32586933216912595
POOLED,2021-07-12,SPY,2021,next_max_excursion,0.33229975425702646,-0.33566232868218915
POOLED,2021-07-13,IWM,2021,next_max_excursion,0.10450172012403855,0.7245911175141515
POOLED,2021-07-13,QQQ,2021,next_max_excursion,0.24445815409378624,-0.11733399346281637
POOLED,2021-07-13,SPY,2021,next_max_excursion,0.37720987459181937,0.05441037395894455
POOLED,2021-07-14,IWM,2021,next_max_excursion,0.11253115260561818,-0.07430409784711856
POOLED,2021-07-14,QQQ,2021,next_max_excursion,0.1635140498805628,0.5809445341928656
POOLED,2021-07-14,SPY,2021,next_max_excursion,0.37640031984247874,-0.15644342227493002
POOLED,2021-07-15,IWM,2021,next_max_excursion,0.1890135456436328,0.5921179683341933
POOLED,2021-07-15,QQQ,2021,next_max_excursion,0.4260697057595942,0.3501585767638318
POOLED,2021-07-15,SPY,2021,next_max_excursion,0.42971364183123184,0.6795622679777695
POOLED,2021-07-16,IWM,2021,next_max_excursion,0.1016015382630245,0.3122144779739937
POOLED,2021-07-16,QQQ,2021,next_max_excursion,0.1960599034607846,-0.387460085561818
POOLED,2021-07-16,SPY,2021,next_max_excursion,0.2744132346427353,0.6291570076999253
POOLED,2021-07-19,IWM,2021,next_max_excursion,0.03310689579633235,0.8924041580758799
POOLED,2021-07-19,QQQ,2021,next_max_excursion,0.1743368481995083,0.5897849418826393
POOLED,2021-07-19,SPY,2021,next_max_excursion,0.18139497729059412,0.5133737211305469
POOLED,2021-07-20,IWM,2021,next_max_excursion,0.15844681372365066,-0.3464343899121465
POOLED,2021-07-20,QQQ,2021,next_max_excursion,0.3307923604416043,-0.11699141536150837
POOLED,2021-07-20,SPY,2021,next_max_excursion,0.3506739254830419,-0.45226622362154245
POOLED,2021-07-21,IWM,2021,next_max_excursion,0.1407006687626873,0.4721779680054423
POOLED,2021-07-21,QQQ,2021,next_max_excursion,0.36204121654128235,-0.2228152973943267
POOLED,2021-07-21,SPY,2021,next_max_excursion,0.29821395227211533,-0.9732197651651404
POOLED,2021-07-22,IWM,2021,next_max_excursion,0.18319588516188914,0.0032688132365077394
POOLED,2021-07-22,QQQ,2021,next_max_excursion,0.17309323464890614,0.31081175367768843
POOLED,2021-07-22,SPY,2021,next_max_excursion,0.3616323206671122,0.17407164695748278
POOLED,2021-07-23,IWM,2021,next_max_excursion,0.17567927142969128,-0.49506250900274296
POOLED,2021-07-23,QQQ,2021,next_max_excursion,0.21162335215674602,-0.794852648161207
POOLED,2021-07-23,SPY,2021,next_max_excursion,0.309541016865737,-0.4669322609930875
POOLED,2021-07-26,IWM,2021,next_max_excursion,0.17045207576017454,0.32403801910083985
POOLED,2021-07-26,QQQ,2021,next_max_excursion,0.21602981087109857,1.2777334394374003
POOLED,2021-07-26,SPY,2021,next_max_excursion,0.3282054518786709,0.6611457462674748
POOLED,2021-07-27,IWM,2021,next_max_excursion,0.1709371596017099,0.2672064227208413
POOLED,2021-07-27,QQQ,2021,next_max_excursion,0.23636909778704654,-0.5291385157843456
POOLED,2021-07-27,SPY,2021,next_max_excursion,0.3683431109565087,-0.17198411821721926
POOLED,2021-07-28,IWM,2021,next_max_excursion,0.1976201928824513,-0.6700120926028834
POOLED,2021-07-28,QQQ,2021,next_max_excursion,0.19916380821022908,-0.2986853908872744
POOLED,2021-07-28,SPY,2021,next_max_excursion,0.37073932408783467,-0.24860937002115602
POOLED,2021-07-29,IWM,2021,next_max_excursion,0.14684954208306542,0.04627401310062318
POOLED,2021-07-29,QQQ,2021,next_max_excursion,0.3777483043401483,0.1098256752628286
POOLED,2021-07-29,SPY,2021,next_max_excursion,0.4511085527220982,-0.0276438239284289
POOLED,2021-07-30,IWM,2021,next_max_excursion,0.22502716047718083,0.009051868299404298
POOLED,2021-07-30,QQQ,2021,next_max_excursion,0.22664972601909142,-0.03513587675315133
POOLED,2021-07-30,SPY,2021,next_max_excursion,0.2896260140014076,0.315856199098163
POOLED,2021-08-02,IWM,2021,next_max_excursion,0.20159150424271374,0.16796939723281934
POOLED,2021-08-02,QQQ,2021,next_max_excursion,0.21204324222867307,0.24917074305152997
POOLED,2021-08-02,SPY,2021,next_max_excursion,0.18104701840318976,0.0956740391640265
POOLED,2021-08-03,IWM,2021,next_max_excursion,0.1930702309114746,-0.32903731488576593
POOLED,2021-08-03,QQQ,2021,next_max_excursion,0.2704315241194706,-0.7071220328009842
POOLED,2021-08-03,SPY,2021,next_max_excursion,0.4808203639411659,-0.8373045094443832
POOLED,2021-08-04,IWM,2021,next_max_excursion,0.13299475068698646,0.277357284653446
POOLED,2021-08-04,QQQ,2021,next_max_excursion,0.27152475547923793,-0.37066393768579164
POOLED,2021-08-04,SPY,2021,next_max_excursion,0.4294238035649426,-0.3831728108053474
POOLED,2021-08-05,IWM,2021,next_max_excursion,0.15365790087695444,-0.522598318837769
POOLED,2021-08-05,QQQ,2021,next_max_excursion,0.3917241264849889,-0.4760614479074734
POOLED,2021-08-05,SPY,2021,next_max_excursion,0.43039285159567514,-0.9589624936592065
POOLED,2021-08-06,IWM,2021,next_max_excursion,0.09319226071947179,-0.41573215682014464
POOLED,2021-08-06,QQQ,2021,next_max_excursion,0.13281317129690762,-0.780033860426502
POOLED,2021-08-06,SPY,2021,next_max_excursion,0.19913782013558476,-0.5323508672788178
POOLED,2021-08-09,IWM,2021,next_max_excursion,0.11908770397156303,-0.36417231556065666
POOLED,2021-08-09,QQQ,2021,next_max_excursion,0.26799243012846946,0.4799307912672264
POOLED,2021-08-09,SPY,2021,next_max_excursion,0.38614389399443294,-0.9105968879636359
POOLED,2021-08-10,IWM,2021,next_max_excursion,0.12982215371915962,0.10372970547989002
POOLED,2021-08-10,QQQ,2021,next_max_excursion,0.21064392427083936,0.17026934041985964
POOLED,2021-08-10,SPY,2021,next_max_excursion,0.27063966420804897,-0.5790445436838292
POOLED,2021-08-11,IWM,2021,next_max_excursion,0.11523889209643005,-0.19548964172523675
POOLED,2021-08-11,QQQ,2021,next_max_excursion,0.31100098947586485,-0.22502173554128113
POOLED,2021-08-11,SPY,2021,next_max_excursion,0.3859580855560317,-0.20326168365421982
POOLED,2021-08-12,IWM,2021,next_max_excursion,0.16182155774491672,0.14806751543589858
POOLED,2021-08-12,QQQ,2021,next_max_excursion,0.336929923965359,-0.7394635088316148
POOLED,2021-08-12,SPY,2021,next_max_excursion,0.5193731370925829,-1.3833177000776047
POOLED,2021-08-13,IWM,2021,next_max_excursion,0.08314165197760057,0.02950954011037865
POOLED,2021-08-13,QQQ,2021,next_max_excursion,0.3246652403068577,0.6699150714433175
POOLED,2021-08-13,SPY,2021,next_max_excursion,0.32362486168758287,0.4315746758555017
POOLED,2021-08-16,IWM,2021,next_max_excursion,0.3395341840998282,0.3182911660659604
POOLED,2021-08-16,QQQ,2021,next_max_excursion,0.2911758354410349,-0.0549766833644556
POOLED,2021-08-16,SPY,2021,next_max_excursion,0.3565046009900404,0.4544689476491728
POOLED,2021-08-17,IWM,2021,next_max_excursion,0.12509052819268482,-0.2808075909184913
POOLED,2021-08-17,QQQ,2021,next_max_excursion,0.2925759560510554,0.14769340507693407
POOLED,2021-08-17,SPY,2021,next_max_excursion,0.4199532200075915,0.4250475845193513
POOLED,2021-08-18,IWM,2021,next_max_excursion,0.14811251663407277,-0.22852118985320757
POOLED,2021-08-18,QQQ,2021,next_max_excursion,0.11551489091428824,0.6058411293724726
POOLED,2021-08-18,SPY,2021,next_max_excursion,0.27861495647824536,0.5197662060292076
POOLED,2021-08-19,IWM,2021,next_max_excursion,0.10361459283891086,0.6292853614624412
POOLED,2021-08-19,QQQ,2021,next_max_excursion,0.23283368548385788,-0.0676309607905008
POOLED,2021-08-19,SPY,2021,next_max_excursion,0.38626343694067805,0.2140577141595923
POOLED,2021-08-20,IWM,2021,next_max_excursion,0.1094618183797536,-0.1149347494899029
POOLED,2021-08-20,QQQ,2021,next_max_excursion,0.17003782106037074,0.6367868898701516
POOLED,2021-08-20,SPY,2021,next_max_excursion,0.2640531875650302,0.1627490889034311
POOLED,2021-08-23,IWM,2021,next_max_excursion,0.2233102567338123,-0.3130099262409489
POOLED,2021-08-23,QQQ,2021,next_max_excursion,0.15105986417586792,-1.074816991533563
POOLED,2021-08-23,SPY,2021,next_max_excursion,0.24904229399170436,-1.6383207031909652
POOLED,2021-08-24,IWM,2021,next_max_excursion,0.11038313034491266,0.054338030160784534
POOLED,2021-08-24,QQQ,2021,next_max_excursion,0.2877268003553765,-1.0470114093567515
POOLED,2021-08-24,SPY,2021,next_max_excursion,0.46539252764012945,-0.6217348431932104
POOLED,2021-08-25,IWM,2021,next_max_excursion,0.1303599283340448,0.0022132084031571964
POOLED,2021-08-25,QQQ,2021,next_max_excursion,0.32183415802498494,-0.08878412800126512
POOLED,2021-08-25,SPY,2021,next_max_excursion,0.41369320543566657,0.2641487366053772
POOLED,2021-08-26,IWM,2021,next_max_excursion,0.2647890404456187,0.9746997536348987
POOLED,2021-08-26,QQQ,2021,next_max_excursion,0.2298939170107026,0.34060884314217876
POOLED,2021-08-26,SPY,2021,next_max_excursion,0.3621441641998803,0.4794335189637122
POOLED,2021-08-27,IWM,2021,next_max_excursion,0.06140820766698051,-0.390884738442665
POOLED,2021-08-27,QQQ,2021,next_max_excursion,0.24133111714712305,0.30782342780307115
POOLED,2021-08-27,SPY,2021,next_max_excursion,0.3444058725113374,-0.15938630710011825
POOLED,2021-08-30,IWM,2021,next_max_excursion,0.18005759789006956,-0.44715703682374563
POOLED,2021-08-30,QQQ,2021,next_max_excursion,0.19071467772712558,-0.27003289945461795
POOLED,2021-08-30,SPY,2021,next_max_excursion,0.3846545040782328,-0.5677585701340835
POOLED,2021-08-31,IWM,2021,next_max_excursion,0.24391009989967072,-0.10191913534012986
POOLED,2021-08-31,QQQ,2021,next_max_excursion,0.2777172209970816,-0.3559762856709714
POOLED,2021-08-31,SPY,2021,next_max_excursion,0.35543621654401,-0.6396331383155651
POOLED,2021-09-01,IWM,2021,next_max_excursion,0.08674281888824907,-0.5523679153117103
POOLED,2021-09-01,QQQ,2021,next_max_excursion,0.2555321886102208,0.1478600716686742
POOLED,2021-09-01,SPY,2021,next_max_excursion,0.39475008942031975,-0.2912423583793462
POOLED,2021-09-02,IWM,2021,next_max_excursion,0.2898297364652561,-0.6952075867387064
POOLED,2021-09-02,QQQ,2021,next_max_excursion,0.34322999774283275,0.07077809561024573
POOLED,2021-09-02,SPY,2021,next_max_excursion,0.4191183018879526,-0.2475973820465338
POOLED,2021-09-03,IWM,2021,next_max_excursion,0.10341729816813,-0.23810845202700914
POOLED,2021-09-03,QQQ,2021,next_max_excursion,0.27545835517961237,-0.6958699407555393
POOLED,2021-09-03,SPY,2021,next_max_excursion,0.3536491642581754,0.05027993374868345
POOLED,2021-09-07,IWM,2021,next_max_excursion,0.08054092584785674,0.3393322336620246
POOLED,2021-09-07,QQQ,2021,next_max_excursion,0.20699810293811363,0.4923385066112438
POOLED,2021-09-07,SPY,2021,next_max_excursion,0.36758128803400386,0.08367557918135571
POOLED,2021-09-08,IWM,2021,next_max_excursion,0.2876718073492121,0.15315372439477137
POOLED,2021-09-08,QQQ,2021,next_max_excursion,0.30257915364278465,-0.34562950707238205
POOLED,2021-09-08,SPY,2021,next_max_excursion,0.4168452327737178,-0.18987785143697522
POOLED,2021-09-09,IWM,2021,next_max_excursion,0.13847049239807935,0.3924276058592726
POOLED,2021-09-09,QQQ,2021,next_max_excursion,0.33741403735528314,0.7505760659294234
POOLED,2021-09-09,SPY,2021,next_max_excursion,0.3521905497821357,0.8809524763231895
POOLED,2021-09-10,IWM,2021,next_max_excursion,0.10549533006899554,0.2722914071659286
POOLED,2021-09-10,QQQ,2021,next_max_excursion,0.20494124124150137,0.41611357413063654
POOLED,2021-09-10,SPY,2021,next_max_excursion,0.18422589037105597,0.46148119681972055
POOLED,2021-09-13,IWM,2021,next_max_excursion,0.1601752513206344,0.6916792838687442
POOLED,2021-09-13,QQQ,2021,next_max_excursion,0.23157370638393696,0.16119330319090874
POOLED,2021-09-13,SPY,2021,next_max_excursion,0.219801616455998,0.5869154062715767
POOLED,2021-09-14,IWM,2021,next_max_excursion,0.24408233921886693,0.024374968890239934
POOLED,2021-09-14,QQQ,2021,next_max_excursion,0.2886042443063356,-0.020713766276969636
POOLED,2021-09-14,SPY,2021,next_max_excursion,0.28916308808393615,0.31255641371480003
POOLED,2021-09-15,IWM,2021,next_max_excursion,0.21333927179340226,-0.14642756781937027
POOLED,2021-09-15,QQQ,2021,next_max_excursion,0.14282873575419966,-0.34764254729459587
POOLED,2021-09-15,SPY,2021,next_max_excursion,0.42735716577430466,0.14102270506054992
POOLED,2021-09-16,IWM,2021,next_max_excursion,0.24027450128799147,-0.5840258253690784
POOLED,2021-09-16,QQQ,2021,next_max_excursion,0.3800836055752967,0.5658316106684316
POOLED,2021-09-16,SPY,2021,next_max_excursion,0.34624279975055483,0.28620152119924214
POOLED,2021-09-17,IWM,2021,next_max_excursion,0.09975473213357806,0.4945370784772152
POOLED,2021-09-17,QQQ,2021,next_max_excursion,0.2204311341250453,0.773174304941092
POOLED,2021-09-17,SPY,2021,next_max_excursion,0.16937485311897912,0.8215103145837208
POOLED,2021-09-20,IWM,2021,next_max_excursion,0.1872229235958566,-0.03260612436980992
POOLED,2021-09-20,QQQ,2021,next_max_excursion,0.12488315693490111,-0.5144460638989621
POOLED,2021-09-20,SPY,2021,next_max_excursion,0.13398833140865637,-0.12312398442814754
POOLED,2021-09-21,IWM,2021,next_max_excursion,0.17308248256470818,0.3961001571481333
POOLED,2021-09-21,QQQ,2021,next_max_excursion,0.13297708642031647,0.27475086728537956
POOLED,2021-09-21,SPY,2021,next_max_excursion,0.15776745240160162,0.26723476897869247
POOLED,2021-09-22,IWM,2021,next_max_excursion,0.20739999977514212,0.2924448836244995
POOLED,2021-09-22,QQQ,2021,next_max_excursion,0.20171915204847263,-0.05193843250259622
POOLED,2021-09-22,SPY,2021,next_max_excursion,0.1911461139583076,0.34533165974888824
POOLED,2021-09-23,IWM,2021,next_max_excursion,0.20270244539929433,-0.7201755050842555
POOLED,2021-09-23,QQQ,2021,next_max_excursion,0.15867749418760443,-0.01012676575470195
POOLED,2021-09-23,SPY,2021,next_max_excursion,0.3127698958283564,-0.03409825209349915
POOLED,2021-09-24,IWM,2021,next_max_excursion,0.18400887330809032,0.45570284480306356
POOLED,2021-09-24,QQQ,2021,next_max_excursion,0.21966335355983493,-0.16985380615401446
POOLED,2021-09-24,SPY,2021,next_max_excursion,0.27564438381448003,-0.8135135047685331
POOLED,2021-09-27,IWM,2021,next_max_excursion,0.08318831451763323,0.5652079840453768
POOLED,2021-09-27,QQQ,2021,next_max_excursion,0.21951802089547667,0.7318547744137849
POOLED,2021-09-27,SPY,2021,next_max_excursion,0.21824578910385364,1.0435584465068741
POOLED,2021-09-28,IWM,2021,next_max_excursion,0.1335594239069214,-0.3158939767730633
POOLED,2021-09-28,QQQ,2021,next_max_excursion,0.14350982848524527,-0.6900266263319352
POOLED,2021-09-28,SPY,2021,next_max_excursion,0.1869226384517809,-0.7084303471011024
POOLED,2021-09-29,IWM,2021,next_max_excursion,0.22160995930081434,0.4701408096646942
POOLED,2021-09-29,QQQ,2021,next_max_excursion,0.23545858625898317,0.09954224753654106
POOLED,2021-09-29,SPY,2021,next_max_excursion,0.2233293080440186,0.9434241201293743
POOLED,2021-09-30,IWM,2021,next_max_excursion,0.16275407773602937,0.2962790847768133
POOLED,2021-09-30,QQQ,2021,next_max_excursion,0.13663482124499687,0.14402594995611206
POOLED,2021-09-30,SPY,2021,next_max_excursion,0.2248239478589121,0.2501304624498122
POOLED,2021-10-01,IWM,2021,next_max_excursion,0.10772953335102253,-0.020404155767278276
POOLED,2021-10-01,QQQ,2021,next_max_excursion,0.14351623733535954,0.6857054259339157
POOLED,2021-10-01,SPY,2021,next_max_excursion,0.16206499677560188,0.4184057285270866
POOLED,2021-10-04,IWM,2021,next_max_excursion,0.19567892843180143,-0.19560499009634214
POOLED,2021-10-04,QQQ,2021,next_max_excursion,0.09649195569872263,0.2753304949424953
POOLED,2021-10-04,SPY,2021,next_max_excursion,0.16127911784570084,0.23540412300019042
POOLED,2021-10-05,IWM,2021,next_max_excursion,0.2746776637827419,-0.2932434266678916
POOLED,2021-10-05,QQQ,2021,next_max_excursion,0.15081884524107414,0.37883807143398496
POOLED,2021-10-05,SPY,2021,next_max_excursion,0.22571523828110046,0.42319202646945264
POOLED,2021-10-06,IWM,2021,next_max_excursion,0.17656479558552907,0.27944206335650357
POOLED,2021-10-06,QQQ,2021,next_max_excursion,0.197967517352483,-0.3944214196886051
POOLED,2021-10-06,SPY,2021,next_max_excursion,0.18627569854576387,-0.2629170869126689
POOLED,2021-10-07,IWM,2021,next_max_excursion,0.11627780667427651,-0.32477348877296475
POOLED,2021-10-07,QQQ,2021,next_max_excursion,0.12423919898182954,-0.018216894871130762
POOLED,2021-10-07,SPY,2021,next_max_excursion,0.21257048958985847,-0.36805178109219394
POOLED,2021-10-08,IWM,2021,next_max_excursion,0.15601913156679953,-0.2574925699312294
POOLED,2021-10-08,QQQ,2021,next_max_excursion,0.1823645738304182,0.09534800489426676
POOLED,2021-10-08,SPY,2021,next_max_excursion,0.24566740100958198,0.10591967197181429
POOLED,2021-10-11,IWM,2021,next_max_excursion,0.211859326593681,-0.4238150410283552
POOLED,2021-10-11,QQQ,2021,next_max_excursion,0.23367999780574475,-0.08334168170069933
POOLED,2021-10-11,SPY,2021,next_max_excursion,0.1631421651154783,-0.22423278186722673
POOLED,2021-10-12,IWM,2021,next_max_excursion,0.16817058312822056,-0.0027825431861785432
POOLED,2021-10-12,QQQ,2021,next_max_excursion,0.14302253840691181,-0.4220322636069831
POOLED,2021-10-12,SPY,2021,next_max_excursion,0.19259598376937084,0.10800467583109441
POOLED,2021-10-13,IWM,2021,next_max_excursion,0.17941963395205662,-0.6509425718367172
POOLED,2021-10-13,QQQ,2021,next_max_excursion,0.21662183574835392,-0.011746785117272118
POOLED,2021-10-13,SPY,2021,next_max_excursion,0.23373191807056282,0.03572577465069138
POOLED,2021-10-14,IWM,2021,next_max_excursion,0.35564086682495044,0.4456062070919593
POOLED,2021-10-14,QQQ,2021,next_max_excursion,0.3048439990238016,-1.0527817620859254
POOLED,2021-10-14,SPY,2021,next_max_excursion,0.26998710039434914,-0.7736470783626546
POOLED,2021-10-15,IWM,2021,next_max_excursion,0.27036188173307696,-0.28835257289635763
POOLED,2021-10-15,QQQ,2021,next_max_excursion,0.2880399071097595,0.627103155035039
POOLED,2021-10-15,SPY,2021,next_max_excursion,0.3257509090575334,0.3045056743808443
POOLED,2021-10-18,IWM,2021,next_max_excursion,0.30313580623237446,-0.32104686082562495
POOLED,2021-10-18,QQQ,2021,next_max_excursion,0.17777310871949709,-0.7886719910398741
POOLED,2021-10-18,SPY,2021,next_max_excursion,0.3360801790242059,-0.5836594101694574
POOLED,2021-10-19,IWM,2021,next_max_excursion,0.3805336447833841,-0.08139219119581309
POOLED,2021-10-19,QQQ,2021,next_max_excursion,0.24206178641326395,-0.11655140610390102
POOLED,2021-10-19,SPY,2021,next_max_excursion,0.3330071714496651,-0.4822483123164192
POOLED,2021-10-20,IWM,2021,next_max_excursion,0.10498670779590025,-0.19176018619206392
POOLED,2021-10-20,QQQ,2021,next_max_excursion,0.20322357931152166,0.07255106659009325
POOLED,2021-10-20,SPY,2021,next_max_excursion,0.2136121365139561,-0.12249812207317845
POOLED,2021-10-21,IWM,2021,next_max_excursion,0.2386412029406292,0.08074516382573371
POOLED,2021-10-21,QQQ,2021,next_max_excursion,0.19327250425342274,0.17989739006795347
POOLED,2021-10-21,SPY,2021,next_max_excursion,0.357878975274627,-0.14706169524362078
POOLED,2021-10-22,IWM,2021,next_max_excursion,0.130043503795201,0.04129156876594475
POOLED,2021-10-22,QQQ,2021,next_max_excursion,0.2410621591305741,-0.07155302475734526
POOLED,2021-10-22,SPY,2021,next_max_excursion,0.36402368985363565,-0.577767701698078
POOLED,2021-10-25,IWM,2021,next_max_excursion,0.21454284669384255,0.09405942493585329
POOLED,2021-10-25,QQQ,2021,next_max_excursion,0.12366837539721189,-0.4173832448902166
POOLED,2021-10-25,SPY,2021,next_max_excursion,0.22839310050682987,-0.5563634774032922
POOLED,2021-10-26,IWM,2021,next_max_excursion,0.1505796255711692,0.5752510582601982
POOLED,2021-10-26,QQQ,2021,next_max_excursion,0.27666678077790285,0.007820162123774566
POOLED,2021-10-26,SPY,2021,next_max_excursion,0.29342348664499357,0.02159973248212843
POOLED,2021-10-27,IWM,2021,next_max_excursion,0.10338594895653484,0.32745208109109925
POOLED,2021-10-27,QQQ,2021,next_max_excursion,0.21926836467926547,-0.28373990885951716
POOLED,2021-10-27,SPY,2021,next_max_excursion,0.32786715096877317,0.08964298260868109
POOLED,2021-10-28,IWM,2021,next_max_excursion,0.2824754834434045,-0.880373930430892
POOLED,2021-10-28,QQQ,2021,next_max_excursion,0.30676028849176085,0.5483891734829491
POOLED,2021-10-28,SPY,2021,next_max_excursion,0.362519797758911,0.3452024046938078
POOLED,2021-10-29,IWM,2021,next_max_excursion,0.16457849930297394,0.8939175162512383
POOLED,2021-10-29,QQQ,2021,next_max_excursion,0.18341902887723346,-0.4925233574493424
POOLED,2021-10-29,SPY,2021,next_max_excursion,0.29034816807111274,-0.31241317641284727
POOLED,2021-11-01,IWM,2021,next_max_excursion,0.2024303129623091,-0.5758468861991455
POOLED,2021-11-01,QQQ,2021,next_max_excursion,0.15011300151186485,-0.008064701957398945
POOLED,2021-11-01,SPY,2021,next_max_excursion,0.24095727496535715,-0.23194107937251296
POOLED,2021-11-02,IWM,2021,next_max_excursion,0.17212430840394738,0.8769507310762363
POOLED,2021-11-02,QQQ,2021,next_max_excursion,0.18172406970408786,0.4782345157840284
POOLED,2021-11-02,SPY,2021,next_max_excursion,0.32103061721576226,0.5488622374067411
POOLED,2021-11-03,IWM,2021,next_max_excursion,0.13366135303967955,-0.5040982073722571
POOLED,2021-11-03,QQQ,2021,next_max_excursion,0.16130617212033302,0.37763495958871385
POOLED,2021-11-03,SPY,2021,next_max_excursion,0.21575451990104125,-0.49788839482495817
POOLED,2021-11-04,IWM,2021,next_max_excursion,0.14975546429745482,-0.14118335163981044
POOLED,2021-11-04,SPY,2021,next_max_excursion,0.31428759514249954,0.18554398620209067
POOLED,2021-11-05,IWM,2021,next_max_excursion,0.09802865374302466,-0.334705478866403
POOLED,2021-11-05,QQQ,2021,next_max_excursion,0.22731847549559822,-0.9364649997791421
POOLED,2021-11-05,SPY,2021,next_max_excursion,0.3274331645903069,-0.4974127778632971
POOLED,2021-11-08,IWM,2021,next_max_excursion,0.09563388796696436,0.13953260116626875
POOLED,2021-11-08,QQQ,2021,next_max_excursion,0.23572857816382056,0.7427139699205796
POOLED,2021-11-08,SPY,2021,next_max_excursion,0.3664038493165494,0.5581230695233739
POOLED,2021-11-09,IWM,2021,next_max_excursion,0.225819269873699,0.4729812506105038
POOLED,2021-11-09,QQQ,2021,next_max_excursion,0.2105331033534746,0.3503037882869009
POOLED,2021-11-09,SPY,2021,next_max_excursion,0.2406873031184087,0.3573233185878255
POOLED,2021-11-10,IWM,2021,next_max_excursion,0.18349109897275662,-0.38486513706155545
POOLED,2021-11-10,QQQ,2021,next_max_excursion,0.19814723237672002,-0.6131516920045774
POOLED,2021-11-10,SPY,2021,next_max_excursion,0.18082149791769764,-0.7295054591684771
POOLED,2021-11-11,IWM,2021,next_max_excursion,0.22521356145388682,-0.6835653200024563
POOLED,2021-11-11,QQQ,2021,next_max_excursion,0.24468569390255782,0.3131143935497729
POOLED,2021-11-11,SPY,2021,next_max_excursion,0.3360724750273918,0.3816283961665139
POOLED,2021-11-12,IWM,2021,next_max_excursion,0.20492749020130213,0.5128732299901131
POOLED,2021-11-12,QQQ,2021,next_max_excursion,0.2029881932569286,0.09688445567320603
POOLED,2021-11-12,SPY,2021,next_max_excursion,0.3059754269585846,-0.0468932726338851
POOLED,2021-11-15,IWM,2021,next_max_excursion,0.1380726689739909,-0.3850044242234967
POOLED,2021-11-15,QQQ,2021,next_max_excursion,0.21240198873089094,0.22725320779057956
POOLED,2021-11-15,SPY,2021,next_max_excursion,0.25339391496588226,0.4074041030233886
POOLED,2021-11-16,IWM,2021,next_max_excursion,0.40196976423538106,0.32715040005649687
POOLED,2021-11-16,QQQ,2021,next_max_excursion,0.1768766880523937,-0.49050492084869735
POOLED,2021-11-16,SPY,2021,next_max_excursion,0.4778849112013687,-0.4597258000451516
POOLED,2021-11-17,IWM,2021,next_max_excursion,0.26163284116061297,0.5434098305501625
POOLED,2021-11-17,QQQ,2021,next_max_excursion,0.16456053061784057,-0.15138559328164725
POOLED,2021-11-17,SPY,2021,next_max_excursion,0.4358440278822961,0.4246902619162505
POOLED,2021-11-18,IWM,2021,next_max_excursion,0.296645947822283,-0.7922387383743628
POOLED,2021-11-18,QQQ,2021,next_max_excursion,0.3588021635302037,-0.564779603692231
POOLED,2021-11-18,SPY,2021,next_max_excursion,0.48519733721821584,-0.638280083840888
POOLED,2021-11-19,IWM,2021,next_max_excursion,0.058568763471986175,0.2882697404301311
POOLED,2021-11-19,QQQ,2021,next_max_excursion,0.19743561019803266,0.8841871751790737
POOLED,2021-11-19,SPY,2021,next_max_excursion,0.3559827727597968,0.5341154538935671
POOLED,2021-11-22,IWM,2021,next_max_excursion,0.10252535405385164,0.0994423394332431
POOLED,2021-11-22,QQQ,2021,next_max_excursion,0.27182754312863006,0.14745442977703505
POOLED,2021-11-22,SPY,2021,next_max_excursion,0.18468027395090994,-0.05289272874750761
POOLED,2021-11-23,IWM,2021,next_max_excursion,0.10845462018004107,-0.11385433206131079
POOLED,2021-11-23,QQQ,2021,next_max_excursion,0.13943203608703642,-0.057725395437002724
POOLED,2021-11-23,SPY,2021,next_max_excursion,0.36212931368637885,0.2756289553001521
POOLED,2021-11-24,IWM,2021,next_max_excursion,0.12474618460392725,0.9020961594664083
POOLED,2021-11-24,QQQ,2021,next_max_excursion,0.3454310743429717,0.5000459801390704
POOLED,2021-11-24,SPY,2021,next_max_excursion,0.33297986174844646,0.6249776836001466
POOLED,2021-11-26,IWM,2021,next_max_excursion,0.06316587550346267,0.347898769148018
POOLED,2021-11-26,QQQ,2021,next_max_excursion,0.1555588732265528,0.11872722625380927
POOLED,2021-11-26,SPY,2021,next_max_excursion,0.13162034900450195,-0.31022785051542723
POOLED,2021-11-29,IWM,2021,next_max_excursion,0.08771169512872999,0.41981307989949634
POOLED,2021-11-29,QQQ,2021,next_max_excursion,0.273179469891531,0.5927818624233723
POOLED,2021-11-29,SPY,2021,next_max_excursion,0.17895977279964143,0.7030420792602659
POOLED,2021-11-30,IWM,2021,next_max_excursion,0.08600646689574963,1.1070746116869787
POOLED,2021-11-30,QQQ,2021,next_max_excursion,0.23653272731190927,0.8550681500866206
POOLED,2021-11-30,SPY,2021,next_max_excursion,0.18567220556368788,1.004097948595072
POOLED,2021-12-01,IWM,2021,next_max_excursion,0.10472988378054406,0.23036383019106754
POOLED,2021-12-01,QQQ,2021,next_max_excursion,0.08759032233662643,-0.017755090889229663
POOLED,2021-12-01,SPY,2021,next_max_excursion,0.1253564494498191,0.4248501860691385
POOLED,2021-12-02,IWM,2021,next_max_excursion,0.17761845837140514,0.7532595689711008
POOLED,2021-12-02,QQQ,2021,next_max_excursion,0.17243169488519966,0.9917662137475993
POOLED,2021-12-02,SPY,2021,next_max_excursion,0.13071205849885575,0.8130441166208486
POOLED,2021-12-03,IWM,2021,next_max_excursion,0.18103499844041476,0.047789612919569624
POOLED,2021-12-03,QQQ,2021,next_max_excursion,0.14250221467788202,-0.33960764258068465
POOLED,2021-12-03,SPY,2021,next_max_excursion,0.11025810810186737,-0.12270086965361404
POOLED,2021-12-06,IWM,2021,next_max_excursion,0.22823600172772135,-0.03939287589502616
POOLED,2021-12-06,QQQ,2021,next_max_excursion,0.17677284261366047,0.06406745935472102
POOLED,2021-12-06,SPY,2021,next_max_excursion,0.1716879491922862,0.27018903179241605
POOLED,2021-12-07,IWM,2021,next_max_excursion,0.17851431572107473,-0.4951659711915486
POOLED,2021-12-07,QQQ,2021,next_max_excursion,0.08955244757711113,-0.8079572680573008
POOLED,2021-12-07,SPY,2021,next_max_excursion,0.2788863909695562,-1.036025913652285
POOLED,2021-12-08,IWM,2021,next_max_excursion,0.17809059795647655,0.17777895176843028
POOLED,2021-12-08,QQQ,2021,next_max_excursion,0.28437597669404197,0.27101267524251327
POOLED,2021-12-08,SPY,2021,next_max_excursion,0.25663203886807534,-0.4723197723629804
POOLED,2021-12-09,IWM,2021,next_max_excursion,0.20033419346400738,0.12389952172703644
POOLED,2021-12-09,QQQ,2021,next_max_excursion,0.1613951787470214,-0.36380348182165534
POOLED,2021-12-09,SPY,2021,next_max_excursion,0.25053158854364493,-0.1887186083245318
POOLED,2021-12-10,IWM,2021,next_max_excursion,0.230470184012287,0.15270183327288667
POOLED,2021-12-10,QQQ,2021,next_max_excursion,0.31038144689345215,0.37778674345452945
POOLED,2021-12-10,SPY,2021,next_max_excursion,0.3311128887257161,0.08511380555818615
POOLED,2021-12-13,IWM,2021,next_max_excursion,0.21038748537659369,-0.04844728854685787
POOLED,2021-12-13,QQQ,2021,next_max_excursion,0.09023447032323065,-0.1929830605228151
POOLED,2021-12-13,SPY,2021,next_max_excursion,0.2015555577722944,-0.19889702473087656
POOLED,2021-12-14,IWM,2021,next_max_excursion,0.24780150517472263,0.22788442165702127
POOLED,2021-12-14,QQQ,2021,next_max_excursion,0.2016821891315805,0.6995901564782221
POOLED,2021-12-14,SPY,2021,next_max_excursion,0.21036145036976045,0.5881945883875144
POOLED,2021-12-15,IWM,2021,next_max_excursion,0.09975859405353527,0.6201904369407103
POOLED,2021-12-15,QQQ,2021,next_max_excursion,0.11911852240720731,0.674856120129836
POOLED,2021-12-15,SPY,2021,next_max_excursion,0.2711993674663978,0.4178501382498565
POOLED,2021-12-16,IWM,2021,next_max_excursion,0.18519113519540778,0.28694067273520396
POOLED,2021-12-16,QQQ,2021,next_max_excursion,0.28187955671003656,-0.10350069996840006
POOLED,2021-12-16,SPY,2021,next_max_excursion,0.23205971558703783,-0.2588940291319499
POOLED,2021-12-17,IWM,2021,next_max_excursion,0.14200744994610587,-0.13809832828456337
POOLED,2021-12-17,QQQ,2021,next_max_excursion,0.14782493856711806,-0.8998596308019717
POOLED,2021-12-17,SPY,2021,next_max_excursion,0.20465058755941043,-0.2590497332476662
POOLED,2021-12-20,IWM,2021,next_max_excursion,0.0952362861454669,0.1562688961849159
POOLED,2021-12-20,QQQ,2021,next_max_excursion,0.21957450243822965,0.2994721123907773
POOLED,2021-12-20,SPY,2021,next_max_excursion,0.16701257103688144,0.17918240860622703
POOLED,2021-12-21,IWM,2021,next_max_excursion,0.08228081045934378,-0.43866675363747465
POOLED,2021-12-21,QQQ,2021,next_max_excursion,0.20961833770395122,-0.10838617250053773
POOLED,2021-12-21,SPY,2021,next_max_excursion,0.2649355087677684,0.09876509295094227
POOLED,2021-12-22,IWM,2021,next_max_excursion,0.19627488061617798,-0.48124514685493214
POOLED,2021-12-22,QQQ,2021,next_max_excursion,0.2150513365250275,-0.13975866356922406
POOLED,2021-12-22,SPY,2021,next_max_excursion,0.3058669704027658,-0.15424674162608554
POOLED,2021-12-23,IWM,2021,next_max_excursion,0.1160977599885914,-0.2828981912950095
POOLED,2021-12-23,QQQ,2021,next_max_excursion,0.1775976842365996,0.2518227137613236
POOLED,2021-12-23,SPY,2021,next_max_excursion,0.20276048751404602,0.3985191427778467
POOLED,2021-12-27,IWM,2021,next_max_excursion,0.263378667095571,-0.41046788484252517
POOLED,2021-12-27,QQQ,2021,next_max_excursion,0.1427906772037365,-0.16883963794099976
POOLED,2021-12-27,SPY,2021,next_max_excursion,0.20343697287843868,-0.867438620940689
POOLED,2021-12-28,IWM,2021,next_max_excursion,0.1301384705924427,-0.6571193315085662
POOLED,2021-12-28,QQQ,2021,next_max_excursion,0.31707623917034977,-0.3473943604204308
POOLED,2021-12-28,SPY,2021,next_max_excursion,0.30423029810982344,-0.6628219136096574
POOLED,2021-12-29,IWM,2021,next_max_excursion,0.17952985205343483,0.05549367348357581
POOLED,2021-12-29,QQQ,2021,next_max_excursion,0.3036627570767592,-0.5939532740089764
POOLED,2021-12-29,SPY,2021,next_max_excursion,0.1985502327592028,-0.29150110778966454
POOLED,2021-12-30,IWM,2021,next_max_excursion,0.23134048257670622,-0.5338940240344874
POOLED,2021-12-30,QQQ,2021,next_max_excursion,0.3727662174026265,-0.46562226606407897
POOLED,2021-12-30,SPY,2021,next_max_excursion,0.3896981992270601,-0.9303620853994694
POOLED,2021-12-31,IWM,2021,next_max_excursion,0.10311043811608729,0.33509115687626867
POOLED,2021-12-31,QQQ,2021,next_max_excursion,0.1272607764821239,-0.2275260923024245
POOLED,2021-12-31,SPY,2021,next_max_excursion,0.2766816580930576,-0.11058416533804749
POOLED,2022-01-03,IWM,2022,next_max_excursion,0.14817954276880357,-0.18610020374121294
POOLED,2022-01-03,QQQ,2022,next_max_excursion,0.28375417156624105,0.6931506669470444
POOLED,2022-01-03,SPY,2022,next_max_excursion,0.31581115300507717,0.010781165171323437
POOLED,2022-01-04,IWM,2022,next_max_excursion,0.20833353298589968,0.9319424699096701
POOLED,2022-01-04,QQQ,2022,next_max_excursion,0.18412724004189857,0.6318136715424196
POOLED,2022-01-04,SPY,2022,next_max_excursion,0.2692297238944718,0.8970941643953756
POOLED,2022-01-05,IWM,2022,next_max_excursion,0.10629989666412423,-0.5640100534752355
POOLED,2022-01-05,QQQ,2022,next_max_excursion,0.10440885420245163,-0.30493287837643823
POOLED,2022-01-05,SPY,2022,next_max_excursion,0.2090318754021971,-0.5945774734223086
POOLED,2022-01-06,IWM,2022,next_max_excursion,0.11420838833859813,-0.3110662998220297
POOLED,2022-01-06,QQQ,2022,next_max_excursion,0.1649468899645258,0.06976918572436297
POOLED,2022-01-06,SPY,2022,next_max_excursion,0.2927229022888721,-0.38827341737990384
POOLED,2022-01-07,IWM,2022,next_max_excursion,0.202750270921882,0.08826538011280505
POOLED,2022-01-07,QQQ,2022,next_max_excursion,0.18338108608740952,0.0495416888589677
POOLED,2022-01-07,SPY,2022,next_max_excursion,0.24914524521187068,0.44047478178184285
POOLED,2022-01-10,IWM,2022,next_max_excursion,0.15556475007886886,-0.32216861086459403
POOLED,2022-01-10,QQQ,2022,next_max_excursion,0.1837824363980137,-0.015006234007643116
POOLED,2022-01-10,SPY,2022,next_max_excursion,0.15259648322053032,-0.15303983242671926
POOLED,2022-01-11,IWM,2022,next_max_excursion,0.1633841132329619,0.07731550309299884
POOLED,2022-01-11,QQQ,2022,next_max_excursion,0.16871389234775783,-0.5633522612484478
POOLED,2022-01-11,SPY,2022,next_max_excursion,0.2931255091092666,-0.6436847337174028
POOLED,2022-01-12,IWM,2022,next_max_excursion,0.2333399661851746,0.03913203317724179
POOLED,2022-01-12,QQQ,2022,next_max_excursion,0.11711485287040306,0.9600388833680285
POOLED,2022-01-12,SPY,2022,next_max_excursion,0.2519832557354453,0.8238742434883148
POOLED,2022-01-13,IWM,2022,next_max_excursion,0.23059181579165688,-0.30051066861938835
POOLED,2022-01-13,QQQ,2022,next_max_excursion,0.13389093843177996,-0.2552553391472223
POOLED,2022-01-13,SPY,2022,next_max_excursion,0.18246200409825425,-0.29084315068969246
POOLED,2022-01-14,IWM,2022,next_max_excursion,0.19354469214962697,0.4937576270671653
POOLED,2022-01-14,QQQ,2022,next_max_excursion,0.1581661190018739,-0.08946282641839431
POOLED,2022-01-14,SPY,2022,next_max_excursion,0.19161329819859232,0.09929533498608123
POOLED,2022-01-18,IWM,2022,next_max_excursion,0.11192586720297917,0.2988046804511315
POOLED,2022-01-18,QQQ,2022,next_max_excursion,0.19345911822954964,0.13241733276939094
POOLED,2022-01-18,SPY,2022,next_max_excursion,0.16143106104044713,0.5227798656065863
POOLED,2022-01-19,IWM,2022,next_max_excursion,0.19155558844436962,0.45242194294609606
POOLED,2022-01-19,QQQ,2022,next_max_excursion,0.18936587993129358,0.43088958319124826
POOLED,2022-01-19,SPY,2022,next_max_excursion,0.2335180017981889,0.6641869549006278
POOLED,2022-01-20,IWM,2022,next_max_excursion,0.34814406952150845,-0.2577643881479377
POOLED,2022-01-20,QQQ,2022,next_max_excursion,0.19544418738079516,0.21019347513515907
POOLED,2022-01-20,SPY,2022,next_max_excursion,0.1678703253420606,0.22066874392985092
POOLED,2022-01-21,IWM,2022,next_max_excursion,0.02797612704685858,0.8588509750408262
POOLED,2022-01-21,QQQ,2022,next_max_excursion,0.1373150260832199,0.7032977082751013
POOLED,2022-01-21,SPY,2022,next_max_excursion,0.15394851426770909,0.786175724953972
POOLED,2022-01-24,IWM,2022,next_max_excursion,0.05410250712573351,-0.27037628980231565
POOLED,2022-01-24,QQQ,2022,next_max_excursion,0.11569840065405411,-0.5230183427016923
POOLED,2022-01-24,SPY,2022,next_max_excursion,0.15932775303203403,-0.16062838822461423
POOLED,2022-01-25,IWM,2022,next_max_excursion,0.056395711157066264,0.5917746150107188
POOLED,2022-01-25,QQQ,2022,next_max_excursion,0.14736855904221072,0.7003795564629871
POOLED,2022-01-25,SPY,2022,next_max_excursion,0.11804793734856943,0.5883113598359797
POOLED,2022-01-26,IWM,2022,next_max_excursion,0.1665755660790826,0.3939868893493146
POOLED,2022-01-26,QQQ,2022,next_max_excursion,0.15044716110399786,0.21221086719084337
POOLED,2022-01-26,SPY,2022,next_max_excursion,0.12055376998711469,0.25766723162908667
POOLED,2022-01-27,IWM,2022,next_max_excursion,0.10728744989882509,-0.24731884840027885
POOLED,2022-01-27,QQQ,2022,next_max_excursion,0.1793575800836404,0.3286898776798983
POOLED,2022-01-27,SPY,2022,next_max_excursion,0.1598370648107229,0.42592222233187504
POOLED,2022-01-28,IWM,2022,next_max_excursion,0.12108829884797438,0.41160763494109043
POOLED,2022-01-28,QQQ,2022,next_max_excursion,0.04793853201090002,0.28342681379911916
POOLED,2022-01-28,SPY,2022,next_max_excursion,0.16033445217183237,0.24481640228169566
POOLED,2022-01-31,IWM,2022,next_max_excursion,0.09406323435536716,-0.2338174407852205
POOLED,2022-01-31,QQQ,2022,next_max_excursion,0.06020959444293193,-0.33671281980985945
POOLED,2022-01-31,SPY,2022,next_max_excursion,0.1856014573576651,-0.5152430998924116
POOLED,2022-02-01,IWM,2022,next_max_excursion,0.08038237700549618,0.043363085006402624
POOLED,2022-02-01,QQQ,2022,next_max_excursion,0.1943631175715306,-0.09423495150221228
POOLED,2022-02-01,SPY,2022,next_max_excursion,0.15603671514863413,-0.7010149358625695
POOLED,2022-02-02,IWM,2022,next_max_excursion,0.11592515862741803,-0.43478842939737294
POOLED,2022-02-02,QQQ,2022,next_max_excursion,0.21460116907344162,0.15509708498060348
POOLED,2022-02-02,SPY,2022,next_max_excursion,0.13347937064511226,0.14415003040082475
POOLED,2022-02-03,IWM,2022,next_max_excursion,0.16480653832192774,-0.1665141650554398
POOLED,2022-02-03,QQQ,2022,next_max_excursion,0.26078012862859584,0.07214317526055103
POOLED,2022-02-03,SPY,2022,next_max_excursion,0.23366564079744884,0.15176985861016234
POOLED,2022-02-04,IWM,2022,next_max_excursion,0.06705762089692616,-0.37923131712822666
POOLED,2022-02-04,QQQ,2022,next_max_excursion,0.06199523406546262,-0.3616828723944554
POOLED,2022-02-04,SPY,2022,next_max_excursion,0.22358118219181355,-0.5184749801578654
POOLED,2022-02-07,IWM,2022,next_max_excursion,0.2469395420457902,0.17313740444773362
POOLED,2022-02-07,QQQ,2022,next_max_excursion,0.12986562081607522,0.06075895389174324
POOLED,2022-02-07,SPY,2022,next_max_excursion,0.14468442528772346,0.09928149666537234
POOLED,2022-02-08,IWM,2022,next_max_excursion,0.10447877676367223,-0.4610585634811848
POOLED,2022-02-08,QQQ,2022,next_max_excursion,0.16541922233165357,-0.696166405410044
POOLED,2022-02-08,SPY,2022,next_max_excursion,0.2748261213948635,-0.6962152750250956
POOLED,2022-02-09,IWM,2022,next_max_excursion,0.09395489121519672,0.8370981716664176
POOLED,2022-02-09,QQQ,2022,next_max_excursion,0.16466710730682846,0.34305554866426435
POOLED,2022-02-09,SPY,2022,next_max_excursion,0.10915341847886045,0.5259773266281327
POOLED,2022-02-10,IWM,2022,next_max_excursion,0.08216998521519717,-0.13850668001424316
POOLED,2022-02-10,QQQ,2022,next_max_excursion,0.22665292600784392,0.5991063833478041
POOLED,2022-02-10,SPY,2022,next_max_excursion,0.23785706080652078,0.4800755755362771
POOLED,2022-02-11,IWM,2022,next_max_excursion,0.1067707635932024,-0.5506206414986661
POOLED,2022-02-11,QQQ,2022,next_max_excursion,0.0631181081669594,-0.561746595459037
POOLED,2022-02-11,SPY,2022,next_max_excursion,0.14268810640637367,-0.3936317527275488
POOLED,2022-02-14,IWM,2022,next_max_excursion,0.21550594141709442,-0.021672678129887046
POOLED,2022-02-14,QQQ,2022,next_max_excursion,0.09692411453521599,-0.5979827721101687
POOLED,2022-02-14,SPY,2022,next_max_excursion,0.17114911303452598,-0.751171332945229
POOLED,2022-02-15,IWM,2022,next_max_excursion,0.0953660165351272,-0.5105186476171051
POOLED,2022-02-15,QQQ,2022,next_max_excursion,0.12372318774775616,-0.4119947996852993
POOLED,2022-02-15,SPY,2022,next_max_excursion,0.21381891817032858,0.06102383070863571
POOLED,2022-02-16,IWM,2022,next_max_excursion,0.08634752680105745,0.2152099938583949
POOLED,2022-02-16,QQQ,2022,next_max_excursion,0.11209531509378214,0.317851852367387
POOLED,2022-02-16,SPY,2022,next_max_excursion,0.20436382208066664,0.30684916355919345
POOLED,2022-02-17,IWM,2022,next_max_excursion,0.17912635409584154,-0.40395821529123754
POOLED,2022-02-17,QQQ,2022,next_max_excursion,0.17706850569993987,0.172213859566253
POOLED,2022-02-17,SPY,2022,next_max_excursion,0.16173523949758398,-0.104102252687027
POOLED,2022-02-18,IWM,2022,next_max_excursion,0.25232624366958617,-0.07640060537450744
POOLED,2022-02-18,QQQ,2022,next_max_excursion,0.16815358475950065,-0.06005063020417811
POOLED,2022-02-18,SPY,2022,next_max_excursion,0.12229303129991384,0.14838666745450535
POOLED,2022-02-22,IWM,2022,next_max_excursion,0.06443878141380018,0.42709479772705183
POOLED,2022-02-22,QQQ,2022,next_max_excursion,0.06356383465447789,0.5639161937232675
POOLED,2022-02-22,SPY,2022,next_max_excursion,0.16125973009065128,0.6242310362620791
POOLED,2022-02-23,IWM,2022,next_max_excursion,0.033956326331778204,1.011610673984408
POOLED,2022-02-23,QQQ,2022,next_max_excursion,0.17808603931510575,1.2006862541194487
POOLED,2022-02-23,SPY,2022,next_max_excursion,0.1766502930127618,1.0867747619102737
POOLED,2022-02-24,IWM,2022,next_max_excursion,0.0767938449342858,-0.3126377928092672
POOLED,2022-02-24,QQQ,2022,next_max_excursion,0.19282901778556874,-0.7994293938686274
POOLED,2022-02-24,SPY,2022,next_max_excursion,0.17398117377028163,0.009586902835602817
POOLED,2022-02-25,IWM,2022,next_max_excursion,0.09576846410878533,0.04621365460603277
POOLED,2022-02-25,QQQ,2022,next_max_excursion,0.10944966169614148,-0.0735488636034276
POOLED,2022-02-25,SPY,2022,next_max_excursion,0.08186564927013634,-0.007429732002208311
POOLED,2022-02-28,IWM,2022,next_max_excursion,0.11388176622191518,0.3633835706996864
POOLED,2022-02-28,QQQ,2022,next_max_excursion,0.059059003513135304,0.15566216234061825
POOLED,2022-02-28,SPY,2022,next_max_excursion,0.12344014723939335,0.3800655277981595
POOLED,2022-03-01,IWM,2022,next_max_excursion,0.18738771331996837,0.09369468191045316
POOLED,2022-03-01,QQQ,2022,next_max_excursion,0.20011942318409004,-0.1826031655185485
POOLED,2022-03-01,SPY,2022,next_max_excursion,0.17615597524722393,0.1548901731017347
POOLED,2022-03-02,IWM,2022,next_max_excursion,0.14539220141969234,0.3039911660275747
POOLED,2022-03-02,QQQ,2022,next_max_excursion,0.06156170672376583,0.4474234312024814
POOLED,2022-03-02,SPY,2022,next_max_excursion,0.18857535397110092,0.1704934458468106
POOLED,2022-03-03,IWM,2022,next_max_excursion,0.0903159997862722,-0.26155807413907084
POOLED,2022-03-03,QQQ,2022,next_max_excursion,0.10572030502862124,-0.23498318645304384
POOLED,2022-03-03,SPY,2022,next_max_excursion,0.15444468010669216,-0.3100800650829534
POOLED,2022-03-04,IWM,2022,next_max_excursion,0.04112295240973072,0.5266515819069331
POOLED,2022-03-04,QQQ,2022,next_max_excursion,0.05689179696316432,0.9106163063057036
POOLED,2022-03-04,SPY,2022,next_max_excursion,0.08287445210723673,0.9269057225575632
POOLED,2022-03-07,IWM,2022,next_max_excursion,0.11106900299980281,0.30484256467243886
POOLED,2022-03-07,QQQ,2022,next_max_excursion,0.09594804792774658,0.22487443291051568
POOLED,2022-03-07,SPY,2022,next_max_excursion,0.13866459472132686,0.11857785162566081
POOLED,2022-03-08,IWM,2022,next_max_excursion,0.20431711468997638,-0.4622852614711839
POOLED,2022-03-08,QQQ,2022,next_max_excursion,0.05439435986331242,-0.5861683708690277
POOLED,2022-03-08,SPY,2022,next_max_excursion,0.13551312292331458,-0.4589746823908367
POOLED,2022-03-09,IWM,2022,next_max_excursion,0.19821524057028506,-0.1822809341828462
POOLED,2022-03-09,QQQ,2022,next_max_excursion,0.11699184253794187,-0.3723174231248443
POOLED,2022-03-09,SPY,2022,next_max_excursion,0.08066984294031529,-0.3185065920007828
POOLED,2022-03-10,IWM,2022,next_max_excursion,0.22013366229424344,0.3186754002146146
POOLED,2022-03-10,QQQ,2022,next_max_excursion,0.19554566419943759,0.6075223470868769
POOLED,2022-03-10,SPY,2022,next_max_excursion,0.17879230324006293,0.5341123730162662
POOLED,2022-03-11,IWM,2022,next_max_excursion,0.07636850829565904,0.37634140886550416
POOLED,2022-03-11,QQQ,2022,next_max_excursion,0.12922030361530243,-0.17267822463413385
POOLED,2022-03-11,SPY,2022,next_max_excursion,0.17792899079737884,-0.14571927373240712
POOLED,2022-03-14,IWM,2022,next_max_excursion,0.10833368725773418,-0.4850937920141343
POOLED,2022-03-14,QQQ,2022,next_max_excursion,0.04298353994756974,0.22970904073045428
POOLED,2022-03-14,SPY,2022,next_max_excursion,0.14913812679159408,0.18985029853890634
POOLED,2022-03-15,IWM,2022,next_max_excursion,0.1908405419189495,0.40562740191727586
POOLED,2022-03-15,QQQ,2022,next_max_excursion,0.05605418496863737,0.18024242798103884
POOLED,2022-03-15,SPY,2022,next_max_excursion,0.13613637231528658,-0.015315591567881981
POOLED,2022-03-16,IWM,2022,next_max_excursion,0.06103423910045833,0.10186939583544641
POOLED,2022-03-16,QQQ,2022,next_max_excursion,0.1968029891627987,-0.22516686226068394
POOLED,2022-03-16,SPY,2022,next_max_excursion,0.16796783197133455,0.11981718652748885
POOLED,2022-03-17,IWM,2022,next_max_excursion,0.2282363930978935,-0.14755984428802993
POOLED,2022-03-17,QQQ,2022,next_max_excursion,0.20997913155672684,0.38693322283560194
POOLED,2022-03-17,SPY,2022,next_max_excursion,0.3621480707870459,0.18986053397967861
POOLED,2022-03-18,IWM,2022,next_max_excursion,0.050088711734266184,0.04795971031548962
POOLED,2022-03-18,QQQ,2022,next_max_excursion,0.18317996457727267,-0.4049953374642534
POOLED,2022-03-18,SPY,2022,next_max_excursion,0.1214379731448651,-0.4052288151658079
POOLED,2022-03-21,IWM,2022,next_max_excursion,0.20684796023415947,-0.3250701870709687
POOLED,2022-03-21,QQQ,2022,next_max_excursion,0.19392136171462668,0.11581578043233254
POOLED,2022-03-21,SPY,2022,next_max_excursion,0.11908110836901027,-0.17144647340035846
POOLED,2022-03-22,IWM,2022,next_max_excursion,0.08145036735512323,-0.19719316299579326
POOLED,2022-03-22,QQQ,2022,next_max_excursion,0.06913955485717643,-0.4902936024414064
POOLED,2022-03-22,SPY,2022,next_max_excursion,0.19546041255073235,-0.30443071114493314
POOLED,2022-03-23,IWM,2022,next_max_excursion,0.12110638491151239,-0.6074743819464263
POOLED,2022-03-23,QQQ,2022,next_max_excursion,0.083942956865344,0.0850884000715828
POOLED,2022-03-23,SPY,2022,next_max_excursion,0.19004599969871416,0.015252001350439137
POOLED,2022-03-24,IWM,2022,next_max_excursion,0.2517058679620021,-0.5692031016724428
POOLED,2022-03-24,QQQ,2022,next_max_excursion,0.2030227739710176,-0.2623233755553951
POOLED,2022-03-24,SPY,2022,next_max_excursion,0.24339880640825107,-0.5607670444372399
POOLED,2022-03-25,IWM,2022,next_max_excursion,0.06558879854311442,-0.06748330502778899
POOLED,2022-03-25,QQQ,2022,next_max_excursion,0.15891885282581658,-0.009814766147996146
POOLED,2022-03-25,SPY,2022,next_max_excursion,0.1003198759951198,-0.14409549274414868
POOLED,2022-03-28,IWM,2022,next_max_excursion,0.11358164094556479,0.3461322902677755
POOLED,2022-03-28,QQQ,2022,next_max_excursion,0.11626749357614749,-0.6776196947965225
POOLED,2022-03-28,SPY,2022,next_max_excursion,0.17654221796361277,-0.5370956372266509
POOLED,2022-03-29,IWM,2022,next_max_excursion,0.10357687875832344,0.3517710036472259
POOLED,2022-03-29,QQQ,2022,next_max_excursion,0.20665404562489875,-0.36596772137261
POOLED,2022-03-29,SPY,2022,next_max_excursion,0.3367272489079613,-0.17028544786992317
POOLED,2022-03-30,IWM,2022,next_max_excursion,0.1285842884456689,-0.5880374450953605
POOLED,2022-03-30,QQQ,2022,next_max_excursion,0.10873355745549414,0.0870279681888233
POOLED,2022-03-30,SPY,2022,next_max_excursion,0.22060544628612033,0.4347710866762027
POOLED,2022-03-31,IWM,2022,next_max_excursion,0.2091838235412513,-0.7383667087691936
POOLED,2022-03-31,QQQ,2022,next_max_excursion,0.12001002472256786,-0.19199015114657758
POOLED,2022-03-31,SPY,2022,next_max_excursion,0.257173391778274,-0.23771552783048122
POOLED,2022-04-01,IWM,2022,next_max_excursion,0.06784786992923911,-0.34315664429159565
POOLED,2022-04-01,QQQ,2022,next_max_excursion,0.0432722993223973,0.2662382438429294
POOLED,2022-04-01,SPY,2022,next_max_excursion,0.192033406372969,-0.1802202536927231
POOLED,2022-04-04,IWM,2022,next_max_excursion,0.07204089409272176,0.6029701865363268
POOLED,2022-04-04,QQQ,2022,next_max_excursion,0.22370911404596666,0.37219885182036005
POOLED,2022-04-04,SPY,2022,next_max_excursion,0.20387363974820447,0.23895295189223997
POOLED,2022-04-05,IWM,2022,next_max_excursion,0.19016333847901323,-0.4204080154317271
POOLED,2022-04-05,QQQ,2022,next_max_excursion,0.19696936099861614,-0.1351113029670019
POOLED,2022-04-05,SPY,2022,next_max_excursion,0.32654967085305203,-0.4247737556321134
POOLED,2022-04-06,IWM,2022,next_max_excursion,0.19119668775833082,0.20883444281392727
POOLED,2022-04-06,QQQ,2022,next_max_excursion,0.15809339173438697,-0.2574875174213176
POOLED,2022-04-06,SPY,2022,next_max_excursion,0.13562735834237974,0.06575662013356176
POOLED,2022-04-07,IWM,2022,next_max_excursion,0.22456098283216666,-0.688000628983441
POOLED,2022-04-07,QQQ,2022,next_max_excursion,0.18082141868757615,-0.4195855414041203
POOLED,2022-04-07,SPY,2022,next_max_excursion,0.3367987032979113,-0.6331377874967234
POOLED,2022-04-08,IWM,2022,next_max_excursion,0.1156309817698561,-0.18920795335711205
POOLED,2022-04-08,QQQ,2022,next_max_excursion,0.2630820120425624,-0.024817276497669738
POOLED,2022-04-08,SPY,2022,next_max_excursion,0.1356229313591555,0.09852085495058471
POOLED,2022-04-11,IWM,2022,next_max_excursion,0.0891845307085642,0.04984731641443041
POOLED,2022-04-11,QQQ,2022,next_max_excursion,0.18707466010622303,0.557450564132143
POOLED,2022-04-11,SPY,2022,next_max_excursion,0.24760969765269059,0.4141423735129539
POOLED,2022-04-12,IWM,2022,next_max_excursion,0.13656737156007406,0.1257032627254917
POOLED,2022-04-12,QQQ,2022,next_max_excursion,0.2350331887994311,0.2671643865387132
POOLED,2022-04-12,SPY,2022,next_max_excursion,0.265392957041737,0.14392712963628007
POOLED,2022-04-13,IWM,2022,next_max_excursion,0.27663040353746526,-0.25890605809822986
POOLED,2022-04-13,QQQ,2022,next_max_excursion,0.271331505122241,0.3914760668749273
POOLED,2022-04-13,SPY,2022,next_max_excursion,0.26361474407816954,0.27895611301295453
POOLED,2022-04-14,IWM,2022,next_max_excursion,0.10480010529505585,-0.3575962121371141
POOLED,2022-04-14,QQQ,2022,next_max_excursion,0.20440130530428752,-0.42613126360777986
POOLED,2022-04-14,SPY,2022,next_max_excursion,0.11904016509792231,-0.45564821007673206
POOLED,2022-04-18,IWM,2022,next_max_excursion,0.17817494469368583,0.5509888208327998
POOLED,2022-04-18,QQQ,2022,next_max_excursion,0.25776952877247455,0.6199575451339983
POOLED,2022-04-18,SPY,2022,next_max_excursion,0.24058302150684108,0.7171334220806029
POOLED,2022-04-19,IWM,2022,next_max_excursion,0.15994717588751106,-0.9973361384369275
POOLED,2022-04-19,QQQ,2022,next_max_excursion,0.18914230643841862,0.14808896426474272
POOLED,2022-04-19,SPY,2022,next_max_excursion,0.2683426956106302,-0.38619968072629973
POOLED,2022-04-20,IWM,2022,next_max_excursion,0.11556533956470248,1.1655751142603417
POOLED,2022-04-20,QQQ,2022,next_max_excursion,0.2235764588491606,0.8110763094302849
POOLED,2022-04-20,SPY,2022,next_max_excursion,0.14569166582052276,1.1173470445609075
POOLED,2022-04-21,IWM,2022,next_max_excursion,0.15603990244604699,0.14480646939657715
POOLED,2022-04-21,QQQ,2022,next_max_excursion,0.170454414577394,0.2729707214043686
POOLED,2022-04-21,SPY,2022,next_max_excursion,0.2354923690560243,0.6436258060384992
POOLED,2022-04-22,IWM,2022,next_max_excursion,0.07432579125015785,-0.07513064833949201
POOLED,2022-04-22,QQQ,2022,next_max_excursion,0.16109486067369022,-0.007442803989484936
POOLED,2022-04-22,SPY,2022,next_max_excursion,0.10873798262510574,-0.22302721703384432
POOLED,2022-04-25,IWM,2022,next_max_excursion,0.0513967962055956,0.36673306823047636
POOLED,2022-04-25,QQQ,2022,next_max_excursion,0.17689539516281622,0.6970266654537629
POOLED,2022-04-25,SPY,2022,next_max_excursion,0.1609487878729004,0.5324005986699802
POOLED,2022-04-26,IWM,2022,next_max_excursion,0.09970912121096272,-0.47285016525268464
POOLED,2022-04-26,QQQ,2022,next_max_excursion,0.058785278929963325,-0.0876499269993829
POOLED,2022-04-26,SPY,2022,next_max_excursion,0.1243156675487718,0.01146118799400675
POOLED,2022-04-27,IWM,2022,next_max_excursion,0.07507542349377976,0.42148471211697425
POOLED,2022-04-27,QQQ,2022,next_max_excursion,0.0892680572599708,0.28619152422638416
POOLED,2022-04-27,SPY,2022,next_max_excursion,0.07990296887169167,0.16336079966217198
POOLED,2022-04-28,IWM,2022,next_max_excursion,0.1919846837681073,0.2263180608584614
POOLED,2022-04-28,QQQ,2022,next_max_excursion,0.09268902738201523,0.4571443385185976
POOLED,2022-04-28,SPY,2022,next_max_excursion,0.12878682344358391,0.6395197791052065
POOLED,2022-04-29,IWM,2022,next_max_excursion,0.15580755919376932,-0.3258657520397801
POOLED,2022-04-29,QQQ,2022,next_max_excursion,0.08606144939319058,-0.27196005233154574
POOLED,2022-04-29,SPY,2022,next_max_excursion,0.1752922863169087,-0.009810291545963246
POOLED,2022-05-02,IWM,2022,next_max_excursion,0.10506466983918784,-0.35601721578543266
POOLED,2022-05-02,QQQ,2022,next_max_excursion,0.15726566542405598,-0.8854138747787443
POOLED,2022-05-02,SPY,2022,next_max_excursion,0.11323494498059034,-0.5439645477240953
POOLED,2022-05-03,IWM,2022,next_max_excursion,0.11009873089450133,0.44449289074161946
POOLED,2022-05-03,QQQ,2022,next_max_excursion,0.1479985035813804,0.7224502923057567
POOLED,2022-05-03,SPY,2022,next_max_excursion,0.12697078220914934,0.928687853795946
POOLED,2022-05-04,IWM,2022,next_max_excursion,0.06461401778714138,0.6280299422925113
POOLED,2022-05-04,QQQ,2022,next_max_excursion,0.2062756064281238,0.6286893904418793
POOLED,2022-05-04,SPY,2022,next_max_excursion,0.1699000653892459,0.6693694036182922
POOLED,2022-05-05,IWM,2022,next_max_excursion,0.2098858744181714,0.009027013338446466
POOLED,2022-05-05,QQQ,2022,next_max_excursion,0.09839862319026048,-0.31898555357879266
POOLED,2022-05-05,SPY,2022,next_max_excursion,0.13917030102669845,-0.3651890655505068
POOLED,2022-05-06,IWM,2022,next_max_excursion,0.08605851542226788,0.5375322818530806
POOLED,2022-05-06,QQQ,2022,next_max_excursion,0.1694039788181461,0.15455126077781678
POOLED,2022-05-06,SPY,2022,next_max_excursion,0.16768204644109533,0.2765311408988991
POOLED,2022-05-09,IWM,2022,next_max_excursion,0.18733068717379803,0.35123342317630657
POOLED,2022-05-09,QQQ,2022,next_max_excursion,0.0473622994595834,0.03456813086797972
POOLED,2022-05-09,SPY,2022,next_max_excursion,0.17048652147430773,0.44202812812842973
POOLED,2022-05-10,IWM,2022,next_max_excursion,0.18241761855169547,0.09391067813803788
POOLED,2022-05-10,QQQ,2022,next_max_excursion,0.20700387664232206,0.17346230752886616
POOLED,2022-05-10,SPY,2022,next_max_excursion,0.18020355083994913,-0.08237536907675391
POOLED,2022-05-11,IWM,2022,next_max_excursion,0.21311925351163424,0.06188943613808373
POOLED,2022-05-11,QQQ,2022,next_max_excursion,0.047340496507658716,0.14773670717421217
POOLED,2022-05-11,SPY,2022,next_max_excursion,0.051589306172442485,-0.027004809181540246
POOLED,2022-05-12,IWM,2022,next_max_excursion,0.14115240065131132,0.14669702903291304
POOLED,2022-05-12,QQQ,2022,next_max_excursion,0.17192792624042996,0.06505919954089956
POOLED,2022-05-12,SPY,2022,next_max_excursion,0.07359181085335485,0.010311481901085884
POOLED,2022-05-13,IWM,2022,next_max_excursion,0.05490451132873002,-0.6013133183146024
POOLED,2022-05-13,QQQ,2022,next_max_excursion,0.04896801437554875,-0.7378600045437524
POOLED,2022-05-13,SPY,2022,next_max_excursion,0.19826988650953764,-0.33451330521408007
POOLED,2022-05-16,IWM,2022,next_max_excursion,0.13438977134262953,-0.3029915844436024
POOLED,2022-05-16,QQQ,2022,next_max_excursion,0.04798157433463688,-0.24586309646512206
POOLED,2022-05-16,SPY,2022,next_max_excursion,0.2089821200366997,-0.3697994792004513
POOLED,2022-05-17,IWM,2022,next_max_excursion,0.09167214094754908,0.5059487465463031
POOLED,2022-05-17,QQQ,2022,next_max_excursion,0.14248673203237536,0.8128607774487859
POOLED,2022-05-17,SPY,2022,next_max_excursion,0.1839719260017553,0.9632087660622033
POOLED,2022-05-18,IWM,2022,next_max_excursion,0.09265873991696041,-0.042244314028301755
POOLED,2022-05-18,QQQ,2022,next_max_excursion,0.14513323133982317,-0.3474010412704418
POOLED,2022-05-18,SPY,2022,next_max_excursion,0.16421693248969407,-0.2566934633548601
POOLED,2022-05-19,IWM,2022,next_max_excursion,0.1325725948976008,0.6942388715165251
POOLED,2022-05-19,QQQ,2022,next_max_excursion,0.18001974590842273,0.7756259999636419
POOLED,2022-05-19,SPY,2022,next_max_excursion,0.21117279941090972,0.7964889772269621
POOLED,2022-05-20,IWM,2022,next_max_excursion,0.03745758838076068,-0.6157293334431495
POOLED,2022-05-20,QQQ,2022,next_max_excursion,0.15989117247400164,-0.6284451109213531
POOLED,2022-05-20,SPY,2022,next_max_excursion,0.16087029804423186,-0.5456525296646331
POOLED,2022-05-23,IWM,2022,next_max_excursion,0.06561912699096117,0.2700154875863041
POOLED,2022-05-23,QQQ,2022,next_max_excursion,0.041586735007597325,0.0966366052972436
POOLED,2022-05-23,SPY,2022,next_max_excursion,0.12225646528801618,-0.004731858154067403
POOLED,2022-05-24,IWM,2022,next_max_excursion,0.2316201482984878,0.3221340128945611
POOLED,2022-05-24,QQQ,2022,next_max_excursion,0.07223722145259982,0.3045064299301017
POOLED,2022-05-24,SPY,2022,next_max_excursion,0.1501449061368942,0.15007057513154365
POOLED,2022-05-25,IWM,2022,next_max_excursion,0.06548234442452082,0.10524672383443345
POOLED,2022-05-25,QQQ,2022,next_max_excursion,0.16311420536501287,0.6079159766361872
POOLED,2022-05-25,SPY,2022,next_max_excursion,0.08961658360391771,0.4325571531004959
POOLED,2022-05-26,IWM,2022,next_max_excursion,0.12335674939482318,0.14157117029827537
POOLED,2022-05-26,QQQ,2022,next_max_excursion,0.2787618829525222,-0.024787096916147
POOLED,2022-05-26,SPY,2022,next_max_excursion,0.162154789747773,0.2319154051175687
POOLED,2022-05-27,IWM,2022,next_max_excursion,0.07608664557264591,-0.18958087495702092
POOLED,2022-05-27,QQQ,2022,next_max_excursion,0.20184665216035913,-0.151152240353718
POOLED,2022-05-27,SPY,2022,next_max_excursion,0.13028779917410277,-0.4661028831172196
POOLED,2022-05-31,IWM,2022,next_max_excursion,0.218912777487405,0.32923799486872785
POOLED,2022-05-31,QQQ,2022,next_max_excursion,0.057968227775542724,0.127299769102438
POOLED,2022-05-31,SPY,2022,next_max_excursion,0.1417290917500912,0.3881997488018265
POOLED,2022-06-01,IWM,2022,next_max_excursion,0.23555687447640777,0.07946349837808153
POOLED,2022-06-01,QQQ,2022,next_max_excursion,0.13833657132446958,0.4439816485593737
POOLED,2022-06-01,SPY,2022,next_max_excursion,0.1253761711884633,0.2543233325570182
POOLED,2022-06-02,IWM,2022,next_max_excursion,0.09127649515444111,-0.8703162882308906
POOLED,2022-06-02,QQQ,2022,next_max_excursion,0.14761519351856,-0.5074521428960823
POOLED,2022-06-02,SPY,2022,next_max_excursion,0.12822474359820424,-0.8089689153059307
POOLED,2022-06-03,IWM,2022,next_max_excursion,0.03185641990832278,-0.10472033312825246
POOLED,2022-06-03,QQQ,2022,next_max_excursion,0.1366600871354502,0.010748360922263167
POOLED,2022-06-03,SPY,2022,next_max_excursion,0.15141518953526442,-0.08408274877661714
POOLED,2022-06-06,IWM,2022,next_max_excursion,0.11512840139805082,0.5411107157301447
POOLED,2022-06-06,QQQ,2022,next_max_excursion,0.0781504470357538,0.24250045325990532
POOLED,2022-06-06,SPY,2022,next_max_excursion,0.1498771327206786,0.48094900521732464
POOLED,2022-06-07,IWM,2022,next_max_excursion,0.2529641270964252,-0.19096405619428047
POOLED,2022-06-07,QQQ,2022,next_max_excursion,0.1668083743137859,-0.7899899588502173
POOLED,2022-06-07,SPY,2022,next_max_excursion,0.2069760641128009,-0.4809883573724072
POOLED,2022-06-08,IWM,2022,next_max_excursion,0.07575584438166992,-0.0003142942313605346
POOLED,2022-06-08,QQQ,2022,next_max_excursion,0.06832964573718857,0.33980712591143236
POOLED,2022-06-08,SPY,2022,next_max_excursion,0.17676452337356036,0.5261200634085879
POOLED,2022-06-09,IWM,2022,next_max_excursion,0.08667194536039574,0.0073424643122814715
POOLED,2022-06-09,QQQ,2022,next_max_excursion,0.22324051581160834,-0.12161995249244129
POOLED,2022-06-09,SPY,2022,next_max_excursion,0.19154337234182042,-0.13964332087232556
POOLED,2022-06-10,IWM,2022,next_max_excursion,0.06070631643550895,0.3763246898287096
POOLED,2022-06-10,QQQ,2022,next_max_excursion,0.16838227563110267,0.06406886229615782
POOLED,2022-06-10,SPY,2022,next_max_excursion,0.15304431187706286,0.3496006783026955
POOLED,2022-06-13,IWM,2022,next_max_excursion,0.2230750914996928,-0.2187697660376351
POOLED,2022-06-13,QQQ,2022,next_max_excursion,0.1510494304981436,-0.25568425628284164
POOLED,2022-06-13,SPY,2022,next_max_excursion,0.11020913075065915,0.10795683544648593
POOLED,2022-06-14,IWM,2022,next_max_excursion,0.2350352443526509,-0.040496209743126066
POOLED,2022-06-14,QQQ,2022,next_max_excursion,0.15929725123867033,0.4216160029152465
POOLED,2022-06-14,SPY,2022,next_max_excursion,0.12082705159116483,0.20765055266799948
POOLED,2022-06-15,IWM,2022,next_max_excursion,0.05478480510422446,0.3207420905340874
POOLED,2022-06-15,QQQ,2022,next_max_excursion,0.05277172946104383,-0.0234229913616395
POOLED,2022-06-15,SPY,2022,next_max_excursion,0.19728258427185552,-0.05391173043237307
POOLED,2022-06-16,IWM,2022,next_max_excursion,0.07156057844748358,-0.18964716422047045
POOLED,2022-06-16,QQQ,2022,next_max_excursion,0.0336264826847449,-0.06704707841970681
POOLED,2022-06-16,SPY,2022,next_max_excursion,0.12249745678969136,-0.29255342373738635
POOLED,2022-06-17,IWM,2022,next_max_excursion,0.19866738193285735,-0.46443326955669484
POOLED,2022-06-17,QQQ,2022,next_max_excursion,0.18293730945717077,-0.17091654327547623
POOLED,2022-06-17,SPY,2022,next_max_excursion,0.13471704629258008,-0.23896463563358505
POOLED,2022-06-21,IWM,2022,next_max_excursion,0.04352832430976212,0.04795468800829239
POOLED,2022-06-21,QQQ,2022,next_max_excursion,0.23161211248274585,0.3604120293365587
POOLED,2022-06-21,SPY,2022,next_max_excursion,0.13838569486861943,0.6075512954787445
POOLED,2022-06-22,IWM,2022,next_max_excursion,0.08223642485720827,-0.4513153587419252
POOLED,2022-06-22,QQQ,2022,next_max_excursion,0.2458417791420496,-0.6745673989552463
POOLED,2022-06-22,SPY,2022,next_max_excursion,0.13878835304886164,-0.4408020977512752
POOLED,2022-06-23,IWM,2022,next_max_excursion,0.2962807333925806,0.20883142597626803
POOLED,2022-06-23,QQQ,2022,next_max_excursion,0.20663858695172382,0.3804059564053106
POOLED,2022-06-23,SPY,2022,next_max_excursion,0.09551204066842628,0.530386447396598
POOLED,2022-06-24,IWM,2022,next_max_excursion,0.2025787989628172,-0.7325651976186638
POOLED,2022-06-24,QQQ,2022,next_max_excursion,0.1618304588491439,-0.12769022645267025
POOLED,2022-06-24,SPY,2022,next_max_excursion,0.15520951936342967,-0.4623307237515837
POOLED,2022-06-27,IWM,2022,next_max_excursion,0.21976400201005106,0.46891988742112334
POOLED,2022-06-27,QQQ,2022,next_max_excursion,0.05111752968413576,0.7615946385617742
POOLED,2022-06-27,SPY,2022,next_max_excursion,0.15395466619864803,0.8864512124189359
POOLED,2022-06-28,IWM,2022,next_max_excursion,0.07456156665485765,0.004864736109551515
POOLED,2022-06-28,QQQ,2022,next_max_excursion,0.06366262582540212,-0.9681104145014352
POOLED,2022-06-28,SPY,2022,next_max_excursion,0.24526994111896525,-0.8685527481569704
POOLED,2022-06-29,IWM,2022,next_max_excursion,0.30261648267789915,0.03737824352638741
POOLED,2022-06-29,QQQ,2022,next_max_excursion,0.18929522545366992,0.08586145211358254
POOLED,2022-06-29,SPY,2022,next_max_excursion,0.2621761642847167,0.06247188089845945
POOLED,2022-06-30,IWM,2022,next_max_excursion,0.2727093735520763,-0.19961765936994613
POOLED,2022-06-30,QQQ,2022,next_max_excursion,0.22514552472417707,-0.5379072256921651
POOLED,2022-06-30,SPY,2022,next_max_excursion,0.11989011125287811,-0.131053389999515
POOLED,2022-07-01,IWM,2022,next_max_excursion,0.058224418145057265,0.3255348054102569
POOLED,2022-07-01,QQQ,2022,next_max_excursion,0.07040756732756875,0.6607612599385408
POOLED,2022-07-01,SPY,2022,next_max_excursion,0.19217098237195213,0.1573971217541983
POOLED,2022-07-05,IWM,2022,next_max_excursion,0.0644403974176805,-0.3149814338273993
POOLED,2022-07-05,QQQ,2022,next_max_excursion,0.0575950389822413,-0.5537112854601682
POOLED,2022-07-05,SPY,2022,next_max_excursion,0.07433753169495298,-0.40156280137445943
POOLED,2022-07-06,IWM,2022,next_max_excursion,0.05650933373398464,0.0020462090997748206
POOLED,2022-07-06,QQQ,2022,next_max_excursion,0.17715521005594406,0.28320971137738615
POOLED,2022-07-06,SPY,2022,next_max_excursion,0.14052963046452768,-0.012394847686197252
POOLED,2022-07-07,IWM,2022,next_max_excursion,0.2511068615568501,-0.3682813539041998
POOLED,2022-07-07,QQQ,2022,next_max_excursion,0.15519648504445216,-0.02480931540949527
POOLED,2022-07-07,SPY,2022,next_max_excursion,0.16407965894033819,-0.35572132187842254
POOLED,2022-07-08,IWM,2022,next_max_excursion,0.27290803321984985,-0.09297825063579168
POOLED,2022-07-08,QQQ,2022,next_max_excursion,0.13796470583994178,0.0624902612622833
POOLED,2022-07-08,SPY,2022,next_max_excursion,0.18938286634591564,-0.5856010967728897
POOLED,2022-07-11,IWM,2022,next_max_excursion,0.04267840623752227,-0.4557951119030301
POOLED,2022-07-11,QQQ,2022,next_max_excursion,0.184914231041344,0.25845755766156087
POOLED,2022-07-11,SPY,2022,next_max_excursion,0.15934313794209976,0.25816728728292837
POOLED,2022-07-12,IWM,2022,next_max_excursion,0.06467172528306567,0.07759820714602972
POOLED,2022-07-12,QQQ,2022,next_max_excursion,0.17993255900779484,0.3499409662393065
POOLED,2022-07-12,SPY,2022,next_max_excursion,0.1963723940746265,0.3289051173202422
POOLED,2022-07-13,IWM,2022,next_max_excursion,0.07456538561207407,-0.5119501752555085
POOLED,2022-07-13,QQQ,2022,next_max_excursion,0.1917623061043997,-0.15505220553616006
POOLED,2022-07-13,SPY,2022,next_max_excursion,0.23635536209797686,0.1264952392713683
POOLED,2022-07-14,IWM,2022,next_max_excursion,0.4872182546818698,-0.13784156119030122
POOLED,2022-07-14,QQQ,2022,next_max_excursion,0.13790867256587483,-0.8304093967348045
POOLED,2022-07-14,SPY,2022,next_max_excursion,0.11293971330190371,-0.5699899420294621
POOLED,2022-07-15,IWM,2022,next_max_excursion,0.07718237058285557,0.00080346933625286
POOLED,2022-07-15,QQQ,2022,next_max_excursion,0.1225715051447831,0.5267983144405552
POOLED,2022-07-15,SPY,2022,next_max_excursion,0.18793254805961138,0.645621220643501
POOLED,2022-07-18,IWM,2022,next_max_excursion,0.14669355400501632,0.3410686302234658
POOLED,2022-07-18,QQQ,2022,next_max_excursion,0.14851773899751916,0.08090031597357861
POOLED,2022-07-18,SPY,2022,next_max_excursion,0.09719386015262581,0.2995365296396457
POOLED,2022-07-19,IWM,2022,next_max_excursion,0.12212608088300068,0.007685307620567627
POOLED,2022-07-19,QQQ,2022,next_max_excursion,0.10735676171431002,0.07837019720965932
POOLED,2022-07-19,SPY,2022,next_max_excursion,0.18107750133853404,-0.28497735225491905
POOLED,2022-07-20,IWM,2022,next_max_excursion,0.09135154718026661,-0.32182632740186357
POOLED,2022-07-20,QQQ,2022,next_max_excursion,0.06160175096526332,-0.19713492521192322
POOLED,2022-07-20,SPY,2022,next_max_excursion,0.14926888054034335,0.08625069966659549
POOLED,2022-07-21,IWM,2022,next_max_excursion,0.16289166115449305,0.5236121501222364
POOLED,2022-07-21,QQQ,2022,next_max_excursion,0.1051297591515917,0.25937496121260617
POOLED,2022-07-21,SPY,2022,next_max_excursion,0.25562685659236667,0.24925182668670942
POOLED,2022-07-22,IWM,2022,next_max_excursion,0.2617237789342107,-0.7442579740565058
POOLED,2022-07-22,QQQ,2022,next_max_excursion,0.07613645402054436,-0.36882086858554874
POOLED,2022-07-22,SPY,2022,next_max_excursion,0.17333790826226184,-0.6658786587364611
POOLED,2022-07-25,IWM,2022,next_max_excursion,0.22995456908437745,-0.7304126766156784
POOLED,2022-07-25,QQQ,2022,next_max_excursion,0.20397607312941343,0.2140364912783994
POOLED,2022-07-25,SPY,2022,next_max_excursion,0.15037862283678063,0.06664160352525617
POOLED,2022-07-26,IWM,2022,next_max_excursion,0.23881568679854503,0.5914200280745345
POOLED,2022-07-26,QQQ,2022,next_max_excursion,0.13728251803278543,0.7736548751391199
POOLED,2022-07-26,SPY,2022,next_max_excursion,0.2003372363732929,0.857572635594114
POOLED,2022-07-27,IWM,2022,next_max_excursion,0.06330401418008419,-0.17730582267221706
POOLED,2022-07-27,QQQ,2022,next_max_excursion,0.07968554391886615,-0.4827780167655824
POOLED,2022-07-27,SPY,2022,next_max_excursion,0.17612598076262218,-0.07715174014647719
POOLED,2022-07-28,IWM,2022,next_max_excursion,0.037263420904173235,-0.642077168779811
POOLED,2022-07-28,QQQ,2022,next_max_excursion,0.16430175849262266,-0.12099680548316805
POOLED,2022-07-28,SPY,2022,next_max_excursion,0.18088324197510242,0.0043726376448685045
POOLED,2022-07-29,IWM,2022,next_max_excursion,0.07958581971117178,0.01788889002034466
POOLED,2022-07-29,QQQ,2022,next_max_excursion,0.18764883040199784,-0.0005856867450138026
POOLED,2022-07-29,SPY,2022,next_max_excursion,0.19602005655361265,-0.07443204141035498
POOLED,2022-08-01,IWM,2022,next_max_excursion,0.09287053086552961,-0.17622829784185612
POOLED,2022-08-01,QQQ,2022,next_max_excursion,0.15053571755353837,0.07627204982854519
POOLED,2022-08-01,SPY,2022,next_max_excursion,0.1920518084552661,-0.10182185641449149
POOLED,2022-08-02,IWM,2022,next_max_excursion,0.07232238883784232,-0.4490814773127374
POOLED,2022-08-02,QQQ,2022,next_max_excursion,0.16120458030600185,0.3673574254960874
POOLED,2022-08-02,SPY,2022,next_max_excursion,0.2083261863231397,0.11958335508871798
POOLED,2022-08-03,IWM,2022,next_max_excursion,0.23476039699606874,-0.5045029129175536
POOLED,2022-08-03,QQQ,2022,next_max_excursion,0.12026890079299322,-0.8842592265497933
POOLED,2022-08-03,SPY,2022,next_max_excursion,0.19912136774831904,-0.812571038796845
POOLED,2022-08-04,IWM,2022,next_max_excursion,0.22943010313295584,0.6133957576514937
POOLED,2022-08-04,QQQ,2022,next_max_excursion,0.23226803363380083,0.1471269361598191
POOLED,2022-08-04,SPY,2022,next_max_excursion,0.258062803090512,0.2627369897498868
POOLED,2022-08-05,IWM,2022,next_max_excursion,0.24109238624491414,-0.10279262629247032
POOLED,2022-08-05,QQQ,2022,next_max_excursion,0.11908637490731643,-0.20660295180653598
POOLED,2022-08-05,SPY,2022,next_max_excursion,0.23656264712067138,-0.12278506097300923
POOLED,2022-08-08,IWM,2022,next_max_excursion,0.08892330379275194,0.18330117161164683
POOLED,2022-08-08,QQQ,2022,next_max_excursion,0.18781028280988782,-0.4396267455160592
POOLED,2022-08-08,SPY,2022,next_max_excursion,0.24239118139677868,-0.7732204460233749
POOLED,2022-08-09,IWM,2022,next_max_excursion,0.29596359874136297,-0.10730836479380912
POOLED,2022-08-09,QQQ,2022,next_max_excursion,0.09211860247209144,-0.4315369689780857
POOLED,2022-08-09,SPY,2022,next_max_excursion,0.19718686185458562,-0.4368263685971785
POOLED,2022-08-10,IWM,2022,next_max_excursion,0.17032323377654074,-0.23301376406126373
POOLED,2022-08-10,QQQ,2022,next_max_excursion,0.19578712909677853,0.1629960105112911
POOLED,2022-08-10,SPY,2022,next_max_excursion,0.24931902382385632,0.03061381289766807
POOLED,2022-08-11,IWM,2022,next_max_excursion,0.09238040875556115,0.04578480858116407
POOLED,2022-08-11,QQQ,2022,next_max_excursion,0.2037647764651561,-0.15787605567270635
POOLED,2022-08-11,SPY,2022,next_max_excursion,0.3219616015787202,0.15570467857764747
POOLED,2022-08-12,IWM,2022,next_max_excursion,0.2623114228475557,-0.2424768504886794
POOLED,2022-08-12,QQQ,2022,next_max_excursion,0.20462569295490973,-0.12338551329192793
POOLED,2022-08-12,SPY,2022,next_max_excursion,0.22040242504889251,0.017580371791835248
POOLED,2022-08-15,IWM,2022,next_max_excursion,0.07253738576952737,-0.589181619790307
POOLED,2022-08-15,QQQ,2022,next_max_excursion,0.08110907867734862,-0.34179833441997065
POOLED,2022-08-15,SPY,2022,next_max_excursion,0.219220885465453,-0.0025072585998673347
POOLED,2022-08-16,IWM,2022,next_max_excursion,0.31884664659011736,-0.13689491861615988
POOLED,2022-08-16,QQQ,2022,next_max_excursion,0.12653382481368367,-0.5778524334974406
POOLED,2022-08-16,SPY,2022,next_max_excursion,0.2990039279119859,-0.10955765180968946
POOLED,2022-08-17,IWM,2022,next_max_excursion,0.1700248801652772,-0.6801594229460557
POOLED,2022-08-17,QQQ,2022,next_max_excursion,0.2595493312438693,-0.816458977111381
POOLED,2022-08-17,SPY,2022,next_max_excursion,0.20603886739783958,-0.8747880486403234
POOLED,2022-08-18,IWM,2022,next_max_excursion,0.1271348146868212,0.14063956356932295
POOLED,2022-08-18,QQQ,2022,next_max_excursion,0.2732359703878668,0.04835345385253831
POOLED,2022-08-18,SPY,2022,next_max_excursion,0.333434534912529,0.11538797801971601
POOLED,2022-08-19,IWM,2022,next_max_excursion,0.2242435705303133,-0.2576654558136724
POOLED,2022-08-19,QQQ,2022,next_max_excursion,0.08631691468016375,0.20493995725899694
POOLED,2022-08-19,SPY,2022,next_max_excursion,0.13986825698788471,0.2815150958257693
POOLED,2022-08-22,IWM,2022,next_max_excursion,0.24105641235467,-0.17971293302002334
POOLED,2022-08-22,QQQ,2022,next_max_excursion,0.1094637032822303,-0.4089725649847207
POOLED,2022-08-22,SPY,2022,next_max_excursion,0.16662275094238288,-0.4538424207433671
POOLED,2022-08-23,IWM,2022,next_max_excursion,0.24728858989787825,-0.1582646373872798
POOLED,2022-08-23,QQQ,2022,next_max_excursion,0.16246945696709875,-0.30603272876699084
POOLED,2022-08-23,SPY,2022,next_max_excursion,0.1373424470818912,-0.21084196836813618
POOLED,2022-08-24,IWM,2022,next_max_excursion,0.07752266590967076,-0.28448202635676445
POOLED,2022-08-24,QQQ,2022,next_max_excursion,0.16183997161530175,-0.026910628605306464
POOLED,2022-08-24,SPY,2022,next_max_excursion,0.18073471258199036,0.19267235033218544
POOLED,2022-08-25,IWM,2022,next_max_excursion,0.25459519450285856,1.030555478983782
POOLED,2022-08-25,QQQ,2022,next_max_excursion,0.14600479588055026,1.1511671933999534
POOLED,2022-08-25,SPY,2022,next_max_excursion,0.19419934423428847,1.258971340156708
POOLED,2022-08-26,IWM,2022,next_max_excursion,0.039998340312341,-0.6287541313741771
POOLED,2022-08-26,QQQ,2022,next_max_excursion,0.061335113440966496,-0.9736155397524211
POOLED,2022-08-26,SPY,2022,next_max_excursion,0.11561210723682117,-0.5813972233663343
POOLED,2022-08-29,IWM,2022,next_max_excursion,0.05276714950116865,0.5041688789890668
POOLED,2022-08-29,QQQ,2022,next_max_excursion,0.13478804400513464,0.5929185449774401
POOLED,2022-08-29,SPY,2022,next_max_excursion,0.09483650288892748,0.6213545848026976
POOLED,2022-08-30,IWM,2022,next_max_excursion,0.2756971892365976,-0.5906394728019819
POOLED,2022-08-30,QQQ,2022,next_max_excursion,0.2327112138588588,-0.11747149235617815
POOLED,2022-08-30,SPY,2022,next_max_excursion,0.24293512652855606,-0.02458759583532366
POOLED,2022-08-31,IWM,2022,next_max_excursion,0.08021304854835816,0.17444333653944177
POOLED,2022-08-31,QQQ,2022,next_max_excursion,0.25387478590038376,-0.1555598929505866
POOLED,2022-08-31,SPY,2022,next_max_excursion,0.15363368705019775,-0.12154119215347947
POOLED,2022-09-01,IWM,2022,next_max_excursion,0.124190579271596,0.4999685095774118
POOLED,2022-09-01,QQQ,2022,next_max_excursion,0.25864412400303477,0.5957328064364287
POOLED,2022-09-01,SPY,2022,next_max_excursion,0.18098837460481174,0.7739727332701367
POOLED,2022-09-02,IWM,2022,next_max_excursion,0.227795021009423,0.14336994062134956
POOLED,2022-09-02,QQQ,2022,next_max_excursion,0.18350760218312556,-0.08780064515745689
POOLED,2022-09-02,SPY,2022,next_max_excursion,0.1227539107810577,-0.12477740647590174
POOLED,2022-09-06,IWM,2022,next_max_excursion,0.08499402844700547,0.6063207560807133
POOLED,2022-09-06,QQQ,2022,next_max_excursion,0.08723229780562979,0.44334863454068785
POOLED,2022-09-06,SPY,2022,next_max_excursion,0.17557757679630162,0.6918158726259778
POOLED,2022-09-07,IWM,2022,next_max_excursion,0.10070850600029493,-0.019904376829410708
POOLED,2022-09-07,QQQ,2022,next_max_excursion,0.2734841545563762,0.05053626320664417
POOLED,2022-09-07,SPY,2022,next_max_excursion,0.11929344886581719,0.0666954778371851
POOLED,2022-09-08,IWM,2022,next_max_excursion,0.07753224145981132,-0.2951061261752814
POOLED,2022-09-08,QQQ,2022,next_max_excursion,0.2540450099610122,0.009404916313579648
POOLED,2022-09-08,SPY,2022,next_max_excursion,0.23284943198919317,0.032056585570314766
POOLED,2022-09-09,IWM,2022,next_max_excursion,0.0824392945024943,-0.6919147295508541
POOLED,2022-09-09,QQQ,2022,next_max_excursion,0.06532536957767945,-0.6795153111422128
POOLED,2022-09-09,SPY,2022,next_max_excursion,0.12300726559420364,-0.3548411822096105
POOLED,2022-09-12,IWM,2022,next_max_excursion,0.26652461106597714,0.4481289166329354
POOLED,2022-09-12,QQQ,2022,next_max_excursion,0.20703925527435968,1.047226865864407
POOLED,2022-09-12,SPY,2022,next_max_excursion,0.18925956963387813,1.0993342138022615
POOLED,2022-09-13,IWM,2022,next_max_excursion,0.10930826793178172,-0.5035997106326251
POOLED,2022-09-13,QQQ,2022,next_max_excursion,0.155396907465521,-1.1073337057302943
POOLED,2022-09-13,SPY,2022,next_max_excursion,0.18636717879390347,-0.6357943323719288
POOLED,2022-09-14,IWM,2022,next_max_excursion,0.04210598198362589,-0.02853375827862603
POOLED,2022-09-14,QQQ,2022,next_max_excursion,0.18348995436172924,0.1116623077426091
POOLED,2022-09-14,SPY,2022,next_max_excursion,0.17756520466231537,-0.18036834482013298
POOLED,2022-09-15,IWM,2022,next_max_excursion,0.14914284344740192,-0.3982402778708858
POOLED,2022-09-15,QQQ,2022,next_max_excursion,0.3346027330772802,-0.9064509401736647
POOLED,2022-09-15,SPY,2022,next_max_excursion,0.23752415944327873,-0.9048667887885848
POOLED,2022-09-16,IWM,2022,next_max_excursion,0.03040999445257068,0.2532163825059506
POOLED,2022-09-16,QQQ,2022,next_max_excursion,0.19632320405407436,0.21546839187201705
POOLED,2022-09-16,SPY,2022,next_max_excursion,0.1990665579259456,0.40943857548249785
POOLED,2022-09-19,IWM,2022,next_max_excursion,0.1767614647556786,-0.36110271978123887
POOLED,2022-09-19,QQQ,2022,next_max_excursion,0.18919064701857455,-0.541252171566561
POOLED,2022-09-19,SPY,2022,next_max_excursion,0.18470767365426294,-0.20833200632517457
POOLED,2022-09-20,IWM,2022,next_max_excursion,0.07393236486483826,0.5709431526871227
POOLED,2022-09-20,QQQ,2022,next_max_excursion,0.17934455494186347,0.38273732172102326
POOLED,2022-09-20,SPY,2022,next_max_excursion,0.17265067505357953,0.7439050931967164
POOLED,2022-09-21,IWM,2022,next_max_excursion,0.23733335367596275,0.26160117639189284
POOLED,2022-09-21,QQQ,2022,next_max_excursion,0.035331793054423154,-0.5472535369834617
POOLED,2022-09-21,SPY,2022,next_max_excursion,0.07871795667283545,-0.6245081952391542
POOLED,2022-09-22,IWM,2022,next_max_excursion,0.09805064583525064,0.3030004472872778
POOLED,2022-09-22,QQQ,2022,next_max_excursion,0.2159787277139847,0.42808600925533025
POOLED,2022-09-22,SPY,2022,next_max_excursion,0.2294734818566639,0.6161302886730495
POOLED,2022-09-23,IWM,2022,next_max_excursion,0.06831510633538568,0.17887966981031456
POOLED,2022-09-23,QQQ,2022,next_max_excursion,0.1664294646680041,0.03762572217673554
POOLED,2022-09-23,SPY,2022,next_max_excursion,0.05198514135825726,-0.24823889760355744
POOLED,2022-09-26,IWM,2022,next_max_excursion,0.02088835713803312,0.00069691662389193
POOLED,2022-09-26,QQQ,2022,next_max_excursion,0.1819732194761499,0.3074812998091634
POOLED,2022-09-26,SPY,2022,next_max_excursion,0.13177852079499067,0.4917928276672505
POOLED,2022-09-27,IWM,2022,next_max_excursion,0.21004624073842343,0.5676589429038463
POOLED,2022-09-27,QQQ,2022,next_max_excursion,0.1825145997501042,0.34489827075341717
POOLED,2022-09-27,SPY,2022,next_max_excursion,0.16442552707006006,0.43085341425547075
POOLED,2022-09-28,IWM,2022,next_max_excursion,0.24788068455500142,0.10445763146287756
POOLED,2022-09-28,QQQ,2022,next_max_excursion,0.1726533387512328,0.34457822056842824
POOLED,2022-09-28,SPY,2022,next_max_excursion,0.17994000577133243,0.25502262928975883
POOLED,2022-09-29,IWM,2022,next_max_excursion,0.02913647828859935,0.17503646084381685
POOLED,2022-09-29,QQQ,2022,next_max_excursion,0.07567151065513437,-0.17257123858589196
POOLED,2022-09-29,SPY,2022,next_max_excursion,0.11378814557044112,-0.03774918912211511
POOLED,2022-09-30,IWM,2022,next_max_excursion,0.09351779881242335,-0.14245889829889968
POOLED,2022-09-30,QQQ,2022,next_max_excursion,0.0958768005981734,0.1567459170608716
POOLED,2022-09-30,SPY,2022,next_max_excursion,0.08089003698772285,0.3195841776445896
POOLED,2022-10-03,IWM,2022,next_max_excursion,0.13201364902923246,-0.03434128260943803
POOLED,2022-10-03,QQQ,2022,next_max_excursion,0.058879158787495126,-0.32119676894764826
POOLED,2022-10-03,SPY,2022,next_max_excursion,0.1488631313677975,0.005431487367101084
POOLED,2022-10-04,IWM,2022,next_max_excursion,0.03731391600472152,-0.4104667762116172
POOLED,2022-10-04,QQQ,2022,next_max_excursion,0.08415557348254896,0.3428960752539685
POOLED,2022-10-04,SPY,2022,next_max_excursion,0.07882313128831804,-0.08147555042525667
POOLED,2022-10-05,IWM,2022,next_max_excursion,0.20335155525385482,-0.3509248155534932
POOLED,2022-10-05,QQQ,2022,next_max_excursion,0.08305852438433238,-0.571915459876398
POOLED,2022-10-05,SPY,2022,next_max_excursion,0.096589117748436,-0.6242227209846574
POOLED,2022-10-06,IWM,2022,next_max_excursion,0.11603239651439161,0.25485837470220885
POOLED,2022-10-06,QQQ,2022,next_max_excursion,0.23891917076466307,0.5546003849810242
POOLED,2022-10-06,SPY,2022,next_max_excursion,0.16562162336039823,0.5287363147554274
POOLED,2022-10-07,IWM,2022,next_max_excursion,0.06988025037816716,-0.2066549892276175
POOLED,2022-10-07,QQQ,2022,next_max_excursion,0.20738392870970399,0.11362068281832638
POOLED,2022-10-07,SPY,2022,next_max_excursion,0.08372724038402457,-0.05147227425491474
POOLED,2022-10-10,IWM,2022,next_max_excursion,0.09264802686222254,0.12490546552875204
POOLED,2022-10-10,QQQ,2022,next_max_excursion,0.05864291994166335,-0.23799806175622162
POOLED,2022-10-10,SPY,2022,next_max_excursion,0.16222401195841313,-0.027166015474707983
POOLED,2022-10-11,IWM,2022,next_max_excursion,0.10439421805690784,-0.3614907165026038
POOLED,2022-10-11,QQQ,2022,next_max_excursion,0.08708549226230006,-0.860057388086866
POOLED,2022-10-11,SPY,2022,next_max_excursion,0.1070211779427209,-1.0022019420002044
POOLED,2022-10-12,IWM,2022,next_max_excursion,0.0980823603170715,1.1413855249354135
POOLED,2022-10-12,QQQ,2022,next_max_excursion,0.05020833471874832,1.4850996350568573
POOLED,2022-10-12,SPY,2022,next_max_excursion,0.17115682015772254,1.6783987289049471
POOLED,2022-10-13,IWM,2022,next_max_excursion,0.14873368359723654,0.24465820268369898
POOLED,2022-10-13,QQQ,2022,next_max_excursion,0.22131756498472896,0.4299113135248209
POOLED,2022-10-13,SPY,2022,next_max_excursion,0.1256960208032739,0.360623639823916
POOLED,2022-10-14,IWM,2022,next_max_excursion,0.0824725231832942,-0.5299430237725176
POOLED,2022-10-14,QQQ,2022,next_max_excursion,0.18019054284477562,-0.5880171966652048
POOLED,2022-10-14,SPY,2022,next_max_excursion,0.10954809087018391,0.02357483865960175
POOLED,2022-10-17,IWM,2022,next_max_excursion,0.10917124833785852,0.17111931170536865
POOLED,2022-10-17,QQQ,2022,next_max_excursion,0.1596027221191819,0.7230160764792477
POOLED,2022-10-17,SPY,2022,next_max_excursion,0.15021724758305333,0.16353394795905096
POOLED,2022-10-18,IWM,2022,next_max_excursion,0.2496864689081545,-0.0965318206950938
POOLED,2022-10-18,QQQ,2022,next_max_excursion,0.05806320944820829,-0.39189995019737367
POOLED,2022-10-18,SPY,2022,next_max_excursion,0.1752668339385982,-0.45361982845413085
POOLED,2022-10-19,IWM,2022,next_max_excursion,0.1204673094717455,-0.12547207563698226
POOLED,2022-10-19,QQQ,2022,next_max_excursion,0.19470978017042131,0.06468769589828227
POOLED,2022-10-19,SPY,2022,next_max_excursion,0.19937045934519945,-0.13615333101524385
POOLED,2022-10-20,IWM,2022,next_max_excursion,0.06553704530727457,0.03778217282498231
POOLED,2022-10-20,QQQ,2022,next_max_excursion,0.30210391949036164,0.38423025479728823
POOLED,2022-10-20,SPY,2022,next_max_excursion,0.22467218707897313,0.5529759104754919
POOLED,2022-10-21,IWM,2022,next_max_excursion,0.11826552425256895,-0.45920157437864084
POOLED,2022-10-21,QQQ,2022,next_max_excursion,0.11487722659567735,-0.41470073254305273
POOLED,2022-10-21,SPY,2022,next_max_excursion,0.15581997227504132,-0.42267749337075955
POOLED,2022-10-24,IWM,2022,next_max_excursion,0.10077653384480972,0.5644232187140781
POOLED,2022-10-24,QQQ,2022,next_max_excursion,0.03590806546979036,0.001126236492142496
POOLED,2022-10-24,SPY,2022,next_max_excursion,0.13466226364629905,0.23131476394805617
POOLED,2022-10-25,IWM,2022,next_max_excursion,0.08438357990184261,-0.15335143644533566
POOLED,2022-10-25,QQQ,2022,next_max_excursion,0.1970095885096919,0.13269569424670502
POOLED,2022-10-25,SPY,2022,next_max_excursion,0.1950336467700852,0.18915056609741843
POOLED,2022-10-26,IWM,2022,next_max_excursion,0.060307493186828515,-0.7356856187257375
POOLED,2022-10-26,QQQ,2022,next_max_excursion,0.08044213476571095,-0.15846628517342687
POOLED,2022-10-26,SPY,2022,next_max_excursion,0.10572523652542364,-0.33485787924709687
POOLED,2022-10-27,IWM,2022,next_max_excursion,0.05169631257270905,0.24343195749966684
POOLED,2022-10-27,QQQ,2022,next_max_excursion,0.16755012413211198,0.7047962545087976
POOLED,2022-10-27,SPY,2022,next_max_excursion,0.20223937210183365,0.7437147578244865
POOLED,2022-10-28,IWM,2022,next_max_excursion,0.08980091766427178,-0.5365633051208167
POOLED,2022-10-28,QQQ,2022,next_max_excursion,0.1883824245731526,-0.7114114649747867
POOLED,2022-10-28,SPY,2022,next_max_excursion,0.17765159323146817,-1.0976051277665677
POOLED,2022-10-31,IWM,2022,next_max_excursion,0.07290612041516811,-0.13379662967227102
POOLED,2022-10-31,QQQ,2022,next_max_excursion,0.06502605651449125,0.5151939467959781
POOLED,2022-10-31,SPY,2022,next_max_excursion,0.16339254728440722,0.5700097913529181
POOLED,2022-11-01,IWM,2022,next_max_excursion,0.10783278810705119,0.7896164968390949
POOLED,2022-11-01,QQQ,2022,next_max_excursion,0.22230898545447272,0.6631298090790669
POOLED,2022-11-01,SPY,2022,next_max_excursion,0.15895614989328047,0.640659048365321
POOLED,2022-11-02,IWM,2022,next_max_excursion,0.09291185580952085,-0.440221041180763
POOLED,2022-11-02,QQQ,2022,next_max_excursion,0.2347690588017954,-0.7873671240474973
POOLED,2022-11-02,SPY,2022,next_max_excursion,0.15647288566311826,-0.9134839287622287
POOLED,2022-11-03,IWM,2022,next_max_excursion,0.10227883499187487,0.08129894299497042
POOLED,2022-11-03,QQQ,2022,next_max_excursion,0.13388668107230733,0.46049803175796233
POOLED,2022-11-03,SPY,2022,next_max_excursion,0.14921274444687957,0.36972050056921946
POOLED,2022-11-04,IWM,2022,next_max_excursion,0.12898573574484556,-0.5451376389004405
POOLED,2022-11-04,QQQ,2022,next_max_excursion,0.1885426534573951,-0.8158043251928655
POOLED,2022-11-04,SPY,2022,next_max_excursion,0.16449951801501494,-0.7330617384051905
POOLED,2022-11-07,IWM,2022,next_max_excursion,0.21429862570456124,-0.0030171525906528274
POOLED,2022-11-07,QQQ,2022,next_max_excursion,0.05333504681933712,-0.12877522926520335
POOLED,2022-11-07,SPY,2022,next_max_excursion,0.10924063383478874,-0.09949889552504221
POOLED,2022-11-08,IWM,2022,next_max_excursion,0.22378207061931335,0.09433952931411227
POOLED,2022-11-08,QQQ,2022,next_max_excursion,0.19981613719045332,-0.13801682180663022
POOLED,2022-11-08,SPY,2022,next_max_excursion,0.09118280497033167,0.16233064735479452
POOLED,2022-11-09,IWM,2022,next_max_excursion,0.24372907711194156,0.09532591084662201
POOLED,2022-11-09,QQQ,2022,next_max_excursion,0.03997355431239852,0.43571332855441947
POOLED,2022-11-09,SPY,2022,next_max_excursion,0.15190723087766791,0.28271039960715694
POOLED,2022-11-10,IWM,2022,next_max_excursion,0.1867805205483435,-0.13990158879438663
POOLED,2022-11-10,QQQ,2022,next_max_excursion,0.10457680305599518,-0.03135093147675416
POOLED,2022-11-10,SPY,2022,next_max_excursion,0.15903038050127077,-0.5117711586783589
POOLED,2022-11-11,IWM,2022,next_max_excursion,0.1084838937606854,-0.4382401073313664
POOLED,2022-11-11,QQQ,2022,next_max_excursion,0.057763890096315856,-0.5193183297322665
POOLED,2022-11-11,SPY,2022,next_max_excursion,0.17300808905147727,-0.3522420132987758
POOLED,2022-11-14,IWM,2022,next_max_excursion,0.1974322249724011,-0.5816989646818822
POOLED,2022-11-14,QQQ,2022,next_max_excursion,0.1720503102921369,0.24353126928667956
POOLED,2022-11-14,SPY,2022,next_max_excursion,0.17435842907022184,0.3062166654236913
POOLED,2022-11-15,IWM,2022,next_max_excursion,0.19923134987750238,-0.1356838940650782
POOLED,2022-11-15,QQQ,2022,next_max_excursion,0.24087978730204082,-0.6866656496113368
POOLED,2022-11-15,SPY,2022,next_max_excursion,0.22482545414613622,-1.0529739576484856
POOLED,2022-11-16,IWM,2022,next_max_excursion,0.22952917822584962,-0.7502326145576692
POOLED,2022-11-16,QQQ,2022,next_max_excursion,0.19511888833370356,0.17421238752959134
POOLED,2022-11-16,SPY,2022,next_max_excursion,0.1632416326781031,0.18615562789762752
POOLED,2022-11-17,IWM,2022,next_max_excursion,0.1378982529713373,-0.23922539441239277
POOLED,2022-11-17,QQQ,2022,next_max_excursion,0.2594953410642262,0.21528465092389482
POOLED,2022-11-17,SPY,2022,next_max_excursion,0.19299395017944337,0.14587739148905143
POOLED,2022-11-18,IWM,2022,next_max_excursion,0.09209483534079661,-0.6917648497158249
POOLED,2022-11-18,QQQ,2022,next_max_excursion,0.21602768622922822,-0.6129893719383643
POOLED,2022-11-18,SPY,2022,next_max_excursion,0.16970454388705755,-0.7115096986907048
POOLED,2022-11-21,IWM,2022,next_max_excursion,0.10510827894586293,-0.5818118723089194
POOLED,2022-11-21,QQQ,2022,next_max_excursion,0.09577309120337651,-0.04827858553858455
POOLED,2022-11-21,SPY,2022,next_max_excursion,0.1765610797735226,-0.10989228639447823
POOLED,2022-11-22,IWM,2022,next_max_excursion,0.2540585650537416,-0.5605139599676265
POOLED,2022-11-22,QQQ,2022,next_max_excursion,0.2106646124791247,-0.25702016323421173
POOLED,2022-11-22,SPY,2022,next_max_excursion,0.3124853277041459,-0.2059537630542705
POOLED,2022-11-23,IWM,2022,next_max_excursion,0.31170671883035544,-0.6109806742565675
POOLED,2022-11-23,QQQ,2022,next_max_excursion,0.27214628636800003,-1.5575746849383894
POOLED,2022-11-23,SPY,2022,next_max_excursion,0.1873578223024477,-1.2010156087817867
POOLED,2022-11-25,IWM,2022,next_max_excursion,0.25617214822375667,0.33361169680243297
POOLED,2022-11-25,QQQ,2022,next_max_excursion,0.10307527378467025,0.1507855570824308
POOLED,2022-11-25,SPY,2022,next_max_excursion,0.20120183365869743,0.408967255887454
POOLED,2022-11-28,IWM,2022,next_max_excursion,0.07158891846437818,-0.5589215124512812
POOLED,2022-11-28,QQQ,2022,next_max_excursion,0.08429215663931437,-0.11954435722320422
POOLED,2022-11-28,SPY,2022,next_max_excursion,0.18533243653315415,-0.46724065479370314
POOLED,2022-11-29,IWM,2022,next_max_excursion,0.10403416445352531,0.7939332665366434
POOLED,2022-11-29,QQQ,2022,next_max_excursion,0.14023659152132853,1.1912693746958207
POOLED,2022-11-29,SPY,2022,next_max_excursion,0.1784934010265895,1.1253597094774062
POOLED,2022-11-30,IWM,2022,next_max_excursion,0.09603307879375711,-0.6967536457426338
POOLED,2022-11-30,QQQ,2022,next_max_excursion,0.08868707254611402,-0.9428664536029805
POOLED,2022-11-30,SPY,2022,next_max_excursion,0.09519614711232738,-0.5746509485185225
POOLED,2022-12-01,IWM,2022,next_max_excursion,0.04977048304910766,0.4670056219462957
POOLED,2022-12-01,QQQ,2022,next_max_excursion,0.14145472749369337,-0.04382922907506703
POOLED,2022-12-01,SPY,2022,next_max_excursion,0.12725518138214567,0.20397271713224985
POOLED,2022-12-02,IWM,2022,next_max_excursion,0.06631811109593545,0.36750980538228806
POOLED,2022-12-02,QQQ,2022,next_max_excursion,0.11518538071966794,-0.04135656522062181
POOLED,2022-12-02,SPY,2022,next_max_excursion,0.21815471091165398,0.24254701648254695
POOLED,2022-12-05,IWM,2022,next_max_excursion,0.10156924526165605,0.1294208703444757
POOLED,2022-12-05,QQQ,2022,next_max_excursion,0.0770236112231539,0.4641971559265672
POOLED,2022-12-05,SPY,2022,next_max_excursion,0.2158004085048983,0.47626117074657026
POOLED,2022-12-06,IWM,2022,next_max_excursion,0.20598833207503145,-0.5699718963232723
POOLED,2022-12-06,QQQ,2022,next_max_excursion,0.06630090872494844,-0.8966147814144296
POOLED,2022-12-06,SPY,2022,next_max_excursion,0.16205536380980828,-0.6925852435985327
POOLED,2022-12-07,IWM,2022,next_max_excursion,0.24623349395474164,-0.33397776857433215
POOLED,2022-12-07,QQQ,2022,next_max_excursion,0.18313898587988495,-0.32953423534553483
POOLED,2022-12-07,SPY,2022,next_max_excursion,0.17287620309263177,-0.5621773367401355
POOLED,2022-12-08,IWM,2022,next_max_excursion,0.23676872212985706,-0.9080524135497523
POOLED,2022-12-08,QQQ,2022,next_max_excursion,0.19158858083673097,-0.4051898018018312
POOLED,2022-12-08,SPY,2022,next_max_excursion,0.19109900549436595,-0.3748698860484634
POOLED,2022-12-09,IWM,2022,next_max_excursion,0.11939729331552748,0.01623574241050907
POOLED,2022-12-09,QQQ,2022,next_max_excursion,0.07769479588687273,-0.07388191809286138
POOLED,2022-12-09,SPY,2022,next_max_excursion,0.14252683662447727,0.2627886948425058
POOLED,2022-12-12,IWM,2022,next_max_excursion,0.24475239163538515,0.8011368838119801
POOLED,2022-12-12,QQQ,2022,next_max_excursion,0.17449228327056293,1.058604174315743
POOLED,2022-12-12,SPY,2022,next_max_excursion,0.1946557187405149,1.013072880722409
POOLED,2022-12-13,IWM,2022,next_max_excursion,0.1016808856850569,-0.318415992965396
POOLED,2022-12-13,QQQ,2022,next_max_excursion,0.22470939482680077,-0.09077113588375063
POOLED,2022-12-13,SPY,2022,next_max_excursion,0.18728799593177323,-0.02707588094098945
POOLED,2022-12-14,IWM,2022,next_max_excursion,0.35126842732742114,0.06202022402883767
POOLED,2022-12-14,QQQ,2022,next_max_excursion,0.05257838172959439,0.3170516841454245
POOLED,2022-12-14,SPY,2022,next_max_excursion,0.2497182365551834,0.22347658793484282
POOLED,2022-12-15,IWM,2022,next_max_excursion,0.32525777750314655,-0.7050013775333905
POOLED,2022-12-15,QQQ,2022,next_max_excursion,0.10973088154346877,-0.2700050565963137
POOLED,2022-12-15,SPY,2022,next_max_excursion,0.23108344970474395,-0.1329869810638984
POOLED,2022-12-16,IWM,2022,next_max_excursion,0.13294754201446296,0.3063959324807737
POOLED,2022-12-16,QQQ,2022,next_max_excursion,0.1535243056990111,0.2751319862361039
POOLED,2022-12-16,SPY,2022,next_max_excursion,0.13466298102812557,0.1850542844235834
POOLED,2022-12-19,IWM,2022,next_max_excursion,0.05822819829175167,-0.08901880685521757
POOLED,2022-12-19,QQQ,2022,next_max_excursion,0.22913007718490935,-0.38733109020347545
POOLED,2022-12-19,SPY,2022,next_max_excursion,0.17645843207677428,-0.31655743157451344
POOLED,2022-12-20,IWM,2022,next_max_excursion,0.12810994526701158,-0.035859361145424984
POOLED,2022-12-20,QQQ,2022,next_max_excursion,0.24381781868097224,0.08751424136166186
POOLED,2022-12-20,SPY,2022,next_max_excursion,0.24783598974174664,0.0811538210778524
POOLED,2022-12-21,IWM,2022,next_max_excursion,0.07111563126270924,0.44019686098305133
POOLED,2022-12-21,QQQ,2022,next_max_excursion,0.10555842150279765,0.6999628802024849
POOLED,2022-12-21,SPY,2022,next_max_excursion,0.23743719453559922,0.7488950548310704
POOLED,2022-12-22,IWM,2022,next_max_excursion,0.13679614246363314,-0.927668057103368
POOLED,2022-12-22,QQQ,2022,next_max_excursion,0.09121415463607367,-0.6616270351693014
POOLED,2022-12-22,SPY,2022,next_max_excursion,0.26427788438537425,-0.5857420730999943
POOLED,2022-12-23,IWM,2022,next_max_excursion,0.25103003798509876,-0.20266192029257724
POOLED,2022-12-23,QQQ,2022,next_max_excursion,0.05529067265657814,-0.04460744100436287
POOLED,2022-12-23,SPY,2022,next_max_excursion,0.16693217889845524,-0.26892586168479937
POOLED,2022-12-27,IWM,2022,next_max_excursion,0.12754833950716207,0.3233085439798913
POOLED,2022-12-27,QQQ,2022,next_max_excursion,0.06949372638018332,-0.008498281472456348
POOLED,2022-12-27,SPY,2022,next_max_excursion,0.2658938410698685,0.3333802073144083
POOLED,2022-12-28,IWM,2022,next_max_excursion,0.3390664740434244,0.2527912106951171
POOLED,2022-12-28,QQQ,2022,next_max_excursion,0.21848947847472905,0.03161646941305829
POOLED,2022-12-28,SPY,2022,next_max_excursion,0.24276513660389792,-0.002691921245689066
POOLED,2022-12-29,IWM,2022,next_max_excursion,0.3232781757285029,-0.7146328781897537
POOLED,2022-12-29,QQQ,2022,next_max_excursion,0.08555522780399287,-0.3735094180674077
POOLED,2022-12-29,SPY,2022,next_max_excursion,0.3037987310669975,-0.6243552691741625
POOLED,2022-12-30,IWM,2022,next_max_excursion,0.26097446455166906,0.622355036970268
POOLED,2022-12-30,QQQ,2022,next_max_excursion,0.26437497889723033,0.5958212784931813
POOLED,2022-12-30,SPY,2022,next_max_excursion,0.19972152834754328,0.5572946833100261
NON_OPEX,2020-01-02,IWM,2020,next_rth_range,0.3680523762753666,-0.04291812371054071
NON_OPEX,2020-01-02,QQQ,2020,next_rth_range,0.11006596032860912,0.03692040159930787
NON_OPEX,2020-01-02,SPY,2020,next_rth_range,0.3421119526049275,0.13706996932283744
NON_OPEX,2020-01-03,IWM,2020,next_rth_range,0.22675435340005543,0.2837168669466479
NON_OPEX,2020-01-03,QQQ,2020,next_rth_range,0.232650065618042,0.40797887911065445
NON_OPEX,2020-01-03,SPY,2020,next_rth_range,0.28211312818736967,0.35206838240376026
NON_OPEX,2020-01-06,IWM,2020,next_rth_range,0.27628421212889664,-0.3535441972465678
NON_OPEX,2020-01-06,QQQ,2020,next_rth_range,0.17947203123726113,-0.7242006598493749
NON_OPEX,2020-01-06,SPY,2020,next_rth_range,0.2769426933212661,-0.7094615116688852
NON_OPEX,2020-01-07,IWM,2020,next_rth_range,0.4132821769423229,-0.0790977259958332
NON_OPEX,2020-01-07,QQQ,2020,next_rth_range,0.20732427044014254,0.4138440839113917
NON_OPEX,2020-01-07,SPY,2020,next_rth_range,0.27952880470484387,0.44801125374358275
NON_OPEX,2020-01-08,IWM,2020,next_rth_range,0.2998341852619506,-0.17529072912540755
NON_OPEX,2020-01-08,QQQ,2020,next_rth_range,0.13611531567895366,-0.4173610900020055
NON_OPEX,2020-01-08,SPY,2020,next_rth_range,0.3377698311543066,-0.7649526239017677
NON_OPEX,2020-01-09,IWM,2020,next_rth_range,0.2865188127570176,0.1000297962348986
NON_OPEX,2020-01-09,QQQ,2020,next_rth_range,0.32602504574166175,-0.21170857030941725
NON_OPEX,2020-01-09,SPY,2020,next_rth_range,0.3009875432712579,0.14697753297701865
NON_OPEX,2020-01-10,IWM,2020,next_rth_range,0.28559872262505953,0.2985694147639588
NON_OPEX,2020-01-10,QQQ,2020,next_rth_range,0.1642480616916469,0.029839340606955922
NON_OPEX,2020-01-10,SPY,2020,next_rth_range,0.3043367572157684,-0.06584300941725463
NON_OPEX,2020-01-21,IWM,2020,next_rth_range,0.27096706201078996,-0.21464544977119804
NON_OPEX,2020-01-21,QQQ,2020,next_rth_range,0.25216264122530213,-0.12135021979664273
NON_OPEX,2020-01-21,SPY,2020,next_rth_range,0.3191071309175314,-0.09182363947014771
NON_OPEX,2020-01-22,IWM,2020,next_rth_range,0.23843047758782662,0.4127626427183966
NON_OPEX,2020-01-22,QQQ,2020,next_rth_range,0.22063762260479758,0.06003807041302345
NON_OPEX,2020-01-22,SPY,2020,next_rth_range,0.32868090184023535,0.31881366820288815
NON_OPEX,2020-01-23,IWM,2020,next_rth_range,0.2865483122387254,0.5297449289378471
NON_OPEX,2020-01-23,QQQ,2020,next_rth_range,0.2887916685538573,0.7210762476788601
NON_OPEX,2020-01-23,SPY,2020,next_rth_range,0.3956959775454693,0.7656986273841637
NON_OPEX,2020-01-24,IWM,2020,next_rth_range,0.19423339551656582,-0.13819974300919302
NON_OPEX,2020-01-24,QQQ,2020,next_rth_range,0.1579065681129453,-0.2966328432078944
NON_OPEX,2020-01-24,SPY,2020,next_rth_range,0.2491379030778233,-0.2311907244382141
NON_OPEX,2020-01-27,IWM,2020,next_rth_range,0.16785929770538308,-0.050238522392078266
NON_OPEX,2020-01-27,QQQ,2020,next_rth_range,0.11025873492629422,0.13024697483203074
NON_OPEX,2020-01-27,SPY,2020,next_rth_range,0.21096088560283333,0.44828227049935787
NON_OPEX,2020-01-28,IWM,2020,next_rth_range,0.1780609699695761,-0.22677995005524565
NON_OPEX,2020-01-28,QQQ,2020,next_rth_range,0.1596330829895793,-0.3380209669098049
NON_OPEX,2020-01-28,SPY,2020,next_rth_range,0.20042613243071059,-0.4423755542438821
NON_OPEX,2020-01-29,IWM,2020,next_rth_range,0.1654876676478101,0.1815218067924249
NON_OPEX,2020-01-29,QQQ,2020,next_rth_range,0.17522214724252197,0.15511552895878733
NON_OPEX,2020-01-29,SPY,2020,next_rth_range,0.2920217222282053,0.5177070084917901
NON_OPEX,2020-01-30,IWM,2020,next_rth_range,0.20009050770621403,0.6072755539961956
NON_OPEX,2020-01-30,QQQ,2020,next_rth_range,0.22558076720176568,0.5710657525892118
NON_OPEX,2020-01-30,SPY,2020,next_rth_range,0.2615376715467032,0.6205285544029091
NON_OPEX,2020-01-31,IWM,2020,next_rth_range,0.184016109015498,-0.656052287921197
NON_OPEX,2020-01-31,QQQ,2020,next_rth_range,0.19687750669337625,-0.2653065245432442
NON_OPEX,2020-01-31,SPY,2020,next_rth_range,0.13979121934875757,-0.36419333629928374
NON_OPEX,2020-02-03,IWM,2020,next_rth_range,0.11709640270218363,-0.5244036821535367
NON_OPEX,2020-02-03,QQQ,2020,next_rth_range,0.1266244852781863,0.0709322707579485
NON_OPEX,2020-02-03,SPY,2020,next_rth_range,0.14809123701387897,-0.34747071028454624
NON_OPEX,2020-02-04,IWM,2020,next_rth_range,0.26575380183252556,-0.022726442291395976
NON_OPEX,2020-02-04,QQQ,2020,next_rth_range,0.11847286177084645,0.03198256518495857
NON_OPEX,2020-02-04,SPY,2020,next_rth_range,0.22603860834938672,-0.22117453756029892
NON_OPEX,2020-02-05,IWM,2020,next_rth_range,0.185774374073269,-0.4957174664383297
NON_OPEX,2020-02-05,QQQ,2020,next_rth_range,0.11579755303841469,-0.3932874370001178
NON_OPEX,2020-02-05,SPY,2020,next_rth_range,0.24965035884489872,-0.8393403943240472
NON_OPEX,2020-02-06,IWM,2020,next_rth_range,0.16550648448754868,-0.017277079174737864
NON_OPEX,2020-02-06,QQQ,2020,next_rth_range,0.14499030233115354,-0.40364668078627997
NON_OPEX,2020-02-06,SPY,2020,next_rth_range,0.25347318303959393,-0.17927302559384994
NON_OPEX,2020-02-07,IWM,2020,next_rth_range,0.18386003549215985,-0.43929600921863265
NON_OPEX,2020-02-07,QQQ,2020,next_rth_range,0.0979852686200116,0.217403589328101
NON_OPEX,2020-02-07,SPY,2020,next_rth_range,0.27866855899211407,0.1882435905988089
NON_OPEX,2020-02-10,IWM,2020,next_rth_range,0.2570985545289866,-0.15515702367153317
NON_OPEX,2020-02-10,QQQ,2020,next_rth_range,0.17322554693163594,-0.229603010442478
NON_OPEX,2020-02-10,SPY,2020,next_rth_range,0.1830053211069132,-0.3498240863690878
NON_OPEX,2020-02-11,IWM,2020,next_rth_range,0.12009387627443795,-0.8087239524605074
NON_OPEX,2020-02-11,QQQ,2020,next_rth_range,0.19650760754555038,-0.5659302617220421
NON_OPEX,2020-02-11,SPY,2020,next_rth_range,0.2158013383021513,-0.8509283228399047
NON_OPEX,2020-02-12,IWM,2020,next_rth_range,0.11739835531414745,0.00962309548258311
NON_OPEX,2020-02-12,QQQ,2020,next_rth_range,0.21866222395635432,0.10480608381665402
NON_OPEX,2020-02-12,SPY,2020,next_rth_range,0.2626997019017956,0.10914385519272685
NON_OPEX,2020-02-13,IWM,2020,next_rth_range,0.16945848858647708,-0.37687025803028096
NON_OPEX,2020-02-13,QQQ,2020,next_rth_range,0.33862015834362275,-0.7582899224552841
NON_OPEX,2020-02-13,SPY,2020,next_rth_range,0.2449130664680812,-0.6338723942590425
NON_OPEX,2020-02-14,IWM,2020,next_rth_range,0.10018678758939151,-0.07626726419363195
NON_OPEX,2020-02-14,QQQ,2020,next_rth_range,0.19420020698022356,-0.13085866245224587
NON_OPEX,2020-02-14,SPY,2020,next_rth_range,0.2866538149554667,-0.01978764490668361
NON_OPEX,2020-02-24,IWM,2020,next_rth_range,0.06412925870061321,0.4778576959519949
NON_OPEX,2020-02-24,QQQ,2020,next_rth_range,0.0778397279309797,0.7861740536022825
NON_OPEX,2020-02-24,SPY,2020,next_rth_range,0.1195554715901254,0.5809778122147362
NON_OPEX,2020-02-25,IWM,2020,next_rth_range,0.12107980904722697,0.04500994350633203
NON_OPEX,2020-02-25,QQQ,2020,next_rth_range,0.11830175141672365,-0.012188790878763456
NON_OPEX,2020-02-25,SPY,2020,next_rth_range,0.07856862410941794,0.08811057206762918
NON_OPEX,2020-02-26,IWM,2020,next_rth_range,0.18684834198434752,0.6370782631439349
NON_OPEX,2020-02-26,QQQ,2020,next_rth_range,0.06549580627414102,0.8466654573911936
NON_OPEX,2020-02-26,SPY,2020,next_rth_range,0.16892329614843798,0.9647827090835457
NON_OPEX,2020-02-27,IWM,2020,next_rth_range,0.051375751117941376,0.29696667183105196
NON_OPEX,2020-02-27,QQQ,2020,next_rth_range,0.11393749405383868,0.39726883155469794
NON_OPEX,2020-02-27,SPY,2020,next_rth_range,0.04729441766627764,0.5372950263944829
NON_OPEX,2020-02-28,IWM,2020,next_rth_range,0.04549868123338903,0.43273190527015704
NON_OPEX,2020-02-28,QQQ,2020,next_rth_range,0.10532762725586471,0.556040444053389
NON_OPEX,2020-02-28,SPY,2020,next_rth_range,0.09727097191494971,0.6725294979674503
NON_OPEX,2020-03-02,IWM,2020,next_rth_range,0.043190522739754766,0.5583432443532006
NON_OPEX,2020-03-02,QQQ,2020,next_rth_range,0.06241476993569212,0.4907103265796082
NON_OPEX,2020-03-02,SPY,2020,next_rth_range,0.14328837053492802,0.5669022923534319
NON_OPEX,2020-03-03,IWM,2020,next_rth_range,0.052928019070633846,-0.2954013068261374
NON_OPEX,2020-03-03,QQQ,2020,next_rth_range,0.1865368253771095,-0.1046021492703817
NON_OPEX,2020-03-03,SPY,2020,next_rth_range,0.16249298370829762,-0.008368852860635378
NON_OPEX,2020-03-04,IWM,2020,next_rth_range,0.048233717492135945,0.5998332928061529
NON_OPEX,2020-03-04,QQQ,2020,next_rth_range,0.12103241502327038,0.029539789802304206
NON_OPEX,2020-03-04,SPY,2020,next_rth_range,0.08958278242890132,0.06612050303330763
NON_OPEX,2020-03-05,IWM,2020,next_rth_range,0.09349928510880057,0.00231448467438522
NON_OPEX,2020-03-05,QQQ,2020,next_rth_range,0.07870829779015255,0.07863106148978183
NON_OPEX,2020-03-05,SPY,2020,next_rth_range,0.10813723074773499,0.16727703002718464
NON_OPEX,2020-03-06,IWM,2020,next_rth_range,0.29362021764684937,0.43001607246888085
NON_OPEX,2020-03-06,QQQ,2020,next_rth_range,0.08000690132909087,0.5253568117697895
NON_OPEX,2020-03-06,SPY,2020,next_rth_range,0.06418135847002707,0.500366338579076
NON_OPEX,2020-03-09,IWM,2020,next_rth_range,0.3516359232882791,0.4140709276159331
NON_OPEX,2020-03-09,QQQ,2020,next_rth_range,0.04238838624544709,0.26411891358137485
NON_OPEX,2020-03-09,SPY,2020,next_rth_range,0.12488265533552985,0.5900106656925832
NON_OPEX,2020-03-10,IWM,2020,next_rth_range,0.1613464255727564,0.43531271579450737
NON_OPEX,2020-03-10,QQQ,2020,next_rth_range,0.1144931019366366,0.04347027410674009
NON_OPEX,2020-03-10,SPY,2020,next_rth_range,0.07118036973126642,0.15498323947145431
NON_OPEX,2020-03-11,IWM,2020,next_rth_range,0.011954354979534853,0.5838066072047572
NON_OPEX,2020-03-11,QQQ,2020,next_rth_range,0.11351677002193114,0.8391349469927603
NON_OPEX,2020-03-11,SPY,2020,next_rth_range,0.14323772585140337,0.9512482673443103
NON_OPEX,2020-03-12,IWM,2020,next_rth_range,0.05784312428697823,0.6489625001639263
NON_OPEX,2020-03-12,QQQ,2020,next_rth_range,0.0824540678543699,0.6015296297346953
NON_OPEX,2020-03-12,SPY,2020,next_rth_range,0.06044153499704365,0.7566852620128337
NON_OPEX,2020-03-13,IWM,2020,next_rth_range,0.291955443811741,0.44430504127288817
NON_OPEX,2020-03-13,QQQ,2020,next_rth_range,0.07523417490386004,0.49897103197077763
NON_OPEX,2020-03-13,SPY,2020,next_rth_range,0.14713190160796816,0.5215256326062669
NON_OPEX,2020-03-23,IWM,2020,next_rth_range,0.3044730021090301,0.5716454485984745
NON_OPEX,2020-03-23,QQQ,2020,next_rth_range,0.25805718793543597,-0.3465673381726093
NON_OPEX,2020-03-23,SPY,2020,next_rth_range,0.06007039076112942,0.17401202481408218
NON_OPEX,2020-03-24,IWM,2020,next_rth_range,0.03475676552813978,0.17703086891451703
NON_OPEX,2020-03-24,QQQ,2020,next_rth_range,0.034822172898693,0.43454596225185593
NON_OPEX,2020-03-24,SPY,2020,next_rth_range,0.06416646528055009,0.6368530524728642
NON_OPEX,2020-03-25,IWM,2020,next_rth_range,0.29249018304311947,0.008464877803190163
NON_OPEX,2020-03-25,QQQ,2020,next_rth_range,0.07033670195929434,0.13720642382352244
NON_OPEX,2020-03-25,SPY,2020,next_rth_range,0.07283034476955319,0.15176338086366492
NON_OPEX,2020-03-26,IWM,2020,next_rth_range,0.03830439743767233,-0.01628035258987337
NON_OPEX,2020-03-26,QQQ,2020,next_rth_range,0.08451176581114826,-0.2628928757889648
NON_OPEX,2020-03-26,SPY,2020,next_rth_range,0.16813536898898043,-0.03927030303541024
NON_OPEX,2020-03-27,IWM,2020,next_rth_range,0.061314980592654326,-0.17828668685988358
NON_OPEX,2020-03-27,QQQ,2020,next_rth_range,0.14923374182177637,-0.039602650941755524
NON_OPEX,2020-03-27,SPY,2020,next_rth_range,0.06134860225252838,-0.11905887247787117
NON_OPEX,2020-03-30,IWM,2020,next_rth_range,0.2112484453617514,-0.09162850122514499
NON_OPEX,2020-03-30,QQQ,2020,next_rth_range,0.048250746071982376,-0.05477998001321449
NON_OPEX,2020-03-30,SPY,2020,next_rth_range,0.051867318777465476,-0.1442015635711038
NON_OPEX,2020-03-31,IWM,2020,next_rth_range,0.3623200837262973,0.07888171130797161
NON_OPEX,2020-03-31,QQQ,2020,next_rth_range,0.2532136226075473,0.09540408572650394
NON_OPEX,2020-03-31,SPY,2020,next_rth_range,0.07358357785150663,0.6884895922991037
NON_OPEX,2020-04-01,IWM,2020,next_rth_range,0.16176541927456026,0.24478432509514025
NON_OPEX,2020-04-01,QQQ,2020,next_rth_range,0.06739363917186994,0.3352360707223956
NON_OPEX,2020-04-01,SPY,2020,next_rth_range,0.18399850516223767,-0.22127936520311087
NON_OPEX,2020-04-02,IWM,2020,next_rth_range,0.08548350646107578,0.09110226494739626
NON_OPEX,2020-04-02,QQQ,2020,next_rth_range,0.03177458530015968,-0.2533124429549547
NON_OPEX,2020-04-02,SPY,2020,next_rth_range,0.07381484631987367,0.1072824585374148
NON_OPEX,2020-04-03,IWM,2020,next_rth_range,0.2688316823820506,-0.11105484072271299
NON_OPEX,2020-04-03,QQQ,2020,next_rth_range,0.07941960065268146,0.3278907561489377
NON_OPEX,2020-04-03,SPY,2020,next_rth_range,0.10364607684887517,0.9053408213264804
NON_OPEX,2020-04-06,IWM,2020,next_rth_range,0.028542971141916,0.2909118082377322
NON_OPEX,2020-04-06,QQQ,2020,next_rth_range,0.06245385599274541,-0.15388203664784061
NON_OPEX,2020-04-06,SPY,2020,next_rth_range,0.13338100117144056,-0.18382945288004704
NON_OPEX,2020-04-07,IWM,2020,next_rth_range,0.04371505421814912,0.10693206111305598
NON_OPEX,2020-04-07,QQQ,2020,next_rth_range,0.06635941409393442,-0.26686137256835973
NON_OPEX,2020-04-07,SPY,2020,next_rth_range,0.14555635945084378,0.2624519356526558
NON_OPEX,2020-04-08,IWM,2020,next_rth_range,0.08416567001811279,-0.5095958376250871
NON_OPEX,2020-04-08,QQQ,2020,next_rth_range,0.2084178199754589,-0.3241797198426335
NON_OPEX,2020-04-08,SPY,2020,next_rth_range,0.1614603811233703,-0.4157803668986002
NON_OPEX,2020-04-09,IWM,2020,next_rth_range,0.04430894572365152,0.08118520376709926
NON_OPEX,2020-04-09,QQQ,2020,next_rth_range,0.21474488341233633,-0.11914966955348882
NON_OPEX,2020-04-09,SPY,2020,next_rth_range,0.07399324912665571,-0.10026831251211554
NON_OPEX,2020-04-20,IWM,2020,next_rth_range,0.024949828199164432,-0.353877335245691
NON_OPEX,2020-04-20,QQQ,2020,next_rth_range,0.13837483791219762,0.5292420782335459
NON_OPEX,2020-04-20,SPY,2020,next_rth_range,0.05322431541060156,0.03036972803593363
NON_OPEX,2020-04-21,IWM,2020,next_rth_range,0.06617436772791704,-0.48736940173126353
NON_OPEX,2020-04-21,QQQ,2020,next_rth_range,0.17626322985919493,-0.3966972847603012
NON_OPEX,2020-04-21,SPY,2020,next_rth_range,0.08080707361147296,-0.3646187893120718
NON_OPEX,2020-04-22,IWM,2020,next_rth_range,0.023206759555631454,0.09550061144648758
NON_OPEX,2020-04-22,QQQ,2020,next_rth_range,0.20731474520277837,-0.07277823705715258
NON_OPEX,2020-04-22,SPY,2020,next_rth_range,0.1860355793673534,0.015085066987082563
NON_OPEX,2020-04-23,IWM,2020,next_rth_range,0.2658764612877463,-0.1498133474762704
NON_OPEX,2020-04-23,QQQ,2020,next_rth_range,0.17283182079587753,0.0036159782489741943
NON_OPEX,2020-04-23,SPY,2020,next_rth_range,0.19831284139684552,-0.048510808546025075
NON_OPEX,2020-04-24,IWM,2020,next_rth_range,0.15164962141949773,0.29084914402063644
NON_OPEX,2020-04-24,QQQ,2020,next_rth_range,0.07851651737807047,-0.8569964789618689
NON_OPEX,2020-04-24,SPY,2020,next_rth_range,0.08596508260760889,-0.3730206104647822
NON_OPEX,2020-04-27,IWM,2020,next_rth_range,0.07506784523185503,6.898439122915434e-05
NON_OPEX,2020-04-27,QQQ,2020,next_rth_range,0.180303610212015,0.5103648319807617
NON_OPEX,2020-04-27,SPY,2020,next_rth_range,0.08336472716227322,0.2523845473246018
NON_OPEX,2020-04-28,IWM,2020,next_rth_range,0.051724910009125366,0.2770403679744824
NON_OPEX,2020-04-28,QQQ,2020,next_rth_range,0.12026926570876051,-0.07595074681339531
NON_OPEX,2020-04-28,SPY,2020,next_rth_range,0.21013494896512172,-0.16587332252806952
NON_OPEX,2020-04-29,IWM,2020,next_rth_range,0.18401090142420923,-0.41960856769335564
NON_OPEX,2020-04-29,QQQ,2020,next_rth_range,0.1716930495009071,-0.623773220265929
NON_OPEX,2020-04-29,SPY,2020,next_rth_range,0.09074968972943064,-0.03786997357720612
NON_OPEX,2020-04-30,IWM,2020,next_rth_range,0.17280969338144975,0.2193171051612559
NON_OPEX,2020-04-30,QQQ,2020,next_rth_range,0.25736094991138403,0.2861853507620964
NON_OPEX,2020-04-30,SPY,2020,next_rth_range,0.17343061354744643,0.6058068977664193
NON_OPEX,2020-05-01,IWM,2020,next_rth_range,0.15460029401697775,-0.11727897667403697
NON_OPEX,2020-05-01,QQQ,2020,next_rth_range,0.12228538837006919,-0.1380678877706294
NON_OPEX,2020-05-01,SPY,2020,next_rth_range,0.07038482395289605,-0.37142896961207494
NON_OPEX,2020-05-04,IWM,2020,next_rth_range,0.035256212443976157,-0.03807404691169669
NON_OPEX,2020-05-04,QQQ,2020,next_rth_range,0.18551657818399114,-0.34425804832126516
NON_OPEX,2020-05-04,SPY,2020,next_rth_range,0.04694389570436967,0.08377916290738519
NON_OPEX,2020-05-05,IWM,2020,next_rth_range,0.05093198255488725,-0.21043935973534866
NON_OPEX,2020-05-05,QQQ,2020,next_rth_range,0.13359626235903885,-0.38432408237823523
NON_OPEX,2020-05-05,SPY,2020,next_rth_range,0.1740613836470485,-0.1865616384283939
NON_OPEX,2020-05-06,IWM,2020,next_rth_range,0.039195801820388794,-0.540639315248761
NON_OPEX,2020-05-06,QQQ,2020,next_rth_range,0.2583719958374038,-0.5052873063714838
NON_OPEX,2020-05-06,SPY,2020,next_rth_range,0.1731474032187046,-0.5295581643217631
NON_OPEX,2020-05-07,IWM,2020,next_rth_range,0.16688119435729543,0.1535076555719681
NON_OPEX,2020-05-07,QQQ,2020,next_rth_range,0.09250052428472463,-0.6193905950483583
NON_OPEX,2020-05-07,SPY,2020,next_rth_range,0.12680247402582803,-0.292392725611327
NON_OPEX,2020-05-08,IWM,2020,next_rth_range,0.14166206456355965,0.07442822821172124
NON_OPEX,2020-05-08,QQQ,2020,next_rth_range,0.10502244081075475,0.529999666738862
NON_OPEX,2020-05-08,SPY,2020,next_rth_range,0.12389171969478141,0.11852906641022543
NON_OPEX,2020-05-18,IWM,2020,next_rth_range,0.048456200977333296,0.019522713246794332
NON_OPEX,2020-05-18,QQQ,2020,next_rth_range,0.12410556718775276,-0.2082624624012661
NON_OPEX,2020-05-18,SPY,2020,next_rth_range,0.1604861802521677,-0.0848030288917343
NON_OPEX,2020-05-19,IWM,2020,next_rth_range,0.11923641152020045,-0.34562105883591787
NON_OPEX,2020-05-19,QQQ,2020,next_rth_range,0.12381665535528663,-0.47060718216057396
NON_OPEX,2020-05-19,SPY,2020,next_rth_range,0.1286746159673795,-0.6949563281234239
NON_OPEX,2020-05-20,IWM,2020,next_rth_range,0.04392153712707431,-0.27541489299326205
NON_OPEX,2020-05-20,QQQ,2020,next_rth_range,0.07970067294217277,0.2561770961919443
NON_OPEX,2020-05-20,SPY,2020,next_rth_range,0.11601795557959187,0.12488950902729279
NON_OPEX,2020-05-21,IWM,2020,next_rth_range,0.0728578300332064,-0.5223839027070847
NON_OPEX,2020-05-21,QQQ,2020,next_rth_range,0.26344583507396474,-0.4805991352544128
NON_OPEX,2020-05-21,SPY,2020,next_rth_range,0.22522814115884499,-0.5961961740133876
NON_OPEX,2020-05-22,IWM,2020,next_rth_range,0.23908759292826512,0.5204170219240645
NON_OPEX,2020-05-22,QQQ,2020,next_rth_range,0.14325136723777138,0.3578399789318718
NON_OPEX,2020-05-22,SPY,2020,next_rth_range,0.17155144669630276,0.5918419910849679
NON_OPEX,2020-05-26,IWM,2020,next_rth_range,0.012753596963036006,0.31053364145528617
NON_OPEX,2020-05-26,QQQ,2020,next_rth_range,0.21725317425306206,0.46018804220528553
NON_OPEX,2020-05-26,SPY,2020,next_rth_range,0.26194410416588915,0.2274941612372401
NON_OPEX,2020-05-27,IWM,2020,next_rth_range,0.0489547117446691,0.4158561459605874
NON_OPEX,2020-05-27,QQQ,2020,next_rth_range,0.1434770164512293,-0.11520442624960969
NON_OPEX,2020-05-27,SPY,2020,next_rth_range,0.13373070680012342,-0.16437438466789267
NON_OPEX,2020-05-28,IWM,2020,next_rth_range,0.2284315138066486,-0.5162699278356566
NON_OPEX,2020-05-28,QQQ,2020,next_rth_range,0.20922418098372952,0.22134453541722676
NON_OPEX,2020-05-28,SPY,2020,next_rth_range,0.13329418733744816,0.23621969689102418
NON_OPEX,2020-05-29,IWM,2020,next_rth_range,0.0244214646258019,-0.1023908053408169
NON_OPEX,2020-05-29,QQQ,2020,next_rth_range,0.08763129045976387,-0.45783062445155576
NON_OPEX,2020-05-29,SPY,2020,next_rth_range,0.13878023493690392,-0.36799703679487283
NON_OPEX,2020-06-01,IWM,2020,next_rth_range,0.16906951746420137,-0.40240590959184885
NON_OPEX,2020-06-01,QQQ,2020,next_rth_range,0.17046432868314307,0.23846901479629246
NON_OPEX,2020-06-01,SPY,2020,next_rth_range,0.15599162274787678,-0.14265371003597238
NON_OPEX,2020-06-02,IWM,2020,next_rth_range,0.12802937136033682,-0.048358134511870876
NON_OPEX,2020-06-02,QQQ,2020,next_rth_range,0.13208869446092217,-0.5101395527647883
NON_OPEX,2020-06-02,SPY,2020,next_rth_range,0.14060521007437396,-0.05668896263911538
NON_OPEX,2020-06-03,IWM,2020,next_rth_range,0.190540888205936,-0.3105680597571938
NON_OPEX,2020-06-03,QQQ,2020,next_rth_range,0.10337882515443847,0.3743362210201848
NON_OPEX,2020-06-03,SPY,2020,next_rth_range,0.11654618860066203,0.10748555048120156
NON_OPEX,2020-06-04,IWM,2020,next_rth_range,0.2253884697595682,-0.09674813258039805
NON_OPEX,2020-06-04,QQQ,2020,next_rth_range,0.2325036572817946,0.22348096515531113
NON_OPEX,2020-06-04,SPY,2020,next_rth_range,0.2259948709883199,-0.02855539154796105
NON_OPEX,2020-06-05,IWM,2020,next_rth_range,0.2576712681925447,-0.66382953366438
NON_OPEX,2020-06-05,QQQ,2020,next_rth_range,0.12514213241445324,-0.043195979608141144
NON_OPEX,2020-06-05,SPY,2020,next_rth_range,0.2275504097245723,-0.1382616128494245
NON_OPEX,2020-06-08,IWM,2020,next_rth_range,0.052157858274301576,-0.013838941918470127
NON_OPEX,2020-06-08,QQQ,2020,next_rth_range,0.07064432552913816,0.021751141353984593
NON_OPEX,2020-06-08,SPY,2020,next_rth_range,0.08256881595059083,-0.035688279574105586
NON_OPEX,2020-06-09,IWM,2020,next_rth_range,0.27915274336775986,0.20223628773206714
NON_OPEX,2020-06-09,QQQ,2020,next_rth_range,0.09182151807290186,-0.10097750776404091
NON_OPEX,2020-06-09,SPY,2020,next_rth_range,0.22379383943157838,-0.10142004840634922
NON_OPEX,2020-06-10,IWM,2020,next_rth_range,0.04775172764391423,0.45850608328679643
NON_OPEX,2020-06-10,QQQ,2020,next_rth_range,0.15661991444137166,1.0071982972460138
NON_OPEX,2020-06-10,SPY,2020,next_rth_range,0.18595007618367979,1.0384358958405135
NON_OPEX,2020-06-11,IWM,2020,next_rth_range,0.22340812277357805,0.2647635475039931
NON_OPEX,2020-06-11,QQQ,2020,next_rth_range,0.20484816593553817,0.30971969621790896
NON_OPEX,2020-06-11,SPY,2020,next_rth_range,0.21284326472733026,0.2888346825548309
NON_OPEX,2020-06-12,IWM,2020,next_rth_range,0.04123397303358729,0.4892733890982721
NON_OPEX,2020-06-12,QQQ,2020,next_rth_range,0.15196633756596772,0.26503770927073145
NON_OPEX,2020-06-12,SPY,2020,next_rth_range,0.1191255338638483,0.46934231303954377
NON_OPEX,2020-06-22,IWM,2020,next_rth_range,0.1646658091593291,-0.5981915638581974
NON_OPEX,2020-06-22,QQQ,2020,next_rth_range,0.10226462718876611,-0.045657603172001515
NON_OPEX,2020-06-22,SPY,2020,next_rth_range,0.19534316586571662,-0.4475677767022379
NON_OPEX,2020-06-24,IWM,2020,next_rth_range,0.1045621532251076,0.046617905738462806
NON_OPEX,2020-06-24,QQQ,2020,next_rth_range,0.1258636229235069,0.010747573450989645
NON_OPEX,2020-06-24,SPY,2020,next_rth_range,0.1403839170399521,0.0598471582789748
NON_OPEX,2020-06-25,IWM,2020,next_rth_range,0.2705132175099844,-0.12751327890087838
NON_OPEX,2020-06-25,QQQ,2020,next_rth_range,0.23454939908931044,0.3054198958405654
NON_OPEX,2020-06-25,SPY,2020,next_rth_range,0.11475520163523589,0.23326681294092033
NON_OPEX,2020-06-26,IWM,2020,next_rth_range,0.12686080062366603,0.3663964474742496
NON_OPEX,2020-06-26,QQQ,2020,next_rth_range,0.13954468508953666,0.10336048023782318
NON_OPEX,2020-06-26,SPY,2020,next_rth_range,0.22295419483051043,-0.007109691003047036
NON_OPEX,2020-06-29,IWM,2020,next_rth_range,0.09708393689297307,-0.3555387486817003
NON_OPEX,2020-06-29,QQQ,2020,next_rth_range,0.227355004612757,0.13678859244824926
NON_OPEX,2020-06-29,SPY,2020,next_rth_range,0.17002465241216516,0.1518325428889753
NON_OPEX,2020-06-30,IWM,2020,next_rth_range,0.064264140680204,-0.06329096979499171
NON_OPEX,2020-06-30,QQQ,2020,next_rth_range,0.12128243451181536,-0.10320749879010549
NON_OPEX,2020-06-30,SPY,2020,next_rth_range,0.09346400760216103,-0.701028508245261
NON_OPEX,2020-07-01,IWM,2020,next_rth_range,0.08675140382592593,-0.04237079392343146
NON_OPEX,2020-07-01,QQQ,2020,next_rth_range,0.2059329530357133,-0.5655836444377806
NON_OPEX,2020-07-01,SPY,2020,next_rth_range,0.287509800493038,0.03411307365204319
NON_OPEX,2020-07-02,IWM,2020,next_rth_range,0.1387722544961605,-0.25864398108133146
NON_OPEX,2020-07-02,QQQ,2020,next_rth_range,0.13442999532917416,-0.04925661746928345
NON_OPEX,2020-07-02,SPY,2020,next_rth_range,0.09560493645509276,-0.792202927532319
NON_OPEX,2020-07-06,IWM,2020,next_rth_range,0.12238515806903683,-0.009425601431416908
NON_OPEX,2020-07-06,QQQ,2020,next_rth_range,0.08347502011210835,0.213042327987214
NON_OPEX,2020-07-06,SPY,2020,next_rth_range,0.09433328497859088,0.29332061987774605
NON_OPEX,2020-07-07,IWM,2020,next_rth_range,0.05974516874994148,0.10440510856245666
NON_OPEX,2020-07-07,QQQ,2020,next_rth_range,0.11869915851387776,-0.2628980564867964
NON_OPEX,2020-07-07,SPY,2020,next_rth_range,0.13951173066790473,-0.19249707841994823
NON_OPEX,2020-07-08,IWM,2020,next_rth_range,0.11833113066902064,0.4463862923409203
NON_OPEX,2020-07-08,QQQ,2020,next_rth_range,0.2155488229868158,0.2621890942143552
NON_OPEX,2020-07-08,SPY,2020,next_rth_range,0.1446279431195609,0.4489904342185458
NON_OPEX,2020-07-09,IWM,2020,next_rth_range,0.08046540711283053,-0.24323572862042075
NON_OPEX,2020-07-09,QQQ,2020,next_rth_range,0.15101459600386305,-0.04928024599779768
NON_OPEX,2020-07-09,SPY,2020,next_rth_range,0.14211903248962537,7.462751954978586e-05
NON_OPEX,2020-07-10,IWM,2020,next_rth_range,0.14509682493649684,0.5294439311493524
NON_OPEX,2020-07-10,QQQ,2020,next_rth_range,0.12652672017711897,0.9697622183386998
NON_OPEX,2020-07-10,SPY,2020,next_rth_range,0.13063473780861976,0.6385407120767894
NON_OPEX,2020-07-20,IWM,2020,next_rth_range,0.09195095986675379,-0.26135741182796135
NON_OPEX,2020-07-20,QQQ,2020,next_rth_range,0.11143594565254786,-0.13464740461821023
NON_OPEX,2020-07-20,SPY,2020,next_rth_range,0.2149759969672425,-0.2924899786742978
NON_OPEX,2020-07-21,IWM,2020,next_rth_range,0.0832351793419539,-0.4505081852520574
NON_OPEX,2020-07-21,QQQ,2020,next_rth_range,0.15114977983798758,-0.3574087910764341
NON_OPEX,2020-07-21,SPY,2020,next_rth_range,0.24475569730270919,-0.2007140309642832
NON_OPEX,2020-07-22,IWM,2020,next_rth_range,0.07220712142807716,0.5044325476869354
NON_OPEX,2020-07-22,QQQ,2020,next_rth_range,0.17392282935982004,0.7177466053081103
NON_OPEX,2020-07-22,SPY,2020,next_rth_range,0.15048932321731942,0.6314447016499667
NON_OPEX,2020-07-23,IWM,2020,next_rth_range,0.13536161403179642,-0.35912278820981314
NON_OPEX,2020-07-23,QQQ,2020,next_rth_range,0.16939870942019275,-0.0678070102198216
NON_OPEX,2020-07-23,SPY,2020,next_rth_range,0.17756572099203322,-0.46042428473622365
NON_OPEX,2020-07-24,IWM,2020,next_rth_range,0.10016375004371782,-0.016909647820238405
NON_OPEX,2020-07-24,QQQ,2020,next_rth_range,0.1199991065284164,-0.26757820351513484
NON_OPEX,2020-07-24,SPY,2020,next_rth_range,0.19810117688361537,-0.33504737198947776
NON_OPEX,2020-07-27,IWM,2020,next_rth_range,0.08439678953748153,-0.2102589994590618
NON_OPEX,2020-07-27,QQQ,2020,next_rth_range,0.19167356260172164,-0.2614713316005286
NON_OPEX,2020-07-27,SPY,2020,next_rth_range,0.12361943040239619,-0.12265739069125114
NON_OPEX,2020-07-28,IWM,2020,next_rth_range,0.11217951942620984,0.10193424641436266
NON_OPEX,2020-07-28,QQQ,2020,next_rth_range,0.13031002705885278,-0.36744431613499984
NON_OPEX,2020-07-28,SPY,2020,next_rth_range,0.22606457423804693,0.11607221529550404
NON_OPEX,2020-07-29,IWM,2020,next_rth_range,0.1521023192651877,0.09476050578943784
NON_OPEX,2020-07-29,QQQ,2020,next_rth_range,0.1680779073285177,0.31685540466025053
NON_OPEX,2020-07-29,SPY,2020,next_rth_range,0.17395971085911316,0.28577943621441104
NON_OPEX,2020-07-30,IWM,2020,next_rth_range,0.05290262860973012,0.3042754248975976
NON_OPEX,2020-07-30,QQQ,2020,next_rth_range,0.17735565619434115,0.06256750196566241
NON_OPEX,2020-07-30,SPY,2020,next_rth_range,0.20337834356702203,0.25977612923443516
NON_OPEX,2020-07-31,IWM,2020,next_rth_range,0.0781159296601238,-0.16884199641210174
NON_OPEX,2020-07-31,QQQ,2020,next_rth_range,0.12277633783728972,-0.8545533520058086
NON_OPEX,2020-07-31,SPY,2020,next_rth_range,0.19983181021800117,-0.860829996190593
NON_OPEX,2020-08-03,IWM,2020,next_rth_range,0.08982115636216484,-0.38467099383893455
NON_OPEX,2020-08-03,QQQ,2020,next_rth_range,0.15539144458626872,-0.3323403906448492
NON_OPEX,2020-08-03,SPY,2020,next_rth_range,0.19355114844212823,-0.27014852475193507
NON_OPEX,2020-08-04,IWM,2020,next_rth_range,0.03697950967896526,-0.1057356657862254
NON_OPEX,2020-08-04,QQQ,2020,next_rth_range,0.16542622637797497,-0.684675091571278
NON_OPEX,2020-08-04,SPY,2020,next_rth_range,0.25715950828906126,-0.8275510381548834
NON_OPEX,2020-08-05,IWM,2020,next_rth_range,0.2057941452457701,-0.4843920828505812
NON_OPEX,2020-08-05,QQQ,2020,next_rth_range,0.22706441411316886,0.5089793082300282
NON_OPEX,2020-08-05,SPY,2020,next_rth_range,0.1343069388399002,0.3479935435578261
NON_OPEX,2020-08-06,IWM,2020,next_rth_range,0.29974380706871584,0.26785960305322565
NON_OPEX,2020-08-06,QQQ,2020,next_rth_range,0.1897117238121784,0.30048106636682625
NON_OPEX,2020-08-06,SPY,2020,next_rth_range,0.2441143196767083,-0.06541134743622035
NON_OPEX,2020-08-07,IWM,2020,next_rth_range,0.03881430647903191,-0.23691762480076672
NON_OPEX,2020-08-07,QQQ,2020,next_rth_range,0.06284724078988331,0.11100435153332544
NON_OPEX,2020-08-07,SPY,2020,next_rth_range,0.26722540662330435,0.02682108722583809
NON_OPEX,2020-08-10,IWM,2020,next_rth_range,0.02430677857723019,0.42254194843661663
NON_OPEX,2020-08-10,QQQ,2020,next_rth_range,0.1965066007575643,0.25284428026178585
NON_OPEX,2020-08-10,SPY,2020,next_rth_range,0.231175228255548,0.6680039591000728
NON_OPEX,2020-08-11,IWM,2020,next_rth_range,0.06341539960686847,-0.24234541174501256
NON_OPEX,2020-08-11,QQQ,2020,next_rth_range,0.1708275500229496,0.16219932243203106
NON_OPEX,2020-08-11,SPY,2020,next_rth_range,0.1659269611903777,-0.29555790671007287
NON_OPEX,2020-08-12,IWM,2020,next_rth_range,0.12496556791066409,-0.24160740314026796
NON_OPEX,2020-08-12,QQQ,2020,next_rth_range,0.1342770900395286,-0.38317021236554893
NON_OPEX,2020-08-12,SPY,2020,next_rth_range,0.24413658956739692,-0.25542572415071696
NON_OPEX,2020-08-13,IWM,2020,next_rth_range,0.08862767845055973,-0.19486198681665812
NON_OPEX,2020-08-13,QQQ,2020,next_rth_range,0.11799681939954625,-0.46716278317483617
NON_OPEX,2020-08-13,SPY,2020,next_rth_range,0.2539689057417983,-0.5655531281262691
NON_OPEX,2020-08-14,IWM,2020,next_rth_range,0.07494030483785062,-0.48993432911886625
NON_OPEX,2020-08-14,QQQ,2020,next_rth_range,0.12137862016399051,0.0054735138049872845
NON_OPEX,2020-08-14,SPY,2020,next_rth_range,0.21891777356911138,-0.6207805041966479
NON_OPEX,2020-08-24,IWM,2020,next_rth_range,0.09558310818647388,-0.07554394861828406
NON_OPEX,2020-08-24,QQQ,2020,next_rth_range,0.14171951806712774,-0.13029465305830978
NON_OPEX,2020-08-24,SPY,2020,next_rth_range,0.15120278016732427,-0.5057086926749541
NON_OPEX,2020-08-25,IWM,2020,next_rth_range,0.1171348752800824,-0.3101817472881354
NON_OPEX,2020-08-25,QQQ,2020,next_rth_range,0.1656264525941407,0.5462088564998435
NON_OPEX,2020-08-25,SPY,2020,next_rth_range,0.251444049096862,0.36259841214571065
NON_OPEX,2020-08-26,IWM,2020,next_rth_range,0.2248878737220583,0.24054724341971223
NON_OPEX,2020-08-26,QQQ,2020,next_rth_range,0.09422818710348078,0.10791140533196764
NON_OPEX,2020-08-26,SPY,2020,next_rth_range,0.11875135645774294,0.11745862157166709
NON_OPEX,2020-08-27,IWM,2020,next_rth_range,0.06451046910965344,-0.4595903176141416
NON_OPEX,2020-08-27,QQQ,2020,next_rth_range,0.20939847004320933,-0.6751845517973605
NON_OPEX,2020-08-27,SPY,2020,next_rth_range,0.2854890932733443,-0.2114485769671104
NON_OPEX,2020-08-28,IWM,2020,next_rth_range,0.051398111347809805,0.14204200688518664
NON_OPEX,2020-08-28,QQQ,2020,next_rth_range,0.08896725095640376,0.19423448977826752
NON_OPEX,2020-08-28,SPY,2020,next_rth_range,0.3046783680918245,-0.14827990440392913
NON_OPEX,2020-08-31,IWM,2020,next_rth_range,0.23142896949211558,0.3693627762649503
NON_OPEX,2020-08-31,QQQ,2020,next_rth_range,0.11615636770654746,0.0445516861626265
NON_OPEX,2020-08-31,SPY,2020,next_rth_range,0.2523976913311317,0.3041198368962572
NON_OPEX,2020-09-01,IWM,2020,next_rth_range,0.05709635565981032,0.14716202850644944
NON_OPEX,2020-09-01,QQQ,2020,next_rth_range,0.12688973585794433,0.45225611731116055
NON_OPEX,2020-09-01,SPY,2020,next_rth_range,0.18881135581223188,0.5629120977944204
NON_OPEX,2020-09-02,IWM,2020,next_rth_range,0.09857558015606578,0.7693288569812458
NON_OPEX,2020-09-02,QQQ,2020,next_rth_range,0.08539129339399093,1.006500375612744
NON_OPEX,2020-09-02,SPY,2020,next_rth_range,0.1310792186622867,1.2933092459708893
NON_OPEX,2020-09-03,IWM,2020,next_rth_range,0.09436446604424288,0.6465496659210155
NON_OPEX,2020-09-03,QQQ,2020,next_rth_range,0.12789608008112696,0.7421832588592738
NON_OPEX,2020-09-03,SPY,2020,next_rth_range,0.22139343147850768,0.6376124746544232
NON_OPEX,2020-09-04,IWM,2020,next_rth_range,0.03549843144417844,-0.11310758083240824
NON_OPEX,2020-09-04,QQQ,2020,next_rth_range,0.06388239013064159,-0.12576463302697904
NON_OPEX,2020-09-04,SPY,2020,next_rth_range,0.15247750128499998,0.3122125196496004
NON_OPEX,2020-09-08,IWM,2020,next_rth_range,0.1801769858236417,-0.3137407555800076
NON_OPEX,2020-09-08,QQQ,2020,next_rth_range,0.19732388825767652,-0.04801830544317509
NON_OPEX,2020-09-08,SPY,2020,next_rth_range,0.07904311738265435,-0.11600047011971526
NON_OPEX,2020-09-09,IWM,2020,next_rth_range,0.08886453859911563,0.41045087066208463
NON_OPEX,2020-09-09,QQQ,2020,next_rth_range,0.09009776459468767,0.5074016344709964
NON_OPEX,2020-09-09,SPY,2020,next_rth_range,0.15315865545650595,0.5747348237814003
NON_OPEX,2020-09-10,IWM,2020,next_rth_range,0.1872000824671205,0.0942337045274182
NON_OPEX,2020-09-10,QQQ,2020,next_rth_range,0.08831845855337225,0.006496473607649822
NON_OPEX,2020-09-10,SPY,2020,next_rth_range,0.1497122582624777,-0.07091336974312856
NON_OPEX,2020-09-11,IWM,2020,next_rth_range,0.04265323711744187,0.06148391381417939
NON_OPEX,2020-09-11,QQQ,2020,next_rth_range,0.19083400279055696,-0.5167030887698765
NON_OPEX,2020-09-11,SPY,2020,next_rth_range,0.13087807465872217,0.13304347050812382
NON_OPEX,2020-09-21,IWM,2020,next_rth_range,0.10223263024961012,-0.18469870082608564
NON_OPEX,2020-09-21,QQQ,2020,next_rth_range,0.08592935229925211,0.05099778918477016
NON_OPEX,2020-09-21,SPY,2020,next_rth_range,0.07836500265489496,0.06211375378062289
NON_OPEX,2020-09-22,IWM,2020,next_rth_range,0.07584536424560455,0.6074843071252238
NON_OPEX,2020-09-22,QQQ,2020,next_rth_range,0.09557942096969563,0.4180726365793146
NON_OPEX,2020-09-22,SPY,2020,next_rth_range,0.19337430744170508,0.6682181212526013
NON_OPEX,2020-09-23,IWM,2020,next_rth_range,0.037852102298025894,0.1611036234815102
NON_OPEX,2020-09-23,QQQ,2020,next_rth_range,0.15646636389534402,0.12266705745817141
NON_OPEX,2020-09-23,SPY,2020,next_rth_range,0.0905486510218843,0.1744028179924726
NON_OPEX,2020-09-24,IWM,2020,next_rth_range,0.05852171969167476,-0.1927165699647424
NON_OPEX,2020-09-24,QQQ,2020,next_rth_range,0.1429167342037322,0.25181978260658333
NON_OPEX,2020-09-24,SPY,2020,next_rth_range,0.2568841510663477,0.3505855708279322
NON_OPEX,2020-09-25,IWM,2020,next_rth_range,0.19093991132429874,0.1978526766725972
NON_OPEX,2020-09-25,QQQ,2020,next_rth_range,0.05431168668284882,-0.19890964190641114
NON_OPEX,2020-09-25,SPY,2020,next_rth_range,0.1915210461509461,-0.7697390707921867
NON_OPEX,2020-09-28,IWM,2020,next_rth_range,0.19850012036739342,-0.4579149479188862
NON_OPEX,2020-09-28,QQQ,2020,next_rth_range,0.13433292451637463,-0.9579481339875082
NON_OPEX,2020-09-28,SPY,2020,next_rth_range,0.17405120963078655,-0.2584807198591861
NON_OPEX,2020-09-29,IWM,2020,next_rth_range,0.2724509138688117,0.19570629894043545
NON_OPEX,2020-09-29,QQQ,2020,next_rth_range,0.16337763935222915,0.24313671455585428
NON_OPEX,2020-09-29,SPY,2020,next_rth_range,0.16686001344791007,0.2543447742076914
NON_OPEX,2020-09-30,IWM,2020,next_rth_range,0.1580468976271388,-0.2460337996438362
NON_OPEX,2020-09-30,QQQ,2020,next_rth_range,0.1693409501839198,-0.5643707019672188
NON_OPEX,2020-09-30,SPY,2020,next_rth_range,0.1361003696530792,-0.3054915904405533
NON_OPEX,2020-10-01,IWM,2020,next_rth_range,0.06355396467097463,0.5167764094236409
NON_OPEX,2020-10-01,QQQ,2020,next_rth_range,0.10891024473556458,0.7292222374728876
NON_OPEX,2020-10-01,SPY,2020,next_rth_range,0.12332591255818941,0.3021047580188778
NON_OPEX,2020-10-02,IWM,2020,next_rth_range,0.053694989928034585,-0.21778698642597316
NON_OPEX,2020-10-02,QQQ,2020,next_rth_range,0.12346006646213482,-0.5017326511356046
NON_OPEX,2020-10-02,SPY,2020,next_rth_range,0.1549312664924808,-0.25576565814379126
NON_OPEX,2020-10-05,IWM,2020,next_rth_range,0.07291648432653632,0.4907699727775663
NON_OPEX,2020-10-05,QQQ,2020,next_rth_range,0.19144499961618447,0.3700405269053886
NON_OPEX,2020-10-05,SPY,2020,next_rth_range,0.17709763814552978,0.6245081349622947
NON_OPEX,2020-10-06,IWM,2020,next_rth_range,0.09302814439157159,-0.5509856013070351
NON_OPEX,2020-10-06,QQQ,2020,next_rth_range,0.15161011232678984,-0.5497670893254112
NON_OPEX,2020-10-06,SPY,2020,next_rth_range,0.15160840510679366,-0.47426265658722855
NON_OPEX,2020-10-07,IWM,2020,next_rth_range,0.25262950799594114,-0.4185365927542515
NON_OPEX,2020-10-07,QQQ,2020,next_rth_range,0.2322524404420416,-0.7394875964593997
NON_OPEX,2020-10-07,SPY,2020,next_rth_range,0.20138971898379804,-0.7396212428052324
NON_OPEX,2020-10-08,IWM,2020,next_rth_range,0.08699297185507332,-0.31173677922045506
NON_OPEX,2020-10-08,QQQ,2020,next_rth_range,0.07295218048419524,-0.18895945699424832
NON_OPEX,2020-10-08,SPY,2020,next_rth_range,0.2170000222803171,-0.3300174838860741
NON_OPEX,2020-10-09,IWM,2020,next_rth_range,0.08213578416215314,-0.44744528026540564
NON_OPEX,2020-10-09,QQQ,2020,next_rth_range,0.1450209201838102,0.6605969249798327
NON_OPEX,2020-10-09,SPY,2020,next_rth_range,0.10411756788200875,0.30918099855533665
NON_OPEX,2020-10-19,IWM,2020,next_rth_range,0.20251898307973695,-0.40657130569584776
NON_OPEX,2020-10-19,QQQ,2020,next_rth_range,0.17396774288364905,-0.17678299963950028
NON_OPEX,2020-10-19,SPY,2020,next_rth_range,0.07853818510383868,-0.19518590389387214
NON_OPEX,2020-10-20,IWM,2020,next_rth_range,0.19820336696793137,-0.16197516189435746
NON_OPEX,2020-10-20,QQQ,2020,next_rth_range,0.17781576197854906,-0.30679937316599215
NON_OPEX,2020-10-20,SPY,2020,next_rth_range,0.24772745439837845,-0.3582377724408836
NON_OPEX,2020-10-21,IWM,2020,next_rth_range,0.2285810687227668,0.2717099677878756
NON_OPEX,2020-10-21,QQQ,2020,next_rth_range,0.17953187718370048,0.2060916829040602
NON_OPEX,2020-10-21,SPY,2020,next_rth_range,0.1236594828621728,0.18852084998636798
NON_OPEX,2020-10-22,IWM,2020,next_rth_range,0.11217293340109885,-0.2988152686914063
NON_OPEX,2020-10-22,QQQ,2020,next_rth_range,0.21387342046812524,-0.4273203422610141
NON_OPEX,2020-10-22,SPY,2020,next_rth_range,0.28031567829804643,-0.40745262594723464
NON_OPEX,2020-10-23,IWM,2020,next_rth_range,0.05455565043071628,0.16637201488339226
NON_OPEX,2020-10-23,QQQ,2020,next_rth_range,0.16646243290363746,0.6823858269800938
NON_OPEX,2020-10-23,SPY,2020,next_rth_range,0.18350835196680243,0.6704744961616806
NON_OPEX,2020-10-26,IWM,2020,next_rth_range,0.20090840979032823,-0.451215101979753
NON_OPEX,2020-10-26,QQQ,2020,next_rth_range,0.22217965338330725,-0.575509794411496
NON_OPEX,2020-10-26,SPY,2020,next_rth_range,0.16661663713942262,-0.9026584308973078
NON_OPEX,2020-10-27,IWM,2020,next_rth_range,0.09661062953070465,-0.016107218973256288
NON_OPEX,2020-10-27,QQQ,2020,next_rth_range,0.09493073156047405,0.6280844227778588
NON_OPEX,2020-10-27,SPY,2020,next_rth_range,0.14129462226710315,1.3842057607226992
NON_OPEX,2020-10-28,IWM,2020,next_rth_range,0.1406751079633964,0.40652299985411045
NON_OPEX,2020-10-28,QQQ,2020,next_rth_range,0.07669875676341406,0.1735707016362671
NON_OPEX,2020-10-28,SPY,2020,next_rth_range,0.052136538621807046,0.17455594868348578
NON_OPEX,2020-10-29,IWM,2020,next_rth_range,0.15814251037207516,0.09879459498068988
NON_OPEX,2020-10-29,QQQ,2020,next_rth_range,0.11200392801059045,0.29668603581927533
NON_OPEX,2020-10-29,SPY,2020,next_rth_range,0.19878497337477075,0.1553272259633407
NON_OPEX,2020-10-30,IWM,2020,next_rth_range,0.04214387853169717,-0.43996731150963253
NON_OPEX,2020-10-30,QQQ,2020,next_rth_range,0.10506619878524694,0.01588520391307613
NON_OPEX,2020-10-30,SPY,2020,next_rth_range,0.15199232933489157,-0.11609734952523443
NON_OPEX,2020-11-02,IWM,2020,next_rth_range,0.02688531204766397,0.13471162417320315
NON_OPEX,2020-11-02,QQQ,2020,next_rth_range,0.12406546946936114,-0.0023255497624541377
NON_OPEX,2020-11-02,SPY,2020,next_rth_range,0.09572883154229503,0.13046054710745159
NON_OPEX,2020-11-03,IWM,2020,next_rth_range,0.22511256565695795,0.3507012643557932
NON_OPEX,2020-11-03,QQQ,2020,next_rth_range,0.1491963700370946,0.147970320982723
NON_OPEX,2020-11-03,SPY,2020,next_rth_range,0.08313761804605861,0.28133030456988983
NON_OPEX,2020-11-04,IWM,2020,next_rth_range,0.1789318005497273,-0.019425169586708257
NON_OPEX,2020-11-04,QQQ,2020,next_rth_range,0.0746298816957739,-0.6545365287975571
NON_OPEX,2020-11-04,SPY,2020,next_rth_range,0.2169641469297883,-0.6190423755146703
NON_OPEX,2020-11-05,IWM,2020,next_rth_range,0.2328327633694081,-0.343712113379933
NON_OPEX,2020-11-05,QQQ,2020,next_rth_range,0.15457917199114585,0.1064472109038852
NON_OPEX,2020-11-05,SPY,2020,next_rth_range,0.2079406118466854,-0.1037441386433553
NON_OPEX,2020-11-06,IWM,2020,next_rth_range,0.10386092038585346,1.0862101653990361
NON_OPEX,2020-11-06,QQQ,2020,next_rth_range,0.14431545024715248,0.6065505405373641
NON_OPEX,2020-11-06,SPY,2020,next_rth_range,0.1917902732359164,0.7665628504091737
NON_OPEX,2020-11-09,IWM,2020,next_rth_range,0.2070698261291222,-0.40240497674380427
NON_OPEX,2020-11-09,QQQ,2020,next_rth_range,0.1571189486530692,-0.2275727549838491
NON_OPEX,2020-11-09,SPY,2020,next_rth_range,0.15904155983605497,-0.31528863984129973
NON_OPEX,2020-11-10,IWM,2020,next_rth_range,0.10180842568014899,-0.34993732603303496
NON_OPEX,2020-11-10,QQQ,2020,next_rth_range,0.054595094308791225,0.09473355806536077
NON_OPEX,2020-11-10,SPY,2020,next_rth_range,0.18671918259388995,-0.7246668508205252
NON_OPEX,2020-11-11,IWM,2020,next_rth_range,0.10237286063639871,0.28110601462009654
NON_OPEX,2020-11-11,QQQ,2020,next_rth_range,0.1671755386796958,-0.27255438004985777
NON_OPEX,2020-11-11,SPY,2020,next_rth_range,0.19348279017308634,0.32665414941148896
NON_OPEX,2020-11-12,IWM,2020,next_rth_range,0.23714609397853623,-0.36818312776827256
NON_OPEX,2020-11-12,QQQ,2020,next_rth_range,0.16168604922025717,-0.34510154863825804
NON_OPEX,2020-11-12,SPY,2020,next_rth_range,0.1264089217676442,-0.17863740316058685
NON_OPEX,2020-11-13,IWM,2020,next_rth_range,0.053296618051904276,-0.356168684452534
NON_OPEX,2020-11-13,QQQ,2020,next_rth_range,0.14247068094458523,-0.3229178851909298
NON_OPEX,2020-11-13,SPY,2020,next_rth_range,0.07482777204649327,-0.3652496790103479
NON_OPEX,2020-11-23,IWM,2020,next_rth_range,0.19452168432440467,-0.14012047632141922
NON_OPEX,2020-11-23,QQQ,2020,next_rth_range,0.22025770967408648,0.1301727282571048
NON_OPEX,2020-11-23,SPY,2020,next_rth_range,0.12091098978484299,-0.055310317476363835
NON_OPEX,2020-11-24,IWM,2020,next_rth_range,0.14354281507622188,-0.3969738350772447
NON_OPEX,2020-11-24,QQQ,2020,next_rth_range,0.18841821003495682,-0.773072379194998
NON_OPEX,2020-11-24,SPY,2020,next_rth_range,0.28277818645400293,-1.0516269573689323
NON_OPEX,2020-11-25,IWM,2020,next_rth_range,0.26497787298711206,-0.9623363958029394
NON_OPEX,2020-11-25,QQQ,2020,next_rth_range,0.19763800696053826,-0.4633976076708919
NON_OPEX,2020-11-25,SPY,2020,next_rth_range,0.2833738267349803,-0.7244302628730637
NON_OPEX,2020-11-27,IWM,2020,next_rth_range,0.14045224720641752,0.5295640359733951
NON_OPEX,2020-11-27,QQQ,2020,next_rth_range,0.15358664597672586,0.3757919195364394
NON_OPEX,2020-11-27,SPY,2020,next_rth_range,0.2715919686584892,0.17315866831562765
NON_OPEX,2020-11-30,IWM,2020,next_rth_range,0.017083483903528072,-0.19184766349463533
NON_OPEX,2020-11-30,QQQ,2020,next_rth_range,0.1782051983874006,-0.1512941178980185
NON_OPEX,2020-11-30,SPY,2020,next_rth_range,0.1506133604046122,-0.45935656810554093
NON_OPEX,2020-12-01,IWM,2020,next_rth_range,0.1870263213146628,-0.26513321198459305
NON_OPEX,2020-12-01,QQQ,2020,next_rth_range,0.08833368265820159,-0.10099334170751817
NON_OPEX,2020-12-01,SPY,2020,next_rth_range,0.1092982769408284,-0.3301471650607386
NON_OPEX,2020-12-02,IWM,2020,next_rth_range,0.2274716624170928,-0.3481074824388264
NON_OPEX,2020-12-02,QQQ,2020,next_rth_range,0.16504780912254954,-0.5491949439489021
NON_OPEX,2020-12-02,SPY,2020,next_rth_range,0.15049610756374915,-0.23471936655495096
NON_OPEX,2020-12-03,IWM,2020,next_rth_range,0.05010810121517663,0.42384766136909313
NON_OPEX,2020-12-03,QQQ,2020,next_rth_range,0.18624136338339023,-0.5490069956128396
NON_OPEX,2020-12-03,SPY,2020,next_rth_range,0.1899274388067271,-0.41607940173735525
NON_OPEX,2020-12-04,IWM,2020,next_rth_range,0.052562076684284094,-0.9852201934636682
NON_OPEX,2020-12-04,QQQ,2020,next_rth_range,0.17145923880560662,-0.32808025928532025
NON_OPEX,2020-12-04,SPY,2020,next_rth_range,0.19748528372750096,-0.5063852340010815
NON_OPEX,2020-12-07,IWM,2020,next_rth_range,0.0661008721628499,0.4212007769253745
NON_OPEX,2020-12-07,QQQ,2020,next_rth_range,0.08292486605355162,0.2309689963139041
NON_OPEX,2020-12-07,SPY,2020,next_rth_range,0.21973786917519217,-0.026978933696742757
NON_OPEX,2020-12-08,IWM,2020,next_rth_range,0.23109952796409128,0.3904770165916891
NON_OPEX,2020-12-08,QQQ,2020,next_rth_range,0.09249216620224442,0.9543535597840371
NON_OPEX,2020-12-08,SPY,2020,next_rth_range,0.2523965040365636,0.5001045112417497
NON_OPEX,2020-12-09,IWM,2020,next_rth_range,0.2082789360208485,0.1465447604011123
NON_OPEX,2020-12-09,QQQ,2020,next_rth_range,0.24022804578519144,0.06010657654738605
NON_OPEX,2020-12-09,SPY,2020,next_rth_range,0.12145226525686484,-0.13278032636060821
NON_OPEX,2020-12-10,IWM,2020,next_rth_range,0.157606010558841,-0.04440622419672913
NON_OPEX,2020-12-10,QQQ,2020,next_rth_range,0.15958303042959382,-0.2588467504789955
NON_OPEX,2020-12-10,SPY,2020,next_rth_range,0.23000857966623828,0.017039750793927055
NON_OPEX,2020-12-11,IWM,2020,next_rth_range,0.230346135444471,-0.041178755788390475
NON_OPEX,2020-12-11,QQQ,2020,next_rth_range,0.09405466127797331,-0.23644772027512495
NON_OPEX,2020-12-11,SPY,2020,next_rth_range,0.20188608507491965,0.48846446913471375
NON_OPEX,2020-12-21,IWM,2020,next_rth_range,0.18332217678959645,-0.42709141631642833
NON_OPEX,2020-12-21,QQQ,2020,next_rth_range,0.19518262894722485,-0.15587593585878246
NON_OPEX,2020-12-21,SPY,2020,next_rth_range,0.1271836704287537,-1.1839837888248201
NON_OPEX,2020-12-22,IWM,2020,next_rth_range,0.09899122036716909,-0.39787253909374254
NON_OPEX,2020-12-22,QQQ,2020,next_rth_range,0.19220961931874253,-0.63676410712264
NON_OPEX,2020-12-22,SPY,2020,next_rth_range,0.1956512033312419,-0.22756676254463493
NON_OPEX,2020-12-23,IWM,2020,next_rth_range,0.21021522093876646,-0.22251342602080015
NON_OPEX,2020-12-23,QQQ,2020,next_rth_range,0.18775946728014178,-0.5422840744958011
NON_OPEX,2020-12-23,SPY,2020,next_rth_range,0.21598216877411552,-0.6535580880686949
NON_OPEX,2020-12-24,IWM,2020,next_rth_range,0.13834188871711126,0.2632836424181342
NON_OPEX,2020-12-24,QQQ,2020,next_rth_range,0.16977707453612526,0.09430214059656628
NON_OPEX,2020-12-24,SPY,2020,next_rth_range,0.24071851195802846,-0.5384663672863859
NON_OPEX,2020-12-28,IWM,2020,next_rth_range,0.08962240456476399,0.7043758575137797
NON_OPEX,2020-12-28,QQQ,2020,next_rth_range,0.1554803574935652,-0.25023052328218665
NON_OPEX,2020-12-28,SPY,2020,next_rth_range,0.1427702922212355,0.15772057041382848
NON_OPEX,2020-12-29,IWM,2020,next_rth_range,0.23045707881786304,-0.45906053639580247
NON_OPEX,2020-12-29,QQQ,2020,next_rth_range,0.20262832315144125,-0.3789780902058615
NON_OPEX,2020-12-29,SPY,2020,next_rth_range,0.33179340572398547,-0.7367858415392687
NON_OPEX,2020-12-30,IWM,2020,next_rth_range,0.13962820767540235,-0.23460677964082244
NON_OPEX,2020-12-30,QQQ,2020,next_rth_range,0.2916472875013072,-0.13539210172207738
NON_OPEX,2020-12-30,SPY,2020,next_rth_range,0.1802288167618235,0.285631989683786
NON_OPEX,2020-12-31,IWM,2020,next_rth_range,0.04507442664493545,0.9315208622594331
NON_OPEX,2020-12-31,QQQ,2020,next_rth_range,0.15294046238594775,1.2345340192700007
NON_OPEX,2020-12-31,SPY,2020,next_rth_range,0.17344499550917392,1.1927557118838843
NON_OPEX,2021-01-04,IWM,2021,next_rth_range,0.09222221589249047,0.127286560550127
NON_OPEX,2021-01-04,QQQ,2021,next_rth_range,0.16146189831590146,-0.32283554060157726
NON_OPEX,2021-01-04,SPY,2021,next_rth_range,0.21972157706392964,-0.17655205881212055
NON_OPEX,2021-01-05,IWM,2021,next_rth_range,0.05354573528665263,0.7729919865405095
NON_OPEX,2021-01-05,QQQ,2021,next_rth_range,0.09691984893705749,0.5407553280938671
NON_OPEX,2021-01-05,SPY,2021,next_rth_range,0.2502352195920366,0.7705571931808279
NON_OPEX,2021-01-06,IWM,2021,next_rth_range,0.19754751161681447,-0.5551151706811064
NON_OPEX,2021-01-06,QQQ,2021,next_rth_range,0.1140316397392752,0.1678378579378359
NON_OPEX,2021-01-06,SPY,2021,next_rth_range,0.1911179551560171,-0.2049479149404787
NON_OPEX,2021-01-07,IWM,2021,next_rth_range,0.14037273073412648,0.4722749849653507
NON_OPEX,2021-01-07,QQQ,2021,next_rth_range,0.14573386019004142,-0.0837032752772231
NON_OPEX,2021-01-07,SPY,2021,next_rth_range,0.29212028729593237,0.14807968597332266
NON_OPEX,2021-01-08,IWM,2021,next_rth_range,0.10576020895686813,-0.23743280271077793
NON_OPEX,2021-01-08,QQQ,2021,next_rth_range,0.22149079310585867,-0.19875147360128942
NON_OPEX,2021-01-08,SPY,2021,next_rth_range,0.28062135471750066,-0.3644949527092898
NON_OPEX,2021-01-19,IWM,2021,next_rth_range,0.09689774245031048,-0.028871843581751655
NON_OPEX,2021-01-19,QQQ,2021,next_rth_range,0.1443260321614714,0.7967312023733175
NON_OPEX,2021-01-19,SPY,2021,next_rth_range,0.3101103446342824,0.2565249487890009
NON_OPEX,2021-01-20,IWM,2021,next_rth_range,0.1634388371210935,-0.16568930213722677
NON_OPEX,2021-01-20,QQQ,2021,next_rth_range,0.2295780884982222,-0.5002868525634723
NON_OPEX,2021-01-20,SPY,2021,next_rth_range,0.264553805904814,-0.7988443775439578
NON_OPEX,2021-01-21,IWM,2021,next_rth_range,0.10738803317013551,0.5751606835052372
NON_OPEX,2021-01-21,QQQ,2021,next_rth_range,0.21306545127235732,-0.782016644056128
NON_OPEX,2021-01-21,SPY,2021,next_rth_range,0.378680147217896,-0.1997261676136386
NON_OPEX,2021-01-22,IWM,2021,next_rth_range,0.16256135044345857,0.38875847290579824
NON_OPEX,2021-01-22,QQQ,2021,next_rth_range,0.20553582540172213,1.0113569973089906
NON_OPEX,2021-01-22,SPY,2021,next_rth_range,0.1707951043915818,0.74676414461545
NON_OPEX,2021-01-25,IWM,2021,next_rth_range,0.10193243185517856,-0.2351566834418204
NON_OPEX,2021-01-25,QQQ,2021,next_rth_range,0.0951844033064278,-0.8608899251321747
NON_OPEX,2021-01-25,SPY,2021,next_rth_range,0.2594615332421781,-0.6599366968155298
NON_OPEX,2021-01-26,IWM,2021,next_rth_range,0.11996397133181219,0.5438998099520957
NON_OPEX,2021-01-26,QQQ,2021,next_rth_range,0.18413082923539761,0.9216714286119614
NON_OPEX,2021-01-26,SPY,2021,next_rth_range,0.2766701057642224,1.0845841397201
NON_OPEX,2021-01-27,IWM,2021,next_rth_range,0.18366448428259882,-0.00699744977002581
NON_OPEX,2021-01-27,QQQ,2021,next_rth_range,0.16921518746883005,0.08427798696100774
NON_OPEX,2021-01-27,SPY,2021,next_rth_range,0.12889109767393753,0.16728240269402317
NON_OPEX,2021-01-28,IWM,2021,next_rth_range,0.13758836519618164,0.4774472010489532
NON_OPEX,2021-01-28,QQQ,2021,next_rth_range,0.16861422032104878,0.3654178904431422
NON_OPEX,2021-01-28,SPY,2021,next_rth_range,0.1415058642887523,0.5613330971241566
NON_OPEX,2021-01-29,IWM,2021,next_rth_range,0.17045112289088035,0.3787069598594899
NON_OPEX,2021-01-29,QQQ,2021,next_rth_range,0.17005531590215447,0.2541791440150387
NON_OPEX,2021-01-29,SPY,2021,next_rth_range,0.12531706653694621,0.23747305879690916
NON_OPEX,2021-02-01,IWM,2021,next_rth_range,0.15152469690557066,-0.34143122120283476
NON_OPEX,2021-02-01,QQQ,2021,next_rth_range,0.10290617056105535,-0.546688434557133
NON_OPEX,2021-02-01,SPY,2021,next_rth_range,0.14230491855556782,0.2335974680611912
NON_OPEX,2021-02-02,IWM,2021,next_rth_range,0.10780978909847595,-0.12993706036012131
NON_OPEX,2021-02-02,QQQ,2021,next_rth_range,0.08861470267039519,-0.145089682714711
NON_OPEX,2021-02-02,SPY,2021,next_rth_range,0.3009678337765496,-0.5340654663380651
NON_OPEX,2021-02-03,IWM,2021,next_rth_range,0.18104994184589965,0.05574232469700391
NON_OPEX,2021-02-03,QQQ,2021,next_rth_range,0.2623353875344003,-0.1244675148545582
NON_OPEX,2021-02-03,SPY,2021,next_rth_range,0.3074810563846775,0.07977285144412516
NON_OPEX,2021-02-04,IWM,2021,next_rth_range,0.09957461519046487,-0.15323069062658234
NON_OPEX,2021-02-04,QQQ,2021,next_rth_range,0.17066853441911722,-0.45487342422959376
NON_OPEX,2021-02-04,SPY,2021,next_rth_range,0.28422559640861084,-0.5801293083274928
NON_OPEX,2021-02-05,IWM,2021,next_rth_range,0.03454958572725214,0.2093723248878776
NON_OPEX,2021-02-05,QQQ,2021,next_rth_range,0.14293605951518124,-0.5794966250339089
NON_OPEX,2021-02-05,SPY,2021,next_rth_range,0.13406639602027962,-0.3564011491986747
NON_OPEX,2021-02-08,IWM,2021,next_rth_range,0.08942252744267908,-0.033799557700687544
NON_OPEX,2021-02-08,QQQ,2021,next_rth_range,0.15629737516428233,-0.4513480580359266
NON_OPEX,2021-02-08,SPY,2021,next_rth_range,0.22855372008969255,-0.5326489528486613
NON_OPEX,2021-02-09,IWM,2021,next_rth_range,0.09167270262655201,0.4671791960047398
NON_OPEX,2021-02-09,QQQ,2021,next_rth_range,0.17791262212638204,0.6271393178219302
NON_OPEX,2021-02-09,SPY,2021,next_rth_range,0.26930831927648763,0.5585888356680977
NON_OPEX,2021-02-10,IWM,2021,next_rth_range,0.19278689609396138,0.29014350001945255
NON_OPEX,2021-02-10,QQQ,2021,next_rth_range,0.12237410909319386,-0.48335505742866136
NON_OPEX,2021-02-10,SPY,2021,next_rth_range,0.20325023489644092,-0.07158078616215047
NON_OPEX,2021-02-11,IWM,2021,next_rth_range,0.16061052622423433,-0.3436237585895965
NON_OPEX,2021-02-11,QQQ,2021,next_rth_range,0.24888697685044495,0.13153661414652973
NON_OPEX,2021-02-11,SPY,2021,next_rth_range,0.2944330897764139,-0.07715569747178552
NON_OPEX,2021-02-12,IWM,2021,next_rth_range,0.10728065726710487,0.36774780124946904
NON_OPEX,2021-02-12,QQQ,2021,next_rth_range,0.16458384326059503,0.03325786560040278
NON_OPEX,2021-02-12,SPY,2021,next_rth_range,0.12186204173203656,-0.1429153582418481
NON_OPEX,2021-02-22,IWM,2021,next_rth_range,0.06942810031145331,0.6883692156785273
NON_OPEX,2021-02-22,QQQ,2021,next_rth_range,0.06603095929565737,0.9816148948648711
NON_OPEX,2021-02-22,SPY,2021,next_rth_range,0.092497878091727,0.9394743033274819
NON_OPEX,2021-02-23,IWM,2021,next_rth_range,0.13689152741687022,0.08468143234524739
NON_OPEX,2021-02-23,QQQ,2021,next_rth_range,0.18679300132062887,0.2090855338440596
NON_OPEX,2021-02-23,SPY,2021,next_rth_range,0.17443854060888164,0.3606095574047954
NON_OPEX,2021-02-24,IWM,2021,next_rth_range,0.1402993047784303,0.7390581580363822
NON_OPEX,2021-02-24,QQQ,2021,next_rth_range,0.15364836680693558,0.7815225821569611
NON_OPEX,2021-02-24,SPY,2021,next_rth_range,0.24061840968597045,0.8603123437545692
NON_OPEX,2021-02-25,IWM,2021,next_rth_range,0.0979782234779544,0.23847701745352534
NON_OPEX,2021-02-25,QQQ,2021,next_rth_range,0.07182139019876893,0.12308591962994475
NON_OPEX,2021-02-25,SPY,2021,next_rth_range,0.10256166607291205,0.18765634137150533
NON_OPEX,2021-02-26,IWM,2021,next_rth_range,0.08033346634478346,-0.41064362471905014
NON_OPEX,2021-02-26,QQQ,2021,next_rth_range,0.17822027005058907,-0.06843807015438363
NON_OPEX,2021-02-26,SPY,2021,next_rth_range,0.16712547414267384,0.6945759418837372
NON_OPEX,2021-03-01,IWM,2021,next_rth_range,0.14573415520548147,0.05393111868269118
NON_OPEX,2021-03-01,QQQ,2021,next_rth_range,0.171006248684497,0.10922171802920655
NON_OPEX,2021-03-01,SPY,2021,next_rth_range,0.20737934291843432,-0.4604062623072336
NON_OPEX,2021-03-02,IWM,2021,next_rth_range,0.07674113440536202,0.15403103539858032
NON_OPEX,2021-03-02,QQQ,2021,next_rth_range,0.0749854279390038,0.5296118851198286
NON_OPEX,2021-03-02,SPY,2021,next_rth_range,0.1981343738364419,0.298979988001431
NON_OPEX,2021-03-03,IWM,2021,next_rth_range,0.15957538400872148,0.904321677470274
NON_OPEX,2021-03-03,QQQ,2021,next_rth_range,0.18352520139332373,0.645041408568888
NON_OPEX,2021-03-03,SPY,2021,next_rth_range,0.17728100130819485,0.9790108132691078
NON_OPEX,2021-03-04,IWM,2021,next_rth_range,0.1253140193882764,0.4854831463810432
NON_OPEX,2021-03-04,QQQ,2021,next_rth_range,0.1465814434493957,0.4954800998024491
NON_OPEX,2021-03-04,SPY,2021,next_rth_range,0.16496940851237363,0.5902213606746765
NON_OPEX,2021-03-05,IWM,2021,next_rth_range,0.08983076944390328,-0.47684297135613507
NON_OPEX,2021-03-05,QQQ,2021,next_rth_range,0.18233746721949817,0.271969475844251
NON_OPEX,2021-03-05,SPY,2021,next_rth_range,0.1972595945788009,-0.14520138593313892
NON_OPEX,2021-03-08,IWM,2021,next_rth_range,0.042192990783723267,-0.14325185675934637
NON_OPEX,2021-03-08,QQQ,2021,next_rth_range,0.1638469751065374,-0.007368770426731341
NON_OPEX,2021-03-08,SPY,2021,next_rth_range,0.17533455351931085,-0.08896678679151915
NON_OPEX,2021-03-09,IWM,2021,next_rth_range,0.06267931876910947,-0.16477902795832744
NON_OPEX,2021-03-09,QQQ,2021,next_rth_range,0.057598537182679245,-0.01734064487570075
NON_OPEX,2021-03-09,SPY,2021,next_rth_range,0.12373523666988785,-0.36801664671971057
NON_OPEX,2021-03-10,IWM,2021,next_rth_range,0.0984193436261144,-0.2010733675028602
NON_OPEX,2021-03-10,QQQ,2021,next_rth_range,0.17871257449835826,-0.17726712072069972
NON_OPEX,2021-03-10,SPY,2021,next_rth_range,0.2434005127530451,-0.11700261480928731
NON_OPEX,2021-03-11,IWM,2021,next_rth_range,0.06800131233059342,-0.25415656659565933
NON_OPEX,2021-03-11,QQQ,2021,next_rth_range,0.09036968739948766,0.2082299750898131
NON_OPEX,2021-03-11,SPY,2021,next_rth_range,0.23648776235122781,-0.3305319897680876
NON_OPEX,2021-03-12,IWM,2021,next_rth_range,0.034919263892359394,-0.25228623392996674
NON_OPEX,2021-03-12,QQQ,2021,next_rth_range,0.22236008342504973,-0.2952312191397022
NON_OPEX,2021-03-12,SPY,2021,next_rth_range,0.20005441116629794,0.24840924761431715
NON_OPEX,2021-03-22,IWM,2021,next_rth_range,0.128689683150698,0.6611929379397647
NON_OPEX,2021-03-22,QQQ,2021,next_rth_range,0.16083833327443833,-0.18195749962955343
NON_OPEX,2021-03-22,SPY,2021,next_rth_range,0.1800642724600368,0.15209611017415092
NON_OPEX,2021-03-23,IWM,2021,next_rth_range,0.13104147417608406,0.5110423122241565
NON_OPEX,2021-03-23,QQQ,2021,next_rth_range,0.1092193036526298,0.28654762302335524
NON_OPEX,2021-03-23,SPY,2021,next_rth_range,0.2256605604367431,0.17214540302937653
NON_OPEX,2021-03-24,IWM,2021,next_rth_range,0.10490331814188222,0.5052800011898277
NON_OPEX,2021-03-24,QQQ,2021,next_rth_range,0.09671551488321743,-0.06800491839784772
NON_OPEX,2021-03-24,SPY,2021,next_rth_range,0.1735079544630171,0.40360348681575964
NON_OPEX,2021-03-25,IWM,2021,next_rth_range,0.09321707729820165,-0.3069821265842272
NON_OPEX,2021-03-25,QQQ,2021,next_rth_range,0.24140098205008798,0.21407123323630373
NON_OPEX,2021-03-25,SPY,2021,next_rth_range,0.2817093120682465,0.23186394360995788
NON_OPEX,2021-03-26,IWM,2021,next_rth_range,0.18602023837049964,0.36581704164830775
NON_OPEX,2021-03-26,QQQ,2021,next_rth_range,0.15964630379177092,-0.2402444877082761
NON_OPEX,2021-03-26,SPY,2021,next_rth_range,0.2287516625516937,-0.19852202125906437
NON_OPEX,2021-03-29,IWM,2021,next_rth_range,0.1726920234221641,0.036404113568295315
NON_OPEX,2021-03-29,QQQ,2021,next_rth_range,0.15753316642205725,-0.38963724578724257
NON_OPEX,2021-03-29,SPY,2021,next_rth_range,0.25707547209119763,-0.5043743617719594
NON_OPEX,2021-03-30,IWM,2021,next_rth_range,0.13322424951666448,-0.40397341397902586
NON_OPEX,2021-03-30,QQQ,2021,next_rth_range,0.18452137282454378,0.11463345474070863
NON_OPEX,2021-03-30,SPY,2021,next_rth_range,0.34528660423633717,-0.2520151332632379
NON_OPEX,2021-03-31,IWM,2021,next_rth_range,0.2961977326699158,-0.7254572000714452
NON_OPEX,2021-03-31,QQQ,2021,next_rth_range,0.2043314264913864,-0.935850251766734
NON_OPEX,2021-03-31,SPY,2021,next_rth_range,0.23870604643071683,-0.3021954311361723
NON_OPEX,2021-04-01,IWM,2021,next_rth_range,0.06378927567421995,-0.024286242853724715
NON_OPEX,2021-04-01,QQQ,2021,next_rth_range,0.12348348932640142,0.3903277972519641
NON_OPEX,2021-04-01,SPY,2021,next_rth_range,0.2320788802656219,0.1235593832268842
NON_OPEX,2021-04-05,IWM,2021,next_rth_range,0.14021835665304508,-0.21343967472726622
NON_OPEX,2021-04-05,QQQ,2021,next_rth_range,0.24713613782852514,-0.5517163293944582
NON_OPEX,2021-04-05,SPY,2021,next_rth_range,0.21912391789683786,-0.6406273724580931
NON_OPEX,2021-04-06,IWM,2021,next_rth_range,0.13055870476906642,0.3159389769587442
NON_OPEX,2021-04-06,QQQ,2021,next_rth_range,0.23915045902142096,-0.32796162226495795
NON_OPEX,2021-04-06,SPY,2021,next_rth_range,0.3132075262794185,-0.6701303093222375
NON_OPEX,2021-04-07,IWM,2021,next_rth_range,0.2565628948381848,-0.11130866067197598
NON_OPEX,2021-04-07,QQQ,2021,next_rth_range,0.31392812452852586,-0.924281079851812
NON_OPEX,2021-04-07,SPY,2021,next_rth_range,0.3050194296095026,-0.46466643335502145
NON_OPEX,2021-04-08,IWM,2021,next_rth_range,0.1513163363434037,-0.6598675319984295
NON_OPEX,2021-04-08,QQQ,2021,next_rth_range,0.19627489099929793,0.37771941602650116
NON_OPEX,2021-04-08,SPY,2021,next_rth_range,0.41679644112550673,0.24578558366417536
NON_OPEX,2021-04-09,IWM,2021,next_rth_range,0.12775384554319835,-0.11864373071523726
NON_OPEX,2021-04-09,QQQ,2021,next_rth_range,0.10274753519672133,-0.5580345053731213
NON_OPEX,2021-04-09,SPY,2021,next_rth_range,0.3268439244251255,-0.6110107970759593
NON_OPEX,2021-04-19,IWM,2021,next_rth_range,0.10538107505600988,0.5252055370286852
NON_OPEX,2021-04-19,QQQ,2021,next_rth_range,0.19698626883891618,0.15693336808966585
NON_OPEX,2021-04-19,SPY,2021,next_rth_range,0.3214303273698909,0.3634063086506494
NON_OPEX,2021-04-20,IWM,2021,next_rth_range,0.10796545419031017,0.4698460028320426
NON_OPEX,2021-04-20,QQQ,2021,next_rth_range,0.2366540518539465,0.22115481481480348
NON_OPEX,2021-04-20,SPY,2021,next_rth_range,0.22050920087232634,0.28474868833924916
NON_OPEX,2021-04-21,IWM,2021,next_rth_range,0.11585731168048434,-0.08061490588703135
NON_OPEX,2021-04-21,QQQ,2021,next_rth_range,0.20994758099945932,0.2794727493696376
NON_OPEX,2021-04-21,SPY,2021,next_rth_range,0.3432682627780326,0.39444587251380714
NON_OPEX,2021-04-22,IWM,2021,next_rth_range,0.13202753732058428,0.1497404079479585
NON_OPEX,2021-04-22,QQQ,2021,next_rth_range,0.1715428482647222,0.10897848263832977
NON_OPEX,2021-04-22,SPY,2021,next_rth_range,0.22613304062237144,0.30496885183976463
NON_OPEX,2021-04-23,IWM,2021,next_rth_range,0.11573844209938898,-0.7202610618794845
NON_OPEX,2021-04-23,QQQ,2021,next_rth_range,0.17991182206660888,-0.34515022235094417
NON_OPEX,2021-04-23,SPY,2021,next_rth_range,0.2736076681008154,-1.064204169753733
NON_OPEX,2021-04-26,IWM,2021,next_rth_range,0.08439964063300372,-0.3980978988508195
NON_OPEX,2021-04-26,QQQ,2021,next_rth_range,0.1820066224550963,-0.15344238367935237
NON_OPEX,2021-04-26,SPY,2021,next_rth_range,0.17342088461267,-0.3963491690832983
NON_OPEX,2021-04-27,IWM,2021,next_rth_range,0.0764332484824356,-0.1257225548299692
NON_OPEX,2021-04-27,QQQ,2021,next_rth_range,0.18204571488811405,-0.31749597579230215
NON_OPEX,2021-04-27,SPY,2021,next_rth_range,0.24094413078798108,-0.2683823007128687
NON_OPEX,2021-04-28,IWM,2021,next_rth_range,0.08346164729961518,0.6095659682680279
NON_OPEX,2021-04-28,QQQ,2021,next_rth_range,0.22880713501980948,0.5654235504667131
NON_OPEX,2021-04-28,SPY,2021,next_rth_range,0.2086773269931633,0.40936811135286444
NON_OPEX,2021-04-29,IWM,2021,next_rth_range,0.15825200367809653,-0.0068787693479102074
NON_OPEX,2021-04-29,QQQ,2021,next_rth_range,0.2663856488711862,-0.31442365041857734
NON_OPEX,2021-04-29,SPY,2021,next_rth_range,0.38071768770613307,-0.49215217595542793
NON_OPEX,2021-04-30,IWM,2021,next_rth_range,0.12885139335320525,-0.27707942855004664
NON_OPEX,2021-04-30,QQQ,2021,next_rth_range,0.09883829177905273,0.19758834109988932
NON_OPEX,2021-04-30,SPY,2021,next_rth_range,0.20718456175730096,-0.24148863738234017
NON_OPEX,2021-05-03,QQQ,2021,next_rth_range,0.18693995226368482,0.8275232467733877
NON_OPEX,2021-05-03,SPY,2021,next_rth_range,0.2600295866430738,0.6677864882239737
NON_OPEX,2021-05-04,IWM,2021,next_rth_range,0.14434814513864633,-0.16185811176040943
NON_OPEX,2021-05-04,QQQ,2021,next_rth_range,0.279557561977084,0.013222752537411786
NON_OPEX,2021-05-04,SPY,2021,next_rth_range,0.22547717828497268,-0.4324153160326958
NON_OPEX,2021-05-05,IWM,2021,next_rth_range,0.23097746037048827,0.3719041413307056
NON_OPEX,2021-05-05,QQQ,2021,next_rth_range,0.30410983982863293,0.29292374771417595
NON_OPEX,2021-05-05,SPY,2021,next_rth_range,0.21309249875099548,0.697228012778309
NON_OPEX,2021-05-06,IWM,2021,next_rth_range,0.25039974519626396,0.001980761110271345
NON_OPEX,2021-05-06,QQQ,2021,next_rth_range,0.35085770807810496,0.17021801277152182
NON_OPEX,2021-05-06,SPY,2021,next_rth_range,0.41600271873313377,-0.05192211256272028
NON_OPEX,2021-05-07,IWM,2021,next_rth_range,0.10485106804689166,0.642154898338962
NON_OPEX,2021-05-07,QQQ,2021,next_rth_range,0.1401140230705632,0.4801358430747684
NON_OPEX,2021-05-07,SPY,2021,next_rth_range,0.22712774335854766,0.4132602015753939
NON_OPEX,2021-05-10,IWM,2021,next_rth_range,0.14436750209617752,0.409956575528827
NON_OPEX,2021-05-10,QQQ,2021,next_rth_range,0.12588772858744104,0.362445653550151
NON_OPEX,2021-05-10,SPY,2021,next_rth_range,0.2542692592213516,0.34745205473736007
NON_OPEX,2021-05-11,IWM,2021,next_rth_range,0.19053966602870048,0.5704595580036456
NON_OPEX,2021-05-11,QQQ,2021,next_rth_range,0.14543069979794535,0.28825507495735536
NON_OPEX,2021-05-11,SPY,2021,next_rth_range,0.1786697243947018,0.7378577141784315
NON_OPEX,2021-05-12,IWM,2021,next_rth_range,0.0652198297140405,0.21265133543922055
NON_OPEX,2021-05-12,QQQ,2021,next_rth_range,0.07664836668277611,0.07073374048155312
NON_OPEX,2021-05-12,SPY,2021,next_rth_range,0.1534138560989816,0.036497517697336335
NON_OPEX,2021-05-13,IWM,2021,next_rth_range,0.15272352253431423,0.2653346938257788
NON_OPEX,2021-05-13,QQQ,2021,next_rth_range,0.18964765036595724,0.03564684338325552
NON_OPEX,2021-05-13,SPY,2021,next_rth_range,0.21555310927931914,-0.00037085430938255115
NON_OPEX,2021-05-14,IWM,2021,next_rth_range,0.2257201205170044,-0.2552823832158557
NON_OPEX,2021-05-14,QQQ,2021,next_rth_range,0.18250422028774704,0.018996070606790205
NON_OPEX,2021-05-14,SPY,2021,next_rth_range,0.18557319027302427,-0.2955532784300905
NON_OPEX,2021-05-24,IWM,2021,next_rth_range,0.09478800672514244,0.44943114973143716
NON_OPEX,2021-05-24,QQQ,2021,next_rth_range,0.1259221268705116,-0.555570396953903
NON_OPEX,2021-05-24,SPY,2021,next_rth_range,0.20985217326370054,-0.13156971816881846
NON_OPEX,2021-05-25,IWM,2021,next_rth_range,0.15997873705433122,0.03309951302945979
NON_OPEX,2021-05-25,QQQ,2021,next_rth_range,0.1397236386713493,-0.8211301135752365
NON_OPEX,2021-05-25,SPY,2021,next_rth_range,0.31108100855617327,-0.5930077973274903
NON_OPEX,2021-05-26,IWM,2021,next_rth_range,0.11287691203133399,-0.41451219546547247
NON_OPEX,2021-05-26,QQQ,2021,next_rth_range,0.20613479975672105,-0.5022620735700478
NON_OPEX,2021-05-26,SPY,2021,next_rth_range,0.3441552039307986,-0.5649179979943666
NON_OPEX,2021-05-27,IWM,2021,next_rth_range,0.24519905584662757,-0.28752171492637757
NON_OPEX,2021-05-27,QQQ,2021,next_rth_range,0.18967936303958513,-0.4416213471963326
NON_OPEX,2021-05-27,SPY,2021,next_rth_range,0.3608777926660531,-0.6287227238219071
NON_OPEX,2021-05-28,IWM,2021,next_rth_range,0.1890551311406596,-0.034664038469403025
NON_OPEX,2021-05-28,QQQ,2021,next_rth_range,0.17914502827709092,0.2948822948893275
NON_OPEX,2021-05-28,SPY,2021,next_rth_range,0.33397023731649406,0.306835989840744
NON_OPEX,2021-06-01,IWM,2021,next_rth_range,0.15697575962393417,-0.38986347015473033
NON_OPEX,2021-06-01,QQQ,2021,next_rth_range,0.12645603734235045,-0.3284863636755553
NON_OPEX,2021-06-01,SPY,2021,next_rth_range,0.2799288990856501,-0.41599673807873394
NON_OPEX,2021-06-02,IWM,2021,next_rth_range,0.13071884321212907,0.30443910567259724
NON_OPEX,2021-06-02,QQQ,2021,next_rth_range,0.2642396564987822,0.1204997258308671
NON_OPEX,2021-06-02,SPY,2021,next_rth_range,0.28913223960405837,0.3399674230562395
NON_OPEX,2021-06-03,IWM,2021,next_rth_range,0.12448056460452744,-0.6252743440996511
NON_OPEX,2021-06-03,QQQ,2021,next_rth_range,0.23744419937053782,0.14780251363727448
NON_OPEX,2021-06-03,SPY,2021,next_rth_range,0.3389369670138547,0.22864766950755122
NON_OPEX,2021-06-04,IWM,2021,next_rth_range,0.10026184529453458,0.29659357412303855
NON_OPEX,2021-06-04,QQQ,2021,next_rth_range,0.1959904708920342,-0.5614582361611964
NON_OPEX,2021-06-04,SPY,2021,next_rth_range,0.16952369507669582,-0.8137977310541036
NON_OPEX,2021-06-07,IWM,2021,next_rth_range,0.21120544037291572,0.07692757625196212
NON_OPEX,2021-06-07,QQQ,2021,next_rth_range,0.20738231968338852,0.2611219445596431
NON_OPEX,2021-06-07,SPY,2021,next_rth_range,0.20026354848840802,0.06175486447938461
NON_OPEX,2021-06-08,IWM,2021,next_rth_range,0.15803620040802557,-0.19845792985905764
NON_OPEX,2021-06-08,QQQ,2021,next_rth_range,0.10849741877947278,-0.5794515900516526
NON_OPEX,2021-06-08,SPY,2021,next_rth_range,0.2429888189599866,-0.5409426075726875
NON_OPEX,2021-06-09,IWM,2021,next_rth_range,0.05647462174256325,0.21179831566253782
NON_OPEX,2021-06-09,QQQ,2021,next_rth_range,0.09146503501251833,0.16154927471273428
NON_OPEX,2021-06-09,SPY,2021,next_rth_range,0.30051856053501913,0.16110516679433662
NON_OPEX,2021-06-10,IWM,2021,next_rth_range,0.265083744534704,-0.5742092671329777
NON_OPEX,2021-06-10,QQQ,2021,next_rth_range,0.2881353507829933,-0.8158847344622933
NON_OPEX,2021-06-10,SPY,2021,next_rth_range,0.3487403806791457,-0.6510074039647646
NON_OPEX,2021-06-11,IWM,2021,next_rth_range,0.04464486286259643,0.3221953761985237
NON_OPEX,2021-06-11,QQQ,2021,next_rth_range,0.23611699866018904,0.49785848353372053
NON_OPEX,2021-06-11,SPY,2021,next_rth_range,0.27654280600569897,-0.06000984781038543
NON_OPEX,2021-06-21,IWM,2021,next_rth_range,0.18098941693990583,0.03445511919849498
NON_OPEX,2021-06-21,QQQ,2021,next_rth_range,0.2152652586026921,0.07113780039233486
NON_OPEX,2021-06-21,SPY,2021,next_rth_range,0.25464636678854,0.040914355964999594
NON_OPEX,2021-06-22,IWM,2021,next_rth_range,0.1659674353982797,-0.5524275952974342
NON_OPEX,2021-06-22,QQQ,2021,next_rth_range,0.19913752401730592,-0.5790677160096234
NON_OPEX,2021-06-22,SPY,2021,next_rth_range,0.43266604259986563,-0.7956829006470088
NON_OPEX,2021-06-23,IWM,2021,next_rth_range,0.08920088489658543,0.16848522256019027
NON_OPEX,2021-06-23,QQQ,2021,next_rth_range,0.09667070622537549,-0.2699096276171913
NON_OPEX,2021-06-23,SPY,2021,next_rth_range,0.22469333271803432,-1.0339644679127753
NON_OPEX,2021-06-24,IWM,2021,next_rth_range,0.1359337980687415,-0.6526511353707818
NON_OPEX,2021-06-24,QQQ,2021,next_rth_range,0.25566440620395536,-0.511186007558071
NON_OPEX,2021-06-24,SPY,2021,next_rth_range,0.47687333535537385,-0.5035602701734847
NON_OPEX,2021-06-25,IWM,2021,next_rth_range,0.09238632704258282,0.35189530917365097
NON_OPEX,2021-06-25,QQQ,2021,next_rth_range,0.20169851994099858,0.19554557203476364
NON_OPEX,2021-06-25,SPY,2021,next_rth_range,0.3289304739712711,-0.31614969970026685
NON_OPEX,2021-06-28,IWM,2021,next_rth_range,0.2296309393682142,-0.05268371243940795
NON_OPEX,2021-06-28,QQQ,2021,next_rth_range,0.3418033964262172,-0.29115487756201563
NON_OPEX,2021-06-28,SPY,2021,next_rth_range,0.29007932225872174,-0.5091584631224837
NON_OPEX,2021-06-29,IWM,2021,next_rth_range,0.3308395953042957,-0.07766846734984156
NON_OPEX,2021-06-29,QQQ,2021,next_rth_range,0.17313026198760903,-0.7198328073195155
NON_OPEX,2021-06-29,SPY,2021,next_rth_range,0.3642790679902447,-0.3578026127798939
NON_OPEX,2021-06-30,IWM,2021,next_rth_range,0.29898934792322845,-0.2459705667473706
NON_OPEX,2021-06-30,QQQ,2021,next_rth_range,0.2300976568837475,-0.05892894958988304
NON_OPEX,2021-06-30,SPY,2021,next_rth_range,0.38994926438244715,-0.1813475849138051
NON_OPEX,2021-07-01,IWM,2021,next_rth_range,0.12093475383694953,0.3589583731586261
NON_OPEX,2021-07-01,QQQ,2021,next_rth_range,0.3001104102873664,-0.10848179230621202
NON_OPEX,2021-07-01,SPY,2021,next_rth_range,0.31031305667997744,0.5079695314665358
NON_OPEX,2021-07-02,IWM,2021,next_rth_range,0.1608742920440803,0.6535843036704083
NON_OPEX,2021-07-02,QQQ,2021,next_rth_range,0.25634081926770097,0.28801040462910965
NON_OPEX,2021-07-02,SPY,2021,next_rth_range,0.24035187543856218,0.33980199709051995
NON_OPEX,2021-07-06,IWM,2021,next_rth_range,0.17931974436879533,0.27985314451537224
NON_OPEX,2021-07-06,QQQ,2021,next_rth_range,0.24978872418217954,0.07067525368469951
NON_OPEX,2021-07-06,SPY,2021,next_rth_range,0.38337996505688027,0.01491976954454266
NON_OPEX,2021-07-07,IWM,2021,next_rth_range,0.08899154383289827,0.5751224079784061
NON_OPEX,2021-07-07,QQQ,2021,next_rth_range,0.2986964208038142,0.44774383341578705
NON_OPEX,2021-07-07,SPY,2021,next_rth_range,0.3521589870901482,0.36982092589006665
NON_OPEX,2021-07-08,IWM,2021,next_rth_range,0.09348733201614205,-0.27155547061698204
NON_OPEX,2021-07-08,QQQ,2021,next_rth_range,0.30866012999508907,-0.013864872695011243
NON_OPEX,2021-07-08,SPY,2021,next_rth_range,0.3596594233781881,0.4071672960407007
NON_OPEX,2021-07-09,IWM,2021,next_rth_range,0.09173316357529027,-0.29931576741606225
NON_OPEX,2021-07-09,QQQ,2021,next_rth_range,0.221509028579427,-0.5432032962578406
NON_OPEX,2021-07-09,SPY,2021,next_rth_range,0.31099303937977624,-0.4685344694529485
NON_OPEX,2021-07-19,IWM,2021,next_rth_range,0.03310689579633235,0.8047504191267447
NON_OPEX,2021-07-19,QQQ,2021,next_rth_range,0.1743368481995083,0.7005795577565728
NON_OPEX,2021-07-19,SPY,2021,next_rth_range,0.18139497729059412,0.39675953400834807
NON_OPEX,2021-07-20,IWM,2021,next_rth_range,0.15844681372365066,-0.5717037818433068
NON_OPEX,2021-07-20,QQQ,2021,next_rth_range,0.3307923604416043,-0.2819008114181649
NON_OPEX,2021-07-20,SPY,2021,next_rth_range,0.3506739254830419,-0.256293162926136
NON_OPEX,2021-07-21,IWM,2021,next_rth_range,0.1407006687626873,0.3034945671656528
NON_OPEX,2021-07-21,QQQ,2021,next_rth_range,0.36204121654128235,-0.4616625116292514
NON_OPEX,2021-07-21,SPY,2021,next_rth_range,0.29821395227211533,-0.5760062334929188
NON_OPEX,2021-07-22,IWM,2021,next_rth_range,0.18319588516188914,-0.24823125255652467
NON_OPEX,2021-07-22,QQQ,2021,next_rth_range,0.17309323464890614,0.43152432095075444
NON_OPEX,2021-07-22,SPY,2021,next_rth_range,0.3616323206671122,0.13801171310538596
NON_OPEX,2021-07-23,IWM,2021,next_rth_range,0.17567927142969128,-0.21151664178534535
NON_OPEX,2021-07-23,QQQ,2021,next_rth_range,0.21162335215674602,-0.5341103752006715
NON_OPEX,2021-07-23,SPY,2021,next_rth_range,0.309541016865737,-0.6953607563680455
NON_OPEX,2021-07-26,IWM,2021,next_rth_range,0.17045207576017454,0.05480673630138355
NON_OPEX,2021-07-26,QQQ,2021,next_rth_range,0.21602981087109857,1.0391850049821647
NON_OPEX,2021-07-26,SPY,2021,next_rth_range,0.3282054518786709,0.4258375302433173
NON_OPEX,2021-07-27,IWM,2021,next_rth_range,0.1709371596017099,0.3845488278769196
NON_OPEX,2021-07-27,QQQ,2021,next_rth_range,0.23636909778704654,-0.1890177111065583
NON_OPEX,2021-07-27,SPY,2021,next_rth_range,0.3683431109565087,-0.18066407067924306
NON_OPEX,2021-07-28,IWM,2021,next_rth_range,0.1976201928824513,-0.5833524116518269
NON_OPEX,2021-07-28,QQQ,2021,next_rth_range,0.19916380821022908,-0.543661854459585
NON_OPEX,2021-07-28,SPY,2021,next_rth_range,0.37073932408783467,-0.47893560083585474
NON_OPEX,2021-07-29,IWM,2021,next_rth_range,0.14684954208306542,0.25138770787572273
NON_OPEX,2021-07-29,QQQ,2021,next_rth_range,0.3777483043401483,-0.11674337985697214
NON_OPEX,2021-07-29,SPY,2021,next_rth_range,0.4511085527220982,-0.20441496367662548
NON_OPEX,2021-07-30,IWM,2021,next_rth_range,0.22502716047718083,0.30110600478506955
NON_OPEX,2021-07-30,QQQ,2021,next_rth_range,0.22664972601909142,-0.04252810013763675
NON_OPEX,2021-07-30,SPY,2021,next_rth_range,0.2896260140014076,0.253001267451328
NON_OPEX,2021-08-02,IWM,2021,next_rth_range,0.20159150424271374,0.04592976145339289
NON_OPEX,2021-08-02,QQQ,2021,next_rth_range,0.21204324222867307,0.42377863064880117
NON_OPEX,2021-08-02,SPY,2021,next_rth_range,0.18104701840318976,0.4821656572132591
NON_OPEX,2021-08-03,IWM,2021,next_rth_range,0.1930702309114746,-0.11755033905885082
NON_OPEX,2021-08-03,QQQ,2021,next_rth_range,0.2704315241194706,-0.36629819836845456
NON_OPEX,2021-08-03,SPY,2021,next_rth_range,0.4808203639411659,-0.48559935964677425
NON_OPEX,2021-08-04,IWM,2021,next_rth_range,0.13299475068698646,0.15902834835245105
NON_OPEX,2021-08-04,QQQ,2021,next_rth_range,0.27152475547923793,-0.23431288156357777
NON_OPEX,2021-08-04,SPY,2021,next_rth_range,0.4294238035649426,-0.4350487662012963
NON_OPEX,2021-08-05,IWM,2021,next_rth_range,0.15365790087695444,-0.12590368135327257
NON_OPEX,2021-08-05,QQQ,2021,next_rth_range,0.3917241264849889,-0.17620802637234245
NON_OPEX,2021-08-05,SPY,2021,next_rth_range,0.43039285159567514,-0.8961645104888092
NON_OPEX,2021-08-06,IWM,2021,next_rth_range,0.09319226071947179,-0.5285527825405394
NON_OPEX,2021-08-06,QQQ,2021,next_rth_range,0.13281317129690762,-0.4975627596475478
NON_OPEX,2021-08-06,SPY,2021,next_rth_range,0.19913782013558476,-0.5275298727381603
NON_OPEX,2021-08-09,IWM,2021,next_rth_range,0.11908770397156303,-0.2832650263212262
NON_OPEX,2021-08-09,QQQ,2021,next_rth_range,0.26799243012846946,0.3228035937165936
NON_OPEX,2021-08-09,SPY,2021,next_rth_range,0.38614389399443294,-0.5258281321003437
NON_OPEX,2021-08-10,IWM,2021,next_rth_range,0.12982215371915962,0.07432760552374429
NON_OPEX,2021-08-10,QQQ,2021,next_rth_range,0.21064392427083936,0.09172629529546938
NON_OPEX,2021-08-10,SPY,2021,next_rth_range,0.27063966420804897,-0.7758691966846607
NON_OPEX,2021-08-11,IWM,2021,next_rth_range,0.11523889209643005,-0.4021520670333203
NON_OPEX,2021-08-11,QQQ,2021,next_rth_range,0.31100098947586485,0.04920617311437425
NON_OPEX,2021-08-11,SPY,2021,next_rth_range,0.3859580855560317,0.024276288387989453
NON_OPEX,2021-08-12,IWM,2021,next_rth_range,0.16182155774491672,0.05258186648313057
NON_OPEX,2021-08-12,QQQ,2021,next_rth_range,0.336929923965359,-0.607405739833597
NON_OPEX,2021-08-12,SPY,2021,next_rth_range,0.5193731370925829,-1.0549240255544152
NON_OPEX,2021-08-13,IWM,2021,next_rth_range,0.08314165197760057,0.011782792550934396
NON_OPEX,2021-08-13,QQQ,2021,next_rth_range,0.3246652403068577,0.738430748951358
NON_OPEX,2021-08-13,SPY,2021,next_rth_range,0.32362486168758287,0.7199951420021335
NON_OPEX,2021-08-23,IWM,2021,next_rth_range,0.2233102567338123,-0.2352720736245928
NON_OPEX,2021-08-23,QQQ,2021,next_rth_range,0.15105986417586792,-0.9667695414245481
NON_OPEX,2021-08-23,SPY,2021,next_rth_range,0.24904229399170436,-1.2109243895722104
NON_OPEX,2021-08-24,IWM,2021,next_rth_range,0.11038313034491266,0.15094287894920733
NON_OPEX,2021-08-24,QQQ,2021,next_rth_range,0.2877268003553765,-0.6120227172352086
NON_OPEX,2021-08-24,SPY,2021,next_rth_range,0.46539252764012945,-0.6525078899480174
NON_OPEX,2021-08-25,IWM,2021,next_rth_range,0.1303599283340448,0.09557286613572202
NON_OPEX,2021-08-25,QQQ,2021,next_rth_range,0.32183415802498494,-0.024867046140819582
NON_OPEX,2021-08-25,SPY,2021,next_rth_range,0.41369320543566657,0.12907776470633348
NON_OPEX,2021-08-26,IWM,2021,next_rth_range,0.2647890404456187,0.7449320663376389
NON_OPEX,2021-08-26,QQQ,2021,next_rth_range,0.2298939170107026,0.23847754168067592
NON_OPEX,2021-08-26,SPY,2021,next_rth_range,0.3621441641998803,0.26327961071917194
NON_OPEX,2021-08-27,IWM,2021,next_rth_range,0.06140820766698051,-0.6021636670959145
NON_OPEX,2021-08-27,QQQ,2021,next_rth_range,0.24133111714712305,0.08498077512667912
NON_OPEX,2021-08-27,SPY,2021,next_rth_range,0.3444058725113374,-0.2736391510401113
NON_OPEX,2021-08-30,IWM,2021,next_rth_range,0.18005759789006956,-0.18842231909577567
NON_OPEX,2021-08-30,QQQ,2021,next_rth_range,0.19071467772712558,-0.46428444648008416
NON_OPEX,2021-08-30,SPY,2021,next_rth_range,0.3846545040782328,-0.5437070429650781
NON_OPEX,2021-08-31,IWM,2021,next_rth_range,0.24391009989967072,0.17660403371728517
NON_OPEX,2021-08-31,QQQ,2021,next_rth_range,0.2777172209970816,-0.2524532862902156
NON_OPEX,2021-08-31,SPY,2021,next_rth_range,0.35543621654401,-0.45007530032466647
NON_OPEX,2021-09-01,IWM,2021,next_rth_range,0.08674281888824907,-0.4134163355640812
NON_OPEX,2021-09-01,QQQ,2021,next_rth_range,0.2555321886102208,0.0200074514069426
NON_OPEX,2021-09-01,SPY,2021,next_rth_range,0.39475008942031975,-0.12050532609533171
NON_OPEX,2021-09-02,IWM,2021,next_rth_range,0.2898297364652561,-0.4312766128263794
NON_OPEX,2021-09-02,QQQ,2021,next_rth_range,0.34322999774283275,-0.13964020435941915
NON_OPEX,2021-09-02,SPY,2021,next_rth_range,0.4191183018879526,-0.2506779995082722
NON_OPEX,2021-09-03,IWM,2021,next_rth_range,0.10341729816813,0.15529691187546213
NON_OPEX,2021-09-03,QQQ,2021,next_rth_range,0.27545835517961237,-0.2546689897712895
NON_OPEX,2021-09-03,SPY,2021,next_rth_range,0.3536491642581754,-0.11006284164452484
NON_OPEX,2021-09-07,IWM,2021,next_rth_range,0.08054092584785674,0.2181158289145424
NON_OPEX,2021-09-07,QQQ,2021,next_rth_range,0.20699810293811363,0.3055733029449854
NON_OPEX,2021-09-07,SPY,2021,next_rth_range,0.36758128803400386,0.19844450622093301
NON_OPEX,2021-09-08,IWM,2021,next_rth_range,0.2876718073492121,0.11627943885613945
NON_OPEX,2021-09-08,QQQ,2021,next_rth_range,0.30257915364278465,-0.046375840104713184
NON_OPEX,2021-09-08,SPY,2021,next_rth_range,0.4168452327737178,0.24778425270301696
NON_OPEX,2021-09-09,IWM,2021,next_rth_range,0.13847049239807935,0.18043061010200923
NON_OPEX,2021-09-09,QQQ,2021,next_rth_range,0.33741403735528314,0.6820746767686465
NON_OPEX,2021-09-09,SPY,2021,next_rth_range,0.3521905497821357,0.7380785097585845
NON_OPEX,2021-09-10,IWM,2021,next_rth_range,0.10549533006899554,0.11774680930864534
NON_OPEX,2021-09-10,QQQ,2021,next_rth_range,0.20494124124150137,0.2900878678780163
NON_OPEX,2021-09-10,SPY,2021,next_rth_range,0.18422589037105597,0.31121558278530514
NON_OPEX,2021-09-20,IWM,2021,next_rth_range,0.1872229235958566,-0.13895566217029565
NON_OPEX,2021-09-20,QQQ,2021,next_rth_range,0.12488315693490111,-0.3759242928790796
NON_OPEX,2021-09-20,SPY,2021,next_rth_range,0.13398833140865637,-0.05129351317472253
NON_OPEX,2021-09-21,IWM,2021,next_rth_range,0.17308248256470818,0.15339728707202394
NON_OPEX,2021-09-21,QQQ,2021,next_rth_range,0.13297708642031647,0.2780654746671152
NON_OPEX,2021-09-21,SPY,2021,next_rth_range,0.15776745240160162,0.4711780248084594
NON_OPEX,2021-09-22,IWM,2021,next_rth_range,0.20739999977514212,0.2084793184692426
NON_OPEX,2021-09-22,QQQ,2021,next_rth_range,0.20171915204847263,-0.11308011776808868
NON_OPEX,2021-09-22,SPY,2021,next_rth_range,0.1911461139583076,0.13955235666114874
NON_OPEX,2021-09-23,IWM,2021,next_rth_range,0.20270244539929433,-0.341456675857291
NON_OPEX,2021-09-23,QQQ,2021,next_rth_range,0.15867749418760443,-0.14524099569760995
NON_OPEX,2021-09-23,SPY,2021,next_rth_range,0.3127698958283564,-0.22384217940463724
NON_OPEX,2021-09-24,IWM,2021,next_rth_range,0.18400887330809032,0.1998850326763124
NON_OPEX,2021-09-24,QQQ,2021,next_rth_range,0.21966335355983493,-0.06997045354213949
NON_OPEX,2021-09-24,SPY,2021,next_rth_range,0.27564438381448003,-0.5202466266299703
NON_OPEX,2021-09-27,IWM,2021,next_rth_range,0.08318831451763323,0.3477237873463057
NON_OPEX,2021-09-27,QQQ,2021,next_rth_range,0.21951802089547667,1.0222015307785388
NON_OPEX,2021-09-27,SPY,2021,next_rth_range,0.21824578910385364,0.8258252888678053
NON_OPEX,2021-09-28,IWM,2021,next_rth_range,0.1335594239069214,-0.40962063083212996
NON_OPEX,2021-09-28,QQQ,2021,next_rth_range,0.14350982848524527,-0.32303529473078285
NON_OPEX,2021-09-28,SPY,2021,next_rth_range,0.1869226384517809,-0.4180417689766811
NON_OPEX,2021-09-29,IWM,2021,next_rth_range,0.22160995930081434,0.3266558683713514
NON_OPEX,2021-09-29,QQQ,2021,next_rth_range,0.23545858625898317,0.20081425774520412
NON_OPEX,2021-09-29,SPY,2021,next_rth_range,0.2233293080440186,0.7607209719125438
NON_OPEX,2021-09-30,IWM,2021,next_rth_range,0.16275407773602937,0.5344737198917011
NON_OPEX,2021-09-30,QQQ,2021,next_rth_range,0.13663482124499687,0.37472124534745577
NON_OPEX,2021-09-30,SPY,2021,next_rth_range,0.2248239478589121,0.5611939476001848
NON_OPEX,2021-10-01,IWM,2021,next_rth_range,0.10772953335102253,-0.23573292643899624
NON_OPEX,2021-10-01,QQQ,2021,next_rth_range,0.14351623733535954,0.4522065898357064
NON_OPEX,2021-10-01,SPY,2021,next_rth_range,0.16206499677560188,0.27960083633183963
NON_OPEX,2021-10-04,IWM,2021,next_rth_range,0.19567892843180143,-0.031667811728206985
NON_OPEX,2021-10-04,QQQ,2021,next_rth_range,0.09649195569872263,0.06481786570493053
NON_OPEX,2021-10-04,SPY,2021,next_rth_range,0.16127911784570084,0.12561674683530644
NON_OPEX,2021-10-05,IWM,2021,next_rth_range,0.2746776637827419,-0.017904678249075268
NON_OPEX,2021-10-05,QQQ,2021,next_rth_range,0.15081884524107414,0.2788323042589056
NON_OPEX,2021-10-05,SPY,2021,next_rth_range,0.22571523828110046,0.42248649277800876
NON_OPEX,2021-10-06,IWM,2021,next_rth_range,0.17656479558552907,0.0814963559172428
NON_OPEX,2021-10-06,QQQ,2021,next_rth_range,0.197967517352483,-0.4671202782676973
NON_OPEX,2021-10-06,SPY,2021,next_rth_range,0.18627569854576387,-0.4641647167541496
NON_OPEX,2021-10-07,IWM,2021,next_rth_range,0.11627780667427651,-0.25442683505046926
NON_OPEX,2021-10-07,QQQ,2021,next_rth_range,0.12423919898182954,-0.22842679412458455
NON_OPEX,2021-10-07,SPY,2021,next_rth_range,0.21257048958985847,-0.47728094653975894
NON_OPEX,2021-10-08,IWM,2021,next_rth_range,0.15601913156679953,0.1549644164588857
NON_OPEX,2021-10-08,QQQ,2021,next_rth_range,0.1823645738304182,0.14501148260746088
NON_OPEX,2021-10-08,SPY,2021,next_rth_range,0.24566740100958198,0.44628777220001137
NON_OPEX,2021-10-18,IWM,2021,next_rth_range,0.30313580623237446,-0.04824937586084754
NON_OPEX,2021-10-18,QQQ,2021,next_rth_range,0.17777310871949709,-0.5506205194487421
NON_OPEX,2021-10-18,SPY,2021,next_rth_range,0.3360801790242059,-0.5148304202426379
NON_OPEX,2021-10-19,IWM,2021,next_rth_range,0.3805336447833841,0.03410031787169121
NON_OPEX,2021-10-19,QQQ,2021,next_rth_range,0.24206178641326395,-0.1128271426776557
NON_OPEX,2021-10-19,SPY,2021,next_rth_range,0.3330071714496651,-0.6480931557104617
NON_OPEX,2021-10-20,IWM,2021,next_rth_range,0.10498670779590025,-0.1431081240888572
NON_OPEX,2021-10-20,QQQ,2021,next_rth_range,0.20322357931152166,-0.07328387266958902
NON_OPEX,2021-10-20,SPY,2021,next_rth_range,0.2136121365139561,-0.16351417880854058
NON_OPEX,2021-10-21,IWM,2021,next_rth_range,0.2386412029406292,0.11284482747868196
NON_OPEX,2021-10-21,QQQ,2021,next_rth_range,0.19327250425342274,0.20500149843585458
NON_OPEX,2021-10-21,SPY,2021,next_rth_range,0.357878975274627,0.19422606006023013
NON_OPEX,2021-10-22,IWM,2021,next_rth_range,0.130043503795201,0.044765479743269054
NON_OPEX,2021-10-22,QQQ,2021,next_rth_range,0.2410621591305741,0.16960178460752928
NON_OPEX,2021-10-22,SPY,2021,next_rth_range,0.36402368985363565,-0.20402867052018525
NON_OPEX,2021-10-25,IWM,2021,next_rth_range,0.21454284669384255,0.1460692393544223
NON_OPEX,2021-10-25,QQQ,2021,next_rth_range,0.12366837539721189,0.015398885702753162
NON_OPEX,2021-10-25,SPY,2021,next_rth_range,0.22839310050682987,-0.19840315357344807
NON_OPEX,2021-10-26,IWM,2021,next_rth_range,0.1505796255711692,0.4078811723951761
NON_OPEX,2021-10-26,QQQ,2021,next_rth_range,0.27666678077790285,-0.1504641467245893
NON_OPEX,2021-10-26,SPY,2021,next_rth_range,0.29342348664499357,0.04617758596495314
NON_OPEX,2021-10-27,IWM,2021,next_rth_range,0.10338594895653484,0.09936593926318515
NON_OPEX,2021-10-27,QQQ,2021,next_rth_range,0.21926836467926547,-0.24916048336889407
NON_OPEX,2021-10-27,SPY,2021,next_rth_range,0.32786715096877317,-0.1290259853556126
NON_OPEX,2021-10-28,IWM,2021,next_rth_range,0.2824754834434045,-0.5336225539647685
NON_OPEX,2021-10-28,QQQ,2021,next_rth_range,0.30676028849176085,0.38019196927341437
NON_OPEX,2021-10-28,SPY,2021,next_rth_range,0.362519797758911,0.18845921826529377
NON_OPEX,2021-10-29,IWM,2021,next_rth_range,0.16457849930297394,0.7019014801007661
NON_OPEX,2021-10-29,QQQ,2021,next_rth_range,0.18341902887723346,-0.31839398167054966
NON_OPEX,2021-10-29,SPY,2021,next_rth_range,0.29034816807111274,-0.3739983895410548
NON_OPEX,2021-11-01,IWM,2021,next_rth_range,0.2024303129623091,-0.5974321974148618
NON_OPEX,2021-11-01,QQQ,2021,next_rth_range,0.15011300151186485,-0.200744802958285
NON_OPEX,2021-11-01,SPY,2021,next_rth_range,0.24095727496535715,-0.4109089319066328
NON_OPEX,2021-11-02,IWM,2021,next_rth_range,0.17212430840394738,0.6416833666971034
NON_OPEX,2021-11-02,QQQ,2021,next_rth_range,0.18172406970408786,0.5079740285652861
NON_OPEX,2021-11-02,SPY,2021,next_rth_range,0.32103061721576226,0.4271327324800911
NON_OPEX,2021-11-03,IWM,2021,next_rth_range,0.13366135303967955,-0.18368730834421587
NON_OPEX,2021-11-03,QQQ,2021,next_rth_range,0.16130617212033302,0.28855139531863117
NON_OPEX,2021-11-03,SPY,2021,next_rth_range,0.21575451990104125,-0.5047218231624182
NON_OPEX,2021-11-04,IWM,2021,next_rth_range,0.14975546429745482,-0.026234261650850854
NON_OPEX,2021-11-04,SPY,2021,next_rth_range,0.31428759514249954,0.441658178998102
NON_OPEX,2021-11-05,IWM,2021,next_rth_range,0.09802865374302466,-0.25246097022976777
NON_OPEX,2021-11-05,QQQ,2021,next_rth_range,0.22731847549559822,-0.5172981201326996
NON_OPEX,2021-11-05,SPY,2021,next_rth_range,0.3274331645903069,-0.388165978104948
NON_OPEX,2021-11-08,IWM,2021,next_rth_range,0.09563388796696436,0.09329339708513817
NON_OPEX,2021-11-08,QQQ,2021,next_rth_range,0.23572857816382056,0.5705707637051729
NON_OPEX,2021-11-08,SPY,2021,next_rth_range,0.3664038493165494,0.41825691495353823
NON_OPEX,2021-11-09,IWM,2021,next_rth_range,0.225819269873699,0.5485033212309949
NON_OPEX,2021-11-09,QQQ,2021,next_rth_range,0.2105331033534746,0.5661924569831935
NON_OPEX,2021-11-09,SPY,2021,next_rth_range,0.2406873031184087,0.5423018970867215
NON_OPEX,2021-11-10,IWM,2021,next_rth_range,0.18349109897275662,-0.3489077661701012
NON_OPEX,2021-11-10,QQQ,2021,next_rth_range,0.19814723237672002,-0.7832254583747504
NON_OPEX,2021-11-10,SPY,2021,next_rth_range,0.18082149791769764,-0.9073861965254277
NON_OPEX,2021-11-11,IWM,2021,next_rth_range,0.22521356145388682,-0.7143280125592586
NON_OPEX,2021-11-11,QQQ,2021,next_rth_range,0.24468569390255782,0.46899082977372597
NON_OPEX,2021-11-11,SPY,2021,next_rth_range,0.3360724750273918,0.46210552834504437
NON_OPEX,2021-11-12,IWM,2021,next_rth_range,0.20492749020130213,0.31832204851867285
NON_OPEX,2021-11-12,QQQ,2021,next_rth_range,0.2029881932569286,-0.06490589464488128
NON_OPEX,2021-11-12,SPY,2021,next_rth_range,0.3059754269585846,-0.21599261676352732
NON_OPEX,2021-11-22,IWM,2021,next_rth_range,0.10252535405385164,0.333689908795614
NON_OPEX,2021-11-22,QQQ,2021,next_rth_range,0.27182754312863006,0.24778526345752416
NON_OPEX,2021-11-22,SPY,2021,next_rth_range,0.18468027395090994,0.25166859589220447
NON_OPEX,2021-11-23,IWM,2021,next_rth_range,0.10845462018004107,-0.0543097055341315
NON_OPEX,2021-11-23,QQQ,2021,next_rth_range,0.13943203608703642,0.158433893466011
NON_OPEX,2021-11-23,SPY,2021,next_rth_range,0.36212931368637885,0.290824937436569
NON_OPEX,2021-11-24,IWM,2021,next_rth_range,0.12474618460392725,0.884745508188451
NON_OPEX,2021-11-24,QQQ,2021,next_rth_range,0.3454310743429717,0.4554889054547462
NON_OPEX,2021-11-24,SPY,2021,next_rth_range,0.33297986174844646,0.7075815590345984
NON_OPEX,2021-11-26,IWM,2021,next_rth_range,0.06316587550346267,0.17246718953983242
NON_OPEX,2021-11-26,QQQ,2021,next_rth_range,0.1555588732265528,0.028971264125350338
NON_OPEX,2021-11-26,SPY,2021,next_rth_range,0.13162034900450195,0.1061320137194981
NON_OPEX,2021-11-29,IWM,2021,next_rth_range,0.08771169512872999,0.3674253646815848
NON_OPEX,2021-11-29,QQQ,2021,next_rth_range,0.273179469891531,0.6187310273192281
NON_OPEX,2021-11-29,SPY,2021,next_rth_range,0.17895977279964143,0.6875821445133439
NON_OPEX,2021-11-30,IWM,2021,next_rth_range,0.08600646689574963,0.9006591050671897
NON_OPEX,2021-11-30,QQQ,2021,next_rth_range,0.23653272731190927,0.7473631162094367
NON_OPEX,2021-11-30,SPY,2021,next_rth_range,0.18567220556368788,0.9570361220351864
NON_OPEX,2021-12-01,IWM,2021,next_rth_range,0.10472988378054406,0.07025431048456765
NON_OPEX,2021-12-01,QQQ,2021,next_rth_range,0.08759032233662643,-0.05115835952405412
NON_OPEX,2021-12-01,SPY,2021,next_rth_range,0.1253564494498191,0.21307253850449515
NON_OPEX,2021-12-02,IWM,2021,next_rth_range,0.17761845837140514,0.4569886887981589
NON_OPEX,2021-12-02,QQQ,2021,next_rth_range,0.17243169488519966,0.780127815021423
NON_OPEX,2021-12-02,SPY,2021,next_rth_range,0.13071205849885575,0.6239777757418778
NON_OPEX,2021-12-03,IWM,2021,next_rth_range,0.18103499844041476,0.30178444901620294
NON_OPEX,2021-12-03,QQQ,2021,next_rth_range,0.14250221467788202,0.04253728552504743
NON_OPEX,2021-12-03,SPY,2021,next_rth_range,0.11025810810186737,0.04830216516853891
NON_OPEX,2021-12-06,IWM,2021,next_rth_range,0.22823600172772135,-0.2731944332480616
NON_OPEX,2021-12-06,QQQ,2021,next_rth_range,0.17677284261366047,-0.17913920453408494
NON_OPEX,2021-12-06,SPY,2021,next_rth_range,0.1716879491922862,0.5619225354378989
NON_OPEX,2021-12-07,IWM,2021,next_rth_range,0.17851431572107473,-0.1857602870209938
NON_OPEX,2021-12-07,QQQ,2021,next_rth_range,0.08955244757711113,-0.4637832940038882
NON_OPEX,2021-12-07,SPY,2021,next_rth_range,0.2788863909695562,-0.7788268973140653
NON_OPEX,2021-12-08,IWM,2021,next_rth_range,0.17809059795647655,0.3222477215508075
NON_OPEX,2021-12-08,QQQ,2021,next_rth_range,0.28437597669404197,0.31953165740263234
NON_OPEX,2021-12-08,SPY,2021,next_rth_range,0.25663203886807534,-0.19297856559265902
NON_OPEX,2021-12-09,IWM,2021,next_rth_range,0.20033419346400738,-0.005814836255820133
NON_OPEX,2021-12-09,QQQ,2021,next_rth_range,0.1613951787470214,-0.2223544978303158
NON_OPEX,2021-12-09,SPY,2021,next_rth_range,0.25053158854364493,0.017233439604980028
NON_OPEX,2021-12-10,IWM,2021,next_rth_range,0.230470184012287,0.03969476956633233
NON_OPEX,2021-12-10,QQQ,2021,next_rth_range,0.31038144689345215,0.1533676845024683
NON_OPEX,2021-12-10,SPY,2021,next_rth_range,0.3311128887257161,-0.09343259999575437
NON_OPEX,2021-12-20,IWM,2021,next_rth_range,0.0952362861454669,0.2908980228489395
NON_OPEX,2021-12-20,QQQ,2021,next_rth_range,0.21957450243822965,0.5638458965132349
NON_OPEX,2021-12-20,SPY,2021,next_rth_range,0.16701257103688144,0.3140949394694639
NON_OPEX,2021-12-21,IWM,2021,next_rth_range,0.08228081045934378,-0.4392782435144529
NON_OPEX,2021-12-21,QQQ,2021,next_rth_range,0.20961833770395122,-0.2521756983369636
NON_OPEX,2021-12-21,SPY,2021,next_rth_range,0.2649355087677684,-0.12723376949041132
NON_OPEX,2021-12-22,IWM,2021,next_rth_range,0.19627488061617798,-0.40305910527000144
NON_OPEX,2021-12-22,QQQ,2021,next_rth_range,0.2150513365250275,-0.3612731692094462
NON_OPEX,2021-12-22,SPY,2021,next_rth_range,0.3058669704027658,-0.38631946630779
NON_OPEX,2021-12-23,IWM,2021,next_rth_range,0.1160977599885914,0.11051317737949873
NON_OPEX,2021-12-23,QQQ,2021,next_rth_range,0.1775976842365996,0.005753023869855767
NON_OPEX,2021-12-23,SPY,2021,next_rth_range,0.20276048751404602,0.13933957663134233
NON_OPEX,2021-12-27,IWM,2021,next_rth_range,0.263378667095571,-0.10917536305799747
NON_OPEX,2021-12-27,QQQ,2021,next_rth_range,0.1427906772037365,-0.37791009385718866
NON_OPEX,2021-12-27,SPY,2021,next_rth_range,0.20343697287843868,-0.6209912259937136
NON_OPEX,2021-12-28,IWM,2021,next_rth_range,0.1301384705924427,-0.49062339071690086
NON_OPEX,2021-12-28,QQQ,2021,next_rth_range,0.31707623917034977,-0.19595257960725387
NON_OPEX,2021-12-28,SPY,2021,next_rth_range,0.30423029810982344,-0.3989840937922766
NON_OPEX,2021-12-29,IWM,2021,next_rth_range,0.17952985205343483,-0.0893915041416804
NON_OPEX,2021-12-29,QQQ,2021,next_rth_range,0.3036627570767592,-0.3091335660401491
NON_OPEX,2021-12-29,SPY,2021,next_rth_range,0.1985502327592028,-0.15771038171700802
NON_OPEX,2021-12-30,IWM,2021,next_rth_range,0.23134048257670622,-0.7226812540283829
NON_OPEX,2021-12-30,QQQ,2021,next_rth_range,0.3727662174026265,-0.23933404359549648
NON_OPEX,2021-12-30,SPY,2021,next_rth_range,0.3896981992270601,-0.5876071853216613
NON_OPEX,2021-12-31,IWM,2021,next_rth_range,0.10311043811608729,0.3818839294406242
NON_OPEX,2021-12-31,QQQ,2021,next_rth_range,0.1272607764821239,0.09288112579899988
NON_OPEX,2021-12-31,SPY,2021,next_rth_range,0.2766816580930576,0.12255789034348119
NON_OPEX,2022-01-03,IWM,2022,next_rth_range,0.14817954276880357,-0.0736609138303228
NON_OPEX,2022-01-03,QQQ,2022,next_rth_range,0.28375417156624105,0.44418682228982176
NON_OPEX,2022-01-03,SPY,2022,next_rth_range,0.31581115300507717,-0.03350983012540887
NON_OPEX,2022-01-04,IWM,2022,next_rth_range,0.20833353298589968,0.7948492475118174
NON_OPEX,2022-01-04,QQQ,2022,next_rth_range,0.18412724004189857,0.46928530688690806
NON_OPEX,2022-01-04,SPY,2022,next_rth_range,0.2692297238944718,0.7425669859022306
NON_OPEX,2022-01-05,IWM,2022,next_rth_range,0.10629989666412423,-0.2532375260794728
NON_OPEX,2022-01-05,QQQ,2022,next_rth_range,0.10440885420245163,-0.17829785786759755
NON_OPEX,2022-01-05,SPY,2022,next_rth_range,0.2090318754021971,-0.2364123131304785
NON_OPEX,2022-01-06,IWM,2022,next_rth_range,0.11420838833859813,-0.08378691308511632
NON_OPEX,2022-01-06,QQQ,2022,next_rth_range,0.1649468899645258,0.04432542020600572
NON_OPEX,2022-01-06,SPY,2022,next_rth_range,0.2927229022888721,-0.3534794683561042
NON_OPEX,2022-01-07,IWM,2022,next_rth_range,0.202750270921882,-0.03864634328250238
NON_OPEX,2022-01-07,QQQ,2022,next_rth_range,0.18338108608740952,0.4565313776396498
NON_OPEX,2022-01-07,SPY,2022,next_rth_range,0.24914524521187068,0.5703287817322318
NON_OPEX,2022-01-10,IWM,2022,next_rth_range,0.15556475007886886,0.057429022984919254
NON_OPEX,2022-01-10,QQQ,2022,next_rth_range,0.1837824363980137,0.012189373970965978
NON_OPEX,2022-01-10,SPY,2022,next_rth_range,0.15259648322053032,0.11839889668369352
NON_OPEX,2022-01-11,IWM,2022,next_rth_range,0.1633841132329619,-0.006607549983302263
NON_OPEX,2022-01-11,QQQ,2022,next_rth_range,0.16871389234775783,-0.4250966541361718
NON_OPEX,2022-01-11,SPY,2022,next_rth_range,0.2931255091092666,-0.4334295501162728
NON_OPEX,2022-01-12,IWM,2022,next_rth_range,0.2333399661851746,0.12046824209950335
NON_OPEX,2022-01-12,QQQ,2022,next_rth_range,0.11711485287040306,0.7370246835592424
NON_OPEX,2022-01-12,SPY,2022,next_rth_range,0.2519832557354453,0.6362241564077014
NON_OPEX,2022-01-13,IWM,2022,next_rth_range,0.23059181579165688,-0.07771555440775924
NON_OPEX,2022-01-13,QQQ,2022,next_rth_range,0.13389093843177996,-0.47113895324245725
NON_OPEX,2022-01-13,SPY,2022,next_rth_range,0.18246200409825425,-0.2552232020718277
NON_OPEX,2022-01-14,IWM,2022,next_rth_range,0.19354469214962697,0.2863766280216926
NON_OPEX,2022-01-14,QQQ,2022,next_rth_range,0.1581661190018739,0.05090981223567681
NON_OPEX,2022-01-14,SPY,2022,next_rth_range,0.19161329819859232,-0.11523738393925154
NON_OPEX,2022-01-24,IWM,2022,next_rth_range,0.05410250712573351,0.040474001469887
NON_OPEX,2022-01-24,QQQ,2022,next_rth_range,0.11569840065405411,-0.16451323088201697
NON_OPEX,2022-01-24,SPY,2022,next_rth_range,0.15932775303203403,0.21225238146674918
NON_OPEX,2022-01-25,IWM,2022,next_rth_range,0.056395711157066264,0.46952997655686524
NON_OPEX,2022-01-25,QQQ,2022,next_rth_range,0.14736855904221072,0.6876818992860403
NON_OPEX,2022-01-25,SPY,2022,next_rth_range,0.11804793734856943,0.536907139679665
NON_OPEX,2022-01-26,IWM,2022,next_rth_range,0.1665755660790826,0.3376845805643751
NON_OPEX,2022-01-26,QQQ,2022,next_rth_range,0.15044716110399786,0.10895921108817452
NON_OPEX,2022-01-26,SPY,2022,next_rth_range,0.12055376998711469,0.2943297643007199
NON_OPEX,2022-01-27,IWM,2022,next_rth_range,0.10728744989882509,0.15535899543592002
NON_OPEX,2022-01-27,QQQ,2022,next_rth_range,0.1793575800836404,0.5168764999278692
NON_OPEX,2022-01-27,SPY,2022,next_rth_range,0.1598370648107229,0.5844536199673485
NON_OPEX,2022-01-28,IWM,2022,next_rth_range,0.12108829884797438,0.20820846675283144
NON_OPEX,2022-01-28,QQQ,2022,next_rth_range,0.04793853201090002,0.16097042268213935
NON_OPEX,2022-01-28,SPY,2022,next_rth_range,0.16033445217183237,0.11901904513327954
NON_OPEX,2022-01-31,IWM,2022,next_rth_range,0.09406323435536716,-0.11422477779436546
NON_OPEX,2022-01-31,QQQ,2022,next_rth_range,0.06020959444293193,-0.33900438038122527
NON_OPEX,2022-01-31,SPY,2022,next_rth_range,0.1856014573576651,-0.2184214687284194
NON_OPEX,2022-02-01,IWM,2022,next_rth_range,0.08038237700549618,-0.19808236702458704
NON_OPEX,2022-02-01,QQQ,2022,next_rth_range,0.1943631175715306,-0.3253785305824284
NON_OPEX,2022-02-01,SPY,2022,next_rth_range,0.15603671514863413,-0.31680178912926316
NON_OPEX,2022-02-02,IWM,2022,next_rth_range,0.11592515862741803,-0.15752059649046668
NON_OPEX,2022-02-02,QQQ,2022,next_rth_range,0.21460116907344162,0.31003678466095996
NON_OPEX,2022-02-02,SPY,2022,next_rth_range,0.13347937064511226,0.1861630716234295
NON_OPEX,2022-02-03,IWM,2022,next_rth_range,0.16480653832192774,0.07699588935417889
NON_OPEX,2022-02-03,QQQ,2022,next_rth_range,0.26078012862859584,0.03884051288005974
NON_OPEX,2022-02-03,SPY,2022,next_rth_range,0.23366564079744884,0.19454999274444784
NON_OPEX,2022-02-04,IWM,2022,next_rth_range,0.06705762089692616,-0.5086505240346311
NON_OPEX,2022-02-04,QQQ,2022,next_rth_range,0.06199523406546262,-0.24829595700353035
NON_OPEX,2022-02-04,SPY,2022,next_rth_range,0.22358118219181355,-0.4709181856379745
NON_OPEX,2022-02-07,IWM,2022,next_rth_range,0.2469395420457902,-0.06006569931814054
NON_OPEX,2022-02-07,QQQ,2022,next_rth_range,0.12986562081607522,-0.04656617068778557
NON_OPEX,2022-02-07,SPY,2022,next_rth_range,0.14468442528772346,0.07601858178255227
NON_OPEX,2022-02-08,IWM,2022,next_rth_range,0.10447877676367223,-0.5998144745414855
NON_OPEX,2022-02-08,QQQ,2022,next_rth_range,0.16541922233165357,-0.5411308406315509
NON_OPEX,2022-02-08,SPY,2022,next_rth_range,0.2748261213948635,-0.8964087626858834
NON_OPEX,2022-02-09,IWM,2022,next_rth_range,0.09395489121519672,0.6905818019045427
NON_OPEX,2022-02-09,QQQ,2022,next_rth_range,0.16466710730682846,0.4172197729559186
NON_OPEX,2022-02-09,SPY,2022,next_rth_range,0.10915341847886045,0.742306919959649
NON_OPEX,2022-02-10,IWM,2022,next_rth_range,0.08216998521519717,0.04947707235662735
NON_OPEX,2022-02-10,QQQ,2022,next_rth_range,0.22665292600784392,0.4106193215064504
NON_OPEX,2022-02-10,SPY,2022,next_rth_range,0.23785706080652078,0.3718503576560743
NON_OPEX,2022-02-11,IWM,2022,next_rth_range,0.1067707635932024,-0.24135481291587668
NON_OPEX,2022-02-11,QQQ,2022,next_rth_range,0.0631181081669594,-0.3766760672011533
NON_OPEX,2022-02-11,SPY,2022,next_rth_range,0.14268810640637367,-0.36574980039122584
NON_OPEX,2022-02-22,IWM,2022,next_rth_range,0.06443878141380018,0.23284480390808948
NON_OPEX,2022-02-22,QQQ,2022,next_rth_range,0.06356383465447789,0.3131939508113133
NON_OPEX,2022-02-22,SPY,2022,next_rth_range,0.16125973009065128,0.37231501902849207
NON_OPEX,2022-02-23,IWM,2022,next_rth_range,0.033956326331778204,0.8055897420510236
NON_OPEX,2022-02-23,QQQ,2022,next_rth_range,0.17808603931510575,0.9799808127889569
NON_OPEX,2022-02-23,SPY,2022,next_rth_range,0.1766502930127618,0.8562185664227777
NON_OPEX,2022-02-24,IWM,2022,next_rth_range,0.0767938449342858,-0.2218602060009469
NON_OPEX,2022-02-24,QQQ,2022,next_rth_range,0.19282901778556874,-0.4629072473410174
NON_OPEX,2022-02-24,SPY,2022,next_rth_range,0.17398117377028163,-0.06545676438005543
NON_OPEX,2022-02-25,IWM,2022,next_rth_range,0.09576846410878533,-0.2230367500065582
NON_OPEX,2022-02-25,QQQ,2022,next_rth_range,0.10944966169614148,-0.17102187012446812
NON_OPEX,2022-02-25,SPY,2022,next_rth_range,0.08186564927013634,-0.08915356728041823
NON_OPEX,2022-02-28,IWM,2022,next_rth_range,0.11388176622191518,0.27491072062614297
NON_OPEX,2022-02-28,QQQ,2022,next_rth_range,0.059059003513135304,0.15118248845133797
NON_OPEX,2022-02-28,SPY,2022,next_rth_range,0.12344014723939335,0.31882243622079187
NON_OPEX,2022-03-01,IWM,2022,next_rth_range,0.18738771331996837,-0.14833681409708532
NON_OPEX,2022-03-01,QQQ,2022,next_rth_range,0.20011942318409004,-0.0461737393579309
NON_OPEX,2022-03-01,SPY,2022,next_rth_range,0.17615597524722393,-0.024440919925583948
NON_OPEX,2022-03-02,IWM,2022,next_rth_range,0.14539220141969234,0.01527412108678794
NON_OPEX,2022-03-02,QQQ,2022,next_rth_range,0.06156170672376583,0.16316348438542194
NON_OPEX,2022-03-02,SPY,2022,next_rth_range,0.18857535397110092,-0.02883312399932869
NON_OPEX,2022-03-03,IWM,2022,next_rth_range,0.0903159997862722,-0.1899695873408933
NON_OPEX,2022-03-03,QQQ,2022,next_rth_range,0.10572030502862124,-0.2473111192894808
NON_OPEX,2022-03-03,SPY,2022,next_rth_range,0.15444468010669216,-0.24728527559281765
NON_OPEX,2022-03-04,IWM,2022,next_rth_range,0.04112295240973072,0.29060828360359237
NON_OPEX,2022-03-04,QQQ,2022,next_rth_range,0.05689179696316432,0.7005098840968622
NON_OPEX,2022-03-04,SPY,2022,next_rth_range,0.08287445210723673,0.6764475909052106
NON_OPEX,2022-03-07,IWM,2022,next_rth_range,0.11106900299980281,0.19368150348398894
NON_OPEX,2022-03-07,QQQ,2022,next_rth_range,0.09594804792774658,0.32992599496331465
NON_OPEX,2022-03-07,SPY,2022,next_rth_range,0.13866459472132686,0.3079447332346037
NON_OPEX,2022-03-08,IWM,2022,next_rth_range,0.20431711468997638,-0.546571322336681
NON_OPEX,2022-03-08,QQQ,2022,next_rth_range,0.05439435986331242,-0.41389509114790757
NON_OPEX,2022-03-08,SPY,2022,next_rth_range,0.13551312292331458,-0.31299412011210626
NON_OPEX,2022-03-09,IWM,2022,next_rth_range,0.19821524057028506,-0.1774400231526707
NON_OPEX,2022-03-09,QQQ,2022,next_rth_range,0.11699184253794187,-0.3259959925926843
NON_OPEX,2022-03-09,SPY,2022,next_rth_range,0.08066984294031529,-0.18065840591847593
NON_OPEX,2022-03-10,IWM,2022,next_rth_range,0.22013366229424344,0.2266813507984966
NON_OPEX,2022-03-10,QQQ,2022,next_rth_range,0.19554566419943759,0.30980464381512807
NON_OPEX,2022-03-10,SPY,2022,next_rth_range,0.17879230324006293,0.29875275601314
NON_OPEX,2022-03-11,IWM,2022,next_rth_range,0.07636850829565904,0.11445963109285362
NON_OPEX,2022-03-11,QQQ,2022,next_rth_range,0.12922030361530243,0.0031891968383472857
NON_OPEX,2022-03-11,SPY,2022,next_rth_range,0.17792899079737884,0.09900181283665743
NON_OPEX,2022-03-21,IWM,2022,next_rth_range,0.20684796023415947,-0.3965888022030617
NON_OPEX,2022-03-21,QQQ,2022,next_rth_range,0.19392136171462668,-0.1133696867273053
NON_OPEX,2022-03-21,SPY,2022,next_rth_range,0.11908110836901027,-0.4528809178687885
NON_OPEX,2022-03-22,IWM,2022,next_rth_range,0.08145036735512323,-0.10721818579356324
NON_OPEX,2022-03-22,QQQ,2022,next_rth_range,0.06913955485717643,-0.2698467847679389
NON_OPEX,2022-03-22,SPY,2022,next_rth_range,0.19546041255073235,-0.16439495848442043
NON_OPEX,2022-03-23,IWM,2022,next_rth_range,0.12110638491151239,-0.21984626078744807
NON_OPEX,2022-03-23,QQQ,2022,next_rth_range,0.083942956865344,0.13823873729127545
NON_OPEX,2022-03-23,SPY,2022,next_rth_range,0.19004599969871416,-0.01984760540020325
NON_OPEX,2022-03-24,IWM,2022,next_rth_range,0.2517058679620021,-0.5533648563508073
NON_OPEX,2022-03-24,QQQ,2022,next_rth_range,0.2030227739710176,-0.327998028567392
NON_OPEX,2022-03-24,SPY,2022,next_rth_range,0.24339880640825107,-0.31896235166801645
NON_OPEX,2022-03-25,IWM,2022,next_rth_range,0.06558879854311442,-0.13941291272822198
NON_OPEX,2022-03-25,QQQ,2022,next_rth_range,0.15891885282581658,-0.0839906338504548
NON_OPEX,2022-03-25,SPY,2022,next_rth_range,0.1003198759951198,0.00583268763061362
NON_OPEX,2022-03-28,IWM,2022,next_rth_range,0.11358164094556479,0.11993459596121969
NON_OPEX,2022-03-28,QQQ,2022,next_rth_range,0.11626749357614749,-0.2591824226511976
NON_OPEX,2022-03-28,SPY,2022,next_rth_range,0.17654221796361277,-0.2625964679272723
NON_OPEX,2022-03-29,IWM,2022,next_rth_range,0.10357687875832344,0.14546524691942153
NON_OPEX,2022-03-29,QQQ,2022,next_rth_range,0.20665404562489875,-0.26272968919255746
NON_OPEX,2022-03-29,SPY,2022,next_rth_range,0.3367272489079613,-0.24705784355392346
NON_OPEX,2022-03-30,IWM,2022,next_rth_range,0.1285842884456689,-0.21627752464260563
NON_OPEX,2022-03-30,QQQ,2022,next_rth_range,0.10873355745549414,-0.12621258549525027
NON_OPEX,2022-03-30,SPY,2022,next_rth_range,0.22060544628612033,0.2827283106618932
NON_OPEX,2022-03-31,IWM,2022,next_rth_range,0.2091838235412513,-0.43929211342035046
NON_OPEX,2022-03-31,QQQ,2022,next_rth_range,0.12001002472256786,-0.28634403122316066
NON_OPEX,2022-03-31,SPY,2022,next_rth_range,0.257173391778274,-0.47394570081295573
NON_OPEX,2022-04-01,IWM,2022,next_rth_range,0.06784786992923911,-0.37480059963097556
NON_OPEX,2022-04-01,QQQ,2022,next_rth_range,0.0432722993223973,0.04208380417680413
NON_OPEX,2022-04-01,SPY,2022,next_rth_range,0.192033406372969,-0.24915429166150194
NON_OPEX,2022-04-04,IWM,2022,next_rth_range,0.07204089409272176,0.5280461753517476
NON_OPEX,2022-04-04,QQQ,2022,next_rth_range,0.22370911404596666,0.17996451248493894
NON_OPEX,2022-04-04,SPY,2022,next_rth_range,0.20387363974820447,0.353425999888886
NON_OPEX,2022-04-05,IWM,2022,next_rth_range,0.19016333847901323,-0.5014256135583546
NON_OPEX,2022-04-05,QQQ,2022,next_rth_range,0.19696936099861614,-0.20741332603015916
NON_OPEX,2022-04-05,SPY,2022,next_rth_range,0.32654967085305203,-0.2251260950502907
NON_OPEX,2022-04-06,IWM,2022,next_rth_range,0.19119668775833082,0.21571011240329607
NON_OPEX,2022-04-06,QQQ,2022,next_rth_range,0.15809339173438697,0.09704618266390153
NON_OPEX,2022-04-06,SPY,2022,next_rth_range,0.13562735834237974,0.1305126348094987
NON_OPEX,2022-04-07,IWM,2022,next_rth_range,0.22456098283216666,-0.46700493567821866
NON_OPEX,2022-04-07,QQQ,2022,next_rth_range,0.18082141868757615,-0.5148804306308605
NON_OPEX,2022-04-07,SPY,2022,next_rth_range,0.3367987032979113,-0.32556440983477053
NON_OPEX,2022-04-08,IWM,2022,next_rth_range,0.1156309817698561,0.024388768150203077
NON_OPEX,2022-04-08,QQQ,2022,next_rth_range,0.2630820120425624,-0.10492723759390632
NON_OPEX,2022-04-08,SPY,2022,next_rth_range,0.1356229313591555,-0.008283308053022687
NON_OPEX,2022-04-18,IWM,2022,next_rth_range,0.17817494469368583,0.33355199181860673
NON_OPEX,2022-04-18,QQQ,2022,next_rth_range,0.25776952877247455,0.46116406069481375
NON_OPEX,2022-04-18,SPY,2022,next_rth_range,0.24058302150684108,0.46994722729300786
NON_OPEX,2022-04-19,IWM,2022,next_rth_range,0.15994717588751106,-0.7324622186061127
NON_OPEX,2022-04-19,QQQ,2022,next_rth_range,0.18914230643841862,-0.07192505127222315
NON_OPEX,2022-04-19,SPY,2022,next_rth_range,0.2683426956106302,-0.4810885550950257
NON_OPEX,2022-04-20,IWM,2022,next_rth_range,0.11556533956470248,0.9434197258038677
NON_OPEX,2022-04-20,QQQ,2022,next_rth_range,0.2235764588491606,0.7092319121913575
NON_OPEX,2022-04-20,SPY,2022,next_rth_range,0.14569166582052276,0.946204440825813
NON_OPEX,2022-04-21,IWM,2022,next_rth_range,0.15603990244604699,-0.032395898474564255
NON_OPEX,2022-04-21,QQQ,2022,next_rth_range,0.170454414577394,0.10603540500834097
NON_OPEX,2022-04-21,SPY,2022,next_rth_range,0.2354923690560243,0.451368117872021
NON_OPEX,2022-04-22,IWM,2022,next_rth_range,0.07432579125015785,0.110996950900486
NON_OPEX,2022-04-22,QQQ,2022,next_rth_range,0.16109486067369022,-0.08348652228941722
NON_OPEX,2022-04-22,SPY,2022,next_rth_range,0.10873798262510574,0.17677854010797578
NON_OPEX,2022-04-25,IWM,2022,next_rth_range,0.0513967962055956,0.15014417613173547
NON_OPEX,2022-04-25,QQQ,2022,next_rth_range,0.17689539516281622,0.41094858436850723
NON_OPEX,2022-04-25,SPY,2022,next_rth_range,0.1609487878729004,0.2508093279149901
NON_OPEX,2022-04-26,IWM,2022,next_rth_range,0.09970912121096272,-0.22141156524436623
NON_OPEX,2022-04-26,QQQ,2022,next_rth_range,0.058785278929963325,-0.01581553261447821
NON_OPEX,2022-04-26,SPY,2022,next_rth_range,0.1243156675487718,0.07237919577035568
NON_OPEX,2022-04-27,IWM,2022,next_rth_range,0.07507542349377976,0.5349084794304306
NON_OPEX,2022-04-27,QQQ,2022,next_rth_range,0.0892680572599708,0.43578462175849264
NON_OPEX,2022-04-27,SPY,2022,next_rth_range,0.07990296887169167,0.3553039575416834
NON_OPEX,2022-04-28,IWM,2022,next_rth_range,0.1919846837681073,0.2734990698733335
NON_OPEX,2022-04-28,QQQ,2022,next_rth_range,0.09268902738201523,0.4162072085233537
NON_OPEX,2022-04-28,SPY,2022,next_rth_range,0.12878682344358391,0.4907481390620583
NON_OPEX,2022-04-29,IWM,2022,next_rth_range,0.15580755919376932,0.026190763139157358
NON_OPEX,2022-04-29,QQQ,2022,next_rth_range,0.08606144939319058,-0.12559904212902762
NON_OPEX,2022-04-29,SPY,2022,next_rth_range,0.1752922863169087,0.12013643355111725
NON_OPEX,2022-05-02,IWM,2022,next_rth_range,0.10506466983918784,-0.23958114001712172
NON_OPEX,2022-05-02,QQQ,2022,next_rth_range,0.15726566542405598,-0.5091492268873479
NON_OPEX,2022-05-02,SPY,2022,next_rth_range,0.11323494498059034,-0.4888734237450234
NON_OPEX,2022-05-03,IWM,2022,next_rth_range,0.11009873089450133,0.6996266940940998
NON_OPEX,2022-05-03,QQQ,2022,next_rth_range,0.1479985035813804,0.826016717021683
NON_OPEX,2022-05-03,SPY,2022,next_rth_range,0.12697078220914934,0.8712659207412528
NON_OPEX,2022-05-04,IWM,2022,next_rth_range,0.06461401778714138,0.3186003630557397
NON_OPEX,2022-05-04,QQQ,2022,next_rth_range,0.2062756064281238,0.29961434426232847
NON_OPEX,2022-05-04,SPY,2022,next_rth_range,0.1699000653892459,0.37312067778841396
NON_OPEX,2022-05-05,IWM,2022,next_rth_range,0.2098858744181714,-0.19445687941407952
NON_OPEX,2022-05-05,QQQ,2022,next_rth_range,0.09839862319026048,-0.09055399144855647
NON_OPEX,2022-05-05,SPY,2022,next_rth_range,0.13917030102669845,-0.14807339518577045
NON_OPEX,2022-05-06,IWM,2022,next_rth_range,0.08605851542226788,0.6219039638336166
NON_OPEX,2022-05-06,QQQ,2022,next_rth_range,0.1694039788181461,0.40138070932069647
NON_OPEX,2022-05-06,SPY,2022,next_rth_range,0.16768204644109533,0.09320215049156566
NON_OPEX,2022-05-09,IWM,2022,next_rth_range,0.18733068717379803,0.22472832526786624
NON_OPEX,2022-05-09,QQQ,2022,next_rth_range,0.0473622994595834,-0.13225404628274884
NON_OPEX,2022-05-09,SPY,2022,next_rth_range,0.17048652147430773,0.2787550634919662
NON_OPEX,2022-05-10,IWM,2022,next_rth_range,0.18241761855169547,0.2725797924547875
NON_OPEX,2022-05-10,QQQ,2022,next_rth_range,0.20700387664232206,0.4198388681309364
NON_OPEX,2022-05-10,SPY,2022,next_rth_range,0.18020355083994913,0.29116750103294375
NON_OPEX,2022-05-11,IWM,2022,next_rth_range,0.21311925351163424,-0.013612518554726893
NON_OPEX,2022-05-11,QQQ,2022,next_rth_range,0.047340496507658716,0.13818534542987182
NON_OPEX,2022-05-11,SPY,2022,next_rth_range,0.051589306172442485,0.20423370697134624
NON_OPEX,2022-05-12,IWM,2022,next_rth_range,0.14115240065131132,-0.11771921966271925
NON_OPEX,2022-05-12,QQQ,2022,next_rth_range,0.17192792624042996,-0.0019285781447981876
NON_OPEX,2022-05-12,SPY,2022,next_rth_range,0.07359181085335485,-0.10226466474158658
NON_OPEX,2022-05-13,IWM,2022,next_rth_range,0.05490451132873002,-0.3535549457220619
NON_OPEX,2022-05-13,QQQ,2022,next_rth_range,0.04896801437554875,-0.5010332429840476
NON_OPEX,2022-05-13,SPY,2022,next_rth_range,0.19826988650953764,-0.14953739135697264
NON_OPEX,2022-05-23,IWM,2022,next_rth_range,0.06561912699096117,0.04065927637230038
NON_OPEX,2022-05-23,QQQ,2022,next_rth_range,0.041586735007597325,-0.0897543788933941
NON_OPEX,2022-05-23,SPY,2022,next_rth_range,0.12225646528801618,0.06862590297882942
NON_OPEX,2022-05-24,IWM,2022,next_rth_range,0.2316201482984878,0.0657581354816208
NON_OPEX,2022-05-24,QQQ,2022,next_rth_range,0.07223722145259982,0.045992976131681296
NON_OPEX,2022-05-24,SPY,2022,next_rth_range,0.1501449061368942,-0.085858786008159
NON_OPEX,2022-05-25,IWM,2022,next_rth_range,0.06548234442452082,-0.1082973587828433
NON_OPEX,2022-05-25,QQQ,2022,next_rth_range,0.16311420536501287,0.37660671270042867
NON_OPEX,2022-05-25,SPY,2022,next_rth_range,0.08961658360391771,0.19786494495138562
NON_OPEX,2022-05-26,IWM,2022,next_rth_range,0.12335674939482318,-0.030339964515120776
NON_OPEX,2022-05-26,QQQ,2022,next_rth_range,0.2787618829525222,-0.2718548345840479
NON_OPEX,2022-05-26,SPY,2022,next_rth_range,0.162154789747773,-0.00490829862140707
NON_OPEX,2022-05-27,IWM,2022,next_rth_range,0.07608664557264591,-0.22571509876362272
NON_OPEX,2022-05-27,QQQ,2022,next_rth_range,0.20184665216035913,-0.046934637994766604
NON_OPEX,2022-05-27,SPY,2022,next_rth_range,0.13028779917410277,-0.14073795245306897
NON_OPEX,2022-05-31,IWM,2022,next_rth_range,0.218912777487405,0.16863887747326345
NON_OPEX,2022-05-31,QQQ,2022,next_rth_range,0.057968227775542724,0.10265293462516034
NON_OPEX,2022-05-31,SPY,2022,next_rth_range,0.1417290917500912,0.20413746255008913
NON_OPEX,2022-06-01,IWM,2022,next_rth_range,0.23555687447640777,-0.09342684265807533
NON_OPEX,2022-06-01,QQQ,2022,next_rth_range,0.13833657132446958,0.3167300180565604
NON_OPEX,2022-06-01,SPY,2022,next_rth_range,0.1253761711884633,0.2391090558630662
NON_OPEX,2022-06-02,IWM,2022,next_rth_range,0.09127649515444111,-0.7757674033046635
NON_OPEX,2022-06-02,QQQ,2022,next_rth_range,0.14761519351856,-0.4849765358682756
NON_OPEX,2022-06-02,SPY,2022,next_rth_range,0.12822474359820424,-0.6415486697201067
NON_OPEX,2022-06-03,IWM,2022,next_rth_range,0.03185641990832278,-0.3921865997242673
NON_OPEX,2022-06-03,QQQ,2022,next_rth_range,0.1366600871354502,-0.014796635239289202
NON_OPEX,2022-06-03,SPY,2022,next_rth_range,0.15141518953526442,-0.023141604233962276
NON_OPEX,2022-06-06,IWM,2022,next_rth_range,0.11512840139805082,0.38474334026794654
NON_OPEX,2022-06-06,QQQ,2022,next_rth_range,0.0781504470357538,0.12319760850779415
NON_OPEX,2022-06-06,SPY,2022,next_rth_range,0.1498771327206786,0.26432129530141557
NON_OPEX,2022-06-07,IWM,2022,next_rth_range,0.2529641270964252,-0.23499225071984275
NON_OPEX,2022-06-07,QQQ,2022,next_rth_range,0.1668083743137859,-0.44261443601816186
NON_OPEX,2022-06-07,SPY,2022,next_rth_range,0.2069760641128009,-0.3348283534122465
NON_OPEX,2022-06-08,IWM,2022,next_rth_range,0.07575584438166992,-0.1225876127916945
NON_OPEX,2022-06-08,QQQ,2022,next_rth_range,0.06832964573718857,0.4245315750382481
NON_OPEX,2022-06-08,SPY,2022,next_rth_range,0.17676452337356036,0.49337704785386505
NON_OPEX,2022-06-09,IWM,2022,next_rth_range,0.08667194536039574,0.041500001023262456
NON_OPEX,2022-06-09,QQQ,2022,next_rth_range,0.22324051581160834,-0.19443707411152822
NON_OPEX,2022-06-09,SPY,2022,next_rth_range,0.19154337234182042,-0.26070518881620286
NON_OPEX,2022-06-10,IWM,2022,next_rth_range,0.06070631643550895,0.35038199302985573
NON_OPEX,2022-06-10,QQQ,2022,next_rth_range,0.16838227563110267,0.17763483498981936
NON_OPEX,2022-06-10,SPY,2022,next_rth_range,0.15304431187706286,0.3158511593007667
NON_OPEX,2022-06-21,IWM,2022,next_rth_range,0.04352832430976212,-0.08010257176624602
NON_OPEX,2022-06-21,QQQ,2022,next_rth_range,0.23161211248274585,0.16171026674693856
NON_OPEX,2022-06-21,SPY,2022,next_rth_range,0.13838569486861943,0.36931592820767545
NON_OPEX,2022-06-22,IWM,2022,next_rth_range,0.08223642485720827,-0.14148930856113573
NON_OPEX,2022-06-22,QQQ,2022,next_rth_range,0.2458417791420496,-0.3479106510515866
NON_OPEX,2022-06-22,SPY,2022,next_rth_range,0.13878835304886164,-0.2812548236406278
NON_OPEX,2022-06-23,IWM,2022,next_rth_range,0.2962807333925806,0.008591135442566511
NON_OPEX,2022-06-23,QQQ,2022,next_rth_range,0.20663858695172382,0.12863963137015588
NON_OPEX,2022-06-23,SPY,2022,next_rth_range,0.09551204066842628,0.24017756690872982
NON_OPEX,2022-06-24,IWM,2022,next_rth_range,0.2025787989628172,-0.35296578741188256
NON_OPEX,2022-06-24,QQQ,2022,next_rth_range,0.1618304588491439,-0.2799787505834237
NON_OPEX,2022-06-24,SPY,2022,next_rth_range,0.15520951936342967,-0.6609063547220848
NON_OPEX,2022-06-27,IWM,2022,next_rth_range,0.21976400201005106,0.4100903707679149
NON_OPEX,2022-06-27,QQQ,2022,next_rth_range,0.05111752968413576,0.7048062077962118
NON_OPEX,2022-06-27,SPY,2022,next_rth_range,0.15395466619864803,0.8454037522620923
NON_OPEX,2022-06-28,IWM,2022,next_rth_range,0.07456156665485765,-0.23753295607892344
NON_OPEX,2022-06-28,QQQ,2022,next_rth_range,0.06366262582540212,-0.6878617604286124
NON_OPEX,2022-06-28,SPY,2022,next_rth_range,0.24526994111896525,-0.84163701685647
NON_OPEX,2022-06-29,IWM,2022,next_rth_range,0.30261648267789915,0.14875725201810397
NON_OPEX,2022-06-29,QQQ,2022,next_rth_range,0.18929522545366992,0.2742993834468028
NON_OPEX,2022-06-29,SPY,2022,next_rth_range,0.2621761642847167,0.3757341028930865
NON_OPEX,2022-06-30,IWM,2022,next_rth_range,0.2727093735520763,-0.06652103733059045
NON_OPEX,2022-06-30,QQQ,2022,next_rth_range,0.22514552472417707,-0.39658142481206715
NON_OPEX,2022-06-30,SPY,2022,next_rth_range,0.11989011125287811,0.007602831148032063
NON_OPEX,2022-07-01,IWM,2022,next_rth_range,0.058224418145057265,0.455111199167999
NON_OPEX,2022-07-01,QQQ,2022,next_rth_range,0.07040756732756875,0.5651811675018563
NON_OPEX,2022-07-01,SPY,2022,next_rth_range,0.19217098237195213,0.2927906389987238
NON_OPEX,2022-07-05,IWM,2022,next_rth_range,0.0644403974176805,-0.19888408034885297
NON_OPEX,2022-07-05,QQQ,2022,next_rth_range,0.0575950389822413,-0.41913942819692673
NON_OPEX,2022-07-05,SPY,2022,next_rth_range,0.07433753169495298,-0.15221421336690844
NON_OPEX,2022-07-06,IWM,2022,next_rth_range,0.05650933373398464,-0.24545692133197683
NON_OPEX,2022-07-06,QQQ,2022,next_rth_range,0.17715521005594406,0.03180975646973039
NON_OPEX,2022-07-06,SPY,2022,next_rth_range,0.14052963046452768,0.06882652759375851
NON_OPEX,2022-07-07,IWM,2022,next_rth_range,0.2511068615568501,-0.0694654367673877
NON_OPEX,2022-07-07,QQQ,2022,next_rth_range,0.15519648504445216,-0.09097135156887282
NON_OPEX,2022-07-07,SPY,2022,next_rth_range,0.16407965894033819,-0.21971798709510715
NON_OPEX,2022-07-08,IWM,2022,next_rth_range,0.27290803321984985,-0.13042600551273198
NON_OPEX,2022-07-08,QQQ,2022,next_rth_range,0.13796470583994178,-0.14527943036667423
NON_OPEX,2022-07-08,SPY,2022,next_rth_range,0.18938286634591564,-0.47974273718327076
NON_OPEX,2022-07-18,IWM,2022,next_rth_range,0.14669355400501632,0.1108984142864804
NON_OPEX,2022-07-18,QQQ,2022,next_rth_range,0.14851773899751916,0.09279285191185638
NON_OPEX,2022-07-18,SPY,2022,next_rth_range,0.09719386015262581,0.13456119635394614
NON_OPEX,2022-07-19,IWM,2022,next_rth_range,0.12212608088300068,-0.182797401071495
NON_OPEX,2022-07-19,QQQ,2022,next_rth_range,0.10735676171431002,-0.0482724927951681
NON_OPEX,2022-07-19,SPY,2022,next_rth_range,0.18107750133853404,-0.23656648017694248
NON_OPEX,2022-07-20,IWM,2022,next_rth_range,0.09135154718026661,-0.011213530105658176
NON_OPEX,2022-07-20,QQQ,2022,next_rth_range,0.06160175096526332,0.06762229013237908
NON_OPEX,2022-07-20,SPY,2022,next_rth_range,0.14926888054034335,0.24317437656129126
NON_OPEX,2022-07-21,IWM,2022,next_rth_range,0.16289166115449305,0.3104649016335963
NON_OPEX,2022-07-21,QQQ,2022,next_rth_range,0.1051297591515917,0.2684128980320484
NON_OPEX,2022-07-21,SPY,2022,next_rth_range,0.25562685659236667,0.15144921051902083
NON_OPEX,2022-07-22,IWM,2022,next_rth_range,0.2617237789342107,-0.5911714601343165
NON_OPEX,2022-07-22,QQQ,2022,next_rth_range,0.07613645402054436,-0.5324156776092783
NON_OPEX,2022-07-22,SPY,2022,next_rth_range,0.17333790826226184,-0.6959380037641569
NON_OPEX,2022-07-25,IWM,2022,next_rth_range,0.22995456908437745,-0.7183222365374595
NON_OPEX,2022-07-25,QQQ,2022,next_rth_range,0.20397607312941343,-0.027298278482426497
NON_OPEX,2022-07-25,SPY,2022,next_rth_range,0.15037862283678063,-0.17435924872924247
NON_OPEX,2022-07-26,IWM,2022,next_rth_range,0.23881568679854503,0.4496154039235809
NON_OPEX,2022-07-26,QQQ,2022,next_rth_range,0.13728251803278543,0.5670644704426837
NON_OPEX,2022-07-26,SPY,2022,next_rth_range,0.2003372363732929,0.6348286435308519
NON_OPEX,2022-07-27,IWM,2022,next_rth_range,0.06330401418008419,0.08836141072154069
NON_OPEX,2022-07-27,QQQ,2022,next_rth_range,0.07968554391886615,-0.08506409809621118
NON_OPEX,2022-07-27,SPY,2022,next_rth_range,0.17612598076262218,0.21796469311275457
NON_OPEX,2022-07-28,IWM,2022,next_rth_range,0.037263420904173235,-0.43978033323785315
NON_OPEX,2022-07-28,QQQ,2022,next_rth_range,0.16430175849262266,-0.1462163013347575
NON_OPEX,2022-07-28,SPY,2022,next_rth_range,0.18088324197510242,-0.1323365119239197
NON_OPEX,2022-07-29,IWM,2022,next_rth_range,0.07958581971117178,0.24960325515286685
NON_OPEX,2022-07-29,QQQ,2022,next_rth_range,0.18764883040199784,-0.08302007785918386
NON_OPEX,2022-07-29,SPY,2022,next_rth_range,0.19602005655361265,-0.18379037486637184
NON_OPEX,2022-08-01,IWM,2022,next_rth_range,0.09287053086552961,-0.10060408989974734
NON_OPEX,2022-08-01,QQQ,2022,next_rth_range,0.15053571755353837,-0.030684332126603042
NON_OPEX,2022-08-01,SPY,2022,next_rth_range,0.1920518084552661,0.08494107276976148
NON_OPEX,2022-08-02,IWM,2022,next_rth_range,0.07232238883784232,-0.3954111986187572
NON_OPEX,2022-08-02,QQQ,2022,next_rth_range,0.16120458030600185,0.1016854327972383
NON_OPEX,2022-08-02,SPY,2022,next_rth_range,0.2083261863231397,-0.1024448272077274
NON_OPEX,2022-08-03,IWM,2022,next_rth_range,0.23476039699606874,-0.6138624245643021
NON_OPEX,2022-08-03,QQQ,2022,next_rth_range,0.12026890079299322,-0.5571879922661438
NON_OPEX,2022-08-03,SPY,2022,next_rth_range,0.19912136774831904,-0.7612581958442854
NON_OPEX,2022-08-04,IWM,2022,next_rth_range,0.22943010313295584,0.4550207866316116
NON_OPEX,2022-08-04,QQQ,2022,next_rth_range,0.23226803363380083,0.04638777322740317
NON_OPEX,2022-08-04,SPY,2022,next_rth_range,0.258062803090512,-0.0030068473159907683
NON_OPEX,2022-08-05,IWM,2022,next_rth_range,0.24109238624491414,-0.23106139793210279
NON_OPEX,2022-08-05,QQQ,2022,next_rth_range,0.11908637490731643,0.1875864603160533
NON_OPEX,2022-08-05,SPY,2022,next_rth_range,0.23656264712067138,0.14104114232092613
NON_OPEX,2022-08-08,IWM,2022,next_rth_range,0.08892330379275194,-0.02617810528225828
NON_OPEX,2022-08-08,QQQ,2022,next_rth_range,0.18781028280988782,-0.6361941930307413
NON_OPEX,2022-08-08,SPY,2022,next_rth_range,0.24239118139677868,-0.7998099104131482
NON_OPEX,2022-08-09,IWM,2022,next_rth_range,0.29596359874136297,-0.1547134659011471
NON_OPEX,2022-08-09,QQQ,2022,next_rth_range,0.09211860247209144,-0.20489194367981955
NON_OPEX,2022-08-09,SPY,2022,next_rth_range,0.19718686185458562,-0.19679304531552866
NON_OPEX,2022-08-10,IWM,2022,next_rth_range,0.17032323377654074,0.007772115270707758
NON_OPEX,2022-08-10,QQQ,2022,next_rth_range,0.19578712909677853,0.22745932617379916
NON_OPEX,2022-08-10,SPY,2022,next_rth_range,0.24931902382385632,0.16961521740672314
NON_OPEX,2022-08-11,IWM,2022,next_rth_range,0.09238040875556115,0.004571065408016661
NON_OPEX,2022-08-11,QQQ,2022,next_rth_range,0.2037647764651561,-0.1994292362843053
NON_OPEX,2022-08-11,SPY,2022,next_rth_range,0.3219616015787202,0.06917003847903125
NON_OPEX,2022-08-12,IWM,2022,next_rth_range,0.2623114228475557,-0.2841316804581959
NON_OPEX,2022-08-12,QQQ,2022,next_rth_range,0.20462569295490973,-0.3821541966737474
NON_OPEX,2022-08-12,SPY,2022,next_rth_range,0.22040242504889251,-0.23372917799871473
NON_OPEX,2022-08-22,IWM,2022,next_rth_range,0.24105641235467,-0.1947719487408941
NON_OPEX,2022-08-22,QQQ,2022,next_rth_range,0.1094637032822303,-0.41814753003715577
NON_OPEX,2022-08-22,SPY,2022,next_rth_range,0.16662275094238288,-0.3445857791125624
NON_OPEX,2022-08-23,IWM,2022,next_rth_range,0.24728858989787825,-0.22017473234443852
NON_OPEX,2022-08-23,QQQ,2022,next_rth_range,0.16246945696709875,-0.41232565596643767
NON_OPEX,2022-08-23,SPY,2022,next_rth_range,0.1373424470818912,-0.2638203253315501
NON_OPEX,2022-08-24,IWM,2022,next_rth_range,0.07752266590967076,-0.3707718752597824
NON_OPEX,2022-08-24,QQQ,2022,next_rth_range,0.16183997161530175,-0.039916284696348114
NON_OPEX,2022-08-24,SPY,2022,next_rth_range,0.18073471258199036,0.16193613218676006
NON_OPEX,2022-08-25,IWM,2022,next_rth_range,0.25459519450285856,0.7441960937817678
NON_OPEX,2022-08-25,QQQ,2022,next_rth_range,0.14600479588055026,0.9337623974964764
NON_OPEX,2022-08-25,SPY,2022,next_rth_range,0.19419934423428847,0.9950844736584621
NON_OPEX,2022-08-26,IWM,2022,next_rth_range,0.039998340312341,-0.7050843010016647
NON_OPEX,2022-08-26,QQQ,2022,next_rth_range,0.061335113440966496,-0.8305782384317961
NON_OPEX,2022-08-26,SPY,2022,next_rth_range,0.11561210723682117,-0.6143736777251463
NON_OPEX,2022-08-29,IWM,2022,next_rth_range,0.05276714950116865,0.24563283379612644
NON_OPEX,2022-08-29,QQQ,2022,next_rth_range,0.13478804400513464,0.35712439784203953
NON_OPEX,2022-08-29,SPY,2022,next_rth_range,0.09483650288892748,0.34260951163999875
NON_OPEX,2022-08-30,IWM,2022,next_rth_range,0.2756971892365976,-0.4908322375081724
NON_OPEX,2022-08-30,QQQ,2022,next_rth_range,0.2327112138588588,-0.2324361295212265
NON_OPEX,2022-08-30,SPY,2022,next_rth_range,0.24293512652855606,-0.07714845564891526
NON_OPEX,2022-08-31,IWM,2022,next_rth_range,0.08021304854835816,-0.07193203978611962
NON_OPEX,2022-08-31,QQQ,2022,next_rth_range,0.25387478590038376,0.153475523800219
NON_OPEX,2022-08-31,SPY,2022,next_rth_range,0.15363368705019775,0.1511983939448367
NON_OPEX,2022-09-01,IWM,2022,next_rth_range,0.124190579271596,0.2919942401108493
NON_OPEX,2022-09-01,QQQ,2022,next_rth_range,0.25864412400303477,0.4484946732671844
NON_OPEX,2022-09-01,SPY,2022,next_rth_range,0.18098837460481174,0.5985387195591652
NON_OPEX,2022-09-02,IWM,2022,next_rth_range,0.227795021009423,0.03546736440401599
NON_OPEX,2022-09-02,QQQ,2022,next_rth_range,0.18350760218312556,-0.14776555225053079
NON_OPEX,2022-09-02,SPY,2022,next_rth_range,0.1227539107810577,-0.18212899167579444
NON_OPEX,2022-09-06,IWM,2022,next_rth_range,0.08499402844700547,0.4147287111948019
NON_OPEX,2022-09-06,QQQ,2022,next_rth_range,0.08723229780562979,0.25778075314817084
NON_OPEX,2022-09-06,SPY,2022,next_rth_range,0.17557757679630162,0.47645725578477816
NON_OPEX,2022-09-07,IWM,2022,next_rth_range,0.10070850600029493,0.021407399821147255
NON_OPEX,2022-09-07,QQQ,2022,next_rth_range,0.2734841545563762,0.04172595023122483
NON_OPEX,2022-09-07,SPY,2022,next_rth_range,0.11929344886581719,0.013489672944041686
NON_OPEX,2022-09-08,IWM,2022,next_rth_range,0.07753224145981132,-0.4534905187732088
NON_OPEX,2022-09-08,QQQ,2022,next_rth_range,0.2540450099610122,0.14746040906650215
NON_OPEX,2022-09-08,SPY,2022,next_rth_range,0.23284943198919317,-0.1716980308158078
NON_OPEX,2022-09-09,IWM,2022,next_rth_range,0.0824392945024943,-0.5489560289972948
NON_OPEX,2022-09-09,QQQ,2022,next_rth_range,0.06532536957767945,-0.8257149077730883
NON_OPEX,2022-09-09,SPY,2022,next_rth_range,0.12300726559420364,-0.5199920581429414
NON_OPEX,2022-09-19,IWM,2022,next_rth_range,0.1767614647556786,-0.5613719130725876
NON_OPEX,2022-09-19,QQQ,2022,next_rth_range,0.18919064701857455,-0.22101388261053856
NON_OPEX,2022-09-19,SPY,2022,next_rth_range,0.18470767365426294,-0.25942395289678544
NON_OPEX,2022-09-20,IWM,2022,next_rth_range,0.07393236486483826,0.6506681314623095
NON_OPEX,2022-09-20,QQQ,2022,next_rth_range,0.17934455494186347,0.638424893981111
NON_OPEX,2022-09-20,SPY,2022,next_rth_range,0.17265067505357953,0.7683940148615673
NON_OPEX,2022-09-21,IWM,2022,next_rth_range,0.23733335367596275,0.121866646614472
NON_OPEX,2022-09-21,QQQ,2022,next_rth_range,0.035331793054423154,-0.5171950600083584
NON_OPEX,2022-09-21,SPY,2022,next_rth_range,0.07871795667283545,-0.45042381456231295
NON_OPEX,2022-09-22,IWM,2022,next_rth_range,0.09805064583525064,0.07872091692249494
NON_OPEX,2022-09-22,QQQ,2022,next_rth_range,0.2159787277139847,0.218939191587614
NON_OPEX,2022-09-22,SPY,2022,next_rth_range,0.2294734818566639,0.34068910698239563
NON_OPEX,2022-09-23,IWM,2022,next_rth_range,0.06831510633538568,0.35493157675262665
NON_OPEX,2022-09-23,QQQ,2022,next_rth_range,0.1664294646680041,0.07755170422349966
NON_OPEX,2022-09-23,SPY,2022,next_rth_range,0.05198514135825726,0.12418234678604456
NON_OPEX,2022-09-26,IWM,2022,next_rth_range,0.02088835713803312,0.12731268471336277
NON_OPEX,2022-09-26,QQQ,2022,next_rth_range,0.1819732194761499,0.4074487552335593
NON_OPEX,2022-09-26,SPY,2022,next_rth_range,0.13177852079499067,0.5297766836103515
NON_OPEX,2022-09-27,IWM,2022,next_rth_range,0.21004624073842343,0.44131152126253737
NON_OPEX,2022-09-27,QQQ,2022,next_rth_range,0.1825145997501042,0.3095461901950869
NON_OPEX,2022-09-27,SPY,2022,next_rth_range,0.16442552707006006,0.39050281898159644
NON_OPEX,2022-09-28,IWM,2022,next_rth_range,0.24788068455500142,-0.15663392410162302
NON_OPEX,2022-09-28,QQQ,2022,next_rth_range,0.1726533387512328,0.11763713073734872
NON_OPEX,2022-09-28,SPY,2022,next_rth_range,0.17994000577133243,0.004606146890538287
NON_OPEX,2022-09-29,IWM,2022,next_rth_range,0.02913647828859935,0.11413788851682138
NON_OPEX,2022-09-29,QQQ,2022,next_rth_range,0.07567151065513437,0.2256195220296906
NON_OPEX,2022-09-29,SPY,2022,next_rth_range,0.11378814557044112,0.2919475908575322
NON_OPEX,2022-09-30,IWM,2022,next_rth_range,0.09351779881242335,0.1136953819301425
NON_OPEX,2022-09-30,QQQ,2022,next_rth_range,0.0958768005981734,0.11430352438172298
NON_OPEX,2022-09-30,SPY,2022,next_rth_range,0.08089003698772285,0.2658871120159505
NON_OPEX,2022-10-03,IWM,2022,next_rth_range,0.13201364902923246,-0.286549204730675
NON_OPEX,2022-10-03,QQQ,2022,next_rth_range,0.058879158787495126,-0.5948220014477981
NON_OPEX,2022-10-03,SPY,2022,next_rth_range,0.1488631313677975,0.37707860170002494
NON_OPEX,2022-10-04,IWM,2022,next_rth_range,0.03731391600472152,-0.025042602962752625
NON_OPEX,2022-10-04,QQQ,2022,next_rth_range,0.08415557348254896,0.4777259970308352
NON_OPEX,2022-10-04,SPY,2022,next_rth_range,0.07882313128831804,-0.03449899706621595
NON_OPEX,2022-10-05,IWM,2022,next_rth_range,0.20335155525385482,-0.29439511030622834
NON_OPEX,2022-10-05,QQQ,2022,next_rth_range,0.08305852438433238,-0.4635229647437926
NON_OPEX,2022-10-05,SPY,2022,next_rth_range,0.096589117748436,-0.24974326806185898
NON_OPEX,2022-10-06,IWM,2022,next_rth_range,0.11603239651439161,0.06806714773291933
NON_OPEX,2022-10-06,QQQ,2022,next_rth_range,0.23891917076466307,0.26813789812480326
NON_OPEX,2022-10-06,SPY,2022,next_rth_range,0.16562162336039823,0.6465833826085521
NON_OPEX,2022-10-07,IWM,2022,next_rth_range,0.06988025037816716,-0.405245156695063
NON_OPEX,2022-10-07,QQQ,2022,next_rth_range,0.20738392870970399,-0.12029407869501574
NON_OPEX,2022-10-07,SPY,2022,next_rth_range,0.08372724038402457,-0.3226569228554008
NON_OPEX,2022-10-10,IWM,2022,next_rth_range,0.09264802686222254,0.3655733607002474
NON_OPEX,2022-10-10,QQQ,2022,next_rth_range,0.05864291994166335,0.05374456485740309
NON_OPEX,2022-10-10,SPY,2022,next_rth_range,0.16222401195841313,0.10704514923687025
NON_OPEX,2022-10-11,IWM,2022,next_rth_range,0.10439421805690784,-0.42320577708318474
NON_OPEX,2022-10-11,QQQ,2022,next_rth_range,0.08708549226230006,-0.5684842397965459
NON_OPEX,2022-10-11,SPY,2022,next_rth_range,0.1070211779427209,-0.6456754780172855
NON_OPEX,2022-10-12,IWM,2022,next_rth_range,0.0980823603170715,1.0518088319550842
NON_OPEX,2022-10-12,QQQ,2022,next_rth_range,0.05020833471874832,1.2757019397619498
NON_OPEX,2022-10-12,SPY,2022,next_rth_range,0.17115682015772254,1.472230545461747
NON_OPEX,2022-10-13,IWM,2022,next_rth_range,0.14873368359723654,0.12205177819403001
NON_OPEX,2022-10-13,QQQ,2022,next_rth_range,0.22131756498472896,0.16975796533612497
NON_OPEX,2022-10-13,SPY,2022,next_rth_range,0.1256960208032739,0.18549704823835889
NON_OPEX,2022-10-14,IWM,2022,next_rth_range,0.0824725231832942,-0.7496728732282101
NON_OPEX,2022-10-14,QQQ,2022,next_rth_range,0.18019054284477562,-0.8260966354038217
NON_OPEX,2022-10-14,SPY,2022,next_rth_range,0.10954809087018391,0.18983854949375
NON_OPEX,2022-10-24,IWM,2022,next_rth_range,0.10077653384480972,0.2871377070452419
NON_OPEX,2022-10-24,QQQ,2022,next_rth_range,0.03590806546979036,0.003125987420345755
NON_OPEX,2022-10-24,SPY,2022,next_rth_range,0.13466226364629905,-0.023180787799264024
NON_OPEX,2022-10-25,IWM,2022,next_rth_range,0.08438357990184261,-0.19421701269210212
NON_OPEX,2022-10-25,QQQ,2022,next_rth_range,0.1970095885096919,0.049096325843826616
NON_OPEX,2022-10-25,SPY,2022,next_rth_range,0.1950336467700852,-0.03774404849086732
NON_OPEX,2022-10-26,IWM,2022,next_rth_range,0.060307493186828515,-0.42611384187041335
NON_OPEX,2022-10-26,QQQ,2022,next_rth_range,0.08044213476571095,-0.16571337266213293
NON_OPEX,2022-10-26,SPY,2022,next_rth_range,0.10572523652542364,-0.2145468989820798
NON_OPEX,2022-10-27,IWM,2022,next_rth_range,0.05169631257270905,0.25441934314872494
NON_OPEX,2022-10-27,QQQ,2022,next_rth_range,0.16755012413211198,0.448122413127368
NON_OPEX,2022-10-27,SPY,2022,next_rth_range,0.20223937210183365,0.4904511087443342
NON_OPEX,2022-10-28,IWM,2022,next_rth_range,0.08980091766427178,-0.4762777051803404
NON_OPEX,2022-10-28,QQQ,2022,next_rth_range,0.1883824245731526,-0.7435167466864714
NON_OPEX,2022-10-28,SPY,2022,next_rth_range,0.17765159323146817,-0.8931777320283012
NON_OPEX,2022-10-31,IWM,2022,next_rth_range,0.07290612041516811,-0.2647666080722315
NON_OPEX,2022-10-31,QQQ,2022,next_rth_range,0.06502605651449125,0.28559185001956466
NON_OPEX,2022-10-31,SPY,2022,next_rth_range,0.16339254728440722,0.29845893718167904
NON_OPEX,2022-11-01,IWM,2022,next_rth_range,0.10783278810705119,0.8492730517735096
NON_OPEX,2022-11-01,QQQ,2022,next_rth_range,0.22230898545447272,0.642600368211923
NON_OPEX,2022-11-01,SPY,2022,next_rth_range,0.15895614989328047,0.7636893008506087
NON_OPEX,2022-11-02,IWM,2022,next_rth_range,0.09291185580952085,-0.33888235680449563
NON_OPEX,2022-11-02,QQQ,2022,next_rth_range,0.2347690588017954,-0.6595908612830872
NON_OPEX,2022-11-02,SPY,2022,next_rth_range,0.15647288566311826,-0.5079103177554889
NON_OPEX,2022-11-03,IWM,2022,next_rth_range,0.10227883499187487,0.045808982927954656
NON_OPEX,2022-11-03,QQQ,2022,next_rth_range,0.13388668107230733,0.3101892236450028
NON_OPEX,2022-11-03,SPY,2022,next_rth_range,0.14921274444687957,0.2940549809722075
NON_OPEX,2022-11-04,IWM,2022,next_rth_range,0.12898573574484556,-0.48941717013034847
NON_OPEX,2022-11-04,QQQ,2022,next_rth_range,0.1885426534573951,-0.44342113945192985
NON_OPEX,2022-11-04,SPY,2022,next_rth_range,0.16449951801501494,-0.4499028376924774
NON_OPEX,2022-11-07,IWM,2022,next_rth_range,0.21429862570456124,0.1717366521668855
NON_OPEX,2022-11-07,QQQ,2022,next_rth_range,0.05333504681933712,0.27572131399982513
NON_OPEX,2022-11-07,SPY,2022,next_rth_range,0.10924063383478874,0.2320335883588145
NON_OPEX,2022-11-08,IWM,2022,next_rth_range,0.22378207061931335,-0.034257125706631086
NON_OPEX,2022-11-08,QQQ,2022,next_rth_range,0.19981613719045332,-0.28538288025178726
NON_OPEX,2022-11-08,SPY,2022,next_rth_range,0.09118280497033167,0.03327495212423148
NON_OPEX,2022-11-09,IWM,2022,next_rth_range,0.24372907711194156,0.01454452422308572
NON_OPEX,2022-11-09,QQQ,2022,next_rth_range,0.03997355431239852,0.43674325626321986
NON_OPEX,2022-11-09,SPY,2022,next_rth_range,0.15190723087766791,0.30576904817791517
NON_OPEX,2022-11-10,IWM,2022,next_rth_range,0.1867805205483435,-0.4019588472858242
NON_OPEX,2022-11-10,QQQ,2022,next_rth_range,0.10457680305599518,-0.1152832083932478
NON_OPEX,2022-11-10,SPY,2022,next_rth_range,0.15903038050127077,-0.38217082262535884
NON_OPEX,2022-11-11,IWM,2022,next_rth_range,0.1084838937606854,-0.2708439983710731
NON_OPEX,2022-11-11,QQQ,2022,next_rth_range,0.057763890096315856,-0.45346929567937977
NON_OPEX,2022-11-11,SPY,2022,next_rth_range,0.17300808905147727,-0.2311078685881771
NON_OPEX,2022-11-21,IWM,2022,next_rth_range,0.10510827894586293,-0.2532019032705577
NON_OPEX,2022-11-21,QQQ,2022,next_rth_range,0.09577309120337651,0.19124728788239054
NON_OPEX,2022-11-21,SPY,2022,next_rth_range,0.1765610797735226,-0.016728414276818704
NON_OPEX,2022-11-22,IWM,2022,next_rth_range,0.2540585650537416,-0.41196715777548043
NON_OPEX,2022-11-22,QQQ,2022,next_rth_range,0.2106646124791247,-0.4527323663076217
NON_OPEX,2022-11-22,SPY,2022,next_rth_range,0.3124853277041459,-0.3896850935532683
NON_OPEX,2022-11-23,IWM,2022,next_rth_range,0.31170671883035544,-0.5627303321805188
NON_OPEX,2022-11-23,QQQ,2022,next_rth_range,0.27214628636800003,-1.143930385275926
NON_OPEX,2022-11-23,SPY,2022,next_rth_range,0.1873578223024477,-1.2103271224010586
NON_OPEX,2022-11-25,IWM,2022,next_rth_range,0.25617214822375667,0.33128999801270353
NON_OPEX,2022-11-25,QQQ,2022,next_rth_range,0.10307527378467025,0.38234249286109456
NON_OPEX,2022-11-25,SPY,2022,next_rth_range,0.20120183365869743,0.4980181510435582
NON_OPEX,2022-11-28,IWM,2022,next_rth_range,0.07158891846437818,-0.8078004687754392
NON_OPEX,2022-11-28,QQQ,2022,next_rth_range,0.08429215663931437,-0.28323955191172345
NON_OPEX,2022-11-28,SPY,2022,next_rth_range,0.18533243653315415,-0.3610811675042207
NON_OPEX,2022-11-29,IWM,2022,next_rth_range,0.10403416445352531,0.8670328333601192
NON_OPEX,2022-11-29,QQQ,2022,next_rth_range,0.14023659152132853,1.0062584216039125
NON_OPEX,2022-11-29,SPY,2022,next_rth_range,0.1784934010265895,1.009162635180528
NON_OPEX,2022-11-30,IWM,2022,next_rth_range,0.09603307879375711,-0.5361406914774207
NON_OPEX,2022-11-30,QQQ,2022,next_rth_range,0.08868707254611402,-0.6725541562678305
NON_OPEX,2022-11-30,SPY,2022,next_rth_range,0.09519614711232738,-0.591015896561895
NON_OPEX,2022-12-01,IWM,2022,next_rth_range,0.04977048304910766,0.2093644427776704
NON_OPEX,2022-12-01,QQQ,2022,next_rth_range,0.14145472749369337,-0.3075725234386546
NON_OPEX,2022-12-01,SPY,2022,next_rth_range,0.12725518138214567,-0.06043245152300614
NON_OPEX,2022-12-02,IWM,2022,next_rth_range,0.06631811109593545,0.12275409721228936
NON_OPEX,2022-12-02,QQQ,2022,next_rth_range,0.11518538071966794,-0.06242033533501834
NON_OPEX,2022-12-02,SPY,2022,next_rth_range,0.21815471091165398,0.10723553043990997
NON_OPEX,2022-12-05,IWM,2022,next_rth_range,0.10156924526165605,-0.13161501761833705
NON_OPEX,2022-12-05,QQQ,2022,next_rth_range,0.0770236112231539,0.18153086127814033
NON_OPEX,2022-12-05,SPY,2022,next_rth_range,0.2158004085048983,0.24933213064008664
NON_OPEX,2022-12-06,IWM,2022,next_rth_range,0.20598833207503145,-0.5281723380319896
NON_OPEX,2022-12-06,QQQ,2022,next_rth_range,0.06630090872494844,-0.5814217198178264
NON_OPEX,2022-12-06,SPY,2022,next_rth_range,0.16205536380980828,-0.6651078334251022
NON_OPEX,2022-12-07,IWM,2022,next_rth_range,0.24623349395474164,-0.08109601791312926
NON_OPEX,2022-12-07,QQQ,2022,next_rth_range,0.18313898587988495,-0.04367855658378783
NON_OPEX,2022-12-07,SPY,2022,next_rth_range,0.17287620309263177,-0.21546052501030566
NON_OPEX,2022-12-08,IWM,2022,next_rth_range,0.23676872212985706,-0.5686575718444491
NON_OPEX,2022-12-08,QQQ,2022,next_rth_range,0.19158858083673097,-0.2999468077028995
NON_OPEX,2022-12-08,SPY,2022,next_rth_range,0.19109900549436595,-0.12853412611361925
NON_OPEX,2022-12-09,IWM,2022,next_rth_range,0.11939729331552748,0.08068142386204613
NON_OPEX,2022-12-09,QQQ,2022,next_rth_range,0.07769479588687273,-0.06224601406366137
NON_OPEX,2022-12-09,SPY,2022,next_rth_range,0.14252683662447727,0.135498192336998
NON_OPEX,2022-12-19,IWM,2022,next_rth_range,0.05822819829175167,-0.14474512534860118
NON_OPEX,2022-12-19,QQQ,2022,next_rth_range,0.22913007718490935,-0.18799084494281537
NON_OPEX,2022-12-19,SPY,2022,next_rth_range,0.17645843207677428,-0.20334621725836488
NON_OPEX,2022-12-20,IWM,2022,next_rth_range,0.12810994526701158,-0.18580107915317612
NON_OPEX,2022-12-20,QQQ,2022,next_rth_range,0.24381781868097224,0.016176329670035017
NON_OPEX,2022-12-20,SPY,2022,next_rth_range,0.24783598974174664,-0.05605818343758706
NON_OPEX,2022-12-21,IWM,2022,next_rth_range,0.07111563126270924,0.1957598853840361
NON_OPEX,2022-12-21,QQQ,2022,next_rth_range,0.10555842150279765,0.4199633936459719
NON_OPEX,2022-12-21,SPY,2022,next_rth_range,0.23743719453559922,0.7736820949532452
NON_OPEX,2022-12-22,IWM,2022,next_rth_range,0.13679614246363314,-0.5799534138914497
NON_OPEX,2022-12-22,QQQ,2022,next_rth_range,0.09121415463607367,-0.3600084307736262
NON_OPEX,2022-12-22,SPY,2022,next_rth_range,0.26427788438537425,-0.4704354895536986
NON_OPEX,2022-12-23,IWM,2022,next_rth_range,0.25103003798509876,-0.3619036297819678
NON_OPEX,2022-12-23,QQQ,2022,next_rth_range,0.05529067265657814,-0.29521632560361066
NON_OPEX,2022-12-23,SPY,2022,next_rth_range,0.16693217889845524,-0.4371652635885983
NON_OPEX,2022-12-27,IWM,2022,next_rth_range,0.12754833950716207,0.3311843525092062
NON_OPEX,2022-12-27,QQQ,2022,next_rth_range,0.06949372638018332,0.22787548494846233
NON_OPEX,2022-12-27,SPY,2022,next_rth_range,0.2658938410698685,0.3996253049418437
NON_OPEX,2022-12-28,IWM,2022,next_rth_range,0.3390664740434244,0.08369012521177854
NON_OPEX,2022-12-28,QQQ,2022,next_rth_range,0.21848947847472905,-0.08306934166926805
NON_OPEX,2022-12-28,SPY,2022,next_rth_range,0.24276513660389792,-0.16154615323924126
NON_OPEX,2022-12-29,IWM,2022,next_rth_range,0.3232781757285029,-0.5522956229490594
NON_OPEX,2022-12-29,QQQ,2022,next_rth_range,0.08555522780399287,-0.25531681333968503
NON_OPEX,2022-12-29,SPY,2022,next_rth_range,0.3037987310669975,-0.2741197939918809
NON_OPEX,2022-12-30,IWM,2022,next_rth_range,0.26097446455166906,0.6305641919792251
NON_OPEX,2022-12-30,QQQ,2022,next_rth_range,0.26437497889723033,0.5128992848374878
NON_OPEX,2022-12-30,SPY,2022,next_rth_range,0.19972152834754328,0.5415433470082878
NON_OPEX,2020-01-02,IWM,2020,next_max_excursion,0.3680523762753666,0.16371303489322653
NON_OPEX,2020-01-02,QQQ,2020,next_max_excursion,0.11006596032860912,0.2759664251441656
NON_OPEX,2020-01-02,SPY,2020,next_max_excursion,0.3421119526049275,0.371587983226906
NON_OPEX,2020-01-03,IWM,2020,next_max_excursion,0.22675435340005543,0.3483634669977542
NON_OPEX,2020-01-03,QQQ,2020,next_max_excursion,0.232650065618042,0.576678091004676
NON_OPEX,2020-01-03,SPY,2020,next_max_excursion,0.28211312818736967,0.5743848870640393
NON_OPEX,2020-01-06,IWM,2020,next_max_excursion,0.27628421212889664,-0.6848882893978452
NON_OPEX,2020-01-06,QQQ,2020,next_max_excursion,0.17947203123726113,-0.9586288577958557
NON_OPEX,2020-01-06,SPY,2020,next_max_excursion,0.2769426933212661,-0.9548255462287045
NON_OPEX,2020-01-07,IWM,2020,next_max_excursion,0.4132821769423229,0.05705822397030946
NON_OPEX,2020-01-07,QQQ,2020,next_max_excursion,0.20732427044014254,0.5391048175134703
NON_OPEX,2020-01-07,SPY,2020,next_max_excursion,0.27952880470484387,0.6245981397382208
NON_OPEX,2020-01-08,IWM,2020,next_max_excursion,0.2998341852619506,-0.27299196760175715
NON_OPEX,2020-01-08,QQQ,2020,next_max_excursion,0.13611531567895366,-0.4875780333493456
NON_OPEX,2020-01-08,SPY,2020,next_max_excursion,0.3377698311543066,-1.1437269963865946
NON_OPEX,2020-01-09,IWM,2020,next_max_excursion,0.2865188127570176,0.23313893853446555
NON_OPEX,2020-01-09,QQQ,2020,next_max_excursion,0.32602504574166175,0.025217455884521733
NON_OPEX,2020-01-09,SPY,2020,next_max_excursion,0.3009875432712579,0.34791551361309025
NON_OPEX,2020-01-10,IWM,2020,next_max_excursion,0.28559872262505953,-0.06237306945559862
NON_OPEX,2020-01-10,QQQ,2020,next_max_excursion,0.1642480616916469,0.09155657207680612
NON_OPEX,2020-01-10,SPY,2020,next_max_excursion,0.3043367572157684,-0.06562145813793752
NON_OPEX,2020-01-21,IWM,2020,next_max_excursion,0.27096706201078996,-0.3391895108305345
NON_OPEX,2020-01-21,QQQ,2020,next_max_excursion,0.25216264122530213,-0.5006427792939494
NON_OPEX,2020-01-21,SPY,2020,next_max_excursion,0.3191071309175314,-0.3257276006310388
NON_OPEX,2020-01-22,IWM,2020,next_max_excursion,0.23843047758782662,0.22500260543303074
NON_OPEX,2020-01-22,QQQ,2020,next_max_excursion,0.22063762260479758,-0.3279104115739617
NON_OPEX,2020-01-22,SPY,2020,next_max_excursion,0.32868090184023535,0.0035787081220606254
NON_OPEX,2020-01-23,IWM,2020,next_max_excursion,0.2865483122387254,0.7725020963342097
NON_OPEX,2020-01-23,QQQ,2020,next_max_excursion,0.2887916685538573,0.935137147540992
NON_OPEX,2020-01-23,SPY,2020,next_max_excursion,0.3956959775454693,1.0258372262535866
NON_OPEX,2020-01-24,IWM,2020,next_max_excursion,0.19423339551656582,-0.1346778515890641
NON_OPEX,2020-01-24,QQQ,2020,next_max_excursion,0.1579065681129453,-0.3041337245645179
NON_OPEX,2020-01-24,SPY,2020,next_max_excursion,0.2491379030778233,-0.12657091488208216
NON_OPEX,2020-01-27,IWM,2020,next_max_excursion,0.16785929770538308,-0.44437329128295655
NON_OPEX,2020-01-27,QQQ,2020,next_max_excursion,0.11025873492629422,0.16819677235839947
NON_OPEX,2020-01-27,SPY,2020,next_max_excursion,0.21096088560283333,0.3000282262199674
NON_OPEX,2020-01-28,IWM,2020,next_max_excursion,0.1780609699695761,-0.30934978619027564
NON_OPEX,2020-01-28,QQQ,2020,next_max_excursion,0.1596330829895793,-0.1907543727915364
NON_OPEX,2020-01-28,SPY,2020,next_max_excursion,0.20042613243071059,-0.28075917170468756
NON_OPEX,2020-01-29,IWM,2020,next_max_excursion,0.1654876676478101,-0.10813311187844832
NON_OPEX,2020-01-29,QQQ,2020,next_max_excursion,0.17522214724252197,0.15862332875470475
NON_OPEX,2020-01-29,SPY,2020,next_max_excursion,0.2920217222282053,0.5896439575597769
NON_OPEX,2020-01-30,IWM,2020,next_max_excursion,0.20009050770621403,0.6981146230801287
NON_OPEX,2020-01-30,QQQ,2020,next_max_excursion,0.22558076720176568,0.8534056920949906
NON_OPEX,2020-01-30,SPY,2020,next_max_excursion,0.2615376715467032,0.8885586414870978
NON_OPEX,2020-01-31,IWM,2020,next_max_excursion,0.184016109015498,-0.48617404761220406
NON_OPEX,2020-01-31,QQQ,2020,next_max_excursion,0.19687750669337625,-0.05130317101809556
NON_OPEX,2020-01-31,SPY,2020,next_max_excursion,0.13979121934875757,-0.12698981203333481
NON_OPEX,2020-02-03,IWM,2020,next_max_excursion,0.11709640270218363,-0.41365566599232473
NON_OPEX,2020-02-03,QQQ,2020,next_max_excursion,0.1266244852781863,0.06434770533736867
NON_OPEX,2020-02-03,SPY,2020,next_max_excursion,0.14809123701387897,-0.23398256785868554
NON_OPEX,2020-02-04,IWM,2020,next_max_excursion,0.26575380183252556,-0.3270316041051551
NON_OPEX,2020-02-04,QQQ,2020,next_max_excursion,0.11847286177084645,0.3067387969256483
NON_OPEX,2020-02-04,SPY,2020,next_max_excursion,0.22603860834938672,-0.34245485350133187
NON_OPEX,2020-02-05,IWM,2020,next_max_excursion,0.185774374073269,-0.43988352809887044
NON_OPEX,2020-02-05,QQQ,2020,next_max_excursion,0.11579755303841469,-0.563348643792505
NON_OPEX,2020-02-05,SPY,2020,next_max_excursion,0.24965035884489872,-0.7743669079614257
NON_OPEX,2020-02-06,IWM,2020,next_max_excursion,0.16550648448754868,0.21711043804109575
NON_OPEX,2020-02-06,QQQ,2020,next_max_excursion,0.14499030233115354,-0.5264531806458947
NON_OPEX,2020-02-06,SPY,2020,next_max_excursion,0.25347318303959393,-0.558393499986999
NON_OPEX,2020-02-07,IWM,2020,next_max_excursion,0.18386003549215985,-0.25106139933558946
NON_OPEX,2020-02-07,QQQ,2020,next_max_excursion,0.0979852686200116,0.4617761500570774
NON_OPEX,2020-02-07,SPY,2020,next_max_excursion,0.27866855899211407,0.4652582804281806
NON_OPEX,2020-02-10,IWM,2020,next_max_excursion,0.2570985545289866,-0.2597257923094993
NON_OPEX,2020-02-10,QQQ,2020,next_max_excursion,0.17322554693163594,-0.2947215642437886
NON_OPEX,2020-02-10,SPY,2020,next_max_excursion,0.1830053211069132,-0.5123834004418075
NON_OPEX,2020-02-11,IWM,2020,next_max_excursion,0.12009387627443795,-0.860693424746592
NON_OPEX,2020-02-11,QQQ,2020,next_max_excursion,0.19650760754555038,-0.7508521184043246
NON_OPEX,2020-02-11,SPY,2020,next_max_excursion,0.2158013383021513,-0.9573280657461369
NON_OPEX,2020-02-12,IWM,2020,next_max_excursion,0.11739835531414745,0.20860970445835392
NON_OPEX,2020-02-12,QQQ,2020,next_max_excursion,0.21866222395635432,0.26601578156633376
NON_OPEX,2020-02-12,SPY,2020,next_max_excursion,0.2626997019017956,0.2902971840714095
NON_OPEX,2020-02-13,IWM,2020,next_max_excursion,0.16945848858647708,-0.16221511609843198
NON_OPEX,2020-02-13,QQQ,2020,next_max_excursion,0.33862015834362275,-0.9895152838739492
NON_OPEX,2020-02-13,SPY,2020,next_max_excursion,0.2449130664680812,-0.493713620530718
NON_OPEX,2020-02-14,IWM,2020,next_max_excursion,0.10018678758939151,-0.2268442708895737
NON_OPEX,2020-02-14,QQQ,2020,next_max_excursion,0.19420020698022356,0.003512994204815101
NON_OPEX,2020-02-14,SPY,2020,next_max_excursion,0.2866538149554667,-0.36207407560290683
NON_OPEX,2020-02-24,IWM,2020,next_max_excursion,0.06412925870061321,0.7430539011127579
NON_OPEX,2020-02-24,QQQ,2020,next_max_excursion,0.0778397279309797,1.0150486879046503
NON_OPEX,2020-02-24,SPY,2020,next_max_excursion,0.1195554715901254,0.8617488029360816
NON_OPEX,2020-02-25,IWM,2020,next_max_excursion,0.12107980904722697,-0.06666388573310655
NON_OPEX,2020-02-25,QQQ,2020,next_max_excursion,0.11830175141672365,-0.13527325566580428
NON_OPEX,2020-02-25,SPY,2020,next_max_excursion,0.07856862410941794,-0.2338849387827313
NON_OPEX,2020-02-26,IWM,2020,next_max_excursion,0.18684834198434752,0.3900454570143239
NON_OPEX,2020-02-26,QQQ,2020,next_max_excursion,0.06549580627414102,0.4397301387439079
NON_OPEX,2020-02-26,SPY,2020,next_max_excursion,0.16892329614843798,0.7275799462208479
NON_OPEX,2020-02-27,IWM,2020,next_max_excursion,0.051375751117941376,0.3835239545855753
NON_OPEX,2020-02-27,QQQ,2020,next_max_excursion,0.11393749405383868,0.6382179344690275
NON_OPEX,2020-02-27,SPY,2020,next_max_excursion,0.04729441766627764,0.5618969015784105
NON_OPEX,2020-02-28,IWM,2020,next_max_excursion,0.04549868123338903,0.1352160491184895
NON_OPEX,2020-02-28,QQQ,2020,next_max_excursion,0.10532762725586471,0.5271253345407003
NON_OPEX,2020-02-28,SPY,2020,next_max_excursion,0.09727097191494971,0.6987062675033338
NON_OPEX,2020-03-02,IWM,2020,next_max_excursion,0.043190522739754766,0.3794561695376042
NON_OPEX,2020-03-02,QQQ,2020,next_max_excursion,0.06241476993569212,0.6039444392867082
NON_OPEX,2020-03-02,SPY,2020,next_max_excursion,0.14328837053492802,0.6252511780252745
NON_OPEX,2020-03-03,IWM,2020,next_max_excursion,0.052928019070633846,-0.5974000133901631
NON_OPEX,2020-03-03,QQQ,2020,next_max_excursion,0.1865368253771095,-0.12975195395821437
NON_OPEX,2020-03-03,SPY,2020,next_max_excursion,0.16249298370829762,-0.013290266932678207
NON_OPEX,2020-03-04,IWM,2020,next_max_excursion,0.048233717492135945,0.23456661391258748
NON_OPEX,2020-03-04,QQQ,2020,next_max_excursion,0.12103241502327038,-0.20452822229799983
NON_OPEX,2020-03-04,SPY,2020,next_max_excursion,0.08958278242890132,-0.12014754744695688
NON_OPEX,2020-03-05,IWM,2020,next_max_excursion,0.09349928510880057,-0.13442827879331043
NON_OPEX,2020-03-05,QQQ,2020,next_max_excursion,0.07870829779015255,0.03951256500085032
NON_OPEX,2020-03-05,SPY,2020,next_max_excursion,0.10813723074773499,0.07088133877760416
NON_OPEX,2020-03-06,IWM,2020,next_max_excursion,0.29362021764684937,0.31076301892737623
NON_OPEX,2020-03-06,QQQ,2020,next_max_excursion,0.08000690132909087,0.6557023348125193
NON_OPEX,2020-03-06,SPY,2020,next_max_excursion,0.06418135847002707,0.6225767580680972
NON_OPEX,2020-03-09,IWM,2020,next_max_excursion,0.3516359232882791,0.7383984213076142
NON_OPEX,2020-03-09,QQQ,2020,next_max_excursion,0.04238838624544709,0.23038760095762711
NON_OPEX,2020-03-09,SPY,2020,next_max_excursion,0.12488265533552985,0.6380012362639773
NON_OPEX,2020-03-10,IWM,2020,next_max_excursion,0.1613464255727564,0.5797291632593784
NON_OPEX,2020-03-10,QQQ,2020,next_max_excursion,0.1144931019366366,0.18377293751750878
NON_OPEX,2020-03-10,SPY,2020,next_max_excursion,0.07118036973126642,0.38536811805412263
NON_OPEX,2020-03-11,IWM,2020,next_max_excursion,0.011954354979534853,0.44140931127487315
NON_OPEX,2020-03-11,QQQ,2020,next_max_excursion,0.11351677002193114,0.6716135625665318
NON_OPEX,2020-03-11,SPY,2020,next_max_excursion,0.14323772585140337,0.6900604383419635
NON_OPEX,2020-03-12,IWM,2020,next_max_excursion,0.05784312428697823,0.8485375068851813
NON_OPEX,2020-03-12,QQQ,2020,next_max_excursion,0.0824540678543699,0.35277583981535177
NON_OPEX,2020-03-12,SPY,2020,next_max_excursion,0.06044153499704365,0.6805841673787301
NON_OPEX,2020-03-13,IWM,2020,next_max_excursion,0.291955443811741,0.49009356296189566
NON_OPEX,2020-03-13,QQQ,2020,next_max_excursion,0.07523417490386004,0.41931806250583215
NON_OPEX,2020-03-13,SPY,2020,next_max_excursion,0.14713190160796816,0.6289679116865332
NON_OPEX,2020-03-23,IWM,2020,next_max_excursion,0.3044730021090301,0.3812556269534144
NON_OPEX,2020-03-23,QQQ,2020,next_max_excursion,0.25805718793543597,-0.45228283052218066
NON_OPEX,2020-03-23,SPY,2020,next_max_excursion,0.06007039076112942,0.44063324289037453
NON_OPEX,2020-03-24,IWM,2020,next_max_excursion,0.03475676552813978,-0.08415034250090159
NON_OPEX,2020-03-24,QQQ,2020,next_max_excursion,0.034822172898693,0.1168072879691251
NON_OPEX,2020-03-24,SPY,2020,next_max_excursion,0.06416646528055009,0.6020479499529543
NON_OPEX,2020-03-25,IWM,2020,next_max_excursion,0.29249018304311947,0.2506422391271239
NON_OPEX,2020-03-25,QQQ,2020,next_max_excursion,0.07033670195929434,0.4171387214786719
NON_OPEX,2020-03-25,SPY,2020,next_max_excursion,0.07283034476955319,0.4462107577164871
NON_OPEX,2020-03-26,IWM,2020,next_max_excursion,0.03830439743767233,-0.021494935457409436
NON_OPEX,2020-03-26,QQQ,2020,next_max_excursion,0.08451176581114826,-0.4397888230112854
NON_OPEX,2020-03-26,SPY,2020,next_max_excursion,0.16813536898898043,0.03799195872344052
NON_OPEX,2020-03-27,IWM,2020,next_max_excursion,0.061314980592654326,-0.46480375591156964
NON_OPEX,2020-03-27,QQQ,2020,next_max_excursion,0.14923374182177637,0.14285305072507537
NON_OPEX,2020-03-27,SPY,2020,next_max_excursion,0.06134860225252838,-0.08105021060463935
NON_OPEX,2020-03-30,IWM,2020,next_max_excursion,0.2112484453617514,-0.23368049849279204
NON_OPEX,2020-03-30,QQQ,2020,next_max_excursion,0.048250746071982376,-0.2826749821464558
NON_OPEX,2020-03-30,SPY,2020,next_max_excursion,0.051867318777465476,-0.28928934877155354
NON_OPEX,2020-03-31,IWM,2020,next_max_excursion,0.3623200837262973,-0.024780653822553678
NON_OPEX,2020-03-31,QQQ,2020,next_max_excursion,0.2532136226075473,-0.12955217174427114
NON_OPEX,2020-03-31,SPY,2020,next_max_excursion,0.07358357785150663,0.6664930531530713
NON_OPEX,2020-04-01,IWM,2020,next_max_excursion,0.16176541927456026,0.32758030016642836
NON_OPEX,2020-04-01,QQQ,2020,next_max_excursion,0.06739363917186994,0.6143501750278255
NON_OPEX,2020-04-01,SPY,2020,next_max_excursion,0.18399850516223767,0.028753442977845545
NON_OPEX,2020-04-02,IWM,2020,next_max_excursion,0.08548350646107578,0.13158963120471112
NON_OPEX,2020-04-02,QQQ,2020,next_max_excursion,0.03177458530015968,-0.22179783061203606
NON_OPEX,2020-04-02,SPY,2020,next_max_excursion,0.07381484631987367,0.08144178272652969
NON_OPEX,2020-04-03,IWM,2020,next_max_excursion,0.2688316823820506,0.1774722283793566
NON_OPEX,2020-04-03,QQQ,2020,next_max_excursion,0.07941960065268146,0.4716120271090234
NON_OPEX,2020-04-03,SPY,2020,next_max_excursion,0.10364607684887517,0.6050759471272746
NON_OPEX,2020-04-06,IWM,2020,next_max_excursion,0.028542971141916,0.3039881074691304
NON_OPEX,2020-04-06,QQQ,2020,next_max_excursion,0.06245385599274541,0.1465217797304379
NON_OPEX,2020-04-06,SPY,2020,next_max_excursion,0.13338100117144056,0.09852242285183577
NON_OPEX,2020-04-07,IWM,2020,next_max_excursion,0.04371505421814912,0.10142989010802017
NON_OPEX,2020-04-07,QQQ,2020,next_max_excursion,0.06635941409393442,-0.45952430481162265
NON_OPEX,2020-04-07,SPY,2020,next_max_excursion,0.14555635945084378,0.3013339131804411
NON_OPEX,2020-04-08,IWM,2020,next_max_excursion,0.08416567001811279,-0.40140669266463913
NON_OPEX,2020-04-08,QQQ,2020,next_max_excursion,0.2084178199754589,-0.232705742164089
NON_OPEX,2020-04-08,SPY,2020,next_max_excursion,0.1614603811233703,-0.54652336838496
NON_OPEX,2020-04-09,IWM,2020,next_max_excursion,0.04430894572365152,0.24952582982688076
NON_OPEX,2020-04-09,QQQ,2020,next_max_excursion,0.21474488341233633,-0.12752199430263245
NON_OPEX,2020-04-09,SPY,2020,next_max_excursion,0.07399324912665571,0.17363767629479332
NON_OPEX,2020-04-20,IWM,2020,next_max_excursion,0.024949828199164432,-0.4776608808075764
NON_OPEX,2020-04-20,QQQ,2020,next_max_excursion,0.13837483791219762,0.7766881955776417
NON_OPEX,2020-04-20,SPY,2020,next_max_excursion,0.05322431541060156,0.11558896302249533
NON_OPEX,2020-04-21,IWM,2020,next_max_excursion,0.06617436772791704,-0.543361565814255
NON_OPEX,2020-04-21,QQQ,2020,next_max_excursion,0.17626322985919493,-0.3071356794621001
NON_OPEX,2020-04-21,SPY,2020,next_max_excursion,0.08080707361147296,-0.4788744759808141
NON_OPEX,2020-04-22,IWM,2020,next_max_excursion,0.023206759555631454,0.24340936582144135
NON_OPEX,2020-04-22,QQQ,2020,next_max_excursion,0.20731474520277837,-0.2749748938815646
NON_OPEX,2020-04-22,SPY,2020,next_max_excursion,0.1860355793673534,-0.08709709440447178
NON_OPEX,2020-04-23,IWM,2020,next_max_excursion,0.2658764612877463,-0.4538549570855661
NON_OPEX,2020-04-23,QQQ,2020,next_max_excursion,0.17283182079587753,-0.07194322312136592
NON_OPEX,2020-04-23,SPY,2020,next_max_excursion,0.19831284139684552,-0.3001271728914263
NON_OPEX,2020-04-24,IWM,2020,next_max_excursion,0.15164962141949773,0.5625390561361399
NON_OPEX,2020-04-24,QQQ,2020,next_max_excursion,0.07851651737807047,-0.7870483155526342
NON_OPEX,2020-04-24,SPY,2020,next_max_excursion,0.08596508260760889,-0.2112935771121771
NON_OPEX,2020-04-27,IWM,2020,next_max_excursion,0.07506784523185503,0.24076485126954994
NON_OPEX,2020-04-27,QQQ,2020,next_max_excursion,0.180303610212015,0.830567556390382
NON_OPEX,2020-04-27,SPY,2020,next_max_excursion,0.08336472716227322,0.5198598611172289
NON_OPEX,2020-04-28,IWM,2020,next_max_excursion,0.051724910009125366,0.18293079974804405
NON_OPEX,2020-04-28,QQQ,2020,next_max_excursion,0.12026926570876051,-0.023134482536546486
NON_OPEX,2020-04-28,SPY,2020,next_max_excursion,0.21013494896512172,-0.13303840232856867
NON_OPEX,2020-04-29,IWM,2020,next_max_excursion,0.18401090142420923,-0.5723800259570071
NON_OPEX,2020-04-29,QQQ,2020,next_max_excursion,0.1716930495009071,-0.34811693719671943
NON_OPEX,2020-04-29,SPY,2020,next_max_excursion,0.09074968972943064,-0.12502258141699052
NON_OPEX,2020-04-30,IWM,2020,next_max_excursion,0.17280969338144975,0.46320435117914105
NON_OPEX,2020-04-30,QQQ,2020,next_max_excursion,0.25736094991138403,0.019395084622304104
NON_OPEX,2020-04-30,SPY,2020,next_max_excursion,0.17343061354744643,0.3815934619249197
NON_OPEX,2020-05-01,IWM,2020,next_max_excursion,0.15460029401697775,-0.285716537217513
NON_OPEX,2020-05-01,QQQ,2020,next_max_excursion,0.12228538837006919,0.07236884161947321
NON_OPEX,2020-05-01,SPY,2020,next_max_excursion,0.07038482395289605,-0.4684864424735169
NON_OPEX,2020-05-04,IWM,2020,next_max_excursion,0.035256212443976157,-0.3909556056968597
NON_OPEX,2020-05-04,QQQ,2020,next_max_excursion,0.18551657818399114,-0.2474190662717648
NON_OPEX,2020-05-04,SPY,2020,next_max_excursion,0.04694389570436967,-0.22743175290774165
NON_OPEX,2020-05-05,IWM,2020,next_max_excursion,0.05093198255488725,-0.15437381553176222
NON_OPEX,2020-05-05,QQQ,2020,next_max_excursion,0.13359626235903885,-0.6910773238445378
NON_OPEX,2020-05-05,SPY,2020,next_max_excursion,0.1740613836470485,0.03199614522206495
NON_OPEX,2020-05-06,IWM,2020,next_max_excursion,0.039195801820388794,-0.814158445069693
NON_OPEX,2020-05-06,QQQ,2020,next_max_excursion,0.2583719958374038,-0.7214343897870368
NON_OPEX,2020-05-06,SPY,2020,next_max_excursion,0.1731474032187046,-0.4879015040664605
NON_OPEX,2020-05-07,IWM,2020,next_max_excursion,0.16688119435729543,0.11105665561138256
NON_OPEX,2020-05-07,QQQ,2020,next_max_excursion,0.09250052428472463,-0.9214776506410116
NON_OPEX,2020-05-07,SPY,2020,next_max_excursion,0.12680247402582803,-0.5075170634531512
NON_OPEX,2020-05-08,IWM,2020,next_max_excursion,0.14166206456355965,0.00922285575721249
NON_OPEX,2020-05-08,QQQ,2020,next_max_excursion,0.10502244081075475,0.7680870036495553
NON_OPEX,2020-05-08,SPY,2020,next_max_excursion,0.12389171969478141,0.30607232682910546
NON_OPEX,2020-05-18,IWM,2020,next_max_excursion,0.048456200977333296,-0.1293790340115546
NON_OPEX,2020-05-18,QQQ,2020,next_max_excursion,0.12410556718775276,-0.30790427081279503
NON_OPEX,2020-05-18,SPY,2020,next_max_excursion,0.1604861802521677,-0.3485875328432497
NON_OPEX,2020-05-19,IWM,2020,next_max_excursion,0.11923641152020045,-0.2028946670111944
NON_OPEX,2020-05-19,QQQ,2020,next_max_excursion,0.12381665535528663,-0.20730203858633534
NON_OPEX,2020-05-19,SPY,2020,next_max_excursion,0.1286746159673795,-0.5105609527504615
NON_OPEX,2020-05-20,IWM,2020,next_max_excursion,0.04392153712707431,-0.5004367334008615
NON_OPEX,2020-05-20,QQQ,2020,next_max_excursion,0.07970067294217277,0.3420735311143037
NON_OPEX,2020-05-20,SPY,2020,next_max_excursion,0.11601795557959187,0.18645061136791252
NON_OPEX,2020-05-21,IWM,2020,next_max_excursion,0.0728578300332064,-0.43811290817601556
NON_OPEX,2020-05-21,QQQ,2020,next_max_excursion,0.26344583507396474,-0.7150517279918205
NON_OPEX,2020-05-21,SPY,2020,next_max_excursion,0.22522814115884499,-0.8718136962859138
NON_OPEX,2020-05-22,IWM,2020,next_max_excursion,0.23908759292826512,0.7819427444041902
NON_OPEX,2020-05-22,QQQ,2020,next_max_excursion,0.14325136723777138,0.6140776411357174
NON_OPEX,2020-05-22,SPY,2020,next_max_excursion,0.17155144669630276,0.8740495641068176
NON_OPEX,2020-05-26,IWM,2020,next_max_excursion,0.012753596963036006,0.25286132027619646
NON_OPEX,2020-05-26,QQQ,2020,next_max_excursion,0.21725317425306206,0.45129649685155915
NON_OPEX,2020-05-26,SPY,2020,next_max_excursion,0.26194410416588915,0.3009348525011939
NON_OPEX,2020-05-27,IWM,2020,next_max_excursion,0.0489547117446691,0.7568413473002802
NON_OPEX,2020-05-27,QQQ,2020,next_max_excursion,0.1434770164512293,0.14395025261271988
NON_OPEX,2020-05-27,SPY,2020,next_max_excursion,0.13373070680012342,-0.5046768728856517
NON_OPEX,2020-05-28,IWM,2020,next_max_excursion,0.2284315138066486,-0.6285490470784021
NON_OPEX,2020-05-28,QQQ,2020,next_max_excursion,0.20922418098372952,0.0805708847076696
NON_OPEX,2020-05-28,SPY,2020,next_max_excursion,0.13329418733744816,-0.06520715312277581
NON_OPEX,2020-05-29,IWM,2020,next_max_excursion,0.0244214646258019,-0.06208537254272262
NON_OPEX,2020-05-29,QQQ,2020,next_max_excursion,0.08763129045976387,-0.3971899161736001
NON_OPEX,2020-05-29,SPY,2020,next_max_excursion,0.13878023493690392,-0.26796187754869205
NON_OPEX,2020-06-01,IWM,2020,next_max_excursion,0.16906951746420137,-0.5298834101577352
NON_OPEX,2020-06-01,QQQ,2020,next_max_excursion,0.17046432868314307,0.12151816086028511
NON_OPEX,2020-06-01,SPY,2020,next_max_excursion,0.15599162274787678,-0.4997866463503451
NON_OPEX,2020-06-02,IWM,2020,next_max_excursion,0.12802937136033682,0.0178037077620683
NON_OPEX,2020-06-02,QQQ,2020,next_max_excursion,0.13208869446092217,-0.8077170214405651
NON_OPEX,2020-06-02,SPY,2020,next_max_excursion,0.14060521007437396,0.14289519862120326
NON_OPEX,2020-06-03,IWM,2020,next_max_excursion,0.190540888205936,-0.34600494017488614
NON_OPEX,2020-06-03,QQQ,2020,next_max_excursion,0.10337882515443847,0.2084850157770699
NON_OPEX,2020-06-03,SPY,2020,next_max_excursion,0.11654618860066203,-0.24645374890314997
NON_OPEX,2020-06-04,IWM,2020,next_max_excursion,0.2253884697595682,-0.45189959520772316
NON_OPEX,2020-06-04,QQQ,2020,next_max_excursion,0.2325036572817946,0.3492374882173257
NON_OPEX,2020-06-04,SPY,2020,next_max_excursion,0.2259948709883199,0.24241997670552262
NON_OPEX,2020-06-05,IWM,2020,next_max_excursion,0.2576712681925447,-0.9041156682250904
NON_OPEX,2020-06-05,QQQ,2020,next_max_excursion,0.12514213241445324,-0.34663200732080757
NON_OPEX,2020-06-05,SPY,2020,next_max_excursion,0.2275504097245723,-0.010586300923144165
NON_OPEX,2020-06-08,IWM,2020,next_max_excursion,0.052157858274301576,-0.12105804574212264
NON_OPEX,2020-06-08,QQQ,2020,next_max_excursion,0.07064432552913816,0.22951138989200093
NON_OPEX,2020-06-08,SPY,2020,next_max_excursion,0.08256881595059083,-0.01123496145263303
NON_OPEX,2020-06-09,IWM,2020,next_max_excursion,0.27915274336775986,0.47891079850440743
NON_OPEX,2020-06-09,QQQ,2020,next_max_excursion,0.09182151807290186,-0.015149391416673375
NON_OPEX,2020-06-09,SPY,2020,next_max_excursion,0.22379383943157838,-0.06413099125377286
NON_OPEX,2020-06-10,IWM,2020,next_max_excursion,0.04775172764391423,0.6393899650613593
NON_OPEX,2020-06-10,QQQ,2020,next_max_excursion,0.15661991444137166,1.1368232947375452
NON_OPEX,2020-06-10,SPY,2020,next_max_excursion,0.18595007618367979,1.3119164704513415
NON_OPEX,2020-06-11,IWM,2020,next_max_excursion,0.22340812277357805,0.5066235388186651
NON_OPEX,2020-06-11,QQQ,2020,next_max_excursion,0.20484816593553817,0.45762701306978704
NON_OPEX,2020-06-11,SPY,2020,next_max_excursion,0.21284326472733026,0.5527217464287824
NON_OPEX,2020-06-12,IWM,2020,next_max_excursion,0.04123397303358729,0.7894341523782922
NON_OPEX,2020-06-12,QQQ,2020,next_max_excursion,0.15196633756596772,0.4126902268370878
NON_OPEX,2020-06-12,SPY,2020,next_max_excursion,0.1191255338638483,0.6633259663693782
NON_OPEX,2020-06-22,IWM,2020,next_max_excursion,0.1646658091593291,-0.48219295589693
NON_OPEX,2020-06-22,QQQ,2020,next_max_excursion,0.10226462718876611,0.04267466387951746
NON_OPEX,2020-06-22,SPY,2020,next_max_excursion,0.19534316586571662,-0.5603118280329742
NON_OPEX,2020-06-24,IWM,2020,next_max_excursion,0.1045621532251076,-0.06455814359701684
NON_OPEX,2020-06-24,QQQ,2020,next_max_excursion,0.1258636229235069,-0.36833848599679087
NON_OPEX,2020-06-24,SPY,2020,next_max_excursion,0.1403839170399521,-0.046651401607716636
NON_OPEX,2020-06-25,IWM,2020,next_max_excursion,0.2705132175099844,0.07253852794970861
NON_OPEX,2020-06-25,QQQ,2020,next_max_excursion,0.23454939908931044,0.578997299080724
NON_OPEX,2020-06-25,SPY,2020,next_max_excursion,0.11475520163523589,0.5361912879286401
NON_OPEX,2020-06-26,IWM,2020,next_max_excursion,0.12686080062366603,0.2566283093071138
NON_OPEX,2020-06-26,QQQ,2020,next_max_excursion,0.13954468508953666,-0.260763098946434
NON_OPEX,2020-06-26,SPY,2020,next_max_excursion,0.22295419483051043,-0.2633105124933923
NON_OPEX,2020-06-29,IWM,2020,next_max_excursion,0.09708393689297307,-0.09291922778485207
NON_OPEX,2020-06-29,QQQ,2020,next_max_excursion,0.227355004612757,0.3804891126720298
NON_OPEX,2020-06-29,SPY,2020,next_max_excursion,0.17002465241216516,0.43930925533266185
NON_OPEX,2020-06-30,IWM,2020,next_max_excursion,0.064264140680204,-0.06235964200290045
NON_OPEX,2020-06-30,QQQ,2020,next_max_excursion,0.12128243451181536,0.04106922572144889
NON_OPEX,2020-06-30,SPY,2020,next_max_excursion,0.09346400760216103,-0.5864846463981808
NON_OPEX,2020-07-01,IWM,2020,next_max_excursion,0.08675140382592593,0.025119625356047948
NON_OPEX,2020-07-01,QQQ,2020,next_max_excursion,0.2059329530357133,-0.9518928782931493
NON_OPEX,2020-07-01,SPY,2020,next_max_excursion,0.287509800493038,-0.0777588384245913
NON_OPEX,2020-07-02,IWM,2020,next_max_excursion,0.1387722544961605,-0.10107802564553037
NON_OPEX,2020-07-02,QQQ,2020,next_max_excursion,0.13442999532917416,0.22069270848025724
NON_OPEX,2020-07-02,SPY,2020,next_max_excursion,0.09560493645509276,-0.9652316359086353
NON_OPEX,2020-07-06,IWM,2020,next_max_excursion,0.12238515806903683,-0.26563091630420477
NON_OPEX,2020-07-06,QQQ,2020,next_max_excursion,0.08347502011210835,-0.012607531464622568
NON_OPEX,2020-07-06,SPY,2020,next_max_excursion,0.09433328497859088,-0.05585948738536484
NON_OPEX,2020-07-07,IWM,2020,next_max_excursion,0.05974516874994148,-0.2805388342799766
NON_OPEX,2020-07-07,QQQ,2020,next_max_excursion,0.11869915851387776,-0.5288661114647493
NON_OPEX,2020-07-07,SPY,2020,next_max_excursion,0.13951173066790473,-0.5133147163186607
NON_OPEX,2020-07-08,IWM,2020,next_max_excursion,0.11833113066902064,0.6986706546705341
NON_OPEX,2020-07-08,QQQ,2020,next_max_excursion,0.2155488229868158,0.37238928324003595
NON_OPEX,2020-07-08,SPY,2020,next_max_excursion,0.1446279431195609,0.7351767972016798
NON_OPEX,2020-07-09,IWM,2020,next_max_excursion,0.08046540711283053,-0.20862209004724885
NON_OPEX,2020-07-09,QQQ,2020,next_max_excursion,0.15101459600386305,-0.3532813903436107
NON_OPEX,2020-07-09,SPY,2020,next_max_excursion,0.14211903248962537,-0.0590438319820743
NON_OPEX,2020-07-10,IWM,2020,next_max_excursion,0.14509682493649684,0.3935696103165518
NON_OPEX,2020-07-10,QQQ,2020,next_max_excursion,0.12652672017711897,0.9951670423481058
NON_OPEX,2020-07-10,SPY,2020,next_max_excursion,0.13063473780861976,0.5878891800951078
NON_OPEX,2020-07-20,IWM,2020,next_max_excursion,0.09195095986675379,-0.14640214702423737
NON_OPEX,2020-07-20,QQQ,2020,next_max_excursion,0.11143594565254786,0.15762175283003055
NON_OPEX,2020-07-20,SPY,2020,next_max_excursion,0.2149759969672425,-0.16635632404990197
NON_OPEX,2020-07-21,IWM,2020,next_max_excursion,0.0832351793419539,-0.2189402046184563
NON_OPEX,2020-07-21,QQQ,2020,next_max_excursion,0.15114977983798758,-0.6106330364399062
NON_OPEX,2020-07-21,SPY,2020,next_max_excursion,0.24475569730270919,0.04849382714985584
NON_OPEX,2020-07-22,IWM,2020,next_max_excursion,0.07220712142807716,0.3241178743706872
NON_OPEX,2020-07-22,QQQ,2020,next_max_excursion,0.17392282935982004,0.9246966567785355
NON_OPEX,2020-07-22,SPY,2020,next_max_excursion,0.15048932321731942,0.8029716119236019
NON_OPEX,2020-07-23,IWM,2020,next_max_excursion,0.13536161403179642,-0.2831170058043906
NON_OPEX,2020-07-23,QQQ,2020,next_max_excursion,0.16939870942019275,-0.45651560155867443
NON_OPEX,2020-07-23,SPY,2020,next_max_excursion,0.17756572099203322,-0.6456309497417605
NON_OPEX,2020-07-24,IWM,2020,next_max_excursion,0.10016375004371782,-0.1751981882166227
NON_OPEX,2020-07-24,QQQ,2020,next_max_excursion,0.1199991065284164,-0.22024897327364812
NON_OPEX,2020-07-24,SPY,2020,next_max_excursion,0.19810117688361537,-0.45297857792377094
NON_OPEX,2020-07-27,IWM,2020,next_max_excursion,0.08439678953748153,-0.6105687704128364
NON_OPEX,2020-07-27,QQQ,2020,next_max_excursion,0.19167356260172164,-0.15608988526268597
NON_OPEX,2020-07-27,SPY,2020,next_max_excursion,0.12361943040239619,-0.4051060716636119
NON_OPEX,2020-07-28,IWM,2020,next_max_excursion,0.11217951942620984,0.3551866582653549
NON_OPEX,2020-07-28,QQQ,2020,next_max_excursion,0.13031002705885278,-0.2901006622222768
NON_OPEX,2020-07-28,SPY,2020,next_max_excursion,0.22606457423804693,0.3856734869058398
NON_OPEX,2020-07-29,IWM,2020,next_max_excursion,0.1521023192651877,0.017569664936037732
NON_OPEX,2020-07-29,QQQ,2020,next_max_excursion,0.1680779073285177,0.3265243922622023
NON_OPEX,2020-07-29,SPY,2020,next_max_excursion,0.17395971085911316,-0.07528727052941697
NON_OPEX,2020-07-30,IWM,2020,next_max_excursion,0.05290262860973012,0.5151751132638163
NON_OPEX,2020-07-30,QQQ,2020,next_max_excursion,0.17735565619434115,0.3466003502850108
NON_OPEX,2020-07-30,SPY,2020,next_max_excursion,0.20337834356702203,0.40450358775333584
NON_OPEX,2020-07-31,IWM,2020,next_max_excursion,0.0781159296601238,-0.39870400714491083
NON_OPEX,2020-07-31,QQQ,2020,next_max_excursion,0.12277633783728972,-0.6535715126596848
NON_OPEX,2020-07-31,SPY,2020,next_max_excursion,0.19983181021800117,-0.9606619591463419
NON_OPEX,2020-08-03,IWM,2020,next_max_excursion,0.08982115636216484,-0.32292451850715587
NON_OPEX,2020-08-03,QQQ,2020,next_max_excursion,0.15539144458626872,-0.4497603908709715
NON_OPEX,2020-08-03,SPY,2020,next_max_excursion,0.19355114844212823,0.009957031899918256
NON_OPEX,2020-08-04,IWM,2020,next_max_excursion,0.03697950967896526,-0.11479276120090187
NON_OPEX,2020-08-04,QQQ,2020,next_max_excursion,0.16542622637797497,-0.9361848157037169
NON_OPEX,2020-08-04,SPY,2020,next_max_excursion,0.25715950828906126,-0.8196819878064945
NON_OPEX,2020-08-05,IWM,2020,next_max_excursion,0.2057941452457701,-0.7486860675564762
NON_OPEX,2020-08-05,QQQ,2020,next_max_excursion,0.22706441411316886,0.6297531164151904
NON_OPEX,2020-08-05,SPY,2020,next_max_excursion,0.1343069388399002,0.5318698886204443
NON_OPEX,2020-08-06,IWM,2020,next_max_excursion,0.29974380706871584,0.4260976245678094
NON_OPEX,2020-08-06,QQQ,2020,next_max_excursion,0.1897117238121784,0.4380752326784725
NON_OPEX,2020-08-06,SPY,2020,next_max_excursion,0.2441143196767083,-0.2575590810149384
NON_OPEX,2020-08-07,IWM,2020,next_max_excursion,0.03881430647903191,0.035734926697376324
NON_OPEX,2020-08-07,QQQ,2020,next_max_excursion,0.06284724078988331,0.3602559395271987
NON_OPEX,2020-08-07,SPY,2020,next_max_excursion,0.26722540662330435,0.025230768931939096
NON_OPEX,2020-08-10,IWM,2020,next_max_excursion,0.02430677857723019,0.5485494081685593
NON_OPEX,2020-08-10,QQQ,2020,next_max_excursion,0.1965066007575643,0.27444060876746956
NON_OPEX,2020-08-10,SPY,2020,next_max_excursion,0.231175228255548,0.8243834068335056
NON_OPEX,2020-08-11,IWM,2020,next_max_excursion,0.06341539960686847,-0.054764833188470696
NON_OPEX,2020-08-11,QQQ,2020,next_max_excursion,0.1708275500229496,0.4227538585429458
NON_OPEX,2020-08-11,SPY,2020,next_max_excursion,0.1659269611903777,-0.03061129075085489
NON_OPEX,2020-08-12,IWM,2020,next_max_excursion,0.12496556791066409,-0.18244502689810727
NON_OPEX,2020-08-12,QQQ,2020,next_max_excursion,0.1342770900395286,-0.5358797903442083
NON_OPEX,2020-08-12,SPY,2020,next_max_excursion,0.24413658956739692,-0.36583830625866653
NON_OPEX,2020-08-13,IWM,2020,next_max_excursion,0.08862767845055973,-0.1873460026200897
NON_OPEX,2020-08-13,QQQ,2020,next_max_excursion,0.11799681939954625,-0.30781617627308133
NON_OPEX,2020-08-13,SPY,2020,next_max_excursion,0.2539689057417983,-0.8716182514214141
NON_OPEX,2020-08-14,IWM,2020,next_max_excursion,0.07494030483785062,-0.7549357593409791
NON_OPEX,2020-08-14,QQQ,2020,next_max_excursion,0.12137862016399051,-0.37018569224124054
NON_OPEX,2020-08-14,SPY,2020,next_max_excursion,0.21891777356911138,-0.6505589497549815
NON_OPEX,2020-08-24,IWM,2020,next_max_excursion,0.09558310818647388,0.18553707461379965
NON_OPEX,2020-08-24,QQQ,2020,next_max_excursion,0.14171951806712774,0.0040835793105378215
NON_OPEX,2020-08-24,SPY,2020,next_max_excursion,0.15120278016732427,-0.6674968883615051
NON_OPEX,2020-08-25,IWM,2020,next_max_excursion,0.1171348752800824,-0.23601195300166022
NON_OPEX,2020-08-25,QQQ,2020,next_max_excursion,0.1656264525941407,0.5824868126171214
NON_OPEX,2020-08-25,SPY,2020,next_max_excursion,0.251444049096862,0.4590230230461243
NON_OPEX,2020-08-26,IWM,2020,next_max_excursion,0.2248878737220583,0.03921756302945045
NON_OPEX,2020-08-26,QQQ,2020,next_max_excursion,0.09422818710348078,0.20196395190759553
NON_OPEX,2020-08-26,SPY,2020,next_max_excursion,0.11875135645774294,-0.1406336771473704
NON_OPEX,2020-08-27,IWM,2020,next_max_excursion,0.06451046910965344,-0.733126459007793
NON_OPEX,2020-08-27,QQQ,2020,next_max_excursion,0.20939847004320933,-0.8814989516315288
NON_OPEX,2020-08-27,SPY,2020,next_max_excursion,0.2854890932733443,-0.6418021996865875
NON_OPEX,2020-08-28,IWM,2020,next_max_excursion,0.051398111347809805,0.3119616449545264
NON_OPEX,2020-08-28,QQQ,2020,next_max_excursion,0.08896725095640376,0.3406626367500616
NON_OPEX,2020-08-28,SPY,2020,next_max_excursion,0.3046783680918245,-0.4303264637488482
NON_OPEX,2020-08-31,IWM,2020,next_max_excursion,0.23142896949211558,0.3059670766342748
NON_OPEX,2020-08-31,QQQ,2020,next_max_excursion,0.11615636770654746,-0.2549722867153523
NON_OPEX,2020-08-31,SPY,2020,next_max_excursion,0.2523976913311317,0.24409210579948404
NON_OPEX,2020-09-01,IWM,2020,next_max_excursion,0.05709635565981032,-0.04481370166695431
NON_OPEX,2020-09-01,QQQ,2020,next_max_excursion,0.12688973585794433,0.7045130203088328
NON_OPEX,2020-09-01,SPY,2020,next_max_excursion,0.18881135581223188,0.5630830445830739
NON_OPEX,2020-09-02,IWM,2020,next_max_excursion,0.09857558015606578,1.009227721726265
NON_OPEX,2020-09-02,QQQ,2020,next_max_excursion,0.08539129339399093,1.273340899131144
NON_OPEX,2020-09-02,SPY,2020,next_max_excursion,0.1310792186622867,1.5606492865556456
NON_OPEX,2020-09-03,IWM,2020,next_max_excursion,0.09436446604424288,0.9203547742646068
NON_OPEX,2020-09-03,QQQ,2020,next_max_excursion,0.12789608008112696,0.8583535482901588
NON_OPEX,2020-09-03,SPY,2020,next_max_excursion,0.22139343147850768,0.8252081491739465
NON_OPEX,2020-09-04,IWM,2020,next_max_excursion,0.03549843144417844,-0.30925281984952413
NON_OPEX,2020-09-04,QQQ,2020,next_max_excursion,0.06388239013064159,-0.19913373426261138
NON_OPEX,2020-09-04,SPY,2020,next_max_excursion,0.15247750128499998,0.10726022776600086
NON_OPEX,2020-09-08,IWM,2020,next_max_excursion,0.1801769858236417,-0.5514828732328247
NON_OPEX,2020-09-08,QQQ,2020,next_max_excursion,0.19732388825767652,-0.2273481505074284
NON_OPEX,2020-09-08,SPY,2020,next_max_excursion,0.07904311738265435,0.007656420657720986
NON_OPEX,2020-09-09,IWM,2020,next_max_excursion,0.08886453859911563,0.36336614226195785
NON_OPEX,2020-09-09,QQQ,2020,next_max_excursion,0.09009776459468767,0.7211771481613716
NON_OPEX,2020-09-09,SPY,2020,next_max_excursion,0.15315865545650595,0.824790734242498
NON_OPEX,2020-09-10,IWM,2020,next_max_excursion,0.1872000824671205,0.3387366078789871
NON_OPEX,2020-09-10,QQQ,2020,next_max_excursion,0.08831845855337225,0.19282312454463346
NON_OPEX,2020-09-10,SPY,2020,next_max_excursion,0.1497122582624777,0.034394068254343324
NON_OPEX,2020-09-11,IWM,2020,next_max_excursion,0.04265323711744187,0.24839904437344806
NON_OPEX,2020-09-11,QQQ,2020,next_max_excursion,0.19083400279055696,-0.6239683795241908
NON_OPEX,2020-09-11,SPY,2020,next_max_excursion,0.13087807465872217,-0.19122937106722748
NON_OPEX,2020-09-21,IWM,2020,next_max_excursion,0.10223263024961012,-0.17327553580764032
NON_OPEX,2020-09-21,QQQ,2020,next_max_excursion,0.08592935229925211,-0.28582219644102125
NON_OPEX,2020-09-21,SPY,2020,next_max_excursion,0.07836500265489496,-0.25345778848689005
NON_OPEX,2020-09-22,IWM,2020,next_max_excursion,0.07584536424560455,0.6917710511711981
NON_OPEX,2020-09-22,QQQ,2020,next_max_excursion,0.09557942096969563,0.715791837416885
NON_OPEX,2020-09-22,SPY,2020,next_max_excursion,0.19337430744170508,0.9576196408430211
NON_OPEX,2020-09-23,IWM,2020,next_max_excursion,0.037852102298025894,-0.14250420786821572
NON_OPEX,2020-09-23,QQQ,2020,next_max_excursion,0.15646636389534402,0.3890049869009613
NON_OPEX,2020-09-23,SPY,2020,next_max_excursion,0.0905486510218843,0.24975507037557687
NON_OPEX,2020-09-24,IWM,2020,next_max_excursion,0.05852171969167476,0.03500237846217846
NON_OPEX,2020-09-24,QQQ,2020,next_max_excursion,0.1429167342037322,0.31234871634499495
NON_OPEX,2020-09-24,SPY,2020,next_max_excursion,0.2568841510663477,0.5188981104745705
NON_OPEX,2020-09-25,IWM,2020,next_max_excursion,0.19093991132429874,-0.20048482093977782
NON_OPEX,2020-09-25,QQQ,2020,next_max_excursion,0.05431168668284882,-0.01688567588026446
NON_OPEX,2020-09-25,SPY,2020,next_max_excursion,0.1915210461509461,-0.950237447963822
NON_OPEX,2020-09-28,IWM,2020,next_max_excursion,0.19850012036739342,-0.38558016626674263
NON_OPEX,2020-09-28,QQQ,2020,next_max_excursion,0.13433292451637463,-1.30510048565906
NON_OPEX,2020-09-28,SPY,2020,next_max_excursion,0.17405120963078655,-0.246684203199937
NON_OPEX,2020-09-29,IWM,2020,next_max_excursion,0.2724509138688117,-0.05916930872908299
NON_OPEX,2020-09-29,QQQ,2020,next_max_excursion,0.16337763935222915,0.4676645480473782
NON_OPEX,2020-09-29,SPY,2020,next_max_excursion,0.16686001344791007,0.5133882595726122
NON_OPEX,2020-09-30,IWM,2020,next_max_excursion,0.1580468976271388,-0.6546501792514698
NON_OPEX,2020-09-30,QQQ,2020,next_max_excursion,0.1693409501839198,-0.7208512919507593
NON_OPEX,2020-09-30,SPY,2020,next_max_excursion,0.1361003696530792,-0.3298770345701625
NON_OPEX,2020-10-01,IWM,2020,next_max_excursion,0.06355396467097463,0.6909035043981753
NON_OPEX,2020-10-01,QQQ,2020,next_max_excursion,0.10891024473556458,0.6602717350038354
NON_OPEX,2020-10-01,SPY,2020,next_max_excursion,0.12332591255818941,0.5052561438348606
NON_OPEX,2020-10-02,IWM,2020,next_max_excursion,0.053694989928034585,0.04927072071038996
NON_OPEX,2020-10-02,QQQ,2020,next_max_excursion,0.12346006646213482,-0.25342439433053565
NON_OPEX,2020-10-02,SPY,2020,next_max_excursion,0.1549312664924808,0.022408988183838296
NON_OPEX,2020-10-05,IWM,2020,next_max_excursion,0.07291648432653632,0.14184868925469907
NON_OPEX,2020-10-05,QQQ,2020,next_max_excursion,0.19144499961618447,0.3801605993837769
NON_OPEX,2020-10-05,SPY,2020,next_max_excursion,0.17709763814552978,0.5947888386855338
NON_OPEX,2020-10-06,IWM,2020,next_max_excursion,0.09302814439157159,-0.3458308714404099
NON_OPEX,2020-10-06,QQQ,2020,next_max_excursion,0.15161011232678984,-0.4681103903723862
NON_OPEX,2020-10-06,SPY,2020,next_max_excursion,0.15160840510679366,-0.1913067501625818
NON_OPEX,2020-10-07,IWM,2020,next_max_excursion,0.25262950799594114,-0.5410710841547095
NON_OPEX,2020-10-07,QQQ,2020,next_max_excursion,0.2322524404420416,-0.49248442533465386
NON_OPEX,2020-10-07,SPY,2020,next_max_excursion,0.20138971898379804,-1.1361807705703058
NON_OPEX,2020-10-08,IWM,2020,next_max_excursion,0.08699297185507332,-0.24895730444569697
NON_OPEX,2020-10-08,QQQ,2020,next_max_excursion,0.07295218048419524,-0.05427552640122624
NON_OPEX,2020-10-08,SPY,2020,next_max_excursion,0.2170000222803171,-0.35461742319171474
NON_OPEX,2020-10-09,IWM,2020,next_max_excursion,0.08213578416215314,-0.8460436590943967
NON_OPEX,2020-10-09,QQQ,2020,next_max_excursion,0.1450209201838102,0.7940465649258077
NON_OPEX,2020-10-09,SPY,2020,next_max_excursion,0.10411756788200875,0.49026832761910644
NON_OPEX,2020-10-19,IWM,2020,next_max_excursion,0.20251898307973695,-0.6783480035084315
NON_OPEX,2020-10-19,QQQ,2020,next_max_excursion,0.17396774288364905,-0.31312728006198043
NON_OPEX,2020-10-19,SPY,2020,next_max_excursion,0.07853818510383868,-0.11333469720095657
NON_OPEX,2020-10-20,IWM,2020,next_max_excursion,0.19820336696793137,-0.161892767028621
NON_OPEX,2020-10-20,QQQ,2020,next_max_excursion,0.17781576197854906,-0.34908515869275636
NON_OPEX,2020-10-20,SPY,2020,next_max_excursion,0.24772745439837845,-0.4109611808270621
NON_OPEX,2020-10-21,IWM,2020,next_max_excursion,0.2285810687227668,0.14595231545974752
NON_OPEX,2020-10-21,QQQ,2020,next_max_excursion,0.17953187718370048,0.296806160062574
NON_OPEX,2020-10-21,SPY,2020,next_max_excursion,0.1236594828621728,-0.2038332651557777
NON_OPEX,2020-10-22,IWM,2020,next_max_excursion,0.11217293340109885,-0.16330858481164512
NON_OPEX,2020-10-22,QQQ,2020,next_max_excursion,0.21387342046812524,-0.1873618979430045
NON_OPEX,2020-10-22,SPY,2020,next_max_excursion,0.28031567829804643,-0.13221276672262938
NON_OPEX,2020-10-23,IWM,2020,next_max_excursion,0.05455565043071628,0.2923993334000272
NON_OPEX,2020-10-23,QQQ,2020,next_max_excursion,0.16646243290363746,0.5472872252739309
NON_OPEX,2020-10-23,SPY,2020,next_max_excursion,0.18350835196680243,0.8484078671800335
NON_OPEX,2020-10-26,IWM,2020,next_max_excursion,0.20090840979032823,-0.5217233623835753
NON_OPEX,2020-10-26,QQQ,2020,next_max_excursion,0.22217965338330725,-0.7966688215578914
NON_OPEX,2020-10-26,SPY,2020,next_max_excursion,0.16661663713942262,-0.7942666286310995
NON_OPEX,2020-10-27,IWM,2020,next_max_excursion,0.09661062953070465,-0.13591300503040404
NON_OPEX,2020-10-27,QQQ,2020,next_max_excursion,0.09493073156047405,0.8384036741940966
NON_OPEX,2020-10-27,SPY,2020,next_max_excursion,0.14129462226710315,1.00050963447279
NON_OPEX,2020-10-28,IWM,2020,next_max_excursion,0.1406751079633964,0.36748561991745143
NON_OPEX,2020-10-28,QQQ,2020,next_max_excursion,0.07669875676341406,0.3889059821857406
NON_OPEX,2020-10-28,SPY,2020,next_max_excursion,0.052136538621807046,0.22680319136548688
NON_OPEX,2020-10-29,IWM,2020,next_max_excursion,0.15814251037207516,0.10791985695735828
NON_OPEX,2020-10-29,QQQ,2020,next_max_excursion,0.11200392801059045,0.4889049064847715
NON_OPEX,2020-10-29,SPY,2020,next_max_excursion,0.19878497337477075,0.24664010907014777
NON_OPEX,2020-10-30,IWM,2020,next_max_excursion,0.04214387853169717,-0.8521995057732292
NON_OPEX,2020-10-30,QQQ,2020,next_max_excursion,0.10506619878524694,0.022737053750931047
NON_OPEX,2020-10-30,SPY,2020,next_max_excursion,0.15199232933489157,-0.3610621971009147
NON_OPEX,2020-11-02,IWM,2020,next_max_excursion,0.02688531204766397,0.2803254569904201
NON_OPEX,2020-11-02,QQQ,2020,next_max_excursion,0.12406546946936114,0.06555204344296328
NON_OPEX,2020-11-02,SPY,2020,next_max_excursion,0.09572883154229503,-0.16927757012335398
NON_OPEX,2020-11-03,IWM,2020,next_max_excursion,0.22511256565695795,0.6167250529304358
NON_OPEX,2020-11-03,QQQ,2020,next_max_excursion,0.1491963700370946,0.13788139707622715
NON_OPEX,2020-11-03,SPY,2020,next_max_excursion,0.08313761804605861,0.40853045106514996
NON_OPEX,2020-11-04,IWM,2020,next_max_excursion,0.1789318005497273,0.22601876203710258
NON_OPEX,2020-11-04,QQQ,2020,next_max_excursion,0.0746298816957739,-0.9729333494343697
NON_OPEX,2020-11-04,SPY,2020,next_max_excursion,0.2169641469297883,-0.4446300724027923
NON_OPEX,2020-11-05,IWM,2020,next_max_excursion,0.2328327633694081,-0.09512394627667309
NON_OPEX,2020-11-05,QQQ,2020,next_max_excursion,0.15457917199114585,0.04606609511001558
NON_OPEX,2020-11-05,SPY,2020,next_max_excursion,0.2079406118466854,-0.3263351919906947
NON_OPEX,2020-11-06,IWM,2020,next_max_excursion,0.10386092038585346,1.2622226029087757
NON_OPEX,2020-11-06,QQQ,2020,next_max_excursion,0.14431545024715248,0.7730964442347696
NON_OPEX,2020-11-06,SPY,2020,next_max_excursion,0.1917902732359164,1.0450099407024807
NON_OPEX,2020-11-09,IWM,2020,next_max_excursion,0.2070698261291222,-0.6396229601351644
NON_OPEX,2020-11-09,QQQ,2020,next_max_excursion,0.1571189486530692,-0.20883238930775994
NON_OPEX,2020-11-09,SPY,2020,next_max_excursion,0.15904155983605497,-0.45216069800299685
NON_OPEX,2020-11-10,IWM,2020,next_max_excursion,0.10180842568014899,-0.11657836676070144
NON_OPEX,2020-11-10,QQQ,2020,next_max_excursion,0.054595094308791225,-0.11472466161807748
NON_OPEX,2020-11-10,SPY,2020,next_max_excursion,0.18671918259388995,-1.0513926051816984
NON_OPEX,2020-11-11,IWM,2020,next_max_excursion,0.10237286063639871,0.2296738951077124
NON_OPEX,2020-11-11,QQQ,2020,next_max_excursion,0.1671755386796958,-0.2953266975710882
NON_OPEX,2020-11-11,SPY,2020,next_max_excursion,0.19348279017308634,0.4016082035704045
NON_OPEX,2020-11-12,IWM,2020,next_max_excursion,0.23714609397853623,-0.10905569536931647
NON_OPEX,2020-11-12,QQQ,2020,next_max_excursion,0.16168604922025717,-0.531059353689205
NON_OPEX,2020-11-12,SPY,2020,next_max_excursion,0.1264089217676442,-0.02352521042054523
NON_OPEX,2020-11-13,IWM,2020,next_max_excursion,0.053296618051904276,-0.6914610930410854
NON_OPEX,2020-11-13,QQQ,2020,next_max_excursion,0.14247068094458523,-0.2423314799741858
NON_OPEX,2020-11-13,SPY,2020,next_max_excursion,0.07482777204649327,-0.6363162198047405
NON_OPEX,2020-11-23,IWM,2020,next_max_excursion,0.19452168432440467,-0.2705101326824506
NON_OPEX,2020-11-23,QQQ,2020,next_max_excursion,0.22025770967408648,-0.010661240662451554
NON_OPEX,2020-11-23,SPY,2020,next_max_excursion,0.12091098978484299,0.01020175789519051
NON_OPEX,2020-11-24,IWM,2020,next_max_excursion,0.14354281507622188,-0.5220001470433875
NON_OPEX,2020-11-24,QQQ,2020,next_max_excursion,0.18841821003495682,-1.0249562883629748
NON_OPEX,2020-11-24,SPY,2020,next_max_excursion,0.28277818645400293,-0.7627891393268103
NON_OPEX,2020-11-25,IWM,2020,next_max_excursion,0.26497787298711206,-1.2023337398844385
NON_OPEX,2020-11-25,QQQ,2020,next_max_excursion,0.19763800696053826,-0.38022839676121123
NON_OPEX,2020-11-25,SPY,2020,next_max_excursion,0.2833738267349803,-0.6611248720206149
NON_OPEX,2020-11-27,IWM,2020,next_max_excursion,0.14045224720641752,0.6917938421888041
NON_OPEX,2020-11-27,QQQ,2020,next_max_excursion,0.15358664597672586,0.545587211970533
NON_OPEX,2020-11-27,SPY,2020,next_max_excursion,0.2715919686584892,0.40344825098614123
NON_OPEX,2020-11-30,IWM,2020,next_max_excursion,0.017083483903528072,-0.11843615448761113
NON_OPEX,2020-11-30,QQQ,2020,next_max_excursion,0.1782051983874006,-0.1873648876048577
NON_OPEX,2020-11-30,SPY,2020,next_max_excursion,0.1506133604046122,-0.4369269481567697
NON_OPEX,2020-12-01,IWM,2020,next_max_excursion,0.1870263213146628,-0.5706723458424827
NON_OPEX,2020-12-01,QQQ,2020,next_max_excursion,0.08833368265820159,-0.49999329818505966
NON_OPEX,2020-12-01,SPY,2020,next_max_excursion,0.1092982769408284,-0.2956685561185477
NON_OPEX,2020-12-02,IWM,2020,next_max_excursion,0.2274716624170928,-0.27458384500002264
NON_OPEX,2020-12-02,QQQ,2020,next_max_excursion,0.16504780912254954,-0.583061987441984
NON_OPEX,2020-12-02,SPY,2020,next_max_excursion,0.15049610756374915,-0.5184517012434391
NON_OPEX,2020-12-03,IWM,2020,next_max_excursion,0.05010810121517663,0.4150611555058057
NON_OPEX,2020-12-03,QQQ,2020,next_max_excursion,0.18624136338339023,-0.702781870737299
NON_OPEX,2020-12-03,SPY,2020,next_max_excursion,0.1899274388067271,-0.18578040308941102
NON_OPEX,2020-12-04,IWM,2020,next_max_excursion,0.052562076684284094,-1.3567378561384213
NON_OPEX,2020-12-04,QQQ,2020,next_max_excursion,0.17145923880560662,-0.15083378553727833
NON_OPEX,2020-12-04,SPY,2020,next_max_excursion,0.19748528372750096,-0.5964804022476331
NON_OPEX,2020-12-07,IWM,2020,next_max_excursion,0.0661008721628499,0.6765709943425744
NON_OPEX,2020-12-07,QQQ,2020,next_max_excursion,0.08292486605355162,-0.18143408682333373
NON_OPEX,2020-12-07,SPY,2020,next_max_excursion,0.21973786917519217,0.23769065695224345
NON_OPEX,2020-12-08,IWM,2020,next_max_excursion,0.23109952796409128,0.501741726424096
NON_OPEX,2020-12-08,QQQ,2020,next_max_excursion,0.09249216620224442,1.2068491675665731
NON_OPEX,2020-12-08,SPY,2020,next_max_excursion,0.2523965040365636,0.7657813894731875
NON_OPEX,2020-12-09,IWM,2020,next_max_excursion,0.2082789360208485,0.2998834784918878
NON_OPEX,2020-12-09,QQQ,2020,next_max_excursion,0.24022804578519144,0.09977487583575861
NON_OPEX,2020-12-09,SPY,2020,next_max_excursion,0.12145226525686484,-0.16825434676644502
NON_OPEX,2020-12-10,IWM,2020,next_max_excursion,0.157606010558841,-0.46260927963176535
NON_OPEX,2020-12-10,QQQ,2020,next_max_excursion,0.15958303042959382,-0.40189800627829086
NON_OPEX,2020-12-10,SPY,2020,next_max_excursion,0.23000857966623828,-0.3389493330388458
NON_OPEX,2020-12-11,IWM,2020,next_max_excursion,0.230346135444471,-0.22135207219825492
NON_OPEX,2020-12-11,QQQ,2020,next_max_excursion,0.09405466127797331,-0.007480191543996817
NON_OPEX,2020-12-11,SPY,2020,next_max_excursion,0.20188608507491965,0.5343493091415183
NON_OPEX,2020-12-21,IWM,2020,next_max_excursion,0.18332217678959645,-0.4681857910100149
NON_OPEX,2020-12-21,QQQ,2020,next_max_excursion,0.19518262894722485,-0.1434500078904657
NON_OPEX,2020-12-21,SPY,2020,next_max_excursion,0.1271836704287537,-0.9571312915957542
NON_OPEX,2020-12-22,IWM,2020,next_max_excursion,0.09899122036716909,-0.6251222104718419
NON_OPEX,2020-12-22,QQQ,2020,next_max_excursion,0.19220961931874253,-0.5771137526638634
NON_OPEX,2020-12-22,SPY,2020,next_max_excursion,0.1956512033312419,-0.528268150108473
NON_OPEX,2020-12-23,IWM,2020,next_max_excursion,0.21021522093876646,0.0345869721230363
NON_OPEX,2020-12-23,QQQ,2020,next_max_excursion,0.18775946728014178,-0.33186873018323304
NON_OPEX,2020-12-23,SPY,2020,next_max_excursion,0.21598216877411552,-0.8881427934120429
NON_OPEX,2020-12-24,IWM,2020,next_max_excursion,0.13834188871711126,0.5259657755811125
NON_OPEX,2020-12-24,QQQ,2020,next_max_excursion,0.16977707453612526,-0.03191514725710576
NON_OPEX,2020-12-24,SPY,2020,next_max_excursion,0.24071851195802846,-0.834859939267937
NON_OPEX,2020-12-28,IWM,2020,next_max_excursion,0.08962240456476399,0.9207986691540642
NON_OPEX,2020-12-28,QQQ,2020,next_max_excursion,0.1554803574935652,-0.26778416021317675
NON_OPEX,2020-12-28,SPY,2020,next_max_excursion,0.1427702922212355,0.38892702766683573
NON_OPEX,2020-12-29,IWM,2020,next_max_excursion,0.23045707881786304,-0.2108557365456578
NON_OPEX,2020-12-29,QQQ,2020,next_max_excursion,0.20262832315144125,-0.28163255465771986
NON_OPEX,2020-12-29,SPY,2020,next_max_excursion,0.33179340572398547,-1.1442230327420413
NON_OPEX,2020-12-30,IWM,2020,next_max_excursion,0.13962820767540235,-0.0733742210096251
NON_OPEX,2020-12-30,QQQ,2020,next_max_excursion,0.2916472875013072,-0.47125520900816564
NON_OPEX,2020-12-30,SPY,2020,next_max_excursion,0.1802288167618235,0.3906761787680466
NON_OPEX,2020-12-31,IWM,2020,next_max_excursion,0.04507442664493545,1.166776285915057
NON_OPEX,2020-12-31,QQQ,2020,next_max_excursion,0.15294046238594775,1.5056827695072466
NON_OPEX,2020-12-31,SPY,2020,next_max_excursion,0.17344499550917392,1.4792109501264434
NON_OPEX,2021-01-04,IWM,2021,next_max_excursion,0.09222221589249047,0.3817019995296378
NON_OPEX,2021-01-04,QQQ,2021,next_max_excursion,0.16146189831590146,-0.06339804237550695
NON_OPEX,2021-01-04,SPY,2021,next_max_excursion,0.21972157706392964,0.0860520248015364
NON_OPEX,2021-01-05,IWM,2021,next_max_excursion,0.05354573528665263,0.9842555759394891
NON_OPEX,2021-01-05,QQQ,2021,next_max_excursion,0.09691984893705749,0.610699955430202
NON_OPEX,2021-01-05,SPY,2021,next_max_excursion,0.2502352195920366,0.9639044049847509
NON_OPEX,2021-01-06,IWM,2021,next_max_excursion,0.19754751161681447,-0.2932174838694319
NON_OPEX,2021-01-06,QQQ,2021,next_max_excursion,0.1140316397392752,0.4145029166416414
NON_OPEX,2021-01-06,SPY,2021,next_max_excursion,0.1911179551560171,0.016774516255623872
NON_OPEX,2021-01-07,IWM,2021,next_max_excursion,0.14037273073412648,0.6687168532371603
NON_OPEX,2021-01-07,QQQ,2021,next_max_excursion,0.14573386019004142,-0.4550982166335915
NON_OPEX,2021-01-07,SPY,2021,next_max_excursion,0.29212028729593237,0.20401564058896504
NON_OPEX,2021-01-08,IWM,2021,next_max_excursion,0.10576020895686813,-0.05709307549743947
NON_OPEX,2021-01-08,QQQ,2021,next_max_excursion,0.22149079310585867,-0.36853076973366683
NON_OPEX,2021-01-08,SPY,2021,next_max_excursion,0.28062135471750066,-0.143796758212976
NON_OPEX,2021-01-19,IWM,2021,next_max_excursion,0.09689774245031048,-0.35340726390038313
NON_OPEX,2021-01-19,QQQ,2021,next_max_excursion,0.1443260321614714,0.4784478827823273
NON_OPEX,2021-01-19,SPY,2021,next_max_excursion,0.3101103446342824,0.42266596859160366
NON_OPEX,2021-01-20,IWM,2021,next_max_excursion,0.1634388371210935,0.04187992123694162
NON_OPEX,2021-01-20,QQQ,2021,next_max_excursion,0.2295780884982222,-0.773166231495213
NON_OPEX,2021-01-20,SPY,2021,next_max_excursion,0.264553805904814,-0.8337152124383431
NON_OPEX,2021-01-21,IWM,2021,next_max_excursion,0.10738803317013551,0.6697771666650207
NON_OPEX,2021-01-21,QQQ,2021,next_max_excursion,0.21306545127235732,-0.9180732970998458
NON_OPEX,2021-01-21,SPY,2021,next_max_excursion,0.378680147217896,-0.1165553201158609
NON_OPEX,2021-01-22,IWM,2021,next_max_excursion,0.16256135044345857,0.03894289801904538
NON_OPEX,2021-01-22,QQQ,2021,next_max_excursion,0.20553582540172213,1.1306097453542696
NON_OPEX,2021-01-22,SPY,2021,next_max_excursion,0.1707951043915818,0.8465618758366791
NON_OPEX,2021-01-25,IWM,2021,next_max_excursion,0.10193243185517856,-0.06279461494684302
NON_OPEX,2021-01-25,QQQ,2021,next_max_excursion,0.0951844033064278,-1.0354337708159127
NON_OPEX,2021-01-25,SPY,2021,next_max_excursion,0.2594615332421781,-0.5977248715559824
NON_OPEX,2021-01-26,IWM,2021,next_max_excursion,0.11996397133181219,0.32415184658363483
NON_OPEX,2021-01-26,QQQ,2021,next_max_excursion,0.18413082923539761,1.213485806671227
NON_OPEX,2021-01-26,SPY,2021,next_max_excursion,0.2766701057642224,1.3756475631024627
NON_OPEX,2021-01-27,IWM,2021,next_max_excursion,0.18366448428259882,-0.12428534209829589
NON_OPEX,2021-01-27,QQQ,2021,next_max_excursion,0.16921518746883005,0.25640216157937346
NON_OPEX,2021-01-27,SPY,2021,next_max_excursion,0.12889109767393753,0.37227859484359005
NON_OPEX,2021-01-28,IWM,2021,next_max_excursion,0.13758836519618164,0.5378940109875101
NON_OPEX,2021-01-28,QQQ,2021,next_max_excursion,0.16861422032104878,0.4999529861951415
NON_OPEX,2021-01-28,SPY,2021,next_max_excursion,0.1415058642887523,0.7290270560039738
NON_OPEX,2021-01-29,IWM,2021,next_max_excursion,0.17045112289088035,0.11113536563917847
NON_OPEX,2021-01-29,QQQ,2021,next_max_excursion,0.17005531590215447,0.20583599719193568
NON_OPEX,2021-01-29,SPY,2021,next_max_excursion,0.12531706653694621,-0.12702414506921045
NON_OPEX,2021-02-01,IWM,2021,next_max_excursion,0.15152469690557066,-0.40447750000002625
NON_OPEX,2021-02-01,QQQ,2021,next_max_excursion,0.10290617056105535,-0.3167962995923599
NON_OPEX,2021-02-01,SPY,2021,next_max_excursion,0.14230491855556782,-0.13726116133357635
NON_OPEX,2021-02-02,IWM,2021,next_max_excursion,0.10780978909847595,-0.2628125978065903
NON_OPEX,2021-02-02,QQQ,2021,next_max_excursion,0.08861470267039519,0.04080363638506501
NON_OPEX,2021-02-02,SPY,2021,next_max_excursion,0.3009678337765496,-0.7396997321255077
NON_OPEX,2021-02-03,IWM,2021,next_max_excursion,0.18104994184589965,0.3155244516148521
NON_OPEX,2021-02-03,QQQ,2021,next_max_excursion,0.2623353875344003,-0.27691325452028526
NON_OPEX,2021-02-03,SPY,2021,next_max_excursion,0.3074810563846775,0.10272838758990144
NON_OPEX,2021-02-04,IWM,2021,next_max_excursion,0.09957461519046487,-0.2276932268458811
NON_OPEX,2021-02-04,QQQ,2021,next_max_excursion,0.17066853441911722,-0.699452360821839
NON_OPEX,2021-02-04,SPY,2021,next_max_excursion,0.28422559640861084,-0.40693208969648165
NON_OPEX,2021-02-05,IWM,2021,next_max_excursion,0.03454958572725214,0.363327738337345
NON_OPEX,2021-02-05,QQQ,2021,next_max_excursion,0.14293605951518124,-0.6237811291979156
NON_OPEX,2021-02-05,SPY,2021,next_max_excursion,0.13406639602027962,-0.6012289322105513
NON_OPEX,2021-02-08,IWM,2021,next_max_excursion,0.08942252744267908,-0.051213440339514804
NON_OPEX,2021-02-08,QQQ,2021,next_max_excursion,0.15629737516428233,-0.17576156463312298
NON_OPEX,2021-02-08,SPY,2021,next_max_excursion,0.22855372008969255,-0.5264518351191283
NON_OPEX,2021-02-09,IWM,2021,next_max_excursion,0.09167270262655201,0.6744955814864189
NON_OPEX,2021-02-09,QQQ,2021,next_max_excursion,0.17791262212638204,0.8434947214301873
NON_OPEX,2021-02-09,SPY,2021,next_max_excursion,0.26930831927648763,0.8406027135538858
NON_OPEX,2021-02-10,IWM,2021,next_max_excursion,0.19278689609396138,0.4072941820880289
NON_OPEX,2021-02-10,QQQ,2021,next_max_excursion,0.12237410909319386,-0.4631109919485761
NON_OPEX,2021-02-10,SPY,2021,next_max_excursion,0.20325023489644092,0.09485366754066327
NON_OPEX,2021-02-11,IWM,2021,next_max_excursion,0.16061052622423433,-0.6215714404086858
NON_OPEX,2021-02-11,QQQ,2021,next_max_excursion,0.24888697685044495,0.0912089195820931
NON_OPEX,2021-02-11,SPY,2021,next_max_excursion,0.2944330897764139,0.18670470785865412
NON_OPEX,2021-02-12,IWM,2021,next_max_excursion,0.10728065726710487,0.6140242970332288
NON_OPEX,2021-02-12,QQQ,2021,next_max_excursion,0.16458384326059503,0.050014043923949814
NON_OPEX,2021-02-12,SPY,2021,next_max_excursion,0.12186204173203656,0.07781355175122329
NON_OPEX,2021-02-22,IWM,2021,next_max_excursion,0.06942810031145331,0.6490795234031168
NON_OPEX,2021-02-22,QQQ,2021,next_max_excursion,0.06603095929565737,0.5836089750429849
NON_OPEX,2021-02-22,SPY,2021,next_max_excursion,0.092497878091727,0.5584512926831753
NON_OPEX,2021-02-23,IWM,2021,next_max_excursion,0.13689152741687022,0.1715457225782071
NON_OPEX,2021-02-23,QQQ,2021,next_max_excursion,0.18679300132062887,0.09209349788290044
NON_OPEX,2021-02-23,SPY,2021,next_max_excursion,0.17443854060888164,0.48794453273085203
NON_OPEX,2021-02-24,IWM,2021,next_max_excursion,0.1402993047784303,0.9581548627404071
NON_OPEX,2021-02-24,QQQ,2021,next_max_excursion,0.15364836680693558,0.8571502898902295
NON_OPEX,2021-02-24,SPY,2021,next_max_excursion,0.24061840968597045,1.0362417804524942
NON_OPEX,2021-02-25,IWM,2021,next_max_excursion,0.0979782234779544,0.08069103977282222
NON_OPEX,2021-02-25,QQQ,2021,next_max_excursion,0.07182139019876893,-0.08650268298028152
NON_OPEX,2021-02-25,SPY,2021,next_max_excursion,0.10256166607291205,0.3124666237285316
NON_OPEX,2021-02-26,IWM,2021,next_max_excursion,0.08033346634478346,-0.2973530885080127
NON_OPEX,2021-02-26,QQQ,2021,next_max_excursion,0.17822027005058907,-0.04731960006521341
NON_OPEX,2021-02-26,SPY,2021,next_max_excursion,0.16712547414267384,0.31983600634001874
NON_OPEX,2021-03-01,IWM,2021,next_max_excursion,0.14573415520548147,0.3074589578797853
NON_OPEX,2021-03-01,QQQ,2021,next_max_excursion,0.171006248684497,0.3926104154663834
NON_OPEX,2021-03-01,SPY,2021,next_max_excursion,0.20737934291843432,-0.22562340987452512
NON_OPEX,2021-03-02,IWM,2021,next_max_excursion,0.07674113440536202,-0.009247295327006633
NON_OPEX,2021-03-02,QQQ,2021,next_max_excursion,0.0749854279390038,0.7195661429353062
NON_OPEX,2021-03-02,SPY,2021,next_max_excursion,0.1981343738364419,0.3900992347990151
NON_OPEX,2021-03-03,IWM,2021,next_max_excursion,0.15957538400872148,1.0052982449176708
NON_OPEX,2021-03-03,QQQ,2021,next_max_excursion,0.18352520139332373,0.6292336176567104
NON_OPEX,2021-03-03,SPY,2021,next_max_excursion,0.17728100130819485,1.0308080474718997
NON_OPEX,2021-03-04,IWM,2021,next_max_excursion,0.1253140193882764,0.6887409227645027
NON_OPEX,2021-03-04,QQQ,2021,next_max_excursion,0.1465814434493957,0.5389588796646683
NON_OPEX,2021-03-04,SPY,2021,next_max_excursion,0.16496940851237363,0.46168006672013995
NON_OPEX,2021-03-05,IWM,2021,next_max_excursion,0.08983076944390328,-0.6638334297840425
NON_OPEX,2021-03-05,QQQ,2021,next_max_excursion,0.18233746721949817,0.3691409734523283
NON_OPEX,2021-03-05,SPY,2021,next_max_excursion,0.1972595945788009,-0.5049806028109973
NON_OPEX,2021-03-08,IWM,2021,next_max_excursion,0.042192990783723267,-0.3312479485253048
NON_OPEX,2021-03-08,QQQ,2021,next_max_excursion,0.1638469751065374,0.18876174673415624
NON_OPEX,2021-03-08,SPY,2021,next_max_excursion,0.17533455351931085,0.07467171298874486
NON_OPEX,2021-03-09,IWM,2021,next_max_excursion,0.06267931876910947,-0.00835825273989066
NON_OPEX,2021-03-09,QQQ,2021,next_max_excursion,0.057598537182679245,0.23361844153938982
NON_OPEX,2021-03-09,SPY,2021,next_max_excursion,0.12373523666988785,-0.7174277215101617
NON_OPEX,2021-03-10,IWM,2021,next_max_excursion,0.0984193436261144,-0.17440961031255053
NON_OPEX,2021-03-10,QQQ,2021,next_max_excursion,0.17871257449835826,-0.09730726175601934
NON_OPEX,2021-03-10,SPY,2021,next_max_excursion,0.2434005127530451,0.030110796269975815
NON_OPEX,2021-03-11,IWM,2021,next_max_excursion,0.06800131233059342,-0.22558736793672907
NON_OPEX,2021-03-11,QQQ,2021,next_max_excursion,0.09036968739948766,0.04269704803261831
NON_OPEX,2021-03-11,SPY,2021,next_max_excursion,0.23648776235122781,-0.37810417152569187
NON_OPEX,2021-03-12,IWM,2021,next_max_excursion,0.034919263892359394,-0.5702875486005059
NON_OPEX,2021-03-12,QQQ,2021,next_max_excursion,0.22236008342504973,-0.439774780240616
NON_OPEX,2021-03-12,SPY,2021,next_max_excursion,0.20005441116629794,-0.1333546461062074
NON_OPEX,2021-03-22,IWM,2021,next_max_excursion,0.128689683150698,0.8763574854496428
NON_OPEX,2021-03-22,QQQ,2021,next_max_excursion,0.16083833327443833,-0.22773217970963344
NON_OPEX,2021-03-22,SPY,2021,next_max_excursion,0.1800642724600368,0.06394877577846714
NON_OPEX,2021-03-23,IWM,2021,next_max_excursion,0.13104147417608406,0.6577943029140858
NON_OPEX,2021-03-23,QQQ,2021,next_max_excursion,0.1092193036526298,0.5876315584594005
NON_OPEX,2021-03-23,SPY,2021,next_max_excursion,0.2256605604367431,0.07327547217030972
NON_OPEX,2021-03-24,IWM,2021,next_max_excursion,0.10490331814188222,0.6414888072345164
NON_OPEX,2021-03-24,QQQ,2021,next_max_excursion,0.09671551488321743,-0.4128347739353453
NON_OPEX,2021-03-24,SPY,2021,next_max_excursion,0.1735079544630171,0.32348216956356257
NON_OPEX,2021-03-25,IWM,2021,next_max_excursion,0.09321707729820165,-0.46417949759163957
NON_OPEX,2021-03-25,QQQ,2021,next_max_excursion,0.24140098205008798,0.2519155148895331
NON_OPEX,2021-03-25,SPY,2021,next_max_excursion,0.2817093120682465,0.4106838137048081
NON_OPEX,2021-03-26,IWM,2021,next_max_excursion,0.18602023837049964,0.3358746694901793
NON_OPEX,2021-03-26,QQQ,2021,next_max_excursion,0.15964630379177092,-0.36107721149204064
NON_OPEX,2021-03-26,SPY,2021,next_max_excursion,0.2287516625516937,-0.4241338979523146
NON_OPEX,2021-03-29,IWM,2021,next_max_excursion,0.1726920234221641,0.05787508808850106
NON_OPEX,2021-03-29,QQQ,2021,next_max_excursion,0.15753316642205725,-0.4675091048258855
NON_OPEX,2021-03-29,SPY,2021,next_max_excursion,0.25707547209119763,-0.7695860790161397
NON_OPEX,2021-03-30,IWM,2021,next_max_excursion,0.13322424951666448,-0.1444793614028681
NON_OPEX,2021-03-30,QQQ,2021,next_max_excursion,0.18452137282454378,0.31647895844531515
NON_OPEX,2021-03-30,SPY,2021,next_max_excursion,0.34528660423633717,0.01898098631702627
NON_OPEX,2021-03-31,IWM,2021,next_max_excursion,0.2961977326699158,-0.6769693724313974
NON_OPEX,2021-03-31,QQQ,2021,next_max_excursion,0.2043314264913864,-0.8019836155314515
NON_OPEX,2021-03-31,SPY,2021,next_max_excursion,0.23870604643071683,-0.11164875852212397
NON_OPEX,2021-04-01,IWM,2021,next_max_excursion,0.06378927567421995,0.21608226184189316
NON_OPEX,2021-04-01,QQQ,2021,next_max_excursion,0.12348348932640142,0.6269803124496693
NON_OPEX,2021-04-01,SPY,2021,next_max_excursion,0.2320788802656219,0.3854025369086145
NON_OPEX,2021-04-05,IWM,2021,next_max_excursion,0.14021835665304508,-0.4646325265336477
NON_OPEX,2021-04-05,QQQ,2021,next_max_excursion,0.24713613782852514,-0.5589783233808667
NON_OPEX,2021-04-05,SPY,2021,next_max_excursion,0.21912391789683786,-0.5781629076807002
NON_OPEX,2021-04-06,IWM,2021,next_max_excursion,0.13055870476906642,0.5770247159730437
NON_OPEX,2021-04-06,QQQ,2021,next_max_excursion,0.23915045902142096,-0.42785981272447593
NON_OPEX,2021-04-06,SPY,2021,next_max_excursion,0.3132075262794185,-0.7785945957061209
NON_OPEX,2021-04-07,IWM,2021,next_max_excursion,0.2565628948381848,-0.1613335966458047
NON_OPEX,2021-04-07,QQQ,2021,next_max_excursion,0.31392812452852586,-1.274065368430266
NON_OPEX,2021-04-07,SPY,2021,next_max_excursion,0.3050194296095026,-0.6733207487928716
NON_OPEX,2021-04-08,IWM,2021,next_max_excursion,0.1513163363434037,-0.7774723201010776
NON_OPEX,2021-04-08,QQQ,2021,next_max_excursion,0.19627489099929793,0.4678142447380589
NON_OPEX,2021-04-08,SPY,2021,next_max_excursion,0.41679644112550673,0.4927902055954636
NON_OPEX,2021-04-09,IWM,2021,next_max_excursion,0.12775384554319835,0.06852084994083807
NON_OPEX,2021-04-09,QQQ,2021,next_max_excursion,0.10274753519672133,-0.8765779917420158
NON_OPEX,2021-04-09,SPY,2021,next_max_excursion,0.3268439244251255,-0.8031925812689042
NON_OPEX,2021-04-19,IWM,2021,next_max_excursion,0.10538107505600988,0.6789840730028507
NON_OPEX,2021-04-19,QQQ,2021,next_max_excursion,0.19698626883891618,0.13144905798197293
NON_OPEX,2021-04-19,SPY,2021,next_max_excursion,0.3214303273698909,0.34415454126421174
NON_OPEX,2021-04-20,IWM,2021,next_max_excursion,0.10796545419031017,0.5027127414476826
NON_OPEX,2021-04-20,QQQ,2021,next_max_excursion,0.2366540518539465,0.2532007363986919
NON_OPEX,2021-04-20,SPY,2021,next_max_excursion,0.22050920087232634,0.5293905405789419
NON_OPEX,2021-04-21,IWM,2021,next_max_excursion,0.11585731168048434,-0.406007790585015
NON_OPEX,2021-04-21,QQQ,2021,next_max_excursion,0.20994758099945932,0.3683402282505188
NON_OPEX,2021-04-21,SPY,2021,next_max_excursion,0.3432682627780326,0.5110069078790538
NON_OPEX,2021-04-22,IWM,2021,next_max_excursion,0.13202753732058428,0.22132731828915286
NON_OPEX,2021-04-22,QQQ,2021,next_max_excursion,0.1715428482647222,0.3693304621214448
NON_OPEX,2021-04-22,SPY,2021,next_max_excursion,0.22613304062237144,0.5673071272909294
NON_OPEX,2021-04-23,IWM,2021,next_max_excursion,0.11573844209938898,-0.5967173607143597
NON_OPEX,2021-04-23,QQQ,2021,next_max_excursion,0.17991182206660888,-0.3793066380247927
NON_OPEX,2021-04-23,SPY,2021,next_max_excursion,0.2736076681008154,-1.3782286123283454
NON_OPEX,2021-04-26,IWM,2021,next_max_excursion,0.08439964063300372,-0.5774002117719554
NON_OPEX,2021-04-26,QQQ,2021,next_max_excursion,0.1820066224550963,0.038590892440995894
NON_OPEX,2021-04-26,SPY,2021,next_max_excursion,0.17342088461267,-0.22820663093455895
NON_OPEX,2021-04-27,IWM,2021,next_max_excursion,0.0764332484824356,-0.39852876135164106
NON_OPEX,2021-04-27,QQQ,2021,next_max_excursion,0.18204571488811405,-0.5806354189028999
NON_OPEX,2021-04-27,SPY,2021,next_max_excursion,0.24094413078798108,-0.5513209444209046
NON_OPEX,2021-04-28,IWM,2021,next_max_excursion,0.08346164729961518,0.8701220649107322
NON_OPEX,2021-04-28,QQQ,2021,next_max_excursion,0.22880713501980948,0.7705638510183919
NON_OPEX,2021-04-28,SPY,2021,next_max_excursion,0.2086773269931633,0.5983738686284301
NON_OPEX,2021-04-29,IWM,2021,next_max_excursion,0.15825200367809653,-0.3127835564863659
NON_OPEX,2021-04-29,QQQ,2021,next_max_excursion,0.2663856488711862,-0.2788579309938166
NON_OPEX,2021-04-29,SPY,2021,next_max_excursion,0.38071768770613307,-0.7551264953124264
NON_OPEX,2021-04-30,IWM,2021,next_max_excursion,0.12885139335320525,-0.09834969087655843
NON_OPEX,2021-04-30,QQQ,2021,next_max_excursion,0.09883829177905273,0.2649337542544954
NON_OPEX,2021-04-30,SPY,2021,next_max_excursion,0.20718456175730096,-0.1678235349761561
NON_OPEX,2021-05-03,QQQ,2021,next_max_excursion,0.18693995226368482,1.0658347039121443
NON_OPEX,2021-05-03,SPY,2021,next_max_excursion,0.2600295866430738,0.8443014671026416
NON_OPEX,2021-05-04,IWM,2021,next_max_excursion,0.14434814513864633,0.019953085535624027
NON_OPEX,2021-05-04,QQQ,2021,next_max_excursion,0.279557561977084,0.08353381359273104
NON_OPEX,2021-05-04,SPY,2021,next_max_excursion,0.22547717828497268,-0.26733657426920043
NON_OPEX,2021-05-05,IWM,2021,next_max_excursion,0.23097746037048827,0.606575187978966
NON_OPEX,2021-05-05,QQQ,2021,next_max_excursion,0.30410983982863293,-0.0337537599841804
NON_OPEX,2021-05-05,SPY,2021,next_max_excursion,0.21309249875099548,0.48412883054921707
NON_OPEX,2021-05-06,IWM,2021,next_max_excursion,0.25039974519626396,0.09876318298306508
NON_OPEX,2021-05-06,QQQ,2021,next_max_excursion,0.35085770807810496,-0.18320266957242382
NON_OPEX,2021-05-06,SPY,2021,next_max_excursion,0.41600271873313377,-0.0014716472196312225
NON_OPEX,2021-05-07,IWM,2021,next_max_excursion,0.10485106804689166,0.8472449195884555
NON_OPEX,2021-05-07,QQQ,2021,next_max_excursion,0.1401140230705632,0.7195593219730481
NON_OPEX,2021-05-07,SPY,2021,next_max_excursion,0.22712774335854766,0.6493429139192965
NON_OPEX,2021-05-10,IWM,2021,next_max_excursion,0.14436750209617752,0.5824132230327783
NON_OPEX,2021-05-10,QQQ,2021,next_max_excursion,0.12588772858744104,0.5242731451194045
NON_OPEX,2021-05-10,SPY,2021,next_max_excursion,0.2542692592213516,0.09180364385929973
NON_OPEX,2021-05-11,IWM,2021,next_max_excursion,0.19053966602870048,0.5912927797290171
NON_OPEX,2021-05-11,QQQ,2021,next_max_excursion,0.14543069979794535,0.11376321717108162
NON_OPEX,2021-05-11,SPY,2021,next_max_excursion,0.1786697243947018,0.8532760491596267
NON_OPEX,2021-05-12,IWM,2021,next_max_excursion,0.0652198297140405,0.1633000382234
NON_OPEX,2021-05-12,QQQ,2021,next_max_excursion,0.07664836668277611,-0.25689928903597004
NON_OPEX,2021-05-12,SPY,2021,next_max_excursion,0.1534138560989816,0.30651558435454707
NON_OPEX,2021-05-13,IWM,2021,next_max_excursion,0.15272352253431423,0.022943932133000722
NON_OPEX,2021-05-13,QQQ,2021,next_max_excursion,0.18964765036595724,0.18504528944515375
NON_OPEX,2021-05-13,SPY,2021,next_max_excursion,0.21555310927931914,0.2685879134960567
NON_OPEX,2021-05-14,IWM,2021,next_max_excursion,0.2257201205170044,-0.6026073106428491
NON_OPEX,2021-05-14,QQQ,2021,next_max_excursion,0.18250422028774704,-0.1421677020205161
NON_OPEX,2021-05-14,SPY,2021,next_max_excursion,0.18557319027302427,-0.41016477599115486
NON_OPEX,2021-05-24,IWM,2021,next_max_excursion,0.09478800672514244,0.32327522702948386
NON_OPEX,2021-05-24,QQQ,2021,next_max_excursion,0.1259221268705116,-0.5587450946768255
NON_OPEX,2021-05-24,SPY,2021,next_max_excursion,0.20985217326370054,0.028078587724196247
NON_OPEX,2021-05-25,IWM,2021,next_max_excursion,0.15997873705433122,0.29380432465772977
NON_OPEX,2021-05-25,QQQ,2021,next_max_excursion,0.1397236386713493,-1.1112734485417128
NON_OPEX,2021-05-25,SPY,2021,next_max_excursion,0.31108100855617327,-0.8143743855012389
NON_OPEX,2021-05-26,IWM,2021,next_max_excursion,0.11287691203133399,-0.6499935793204736
NON_OPEX,2021-05-26,QQQ,2021,next_max_excursion,0.20613479975672105,-0.8509361721246957
NON_OPEX,2021-05-26,SPY,2021,next_max_excursion,0.3441552039307986,-0.656664329123088
NON_OPEX,2021-05-27,IWM,2021,next_max_excursion,0.24519905584662757,-0.06229051438187394
NON_OPEX,2021-05-27,QQQ,2021,next_max_excursion,0.18967936303958513,-0.47315503313147467
NON_OPEX,2021-05-27,SPY,2021,next_max_excursion,0.3608777926660531,-0.5414903196589576
NON_OPEX,2021-05-28,IWM,2021,next_max_excursion,0.1890551311406596,-0.3111562813960411
NON_OPEX,2021-05-28,QQQ,2021,next_max_excursion,0.17914502827709092,0.4559027080179403
NON_OPEX,2021-05-28,SPY,2021,next_max_excursion,0.33397023731649406,0.5736819775943669
NON_OPEX,2021-06-01,IWM,2021,next_max_excursion,0.15697575962393417,-0.12347728824020887
NON_OPEX,2021-06-01,QQQ,2021,next_max_excursion,0.12645603734235045,-0.5834063909115059
NON_OPEX,2021-06-01,SPY,2021,next_max_excursion,0.2799288990856501,-0.7078511959161844
NON_OPEX,2021-06-02,IWM,2021,next_max_excursion,0.13071884321212907,0.3281270707995434
NON_OPEX,2021-06-02,QQQ,2021,next_max_excursion,0.2642396564987822,-0.06303301129600669
NON_OPEX,2021-06-02,SPY,2021,next_max_excursion,0.28913223960405837,0.07712066593839761
NON_OPEX,2021-06-03,IWM,2021,next_max_excursion,0.12448056460452744,-0.6744062305358165
NON_OPEX,2021-06-03,QQQ,2021,next_max_excursion,0.23744419937053782,0.3963695709424373
NON_OPEX,2021-06-03,SPY,2021,next_max_excursion,0.3389369670138547,-0.11625217359997109
NON_OPEX,2021-06-04,IWM,2021,next_max_excursion,0.10026184529453458,0.35829897552069223
NON_OPEX,2021-06-04,QQQ,2021,next_max_excursion,0.1959904708920342,-0.6549437511595579
NON_OPEX,2021-06-04,SPY,2021,next_max_excursion,0.16952369507669582,-0.6521214247354745
NON_OPEX,2021-06-07,IWM,2021,next_max_excursion,0.21120544037291572,-0.0881567998131203
NON_OPEX,2021-06-07,QQQ,2021,next_max_excursion,0.20738231968338852,0.3122769416926161
NON_OPEX,2021-06-07,SPY,2021,next_max_excursion,0.20026354848840802,0.3295272637751836
NON_OPEX,2021-06-08,IWM,2021,next_max_excursion,0.15803620040802557,0.03605143276878309
NON_OPEX,2021-06-08,QQQ,2021,next_max_excursion,0.10849741877947278,-0.7321169700996366
NON_OPEX,2021-06-08,SPY,2021,next_max_excursion,0.2429888189599866,-0.2965283173579456
NON_OPEX,2021-06-09,IWM,2021,next_max_excursion,0.05647462174256325,0.33292600154834595
NON_OPEX,2021-06-09,QQQ,2021,next_max_excursion,0.09146503501251833,0.3000512454681301
NON_OPEX,2021-06-09,SPY,2021,next_max_excursion,0.30051856053501913,-0.15573663775312951
NON_OPEX,2021-06-10,IWM,2021,next_max_excursion,0.265083744534704,-0.46419046790504837
NON_OPEX,2021-06-10,QQQ,2021,next_max_excursion,0.2881353507829933,-1.1165375322042914
NON_OPEX,2021-06-10,SPY,2021,next_max_excursion,0.3487403806791457,-0.5317053583612488
NON_OPEX,2021-06-11,IWM,2021,next_max_excursion,0.04464486286259643,0.19363843403193126
NON_OPEX,2021-06-11,QQQ,2021,next_max_excursion,0.23611699866018904,0.41228732048876005
NON_OPEX,2021-06-11,SPY,2021,next_max_excursion,0.27654280600569897,-0.31524513886199745
NON_OPEX,2021-06-21,IWM,2021,next_max_excursion,0.18098941693990583,-0.2518419966956307
NON_OPEX,2021-06-21,QQQ,2021,next_max_excursion,0.2152652586026921,0.24720447442176052
NON_OPEX,2021-06-21,SPY,2021,next_max_excursion,0.25464636678854,0.09147284688461532
NON_OPEX,2021-06-22,IWM,2021,next_max_excursion,0.1659674353982797,-0.2978471865934722
NON_OPEX,2021-06-22,QQQ,2021,next_max_excursion,0.19913752401730592,-0.6967317103120854
NON_OPEX,2021-06-22,SPY,2021,next_max_excursion,0.43266604259986563,-1.1117436158570095
NON_OPEX,2021-06-23,IWM,2021,next_max_excursion,0.08920088489658543,-0.15407032226680073
NON_OPEX,2021-06-23,QQQ,2021,next_max_excursion,0.09667070622537549,-0.30006149688425854
NON_OPEX,2021-06-23,SPY,2021,next_max_excursion,0.22469333271803432,-1.0943228630760675
NON_OPEX,2021-06-24,IWM,2021,next_max_excursion,0.1359337980687415,-0.7921218571782749
NON_OPEX,2021-06-24,QQQ,2021,next_max_excursion,0.25566440620395536,-0.4009179041743929
NON_OPEX,2021-06-24,SPY,2021,next_max_excursion,0.47687333535537385,-0.4582304326671105
NON_OPEX,2021-06-25,IWM,2021,next_max_excursion,0.09238632704258282,0.511611146467704
NON_OPEX,2021-06-25,QQQ,2021,next_max_excursion,0.20169851994099858,0.43642140805825314
NON_OPEX,2021-06-25,SPY,2021,next_max_excursion,0.3289304739712711,-0.34422280839488817
NON_OPEX,2021-06-28,IWM,2021,next_max_excursion,0.2296309393682142,0.02849781163449272
NON_OPEX,2021-06-28,QQQ,2021,next_max_excursion,0.3418033964262172,-0.4892263313575178
NON_OPEX,2021-06-28,SPY,2021,next_max_excursion,0.29007932225872174,-0.8703875712445948
NON_OPEX,2021-06-29,IWM,2021,next_max_excursion,0.3308395953042957,-0.2493320100281622
NON_OPEX,2021-06-29,QQQ,2021,next_max_excursion,0.17313026198760903,-0.792663256514051
NON_OPEX,2021-06-29,SPY,2021,next_max_excursion,0.3642790679902447,-0.08681250682644848
NON_OPEX,2021-06-30,IWM,2021,next_max_excursion,0.29898934792322845,-0.6539565278350965
NON_OPEX,2021-06-30,QQQ,2021,next_max_excursion,0.2300976568837475,-0.3377804040174137
NON_OPEX,2021-06-30,SPY,2021,next_max_excursion,0.38994926438244715,0.07177009772907983
NON_OPEX,2021-07-01,IWM,2021,next_max_excursion,0.12093475383694953,0.6053276014486038
NON_OPEX,2021-07-01,QQQ,2021,next_max_excursion,0.3001104102873664,0.04967997976303362
NON_OPEX,2021-07-01,SPY,2021,next_max_excursion,0.31031305667997744,0.41304152000530614
NON_OPEX,2021-07-02,IWM,2021,next_max_excursion,0.1608742920440803,0.9174353171308662
NON_OPEX,2021-07-02,QQQ,2021,next_max_excursion,0.25634081926770097,0.18401517948145152
NON_OPEX,2021-07-02,SPY,2021,next_max_excursion,0.24035187543856218,0.5673973089326356
NON_OPEX,2021-07-06,IWM,2021,next_max_excursion,0.17931974436879533,0.2904193192952924
NON_OPEX,2021-07-06,QQQ,2021,next_max_excursion,0.24978872418217954,0.24145609079505892
NON_OPEX,2021-07-06,SPY,2021,next_max_excursion,0.38337996505688027,-0.12099701710010535
NON_OPEX,2021-07-07,IWM,2021,next_max_excursion,0.08899154383289827,0.5626779929710155
NON_OPEX,2021-07-07,QQQ,2021,next_max_excursion,0.2986964208038142,0.40439587192392246
NON_OPEX,2021-07-07,SPY,2021,next_max_excursion,0.3521589870901482,0.2889289078840349
NON_OPEX,2021-07-08,IWM,2021,next_max_excursion,0.09348733201614205,-0.32175524749448403
NON_OPEX,2021-07-08,QQQ,2021,next_max_excursion,0.30866012999508907,0.07073372012731038
NON_OPEX,2021-07-08,SPY,2021,next_max_excursion,0.3596594233781881,0.2423769911670126
NON_OPEX,2021-07-09,IWM,2021,next_max_excursion,0.09173316357529027,-0.6036980842632733
NON_OPEX,2021-07-09,QQQ,2021,next_max_excursion,0.221509028579427,-0.5287277846911342
NON_OPEX,2021-07-09,SPY,2021,next_max_excursion,0.31099303937977624,-0.4084456024126304
NON_OPEX,2021-07-19,IWM,2021,next_max_excursion,0.03310689579633235,0.938287396447333
NON_OPEX,2021-07-19,QQQ,2021,next_max_excursion,0.1743368481995083,0.6131316143329233
NON_OPEX,2021-07-19,SPY,2021,next_max_excursion,0.18139497729059412,0.5484337654310707
NON_OPEX,2021-07-20,IWM,2021,next_max_excursion,0.15844681372365066,-0.3383034922653305
NON_OPEX,2021-07-20,QQQ,2021,next_max_excursion,0.3307923604416043,-0.10351301566059679
NON_OPEX,2021-07-20,SPY,2021,next_max_excursion,0.3506739254830419,-0.428475634189871
NON_OPEX,2021-07-21,IWM,2021,next_max_excursion,0.1407006687626873,0.47529323587701455
NON_OPEX,2021-07-21,QQQ,2021,next_max_excursion,0.36204121654128235,-0.21200013301355725
NON_OPEX,2021-07-21,SPY,2021,next_max_excursion,0.29821395227211533,-0.9567085042601615
NON_OPEX,2021-07-22,IWM,2021,next_max_excursion,0.18319588516188914,0.0036269905399413105
NON_OPEX,2021-07-22,QQQ,2021,next_max_excursion,0.17309323464890614,0.3237890657810869
NON_OPEX,2021-07-22,SPY,2021,next_max_excursion,0.3616323206671122,0.18686730764251358
NON_OPEX,2021-07-23,IWM,2021,next_max_excursion,0.17567927142969128,-0.5133221787760212
NON_OPEX,2021-07-23,QQQ,2021,next_max_excursion,0.21162335215674602,-0.7765391307192004
NON_OPEX,2021-07-23,SPY,2021,next_max_excursion,0.309541016865737,-0.44684572508446774
NON_OPEX,2021-07-26,IWM,2021,next_max_excursion,0.17045207576017454,0.30769000029595706
NON_OPEX,2021-07-26,QQQ,2021,next_max_excursion,0.21602981087109857,1.3160804505692867
NON_OPEX,2021-07-26,SPY,2021,next_max_excursion,0.3282054518786709,0.7195444234439465
NON_OPEX,2021-07-27,IWM,2021,next_max_excursion,0.1709371596017099,0.2790805232520368
NON_OPEX,2021-07-27,QQQ,2021,next_max_excursion,0.23636909778704654,-0.5124777869651167
NON_OPEX,2021-07-27,SPY,2021,next_max_excursion,0.3683431109565087,-0.13359612660621423
NON_OPEX,2021-07-28,IWM,2021,next_max_excursion,0.1976201928824513,-0.6526050491779367
NON_OPEX,2021-07-28,QQQ,2021,next_max_excursion,0.19916380821022908,-0.3050908617891883
NON_OPEX,2021-07-28,SPY,2021,next_max_excursion,0.37073932408783467,-0.2060817556830985
NON_OPEX,2021-07-29,IWM,2021,next_max_excursion,0.14684954208306542,0.059451131383798206
NON_OPEX,2021-07-29,QQQ,2021,next_max_excursion,0.3777483043401483,0.12346390091151616
NON_OPEX,2021-07-29,SPY,2021,next_max_excursion,0.4511085527220982,0.01901394006542212
NON_OPEX,2021-07-30,IWM,2021,next_max_excursion,0.22502716047718083,0.02257704207042721
NON_OPEX,2021-07-30,QQQ,2021,next_max_excursion,0.22664972601909142,-0.00439649977236467
NON_OPEX,2021-07-30,SPY,2021,next_max_excursion,0.2896260140014076,0.37079934387550484
NON_OPEX,2021-08-02,IWM,2021,next_max_excursion,0.20159150424271374,0.19153393510163497
NON_OPEX,2021-08-02,QQQ,2021,next_max_excursion,0.21204324222867307,0.2743377879721338
NON_OPEX,2021-08-02,SPY,2021,next_max_excursion,0.18104701840318976,0.1622486776990728
NON_OPEX,2021-08-03,IWM,2021,next_max_excursion,0.1930702309114746,-0.318193007551292
NON_OPEX,2021-08-03,QQQ,2021,next_max_excursion,0.2704315241194706,-0.6709293235892977
NON_OPEX,2021-08-03,SPY,2021,next_max_excursion,0.4808203639411659,-0.7859008040837683
NON_OPEX,2021-08-04,IWM,2021,next_max_excursion,0.13299475068698646,0.30624229520233026
NON_OPEX,2021-08-04,QQQ,2021,next_max_excursion,0.27152475547923793,-0.33706271385272135
NON_OPEX,2021-08-04,SPY,2021,next_max_excursion,0.4294238035649426,-0.34042847403163723
NON_OPEX,2021-08-05,IWM,2021,next_max_excursion,0.15365790087695444,-0.4965054966149962
NON_OPEX,2021-08-05,QQQ,2021,next_max_excursion,0.3917241264849889,-0.43884086017913493
NON_OPEX,2021-08-05,SPY,2021,next_max_excursion,0.43039285159567514,-0.9105104827095589
NON_OPEX,2021-08-06,IWM,2021,next_max_excursion,0.09319226071947179,-0.4101304393531917
NON_OPEX,2021-08-06,QQQ,2021,next_max_excursion,0.13281317129690762,-0.7532009702845022
NON_OPEX,2021-08-06,SPY,2021,next_max_excursion,0.19913782013558476,-0.47941411670347467
NON_OPEX,2021-08-09,IWM,2021,next_max_excursion,0.11908770397156303,-0.34974874499868935
NON_OPEX,2021-08-09,QQQ,2021,next_max_excursion,0.26799243012846946,0.5070505145495341
NON_OPEX,2021-08-09,SPY,2021,next_max_excursion,0.38614389399443294,-0.8647357790472503
NON_OPEX,2021-08-10,IWM,2021,next_max_excursion,0.12982215371915962,0.08922992847405986
NON_OPEX,2021-08-10,QQQ,2021,next_max_excursion,0.21064392427083936,0.21031316719231707
NON_OPEX,2021-08-10,SPY,2021,next_max_excursion,0.27063966420804897,-0.5375389799804458
NON_OPEX,2021-08-11,IWM,2021,next_max_excursion,0.11523889209643005,-0.17499123586388254
NON_OPEX,2021-08-11,QQQ,2021,next_max_excursion,0.31100098947586485,-0.18678014932266684
NON_OPEX,2021-08-11,SPY,2021,next_max_excursion,0.3859580855560317,-0.14204783104366836
NON_OPEX,2021-08-12,IWM,2021,next_max_excursion,0.16182155774491672,0.19330715322358039
NON_OPEX,2021-08-12,QQQ,2021,next_max_excursion,0.336929923965359,-0.6935965481820281
NON_OPEX,2021-08-12,SPY,2021,next_max_excursion,0.5193731370925829,-1.2794126715074636
NON_OPEX,2021-08-13,IWM,2021,next_max_excursion,0.08314165197760057,0.07906452340158854
NON_OPEX,2021-08-13,QQQ,2021,next_max_excursion,0.3246652403068577,0.715218353523853
NON_OPEX,2021-08-13,SPY,2021,next_max_excursion,0.32362486168758287,0.5472061169203242
NON_OPEX,2021-08-23,IWM,2021,next_max_excursion,0.2233102567338123,-0.3121978572274209
NON_OPEX,2021-08-23,QQQ,2021,next_max_excursion,0.15105986417586792,-1.067623638032643
NON_OPEX,2021-08-23,SPY,2021,next_max_excursion,0.24904229399170436,-1.6241498766120017
NON_OPEX,2021-08-24,IWM,2021,next_max_excursion,0.11038313034491266,0.056708749512068835
NON_OPEX,2021-08-24,QQQ,2021,next_max_excursion,0.2877268003553765,-1.0441956583780856
NON_OPEX,2021-08-24,SPY,2021,next_max_excursion,0.46539252764012945,-0.6575154866870028
NON_OPEX,2021-08-25,IWM,2021,next_max_excursion,0.1303599283340448,0.0022397479691731448
NON_OPEX,2021-08-25,QQQ,2021,next_max_excursion,0.32183415802498494,-0.07335294967868222
NON_OPEX,2021-08-25,SPY,2021,next_max_excursion,0.41369320543566657,0.3175906715807466
NON_OPEX,2021-08-26,IWM,2021,next_max_excursion,0.2647890404456187,0.9851314659862549
NON_OPEX,2021-08-26,QQQ,2021,next_max_excursion,0.2298939170107026,0.3546679096635872
NON_OPEX,2021-08-26,SPY,2021,next_max_excursion,0.3621441641998803,0.5182565833705981
NON_OPEX,2021-08-27,IWM,2021,next_max_excursion,0.06140820766698051,-0.37219384619353146
NON_OPEX,2021-08-27,QQQ,2021,next_max_excursion,0.24133111714712305,0.3267903782173631
NON_OPEX,2021-08-27,SPY,2021,next_max_excursion,0.3444058725113374,-0.12117534702937416
NON_OPEX,2021-08-30,IWM,2021,next_max_excursion,0.18005759789006956,-0.43638047854768836
NON_OPEX,2021-08-30,QQQ,2021,next_max_excursion,0.19071467772712558,-0.24135828564017636
NON_OPEX,2021-08-30,SPY,2021,next_max_excursion,0.3846545040782328,-0.527762825333987
NON_OPEX,2021-08-31,IWM,2021,next_max_excursion,0.24391009989967072,-0.09816865812937792
NON_OPEX,2021-08-31,QQQ,2021,next_max_excursion,0.2777172209970816,-0.33963013079917737
NON_OPEX,2021-08-31,SPY,2021,next_max_excursion,0.35543621654401,-0.6018879170192584
NON_OPEX,2021-09-01,IWM,2021,next_max_excursion,0.08674281888824907,-0.5533769146570044
NON_OPEX,2021-09-01,QQQ,2021,next_max_excursion,0.2555321886102208,0.16197881660488278
NON_OPEX,2021-09-01,SPY,2021,next_max_excursion,0.39475008942031975,-0.2532109891760488
NON_OPEX,2021-09-02,IWM,2021,next_max_excursion,0.2898297364652561,-0.6868130740089047
NON_OPEX,2021-09-02,QQQ,2021,next_max_excursion,0.34322999774283275,0.10255508307297667
NON_OPEX,2021-09-02,SPY,2021,next_max_excursion,0.4191183018879526,-0.21777021572033206
NON_OPEX,2021-09-03,IWM,2021,next_max_excursion,0.10341729816813,-0.20220450696752756
NON_OPEX,2021-09-03,QQQ,2021,next_max_excursion,0.27545835517961237,-0.6537843655701607
NON_OPEX,2021-09-03,SPY,2021,next_max_excursion,0.3536491642581754,0.12043391698330375
NON_OPEX,2021-09-07,IWM,2021,next_max_excursion,0.08054092584785674,0.3810458503644707
NON_OPEX,2021-09-07,QQQ,2021,next_max_excursion,0.20699810293811363,0.5675283921672403
NON_OPEX,2021-09-07,SPY,2021,next_max_excursion,0.36758128803400386,0.1552075759601026
NON_OPEX,2021-09-08,IWM,2021,next_max_excursion,0.2876718073492121,0.1865666363875631
NON_OPEX,2021-09-08,QQQ,2021,next_max_excursion,0.30257915364278465,-0.28467248109573706
NON_OPEX,2021-09-08,SPY,2021,next_max_excursion,0.4168452327737178,-0.15922462634517665
NON_OPEX,2021-09-09,IWM,2021,next_max_excursion,0.13847049239807935,0.4165556203947727
NON_OPEX,2021-09-09,QQQ,2021,next_max_excursion,0.33741403735528314,0.810716103670285
NON_OPEX,2021-09-09,SPY,2021,next_max_excursion,0.3521905497821357,0.9415480649301351
NON_OPEX,2021-09-10,IWM,2021,next_max_excursion,0.10549533006899554,0.33961562656473543
NON_OPEX,2021-09-10,QQQ,2021,next_max_excursion,0.20494124124150137,0.46886100571194245
NON_OPEX,2021-09-10,SPY,2021,next_max_excursion,0.18422589037105597,0.5314950213824297
NON_OPEX,2021-09-20,IWM,2021,next_max_excursion,0.1872229235958566,-0.03676617291365414
NON_OPEX,2021-09-20,QQQ,2021,next_max_excursion,0.12488315693490111,-0.5041655402133429
NON_OPEX,2021-09-20,SPY,2021,next_max_excursion,0.13398833140865637,-0.11257136336879903
NON_OPEX,2021-09-21,IWM,2021,next_max_excursion,0.17308248256470818,0.4040629817997834
NON_OPEX,2021-09-21,QQQ,2021,next_max_excursion,0.13297708642031647,0.2782171294682305
NON_OPEX,2021-09-21,SPY,2021,next_max_excursion,0.15776745240160162,0.285542217268242
NON_OPEX,2021-09-22,IWM,2021,next_max_excursion,0.20739999977514212,0.29989360177038815
NON_OPEX,2021-09-22,QQQ,2021,next_max_excursion,0.20171915204847263,-0.04548201848283373
NON_OPEX,2021-09-22,SPY,2021,next_max_excursion,0.1911461139583076,0.3586969242108857
NON_OPEX,2021-09-23,IWM,2021,next_max_excursion,0.20270244539929433,-0.7141266430213928
NON_OPEX,2021-09-23,QQQ,2021,next_max_excursion,0.15867749418760443,-0.006939322012925686
NON_OPEX,2021-09-23,SPY,2021,next_max_excursion,0.3127698958283564,-0.020331320572378964
NON_OPEX,2021-09-24,IWM,2021,next_max_excursion,0.18400887330809032,0.42055140417142045
NON_OPEX,2021-09-24,QQQ,2021,next_max_excursion,0.21966335355983493,-0.16248448611021082
NON_OPEX,2021-09-24,SPY,2021,next_max_excursion,0.27564438381448003,-0.7954533021925645
NON_OPEX,2021-09-27,IWM,2021,next_max_excursion,0.08318831451763323,0.5817116024451519
NON_OPEX,2021-09-27,QQQ,2021,next_max_excursion,0.21951802089547667,0.7354615813131229
NON_OPEX,2021-09-27,SPY,2021,next_max_excursion,0.21824578910385364,1.063359186032753
NON_OPEX,2021-09-28,IWM,2021,next_max_excursion,0.1335594239069214,-0.31132636841717076
NON_OPEX,2021-09-28,QQQ,2021,next_max_excursion,0.14350982848524527,-0.6785167908524663
NON_OPEX,2021-09-28,SPY,2021,next_max_excursion,0.1869226384517809,-0.6862407176957115
NON_OPEX,2021-09-29,IWM,2021,next_max_excursion,0.22160995930081434,0.46977861126041276
NON_OPEX,2021-09-29,QQQ,2021,next_max_excursion,0.23545858625898317,0.10530584344437433
NON_OPEX,2021-09-29,SPY,2021,next_max_excursion,0.2233293080440186,0.9541062441038379
NON_OPEX,2021-09-30,IWM,2021,next_max_excursion,0.16275407773602937,0.3101153140981916
NON_OPEX,2021-09-30,QQQ,2021,next_max_excursion,0.13663482124499687,0.15981125374464167
NON_OPEX,2021-09-30,SPY,2021,next_max_excursion,0.2248239478589121,0.28549328229867044
NON_OPEX,2021-10-01,IWM,2021,next_max_excursion,0.10772953335102253,-0.016753650014511123
NON_OPEX,2021-10-01,QQQ,2021,next_max_excursion,0.14351623733535954,0.6910129545666677
NON_OPEX,2021-10-01,SPY,2021,next_max_excursion,0.16206499677560188,0.43756841427774607
NON_OPEX,2021-10-04,IWM,2021,next_max_excursion,0.19567892843180143,-0.18700544245076056
NON_OPEX,2021-10-04,QQQ,2021,next_max_excursion,0.09649195569872263,0.28996634764012885
NON_OPEX,2021-10-04,SPY,2021,next_max_excursion,0.16127911784570084,0.2560242289195127
NON_OPEX,2021-10-05,IWM,2021,next_max_excursion,0.2746776637827419,-0.303633789159262
NON_OPEX,2021-10-05,QQQ,2021,next_max_excursion,0.15081884524107414,0.39647907410141325
NON_OPEX,2021-10-05,SPY,2021,next_max_excursion,0.22571523828110046,0.44548380827656686
NON_OPEX,2021-10-06,IWM,2021,next_max_excursion,0.17656479558552907,0.2932526610621826
NON_OPEX,2021-10-06,QQQ,2021,next_max_excursion,0.197967517352483,-0.3743128017141082
NON_OPEX,2021-10-06,SPY,2021,next_max_excursion,0.18627569854576387,-0.23632247537871542
NON_OPEX,2021-10-07,IWM,2021,next_max_excursion,0.11627780667427651,-0.3080121145056385
NON_OPEX,2021-10-07,QQQ,2021,next_max_excursion,0.12423919898182954,-0.027594346384663737
NON_OPEX,2021-10-07,SPY,2021,next_max_excursion,0.21257048958985847,-0.35748987439844004
NON_OPEX,2021-10-08,IWM,2021,next_max_excursion,0.15601913156679953,-0.23391702434481054
NON_OPEX,2021-10-08,QQQ,2021,next_max_excursion,0.1823645738304182,0.11087872340472504
NON_OPEX,2021-10-08,SPY,2021,next_max_excursion,0.24566740100958198,0.13835320829138897
NON_OPEX,2021-10-18,IWM,2021,next_max_excursion,0.30313580623237446,-0.2873067509043059
NON_OPEX,2021-10-18,QQQ,2021,next_max_excursion,0.17777310871949709,-0.7431503411263529
NON_OPEX,2021-10-18,SPY,2021,next_max_excursion,0.3360801790242059,-0.5378769539783503
NON_OPEX,2021-10-19,IWM,2021,next_max_excursion,0.3805336447833841,-0.06898968483531753
NON_OPEX,2021-10-19,QQQ,2021,next_max_excursion,0.24206178641326395,-0.056157333149637445
NON_OPEX,2021-10-19,SPY,2021,next_max_excursion,0.3330071714496651,-0.4248848916858945
NON_OPEX,2021-10-20,IWM,2021,next_max_excursion,0.10498670779590025,-0.15913454895029133
NON_OPEX,2021-10-20,QQQ,2021,next_max_excursion,0.20322357931152166,0.1111848740141097
NON_OPEX,2021-10-20,SPY,2021,next_max_excursion,0.2136121365139561,-0.06117996029380812
NON_OPEX,2021-10-21,IWM,2021,next_max_excursion,0.2386412029406292,0.13157885697546856
NON_OPEX,2021-10-21,QQQ,2021,next_max_excursion,0.19327250425342274,0.2495494897532211
NON_OPEX,2021-10-21,SPY,2021,next_max_excursion,0.357878975274627,-0.05667655722167542
NON_OPEX,2021-10-22,IWM,2021,next_max_excursion,0.130043503795201,0.08736908895043527
NON_OPEX,2021-10-22,QQQ,2021,next_max_excursion,0.2410621591305741,-0.031591354201991884
NON_OPEX,2021-10-22,SPY,2021,next_max_excursion,0.36402368985363565,-0.5471289010985716
NON_OPEX,2021-10-25,IWM,2021,next_max_excursion,0.21454284669384255,0.1433725049462966
NON_OPEX,2021-10-25,QQQ,2021,next_max_excursion,0.12366837539721189,-0.37626405105875715
NON_OPEX,2021-10-25,SPY,2021,next_max_excursion,0.22839310050682987,-0.48397846055062654
NON_OPEX,2021-10-26,IWM,2021,next_max_excursion,0.1505796255711692,0.5991548760543699
NON_OPEX,2021-10-26,QQQ,2021,next_max_excursion,0.27666678077790285,0.03262415098711102
NON_OPEX,2021-10-26,SPY,2021,next_max_excursion,0.29342348664499357,0.09690854724723863
NON_OPEX,2021-10-27,IWM,2021,next_max_excursion,0.10338594895653484,0.3440039647003177
NON_OPEX,2021-10-27,QQQ,2021,next_max_excursion,0.21926836467926547,-0.2650204514185832
NON_OPEX,2021-10-27,SPY,2021,next_max_excursion,0.32786715096877317,0.1552713747933323
NON_OPEX,2021-10-28,IWM,2021,next_max_excursion,0.2824754834434045,-0.8747658319854912
NON_OPEX,2021-10-28,QQQ,2021,next_max_excursion,0.30676028849176085,0.5791390473204387
NON_OPEX,2021-10-28,SPY,2021,next_max_excursion,0.362519797758911,0.3922066150520056
NON_OPEX,2021-10-29,IWM,2021,next_max_excursion,0.16457849930297394,0.8775609276652254
NON_OPEX,2021-10-29,QQQ,2021,next_max_excursion,0.18341902887723346,-0.42897223494752534
NON_OPEX,2021-10-29,SPY,2021,next_max_excursion,0.29034816807111274,-0.2653226658258907
NON_OPEX,2021-11-01,IWM,2021,next_max_excursion,0.2024303129623091,-0.5726839351288007
NON_OPEX,2021-11-01,QQQ,2021,next_max_excursion,0.15011300151186485,0.034512774950832714
NON_OPEX,2021-11-01,SPY,2021,next_max_excursion,0.24095727496535715,-0.2107886648770787
NON_OPEX,2021-11-02,IWM,2021,next_max_excursion,0.17212430840394738,0.8474670992444922
NON_OPEX,2021-11-02,QQQ,2021,next_max_excursion,0.18172406970408786,0.5306235927103709
NON_OPEX,2021-11-02,SPY,2021,next_max_excursion,0.32103061721576226,0.5881842380514453
NON_OPEX,2021-11-03,IWM,2021,next_max_excursion,0.13366135303967955,-0.4796011756715446
NON_OPEX,2021-11-03,QQQ,2021,next_max_excursion,0.16130617212033302,0.4296302829788834
NON_OPEX,2021-11-03,SPY,2021,next_max_excursion,0.21575451990104125,-0.43940603921828547
NON_OPEX,2021-11-04,IWM,2021,next_max_excursion,0.14975546429745482,-0.13304744364170684
NON_OPEX,2021-11-04,SPY,2021,next_max_excursion,0.31428759514249954,0.2699132066676393
NON_OPEX,2021-11-05,IWM,2021,next_max_excursion,0.09802865374302466,-0.3273858741167839
NON_OPEX,2021-11-05,QQQ,2021,next_max_excursion,0.22731847549559822,-0.9057030918942939
NON_OPEX,2021-11-05,SPY,2021,next_max_excursion,0.3274331645903069,-0.42345840004126156
NON_OPEX,2021-11-08,IWM,2021,next_max_excursion,0.09563388796696436,0.1656193637946437
NON_OPEX,2021-11-08,QQQ,2021,next_max_excursion,0.23572857816382056,0.757673431763866
NON_OPEX,2021-11-08,SPY,2021,next_max_excursion,0.3664038493165494,0.6262353783524759
NON_OPEX,2021-11-09,IWM,2021,next_max_excursion,0.225819269873699,0.48791236429107254
NON_OPEX,2021-11-09,QQQ,2021,next_max_excursion,0.2105331033534746,0.3664248745493701
NON_OPEX,2021-11-09,SPY,2021,next_max_excursion,0.2406873031184087,0.3999340187829965
NON_OPEX,2021-11-10,IWM,2021,next_max_excursion,0.18349109897275662,-0.3603295342230499
NON_OPEX,2021-11-10,QQQ,2021,next_max_excursion,0.19814723237672002,-0.5985875672159606
NON_OPEX,2021-11-10,SPY,2021,next_max_excursion,0.18082149791769764,-0.6949240873391709
NON_OPEX,2021-11-11,IWM,2021,next_max_excursion,0.22521356145388682,-0.6709789821863454
NON_OPEX,2021-11-11,QQQ,2021,next_max_excursion,0.24468569390255782,0.3401439746130297
NON_OPEX,2021-11-11,SPY,2021,next_max_excursion,0.3360724750273918,0.42457775966873257
NON_OPEX,2021-11-12,IWM,2021,next_max_excursion,0.20492749020130213,0.5331061422139962
NON_OPEX,2021-11-12,QQQ,2021,next_max_excursion,0.2029881932569286,0.11010398089902385
NON_OPEX,2021-11-12,SPY,2021,next_max_excursion,0.3059754269585846,-0.02409607817040449
NON_OPEX,2021-11-22,IWM,2021,next_max_excursion,0.10252535405385164,0.1525066810109177
NON_OPEX,2021-11-22,QQQ,2021,next_max_excursion,0.27182754312863006,0.17105382814624548
NON_OPEX,2021-11-22,SPY,2021,next_max_excursion,0.18468027395090994,-0.005837571678438458
NON_OPEX,2021-11-23,IWM,2021,next_max_excursion,0.10845462018004107,-0.08717316960760435
NON_OPEX,2021-11-23,QQQ,2021,next_max_excursion,0.13943203608703642,-0.05370749016718701
NON_OPEX,2021-11-23,SPY,2021,next_max_excursion,0.36212931368637885,0.3207557013452389
NON_OPEX,2021-11-24,IWM,2021,next_max_excursion,0.12474618460392725,0.9653467087931125
NON_OPEX,2021-11-24,QQQ,2021,next_max_excursion,0.3454310743429717,0.5190945572931192
NON_OPEX,2021-11-24,SPY,2021,next_max_excursion,0.33297986174844646,0.6776401106091168
NON_OPEX,2021-11-26,IWM,2021,next_max_excursion,0.06316587550346267,0.3596411596896676
NON_OPEX,2021-11-26,QQQ,2021,next_max_excursion,0.1555588732265528,0.13968260110515995
NON_OPEX,2021-11-26,SPY,2021,next_max_excursion,0.13162034900450195,-0.2891807526679253
NON_OPEX,2021-11-29,IWM,2021,next_max_excursion,0.08771169512872999,0.4328411367386087
NON_OPEX,2021-11-29,QQQ,2021,next_max_excursion,0.273179469891531,0.6009459407074935
NON_OPEX,2021-11-29,SPY,2021,next_max_excursion,0.17895977279964143,0.7024824678962851
NON_OPEX,2021-11-30,IWM,2021,next_max_excursion,0.08600646689574963,1.1107718121728465
NON_OPEX,2021-11-30,QQQ,2021,next_max_excursion,0.23653272731190927,0.8654364820705434
NON_OPEX,2021-11-30,SPY,2021,next_max_excursion,0.18567220556368788,1.0255972262535376
NON_OPEX,2021-12-01,IWM,2021,next_max_excursion,0.10472988378054406,0.2479146999535491
NON_OPEX,2021-12-01,QQQ,2021,next_max_excursion,0.08759032233662643,-0.002084375365450697
NON_OPEX,2021-12-01,SPY,2021,next_max_excursion,0.1253564494498191,0.44965620819319385
NON_OPEX,2021-12-02,IWM,2021,next_max_excursion,0.17761845837140514,0.750321720011192
NON_OPEX,2021-12-02,QQQ,2021,next_max_excursion,0.17243169488519966,0.9957836707292955
NON_OPEX,2021-12-02,SPY,2021,next_max_excursion,0.13071205849885575,0.8289217208960116
NON_OPEX,2021-12-03,IWM,2021,next_max_excursion,0.18103499844041476,0.05238463115157321
NON_OPEX,2021-12-03,QQQ,2021,next_max_excursion,0.14250221467788202,-0.32990865605697195
NON_OPEX,2021-12-03,SPY,2021,next_max_excursion,0.11025810810186737,-0.10470551749231927
NON_OPEX,2021-12-06,IWM,2021,next_max_excursion,0.22823600172772135,-0.047308632187366584
NON_OPEX,2021-12-06,QQQ,2021,next_max_excursion,0.17677284261366047,0.07524843943023996
NON_OPEX,2021-12-06,SPY,2021,next_max_excursion,0.1716879491922862,0.283483772244443
NON_OPEX,2021-12-07,IWM,2021,next_max_excursion,0.17851431572107473,-0.5022097997818245
NON_OPEX,2021-12-07,QQQ,2021,next_max_excursion,0.08955244757711113,-0.7999205574321131
NON_OPEX,2021-12-07,SPY,2021,next_max_excursion,0.2788863909695562,-1.0134065056951602
NON_OPEX,2021-12-08,IWM,2021,next_max_excursion,0.17809059795647655,0.1758053194727367
NON_OPEX,2021-12-08,QQQ,2021,next_max_excursion,0.28437597669404197,0.2772180368454329
NON_OPEX,2021-12-08,SPY,2021,next_max_excursion,0.25663203886807534,-0.4490329766461789
NON_OPEX,2021-12-09,IWM,2021,next_max_excursion,0.20033419346400738,0.1288035710542248
NON_OPEX,2021-12-09,QQQ,2021,next_max_excursion,0.1613951787470214,-0.35490924961808545
NON_OPEX,2021-12-09,SPY,2021,next_max_excursion,0.25053158854364493,-0.16182531412892764
NON_OPEX,2021-12-10,IWM,2021,next_max_excursion,0.230470184012287,0.15920773863688886
NON_OPEX,2021-12-10,QQQ,2021,next_max_excursion,0.31038144689345215,0.38502462675828486
NON_OPEX,2021-12-10,SPY,2021,next_max_excursion,0.3311128887257161,0.11704706425622025
NON_OPEX,2021-12-20,IWM,2021,next_max_excursion,0.0952362861454669,0.12905305422642988
NON_OPEX,2021-12-20,QQQ,2021,next_max_excursion,0.21957450243822965,0.30301466313200365
NON_OPEX,2021-12-20,SPY,2021,next_max_excursion,0.16701257103688144,0.19551447998103377
NON_OPEX,2021-12-21,IWM,2021,next_max_excursion,0.08228081045934378,-0.42999773946641895
NON_OPEX,2021-12-21,QQQ,2021,next_max_excursion,0.20961833770395122,-0.09762631802324151
NON_OPEX,2021-12-21,SPY,2021,next_max_excursion,0.2649355087677684,0.12445184255439568
NON_OPEX,2021-12-22,IWM,2021,next_max_excursion,0.19627488061617798,-0.4742103266142621
NON_OPEX,2021-12-22,QQQ,2021,next_max_excursion,0.2150513365250275,-0.12236567556813593
NON_OPEX,2021-12-22,SPY,2021,next_max_excursion,0.3058669704027658,-0.12228959135670614
NON_OPEX,2021-12-23,IWM,2021,next_max_excursion,0.1160977599885914,-0.27115788485819525
NON_OPEX,2021-12-23,QQQ,2021,next_max_excursion,0.1775976842365996,0.2797494910011187
NON_OPEX,2021-12-23,SPY,2021,next_max_excursion,0.20276048751404602,0.4256766553697471
NON_OPEX,2021-12-27,IWM,2021,next_max_excursion,0.263378667095571,-0.3980951757462625
NON_OPEX,2021-12-27,QQQ,2021,next_max_excursion,0.1427906772037365,-0.13322074616885793
NON_OPEX,2021-12-27,SPY,2021,next_max_excursion,0.20343697287843868,-0.826821183896298
NON_OPEX,2021-12-28,IWM,2021,next_max_excursion,0.1301384705924427,-0.6394805321893999
NON_OPEX,2021-12-28,QQQ,2021,next_max_excursion,0.31707623917034977,-0.30840195824576355
NON_OPEX,2021-12-28,SPY,2021,next_max_excursion,0.30423029810982344,-0.615581714259215
NON_OPEX,2021-12-29,IWM,2021,next_max_excursion,0.17952985205343483,0.08706356625600797
NON_OPEX,2021-12-29,QQQ,2021,next_max_excursion,0.3036627570767592,-0.5725614392345317
NON_OPEX,2021-12-29,SPY,2021,next_max_excursion,0.1985502327592028,-0.24511090868332186
NON_OPEX,2021-12-30,IWM,2021,next_max_excursion,0.23134048257670622,-0.5307945414325399
NON_OPEX,2021-12-30,QQQ,2021,next_max_excursion,0.3727662174026265,-0.4299353741997951
NON_OPEX,2021-12-30,SPY,2021,next_max_excursion,0.3896981992270601,-0.8784718472655886
NON_OPEX,2021-12-31,IWM,2021,next_max_excursion,0.10311043811608729,0.3548526088455217
NON_OPEX,2021-12-31,QQQ,2021,next_max_excursion,0.1272607764821239,-0.18678642422490732
NON_OPEX,2021-12-31,SPY,2021,next_max_excursion,0.2766816580930576,-0.06371069168182597
NON_OPEX,2022-01-03,IWM,2022,next_max_excursion,0.14817954276880357,-0.17243449682073564
NON_OPEX,2022-01-03,QQQ,2022,next_max_excursion,0.28375417156624105,0.7267445038199574
NON_OPEX,2022-01-03,SPY,2022,next_max_excursion,0.31581115300507717,0.06217005225428096
NON_OPEX,2022-01-04,IWM,2022,next_max_excursion,0.20833353298589968,0.946302263801782
NON_OPEX,2022-01-04,QQQ,2022,next_max_excursion,0.18412724004189857,0.6609659028978192
NON_OPEX,2022-01-04,SPY,2022,next_max_excursion,0.2692297238944718,0.9493306258535901
NON_OPEX,2022-01-05,IWM,2022,next_max_excursion,0.10629989666412423,-0.5706019118731467
NON_OPEX,2022-01-05,QQQ,2022,next_max_excursion,0.10440885420245163,-0.2945623516745588
NON_OPEX,2022-01-05,SPY,2022,next_max_excursion,0.2090318754021971,-0.5702184402710593
NON_OPEX,2022-01-06,IWM,2022,next_max_excursion,0.11420838833859813,-0.34042056912833996
NON_OPEX,2022-01-06,QQQ,2022,next_max_excursion,0.1649468899645258,0.06109455551293497
NON_OPEX,2022-01-06,SPY,2022,next_max_excursion,0.2927229022888721,-0.4102458536252458
NON_OPEX,2022-01-07,IWM,2022,next_max_excursion,0.202750270921882,0.06648553851750094
NON_OPEX,2022-01-07,QQQ,2022,next_max_excursion,0.18338108608740952,0.04853390427249327
NON_OPEX,2022-01-07,SPY,2022,next_max_excursion,0.24914524521187068,0.4513602342134728
NON_OPEX,2022-01-10,IWM,2022,next_max_excursion,0.15556475007886886,-0.35035347016511764
NON_OPEX,2022-01-10,QQQ,2022,next_max_excursion,0.1837824363980137,-0.009263950248763031
NON_OPEX,2022-01-10,SPY,2022,next_max_excursion,0.15259648322053032,-0.13721879704907103
NON_OPEX,2022-01-11,IWM,2022,next_max_excursion,0.1633841132329619,0.053997604848470715
NON_OPEX,2022-01-11,QQQ,2022,next_max_excursion,0.16871389234775783,-0.5686145789001724
NON_OPEX,2022-01-11,SPY,2022,next_max_excursion,0.2931255091092666,-0.6347334477732174
NON_OPEX,2022-01-12,IWM,2022,next_max_excursion,0.2333399661851746,0.043825215885351376
NON_OPEX,2022-01-12,QQQ,2022,next_max_excursion,0.11711485287040306,0.9650177367490071
NON_OPEX,2022-01-12,SPY,2022,next_max_excursion,0.2519832557354453,0.8459494467185662
NON_OPEX,2022-01-13,IWM,2022,next_max_excursion,0.23059181579165688,-0.29364831648982914
NON_OPEX,2022-01-13,QQQ,2022,next_max_excursion,0.13389093843177996,-0.2510013815048291
NON_OPEX,2022-01-13,SPY,2022,next_max_excursion,0.18246200409825425,-0.2703102145980161
NON_OPEX,2022-01-14,IWM,2022,next_max_excursion,0.19354469214962697,0.5015456348440037
NON_OPEX,2022-01-14,QQQ,2022,next_max_excursion,0.1581661190018739,-0.09288571155352887
NON_OPEX,2022-01-14,SPY,2022,next_max_excursion,0.19161329819859232,0.1145322142681735
NON_OPEX,2022-01-24,IWM,2022,next_max_excursion,0.05410250712573351,-0.28947393158681356
NON_OPEX,2022-01-24,QQQ,2022,next_max_excursion,0.11569840065405411,-0.521841504627687
NON_OPEX,2022-01-24,SPY,2022,next_max_excursion,0.15932775303203403,-0.15166733491078155
NON_OPEX,2022-01-25,IWM,2022,next_max_excursion,0.056395711157066264,0.5470788675227549
NON_OPEX,2022-01-25,QQQ,2022,next_max_excursion,0.14736855904221072,0.6834831475030385
NON_OPEX,2022-01-25,SPY,2022,next_max_excursion,0.11804793734856943,0.5776511818794914
NON_OPEX,2022-01-26,IWM,2022,next_max_excursion,0.1665755660790826,0.37341826598204664
NON_OPEX,2022-01-26,QQQ,2022,next_max_excursion,0.15044716110399786,0.20417352421158208
NON_OPEX,2022-01-26,SPY,2022,next_max_excursion,0.12055376998711469,0.2551494204191953
NON_OPEX,2022-01-27,IWM,2022,next_max_excursion,0.10728744989882509,-0.2698100714778162
NON_OPEX,2022-01-27,QQQ,2022,next_max_excursion,0.1793575800836404,0.31823351721068116
NON_OPEX,2022-01-27,SPY,2022,next_max_excursion,0.1598370648107229,0.4190617502834093
NON_OPEX,2022-01-28,IWM,2022,next_max_excursion,0.12108829884797438,0.38155533684080334
NON_OPEX,2022-01-28,QQQ,2022,next_max_excursion,0.04793853201090002,0.2664183090573835
NON_OPEX,2022-01-28,SPY,2022,next_max_excursion,0.16033445217183237,0.23533396323427125
NON_OPEX,2022-01-31,IWM,2022,next_max_excursion,0.09406323435536716,-0.25649630347318864
NON_OPEX,2022-01-31,QQQ,2022,next_max_excursion,0.06020959444293193,-0.35636742071829497
NON_OPEX,2022-01-31,SPY,2022,next_max_excursion,0.1856014573576651,-0.5266846083962973
NON_OPEX,2022-02-01,IWM,2022,next_max_excursion,0.08038237700549618,0.007551229215662314
NON_OPEX,2022-02-01,QQQ,2022,next_max_excursion,0.1943631175715306,-0.12383263680495649
NON_OPEX,2022-02-01,SPY,2022,next_max_excursion,0.15603671514863413,-0.7154879238076886
NON_OPEX,2022-02-02,IWM,2022,next_max_excursion,0.11592515862741803,-0.46657406825446035
NON_OPEX,2022-02-02,QQQ,2022,next_max_excursion,0.21460116907344162,0.13057627735562516
NON_OPEX,2022-02-02,SPY,2022,next_max_excursion,0.13347937064511226,0.13552603462826518
NON_OPEX,2022-02-03,IWM,2022,next_max_excursion,0.16480653832192774,-0.20261838947274047
NON_OPEX,2022-02-03,QQQ,2022,next_max_excursion,0.26078012862859584,0.04193618985849401
NON_OPEX,2022-02-03,SPY,2022,next_max_excursion,0.23366564079744884,0.13097582779662176
NON_OPEX,2022-02-04,IWM,2022,next_max_excursion,0.06705762089692616,-0.4132963122401172
NON_OPEX,2022-02-04,QQQ,2022,next_max_excursion,0.06199523406546262,-0.3891672863280733
NON_OPEX,2022-02-04,SPY,2022,next_max_excursion,0.22358118219181355,-0.5387782992409704
NON_OPEX,2022-02-07,IWM,2022,next_max_excursion,0.2469395420457902,0.1556472682951453
NON_OPEX,2022-02-07,QQQ,2022,next_max_excursion,0.12986562081607522,0.04077820572761581
NON_OPEX,2022-02-07,SPY,2022,next_max_excursion,0.14468442528772346,0.086547592293992
NON_OPEX,2022-02-08,IWM,2022,next_max_excursion,0.10447877676367223,-0.4707418102724823
NON_OPEX,2022-02-08,QQQ,2022,next_max_excursion,0.16541922233165357,-0.712350158074047
NON_OPEX,2022-02-08,SPY,2022,next_max_excursion,0.2748261213948635,-0.7030520025629619
NON_OPEX,2022-02-09,IWM,2022,next_max_excursion,0.09395489121519672,0.8228936252126915
NON_OPEX,2022-02-09,QQQ,2022,next_max_excursion,0.16466710730682846,0.3196653649504806
NON_OPEX,2022-02-09,SPY,2022,next_max_excursion,0.10915341847886045,0.5171773401292254
NON_OPEX,2022-02-10,IWM,2022,next_max_excursion,0.08216998521519717,-0.16252386255015727
NON_OPEX,2022-02-10,QQQ,2022,next_max_excursion,0.22665292600784392,0.5798421699129128
NON_OPEX,2022-02-10,SPY,2022,next_max_excursion,0.23785706080652078,0.4717095225119663
NON_OPEX,2022-02-11,IWM,2022,next_max_excursion,0.1067707635932024,-0.5680284461908922
NON_OPEX,2022-02-11,QQQ,2022,next_max_excursion,0.0631181081669594,-0.5678183243025283
NON_OPEX,2022-02-11,SPY,2022,next_max_excursion,0.14268810640637367,-0.39648192307650554
NON_OPEX,2022-02-22,IWM,2022,next_max_excursion,0.06443878141380018,0.39955587272595583
NON_OPEX,2022-02-22,QQQ,2022,next_max_excursion,0.06356383465447789,0.5361336563108074
NON_OPEX,2022-02-22,SPY,2022,next_max_excursion,0.16125973009065128,0.6181398494636574
NON_OPEX,2022-02-23,IWM,2022,next_max_excursion,0.033956326331778204,1.0216183410366435
NON_OPEX,2022-02-23,QQQ,2022,next_max_excursion,0.17808603931510575,1.2247229049812827
NON_OPEX,2022-02-23,SPY,2022,next_max_excursion,0.1766502930127618,1.1146239367412996
NON_OPEX,2022-02-24,IWM,2022,next_max_excursion,0.0767938449342858,-0.32101308157795705
NON_OPEX,2022-02-24,QQQ,2022,next_max_excursion,0.19282901778556874,-0.7960865328260271
NON_OPEX,2022-02-24,SPY,2022,next_max_excursion,0.17398117377028163,0.024420463976443596
NON_OPEX,2022-02-25,IWM,2022,next_max_excursion,0.09576846410878533,0.026103642308226593
NON_OPEX,2022-02-25,QQQ,2022,next_max_excursion,0.10944966169614148,-0.08299131861058529
NON_OPEX,2022-02-25,SPY,2022,next_max_excursion,0.08186564927013634,-0.0044098415965052595
NON_OPEX,2022-02-28,IWM,2022,next_max_excursion,0.11388176622191518,0.3425080530295519
NON_OPEX,2022-02-28,QQQ,2022,next_max_excursion,0.059059003513135304,0.14605883578328127
NON_OPEX,2022-02-28,SPY,2022,next_max_excursion,0.12344014723939335,0.37629375853801195
NON_OPEX,2022-03-01,IWM,2022,next_max_excursion,0.18738771331996837,0.06900276208822165
NON_OPEX,2022-03-01,QQQ,2022,next_max_excursion,0.20011942318409004,-0.19711074977610332
NON_OPEX,2022-03-01,SPY,2022,next_max_excursion,0.17615597524722393,0.14802823284960542
NON_OPEX,2022-03-02,IWM,2022,next_max_excursion,0.14539220141969234,0.2876970003752346
NON_OPEX,2022-03-02,QQQ,2022,next_max_excursion,0.06156170672376583,0.4442811450107378
NON_OPEX,2022-03-02,SPY,2022,next_max_excursion,0.18857535397110092,0.17097451132926444
NON_OPEX,2022-03-03,IWM,2022,next_max_excursion,0.0903159997862722,-0.27888908875253193
NON_OPEX,2022-03-03,QQQ,2022,next_max_excursion,0.10572030502862124,-0.22694472706971203
NON_OPEX,2022-03-03,SPY,2022,next_max_excursion,0.15444468010669216,-0.3126967053204375
NON_OPEX,2022-03-04,IWM,2022,next_max_excursion,0.04112295240973072,0.5023628390428176
NON_OPEX,2022-03-04,QQQ,2022,next_max_excursion,0.05689179696316432,0.9085849684533338
NON_OPEX,2022-03-04,SPY,2022,next_max_excursion,0.08287445210723673,0.9102273191168346
NON_OPEX,2022-03-07,IWM,2022,next_max_excursion,0.11106900299980281,0.2950376351102455
NON_OPEX,2022-03-07,QQQ,2022,next_max_excursion,0.09594804792774658,0.2280847527122427
NON_OPEX,2022-03-07,SPY,2022,next_max_excursion,0.13866459472132686,0.1223505979617503
NON_OPEX,2022-03-08,IWM,2022,next_max_excursion,0.20431711468997638,-0.49613227555181894
NON_OPEX,2022-03-08,QQQ,2022,next_max_excursion,0.05439435986331242,-0.6106505642702653
NON_OPEX,2022-03-08,SPY,2022,next_max_excursion,0.13551312292331458,-0.4675875948649644
NON_OPEX,2022-03-09,IWM,2022,next_max_excursion,0.19821524057028506,-0.20378955165103196
NON_OPEX,2022-03-09,QQQ,2022,next_max_excursion,0.11699184253794187,-0.3927473493999831
NON_OPEX,2022-03-09,SPY,2022,next_max_excursion,0.08066984294031529,-0.3335413506301732
NON_OPEX,2022-03-10,IWM,2022,next_max_excursion,0.22013366229424344,0.298059120746514
NON_OPEX,2022-03-10,QQQ,2022,next_max_excursion,0.19554566419943759,0.5675056024248679
NON_OPEX,2022-03-10,SPY,2022,next_max_excursion,0.17879230324006293,0.5197633206554171
NON_OPEX,2022-03-11,IWM,2022,next_max_excursion,0.07636850829565904,0.3599741397138745
NON_OPEX,2022-03-11,QQQ,2022,next_max_excursion,0.12922030361530243,-0.18642497864272434
NON_OPEX,2022-03-11,SPY,2022,next_max_excursion,0.17792899079737884,-0.15308450909212823
NON_OPEX,2022-03-21,IWM,2022,next_max_excursion,0.20684796023415947,-0.332390034719543
NON_OPEX,2022-03-21,QQQ,2022,next_max_excursion,0.19392136171462668,0.08510664949079016
NON_OPEX,2022-03-21,SPY,2022,next_max_excursion,0.11908110836901027,-0.19124406871078747
NON_OPEX,2022-03-22,IWM,2022,next_max_excursion,0.08145036735512323,-0.20723608464955667
NON_OPEX,2022-03-22,QQQ,2022,next_max_excursion,0.06913955485717643,-0.4802814427081392
NON_OPEX,2022-03-22,SPY,2022,next_max_excursion,0.19546041255073235,-0.276812564161256
NON_OPEX,2022-03-23,IWM,2022,next_max_excursion,0.12110638491151239,-0.6108049189740914
NON_OPEX,2022-03-23,QQQ,2022,next_max_excursion,0.083942956865344,0.08416831232438149
NON_OPEX,2022-03-23,SPY,2022,next_max_excursion,0.19004599969871416,0.030348792889383525
NON_OPEX,2022-03-24,IWM,2022,next_max_excursion,0.2517058679620021,-0.5718492221528066
NON_OPEX,2022-03-24,QQQ,2022,next_max_excursion,0.2030227739710176,-0.25757339232971344
NON_OPEX,2022-03-24,SPY,2022,next_max_excursion,0.24339880640825107,-0.5428269820059963
NON_OPEX,2022-03-25,IWM,2022,next_max_excursion,0.06558879854311442,-0.10093641605450543
NON_OPEX,2022-03-25,QQQ,2022,next_max_excursion,0.15891885282581658,-0.030705536591309368
NON_OPEX,2022-03-25,SPY,2022,next_max_excursion,0.1003198759951198,-0.13599428709414862
NON_OPEX,2022-03-28,IWM,2022,next_max_excursion,0.11358164094556479,0.3418381127899015
NON_OPEX,2022-03-28,QQQ,2022,next_max_excursion,0.11626749357614749,-0.6689634111971126
NON_OPEX,2022-03-28,SPY,2022,next_max_excursion,0.17654221796361277,-0.520547107887781
NON_OPEX,2022-03-29,IWM,2022,next_max_excursion,0.10357687875832344,0.3491348255933211
NON_OPEX,2022-03-29,QQQ,2022,next_max_excursion,0.20665404562489875,-0.3638919089507855
NON_OPEX,2022-03-29,SPY,2022,next_max_excursion,0.3367272489079613,-0.16252704630264336
NON_OPEX,2022-03-30,IWM,2022,next_max_excursion,0.1285842884456689,-0.5923931312770003
NON_OPEX,2022-03-30,QQQ,2022,next_max_excursion,0.10873355745549414,0.0931998152725182
NON_OPEX,2022-03-30,SPY,2022,next_max_excursion,0.22060544628612033,0.4555605569407559
NON_OPEX,2022-03-31,IWM,2022,next_max_excursion,0.2091838235412513,-0.7498166338710508
NON_OPEX,2022-03-31,QQQ,2022,next_max_excursion,0.12001002472256786,-0.17896247379963448
NON_OPEX,2022-03-31,SPY,2022,next_max_excursion,0.257173391778274,-0.2172552335681246
NON_OPEX,2022-04-01,IWM,2022,next_max_excursion,0.06784786992923911,-0.3582667130316244
NON_OPEX,2022-04-01,QQQ,2022,next_max_excursion,0.0432722993223973,0.26455515323717993
NON_OPEX,2022-04-01,SPY,2022,next_max_excursion,0.192033406372969,-0.18219507001750568
NON_OPEX,2022-04-04,IWM,2022,next_max_excursion,0.07204089409272176,0.5527134981614825
NON_OPEX,2022-04-04,QQQ,2022,next_max_excursion,0.22370911404596666,0.37868167197733804
NON_OPEX,2022-04-04,SPY,2022,next_max_excursion,0.20387363974820447,0.24876996475095137
NON_OPEX,2022-04-05,IWM,2022,next_max_excursion,0.19016333847901323,-0.41464636904135865
NON_OPEX,2022-04-05,QQQ,2022,next_max_excursion,0.19696936099861614,-0.12640358403342056
NON_OPEX,2022-04-05,SPY,2022,next_max_excursion,0.32654967085305203,-0.40865923503170976
NON_OPEX,2022-04-06,IWM,2022,next_max_excursion,0.19119668775833082,0.20296427804158057
NON_OPEX,2022-04-06,QQQ,2022,next_max_excursion,0.15809339173438697,-0.2615789556535093
NON_OPEX,2022-04-06,SPY,2022,next_max_excursion,0.13562735834237974,0.05741435789130289
NON_OPEX,2022-04-07,IWM,2022,next_max_excursion,0.22456098283216666,-0.6997929532482443
NON_OPEX,2022-04-07,QQQ,2022,next_max_excursion,0.18082141868757615,-0.4278431992353404
NON_OPEX,2022-04-07,SPY,2022,next_max_excursion,0.3367987032979113,-0.6191419308427957
NON_OPEX,2022-04-08,IWM,2022,next_max_excursion,0.1156309817698561,-0.1799462798744571
NON_OPEX,2022-04-08,QQQ,2022,next_max_excursion,0.2630820120425624,-0.027734024426119497
NON_OPEX,2022-04-08,SPY,2022,next_max_excursion,0.1356229313591555,0.09498249841524764
NON_OPEX,2022-04-18,IWM,2022,next_max_excursion,0.17817494469368583,0.5378250023314597
NON_OPEX,2022-04-18,QQQ,2022,next_max_excursion,0.25776952877247455,0.6036971542495606
NON_OPEX,2022-04-18,SPY,2022,next_max_excursion,0.24058302150684108,0.7124786442851443
NON_OPEX,2022-04-19,IWM,2022,next_max_excursion,0.15994717588751106,-1.0014911375331144
NON_OPEX,2022-04-19,QQQ,2022,next_max_excursion,0.18914230643841862,0.14927802756644004
NON_OPEX,2022-04-19,SPY,2022,next_max_excursion,0.2683426956106302,-0.3746421651210454
NON_OPEX,2022-04-20,IWM,2022,next_max_excursion,0.11556533956470248,1.1482359961932427
NON_OPEX,2022-04-20,QQQ,2022,next_max_excursion,0.2235764588491606,0.8041968205180829
NON_OPEX,2022-04-20,SPY,2022,next_max_excursion,0.14569166582052276,1.1203087109743555
NON_OPEX,2022-04-21,IWM,2022,next_max_excursion,0.15603990244604699,0.13944819281738985
NON_OPEX,2022-04-21,QQQ,2022,next_max_excursion,0.170454414577394,0.27400470124565324
NON_OPEX,2022-04-21,SPY,2022,next_max_excursion,0.2354923690560243,0.6526370570802191
NON_OPEX,2022-04-22,IWM,2022,next_max_excursion,0.07432579125015785,-0.08949729899248027
NON_OPEX,2022-04-22,QQQ,2022,next_max_excursion,0.16109486067369022,-0.01150428287320926
NON_OPEX,2022-04-22,SPY,2022,next_max_excursion,0.10873798262510574,-0.22199969555736399
NON_OPEX,2022-04-25,IWM,2022,next_max_excursion,0.0513967962055956,0.34644620937771986
NON_OPEX,2022-04-25,QQQ,2022,next_max_excursion,0.17689539516281622,0.6860469982759443
NON_OPEX,2022-04-25,SPY,2022,next_max_excursion,0.1609487878729004,0.5233335537065855
NON_OPEX,2022-04-26,IWM,2022,next_max_excursion,0.09970912121096272,-0.48088024272900487
NON_OPEX,2022-04-26,QQQ,2022,next_max_excursion,0.058785278929963325,-0.08660953953736739
NON_OPEX,2022-04-26,SPY,2022,next_max_excursion,0.1243156675487718,0.01648078508671169
NON_OPEX,2022-04-27,IWM,2022,next_max_excursion,0.07507542349377976,0.39529554655316756
NON_OPEX,2022-04-27,QQQ,2022,next_max_excursion,0.0892680572599708,0.25300310690975003
NON_OPEX,2022-04-27,SPY,2022,next_max_excursion,0.07990296887169167,0.11098532850567011
NON_OPEX,2022-04-28,IWM,2022,next_max_excursion,0.1919846837681073,0.19494774849448593
NON_OPEX,2022-04-28,QQQ,2022,next_max_excursion,0.09268902738201523,0.4379713832986858
NON_OPEX,2022-04-28,SPY,2022,next_max_excursion,0.12878682344358391,0.6256073217969909
NON_OPEX,2022-04-29,IWM,2022,next_max_excursion,0.15580755919376932,-0.34519296457243875
NON_OPEX,2022-04-29,QQQ,2022,next_max_excursion,0.08606144939319058,-0.28858703185935664
NON_OPEX,2022-04-29,SPY,2022,next_max_excursion,0.1752922863169087,-0.016275975481202742
NON_OPEX,2022-05-02,IWM,2022,next_max_excursion,0.10506466983918784,-0.3863786500530084
NON_OPEX,2022-05-02,QQQ,2022,next_max_excursion,0.15726566542405598,-0.9077754666137063
NON_OPEX,2022-05-02,SPY,2022,next_max_excursion,0.11323494498059034,-0.5660973129587328
NON_OPEX,2022-05-03,IWM,2022,next_max_excursion,0.11009873089450133,0.42069201568212655
NON_OPEX,2022-05-03,QQQ,2022,next_max_excursion,0.1479985035813804,0.6784289509853147
NON_OPEX,2022-05-03,SPY,2022,next_max_excursion,0.12697078220914934,0.9069988061052392
NON_OPEX,2022-05-04,IWM,2022,next_max_excursion,0.06461401778714138,0.610358616522217
NON_OPEX,2022-05-04,QQQ,2022,next_max_excursion,0.2062756064281238,0.6148249175345248
NON_OPEX,2022-05-04,SPY,2022,next_max_excursion,0.1699000653892459,0.6646099741933353
NON_OPEX,2022-05-05,IWM,2022,next_max_excursion,0.2098858744181714,-0.014307445883737557
NON_OPEX,2022-05-05,QQQ,2022,next_max_excursion,0.09839862319026048,-0.3339330447111646
NON_OPEX,2022-05-05,SPY,2022,next_max_excursion,0.13917030102669845,-0.3725968418427814
NON_OPEX,2022-05-06,IWM,2022,next_max_excursion,0.08605851542226788,0.5092219993855651
NON_OPEX,2022-05-06,QQQ,2022,next_max_excursion,0.1694039788181461,0.12709777454486249
NON_OPEX,2022-05-06,SPY,2022,next_max_excursion,0.16768204644109533,0.24188768759102697
NON_OPEX,2022-05-09,IWM,2022,next_max_excursion,0.18733068717379803,0.328294668094951
NON_OPEX,2022-05-09,QQQ,2022,next_max_excursion,0.0473622994595834,0.018613603869384487
NON_OPEX,2022-05-09,SPY,2022,next_max_excursion,0.17048652147430773,0.4334503962063061
NON_OPEX,2022-05-10,IWM,2022,next_max_excursion,0.18241761855169547,0.0655085949219445
NON_OPEX,2022-05-10,QQQ,2022,next_max_excursion,0.20700387664232206,0.15016901298051666
NON_OPEX,2022-05-10,SPY,2022,next_max_excursion,0.18020355083994913,-0.09410905166491901
NON_OPEX,2022-05-11,IWM,2022,next_max_excursion,0.21311925351163424,0.059366736481631044
NON_OPEX,2022-05-11,QQQ,2022,next_max_excursion,0.047340496507658716,0.1451027921668926
NON_OPEX,2022-05-11,SPY,2022,next_max_excursion,0.051589306172442485,-0.01782862245253991
NON_OPEX,2022-05-12,IWM,2022,next_max_excursion,0.14115240065131132,0.12985413702310789
NON_OPEX,2022-05-12,QQQ,2022,next_max_excursion,0.17192792624042996,0.061909702184854254
NON_OPEX,2022-05-12,SPY,2022,next_max_excursion,0.07359181085335485,0.018765288724376106
NON_OPEX,2022-05-13,IWM,2022,next_max_excursion,0.05490451132873002,-0.6274737966765613
NON_OPEX,2022-05-13,QQQ,2022,next_max_excursion,0.04896801437554875,-0.7506036268740259
NON_OPEX,2022-05-13,SPY,2022,next_max_excursion,0.19826988650953764,-0.3361114211570415
NON_OPEX,2022-05-23,IWM,2022,next_max_excursion,0.06561912699096117,0.23244116812528892
NON_OPEX,2022-05-23,QQQ,2022,next_max_excursion,0.041586735007597325,0.08414495855731507
NON_OPEX,2022-05-23,SPY,2022,next_max_excursion,0.12225646528801618,-0.012770847901450999
NON_OPEX,2022-05-24,IWM,2022,next_max_excursion,0.2316201482984878,0.3045082868548503
NON_OPEX,2022-05-24,QQQ,2022,next_max_excursion,0.07223722145259982,0.28481868085835504
NON_OPEX,2022-05-24,SPY,2022,next_max_excursion,0.1501449061368942,0.1355953403688943
NON_OPEX,2022-05-25,IWM,2022,next_max_excursion,0.06548234442452082,0.11517364519807671
NON_OPEX,2022-05-25,QQQ,2022,next_max_excursion,0.16311420536501287,0.6246420377666886
NON_OPEX,2022-05-25,SPY,2022,next_max_excursion,0.08961658360391771,0.45853568083008067
NON_OPEX,2022-05-26,IWM,2022,next_max_excursion,0.12335674939482318,0.14232624186948106
NON_OPEX,2022-05-26,QQQ,2022,next_max_excursion,0.2787618829525222,-0.013624237916916027
NON_OPEX,2022-05-26,SPY,2022,next_max_excursion,0.162154789747773,0.2571411102524763
NON_OPEX,2022-05-27,IWM,2022,next_max_excursion,0.07608664557264591,-0.18817280578136764
NON_OPEX,2022-05-27,QQQ,2022,next_max_excursion,0.20184665216035913,-0.1477381779831628
NON_OPEX,2022-05-27,SPY,2022,next_max_excursion,0.13028779917410277,-0.4445374572370575
NON_OPEX,2022-05-31,IWM,2022,next_max_excursion,0.218912777487405,0.31544175400964836
NON_OPEX,2022-05-31,QQQ,2022,next_max_excursion,0.057968227775542724,0.10874014318934222
NON_OPEX,2022-05-31,SPY,2022,next_max_excursion,0.1417290917500912,0.38310268698433925
NON_OPEX,2022-06-01,IWM,2022,next_max_excursion,0.23555687447640777,0.07195748168788096
NON_OPEX,2022-06-01,QQQ,2022,next_max_excursion,0.13833657132446958,0.45000561767125635
NON_OPEX,2022-06-01,SPY,2022,next_max_excursion,0.1253761711884633,0.2676422156622391
NON_OPEX,2022-06-02,IWM,2022,next_max_excursion,0.09127649515444111,-0.8724741931176769
NON_OPEX,2022-06-02,QQQ,2022,next_max_excursion,0.14761519351856,-0.4972374549617711
NON_OPEX,2022-06-02,SPY,2022,next_max_excursion,0.12822474359820424,-0.7963740123191467
NON_OPEX,2022-06-03,IWM,2022,next_max_excursion,0.03185641990832278,-0.136064795387707
NON_OPEX,2022-06-03,QQQ,2022,next_max_excursion,0.1366600871354502,-0.004028351651923501
NON_OPEX,2022-06-03,SPY,2022,next_max_excursion,0.15141518953526442,-0.0918430996039925
NON_OPEX,2022-06-06,IWM,2022,next_max_excursion,0.11512840139805082,0.5363061023166042
NON_OPEX,2022-06-06,QQQ,2022,next_max_excursion,0.0781504470357538,0.24031865021615362
NON_OPEX,2022-06-06,SPY,2022,next_max_excursion,0.1498771327206786,0.4893296726472074
NON_OPEX,2022-06-07,IWM,2022,next_max_excursion,0.2529641270964252,-0.1910669064173245
NON_OPEX,2022-06-07,QQQ,2022,next_max_excursion,0.1668083743137859,-0.7913424896171084
NON_OPEX,2022-06-07,SPY,2022,next_max_excursion,0.2069760641128009,-0.47110274659204165
NON_OPEX,2022-06-08,IWM,2022,next_max_excursion,0.07575584438166992,-0.011038718103536738
NON_OPEX,2022-06-08,QQQ,2022,next_max_excursion,0.06832964573718857,0.32698953461034863
NON_OPEX,2022-06-08,SPY,2022,next_max_excursion,0.17676452337356036,0.5282636451740186
NON_OPEX,2022-06-09,IWM,2022,next_max_excursion,0.08667194536039574,0.003991785131554515
NON_OPEX,2022-06-09,QQQ,2022,next_max_excursion,0.22324051581160834,-0.11298140496330733
NON_OPEX,2022-06-09,SPY,2022,next_max_excursion,0.19154337234182042,-0.12416304816151502
NON_OPEX,2022-06-10,IWM,2022,next_max_excursion,0.06070631643550895,0.36581736857643277
NON_OPEX,2022-06-10,QQQ,2022,next_max_excursion,0.16838227563110267,0.06858413981161249
NON_OPEX,2022-06-10,SPY,2022,next_max_excursion,0.15304431187706286,0.35856512692805165
NON_OPEX,2022-06-21,IWM,2022,next_max_excursion,0.04352832430976212,0.006643731531613906
NON_OPEX,2022-06-21,QQQ,2022,next_max_excursion,0.23161211248274585,0.34571222095771104
NON_OPEX,2022-06-21,SPY,2022,next_max_excursion,0.13838569486861943,0.6034159850418579
NON_OPEX,2022-06-22,IWM,2022,next_max_excursion,0.08223642485720827,-0.47131596631497796
NON_OPEX,2022-06-22,QQQ,2022,next_max_excursion,0.2458417791420496,-0.6919009901880844
NON_OPEX,2022-06-22,SPY,2022,next_max_excursion,0.13878835304886164,-0.4466355659905279
NON_OPEX,2022-06-23,IWM,2022,next_max_excursion,0.2962807333925806,0.18907362513054382
NON_OPEX,2022-06-23,QQQ,2022,next_max_excursion,0.20663858695172382,0.3638933171071286
NON_OPEX,2022-06-23,SPY,2022,next_max_excursion,0.09551204066842628,0.518487374830368
NON_OPEX,2022-06-24,IWM,2022,next_max_excursion,0.2025787989628172,-0.7114478429124578
NON_OPEX,2022-06-24,QQQ,2022,next_max_excursion,0.1618304588491439,-0.1025597366748876
NON_OPEX,2022-06-24,SPY,2022,next_max_excursion,0.15520951936342967,-0.4415426592579754
NON_OPEX,2022-06-27,IWM,2022,next_max_excursion,0.21976400201005106,0.4510983956641046
NON_OPEX,2022-06-27,QQQ,2022,next_max_excursion,0.05111752968413576,0.7693299830715739
NON_OPEX,2022-06-27,SPY,2022,next_max_excursion,0.15395466619864803,0.8959859055493622
NON_OPEX,2022-06-28,IWM,2022,next_max_excursion,0.07456156665485765,0.00679310163000757
NON_OPEX,2022-06-28,QQQ,2022,next_max_excursion,0.06366262582540212,-0.9679594317053604
NON_OPEX,2022-06-28,SPY,2022,next_max_excursion,0.24526994111896525,-0.8597450421277326
NON_OPEX,2022-06-29,IWM,2022,next_max_excursion,0.30261648267789915,0.028740302017876918
NON_OPEX,2022-06-29,QQQ,2022,next_max_excursion,0.18929522545366992,0.058329826947550956
NON_OPEX,2022-06-29,SPY,2022,next_max_excursion,0.2621761642847167,0.05259647657755817
NON_OPEX,2022-06-30,IWM,2022,next_max_excursion,0.2727093735520763,-0.21197934835239796
NON_OPEX,2022-06-30,QQQ,2022,next_max_excursion,0.22514552472417707,-0.5634581345542631
NON_OPEX,2022-06-30,SPY,2022,next_max_excursion,0.11989011125287811,-0.14205842200522056
NON_OPEX,2022-07-01,IWM,2022,next_max_excursion,0.058224418145057265,0.33699098594135535
NON_OPEX,2022-07-01,QQQ,2022,next_max_excursion,0.07040756732756875,0.6728523768708543
NON_OPEX,2022-07-01,SPY,2022,next_max_excursion,0.19217098237195213,0.18197401120086898
NON_OPEX,2022-07-05,IWM,2022,next_max_excursion,0.0644403974176805,-0.3021352316035868
NON_OPEX,2022-07-05,QQQ,2022,next_max_excursion,0.0575950389822413,-0.5440317830810932
NON_OPEX,2022-07-05,SPY,2022,next_max_excursion,0.07433753169495298,-0.3772561455851635
NON_OPEX,2022-07-06,IWM,2022,next_max_excursion,0.05650933373398464,0.009548641800763313
NON_OPEX,2022-07-06,QQQ,2022,next_max_excursion,0.17715521005594406,0.299268317334644
NON_OPEX,2022-07-06,SPY,2022,next_max_excursion,0.14052963046452768,0.019603504282434514
NON_OPEX,2022-07-07,IWM,2022,next_max_excursion,0.2511068615568501,-0.35993403277590197
NON_OPEX,2022-07-07,QQQ,2022,next_max_excursion,0.15519648504445216,-0.003317567987800807
NON_OPEX,2022-07-07,SPY,2022,next_max_excursion,0.16407965894033819,-0.32265211695448226
NON_OPEX,2022-07-08,IWM,2022,next_max_excursion,0.27290803321984985,-0.09507338746514549
NON_OPEX,2022-07-08,QQQ,2022,next_max_excursion,0.13796470583994178,0.09802282924012484
NON_OPEX,2022-07-08,SPY,2022,next_max_excursion,0.18938286634591564,-0.5486662600469492
NON_OPEX,2022-07-18,IWM,2022,next_max_excursion,0.14669355400501632,0.33212703637007257
NON_OPEX,2022-07-18,QQQ,2022,next_max_excursion,0.14851773899751916,0.08833045747094737
NON_OPEX,2022-07-18,SPY,2022,next_max_excursion,0.09719386015262581,0.308037558887591
NON_OPEX,2022-07-19,IWM,2022,next_max_excursion,0.12212608088300068,-0.010416633821302312
NON_OPEX,2022-07-19,QQQ,2022,next_max_excursion,0.10735676171431002,0.07491519286668025
NON_OPEX,2022-07-19,SPY,2022,next_max_excursion,0.18107750133853404,-0.2855873051375246
NON_OPEX,2022-07-20,IWM,2022,next_max_excursion,0.09135154718026661,-0.3412930533531391
NON_OPEX,2022-07-20,QQQ,2022,next_max_excursion,0.06160175096526332,-0.20051061294260197
NON_OPEX,2022-07-20,SPY,2022,next_max_excursion,0.14926888054034335,0.0777989925863194
NON_OPEX,2022-07-21,IWM,2022,next_max_excursion,0.16289166115449305,0.5103023881752371
NON_OPEX,2022-07-21,QQQ,2022,next_max_excursion,0.1051297591515917,0.2581778197832931
NON_OPEX,2022-07-21,SPY,2022,next_max_excursion,0.25562685659236667,0.25110209023443986
NON_OPEX,2022-07-22,IWM,2022,next_max_excursion,0.2617237789342107,-0.76317180786263
NON_OPEX,2022-07-22,QQQ,2022,next_max_excursion,0.07613645402054436,-0.38169307991791035
NON_OPEX,2022-07-22,SPY,2022,next_max_excursion,0.17333790826226184,-0.6699469069184909
NON_OPEX,2022-07-25,IWM,2022,next_max_excursion,0.22995456908437745,-0.7703697685238566
NON_OPEX,2022-07-25,QQQ,2022,next_max_excursion,0.20397607312941343,0.1908023769891356
NON_OPEX,2022-07-25,SPY,2022,next_max_excursion,0.15037862283678063,0.035237560748861974
NON_OPEX,2022-07-26,IWM,2022,next_max_excursion,0.23881568679854503,0.5733512539349275
NON_OPEX,2022-07-26,QQQ,2022,next_max_excursion,0.13728251803278543,0.7648363169263845
NON_OPEX,2022-07-26,SPY,2022,next_max_excursion,0.2003372363732929,0.8650801165007747
NON_OPEX,2022-07-27,IWM,2022,next_max_excursion,0.06330401418008419,-0.18826768618387035
NON_OPEX,2022-07-27,QQQ,2022,next_max_excursion,0.07968554391886615,-0.5011585884613088
NON_OPEX,2022-07-27,SPY,2022,next_max_excursion,0.17612598076262218,-0.08258734377161492
NON_OPEX,2022-07-28,IWM,2022,next_max_excursion,0.037263420904173235,-0.6624019269116177
NON_OPEX,2022-07-28,QQQ,2022,next_max_excursion,0.16430175849262266,-0.14804987593207963
NON_OPEX,2022-07-28,SPY,2022,next_max_excursion,0.18088324197510242,-0.006453956321125887
NON_OPEX,2022-07-29,IWM,2022,next_max_excursion,0.07958581971117178,0.011070503688841882
NON_OPEX,2022-07-29,QQQ,2022,next_max_excursion,0.18764883040199784,-0.02214154914554367
NON_OPEX,2022-07-29,SPY,2022,next_max_excursion,0.19602005655361265,-0.08046376575076497
NON_OPEX,2022-08-01,IWM,2022,next_max_excursion,0.09287053086552961,-0.18515336607374522
NON_OPEX,2022-08-01,QQQ,2022,next_max_excursion,0.15053571755353837,0.04779268887266319
NON_OPEX,2022-08-01,SPY,2022,next_max_excursion,0.1920518084552661,-0.11689691938571922
NON_OPEX,2022-08-02,IWM,2022,next_max_excursion,0.07232238883784232,-0.4596117648878453
NON_OPEX,2022-08-02,QQQ,2022,next_max_excursion,0.16120458030600185,0.34773716687475975
NON_OPEX,2022-08-02,SPY,2022,next_max_excursion,0.2083261863231397,0.10701065818711086
NON_OPEX,2022-08-03,IWM,2022,next_max_excursion,0.23476039699606874,-0.4924972785701076
NON_OPEX,2022-08-03,QQQ,2022,next_max_excursion,0.12026890079299322,-0.8726585077973432
NON_OPEX,2022-08-03,SPY,2022,next_max_excursion,0.19912136774831904,-0.8010443221832926
NON_OPEX,2022-08-04,IWM,2022,next_max_excursion,0.22943010313295584,0.618093263581732
NON_OPEX,2022-08-04,QQQ,2022,next_max_excursion,0.23226803363380083,0.1441236361785343
NON_OPEX,2022-08-04,SPY,2022,next_max_excursion,0.258062803090512,0.25257634614994817
NON_OPEX,2022-08-05,IWM,2022,next_max_excursion,0.24109238624491414,-0.08461633222474152
NON_OPEX,2022-08-05,QQQ,2022,next_max_excursion,0.11908637490731643,-0.2068142239843409
NON_OPEX,2022-08-05,SPY,2022,next_max_excursion,0.23656264712067138,-0.10222660273650863
NON_OPEX,2022-08-08,IWM,2022,next_max_excursion,0.08892330379275194,0.1812228254783017
NON_OPEX,2022-08-08,QQQ,2022,next_max_excursion,0.18781028280988782,-0.44707795684903395
NON_OPEX,2022-08-08,SPY,2022,next_max_excursion,0.24239118139677868,-0.7599040858059798
NON_OPEX,2022-08-09,IWM,2022,next_max_excursion,0.29596359874136297,-0.11621784043343553
NON_OPEX,2022-08-09,QQQ,2022,next_max_excursion,0.09211860247209144,-0.4415052095321137
NON_OPEX,2022-08-09,SPY,2022,next_max_excursion,0.19718686185458562,-0.4237266485248101
NON_OPEX,2022-08-10,IWM,2022,next_max_excursion,0.17032323377654074,-0.25084942612454064
NON_OPEX,2022-08-10,QQQ,2022,next_max_excursion,0.19578712909677853,0.15200907635120675
NON_OPEX,2022-08-10,SPY,2022,next_max_excursion,0.24931902382385632,0.03501728798958048
NON_OPEX,2022-08-11,IWM,2022,next_max_excursion,0.09238040875556115,0.02105073666537649
NON_OPEX,2022-08-11,QQQ,2022,next_max_excursion,0.2037647764651561,-0.15903018009355385
NON_OPEX,2022-08-11,SPY,2022,next_max_excursion,0.3219616015787202,0.16623385145878977
NON_OPEX,2022-08-12,IWM,2022,next_max_excursion,0.2623114228475557,-0.2607688848333618
NON_OPEX,2022-08-12,QQQ,2022,next_max_excursion,0.20462569295490973,-0.12728338577536036
NON_OPEX,2022-08-12,SPY,2022,next_max_excursion,0.22040242504889251,0.02734240710463176
NON_OPEX,2022-08-22,IWM,2022,next_max_excursion,0.24105641235467,-0.18663651661509117
NON_OPEX,2022-08-22,QQQ,2022,next_max_excursion,0.1094637032822303,-0.39205409704545513
NON_OPEX,2022-08-22,SPY,2022,next_max_excursion,0.16662275094238288,-0.4355187027423746
NON_OPEX,2022-08-23,IWM,2022,next_max_excursion,0.24728858989787825,-0.21213689081671205
NON_OPEX,2022-08-23,QQQ,2022,next_max_excursion,0.16246945696709875,-0.339079219519542
NON_OPEX,2022-08-23,SPY,2022,next_max_excursion,0.1373424470818912,-0.20607729064592206
NON_OPEX,2022-08-24,IWM,2022,next_max_excursion,0.07752266590967076,-0.2995020826940138
NON_OPEX,2022-08-24,QQQ,2022,next_max_excursion,0.16183997161530175,-0.03446779316383797
NON_OPEX,2022-08-24,SPY,2022,next_max_excursion,0.18073471258199036,0.19604373653178175
NON_OPEX,2022-08-25,IWM,2022,next_max_excursion,0.25459519450285856,1.0133959876223138
NON_OPEX,2022-08-25,QQQ,2022,next_max_excursion,0.14600479588055026,1.14313432920143
NON_OPEX,2022-08-25,SPY,2022,next_max_excursion,0.19419934423428847,1.2601966137032958
NON_OPEX,2022-08-26,IWM,2022,next_max_excursion,0.039998340312341,-0.6367963599011661
NON_OPEX,2022-08-26,QQQ,2022,next_max_excursion,0.061335113440966496,-0.9755553462835587
NON_OPEX,2022-08-26,SPY,2022,next_max_excursion,0.11561210723682117,-0.5746615792748209
NON_OPEX,2022-08-29,IWM,2022,next_max_excursion,0.05276714950116865,0.4740634419355172
NON_OPEX,2022-08-29,QQQ,2022,next_max_excursion,0.13478804400513464,0.5593122195719848
NON_OPEX,2022-08-29,SPY,2022,next_max_excursion,0.09483650288892748,0.601791405060498
NON_OPEX,2022-08-30,IWM,2022,next_max_excursion,0.2756971892365976,-0.599691032982193
NON_OPEX,2022-08-30,QQQ,2022,next_max_excursion,0.2327112138588588,-0.12303322737483491
NON_OPEX,2022-08-30,SPY,2022,next_max_excursion,0.24293512652855606,-0.022367723926723038
NON_OPEX,2022-08-31,IWM,2022,next_max_excursion,0.08021304854835816,0.16172112577578623
NON_OPEX,2022-08-31,QQQ,2022,next_max_excursion,0.25387478590038376,-0.16456934071982854
NON_OPEX,2022-08-31,SPY,2022,next_max_excursion,0.15363368705019775,-0.12062617193426206
NON_OPEX,2022-09-01,IWM,2022,next_max_excursion,0.124190579271596,0.49198212357673077
NON_OPEX,2022-09-01,QQQ,2022,next_max_excursion,0.25864412400303477,0.5914127297022427
NON_OPEX,2022-09-01,SPY,2022,next_max_excursion,0.18098837460481174,0.7803483028599363
NON_OPEX,2022-09-02,IWM,2022,next_max_excursion,0.227795021009423,0.20918670008547657
NON_OPEX,2022-09-02,QQQ,2022,next_max_excursion,0.18350760218312556,-0.04002147725121219
NON_OPEX,2022-09-02,SPY,2022,next_max_excursion,0.1227539107810577,-0.0758433059657424
NON_OPEX,2022-09-06,IWM,2022,next_max_excursion,0.08499402844700547,0.6678963791209971
NON_OPEX,2022-09-06,QQQ,2022,next_max_excursion,0.08723229780562979,0.4831590629018834
NON_OPEX,2022-09-06,SPY,2022,next_max_excursion,0.17557757679630162,0.7296073344336422
NON_OPEX,2022-09-07,IWM,2022,next_max_excursion,0.10070850600029493,-0.013696521517639226
NON_OPEX,2022-09-07,QQQ,2022,next_max_excursion,0.2734841545563762,0.06333922825791127
NON_OPEX,2022-09-07,SPY,2022,next_max_excursion,0.11929344886581719,0.08835853872391564
NON_OPEX,2022-09-08,IWM,2022,next_max_excursion,0.07753224145981132,-0.29958263012923414
NON_OPEX,2022-09-08,QQQ,2022,next_max_excursion,0.2540450099610122,0.013062640221431998
NON_OPEX,2022-09-08,SPY,2022,next_max_excursion,0.23284943198919317,0.04810223426742333
NON_OPEX,2022-09-09,IWM,2022,next_max_excursion,0.0824392945024943,-0.6972172238995942
NON_OPEX,2022-09-09,QQQ,2022,next_max_excursion,0.06532536957767945,-0.6793040191785726
NON_OPEX,2022-09-09,SPY,2022,next_max_excursion,0.12300726559420364,-0.3429127827967653
NON_OPEX,2022-09-19,IWM,2022,next_max_excursion,0.1767614647556786,-0.3702193793489341
NON_OPEX,2022-09-19,QQQ,2022,next_max_excursion,0.18919064701857455,-0.5510903237996594
NON_OPEX,2022-09-19,SPY,2022,next_max_excursion,0.18470767365426294,-0.20689298972115733
NON_OPEX,2022-09-20,IWM,2022,next_max_excursion,0.07393236486483826,0.5722551210214291
NON_OPEX,2022-09-20,QQQ,2022,next_max_excursion,0.17934455494186347,0.38264571817033977
NON_OPEX,2022-09-20,SPY,2022,next_max_excursion,0.17265067505357953,0.7591071496183379
NON_OPEX,2022-09-21,IWM,2022,next_max_excursion,0.23733335367596275,0.27761746152701594
NON_OPEX,2022-09-21,QQQ,2022,next_max_excursion,0.035331793054423154,-0.5172749344082885
NON_OPEX,2022-09-21,SPY,2022,next_max_excursion,0.07871795667283545,-0.5918396779331259
NON_OPEX,2022-09-22,IWM,2022,next_max_excursion,0.09805064583525064,0.3107180263851066
NON_OPEX,2022-09-22,QQQ,2022,next_max_excursion,0.2159787277139847,0.4515203793929121
NON_OPEX,2022-09-22,SPY,2022,next_max_excursion,0.2294734818566639,0.6381033979848154
NON_OPEX,2022-09-23,IWM,2022,next_max_excursion,0.06831510633538568,0.1727808335135852
NON_OPEX,2022-09-23,QQQ,2022,next_max_excursion,0.1664294646680041,0.05461338624733614
NON_OPEX,2022-09-23,SPY,2022,next_max_excursion,0.05198514135825726,-0.23241049538385372
NON_OPEX,2022-09-26,IWM,2022,next_max_excursion,0.02088835713803312,0.03445924949565171
NON_OPEX,2022-09-26,QQQ,2022,next_max_excursion,0.1819732194761499,0.3309205636084984
NON_OPEX,2022-09-26,SPY,2022,next_max_excursion,0.13177852079499067,0.5394081377182012
NON_OPEX,2022-09-27,IWM,2022,next_max_excursion,0.21004624073842343,0.5640917252405009
NON_OPEX,2022-09-27,QQQ,2022,next_max_excursion,0.1825145997501042,0.36822093076224993
NON_OPEX,2022-09-27,SPY,2022,next_max_excursion,0.16442552707006006,0.4667245333644674
NON_OPEX,2022-09-28,IWM,2022,next_max_excursion,0.24788068455500142,0.08450706954110299
NON_OPEX,2022-09-28,QQQ,2022,next_max_excursion,0.1726533387512328,0.35103863508877886
NON_OPEX,2022-09-28,SPY,2022,next_max_excursion,0.17994000577133243,0.2632647505622825
NON_OPEX,2022-09-29,IWM,2022,next_max_excursion,0.02913647828859935,0.1463469616782085
NON_OPEX,2022-09-29,QQQ,2022,next_max_excursion,0.07567151065513437,-0.17833968419746826
NON_OPEX,2022-09-29,SPY,2022,next_max_excursion,0.11378814557044112,-0.0382869020010741
NON_OPEX,2022-09-30,IWM,2022,next_max_excursion,0.09351779881242335,-0.17381319250030636
NON_OPEX,2022-09-30,QQQ,2022,next_max_excursion,0.0958768005981734,0.15053646234738993
NON_OPEX,2022-09-30,SPY,2022,next_max_excursion,0.08089003698772285,0.320210062137118
NON_OPEX,2022-10-03,IWM,2022,next_max_excursion,0.13201364902923246,-0.05634543410903925
NON_OPEX,2022-10-03,QQQ,2022,next_max_excursion,0.058879158787495126,-0.3311717438956676
NON_OPEX,2022-10-03,SPY,2022,next_max_excursion,0.1488631313677975,0.0012245233637493413
NON_OPEX,2022-10-04,IWM,2022,next_max_excursion,0.03731391600472152,-0.42936818535377697
NON_OPEX,2022-10-04,QQQ,2022,next_max_excursion,0.08415557348254896,0.3270016412706087
NON_OPEX,2022-10-04,SPY,2022,next_max_excursion,0.07882313128831804,-0.08794381197261814
NON_OPEX,2022-10-05,IWM,2022,next_max_excursion,0.20335155525385482,-0.378858198214739
NON_OPEX,2022-10-05,QQQ,2022,next_max_excursion,0.08305852438433238,-0.5877156186084718
NON_OPEX,2022-10-05,SPY,2022,next_max_excursion,0.096589117748436,-0.6353806148271586
NON_OPEX,2022-10-06,IWM,2022,next_max_excursion,0.11603239651439161,0.2127020531165864
NON_OPEX,2022-10-06,QQQ,2022,next_max_excursion,0.23891917076466307,0.5380490609141453
NON_OPEX,2022-10-06,SPY,2022,next_max_excursion,0.16562162336039823,0.5184389400553329
NON_OPEX,2022-10-07,IWM,2022,next_max_excursion,0.06988025037816716,-0.22962779148460477
NON_OPEX,2022-10-07,QQQ,2022,next_max_excursion,0.20738392870970399,0.09961409187142367
NON_OPEX,2022-10-07,SPY,2022,next_max_excursion,0.08372724038402457,-0.06027747235309411
NON_OPEX,2022-10-10,IWM,2022,next_max_excursion,0.09264802686222254,0.09867791932218184
NON_OPEX,2022-10-10,QQQ,2022,next_max_excursion,0.05864291994166335,-0.2560626892579769
NON_OPEX,2022-10-10,SPY,2022,next_max_excursion,0.16222401195841313,-0.03525714684347303
NON_OPEX,2022-10-11,IWM,2022,next_max_excursion,0.10439421805690784,-0.36625610015184673
NON_OPEX,2022-10-11,QQQ,2022,next_max_excursion,0.08708549226230006,-0.867226312613445
NON_OPEX,2022-10-11,SPY,2022,next_max_excursion,0.1070211779427209,-1.0035336632169978
NON_OPEX,2022-10-12,IWM,2022,next_max_excursion,0.0980823603170715,1.1333848659856307
NON_OPEX,2022-10-12,QQQ,2022,next_max_excursion,0.05020833471874832,1.4692578928541358
NON_OPEX,2022-10-12,SPY,2022,next_max_excursion,0.17115682015772254,1.6905052874013813
NON_OPEX,2022-10-13,IWM,2022,next_max_excursion,0.14873368359723654,0.24058163574304503
NON_OPEX,2022-10-13,QQQ,2022,next_max_excursion,0.22131756498472896,0.4234287943207824
NON_OPEX,2022-10-13,SPY,2022,next_max_excursion,0.1256960208032739,0.36654060198859995
NON_OPEX,2022-10-14,IWM,2022,next_max_excursion,0.0824725231832942,-0.5343870510640158
NON_OPEX,2022-10-14,QQQ,2022,next_max_excursion,0.18019054284477562,-0.5917977389579039
NON_OPEX,2022-10-14,SPY,2022,next_max_excursion,0.10954809087018391,0.028171086710113258
NON_OPEX,2022-10-24,IWM,2022,next_max_excursion,0.10077653384480972,0.5305884186347876
NON_OPEX,2022-10-24,QQQ,2022,next_max_excursion,0.03590806546979036,0.010664734412434651
NON_OPEX,2022-10-24,SPY,2022,next_max_excursion,0.13466226364629905,0.237415443803755
NON_OPEX,2022-10-25,IWM,2022,next_max_excursion,0.08438357990184261,-0.16077623582573786
NON_OPEX,2022-10-25,QQQ,2022,next_max_excursion,0.1970095885096919,0.14341465687124488
NON_OPEX,2022-10-25,SPY,2022,next_max_excursion,0.1950336467700852,0.20208846013584125
NON_OPEX,2022-10-26,IWM,2022,next_max_excursion,0.060307493186828515,-0.7706901929233805
NON_OPEX,2022-10-26,QQQ,2022,next_max_excursion,0.08044213476571095,-0.1816974266132747
NON_OPEX,2022-10-26,SPY,2022,next_max_excursion,0.10572523652542364,-0.3469538451499057
NON_OPEX,2022-10-27,IWM,2022,next_max_excursion,0.05169631257270905,0.2434151299398768
NON_OPEX,2022-10-27,QQQ,2022,next_max_excursion,0.16755012413211198,0.6939933573887846
NON_OPEX,2022-10-27,SPY,2022,next_max_excursion,0.20223937210183365,0.7512005572860421
NON_OPEX,2022-10-28,IWM,2022,next_max_excursion,0.08980091766427178,-0.5294862860795693
NON_OPEX,2022-10-28,QQQ,2022,next_max_excursion,0.1883824245731526,-0.7163599470537139
NON_OPEX,2022-10-28,SPY,2022,next_max_excursion,0.17765159323146817,-1.0802274498166513
NON_OPEX,2022-10-31,IWM,2022,next_max_excursion,0.07290612041516811,-0.13892495055102483
NON_OPEX,2022-10-31,QQQ,2022,next_max_excursion,0.06502605651449125,0.48946218780508
NON_OPEX,2022-10-31,SPY,2022,next_max_excursion,0.16339254728440722,0.5536341370069611
NON_OPEX,2022-11-01,IWM,2022,next_max_excursion,0.10783278810705119,0.795750349459631
NON_OPEX,2022-11-01,QQQ,2022,next_max_excursion,0.22230898545447272,0.6554594785995427
NON_OPEX,2022-11-01,SPY,2022,next_max_excursion,0.15895614989328047,0.6505850980836447
NON_OPEX,2022-11-02,IWM,2022,next_max_excursion,0.09291185580952085,-0.45083600553522274
NON_OPEX,2022-11-02,QQQ,2022,next_max_excursion,0.2347690588017954,-0.7928724591505607
NON_OPEX,2022-11-02,SPY,2022,next_max_excursion,0.15647288566311826,-0.9074021490445316
NON_OPEX,2022-11-03,IWM,2022,next_max_excursion,0.10227883499187487,0.05543540976597061
NON_OPEX,2022-11-03,QQQ,2022,next_max_excursion,0.13388668107230733,0.4438610751728622
NON_OPEX,2022-11-03,SPY,2022,next_max_excursion,0.14921274444687957,0.3490503433578849
NON_OPEX,2022-11-04,IWM,2022,next_max_excursion,0.12898573574484556,-0.581823736397423
NON_OPEX,2022-11-04,QQQ,2022,next_max_excursion,0.1885426534573951,-0.8342249318826638
NON_OPEX,2022-11-04,SPY,2022,next_max_excursion,0.16449951801501494,-0.745180795142474
NON_OPEX,2022-11-07,IWM,2022,next_max_excursion,0.21429862570456124,-0.04011311116333083
NON_OPEX,2022-11-07,QQQ,2022,next_max_excursion,0.05333504681933712,-0.14518776866519456
NON_OPEX,2022-11-07,SPY,2022,next_max_excursion,0.10924063383478874,-0.10412703060635398
NON_OPEX,2022-11-08,IWM,2022,next_max_excursion,0.22378207061931335,0.0662027850363529
NON_OPEX,2022-11-08,QQQ,2022,next_max_excursion,0.19981613719045332,-0.17146168800145434
NON_OPEX,2022-11-08,SPY,2022,next_max_excursion,0.09118280497033167,0.14705609388118468
NON_OPEX,2022-11-09,IWM,2022,next_max_excursion,0.24372907711194156,0.09138408724770031
NON_OPEX,2022-11-09,QQQ,2022,next_max_excursion,0.03997355431239852,0.43350221508212305
NON_OPEX,2022-11-09,SPY,2022,next_max_excursion,0.15190723087766791,0.2909783566446533
NON_OPEX,2022-11-10,IWM,2022,next_max_excursion,0.1867805205483435,-0.16334226820337872
NON_OPEX,2022-11-10,QQQ,2022,next_max_excursion,0.10457680305599518,-0.04423919615230387
NON_OPEX,2022-11-10,SPY,2022,next_max_excursion,0.15903038050127077,-0.5179604181490252
NON_OPEX,2022-11-11,IWM,2022,next_max_excursion,0.1084838937606854,-0.47361245904612215
NON_OPEX,2022-11-11,QQQ,2022,next_max_excursion,0.057763890096315856,-0.5360122188748933
NON_OPEX,2022-11-11,SPY,2022,next_max_excursion,0.17300808905147727,-0.36685453501791265
NON_OPEX,2022-11-21,IWM,2022,next_max_excursion,0.10510827894586293,-0.6097657279869404
NON_OPEX,2022-11-21,QQQ,2022,next_max_excursion,0.09577309120337651,-0.022693736089762773
NON_OPEX,2022-11-21,SPY,2022,next_max_excursion,0.1765610797735226,-0.09687902960780725
NON_OPEX,2022-11-22,IWM,2022,next_max_excursion,0.2540585650537416,-0.5513589277773763
NON_OPEX,2022-11-22,QQQ,2022,next_max_excursion,0.2106646124791247,-0.22600124636939967
NON_OPEX,2022-11-22,SPY,2022,next_max_excursion,0.3124853277041459,-0.16724481941374858
NON_OPEX,2022-11-23,IWM,2022,next_max_excursion,0.31170671883035544,-0.5868663720372504
NON_OPEX,2022-11-23,QQQ,2022,next_max_excursion,0.27214628636800003,-1.523219002152401
NON_OPEX,2022-11-23,SPY,2022,next_max_excursion,0.1873578223024477,-1.1549131508262382
NON_OPEX,2022-11-25,IWM,2022,next_max_excursion,0.25617214822375667,0.36826439198121097
NON_OPEX,2022-11-25,QQQ,2022,next_max_excursion,0.10307527378467025,0.16802610402345852
NON_OPEX,2022-11-25,SPY,2022,next_max_excursion,0.20120183365869743,0.4566496519319827
NON_OPEX,2022-11-28,IWM,2022,next_max_excursion,0.07158891846437818,-0.5411734105791659
NON_OPEX,2022-11-28,QQQ,2022,next_max_excursion,0.08429215663931437,-0.10024898498754098
NON_OPEX,2022-11-28,SPY,2022,next_max_excursion,0.18533243653315415,-0.4400257299359227
NON_OPEX,2022-11-29,IWM,2022,next_max_excursion,0.10403416445352531,0.7992605437057732
NON_OPEX,2022-11-29,QQQ,2022,next_max_excursion,0.14023659152132853,1.2131481779996443
NON_OPEX,2022-11-29,SPY,2022,next_max_excursion,0.1784934010265895,1.1418508014705449
NON_OPEX,2022-11-30,IWM,2022,next_max_excursion,0.09603307879375711,-0.6864080900354583
NON_OPEX,2022-11-30,QQQ,2022,next_max_excursion,0.08868707254611402,-0.9301669138526623
NON_OPEX,2022-11-30,SPY,2022,next_max_excursion,0.09519614711232738,-0.5523357001852158
NON_OPEX,2022-12-01,IWM,2022,next_max_excursion,0.04977048304910766,0.4612200461293092
NON_OPEX,2022-12-01,QQQ,2022,next_max_excursion,0.14145472749369337,-0.0882587604802354
NON_OPEX,2022-12-01,SPY,2022,next_max_excursion,0.12725518138214567,0.20501863096037898
NON_OPEX,2022-12-02,IWM,2022,next_max_excursion,0.06631811109593545,0.3709072790846806
NON_OPEX,2022-12-02,QQQ,2022,next_max_excursion,0.11518538071966794,-0.04253128403622419
NON_OPEX,2022-12-02,SPY,2022,next_max_excursion,0.21815471091165398,0.25336459060610395
NON_OPEX,2022-12-05,IWM,2022,next_max_excursion,0.10156924526165605,0.130441789126039
NON_OPEX,2022-12-05,QQQ,2022,next_max_excursion,0.0770236112231539,0.4604614188539813
NON_OPEX,2022-12-05,SPY,2022,next_max_excursion,0.2158004085048983,0.4871505432140517
NON_OPEX,2022-12-06,IWM,2022,next_max_excursion,0.20598833207503145,-0.5739201722764218
NON_OPEX,2022-12-06,QQQ,2022,next_max_excursion,0.06630090872494844,-0.8963696698930321
NON_OPEX,2022-12-06,SPY,2022,next_max_excursion,0.16205536380980828,-0.6825330484812007
NON_OPEX,2022-12-07,IWM,2022,next_max_excursion,0.24623349395474164,-0.33960013156985625
NON_OPEX,2022-12-07,QQQ,2022,next_max_excursion,0.18313898587988495,-0.3247279892669308
NON_OPEX,2022-12-07,SPY,2022,next_max_excursion,0.17287620309263177,-0.5417345877383406
NON_OPEX,2022-12-08,IWM,2022,next_max_excursion,0.23676872212985706,-0.9318621560729934
NON_OPEX,2022-12-08,QQQ,2022,next_max_excursion,0.19158858083673097,-0.38391218737659827
NON_OPEX,2022-12-08,SPY,2022,next_max_excursion,0.19109900549436595,-0.3519865604995811
NON_OPEX,2022-12-09,IWM,2022,next_max_excursion,0.11939729331552748,0.0050471721872549224
NON_OPEX,2022-12-09,QQQ,2022,next_max_excursion,0.07769479588687273,-0.07907021090351662
NON_OPEX,2022-12-09,SPY,2022,next_max_excursion,0.14252683662447727,0.27118727702654155
NON_OPEX,2022-12-19,IWM,2022,next_max_excursion,0.05822819829175167,-0.08632095967706288
NON_OPEX,2022-12-19,QQQ,2022,next_max_excursion,0.22913007718490935,-0.3845720945705562
NON_OPEX,2022-12-19,SPY,2022,next_max_excursion,0.17645843207677428,-0.30513007553090876
NON_OPEX,2022-12-20,IWM,2022,next_max_excursion,0.12810994526701158,-0.041169283926292266
NON_OPEX,2022-12-20,QQQ,2022,next_max_excursion,0.24381781868097224,0.08754978079197873
NON_OPEX,2022-12-20,SPY,2022,next_max_excursion,0.24783598974174664,0.09252714866145784
NON_OPEX,2022-12-21,IWM,2022,next_max_excursion,0.07111563126270924,0.42095998649820476
NON_OPEX,2022-12-21,QQQ,2022,next_max_excursion,0.10555842150279765,0.6944580825921451
NON_OPEX,2022-12-21,SPY,2022,next_max_excursion,0.23743719453559922,0.748853386481084
NON_OPEX,2022-12-22,IWM,2022,next_max_excursion,0.13679614246363314,-0.9460982986872111
NON_OPEX,2022-12-22,QQQ,2022,next_max_excursion,0.09121415463607367,-0.6582496600606
NON_OPEX,2022-12-22,SPY,2022,next_max_excursion,0.26427788438537425,-0.5831295804681611
NON_OPEX,2022-12-23,IWM,2022,next_max_excursion,0.25103003798509876,-0.21747032760027452
NON_OPEX,2022-12-23,QQQ,2022,next_max_excursion,0.05529067265657814,-0.04837965112233267
NON_OPEX,2022-12-23,SPY,2022,next_max_excursion,0.16693217889845524,-0.25785731919899035
NON_OPEX,2022-12-27,IWM,2022,next_max_excursion,0.12754833950716207,0.31470799801678595
NON_OPEX,2022-12-27,QQQ,2022,next_max_excursion,0.06949372638018332,-0.006033939162717772
NON_OPEX,2022-12-27,SPY,2022,next_max_excursion,0.2658938410698685,0.3399683876611972
NON_OPEX,2022-12-28,IWM,2022,next_max_excursion,0.3390664740434244,0.2438816530017882
NON_OPEX,2022-12-28,QQQ,2022,next_max_excursion,0.21848947847472905,0.03231641789558104
NON_OPEX,2022-12-28,SPY,2022,next_max_excursion,0.24276513660389792,0.007302712942862222
NON_OPEX,2022-12-29,IWM,2022,next_max_excursion,0.3232781757285029,-0.7310375623108669
NON_OPEX,2022-12-29,QQQ,2022,next_max_excursion,0.08555522780399287,-0.38981188156784263
NON_OPEX,2022-12-29,SPY,2022,next_max_excursion,0.3037987310669975,-0.6252417818009475
NON_OPEX,2022-12-30,IWM,2022,next_max_excursion,0.26097446455166906,0.600555095492942
NON_OPEX,2022-12-30,QQQ,2022,next_max_excursion,0.26437497889723033,0.5856713924684929
NON_OPEX,2022-12-30,SPY,2022,next_max_excursion,0.19972152834754328,0.5568803698240723
