symbol,year,date,next_date,day_abs_oc,day_range,rv5,rv20,median20_range,atr20,range20_ratio,next_rth_range,next_max_excursion,next_abs_oc,monthly_opex_week,eligible_contracts,total_gamma_weight,near_gamma_share_0_5,front_near_gamma_share,weighted_abs_distance
IWM,2020,2020-01-02,2020-01-03,0.005757506790453726,0.015113375251533452,0.0026058104969124934,0.004038433317307701,0.006186393910561654,0.008557099230156134,2.4430024130424846,0.010443426508487433,0.010199084603151665,0.00848906402233185,False,297,51902.441003538406,0.3680523762753666,0.13187537292838955,0.014040722916078685
QQQ,2020,2020-01-02,2020-01-03,0.008209001006197703,0.010167947745478268,0.008997164827863419,0.0054707262751321735,0.006348610571696331,0.007989080853900734,1.6016020561742252,0.010267240553554236,0.010173455873879078,0.004125595927956471,False,299,53674.748597349935,0.11006596032860912,0.06748773554402934,0.017081755785045605
SPY,2020,2020-01-02,2020-01-03,0.004110732945353801,0.00729435558759636,0.00562181359887685,0.004101760152561169,0.005021877975286938,0.006170407413731367,1.4525154978859434,0.007908857005725418,0.007722041842225469,0.0038921409445340505,False,1026,175140.0350418142,0.3421119526049275,0.18704897810795915,0.011057851607493273
IWM,2020,2020-01-03,2020-01-06,0.00848906402233185,0.010443426508487433,0.0027836137342539887,0.0040566685365889515,0.006523124411498623,0.00870222009556943,1.6009853330527173,0.01220628578272044,0.010314233260080075,0.009154714337040293,False,252,44111.59533373706,0.22675435340005543,0.02353784342325539,0.015862853863726024
QQQ,2020,2020-01-03,2020-01-06,0.004125595927956471,0.010267240553554236,0.01011308091585393,0.00614689003040569,0.006750691693367449,0.008282880425906235,1.5209168215520483,0.015764662798713237,0.014541159237132284,0.014399988511029305,False,256,53908.442809425775,0.232650065618042,0.0646309986238913,0.017125754654816673
SPY,2020,2020-01-03,2020-01-06,0.0038921409445340505,0.007908857005725418,0.0067207501390176136,0.00456630189359862,0.005021877975286938,0.006335517904272002,1.5748803624153225,0.010515228985158376,0.010109584856561993,0.009828776280216722,False,870,141502.9991341961,0.28211312818736967,0.11399081443437907,0.013036591628433269
IWM,2020,2020-01-06,2020-01-07,0.009154714337040293,0.01220628578272044,0.0024521849620992124,0.004055845368670295,0.006523124411498623,0.008934623759686068,1.87123301852159,0.006854653213138942,0.0038974445130108837,0.0003033245368908588,False,248,48267.28561146253,0.27628421212889664,0.03628639025657532,0.01462959088696102
QQQ,2020,2020-01-06,2020-01-07,0.014399988511029305,0.015764662798713237,0.010408941409623703,0.006194704601399668,0.00706895205974958,0.008741362744893816,2.230127275650488,0.005982161425449981,0.003676952588738569,0.0005101122735249319,False,258,56582.96564295479,0.17947203123726113,0.05529180005924587,0.017063965562639116
SPY,2020,2020-01-06,2020-01-07,0.009828776280216722,0.010515228985158376,0.006971156062329449,0.004589886357360666,0.005119820185775903,0.006590053969385341,2.0538277915252223,0.004024575428029785,0.0024205523924252237,0.0008977092353609217,False,956,151636.89503937087,0.2769426933212661,0.11056361201059665,0.012503105990628727
IWM,2020,2020-01-07,2020-01-08,0.0003033245368908588,0.006854653213138942,0.002627009102762935,0.003377374735864444,0.006810237209000535,0.008511979788461983,1.0065219467068938,0.007948049389518855,0.0073412898999447584,0.0029728807948123936,False,246,51982.25859380653,0.4132821769423229,0.05414575015690092,0.014116800804652257
QQQ,2020,2020-01-07,2020-01-08,0.0005101122735249319,0.005982161425449981,0.009464759306464331,0.005961562203898758,0.00706895205974958,0.008468676277977996,0.8462585931954816,0.013828286438696345,0.012250577214145908,0.007656584206424011,False,250,65750.49156072657,0.20732427044014254,0.07671413194507311,0.01573593847893596
SPY,2020,2020-01-07,2020-01-08,0.0008977092353609217,0.004024575428029785,0.006475450724176992,0.004362352223356884,0.005119820185775903,0.006279136253900778,0.7860774953016959,0.00963022644469934,0.008794191851181132,0.004675821373039568,False,987,181371.07455934354,0.27952880470484387,0.154141742879879,0.01098091114472364
IWM,2020,2020-01-08,2020-01-09,0.0029728807948123936,0.007948049389518855,0.0030536783222062575,0.0033664810336519113,0.006896152886460321,0.008672971757650607,1.1525338141971582,0.00716351117495986,0.005203924960290207,0.0036720480874156136,False,283,53897.93151256255,0.2998341852619506,0.05335651221108304,0.014364628470711406
QQQ,2020,2020-01-08,2020-01-09,0.007656584206424011,0.013828286438696345,0.009611216436680574,0.0058176743759426825,0.00706895205974958,0.008767311288956494,1.956200342259248,0.007764670363046829,0.005649697715344848,0.00022838700648675214,False,298,60295.80304597746,0.13611531567895366,0.03982054912860028,0.016906338895994348
SPY,2020,2020-01-08,2020-01-09,0.004675821373039568,0.00963022644469934,0.0067546154382893565,0.0043252123262589835,0.005860925822413501,0.006541822046436512,1.6431237549315474,0.003709902989545559,0.0019661300996498543,0.0015023001866365515,False,994,167758.69043119848,0.3377698311543066,0.1372907657356506,0.012186752801675863
IWM,2020,2020-01-09,2020-01-10,0.0036720480874156136,0.00716351117495986,0.003111825623248911,0.003366832821166422,0.00705058186737078,0.008719074163649863,1.0160170195472382,0.009000335038944245,0.008221718201012918,0.003986733010829524,False,296,64853.41220713066,0.2865188127570176,0.052718326562421765,0.013877914340002125
QQQ,2020,2020-01-09,2020-01-10,0.00022838700648675214,0.007764670363046829,0.007403267868889457,0.005856309116075037,0.00722988748662544,0.008934870475068002,1.0739683539212308,0.008323865272912649,0.008301288172429588,0.006459010181085745,False,283,59653.467585990125,0.32602504574166175,0.065845360410192,0.016050958914573976
SPY,2020,2020-01-09,2020-01-10,0.0015023001866365515,0.003709902989545559,0.0060835752943414565,0.0044173420445238415,0.005436197560781609,0.006616011260725155,0.682444474849467,0.0069051275292343174,0.006426802765800765,0.004827575082014368,False,1065,183539.72445118253,0.3009875432712579,0.17458069090733688,0.010657988265573744
IWM,2020,2020-01-10,2020-01-13,0.003986733010829524,0.009000335038944245,0.0030618532233974644,0.003515679729989895,0.0075557802822393575,0.008821741091598268,1.1911853842680502,0.01194365182948197,0.006669036185550814,0.006184092745016745,False,245,58703.7374904157,0.28559872262505953,0.2619631519808722,0.012882573424115473
QQQ,2020,2020-01-10,2020-01-13,0.006459010181085745,0.008323865272912649,0.004961402323444824,0.005997634168272816,0.007409269444721693,0.009036364540799383,1.123439407220169,0.009118679539065332,0.007522882791727303,0.007386108164241678,False,230,52461.807762174714,0.1642480616916469,0.11419688674385373,0.015883751601095467
SPY,2020,2020-01-10,2020-01-13,0.004827575082014368,0.0069051275292343174,0.00458718119970056,0.004547400987476836,0.006541215363326762,0.0067610048403919125,1.0556337233517525,0.006250123887953677,0.004810125114678154,0.004779550502713947,False,949,166101.17890283786,0.3043367572157684,0.25692118978030026,0.010882915109631198
IWM,2020,2020-01-13,2020-01-14,0.006184092745016745,0.01194365182948197,0.004343878029306725,0.0032895448726361293,0.0075557802822393575,0.00854250347934499,1.5807304319789126,0.01580477546323139,0.014835878389834578,0.0086593674449289,True,254,68703.41655774464,0.1397684559375759,0.11010777768305421,0.01297402420842866
QQQ,2020,2020-01-13,2020-01-14,0.007386108164241678,0.009118679539065332,0.00601342684938589,0.0062152376563481,0.007409269444721693,0.008929764576734634,1.230712367406399,0.006656408463501272,0.005005874293385171,0.0034413807255870843,True,226,46813.5560925809,0.2926028689745428,0.2436507208143651,0.01708416802109648
SPY,2020,2020-01-13,2020-01-14,0.004779550502713947,0.006250123887953677,0.005062082524014819,0.004424458581476236,0.006213713542686442,0.006498940126903651,1.0058596755413822,0.005435608674570527,0.0035117534192370403,6.104074754131883e-05,True,1042,169107.98743828217,0.31064800468228954,0.2556114305338633,0.01010126157359263
IWM,2020,2020-01-14,2020-01-15,0.0086593674449289,0.01580477546323139,0.0037978538288278734,0.0031815714712984484,0.0075557802822393575,0.008639646905220975,2.0917463018852134,0.010893756395329295,0.010833602876201498,0.007342770180679192,True,246,71020.09219472644,0.20588018435305055,0.1538252810230123,0.013499392172872918
QQQ,2020,2020-01-14,2020-01-15,0.0034413807255870843,0.006656408463501272,0.0069815841324411335,0.006428624737363048,0.00722988748662544,0.00879028793046584,0.9206793986510791,0.00794732072776248,0.004541326130149903,0.00013623424029352016,True,232,57397.22522202488,0.3446533082772252,0.28332396921762726,0.01491912287160323
SPY,2020,2020-01-14,2020-01-15,6.104074754131883e-05,0.005435608674570527,0.004736535851415086,0.004477142787631242,0.005806455935994867,0.00635250918962785,0.9361319080843417,0.005376444830400672,0.005101520937892179,0.0025660495562203067,True,916,196074.5389337896,0.39578324630563266,0.34196334552192187,0.009609525439588948
IWM,2020,2020-01-15,2020-01-16,0.007342770180679192,0.010893756395329295,0.003977250016923701,0.0032534554418597967,0.008474192214231551,0.008717644349862847,1.2855215128392214,0.00854144654300944,0.007592376814170354,0.005575671521590664,True,304,74207.56953573442,0.22081354643638265,0.17855013548383622,0.012882993571599445
QQQ,2020,2020-01-15,2020-01-16,0.00013623424029352016,0.00794732072776248,0.006861704225758058,0.006234669876893521,0.007409269444721693,0.008623172446281507,1.0726186686899462,0.0068694547074228795,0.004745347455522575,0.004564534222145644,True,306,67202.65976567316,0.31466481267289087,0.2651913666499276,0.013372353046381182
SPY,2020,2020-01-15,2020-01-16,0.0025660495562203067,0.005376444830400672,0.00454054676236075,0.00430596210301401,0.005406026752485599,0.006164298329983292,0.9945279734194201,0.004458602263502662,0.0037003372021018333,0.0037003372021018333,True,998,182604.35359772635,0.24881691221525262,0.19483255308911,0.010215645610665486
IWM,2020,2020-01-16,2020-01-17,0.005575671521590664,0.00854144654300944,0.005975956467028843,0.0041216390789697785,0.008770890790976843,0.009159391387285514,0.973840257114654,0.011099362245698048,0.009545269626071384,0.007105893021801202,True,293,87204.950724018,0.6009889806117407,0.5183650571818426,0.008289821792638248
QQQ,2020,2020-01-16,2020-01-17,0.004564534222145644,0.0068694547074228795,0.007105400066448591,0.006406693252379038,0.007409269444721693,0.008951350117985278,0.927143324814112,0.006449312295229961,0.005222418906939863,0.00044789548576851246,True,304,47746.327657692666,0.2645712150479072,0.1894652705297948,0.012657917791346571
SPY,2020,2020-01-16,2020-01-17,0.0037003372021018333,0.004458602263502662,0.004952992321501179,0.004566817569586895,0.005406026752485599,0.006459718546194681,0.8247466147763092,0.0040096066425089885,0.0025691584942866275,0.0007536930684342025,True,953,174589.67760215644,0.6078237259098466,0.5248146886020625,0.007588827905403125
IWM,2020,2020-01-17,2020-01-21,0.007105893021801202,0.011099362245698048,0.005612465334566414,0.004222848749931409,0.009440520067560338,0.009425378284883008,1.1757151265254813,0.010216210587239516,0.006516388533805317,0.004098375141986188,True,234,27226.44502623704,0.1116112811440659,0.04138718978336449,0.012102738121085256
QQQ,2020,2020-01-17,2020-01-21,0.00044789548576851246,0.006449312295229961,0.0063931532534848194,0.006397782334167598,0.007409269444721693,0.009084234631241906,0.870438353382384,0.005297148073618933,0.004848275532802315,0.0023343701081164347,True,245,22099.446669448076,0.21072610472691428,0.08141783624982422,0.016606965287327354
SPY,2020,2020-01-17,2020-01-21,0.0007536930684342025,0.0040096066425089885,0.003907740920446213,0.004558192506706219,0.005406026752485599,0.006548019859070687,0.7416919719580447,0.004109958829397697,0.00386823452072127,0.0012088059953530017,True,828,79099.8081329468,0.34540434712829016,0.1839071440141863,0.010757765176705408
IWM,2020,2020-01-21,2020-01-22,0.004098375141986188,0.010216210587239516,0.008022949541447168,0.004654923766226609,0.009907639231689167,0.009700161294449883,1.0311447912398137,0.008561760036289409,0.006041451189579661,0.003745792696756678,False,259,31501.757761922112,0.27096706201078996,0.1786722527211989,0.013208798917422165
QQQ,2020,2020-01-21,2020-01-22,0.0023343701081164347,0.005297148073618933,0.005242129874295358,0.0064060831133355926,0.007409269444721693,0.009019082358847345,0.7149352730575321,0.00695155088069342,0.0036674598043267004,0.0024063479172476976,False,241,27558.74505939259,0.25216264122530213,0.1360096067137794,0.014757558605764323
SPY,2020,2020-01-21,2020-01-22,0.0012088059953530017,0.004109958829397697,0.004162598581577048,0.0046059980491445895,0.005406026752485599,0.006524446672770254,0.760254992727886,0.0053575693222275705,0.0032308988231330993,0.0027088668520892645,False,965,99743.28452561324,0.3191071309175314,0.20765475606499526,0.010476676656186004
IWM,2020,2020-01-22,2020-01-23,0.003745792696756678,0.008561760036289409,0.00804115677496116,0.004658340561136942,0.009907639231689167,0.009921406292497202,0.8641574280283622,0.015080814963584366,0.00997285697013095,0.002094499293493479,False,307,51709.40149421383,0.23843047758782662,0.1496344067750676,0.015200964835361494
QQQ,2020,2020-01-22,2020-01-23,0.0024063479172476976,0.00695155088069342,0.004029760848847137,0.006400531491167055,0.007409269444721693,0.009044211015868308,0.9382235229204212,0.008894276590267015,0.004669998020536914,0.003799011459095336,False,302,52275.02971251721,0.22063762260479758,0.13022303211047057,0.016736905203137576
SPY,2020,2020-01-22,2020-01-23,0.0027088668520892645,0.0053575693222275705,0.0038645554543951842,0.004592399771063827,0.005367007076314122,0.006391092888262435,0.9982415238228021,0.008347729258883354,0.004657800327189543,0.0032967254084423914,False,994,155858.06324117703,0.32868090184023535,0.14334262891133318,0.011555202429876857
IWM,2020,2020-01-23,2020-01-24,0.002094499293493479,0.015080814963584366,0.007798628344476938,0.004651016101853954,0.01002354114382036,0.010372117760633185,1.5045396379583755,0.022498654263946635,0.023016494414138444,0.015594281309740166,False,299,54086.309677830184,0.2865483122387254,0.19752655254394325,0.014177252584482308
QQQ,2020,2020-01-23,2020-01-24,0.003799011459095336,0.008894276590267015,0.0036849175162214838,0.006377021706525785,0.007604190151711409,0.00936585971825998,1.1696546789095297,0.018658069159967955,0.017909510775009796,0.013029615535183892,False,266,54368.15044715151,0.2887916685538573,0.16497382072284075,0.015877521380822976
SPY,2020,2020-01-23,2020-01-24,0.0032967254084423914,0.008347729258883354,0.0039043822256857813,0.0045936731519915855,0.005406026752485599,0.006664164832816527,1.5441524137935887,0.01555171877561759,0.015518136965909646,0.011039626401101454,False,975,181117.93043312128,0.3956959775454693,0.23739315660016064,0.010261648107765984
IWM,2020,2020-01-24,2020-01-27,0.015594281309740166,0.022498654263946635,0.00517248668751793,0.005413644375916633,0.010164359753839166,0.011302374891734638,2.2134846472202736,0.012711128318306293,0.010070613006953,0.004052737971043108,False,260,34901.18888134202,0.19423339551656582,0.079794067693216,0.01895418766088249
QQQ,2020,2020-01-24,2020-01-27,0.013029615535183892,0.018658069159967955,0.005293349963282242,0.006851755497156534,0.007855995545404655,0.01014968672188583,2.3750101501625656,0.009647659857495373,0.007396520530596806,0.0019755039196378554,False,257,42938.72295560347,0.1579065681129453,0.09119713550134743,0.01929615268132048
SPY,2020,2020-01-24,2020-01-27,0.011039626401101454,0.01555171877561759,0.004625043028762116,0.005155197714674169,0.005806455935994867,0.0073469322224122575,2.678349572793751,0.007615365335647542,0.006469975995383015,0.0014549770067151524,False,841,132566.65696459703,0.2491379030778233,0.12694283656462188,0.013316264985774774
IWM,2020,2020-01-27,2020-01-28,0.004052737971043108,0.012711128318306293,0.005672446748503178,0.005943064682681225,0.010329818547863474,0.012014269342965055,1.2305277444525244,0.011610871752707067,0.006177714067531648,0.002249210438829863,False,248,35137.27509119577,0.16785929770538308,0.05422916559138405,0.01939245612387437
QQQ,2020,2020-01-27,2020-01-28,0.0019755039196378554,0.009647659857495373,0.010037887089697049,0.008413900221224268,0.008135593000337563,0.01094310027728317,1.1858582228849293,0.01320346550415313,0.010562772403322596,0.008240746510760788,False,258,58201.55946475626,0.11025873492629422,0.056737096123381736,0.020092444219309436
SPY,2020,2020-01-27,2020-01-28,0.0014549770067151524,0.007615365335647542,0.007245474273243814,0.006328137937265078,0.006213713542686442,0.008008429933226462,1.2255739314875318,0.013074509419553895,0.008583057176756892,0.005629782512730941,False,951,122992.58414951882,0.21096088560283333,0.12574848520137752,0.016653778568224756
IWM,2020,2020-01-28,2020-01-29,0.002249210438829863,0.011610871752707067,0.008588619243291379,0.006208056890361368,0.010668591451908363,0.012091367755406125,1.0883228404655192,0.010054534226174248,0.007321612274062472,0.0070866952421599905,False,248,44895.82193658063,0.1780609699695761,0.10921760981931457,0.01757873673057146
QQQ,2020,2020-01-28,2020-01-29,0.008240746510760788,0.01320346550415313,0.013586660947133993,0.008984568194761237,0.008609070931589833,0.011472525527292814,1.533669034565017,0.009430532215725899,0.00837744341523794,0.003906929880558296,False,249,58662.16548695916,0.1596330829895793,0.09537257064580386,0.017540572008116657
SPY,2020,2020-01-28,2020-01-29,0.005629782512730941,0.013074509419553895,0.010154460567174239,0.006737920266030948,0.006577625708593998,0.00844542859422628,1.9877247503565598,0.006790946321850318,0.006066210243116821,0.005359673973612034,False,948,148937.0541181519,0.20042613243071059,0.12272100161977598,0.014155114409813855
IWM,2020,2020-01-29,2020-01-30,0.0070866952421599905,0.010054534226174248,0.008491339492246529,0.006308185303171399,0.010668591451908363,0.012100403147726275,0.9424425212548303,0.013571645563547273,0.007983315407722902,0.0066936647163078344,False,322,47906.18223676428,0.1654876676478101,0.08226815267399233,0.01755173490531221
QQQ,2020,2020-01-29,2020-01-30,0.003906929880558296,0.009430532215725899,0.013515264561638261,0.008765757886238077,0.008609070931589833,0.011368514392407205,1.0954181108116816,0.013658201470848083,0.010527234839945443,0.010073514708757836,False,295,68588.29170631789,0.17522214724252197,0.11050567229140332,0.01683282915967987
SPY,2020,2020-01-29,2020-01-30,0.005359673973612034,0.006790946321850318,0.010098897257506066,0.006592504257377067,0.006520535104901998,0.008391612730262222,1.0414707094736797,0.013472670226110086,0.010944686369680046,0.010235563799956049,False,947,150065.2988968131,0.2920217222282053,0.17778251384640742,0.013864271124909651
IWM,2020,2020-01-30,2020-01-31,0.0066936647163078344,0.013571645563547273,0.008567307806575322,0.00629460797845972,0.01099655932051367,0.012278825648194389,1.234171995801439,0.023818266073954486,0.020558698806586007,0.01708307873990733,False,304,51974.91646932186,0.20009050770621403,0.11091615327824772,0.015634080556051522
QQQ,2020,2020-01-30,2020-01-31,0.010073514708757836,0.013658201470848083,0.013547997609660222,0.008770086972825289,0.009006478064666174,0.01167946194657626,1.516486397100255,0.02357627298904204,0.024004790207196924,0.019952540953940168,False,263,69189.37145637898,0.22558076720176568,0.14597981896865653,0.016300349288630743
SPY,2020,2020-01-30,2020-01-31,0.010235563799956049,0.013472670226110086,0.010345789882391238,0.006605134619635888,0.006848036925542318,0.008752249016165111,1.9673769830093524,0.01969419706852064,0.019549118569821555,0.01611617435373658,False,834,167548.33856453674,0.2615376715467032,0.18314029136018742,0.012185384415831757
IWM,2020,2020-01-31,2020-02-03,0.01708307873990733,0.023818266073954486,0.011035376381020291,0.007738668719000919,0.01099655932051367,0.012707806581727413,2.1659744088791846,0.008910811437066278,0.008230114616540884,0.004455452930131276,False,237,28919.56185347423,0.184016109015498,0.03253670478995468,0.019895407880375155
QQQ,2020,2020-01-31,2020-02-03,0.019952540953940168,0.02357627298904204,0.014818889256787931,0.008982729650096269,0.009006478064666174,0.012028337850688542,2.6177017053464504,0.013173407397677772,0.012492050547944666,0.010175367944828873,False,225,51859.254093042866,0.19687750669337625,0.06396232881377038,0.02052385163374511
SPY,2020,2020-01-31,2020-02-03,0.01611617435373658,0.01969419706852064,0.012420111250216363,0.007552639314620561,0.006848036925542318,0.009342025965882548,2.875889438484737,0.009092322207858727,0.008690265982843837,0.0023812865289551954,False,783,101724.64336259244,0.13979121934875757,0.05718108459054265,0.017989328719115485
IWM,2020,2020-02-03,2020-02-04,0.004455452930131276,0.008910811437066278,0.012712857247936022,0.008217631140786212,0.01099655932051367,0.01282799052165356,0.810327228485322,0.006998928327987356,0.006086056934200723,0.0027996270507102405,False,244,41719.815878882975,0.11709640270218363,0.03519207961979967,0.01994964406857963
QQQ,2020,2020-02-03,2020-02-04,0.010175367944828873,0.013173407397677772,0.012773282279250111,0.009215845466094259,0.009006478064666174,0.012234029127012283,1.462659133025496,0.014240115073824935,0.010824250116342915,0.009094149003680663,False,256,51934.31745023353,0.1266244852781863,0.04120237821774647,0.01930890962870117
SPY,2020,2020-02-03,2020-02-04,0.0023812865289551954,0.009092322207858727,0.011235874168744019,0.007553831462927941,0.006848036925542318,0.009450259876920202,1.3277268079477647,0.006980243526677369,0.005913379455894763,0.003017618838276226,False,896,114807.26554251718,0.14809123701387897,0.05765760565206554,0.01761355773762448
IWM,2020,2020-02-04,2020-02-05,0.0027996270507102405,0.006998928327987356,0.014272543969910708,0.008951201947003324,0.010554983491284406,0.013143424217178198,0.6630923045750473,0.011052356950452837,0.006307082404520603,0.004985594980510877,False,264,46365.30318335563,0.26575380183252556,0.10163616318998771,0.0182142660459246
QQQ,2020,2020-02-04,2020-02-05,0.009094149003680663,0.014240115073824935,0.014744782326172396,0.0103093834002517,0.009006478064666174,0.012684102961769436,1.5810969583872236,0.014769096899902785,0.014811551774075449,0.008644304917802659,False,252,38766.32587384208,0.11847286177084645,0.03011697740380669,0.01922024168913752
SPY,2020,2020-02-04,2020-02-05,0.003017618838276226,0.006980243526677369,0.012437799134751978,0.008235652229156473,0.006848036925542318,0.009836245804920662,1.0193057663929843,0.007283182322122613,0.004838586872006001,0.001775653406562494,False,879,131780.60368041677,0.22603860834938672,0.08895068808492891,0.014495677188084956
IWM,2020,2020-02-05,2020-02-06,0.004985594980510877,0.011052356950452837,0.015267902597387507,0.009560111798378288,0.010973056672891066,0.013636230515611681,1.0072268174607795,0.00827922684318111,0.006776234828708816,0.005718069672745352,False,307,50407.62737907989,0.185774374073269,0.09441917435321565,0.018138637841386137
QQQ,2020,2020-02-05,2020-02-06,0.008644304917802659,0.014769096899902785,0.014654633556301996,0.010287431606542505,0.009274605877395616,0.013132233834515524,1.592423127746973,0.009921781280101662,0.0063814273207363215,0.006119188759809768,False,327,44482.09075983129,0.11579755303841469,0.06924947118574525,0.019130533826084498
SPY,2020,2020-02-05,2020-02-06,0.001775653406562494,0.007283182322122613,0.013100947184102,0.008519471159908086,0.006942685527955843,0.010232302488613699,1.0490439604092257,0.004162842182602248,0.0033353843445185216,0.0002096592598332947,False,879,126994.7289856669,0.24965035884489872,0.07703003251196576,0.01413196064573721
IWM,2020,2020-02-06,2020-02-07,0.005718069672745352,0.00827922684318111,0.015456126713101865,0.00956760393804234,0.010973056672891066,0.01365417620028172,0.7545050654513559,0.011786678651761275,0.011496347079176239,0.008479093512825941,False,315,57037.02183620567,0.16550648448754868,0.0946014917592202,0.016139884037329136
QQQ,2020,2020-02-06,2020-02-07,0.006119188759809768,0.009921781280101662,0.014636461114127117,0.010316680211191274,0.009274605877395616,0.012938243821699894,1.0697792888734348,0.008291190106956678,0.005585611620011255,0.0001745212318629008,False,313,44314.90418199287,0.14499030233115354,0.08173213995826048,0.018363726358840315
SPY,2020,2020-02-06,2020-02-07,0.0002096592598332947,0.004162842182602248,0.013099652086227062,0.00848523259732271,0.006848036925542318,0.009959276560930399,0.6078883960270964,0.007181010991719487,0.003679135097248043,0.0018628541059537707,False,895,144535.4346338738,0.25347318303959393,0.13342127361488176,0.013122030062715525
IWM,2020,2020-02-07,2020-02-10,0.008479093512825941,0.011786678651761275,0.012235100664829471,0.009983732914746364,0.011075859598075444,0.01405204796712151,1.0641773261381307,0.008689795193221744,0.008082169730107891,0.007596013724750605,False,258,41158.74924894666,0.18386003549215985,0.04019421568772683,0.017882586220836487
QQQ,2020,2020-02-07,2020-02-10,0.0001745212318629008,0.008291190106956678,0.010484654765764677,0.01035343393308608,0.009274605877395616,0.012830568473650656,0.8939668398378251,0.01575902121455257,0.015496380880318128,0.015452629756481873,False,266,36986.33538810533,0.0979852686200116,0.03553739130579762,0.020137591020747445
SPY,2020,2020-02-07,2020-02-10,0.0018628541059537707,0.007181010991719487,0.00794531628316396,0.008519310796548801,0.006942685527955843,0.009965716384865384,1.0343275614031469,0.010747811009011175,0.010627023207197217,0.010415667587546862,False,844,131571.64064817067,0.27866855899211407,0.09272553398378112,0.013617062957924872
IWM,2020,2020-02-10,2020-02-11,0.007596013724750605,0.008689795193221744,0.011831569999233502,0.010025992210474835,0.011075859598075444,0.014035568913429403,0.7845707248520642,0.010132516994032156,0.007014889830513793,0.0010193263060014335,False,237,49617.374701576555,0.2570985545289866,0.08944963002408007,0.017100736818675966
QQQ,2020,2020-02-10,2020-02-11,0.015452629756481873,0.01575902121455257,0.010134566103507844,0.01050610369048605,0.009539096036610635,0.013198079095382304,1.6520455558965057,0.011232627549738746,0.007994840761937239,0.005316207902096748,False,261,32916.885004569456,0.17322554693163594,0.04797420150581516,0.021595134252438235
SPY,2020,2020-02-10,2020-02-11,0.010415667587546862,0.010747811009011175,0.007946465090822965,0.00859298111714457,0.007080627259198427,0.01015560494468958,1.517917921049822,0.006960959996426785,0.004422167499453344,0.0026772783397188693,False,885,122924.85553851491,0.1830053211069132,0.07437498497833243,0.014900193062373213
IWM,2020,2020-02-11,2020-02-12,0.0010193263060014335,0.010132516994032156,0.010457020906538116,0.010040923592961994,0.010973056672891066,0.014086540424758983,0.9233996775998193,0.006011156297783044,0.0044237535782170045,0.0005356287085001021,False,246,51091.093067918635,0.12009387627443795,0.056409473726728575,0.01763317463649222
QQQ,2020,2020-02-11,2020-02-12,0.005316207902096748,0.011232627549738746,0.006535996814409308,0.010329573427497083,0.009784720568798517,0.013179097779669366,1.1479763239797884,0.006770082260680629,0.004284857224603034,0.00381352031462745,False,266,38059.662563507554,0.19650760754555038,0.07904439592560443,0.020055422185366784
SPY,2020,2020-02-11,2020-02-12,0.0026772783397188693,0.006960959996426785,0.006349585810532824,0.008496676332558422,0.007080627259198427,0.01015979278043302,0.9830993415708781,0.0036220089342947448,0.0024344843301022934,0.001751705248909552,False,916,140029.52453852035,0.2158013383021513,0.11282727348829548,0.013937782676249956
IWM,2020,2020-02-12,2020-02-13,0.0005356287085001021,0.006011156297783044,0.008344229999564806,0.010122307556155364,0.010554983491284406,0.013698501172797282,0.569508829904533,0.011003446504357634,0.010345626808456743,0.007953604959608285,False,307,54444.66810586792,0.11739835531414745,0.05532968802549789,0.016131617142754896
QQQ,2020,2020-02-12,2020-02-13,0.00381352031462745,0.006770082260680629,0.0069880349197066075,0.010334027506550856,0.009784720568798517,0.013357199147142947,0.6919034849364063,0.01104707733911747,0.00984350624200836,0.0057169955061213695,False,295,43195.52781405925,0.21866222395635432,0.14192359077718256,0.017107535412914824
SPY,2020,2020-02-12,2020-02-13,0.001751705248909552,0.0036220089342947448,0.005063665566069706,0.008551902256090602,0.007080627259198427,0.01024484754490533,0.5115378626363082,0.007622216608846881,0.006729023593743388,0.0035729537883923967,False,962,126862.02020908047,0.2626997019017956,0.13452144411429018,0.01377491365824528
IWM,2020,2020-02-13,2020-02-14,0.007953604959608285,0.011003446504357634,0.00815186145372924,0.010085245701215051,0.010609828545798575,0.013702446437721932,1.0370993703489138,0.00853587710406449,0.008127170073587653,0.004742163996619753,False,286,53441.14510138227,0.16945848858647708,0.051539863365029755,0.015083128574619938
QQQ,2020,2020-02-13,2020-02-14,0.0057169955061213695,0.01104707733911747,0.007197339841264338,0.010364729886260278,0.010484429309609567,0.013508127150001386,1.0536651078368382,0.005590157800911152,0.0033825445335478044,0.001280204217999792,False,303,49588.898114275056,0.33862015834362275,0.1940049991501209,0.015745807235906337
SPY,2020,2020-02-13,2020-02-14,0.0035729537883923967,0.007622216608846881,0.005307900721925297,0.008569410690995555,0.00723209665692105,0.010355456206246623,1.053942856467839,0.0045331952683695,0.00389648278116983,0.00026664790757791046,False,892,155925.07326745417,0.2449130664680812,0.15692910329063633,0.012466580227525082
IWM,2020,2020-02-14,2020-02-18,0.004742163996619753,0.00853587710406449,0.00454573087838149,0.009679610707409123,0.010609828545798575,0.013382771777977328,0.8045254517750566,0.009731372434701492,0.00642917365443374,0.00023876588736015947,False,248,45782.18511247555,0.10018678758939151,0.08045492215614908,0.01637563547567197
QQQ,2020,2020-02-14,2020-02-18,0.001280204217999792,0.005590157800911152,0.005907523070015981,0.010251633961014648,0.010484429309609567,0.013299815892067177,0.5331866557379007,0.008222690231029176,0.0071520264194659955,0.005267647655413654,False,248,33894.87133094615,0.19420020698022356,0.1452607292075043,0.017801893177236676
SPY,2020,2020-02-14,2020-02-18,0.00026664790757791046,0.0045331952683695,0.0035921623062527518,0.008412928542750005,0.00723209665692105,0.010166499306020664,0.6268161894699338,0.00731039761453047,0.003878220648805053,0.0006537731845075445,False,849,129134.24261067064,0.2866538149554667,0.21007367314837258,0.013311162876100948
IWM,2020,2020-02-18,2020-02-19,0.00023876588736015947,0.009731372434701492,0.0050016673619245645,0.009673404663191042,0.010174363790635837,0.013310757941773185,0.9564600435909261,0.009573649449256337,0.0057679802061283425,0.0013676382829475031,True,252,48179.30938234815,0.1989402809369418,0.16334496452345895,0.015219803836450534
QQQ,2020,2020-02-18,2020-02-19,0.005267647655413654,0.008222690231029176,0.004378279161090883,0.010251142603059153,0.010484429309609567,0.013385036572075912,0.7842763767306457,0.006860606800018818,0.005674824504220188,0.0035996731764282863,True,246,40044.411581983164,0.20905551678944034,0.16316331810270998,0.016823845961473124
SPY,2020,2020-02-18,2020-02-19,0.0006537731845075445,0.00731039761453047,0.0034399769686909087,0.00843509094080865,0.007296789968326542,0.01032988616999763,1.001864881168705,0.004736598316894039,0.003818875617134232,0.0016281943783296171,True,931,134640.6111702839,0.21878945206422076,0.1596578793569106,0.012651309024161075
IWM,2020,2020-02-19,2020-02-20,0.0013676382829475031,0.009573649449256337,0.004614907060274689,0.009563364065331774,0.010093525610103203,0.013258915647103037,0.9484940960246347,0.015008959881288616,0.007863602781626344,0.005419914801607639,True,267,67772.23823346922,0.2122788681927485,0.15055765274219854,0.01616011395105238
QQQ,2020,2020-02-19,2020-02-20,0.0035996731764282863,0.006860606800018818,0.005149684348092344,0.01034278639671574,0.010484429309609567,0.013704564782772133,0.6543614914481504,0.021441224399374754,0.019751603133566054,0.007104829091048925,True,275,46573.1885485831,0.18405230368158795,0.10159016194639163,0.018170301298121017
SPY,2020,2020-02-19,2020-02-20,0.0016281943783296171,0.004736598316894039,0.0038030657764117587,0.008455840413404372,0.007296789968326542,0.010473978877378842,0.6491345286700555,0.014685918505576547,0.012167338910662906,0.002339012406542551,True,889,165484.96902536415,0.3549605946690307,0.22199208499303819,0.01362547819616092
IWM,2020,2020-02-20,2020-02-21,0.005419914801607639,0.015008959881288616,0.003711290927751925,0.009572736755508482,0.010567981749194894,0.013577719815185857,1.4202295421670321,0.013678282100763729,0.010942055223917446,0.006244352251449592,True,286,66532.60647482227,0.2560891656200701,0.1893292337372264,0.013843697692673957
QQQ,2020,2020-02-20,2020-02-21,0.007104829091048925,0.021441224399374754,0.006837804038010748,0.01070394922212018,0.011139852444428108,0.01436184741579941,1.9247314545983192,0.020076140449311605,0.018707453118416817,0.0142973174485862,True,283,66056.52880498228,0.24062798253141826,0.17159957639150203,0.014670719808517075
SPY,2020,2020-02-20,2020-02-21,0.002339012406542551,0.014685918505576547,0.003525239564963903,0.00853376420109317,0.007462881475089006,0.010938334093670505,1.9678616838010812,0.009628315421870242,0.008689682978893165,0.0059319469017612425,True,912,184327.8051819263,0.25516142849612067,0.19095187963798396,0.012180087108754463
IWM,2020,2020-02-21,2020-02-24,0.006244352251449592,0.013678282100763729,0.005909600028670812,0.009858657565437735,0.010567981749194894,0.013560301470889477,1.2943135619822383,0.03682189195974191,0.03212651012377199,0.0012974589958931748,True,224,34838.73772674044,0.11039538382957395,0.04990543612537606,0.018914040143452847
QQQ,2020,2020-02-21,2020-02-24,0.0142973174485862,0.020076140449311605,0.011251285598149544,0.011742200525708625,0.01220301747370826,0.015080180692348549,1.6451783743296449,0.01799894273273302,0.011593321044436777,0.0013081617453720717,True,230,41475.92008368671,0.14506483561539824,0.06374655329148161,0.01982180670486786
SPY,2020,2020-02-21,2020-02-24,0.0059319469017612425,0.009628315421870242,0.005756023030140412,0.00889081373429957,0.007462881475089006,0.011170309945811984,1.2901605705529995,0.038125910644716626,0.03224603093953782,0.002228140088086805,True,813,108866.32030757658,0.2817562757218026,0.13965672974060697,0.015705525992392146
IWM,2020,2020-02-24,2020-02-25,0.0012974589958931748,0.03682189195974191,0.014171119986333934,0.011660824227946578,0.010567981749194894,0.01422693875281017,3.4842879968587317,0.04184092797320342,0.042062049731948825,0.03821072206875076,False,240,39635.36497973334,0.06412925870061321,0.027407023618629282,0.02325646548007879
QQQ,2020,2020-02-24,2020-02-25,0.0013081617453720717,0.01799894273273302,0.01859140234608057,0.014635717095051116,0.01220301747370826,0.016316453219607317,1.4749583675932811,0.04143337066069429,0.03962929258240533,0.03529677439109746,False,212,35988.25236513847,0.0778397279309797,0.023574129300896786,0.020908828005210083
SPY,2020,2020-02-24,2020-02-25,0.002228140088086805,0.038125910644716626,0.014497685894463616,0.011489027588057614,0.007462881475089006,0.012238224524727401,5.108738598084451,0.03988387606588722,0.03930187014035802,0.03485215922650364,False,878,81403.42145313362,0.1195554715901254,0.04876173240361713,0.021678317597588086
IWM,2020,2020-02-25,2020-02-26,0.03821072206875076,0.04184092797320342,0.018532118107218942,0.013845681677938234,0.010567981749194894,0.015426915725999454,3.9592165246113344,0.027188820054041666,0.018350420235081488,0.01623688635598064,False,208,32116.27867102255,0.12107980904722697,0.020275317052364426,0.020702222052438084
QQQ,2020,2020-02-25,2020-02-26,0.03529677439109746,0.04143337066069429,0.018303330454468927,0.01517958391341467,0.013188436450915452,0.017166190400873346,3.141643879841288,0.02482582583238061,0.016473591227115447,0.0010613768594074369,False,199,34645.419262271695,0.11830175141672365,0.030385541073625635,0.024206330721621955
SPY,2020,2020-02-25,2020-02-26,0.03485215922650364,0.03988387606588722,0.01654874532178904,0.012841206117923044,0.007466307111688676,0.013312600743468817,5.341847779533217,0.02358512100475471,0.012508729923603967,0.008530118843521839,False,859,67637.32495101889,0.07856862410941794,0.022693169969129873,0.022499119110302234
IWM,2020,2020-02-26,2020-02-27,0.01623688635598064,0.027188820054041666,0.015569885182804756,0.013768058289201007,0.010567981749194894,0.01620873400747669,2.57275425897788,0.04089849311524675,0.02418228117425425,0.015130548084389406,False,250,34779.713635620545,0.18684834198434752,0.06497777351366305,0.023013187665138712
QQQ,2020,2020-02-26,2020-02-27,0.0010613768594074369,0.02482582583238061,0.016738624908791907,0.014784075518550415,0.013415804434262928,0.01753028959699697,1.8504910349600334,0.051778086699732925,0.026277342561967787,0.024940704879383158,False,254,43536.53991865856,0.06549580627414102,0.025488513545589838,0.02261261228107654
SPY,2020,2020-02-26,2020-02-27,0.008530118843521839,0.02358512100475471,0.014356796599025185,0.012525170410038066,0.007466307111688676,0.013825292864932424,3.158873677702282,0.045996163772678504,0.02672172844105658,0.02602626174243927,False,896,75775.90950904149,0.16892329614843798,0.05757546107804972,0.022931239755319775
IWM,2020,2020-02-27,2020-02-28,0.015130548084389406,0.04089849311524675,0.012663158519175712,0.015524749436402913,0.011027901727405236,0.017708538037456825,3.7086377922293825,0.036037286853634665,0.029547798404911507,0.010217436418203496,False,222,20196.842848920496,0.051375751117941376,0.0202069743491769,0.024171354892837234
QQQ,2020,2020-02-27,2020-02-28,0.024940704879383158,0.051778086699732925,0.020949277814393864,0.018378307650975475,0.013949158272336509,0.01959217409983039,3.7119147757049573,0.045308095185530944,0.04294199962498291,0.036045125272400114,False,242,25068.993740180005,0.11393749405383868,0.053833046814924554,0.023029512838990397
SPY,2020,2020-02-27,2020-02-28,0.02602626174243927,0.045996163772678504,0.017033957221424884,0.015718286616149418,0.008357269408352803,0.01573941259966021,5.503731126186613,0.04277798954389806,0.031832359033001856,0.026186343051389782,False,822,42765.76639766673,0.04729441766627764,0.019141324356106142,0.023563525793504826
IWM,2020,2020-02-28,2020-03-02,0.010217436418203496,0.036037286853634665,0.010718827012633709,0.01577556779128905,0.011027901727405236,0.018785440960505485,3.267828073229839,0.039467434545601164,0.022031455564925695,0.02067985087078328,False,174,14068.879668022695,0.04549868123338903,0.005569619765305896,0.023659003998091965
QQQ,2020,2020-02-28,2020-03-02,0.036045125272400114,0.045308095185530944,0.024215805018877927,0.018331584314207512,0.01450460598686386,0.02110195691951222,3.1237039618011244,0.05089048561051226,0.03681540722732435,0.036097247749314,False,228,19876.27515400848,0.10532762725586471,0.0359433850813471,0.024861160675215422
SPY,2020,2020-02-28,2020-03-02,0.026186343051389782,0.04277798954389806,0.018460601311950743,0.015612071290743667,0.008357269408352803,0.01714600166152564,5.118656280380638,0.0492941639389894,0.03671913256025405,0.036484374080576254,False,749,37121.67465004494,0.09727097191494971,0.0440497401491109,0.025044624968624633
IWM,2020,2020-03-02,2020-03-03,0.02067985087078328,0.039467434545601164,0.027680681791534278,0.017436005126513554,0.011027901727405236,0.01959139902201424,3.5788707154980686,0.05222052803551342,0.032670349662076825,0.020782311640449636,False,236,28895.280817215487,0.043190522739754766,0.011059816674845515,0.027044955642841425
QQQ,2020,2020-03-02,2020-03-03,0.036097247749314,0.05089048561051226,0.03827212384078234,0.02185504861808238,0.01450460598686386,0.022534837421308736,3.5085741492462037,0.055225486893542904,0.04570853345703818,0.03514349804874306,False,280,39315.225223242174,0.06241476993569212,0.02582290489195106,0.022883367428603394
SPY,2020,2020-03-02,2020-03-03,0.036484374080576254,0.0492941639389894,0.033635224521184295,0.01862562934988424,0.008357269408352803,0.018566449484147825,5.898357648937532,0.05256862363060379,0.04009138146366631,0.02991925610864299,False,902,67625.09767688792,0.14328837053492802,0.04546724467936459,0.022148438168626265
IWM,2020,2020-03-03,2020-03-04,0.020782311640449636,0.05222052803551342,0.025431054729096465,0.01752458995062153,0.011419517801107056,0.021455940737486835,4.572918834668391,0.026151135930955704,0.014439700469602634,0.012510013961162691,False,225,22465.386481576214,0.052928019070633846,0.012431152895717223,0.02518385458776206
QQQ,2020,2020-03-03,2020-03-04,0.03514349804874306,0.055225486893542904,0.0390663042906704,0.02262748677354696,0.015264059057227677,0.024433049817036173,3.618007941825481,0.032627069542937336,0.02348581630799118,0.02297015623591747,False,256,31974.02673715002,0.1865368253771095,0.05165913976290136,0.02320222099873603
SPY,2020,2020-03-03,2020-03-04,0.02991925610864299,0.05256862363060379,0.033365123799660765,0.019410450694493632,0.008625266015358561,0.020509902922056115,6.094724909005425,0.03191565296971171,0.02280155199811773,0.02201747792330533,False,911,58660.38616531927,0.16249298370829762,0.057670115269451185,0.022118361037588945
IWM,2020,2020-03-04,2020-03-05,0.012510013961162691,0.026151135930955704,0.030809246341167055,0.01853551388667729,0.012732480376262501,0.02205570766022056,2.0538917130168883,0.04696311748427219,0.024455787954905883,0.010212234957472477,False,272,34826.603936372085,0.048233717492135945,0.012394364782845207,0.024825556885455242
QQQ,2020,2020-03-04,2020-03-05,0.02297015623591747,0.032627069542937336,0.04447292953451293,0.0240945178251187,0.016878981973642796,0.02531330060978231,1.9329998452445656,0.029432481240205435,0.017255151285055614,0.005171874986548364,False,335,47131.05265556106,0.12103241502327038,0.035498902983649744,0.02115841268027908
SPY,2020,2020-03-04,2020-03-05,0.02201747792330533,0.03191565296971171,0.04026544939065266,0.021584768937681922,0.010188063215440708,0.021742909304802584,3.1326516428894307,0.02773949488596935,0.01656611799248231,0.008262900650767513,False,937,82435.42090768456,0.08958278242890132,0.029248231831291677,0.022421745672131392
IWM,2020,2020-03-05,2020-03-06,0.010212234957472477,0.04696311748427219,0.0299361724314383,0.01896065512628254,0.014343620991026172,0.023515099270834165,3.2741465710543953,0.034965944920596244,0.02291352294747062,0.011842107092080889,False,270,23851.473933272115,0.09349928510880057,0.030557991249450127,0.023226577041067828
QQQ,2020,2020-03-05,2020-03-06,0.005171874986548364,0.029432481240205435,0.03922776482021781,0.024883706067067607,0.019037541591022313,0.026426457271617892,1.5460232141572916,0.030488055358383236,0.02188887363863179,0.016367841566844454,False,315,42394.48221785754,0.07870829779015255,0.04274407017466656,0.0218354163901967
SPY,2020,2020-03-05,2020-03-06,0.008262900650767513,0.02773949488596935,0.03711633749363551,0.02238124374907316,0.012716864757293861,0.023184189562280293,2.1813155534314492,0.029165914961567004,0.0192052021150666,0.014702362777860634,False,907,68541.3501587616,0.10813723074773499,0.041282353724461436,0.02111213399649046
IWM,2020,2020-03-06,2020-03-09,0.011842107092080889,0.034965944920596244,0.030148350624580034,0.019175584413955987,0.02058004790612216,0.025248087861759007,1.6990215513635691,0.04406175685502183,0.02970989205571839,0.028107091144555896,False,216,16332.018297409719,0.29362021764684937,0.016356659773313412,0.021696551754284477
QQQ,2020,2020-03-06,2020-03-09,0.016367841566844454,0.030488055358383236,0.04062177342936796,0.024883755221105364,0.02075868242434318,0.027980264134668375,1.4686893288868212,0.046774877256572506,0.03969406710854706,0.0004652243057026162,False,238,25936.956756904787,0.08000690132909087,0.02046338760515355,0.02556503880734571
SPY,2020,2020-03-06,2020-03-09,0.014702362777860634,0.029165914961567004,0.038179566224495226,0.022453484060004126,0.019135519755165628,0.024997142632871068,1.524176784050701,0.03901195318051265,0.03229209968263058,0.003886585013019528,False,800,49980.23250859276,0.06418135847002707,0.02049251882202592,0.023869262736891553
IWM,2020,2020-03-09,2020-03-10,0.028107091144555896,0.04406175685502183,0.0450531597651973,0.027844455328470633,0.026669977992498685,0.0293864074016301,1.6521107316779502,0.05033032767712671,0.05225747709840811,0.0020786431900393643,False,170,5192.656658557946,0.3516359232882791,0.02222451630718576,0.022365875866806436
QQQ,2020,2020-03-09,2020-03-10,0.0004652243057026162,0.046774877256572506,0.040341042996360314,0.02878174106815816,0.023133525115877684,0.03139171192592307,2.0219519948764137,0.05280697301847618,0.03836228942350317,0.014917209442072865,False,222,13862.16580564655,0.04238838624544709,0.003890033826590369,0.0271327542746733
SPY,2020,2020-03-09,2020-03-10,0.003886585013019528,0.03901195318051265,0.04313670540386923,0.02770071402023107,0.02566230794536203,0.028675172542667188,1.5202043893937183,0.05276836790576776,0.04073131498514626,0.013279927574362915,False,714,20310.772872623835,0.12488265533552985,0.03405706520165689,0.022778733526490205
IWM,2020,2020-03-10,2020-03-11,0.0020786431900393643,0.05033032767712671,0.052564435383359594,0.02921703943397198,0.031077382487318957,0.03155325138909476,1.619516305714095,0.06186989166516025,0.054360957554464795,0.03849679946545281,False,220,11607.197572407618,0.1613464255727564,0.05015071539868827,0.028153241388038368
QQQ,2020,2020-03-10,2020-03-11,0.014917209442072865,0.05280697301847618,0.0516097225553496,0.03174533121509403,0.027129153536293023,0.03337797956061995,1.9465027888847217,0.04023077013750591,0.034348625137392785,0.020717355186174014,False,294,24282.370579577306,0.1144931019366366,0.022891084860700933,0.02454934358622741
SPY,2020,2020-03-10,2020-03-11,0.013279927574362915,0.05276836790576776,0.05405766848005268,0.03070686339385134,0.028452704923768175,0.030877926129688017,1.8545993446720532,0.03940148584830275,0.036252241388090134,0.022586485855913163,False,902,43052.0789256234,0.07118036973126642,0.030045153233765668,0.025851918501946854
IWM,2020,2020-03-11,2020-03-12,0.03849679946545281,0.06186989166516025,0.04824072274851139,0.031249709513573906,0.03550161588711545,0.034721026829770116,1.742734524025274,0.07107992883761594,0.04632614910065769,0.04110641055369335,False,204,9893.539960906943,0.011954354979534853,0.0028273163405054783,0.02817060171465111
QQQ,2020,2020-03-11,2020-03-12,0.020717355186174014,0.04023077013750591,0.04651678040544105,0.03279382031778721,0.029960268299294338,0.03560096282523702,1.3428040675608193,0.07600635189320774,0.047723667506043954,0.026195777415583876,False,270,17355.306801355844,0.11351677002193114,0.03759148619813447,0.02293372014396125
SPY,2020,2020-03-11,2020-03-12,0.022586485855913163,0.03940148584830275,0.0485088503123349,0.03200228412368261,0.030540783965639355,0.03356904487120178,1.2901268642164634,0.07414066791534424,0.041640639305114746,0.03082031011581421,False,798,27212.46009309594,0.14323772585140337,0.050418689970034646,0.022670825768976516
IWM,2020,2020-03-12,2020-03-13,0.04110641055369335,0.07107992883761594,0.058232487663642606,0.03759124293662475,0.03642958940668829,0.03999480014894679,1.9511592086340126,0.08798914924801034,0.07996343462169686,0.009804781388275119,False,132,1893.8050583175047,0.05784312428697823,0.006457444312172678,0.024421300822174367
QQQ,2020,2020-03-12,2020-03-13,0.026195777415583876,0.07600635189320774,0.05655205071516148,0.037410582783490756,0.031557562450660284,0.039772103734881284,2.408498819008673,0.08740038597630308,0.05018807722644847,0.028171212954186897,False,188,7969.731492843241,0.0824540678543699,0.017485343887128243,0.027410354153515875
SPY,2020,2020-03-12,2020-03-13,0.03082031011581421,0.07414066791534424,0.05823091612712228,0.037072680153468256,0.03502078180721417,0.03807483120912396,2.1170477667654892,0.08727054252712554,0.05862703933264113,0.023680151556681794,False,610,12016.289051438933,0.06044153499704365,0.03686239481745213,0.024705973956320775
IWM,2020,2020-03-13,2020-03-16,0.009804781388275119,0.08798914924801034,0.07933489046564957,0.04206544866015429,0.03814466325267154,0.044096105276058964,2.306722402165861,0.09086726659001684,0.0708863494012959,0.046032037134682735,False,144,8894.71588103633,0.291955443811741,0.24892336146051372,0.025695167779068235
QQQ,2020,2020-03-13,2020-03-16,0.028171212954186897,0.08740038597630308,0.07811860352087474,0.04332097896682331,0.03642891984022162,0.044062299245699474,2.3992033351426256,0.08911851597822641,0.06046511138872601,0.027849503386198293,False,214,17079.60034043408,0.07523417490386004,0.06635925077337351,0.026501405470530943
SPY,2020,2020-03-13,2020-03-16,0.023680151556681794,0.08727054252712554,0.08087008091321948,0.04326833282709655,0.03856893191261464,0.0424050890972069,2.262716082593467,0.08101830118388163,0.06517954099880718,0.005514497937868068,False,710,26487.981740217136,0.14713190160796816,0.11129722632769337,0.024723568964686072
IWM,2020,2020-03-16,2020-03-17,0.046032037134682735,0.09086726659001684,0.08749020349183242,0.0493137533298649,0.040182963830423954,0.05121894447531379,2.261338087789781,0.09422636695803405,0.05278202137815091,0.0324886022470805,True,110,2363.3027474230385,0.01143103751340762,0.008940161698779054,0.024597691401134714
QQQ,2020,2020-03-16,2020-03-17,0.027849503386198293,0.08911851597822641,0.08959327400008273,0.049775252700855116,0.0408320703991001,0.049808135226325226,2.182561773311169,0.08326209898394744,0.05083488976401096,0.03801218511736315,True,176,5410.430821465715,0.22948546031348255,0.16263707389471885,0.024694163424350785
SPY,2020,2020-03-16,2020-03-17,0.005514497937868068,0.08101830118388163,0.0877062821621644,0.04847520842778387,0.0392067195144077,0.048111589855711956,2.066439176430178,0.07794648476509129,0.04542123917137508,0.03166833977408601,True,614,11256.739599290282,0.1389993116546822,0.08746124059497257,0.028211418926614325
IWM,2020,2020-03-17,2020-03-18,0.0324886022470805,0.09422636695803405,0.09072163386665419,0.051482742232820185,0.041369710544225086,0.05550577934203231,2.2776656089315415,0.10218339124170706,0.07064938235592533,0.029888420571008933,True,132,4297.915833702641,0.06267471067029225,0.051264559934030354,0.02815438576132995
QQQ,2020,2020-03-17,2020-03-18,0.03801218511736315,0.08326209898394744,0.09459770853327386,0.0537063091540344,0.043370732923112616,0.05385558299370424,1.9197761571508143,0.07237339388597458,0.04434473855419663,0.029077591488937182,True,192,11455.038120488067,0.10394561429465521,0.09333684974768411,0.026597800062884914
SPY,2020,2020-03-17,2020-03-18,0.03166833977408601,0.07794648476509129,0.08819154052046027,0.05087885912726834,0.039642680957094986,0.05172890648737009,1.9662263722640823,0.08613752738508598,0.05130156663359786,0.015873015873015817,True,708,18828.4741638312,0.09125982806273199,0.07659565139197225,0.02316759723335904
IWM,2020,2020-03-18,2020-03-19,0.029888420571008933,0.10218339124170706,0.09187864518467634,0.052643029154234085,0.04295134241411262,0.060617251485899915,2.3790500016626352,0.11147903072549828,0.07164357944292399,0.04224361759755069,True,140,6110.457916218837,0.423639228739399,0.17002057174770685,0.019803877269346466
QQQ,2020,2020-03-18,2020-03-19,0.029077591488937182,0.07237339388597458,0.09392159832027579,0.05363570917385257,0.046041486221051725,0.05748297797038131,1.5719169780597355,0.06750526749128453,0.04439639674066931,0.011212938660867255,True,228,12199.552805232486,0.07556535981935229,0.0649767092999964,0.02646900755411564
SPY,2020,2020-03-18,2020-03-19,0.015873015873015817,0.08613752738508598,0.08833367282783575,0.05136702893408872,0.04133093280489264,0.056281073160247684,2.0840934752599938,0.06336469660233804,0.03398121163140022,0.005266434720317292,True,708,19763.166009537123,0.16677062081701724,0.0794430890382754,0.027293257111348862
IWM,2020,2020-03-19,2020-03-20,0.04224361759755069,0.11147903072549828,0.0880884498799903,0.05423447889342393,0.04551243716964701,0.06542569890043662,2.449419052422125,0.0783076231898791,0.05644605246988088,0.04447795984301506,True,152,9285.708766188469,0.11621104613964905,0.09211982208347137,0.023943634720280285
QQQ,2020,2020-03-19,2020-03-20,0.011212938660867255,0.06750526749128453,0.08394023254745189,0.053803328172338794,0.048832681433542385,0.05976481066190178,1.3823788804871209,0.07026515146744729,0.06843032905339719,0.0607461660131684,True,228,15300.389994575842,0.10194168275433804,0.09054724332140167,0.024448031948098678
SPY,2020,2020-03-19,2020-03-20,0.005266434720317292,0.06336469660233804,0.0785759319698012,0.05146023303542312,0.04438707665828828,0.05870641351851399,1.427548317501241,0.06584752938227605,0.06140043229451586,0.05661153587863332,True,684,26339.733626569338,0.14758105796946805,0.08111099534339831,0.02628179078749111
IWM,2020,2020-03-20,2020-03-23,0.04447795984301506,0.0783076231898791,0.07640571827549744,0.05415592594342731,0.04864672258069945,0.06869134145503988,1.609720429983244,0.06153087879467847,0.0624543596606697,0.01962708508391997,True,100,6562.866974145162,0.0406751954809241,0.01993460797401592,0.02462627629724772
QQQ,2020,2020-03-20,2020-03-23,0.0607461660131684,0.07026515146744729,0.07121132969312147,0.05411964583427958,0.05133428615512259,0.06219596209947905,1.3687762454730388,0.054294489454142975,0.03631847304413083,0.002691267610613002,True,188,4690.175719129705,0.2727416086223027,0.054914654539301166,0.021828359919715917
SPY,2020,2020-03-20,2020-03-23,0.05661153587863332,0.06584752938227605,0.06158001889189244,0.051971688957818764,0.04764516385583395,0.061377974177096936,1.382040149584107,0.05004600572664307,0.045496234694807125,0.022963343867396513,True,598,14330.103092516872,0.02279789137414317,0.009139067130250984,0.024767896831584094
IWM,2020,2020-03-23,2020-03-24,0.01962708508391997,0.06153087879467847,0.05054856578208263,0.05416175279967249,0.05127542785632007,0.06998772365868534,1.2000071255786575,0.089209464561619,0.05443813093958827,0.03482962962212088,False,100,8280.912028761511,0.3044730021090301,0.04292227209476268,0.023373844549981072
QQQ,2020,2020-03-23,2020-03-24,0.002691267610613002,0.054294489454142975,0.04534957584650037,0.05384923669233392,0.052292529859104556,0.06274064786273274,1.0382838543178623,0.03268303464578763,0.02178866149270653,0.02084375478665934,False,188,5548.652303390465,0.25805718793543597,0.05392379230823477,0.021332352606410435
SPY,2020,2020-03-23,2020-03-24,0.022963343867396513,0.05004600572664307,0.043479011675226525,0.05187778260578012,0.049670084832816236,0.06202641483938588,1.007568356186468,0.04393824388794105,0.04129343916978434,0.03724083182206739,False,644,12640.773989069714,0.06007039076112942,0.022854239663829337,0.023978101403052416
IWM,2020,2020-03-24,2020-03-25,0.03482962962212088,0.089209464561619,0.06450480800309538,0.05971090773265082,0.05687570341509594,0.0726095883700005,1.5684986594458723,0.07289005400298249,0.041286047720788144,0.004475683675054354,False,110,8109.487270621845,0.03475676552813978,0.016077951254433762,0.02335082351160712
QQQ,2020,2020-03-24,2020-03-25,0.02084375478665934,0.03268303464578763,0.045998668364565606,0.057230123241998505,0.052292529859104556,0.0645733138606529,0.6250038912603355,0.05167551715604367,0.027600023795834483,0.011495473041082005,False,198,9594.040905754318,0.034822172898693,0.011487138440701329,0.02622195491228941
SPY,2020,2020-03-24,2020-03-25,0.03724083182206739,0.04393824388794105,0.05829786408255679,0.0570323496270176,0.049670084832816236,0.06476603786721795,0.8846017484333296,0.06779109909146425,0.046882064831316406,0.007840887847555322,False,712,24451.997075642605,0.06416646528055009,0.03417334768217757,0.02366874203613859
IWM,2020,2020-03-25,2020-03-26,0.004475683675054354,0.07289005400298249,0.046720527632933474,0.05995989009487732,0.06170038522991936,0.07490292061701434,1.1813549256032376,0.0573785321261188,0.05433026276540165,0.047247593686658984,False,132,10600.397928510556,0.29249018304311947,0.10981627780147206,0.02536717989260586
QQQ,2020,2020-03-25,2020-03-26,0.011495473041082005,0.05167551715604367,0.042932451036800066,0.05716600585088566,0.052292529859104556,0.06591876702755207,0.9882007486590657,0.049545879438052984,0.04813186674571446,0.04367215419883519,False,232,10587.535740020327,0.07033670195929434,0.031054036977831167,0.02611518324618868
SPY,2020,2020-03-25,2020-03-26,0.007840887847555322,0.06779109909146425,0.05300511770796805,0.0573090379715191,0.05130731467862343,0.06699454303698507,1.3212755240864045,0.05510574104590338,0.05322211964218648,0.046809905957746034,False,720,25169.630181710163,0.07283034476955319,0.0360241345108264,0.02339864657463046
IWM,2020,2020-03-26,2020-03-27,0.047247593686658984,0.0573785321261188,0.05009673083189323,0.062156286613263244,0.06170038522991936,0.0763688151757693,0.9299541957850721,0.04587967836511693,0.03358571619658268,0.002761670900612412,False,144,9828.058717553893,0.03830439743767233,0.028098275923829897,0.023052997258820724
QQQ,2020,2020-03-26,2020-03-27,0.04367215419883519,0.049545879438052984,0.04746790934106239,0.05770381250574071,0.05224124508725993,0.06624066286691202,0.9484054094670828,0.03129508946631704,0.01915156460346079,0.008719786486326764,False,272,14091.319609905635,0.08451176581114826,0.03804302498357591,0.025010095314116864
SPY,2020,2020-03-26,2020-03-27,0.046809905957746034,0.05510574104590338,0.05757002938327461,0.05863711052454472,0.052668495768185775,0.0679829757243284,1.0462752019432044,0.038535927437883255,0.029770573533932865,0.0005922292176494537,False,714,28861.021911200376,0.16813536898898043,0.09007782152425867,0.025009753058430055
IWM,2020,2020-03-27,2020-03-30,0.002761670900612412,0.04587967836511693,0.053358810310119506,0.06241080219295139,0.06170038522991936,0.0771604303390568,0.7435881995574518,0.03938536885030803,0.022021613220280623,0.015895470555582936,False,120,9587.722930349148,0.061314980592654326,0.027871222697319658,0.026441354051754164
QQQ,2020,2020-03-27,2020-03-30,0.008719786486326764,0.03129508946631704,0.046095678034209796,0.058153642028762435,0.05224124508725993,0.0659387693262796,0.5990494563068707,0.0328772010881003,0.0290281621161117,0.026622451579895623,False,198,8833.601766459149,0.14923374182177637,0.06344063924932121,0.02230010032113422
SPY,2020,2020-03-27,2020-03-30,0.0005922292176494537,0.038535927437883255,0.05249796558405951,0.05890093517156176,0.052668495768185775,0.06785037153265382,0.7316694140553137,0.034806390311713134,0.026319889745252123,0.023269444737015643,False,692,27349.880852957118,0.06134860225252838,0.04035187919810011,0.023418886378039246
IWM,2020,2020-03-30,2020-03-31,0.015895470555582936,0.03938536885030803,0.04936687512565881,0.062082797249267935,0.06170038522991936,0.07714610720551202,0.6383326247241894,0.0367364671948347,0.02357984468771379,0.0012216351789922086,False,110,13881.001797474368,0.2112484453617514,0.05115987194100439,0.02572055346111912
QQQ,2020,2020-03-30,2020-03-31,0.026622451579895623,0.0328772010881003,0.045336844715958065,0.05748850386262607,0.05224124508725993,0.06526224801785875,0.6293341790224304,0.03155645218671371,0.01841226140632668,0.006885078843178127,False,224,15338.247252572144,0.048250746071982376,0.02105319943524367,0.023460901961758443
SPY,2020,2020-03-30,2020-03-31,0.023269444737015643,0.034806390311713134,0.0453586242107173,0.058470818885681085,0.052668495768185775,0.06714712088903861,0.6608578772575809,0.02728732506210449,0.016938554044234166,0.010784454962093126,False,722,32107.03439977979,0.051867318777465476,0.03285097236886946,0.02318315946281155
IWM,2020,2020-03-31,2020-04-01,0.0012216351789922086,0.0367364671948347,0.036225062995657024,0.062063731335502734,0.06170038522991936,0.07636384147662069,0.5954009372541273,0.04461820248652292,0.030038834507853718,0.01876718807180977,False,96,9829.888539670426,0.3623200837262973,0.06361082353654274,0.023685439053355177
QQQ,2020,2020-03-31,2020-04-01,0.006885078843178127,0.03155645218671371,0.03573267884186184,0.05713154612188233,0.050610698297048326,0.06406736354044348,0.6235134714304885,0.03680252689571063,0.02161895194578256,0.0133138856794075,False,202,10293.745153663931,0.2532136226075473,0.05034258575185897,0.019912474581658353
SPY,2020,2020-03-31,2020-04-01,0.010784454962093126,0.02728732506210449,0.03553086510215471,0.05827957918991413,0.051407186816205416,0.06587388562844403,0.5308075923248641,0.05548838617104993,0.039035438750494755,0.007379634900330223,False,687,33436.439267777154,0.07358357785150663,0.03985054502592946,0.02548523205893248
IWM,2020,2020-04-01,2020-04-02,0.01876718807180977,0.04461820248652292,0.05054401037245111,0.06259892004015907,0.06170038522991936,0.078743983648816,0.7231430131312526,0.05505107479779795,0.04417327010048111,0.018444919842285357,False,100,10982.557183640567,0.16176541927456026,0.1239529617808388,0.021062787072994343
QQQ,2020,2020-04-01,2020-04-02,0.0133138856794075,0.03680252689571063,0.04229269265440912,0.05674884703588045,0.050610698297048326,0.06446023896231252,0.7271689214739998,0.0503752185284328,0.04888545763526664,0.026318632029901368,False,206,12481.87590525392,0.06739363917186994,0.027511291723041262,0.025931155825204073
SPY,2020,2020-04-01,2020-04-02,0.007379634900330223,0.05548838617104993,0.043584865530648664,0.057753405401173886,0.05393705447583557,0.06641897599290345,1.02876189125065,0.03299480507906889,0.030547698355543274,0.02708103643514259,False,678,30273.45937176101,0.18399850516223767,0.06800554547092882,0.022745924429836153
IWM,2020,2020-04-02,2020-04-03,0.018444919842285357,0.05505107479779795,0.03656918959842985,0.06272018366301134,0.06170038522991936,0.07917535790461043,0.8922322703927452,0.05066142894649217,0.03888886864628893,0.018481974472198237,False,109,14774.619753694426,0.08548350646107578,0.0482123683715869,0.021605445738913855
QQQ,2020,2020-04-02,2020-04-03,0.026318632029901368,0.0503752185284328,0.03402467256441194,0.05680028259139056,0.05102536784223823,0.06510371046261756,0.9872583120651753,0.03115070839677456,0.023498317190079776,0.011748897325332908,False,226,16924.678359827325,0.03177458530015968,0.02559305644499761,0.021640299492349066
SPY,2020,2020-04-02,2020-04-03,0.02708103643514259,0.03299480507906889,0.03349912985515611,0.05794987594357389,0.05393705447583557,0.06600865180865972,0.6117279743900541,0.0323018275680127,0.02259193075016208,0.010248812098133997,False,674,40149.95689857477,0.07381484631987367,0.04344856131337576,0.023265656291976706
IWM,2020,2020-04-03,2020-04-06,0.018481974472198237,0.05066142894649217,0.03558960091977634,0.06279313721497444,0.06170038522991936,0.0795346359734958,0.8210877251042795,0.039600328534649856,0.03895865929664377,0.0324502799006674,False,80,9944.320376839907,0.2688316823820506,0.044686849811193405,0.024861373145407754
QQQ,2020,2020-04-03,2020-04-06,0.011748897325332908,0.03115070839677456,0.03082207717306768,0.056773641042198855,0.05102536784223823,0.06460625925474983,0.6104945385810301,0.044414067854029265,0.03764173839651486,0.03149937071912978,False,176,14047.056488362367,0.07941960065268146,0.01768577661554581,0.024778977920765236
SPY,2020,2020-04-03,2020-04-06,0.010248812098133997,0.0323018275680127,0.0315154339634585,0.05793471801537018,0.05393705447583557,0.06559512901031564,0.59888008127111,0.07302979405250458,0.038965218359563014,0.027226144560103194,False,621,36648.8826046756,0.10364607684887517,0.061695316562440275,0.02239744167916662
IWM,2020,2020-04-06,2020-04-07,0.0324502799006674,0.039600328534649856,0.053327552806317194,0.06270306610918355,0.06170038522991936,0.07880597412213253,0.6418165524750584,0.05347364944275979,0.03995015471263619,0.033880896453878484,False,96,13561.665434640467,0.028542971141916,0.006127021942260549,0.024848153116715253
QQQ,2020,2020-04-06,2020-04-07,0.03149937071912978,0.044414067854029265,0.043191283886323005,0.05706413388959222,0.05102536784223823,0.06467587340120765,0.8704311155845073,0.0329100351969309,0.03249997508769131,0.029500426766557175,False,226,16382.044078282152,0.06245385599274541,0.01448001812387465,0.025321653971695498
SPY,2020,2020-04-06,2020-04-07,0.027226144560103194,0.07302979405250458,0.043156373014118614,0.05771131909841727,0.05529706360847665,0.06535276064729387,1.3206812312780678,0.03697890101324239,0.035184326668599164,0.033113259382283045,False,715,31497.475412323103,0.13338100117144056,0.032309209111376136,0.02344850760959203
IWM,2020,2020-04-07,2020-04-08,0.033880896453878484,0.05347364944275979,0.05336686824547479,0.06214793108147995,0.06170038522991936,0.07898005532817357,0.866666378880722,0.0517931501610056,0.03795265245988544,0.027768127765265493,False,88,14000.769833869446,0.04371505421814912,0.022154169745342938,0.02282567651906364
QQQ,2020,2020-04-07,2020-04-08,0.029500426766557175,0.0329100351969309,0.04268936902912273,0.05572881665274951,0.04996054898324289,0.06359909739815311,0.6587204477670802,0.02523340981081257,0.015241001087482386,0.012213038113938257,False,223,19181.314087603452,0.06635941409393442,0.024038262321691508,0.025448302954459302
SPY,2020,2020-04-07,2020-04-08,0.033113259382283045,0.03697890101324239,0.04206216252671967,0.05641093377799505,0.05529706360847665,0.06453407049629648,0.6687317300438677,0.04011792932827501,0.030004511125944378,0.022652662777220334,False,723,43576.426291343305,0.14555635945084378,0.07029818897644197,0.02166366459062998
IWM,2020,2020-04-08,2020-04-09,0.027768127765265493,0.0517931501610056,0.04061469647799255,0.06169082554180037,0.05945470546039863,0.07796238597316953,0.8711362668427277,0.026902877530819512,0.02206366864998377,0.014763804780111078,False,132,10639.249686524829,0.08416567001811279,0.013735544873221782,0.023391228558842788
QQQ,2020,2020-04-08,2020-04-09,0.012213038113938257,0.02523340981081257,0.03255157800848278,0.05496805682363196,0.04996054898324289,0.06208429616558855,0.5050667041164025,0.020706707758945075,0.016680939278406415,0.007363506045074297,False,272,24473.398638988816,0.2084178199754589,0.07332748190573983,0.021096040625838704
SPY,2020,2020-04-08,2020-04-09,0.022652662777220334,0.04011792932827501,0.03140077153507521,0.055873163405172836,0.05529706360847665,0.06354330143620042,0.7254983666460946,0.02064273817823089,0.01304137837697894,0.002233682775268031,False,738,39482.927841227756,0.1614603811233703,0.06418449767588925,0.020636940771729183
IWM,2020,2020-04-09,2020-04-13,0.014763804780111078,0.026902877530819512,0.041467028411536204,0.05692101831510168,0.056214803461958375,0.07505986158349429,0.4785728291129791,0.03573463121021699,0.03131292513041939,0.0201871856600917,False,118,8562.08084209979,0.04430894572365152,0.0,0.022116803827087646
QQQ,2020,2020-04-09,2020-04-13,0.007363506045074297,0.020706707758945075,0.03353966079723103,0.05028678369792146,0.046979973646041125,0.05844692284054206,0.440756053099446,0.023349990844726564,0.017099990844726465,0.015149993896484304,False,222,17159.97318206537,0.21474488341233633,0.0,0.022153028925104064
SPY,2020,2020-04-09,2020-04-13,0.002233682775268031,0.02064273817823089,0.031534550402643746,0.05102030028635689,0.052575873386273224,0.05998933107457764,0.3926275846445644,0.02201055705093222,0.02111201101290905,0.0053403005993398756,False,696,35885.128397655484,0.07399324912665571,0.016503120810942223,0.024746188401736046
IWM,2020,2020-04-13,2020-04-14,0.0201871856600917,0.03573463121021699,0.04103764956692899,0.055536206015851165,0.05426236212027887,0.07227033272452374,0.6585528129241223,0.028894222417845616,0.021434446897842907,0.008797449183707173,True,118,15023.842750067599,0.1659971579949492,0.14466433542612595,0.028292158724288575
QQQ,2020,2020-04-13,2020-04-14,0.015149993896484304,0.023349990844726564,0.029556477164654527,0.046914389942167914,0.04060829737486995,0.0547707174182841,0.575005414021039,0.02933939080444959,0.02543070202727704,0.022342348975868953,True,224,21806.2895218805,0.13335457651421634,0.12237381919379259,0.021140562928635222
SPY,2020,2020-04-13,2020-04-14,0.0053403005993398756,0.02201055705093222,0.03011708795884762,0.0476319661117322,0.04699212480729206,0.05650007094199165,0.4683882063472198,0.03341869088088359,0.01985409250776926,0.010000702714509035,True,756,43310.775317339576,0.1684101128485828,0.14971864742167826,0.02107304556462541
IWM,2020,2020-04-14,2020-04-15,0.008797449183707173,0.028894222417845616,0.03133811238044482,0.04569276204295248,0.052633399801882697,0.06659370791818509,0.5489712336008374,0.020787348850794134,0.010605803440749462,0.0005090578506961041,True,118,14522.407255665748,0.06558549780496696,0.05861002250955885,0.02127737200700839
QQQ,2020,2020-04-14,2020-04-15,0.022342348975868953,0.02933939080444959,0.01794993761597072,0.037554798695788136,0.03485628104632077,0.051077099514454785,0.8417246454221624,0.022592127831883975,0.01606871724946557,0.004556777473670559,True,192,20290.7436528462,0.11543405915949663,0.10758372341251618,0.02154443357395812
SPY,2020,2020-04-14,2020-04-15,0.010000702714509035,0.03341869088088359,0.018220359939925296,0.040008819065397036,0.04202808660810803,0.05226978998638536,0.7951513756145272,0.030550890811567234,0.022949147779309342,0.0006845207925665342,True,750,48693.906385617054,0.13115716515656253,0.11584387567546227,0.0221332133165838
IWM,2020,2020-04-15,2020-04-16,0.0005090578506961041,0.020787348850794134,0.04110239248321324,0.04617226306018639,0.05122728955374889,0.06432532892684105,0.40578662333839766,0.03268693987682879,0.030813537487126785,0.00999231698174452,True,142,23536.922378394553,0.07783062906811772,0.060834911011260186,0.02278034713629392
QQQ,2020,2020-04-15,2020-04-16,0.004556777473670559,0.022592127831883975,0.020823817128265712,0.03470100941985713,0.032893618142515596,0.04773917929560473,0.6868240439224665,0.022107764286490698,0.012659986985086968,0.007369254762163546,True,240,31154.84626910453,0.21349760217336838,0.18350801599338037,0.021405967939853332
SPY,2020,2020-04-15,2020-04-16,0.0006845207925665342,0.030550890811567234,0.024000978709898677,0.03910212990783691,0.039326928383079135,0.049782198015848406,0.7768440625205835,0.015296396586185458,0.012293240538178818,0.00017907144568052313,True,752,62943.43209747607,0.08688389568821306,0.06567101740783114,0.02192892833517271
IWM,2020,2020-04-16,2020-04-17,0.00999231698174452,0.03268693987682879,0.03586296627205089,0.0420426703354423,0.04827055365580455,0.060371744644142,0.6771610723569601,0.021821194658021938,0.015325703853918293,0.0013125187096973967,True,132,27680.380152167883,0.05819563856998825,0.03303991919099335,0.020324572524879368
QQQ,2020,2020-04-16,2020-04-17,0.007369254762163546,0.022107764286490698,0.020573189707892178,0.033585601685833,0.032780117866943966,0.04470752614530693,0.6744260156789902,0.020493096698455986,0.01928515797141861,0.0040708927708124065,True,232,32227.983509564823,0.06805868257978613,0.05456138423209673,0.018769548604573444
SPY,2020,2020-04-16,2020-04-17,0.00017907144568052313,0.015296396586185458,0.01991306262557039,0.036816485242843915,0.03775741422556282,0.04564973791037183,0.40512299107149585,0.01717006732302949,0.010552447063509662,0.004415199888101462,True,754,70055.60188868761,0.24498860858347754,0.18662997321074679,0.018237340430714965
IWM,2020,2020-04-17,2020-04-20,0.0013125187096973967,0.021821194658021938,0.034573065390850755,0.04224857770855153,0.04524894042581992,0.057299893665542646,0.48224763834625267,0.0322769523250547,0.02767794371893917,0.008612814116836454,True,126,7563.086580743915,0.04760100271102646,0.005158526574248223,0.024291061965856897
QQQ,2020,2020-04-17,2020-04-20,0.0040708927708124065,0.020493096698455986,0.019787715507123882,0.0335727272217546,0.03211974341625067,0.042388340463695426,0.6380218058680912,0.015513674302235445,0.011811043612917294,0.002905863870518832,True,200,8347.67944791746,0.13333704963248516,0.02277779515554133,0.0228960893942696
SPY,2020,2020-04-17,2020-04-20,0.004415199888101462,0.01717006732302949,0.022170612365675083,0.03702019337536301,0.03589264566247776,0.04396040802587463,0.47837285343886227,0.019249151563554875,0.014790783801073015,0.0036091754238726237,True,695,30357.361267315733,0.07769331633446559,0.042355751901710745,0.023875650603505685
IWM,2020,2020-04-20,2020-04-21,0.008612814116836454,0.0322769523250547,0.03243597434076848,0.04184322520980422,0.042109265510586386,0.0548808885861364,0.7665047569385932,0.02350531893949465,0.015499912478329048,0.00272525719480754,False,138,10976.10222580404,0.024949828199164432,0.011695589177491729,0.027508938717270837
QQQ,2020,2020-04-20,2020-04-21,0.002905863870518832,0.015513674302235445,0.023060043041065847,0.03197634766958839,0.031425770826515376,0.039563130148630395,0.4936608997716562,0.03575497892243971,0.03422875339375597,0.02711304154027694,False,198,10749.951300812529,0.13837483791219762,0.05220526412994458,0.021851733208045905
SPY,2020,2020-04-20,2020-04-21,0.0036091754238726237,0.019249151563554875,0.02389489073706674,0.035051582994047335,0.03411254059629836,0.04158930528183234,0.5642837275404708,0.021754126015437553,0.017314984791134247,0.013334305261125223,False,752,36051.899822477484,0.05322431541060156,0.029350547813583306,0.02178280931559633
IWM,2020,2020-04-21,2020-04-22,0.00272525719480754,0.02350531893949465,0.03182560684905316,0.04216923583571514,0.039492848692478946,0.05350530733076433,0.5951791202129976,0.018450808064609914,0.013050459674727177,0.009557858450762402,False,132,14363.076195216549,0.06617436772791704,0.027133475463660853,0.023482158536289453
QQQ,2020,2020-04-21,2020-04-22,0.02711304154027694,0.03575497892243971,0.021491765114654855,0.033672868967005054,0.031425770826515376,0.03898601819401716,1.1377598061102,0.019225270947485395,0.015542802033162495,0.008943065818284746,False,206,14858.678200975173,0.17626322985919493,0.08102720940160978,0.02419129098005558
SPY,2020,2020-04-21,2020-04-22,0.013334305261125223,0.021754126015437553,0.023223443248275213,0.035330202396609674,0.03320674797997624,0.0407929567609613,0.6551116064889988,0.014693717435628853,0.009520365864475133,0.002694449375083119,False,721,45036.799698710456,0.08080707361147296,0.05183300076576094,0.0236764829258873
IWM,2020,2020-04-22,2020-04-23,0.009557858450762402,0.018450808064609914,0.02655523460601529,0.037479765025498456,0.03806091802257136,0.050165747229292026,0.4847704423121898,0.02680876866489344,0.0232287145229344,0.0019148757503149039,False,162,17836.79276549181,0.023206759555631454,0.011585654892677114,0.024983997275650687
QQQ,2020,2020-04-22,2020-04-23,0.008943065818284746,0.019225270947485395,0.026416777174875495,0.03012832874193523,0.031222898931545798,0.03688476929651032,0.6157426634098124,0.02049198014765125,0.012512437977620694,0.005996454289301956,False,239,17026.922465874813,0.20731474520277837,0.10045227837750054,0.020926703562005718
SPY,2020,2020-04-22,2020-04-23,0.002694449375083119,0.014693717435628853,0.024853056621160146,0.03012150826248975,0.032648316323540795,0.037507398945767864,0.4500604959231564,0.018503342800466886,0.012299947688501955,0.00502693041178115,False,757,46087.70542922942,0.1860355793673534,0.08212676152741429,0.019658041453127096
IWM,2020,2020-04-23,2020-04-24,0.0019148757503149039,0.02680876866489344,0.02602670106996071,0.037487052122993116,0.03623554920252585,0.048071530712043384,0.7398471736982725,0.026577827609456355,0.01472888121045779,0.00724105070066372,False,162,19049.98020013993,0.2658764612877463,0.12529770355814943,0.02353134316898436
QQQ,2020,2020-04-23,2020-04-24,0.005996454289301956,0.02049198014765125,0.024755914817399163,0.030014996220194604,0.030245049600612077,0.035318883030810225,0.6775317090978269,0.02275206438822722,0.015784243313204716,0.013603806705130062,False,246,22220.23229619019,0.17283182079587753,0.1042801060180429,0.021299337585384992
SPY,2020,2020-04-23,2020-04-24,0.00502693041178115,0.018503342800466886,0.024771400521994214,0.03010888279433995,0.03142635918978996,0.0350236415541411,0.5887841696431191,0.018523178867700385,0.010579564366019145,0.007979161994490447,False,754,59309.84577972487,0.19831284139684552,0.10952411893909912,0.01850681041284402
IWM,2020,2020-04-24,2020-04-27,0.00724105070066372,0.026577827609456355,0.017653795217129894,0.03516305284628258,0.03421078554352289,0.04594443640337924,0.7768844587226476,0.03695039890131792,0.0362243291949329,0.026704358769532144,False,140,11396.526763232016,0.15164962141949773,0.04707819182791452,0.023990822542571916
QQQ,2020,2020-04-24,2020-04-27,0.013603806705130062,0.02275206438822722,0.025640762358269908,0.028180548502147698,0.027286400307631083,0.033600991988776634,0.8338243275667343,0.009852467083392503,0.007878799260635283,0.0029141258878668808,False,192,12741.398042780744,0.07851651737807047,0.02576267840685649,0.02103109510411339
SPY,2020,2020-04-24,2020-04-27,0.007979161994490447,0.018523178867700385,0.021741634881796305,0.02762207295017024,0.028919107936835862,0.03271162887141982,0.640516951911452,0.012801606197363279,0.011047958580350237,0.006769054113472395,False,709,50673.500203202784,0.08596508260760889,0.052145258838707305,0.021794843301899614
IWM,2020,2020-04-27,2020-04-28,0.026704358769532144,0.03695039890131792,0.02278543664399184,0.034795853604931926,0.03421078554352289,0.04586488153284599,1.0800803990399372,0.031879256331839106,0.030169676105584964,0.01532942786521252,False,142,12294.931837742359,0.07506784523185503,0.04475934987678439,0.02306154922106974
QQQ,2020,2020-04-27,2020-04-28,0.0029141258878668808,0.009852467083392503,0.0250913730242956,0.02654506643179377,0.024291700327769568,0.032366954218502525,0.40558984963804484,0.02811522365373419,0.028928556489413726,0.02678081689706513,False,200,15294.604737268675,0.180303610212015,0.08541272244036696,0.02194484900407997
SPY,2020,2020-04-27,2020-04-28,0.006769054113472395,0.012801606197363279,0.02083130132392275,0.026490544581058408,0.024648941056518353,0.03170516449391688,0.5193572481677838,0.020617140493803417,0.019691644139368414,0.018177370033146567,False,765,50890.31818490266,0.08336472716227322,0.05464663021270762,0.021941942622491894
IWM,2020,2020-04-28,2020-04-29,0.01532942786521252,0.031879256331839106,0.012032341258517371,0.03466246232778544,0.032481946100941746,0.04553388308332894,0.9814453922425183,0.037231260889847184,0.02517042828740923,0.01475766828703895,False,146,17013.155279764225,0.051724910009125366,0.024703932175534512,0.023130136792933492
QQQ,2020,2020-04-28,2020-04-29,0.02678081689706513,0.02811522365373419,0.018314967104704153,0.02630018026565011,0.024291700327769568,0.03184409542935305,1.1574003990817259,0.022341467119247376,0.017484614166288104,0.01299781454674509,False,198,19583.232511322432,0.12026926570876051,0.04938505689927119,0.021349510648087523
SPY,2020,2020-04-28,2020-04-29,0.018177370033146567,0.020617140493803417,0.01112322083602228,0.025873087107491907,0.021882341533184885,0.030972598381396228,0.9421816427888774,0.015332903095462038,0.011491119670506977,0.005762675137432671,False,753,63985.61672675137,0.21013494896512172,0.1274561040583169,0.019811618972199303
IWM,2020,2020-04-29,2020-04-30,0.01475766828703895,0.037231260889847184,0.017274442638685147,0.035825301834080774,0.032481946100941746,0.04670153131790798,1.146213985274969,0.021228227303446773,0.013523855195099355,0.01205455960171209,False,150,15696.744175712109,0.18401090142420923,0.036211514037844485,0.026154182130582036
QQQ,2020,2020-04-29,2020-04-30,0.01299781454674509,0.022341467119247376,0.020228016451950014,0.026926552763401026,0.023051027616476892,0.03227126626630202,0.9692178366606823,0.01222999418022354,0.01196223037365951,0.004728316892759654,False,242,18974.63608227972,0.1716930495009071,0.0738720706820852,0.021786439555785936
SPY,2020,2020-04-29,2020-04-30,0.005762675137432671,0.015332903095462038,0.0123625405314574,0.025863273902072218,0.02119843209683422,0.031215076688839837,0.7233036398834354,0.016214771947763478,0.010811168636401858,0.004216449572449488,False,764,48309.09806834278,0.09074968972943064,0.04926250164980637,0.02108392595088671
IWM,2020,2020-04-30,2020-05-01,0.01205455960171209,0.021228227303446773,0.03383555885810193,0.03292373692134782,0.032078104328446905,0.044764286986740294,0.661766888906261,0.03279589554779982,0.03130830222798253,0.01580811727966336,False,169,24441.099904521827,0.17280969338144975,0.08042731923837107,0.02104079689812663
QQQ,2020,2020-04-30,2020-05-01,0.004728316892759654,0.01222999418022354,0.02003328484814612,0.024346656299883678,0.0226720961100556,0.0303801681730465,0.5394293549593439,0.023263428872559732,0.013322030526229378,0.008205102595971736,False,239,22837.425087667078,0.25736094991138403,0.1567451702821802,0.01949388180573063
SPY,2020,2020-04-30,2020-05-01,0.004216449572449488,0.016214771947763478,0.01470733723316523,0.02319565256309488,0.02062993933601715,0.02933495460570702,0.7859825316817401,0.03203538160824675,0.018751554972821882,0.008832459553592575,False,774,65009.61356417275,0.17343061354744643,0.104765710153947,0.018749321710128126
IWM,2020,2020-05-01,2020-05-04,0.01580811727966336,0.03279589554779982,0.04209524574300492,0.03479130507331313,0.032078104328446905,0.04472956732260473,1.02237636027377,0.029530757046434188,0.018608439159806034,0.016828493986512427,False,140,13474.736702445342,0.15460029401697775,0.018916020624682162,0.026328247271107066
QQQ,2020,2020-05-01,2020-05-04,0.008205102595971736,0.023263428872559732,0.02484153524070342,0.02559325662791986,0.0226720961100556,0.02952755611322442,1.0260819625866822,0.020476693907012598,0.018868770016516434,0.017781114099384654,False,198,15810.534790238937,0.12228538837006919,0.039065996434229255,0.021428071598085737
SPY,2020,2020-05-01,2020-05-04,0.008832459553592575,0.03203538160824675,0.020626876783959937,0.024189154327350405,0.02062993933601715,0.029264908899715197,1.5528587402250478,0.016990771459704273,0.011255979810611327,0.010080562756595857,False,678,50119.0288161583,0.07038482395289605,0.03228205056719713,0.022444025415459014
IWM,2020,2020-05-04,2020-05-05,0.016828493986512427,0.029530757046434188,0.03758239927745481,0.03374156871660315,0.030705006689136647,0.04368027151604849,0.9617570627946515,0.029827434031088992,0.015622592180300154,0.011087731062160322,False,134,15587.847551922618,0.035256212443976157,0.007369558385180651,0.025547369044771492
QQQ,2020,2020-05-04,2020-05-05,0.017781114099384654,0.020476693907012598,0.025212446454986954,0.02511263131622452,0.022466797475565674,0.028991546944503333,0.9114202382107435,0.015130579696435434,0.012417204368684542,0.001011778965383403,False,192,18531.253772482283,0.18551657818399114,0.07357973303635802,0.02077050059150616
SPY,2020,2020-05-04,2020-05-05,0.010080562756595857,0.016990771459704273,0.01920544481184348,0.02372148704264502,0.019933146028679148,0.028500059973822257,0.852387848624523,0.01932740811402995,0.010327529102277966,0.001569955986721494,False,732,59026.668949587074,0.04694389570436967,0.017618132891415568,0.022155218943538356
IWM,2020,2020-05-05,2020-05-06,0.011087731062160322,0.029827434031088992,0.036953829502628974,0.02985421670753148,0.02967909553876159,0.041199634313366394,1.0049980799493592,0.025099984327096547,0.019919982910156175,0.01388341574025087,False,130,14786.412955881757,0.05093198255488725,0.01481735633873361,0.02263959743245271
QQQ,2020,2020-05-05,2020-05-06,0.001011778965383403,0.015130579696435434,0.023120116407611458,0.02028886445087837,0.022224615702869037,0.026240796488877633,0.6808027593692964,0.013354570452557335,0.007474929057756485,0.00182312628811232,False,206,18975.686310273188,0.13359626235903885,0.059601103578887905,0.01975381878121251
SPY,2020,2020-05-05,2020-05-06,0.001569955986721494,0.01932740811402995,0.019777974261587,0.019060594780805917,0.019288279838792412,0.02570811002107886,1.0020286036683708,0.01624771745919238,0.015011663203713388,0.0131579240122498,False,756,71768.89304343292,0.1740613836470485,0.07905020185611403,0.020722727073396716
IWM,2020,2020-05-06,2020-05-07,0.01388341574025087,0.025099984327096547,0.02283479274744589,0.030001446961692782,0.029212489732139902,0.03968838554113667,0.8592209892839523,0.015307300083091467,0.008713404628854615,0.00039251944420581886,False,183,20553.27679727114,0.039195801820388794,0.014352943608987864,0.026495614231909586
QQQ,2020,2020-05-06,2020-05-07,0.00182312628811232,0.013354570452557335,0.016559255045595356,0.02024426707118961,0.021407236022717886,0.025322404453038922,0.6238344099343388,0.010413837716709605,0.006351552340547517,0.0,False,238,21766.053989003438,0.2583719958374038,0.09663526823214669,0.01959513015050037
SPY,2020,2020-05-06,2020-05-07,0.0131579240122498,0.01624771745919238,0.01359786650506963,0.019205120212040572,0.01888616521562763,0.02460586252320058,0.8602973273657466,0.00920936193391616,0.007054730770797102,0.00024329217799734515,False,733,66338.91810087734,0.1731474032187046,0.0588458200738813,0.019746456638056766
IWM,2020,2020-05-07,2020-05-08,0.00039251944420581886,0.015307300083091467,0.021228479632048634,0.028588500889025762,0.027898549974332564,0.03799557532244488,0.548677264487746,0.027350933147139222,0.019898557659956406,0.016902250202399438,False,159,19833.65042755294,0.16688119435729543,0.06898098711940205,0.021200399119989412
QQQ,2020,2020-05-07,2020-05-08,0.0,0.010413837716709605,0.017494392459049428,0.019990511373115565,0.02059990222870053,0.02490108918792369,0.5055285020819501,0.011272664898499192,0.006486230948100191,0.00585997557911222,False,252,22347.03580890454,0.09250052428472463,0.05889929009489372,0.02125267678787489
SPY,2020,2020-05-07,2020-05-08,0.00024329217799734515,0.00920936193391616,0.01556029807756772,0.018007391682685954,0.018513260834083636,0.02352866076893476,0.4974467770130136,0.01061536601856258,0.006389830954484532,0.004637761931016504,False,736,84332.9969742526,0.12680247402582803,0.08363710374013028,0.01930676075616689
IWM,2020,2020-05-08,2020-05-11,0.016902250202399438,0.027350933147139222,0.01703265879489024,0.027912386239080204,0.02812257778249242,0.03730936377198913,0.9725613831946237,0.027758569247240114,0.019476981940081073,0.009891827696555833,False,118,14400.647795447308,0.14166206456355965,0.10184372245252447,0.02144723030309546
QQQ,2020,2020-05-08,2020-05-11,0.00585997557911222,0.011272664898499192,0.0029469173037917126,0.02005597292383445,0.020492538423053618,0.024573361237005483,0.5500863126755303,0.020940500965374927,0.01986660286136588,0.015123672383313025,False,252,17527.0694510405,0.10502244081075475,0.09056431853451004,0.02294647738827944
SPY,2020,2020-05-08,2020-05-11,0.004637761931016504,0.01061536601856258,0.009074552069279379,0.018058822324170706,0.017836705061748188,0.023136359085422418,0.5951416464988158,0.014190243056946071,0.012605923084224147,0.007439566333794501,False,691,69598.02361824141,0.12389171969478141,0.10141104881035602,0.018731784388204803
IWM,2020,2020-05-11,2020-05-12,0.009891827696555833,0.027758569247240114,0.018448436769836058,0.02705210036302416,0.02755475119718967,0.036817808645211995,1.0073968387009509,0.0412066926855989,0.04273098648242546,0.039996926552566814,True,122,19547.72186373847,0.10857360667887633,0.074352212045299,0.020325775354683436
QQQ,2020,2020-05-11,2020-05-12,0.015123672383313025,0.020940500965374927,0.0030770057603764643,0.02003605917708145,0.020492538423053618,0.024451506334260166,1.021859787844407,0.026418785970821902,0.024314508732116824,0.02360547824655057,True,252,19135.052735242083,0.15251218723523868,0.1262730141707511,0.0182874346498548
SPY,2020,2020-05-11,2020-05-12,0.007439566333794501,0.014190243056946071,0.009421658275853178,0.01785773093549176,0.017080419391366883,0.022620429687285427,0.8307900837679887,0.02627727627273172,0.02537351601986515,0.024234980462580324,True,771,73306.51773377038,0.10143847584941029,0.08672381162667572,0.018567182092030367
IWM,2020,2020-05-12,2020-05-13,0.039996926552566814,0.0412066926855989,0.027581816021482682,0.028257475040826246,0.02755475119718967,0.03701351591070512,1.495447822798763,0.04512533306875861,0.04351796116935458,0.023318744684394765,True,146,24841.500290689157,0.05294824252223028,0.0456574902747869,0.02181219329865205
QQQ,2020,2020-05-12,2020-05-13,0.02360547824655057,0.026418785970821902,0.014350707746925736,0.01879052773095174,0.020492538423053618,0.023443887637880686,1.2891905056086852,0.03548007619937328,0.027456032319256307,0.014910658715594605,True,248,23556.07996590613,0.10485896840061103,0.08065139262924995,0.019663271647301594
SPY,2020,2020-05-12,2020-05-13,0.024234980462580324,0.02627727627273172,0.014677849230799138,0.0174308570340679,0.017080419391366883,0.022236905833554123,1.538444441593354,0.02877022672365216,0.02545170031903643,0.015591104988961546,True,746,80016.99423324672,0.10729108374114113,0.089746157946396,0.019531662527376443
IWM,2020,2020-05-13,2020-05-14,0.023318744684394765,0.04512533306875861,0.03168288628460515,0.027715446555638654,0.02864466314683715,0.03709293698713596,1.57534870762623,0.05076265963094513,0.027506838282784107,0.02625657659271008,True,182,29329.435309833323,0.1274301557391427,0.0714392670803896,0.02202502598552697
QQQ,2020,2020-05-13,2020-05-14,0.014910658715594605,0.03548007619937328,0.01602877221423418,0.01883296367814641,0.020492538423053618,0.024103539767955207,1.7313656057103712,0.026976141630011365,0.017892342407868744,0.017708861718283675,True,283,28649.807077099027,0.22219686037214945,0.1866220738861493,0.019169446593581992
SPY,2020,2020-05-13,2020-05-14,0.015591104988961546,0.02877022672365216,0.016688311829522885,0.017212153537257753,0.017080419391366883,0.022178291705863787,1.6843981441224896,0.0434486273052832,0.022082713299755863,0.021580888152834987,True,718,80499.70827124876,0.10456581710326102,0.09191506205938169,0.018228551357769247
IWM,2020,2020-05-14,2020-05-15,0.02625657659271008,0.05076265963094513,0.030515883178047952,0.02761607246771233,0.02864466314683715,0.037935823283562806,1.7721506924597987,0.0333579183965578,0.028850066235849736,0.025161869035920548,True,186,33973.27736643275,0.16301316939878538,0.09816976435021747,0.018822499013077226
QQQ,2020,2020-05-14,2020-05-15,0.017708861718283675,0.026976141630011365,0.015744407156243378,0.01859108789098841,0.020492538423053618,0.02426452990949767,1.3163884860483583,0.022854008720623275,0.020797161884747117,0.020522924939283538,True,326,32309.131761739653,0.1280323058211289,0.1120879126832195,0.01597057536023476
SPY,2020,2020-05-14,2020-05-15,0.021580888152834987,0.0434486273052832,0.016667747944647943,0.017372806044847065,0.017836705061748188,0.02356163223974942,2.435911069610116,0.017671814713543073,0.014024122688512497,0.013847093280880074,True,738,90156.7750378327,0.26705871173326073,0.21452397265079806,0.015505523833747656
IWM,2020,2020-05-15,2020-05-18,0.025161869035920548,0.0333579183965578,0.02285775912495093,0.02608669769578105,0.02967909553876159,0.037103865863189214,1.1239533345277177,0.019475067463118594,0.014758482209551671,0.009357137741306865,True,138,9014.78665615715,0.15344030883706278,0.05902628617635196,0.022944038662294827
QQQ,2020,2020-05-15,2020-05-18,0.020522924939283538,0.022854008720623275,0.014465685831264851,0.018539076696434606,0.02071624055651309,0.02435283376620013,1.1031928625407896,0.014185926605952493,0.01060630152656672,0.005082172099558857,True,250,8249.615732337561,0.11533416408660892,0.055259404977765755,0.022034586054286282
SPY,2020,2020-05-15,2020-05-18,0.013847093280880074,0.017671814713543073,0.014031398224749568,0.016309131076118862,0.01808757875700498,0.02296815706839911,0.9770138364538764,0.013820126127525888,0.012625873950369071,0.006654196513425026,True,691,40897.85196854299,0.19144087761738646,0.11240186003123419,0.019135697108252598
IWM,2020,2020-05-18,2020-05-19,0.009357137741306865,0.019475067463118594,0.03982453131459181,0.029014451725565642,0.02864466314683715,0.038844548978718564,0.6798846739194058,0.025639081518308356,0.016607747982897436,0.01633643656154471,False,128,5963.708152246292,0.048456200977333296,0.03152487378828244,0.02116786125175088
QQQ,2020,2020-05-18,2020-05-19,0.005082172099558857,0.014185926605952493,0.016668433242802115,0.018594947769106616,0.02071624055651309,0.024795638739763023,0.6847732129415008,0.013790072163954318,0.00944228890684684,0.003689048525027272,False,252,10285.218652643627,0.12410556718775276,0.061830795253978964,0.020750001943835528
SPY,2020,2020-05-18,2020-05-19,0.006654196513425026,0.013820126127525888,0.021121687396513673,0.017090235781460416,0.01733129308662367,0.02384786074454313,0.7974088291307179,0.014472495871288502,0.008220564466983049,0.00808562878702812,False,752,38616.4775730957,0.1604861802521677,0.09697848439145836,0.01882678752805338
IWM,2020,2020-05-19,2020-05-20,0.01633643656154471,0.025639081518308356,0.03648114584539623,0.028810796367531213,0.02864466314683715,0.03840592559809908,0.8950735914358042,0.019588570243486505,0.016951707017445194,0.009568329038960766,False,130,10592.730096872981,0.11923641152020045,0.0728642582687454,0.024507623564513314
QQQ,2020,2020-05-19,2020-05-20,0.003689048525027272,0.013790072163954318,0.012135071429638409,0.016081792080630083,0.020484337027331923,0.02334484962104762,0.6732008043782156,0.009934635203907952,0.009847470618021603,0.008235291458163152,False,258,12642.101872290628,0.12381665535528663,0.07738387238284093,0.020234188858561142
SPY,2020,2020-05-19,2020-05-20,0.00808562878702812,0.014472495871288502,0.01895863346093569,0.015582827549039875,0.016619244459448325,0.022870610709239715,0.8708275461379738,0.007774956852218461,0.0069298483612096895,0.003752232182003601,False,741,58101.4490473489,0.1286746159673795,0.08983066314110613,0.01827312303723076
IWM,2020,2020-05-20,2020-05-21,0.009568329038960766,0.019588570243486505,0.030108230320121936,0.029316436689824633,0.02864466314683715,0.03891719995321404,0.6838471146639897,0.018500527199402716,0.01108765424951752,0.0014173997544251193,False,163,23376.800509632143,0.04392153712707431,0.023400696161328303,0.025141105217188084
QQQ,2020,2020-05-20,2020-05-21,0.008235291458163152,0.009934635203907952,0.009237452674740031,0.01543885204932791,0.020484337027331923,0.022604318795750367,0.4849869044164001,0.016418955287212548,0.013576272896704156,0.011104421435829348,False,298,21460.269483887612,0.07970067294217277,0.053104326562691526,0.02161270714005935
SPY,2020,2020-05-20,2020-05-21,0.003752232182003601,0.007774956852218461,0.015071634486067867,0.015294415720181191,0.016619244459448325,0.02242332716767424,0.4678285388478214,0.013410191959766442,0.010555368169653967,0.006435538957236475,False,811,79540.1903234962,0.11601795557959187,0.06970159216627579,0.018925468588708794
IWM,2020,2020-05-21,2020-05-22,0.0014173997544251193,0.018500527199402716,0.030295719281006325,0.029320510663654636,0.02864466314683715,0.038277578871772494,0.6458629694671583,0.01507387545034503,0.01240410346931542,0.0016336320167400498,False,160,28137.876706533898,0.0728578300332064,0.052824578219026065,0.022879497145161035
QQQ,2020,2020-05-21,2020-05-22,0.011104421435829348,0.016418955287212548,0.013341678812545653,0.015764902183031195,0.018447824597112573,0.022396862576754693,0.890021216365122,0.01037424009125484,0.006215794212801162,0.00529659325905496,False,302,28714.68172948595,0.26344583507396474,0.13415212678303937,0.01858106371293249
SPY,2020,2020-05-21,2020-05-22,0.006435538957236475,0.013410191959766442,0.016937401539783823,0.015447160476542278,0.016231244703477928,0.02216374597035612,0.8261961546851051,0.008181429209311192,0.004604072361692246,0.0029534409327354183,False,825,93754.3298376705,0.22522814115884499,0.1519805396231785,0.016523740397675894
IWM,2020,2020-05-22,2020-05-26,0.0016336320167400498,0.01507387545034503,0.030867601774346304,0.029199480713344984,0.02864466314683715,0.037691654500590435,0.5262367852983266,0.03847526254942578,0.03778050697971724,0.009351114232554414,False,154,21378.85317439275,0.23908759292826512,0.024080209678947043,0.023804901794740575
QQQ,2020,2020-05-22,2020-05-26,0.00529659325905496,0.01037424009125484,0.013402110590315205,0.015532321341053548,0.01577476749182399,0.021774587792841364,0.657647733738819,0.020483433431538575,0.01997468184066653,0.018512201375213366,False,212,20546.214490524526,0.14325136723777138,0.05029567253233316,0.02137983819243316
SPY,2020,2020-05-22,2020-05-26,0.0029534409327354183,0.008181429209311192,0.017074474404171452,0.015226138901441482,0.01577383752161276,0.02164075264893126,0.5186708179351591,0.02228997168080268,0.021898062031477483,0.009439294447888824,False,760,74505.13699169713,0.17155144669630276,0.099324346731154,0.01953739918575457
IWM,2020,2020-05-26,2020-05-27,0.009351114232554414,0.03847526254942578,0.020871064011018847,0.028625732442414176,0.02864466314683715,0.03726361452695166,1.3431913076511108,0.04358266475762056,0.03087457537778371,0.010736659850492547,False,152,27130.56253199665,0.012753596963036006,0.005022389847772653,0.02455542025416912
QQQ,2020,2020-05-26,2020-05-27,0.018512201375213366,0.020483433431538575,0.01153361375992022,0.015559567958574494,0.018447824597112573,0.02216290073579274,1.1103441125922573,0.0282915787818964,0.021211038439828744,0.006996330524490224,False,207,24031.108348017762,0.21725317425306206,0.08541727057672285,0.02099356847025998
SPY,2020,2020-05-26,2020-05-27,0.009439294447888824,0.02228997168080268,0.011808625513111076,0.015145041583121004,0.016231244703477928,0.021846623697432524,1.3732755613022412,0.022176659325154637,0.017684508661535814,0.004667031924062037,False,797,76521.63943023726,0.26194410416588915,0.12391300786065514,0.018059064011461335
IWM,2020,2020-05-27,2020-05-28,0.010736659850492547,0.04358266475762056,0.014710770657369981,0.029157005069548925,0.02864466314683715,0.03783638988661429,1.5214933593112547,0.049468035030906056,0.05204247395563866,0.03482111616445882,False,174,24031.533644739706,0.0489547117446691,0.02052423644657159,0.022054378108268338
QQQ,2020,2020-05-27,2020-05-28,0.006996330524490224,0.0282915787818964,0.01139723189458087,0.01467593886146668,0.018447824597112573,0.02215807911129209,1.5335997278684315,0.01929203507996329,0.019030162798378436,0.0038409710639786265,False,266,27947.785781634215,0.1434770164512293,0.05909784675469806,0.020066297318831906
SPY,2020,2020-05-27,2020-05-28,0.004667031924062037,0.022176659325154637,0.010074567049483427,0.015312639124379494,0.016231244703477928,0.021921613297463966,1.3662944358421731,0.015099314609140088,0.007973808033280072,0.005514500933658573,False,790,71539.13561606381,0.13373070680012342,0.06655668564023874,0.01888888673530213
IWM,2020,2020-05-28,2020-05-29,0.03482111616445882,0.049468035030906056,0.022455998148780337,0.027946349387945383,0.02864466314683715,0.037340866944539565,1.7269546783400787,0.02075195266708291,0.013855284355317687,0.00433832849954463,False,174,30068.481423848843,0.2284315138066486,0.1032793523560702,0.021289111599449573
QQQ,2020,2020-05-28,2020-05-29,0.0038409710639786265,0.01929203507996329,0.006366549873952803,0.012752733167919304,0.017855495183587918,0.021115373946625323,1.0804536576334092,0.02100881801413998,0.013976912720099266,0.012935131801281585,False,253,32931.75748193047,0.20922418098372952,0.11743755473492748,0.01859456021923817
SPY,2020,2020-05-28,2020-05-29,0.005514500933658573,0.015099314609140088,0.00928753435896692,0.01434487208730404,0.016231244703477928,0.02107820396893704,0.9302622740882407,0.0181511287094987,0.009984272956179874,0.006149626137964326,False,774,89585.98772617709,0.13329418733744816,0.09235336089598757,0.017396566464165472
IWM,2020,2020-05-29,2020-06-01,0.00433832849954463,0.02075195266708291,0.02326038407683297,0.026408472217136558,0.02864466314683715,0.03655470591037928,0.7244613965507314,0.021973270711593645,0.017305785991475586,0.006965397522369576,False,162,24320.757321164776,0.0244214646258019,0.008587701255919664,0.025864908283796405
QQQ,2020,2020-05-29,2020-06-01,0.012935131801281585,0.02100881801413998,0.006871538063764217,0.013012168592663737,0.019884364493487943,0.021553443779546586,1.056549633307129,0.010539434214410334,0.008560570321347605,0.006882865002649563,False,262,19745.71039230971,0.08763129045976387,0.023855062185997825,0.02330800155575942
SPY,2020,2020-05-29,2020-06-01,0.006149626137964326,0.0181511287094987,0.007052422435352505,0.014115345527692311,0.016619244459448325,0.021177641622636186,1.0921753244431922,0.010374790682901432,0.008530387917603965,0.006356605977272167,False,679,71623.0697523269,0.13878023493690392,0.07655840741252107,0.01815976270354063
IWM,2020,2020-06-01,2020-06-02,0.006965397522369576,0.021973270711593645,0.023243670355604183,0.02438694052367329,0.02755475119718967,0.03496264134139557,0.7974403598982492,0.016233135507385265,0.010819789280886338,0.0022683210378962038,False,184,25359.287285106206,0.16906951746420137,0.02119630564217772,0.023878962414499334
QQQ,2020,2020-06-01,2020-06-02,0.006882865002649563,0.010539434214410334,0.006882074684192096,0.010707327678286754,0.017855495183587918,0.02042701707538517,0.5902627793878141,0.015692997588785982,0.01073231995223689,0.004818784148454158,False,302,23797.465561713358,0.17046432868314307,0.045824178054952695,0.022417921947606664
SPY,2020,2020-06-01,2020-06-02,0.006356605977272167,0.010374790682901432,0.006774592148783543,0.012368412714198982,0.015673516034166234,0.02012192740843142,0.6619312897173635,0.009884191485739715,0.00515419067937084,0.004991025412567129,False,835,66191.95147964277,0.15599162274787678,0.07451818052035515,0.01953939326209998
IWM,2020,2020-06-02,2020-06-03,0.0022683210378962038,0.016233135507385265,0.020265399328136414,0.024388699208981787,0.026495007332723787,0.03432079289103595,0.6126865829297522,0.02060281723109955,0.016705012778319928,0.007865280832562549,False,220,27664.003556573218,0.12802937136033682,0.02252001222292768,0.02392458907528167
QQQ,2020,2020-06-02,2020-06-03,0.004818784148454158,0.015692997588785982,0.005864207454202492,0.01059813614677172,0.016055976437999265,0.0201954674345207,0.977392913435384,0.008973144698545907,0.00512150487598606,0.0018200624082291839,False,358,26916.006441240188,0.13208869446092217,0.05173415341776157,0.022363048202182354
SPY,2020,2020-06-02,2020-06-03,0.004991025412567129,0.009884191485739715,0.006160173685740855,0.012401986301450821,0.014785905240214295,0.019774374378393324,0.6684874091345429,0.010572456429034038,0.009605502450141357,0.006253231377233659,False,915,82409.66342061112,0.14060521007437396,0.08558332500888692,0.018197527656354767
IWM,2020,2020-06-03,2020-06-04,0.007865280832562549,0.02060281723109955,0.018058010337584307,0.024716386082468615,0.02536953292270245,0.03428896969619003,0.8121086538673598,0.016824342945960503,0.012235885778880462,0.005214126940313646,False,208,26182.85935697702,0.190540888205936,0.031506134112991954,0.022272013469911377
QQQ,2020,2020-06-03,2020-06-04,0.0018200624082291839,0.008973144698545907,0.005889868866151351,0.010478764314074396,0.016055976437999265,0.019502308200619566,0.5588663344889693,0.01739093885036941,0.01134033395383649,0.0055007956742079145,False,354,28888.494635388146,0.10337882515443847,0.06176958041675218,0.02179471025051646
SPY,2020,2020-06-03,2020-06-04,0.006253231377233659,0.010572456429034038,0.00560698513497227,0.012521346333814153,0.014331369464117286,0.019607060638365006,0.7377143165211971,0.012600088754157654,0.0065678752021760545,0.0008035743363155046,False,868,67101.64212565983,0.11654618860066203,0.05921076717982467,0.020734096632102485
IWM,2020,2020-06-04,2020-06-05,0.005214126940313646,0.016824342945960503,0.011561046814629442,0.024571019453201406,0.023806176114951,0.03386128677276832,0.7067217710531137,0.01836142291696947,0.009677891475276867,0.004507542965790368,False,199,28124.15836515747,0.2253884697595682,0.053955372229086626,0.021602273255937516
QQQ,2020,2020-06-04,2020-06-05,0.0055007956742079145,0.01739093885036941,0.0077890475875108936,0.01076273270975035,0.016904947068790976,0.019594094657006157,1.02874849472174,0.01976969835243578,0.017272042206293525,0.014689701137801103,False,344,36302.357607972124,0.2325036572817946,0.13053002841400937,0.018342667373812353
SPY,2020,2020-06-04,2020-06-05,0.0008035743363155046,0.012600088754157654,0.005872772438610108,0.012359097539323488,0.01400518459223598,0.019417268369780485,0.8996731654035274,0.01295585288032421,0.012735169711032945,0.0066512791302504315,False,859,95099.15165729121,0.2259948709883199,0.1453718457657144,0.017916260003610605
IWM,2020,2020-06-05,2020-06-08,0.004507542965790368,0.01836142291696947,0.015690713735550775,0.025528617434479234,0.023806176114951,0.03542873516667694,0.771288208081345,0.011552310051370087,0.0068263422675951535,0.0048571723316650495,False,156,17589.026101789135,0.2576712681925447,0.038928200042802466,0.02123855929674245
QQQ,2020,2020-06-05,2020-06-08,0.014689701137801103,0.01976969835243578,0.009624489649280638,0.011182305562957252,0.018341486965166347,0.01986363184600174,1.0778678080998478,0.015738453366192538,0.008933787466096188,0.00839112391233976,False,300,22453.336118088006,0.12514213241445324,0.020141292635711162,0.02382847857532878
SPY,2020,2020-06-05,2020-06-08,0.0066512791302504315,0.01295585288032421,0.010638911882026477,0.01313587107486172,0.01400518459223598,0.020035939426278238,0.9250754815117906,0.01180438062859044,0.009961908779107187,0.009306136328049774,False,821,58997.578344238354,0.2275504097245723,0.12191350914667994,0.01927286755541658
IWM,2020,2020-06-08,2020-06-09,0.0048571723316650495,0.011552310051370087,0.01532103537676785,0.024685228171325565,0.021362611689338278,0.0344141226574673,0.5407723652597988,0.017963719361679724,0.01207569489627991,0.003977237843617365,False,156,17463.307019681728,0.052157858274301576,0.0043813398353611975,0.024300588974825597
QQQ,2020,2020-06-08,2020-06-09,0.00839112391233976,0.015738453366192538,0.009562443339621479,0.010986403958331312,0.018341486965166347,0.019933266292798547,0.8580794673890171,0.015415903758927114,0.014626398072419278,0.010969830256277291,False,300,22841.32676515207,0.07064432552913816,0.024415378949656764,0.023367635735492075
SPY,2020,2020-06-08,2020-06-09,0.009306136328049774,0.01180438062859044,0.010161879530421934,0.01297205438559042,0.01400518459223598,0.019757240718468152,0.8428579110006451,0.012238568770312102,0.009303812363097297,0.0015298806451089497,False,882,54892.64824273788,0.08256881595059083,0.03246652049670073,0.019246170303276723
IWM,2020,2020-06-09,2020-06-10,0.003977237843617365,0.017963719361679724,0.022479880076897808,0.025225810636930374,0.02067738494909123,0.03436286073539522,0.8687616642968785,0.029049241899747242,0.028718318140431576,0.026051061080093363,False,156,23453.133952980257,0.27915274336775986,0.09168299852523801,0.02066176880467992
QQQ,2020,2020-06-09,2020-06-10,0.010969830256277291,0.015415903758927114,0.009570396343906534,0.010949901019832606,0.016904947068790976,0.019660575576492836,0.9119167126756134,0.013507499596658621,0.011303832842131767,0.004774528277390777,False,300,21058.6763871974,0.09182151807290186,0.03395395662630501,0.021361351860039846
SPY,2020,2020-06-09,2020-06-10,0.0015298806451089497,0.012238568770312102,0.013297974236165154,0.01323447298389731,0.013615159043646165,0.019659261256885434,0.8988928246140113,0.01297372053240838,0.010055974466582462,0.007529131126361777,False,1065,70698.83008901122,0.22379383943157838,0.13552573279325056,0.018815643115189053
IWM,2020,2020-06-10,2020-06-11,0.026051061080093363,0.029049241899747242,0.027052136876817446,0.02450874578545947,0.02067738494909123,0.03374458425203207,1.4048798709927754,0.04466639157658192,0.03991978521531281,0.036532253586604946,False,220,29875.744964630623,0.04775172764391423,0.018541016737147212,0.023214212122498915
QQQ,2020,2020-06-10,2020-06-11,0.004774528277390777,0.013507499596658621,0.009771402564560452,0.009445359544134694,0.016078704326702543,0.019264921533740785,0.8400863230146088,0.0397670526857951,0.03504871222828587,0.033614136383175564,False,358,23391.61497798332,0.15661991444137166,0.05650402677023449,0.021765882473776078
SPY,2020,2020-06-10,2020-06-11,0.007529131126361777,0.01297372053240838,0.014136355247772266,0.01217474306967984,0.013191956246087412,0.018989562920557562,0.9834569104378467,0.03897766796352823,0.03816533221140905,0.034835954540506475,False,1017,68124.93332687205,0.18595007618367979,0.08578163922462247,0.01915978582385909
IWM,2020,2020-06-11,2020-06-12,0.036532253586604946,0.04466639157658192,0.04458444149369977,0.02960107405758554,0.02067738494909123,0.0350640167472034,2.1601566971139166,0.04895610551083344,0.046067895756589206,0.01467966601378523,False,266,26036.659606399313,0.22340812277357805,0.039611867472453356,0.021631386745023393
QQQ,2020,2020-06-11,2020-06-12,0.033614136383175564,0.0397670526857951,0.027854586400796067,0.0150622686615281,0.016078704326702543,0.01997624712277115,2.473274704091198,0.03622062209194944,0.031716538666187954,0.013425871028671765,False,352,35868.78516562229,0.20484816593553817,0.08175706566601922,0.020523351638519753
SPY,2020,2020-06-11,2020-06-12,0.034835954540506475,0.03897766796352823,0.031605909253789526,0.018036218856223262,0.013191956246087412,0.020530600144129496,2.954654126834947,0.03399941863734614,0.03228393815744757,0.013074224328363804,False,871,67406.0596340249,0.21284326472733026,0.07679471965953476,0.019833346243076106
IWM,2020,2020-06-12,2020-06-15,0.01467966601378523,0.04895610551083344,0.04066450092629304,0.029890800684692354,0.02067738494909123,0.03512664311837961,2.3676159065261806,0.06587634198463634,0.06587634198463643,0.05784819015968368,False,212,24824.505890255405,0.04123397303358729,0.03301667006564053,0.026976705662487846
QQQ,2020,2020-06-12,2020-06-15,0.013425871028671765,0.03622062209194944,0.02613635783938162,0.014986172134459068,0.016078704326702543,0.020486131371197334,2.252707765251732,0.03433142163019323,0.03015829647740187,0.02714677978109381,False,298,27415.98897540655,0.15196633756596772,0.12686115424661124,0.02261596157495861
SPY,2020,2020-06-12,2020-06-15,0.013074224328363804,0.03399941863734614,0.028569793800502664,0.018036427206986234,0.013191956246087412,0.02012173157567677,2.577284066374158,0.03872226350693701,0.03442725368718236,0.03029997688806918,False,858,65523.8337562353,0.1191255338638483,0.09381749669617008,0.021829721457653065
IWM,2020,2020-06-15,2020-06-16,0.05784819015968368,0.06587634198463634,0.04072827307277776,0.029966375946287892,0.02067738494909123,0.03664873130666753,3.18591263580125,0.03858479492745392,0.04013333128483487,0.01574747781135566,True,210,29479.9727817682,0.028929000844496698,0.024980373237986315,0.026548040644234733
QQQ,2020,2020-06-15,2020-06-16,0.02714677978109381,0.03433142163019323,0.026655687915933375,0.01510536567114242,0.016078704326702543,0.021050679374221906,2.1352107068215487,0.021699865914438867,0.01957336911884111,0.003814885062097373,True,308,29905.862084229644,0.0763538604676891,0.06619843965335419,0.021386197669431846
SPY,2020,2020-06-15,2020-06-16,0.03029997688806918,0.03872226350693701,0.02807644055838117,0.018083633811951556,0.013191956246087412,0.021142920077256683,2.9352935064821493,0.02526309415225841,0.025384331321674836,0.007987889702968265,True,913,67341.25102645198,0.10486697666066666,0.08488012034326173,0.022007811293052303
IWM,2020,2020-06-16,2020-06-17,0.01574747781135566,0.03858479492745392,0.0442746205768559,0.02748505117452962,0.021362611689338278,0.035348277128439666,1.8061834146763498,0.02538210292480358,0.023138896435023648,0.019503369090899447,True,184,30089.477406919963,0.24156608632111776,0.22270793682275045,0.022914336186921933
QQQ,2020,2020-06-16,2020-06-17,0.003814885062097373,0.021699865914438867,0.027862443011488748,0.015031605228023234,0.016904947068790976,0.021020296098837123,1.2836399798317037,0.011333896651544816,0.006880065086063203,0.0031914844467109127,True,300,26698.1555081271,0.14678072065419923,0.11760520781999564,0.019608487503645584
SPY,2020,2020-06-16,2020-06-17,0.007987889702968265,0.02526309415225841,0.031035451657625814,0.017368982235476112,0.013191956246087412,0.020713089955583366,1.915037745804468,0.011239625607519099,0.010326263024898141,0.007673460075484084,True,936,74265.53537782826,0.10243156192362071,0.07922083995503376,0.02068627627390917
IWM,2020,2020-06-17,2020-06-18,0.019503369090899447,0.02538210292480358,0.04342714242465728,0.027409650097137445,0.021362611689338278,0.03534171846817892,1.1881554228442661,0.024934103595843506,0.02094466441315901,0.009617483440022667,True,224,45119.71602070736,0.11191682305179801,0.09258052699807277,0.02240754211034642
QQQ,2020,2020-06-17,2020-06-18,0.0031914844467109127,0.011333896651544816,0.027178863904736884,0.014967773358093956,0.016904947068790976,0.020900285670633213,0.6704485145930364,0.008385027508030636,0.0050968207792487785,0.004069240496873627,True,343,36286.8845367103,0.12324718148774295,0.09411572953207302,0.018846214910485923
SPY,2020,2020-06-17,2020-06-18,0.007673460075484084,0.011239625607519099,0.031029987999618147,0.017173781871720067,0.012964786706366294,0.020555034106967945,0.8669348645743579,0.008999638526036757,0.007386787378494741,0.005709457623674918,True,902,85925.67272728829,0.09158507044946558,0.06359398387770689,0.020937911168898437
IWM,2020,2020-06-18,2020-06-19,0.009617483440022667,0.024934103595843506,0.018587924783715345,0.02675131431613517,0.023453687153718573,0.03468467811329831,1.0631208403361947,0.03233622924909788,0.03275173019876365,0.023750122692625886,True,224,52040.01626037728,0.13539177707360966,0.11637731280834601,0.019845607187994815
QQQ,2020,2020-06-18,2020-06-19,0.004069240496873627,0.008385027508030636,0.006140382654064611,0.014468378564003988,0.016904947068790976,0.020239009276693,0.49601027876098075,0.018441223728558425,0.017653119542874407,0.01009196399907808,True,343,41918.348208786396,0.25172310365308875,0.20827438633848466,0.015790681963999093
SPY,2020,2020-06-18,2020-06-19,0.005709457623674918,0.008999638526036757,0.009323945122561248,0.016881783491580333,0.012964786706366294,0.019992257004810155,0.6941601686063626,0.024986490651569743,0.024924198867525282,0.017601930620182782,True,882,96599.57846180937,0.16065237820904713,0.12857077464934696,0.017018474108838562
IWM,2020,2020-06-19,2020-06-22,0.023750122692625886,0.03233622924909788,0.017588796296224764,0.026814855586314523,0.02515810326032354,0.03540692092849227,1.2853206346479567,0.02659723032969276,0.016543011798033413,0.015402084417527995,True,192,14730.750913934111,0.04697493956634199,0.005377897349396811,0.023603557658434915
QQQ,2020,2020-06-19,2020-06-22,0.01009196399907808,0.018441223728558425,0.00732426258204258,0.014128364598166574,0.01791608128946392,0.020349193070676227,1.0293112333333367,0.014322022075150289,0.013090949348683711,0.012557505373262945,True,267,14919.342386542909,0.14680058865778847,0.04639236867573174,0.021585942269757172
SPY,2020,2020-06-19,2020-06-22,0.017601930620182782,0.024986490651569743,0.011543238407133753,0.01698995414603608,0.012964786706366294,0.020580965001150503,1.9272581352456999,0.013961453064421134,0.009935379900707586,0.008539254411518815,True,792,48648.92734336819,0.1696092821414789,0.060264204542621706,0.02112872770526468
IWM,2020,2020-06-22,2020-06-23,0.015402084417527995,0.02659723032969276,0.015887775688097044,0.026860259407121816,0.02598966662724817,0.035973600235220095,1.023377125653763,0.013927450551672018,0.011707069745451548,0.009146391749089378,False,202,15941.269804841097,0.1646658091593291,0.05318990934411786,0.020236709812890632
QQQ,2020,2020-06-22,2020-06-23,0.012557505373262945,0.014322022075150289,0.007029356491254807,0.014212074867972671,0.01791608128946392,0.020545892122350005,0.7993947919611627,0.013406282782914654,0.011111536348556328,0.00181165485465562,False,288,17257.50738234234,0.10226462718876611,0.04737050253029183,0.021722682968372427
SPY,2020,2020-06-22,2020-06-23,0.008539254411518815,0.013961453064421134,0.01120828738097659,0.0170126175730595,0.013467586798414758,0.020868926031584627,1.0366707319877462,0.009218841872038192,0.006033198457011668,0.004593455887792919,False,855,54100.85371750732,0.19534316586571662,0.05682352414108471,0.020404403952482622
IWM,2020,2020-06-24,2020-06-25,0.019418889969103903,0.03749119997231574,0.01646645762765278,0.026291744753631406,0.02515810326032354,0.03484836904990798,1.490223630310101,0.031152482287185,0.020840861065025917,0.019896812873360314,False,244,26628.012181441725,0.1045621532251076,0.05153410634637465,0.023531168045204887
QQQ,2020,2020-06-24,2020-06-25,0.01753604324574365,0.028904290250392758,0.012343893539713645,0.015212050224582154,0.01656469610828097,0.02042713821395898,1.7449333245505794,0.02132894537797954,0.011030951600075278,0.009146824034557799,False,347,25608.046865264412,0.1258636229235069,0.08304703743001596,0.019221388540371576
SPY,2020,2020-06-24,2020-06-25,0.018557965620840777,0.027143053710012285,0.01320722394803828,0.01767694642433938,0.012964786706366294,0.02082530942028602,2.0935981690068086,0.020957642744118248,0.013741105911492246,0.012785464353001208,False,850,62196.68100633418,0.1403839170399521,0.07989702978352266,0.02060085136682856
IWM,2020,2020-06-25,2020-06-26,0.019896812873360314,0.031152482287185,0.018785701166568497,0.02598561962503603,0.02515810326032354,0.0338967524759003,1.238268321138307,0.0239460599383369,0.02190629433687552,0.020146240641437996,False,246,29740.403245668862,0.2705132175099844,0.15704347958135126,0.02045072641273065
QQQ,2020,2020-06-25,2020-06-26,0.009146824034557799,0.02132894537797954,0.013054199908399376,0.01524532812210569,0.01656469610828097,0.02053432010648667,1.2876146497681198,0.025551363289431875,0.02545062704406531,0.022621847124291272,False,350,30266.08898356585,0.23454939908931044,0.17915913045543308,0.017948393133602972
SPY,2020,2020-06-25,2020-06-26,0.012785464353001208,0.020957642744118248,0.014925555667144314,0.01782151317625714,0.012964786706366294,0.02111330360081891,1.6165050161470917,0.022765877767611676,0.02251015273567103,0.019956936882859044,False,841,76971.1014666764,0.11475520163523589,0.086672388404134,0.01897765395029557
IWM,2020,2020-06-26,2020-06-29,0.020146240641437996,0.0239460599383369,0.02203760641753577,0.026679515176745595,0.02515810326032354,0.03412898293863295,0.951822945098642,0.03525340028088667,0.0236464466912103,0.017518510259997733,False,205,28435.85661476451,0.12686080062366603,0.04750193676215772,0.023161177328896238
QQQ,2020,2020-06-26,2020-06-29,0.022621847124291272,0.025551363289431875,0.017317104823403505,0.016145349235278116,0.01656469610828097,0.020772592224875937,1.5425192905687124,0.022919531491528342,0.012001520474068439,0.011959807903438424,False,263,21531.54464346668,0.13954468508953666,0.07934048072009996,0.02093701584191609
SPY,2020,2020-06-26,2020-06-29,0.019956936882859044,0.022765877767611676,0.017611264180374713,0.018621168093550803,0.012964786706366294,0.02149733389092234,1.7559778099883898,0.018844738418664797,0.010616706979110102,0.010119066241702779,False,737,63340.32443460698,0.22295419483051043,0.12520208354603743,0.01925177367221909
IWM,2020,2020-06-29,2020-06-30,0.017518510259997733,0.03525340028088667,0.027758169828826548,0.027622325360752424,0.02598966662724817,0.03497376858844893,1.3564391104550062,0.021539765541603494,0.020971045614852635,0.01784314025384015,False,217,27079.241019496774,0.09708393689297307,0.062403364121198464,0.01983714575507546
QQQ,2020,2020-06-29,2020-06-30,0.011959807903438424,0.022919531491528342,0.0174492466037542,0.01627831039072755,0.01791608128946392,0.021392436815496213,1.279271461276906,0.022984725183726767,0.02220208137245505,0.01989538141472358,False,267,25569.27398727588,0.227355004612757,0.16506671355654337,0.017210070195232276
SPY,2020,2020-06-29,2020-06-30,0.010119066241702779,0.018844738418664797,0.019319329208190822,0.018909324698463455,0.013467586798414758,0.021926295320766682,1.3992661566423297,0.020987549221254106,0.020428376499727285,0.014375457276794679,False,816,72907.34959035041,0.17002465241216516,0.11318620125639789,0.018827077761911514
IWM,2020,2020-06-30,2020-07-01,0.01784314025384015,0.021539765541603494,0.028645652571150114,0.027745903665459315,0.02598966662724817,0.03523065166044257,0.8287819097695044,0.02276358616505241,0.017063072143798097,0.012739203968113899,False,194,21258.890524618888,0.064264140680204,0.015510659571761027,0.024162833889716996
QQQ,2020,2020-06-30,2020-07-01,0.01989538141472358,0.022984725183726767,0.019830089383792198,0.016724961459134793,0.019105461040497103,0.021755216918937014,1.2030447804953222,0.01792926204308433,0.015667924779419584,0.01150866625157465,False,226,17741.113497340662,0.12128243451181536,0.06818382807406048,0.018567015304568134
SPY,2020,2020-06-30,2020-07-01,0.014375457276794679,0.020987549221254106,0.02052752098942571,0.019040451161814277,0.016403095741542965,0.022478225819106842,1.2794870890194476,0.009109433270340368,0.007494289722288716,0.003068713592974781,False,803,66081.05723998035,0.09346400760216103,0.058078845734147455,0.018482656017732288
IWM,2020,2020-07-01,2020-07-02,0.012739203968113899,0.02276358616505241,0.023386289541391856,0.027286284970557073,0.02598966662724817,0.03471756751440412,0.8758706485748662,0.02345046656682729,0.018817380931922756,0.014941918224880113,False,239,27355.337214912604,0.08675140382592593,0.031528487687516954,0.022310451583155817
QQQ,2020,2020-07-01,2020-07-02,0.01150866625157465,0.01792926204308433,0.016807342677912743,0.01684395739442532,0.019105461040497103,0.02220196803868015,0.9384365027925978,0.01011776743089868,0.0052043920529663,0.0032803802744423294,False,305,20798.915455182363,0.2059329530357133,0.13685825389010728,0.018426612101749444
SPY,2020,2020-07-01,2020-07-02,0.003068713592974781,0.009109433270340368,0.015936959003953786,0.018863767821563095,0.016403095741542965,0.022216412202666826,0.5553484179982897,0.013333765821088361,0.00876370062972942,0.006396319088947666,False,825,69348.07573863478,0.287509800493038,0.11760407659042982,0.018804299228907636
IWM,2020,2020-07-02,2020-07-06,0.014941918224880113,0.02345046656682729,0.022725943731400453,0.02730615317747112,0.02598966662724817,0.03510178061634872,0.9022996294320018,0.019061410217802086,0.01672157539291952,0.013005880492565236,False,204,20337.583968756393,0.1387722544961605,0.0,0.021628343851914592
QQQ,2020,2020-07-02,2020-07-06,0.0032803802744423294,0.01011776743089868,0.016692751695007495,0.016695271819270753,0.019105461040497103,0.022088264537479817,0.5295746283982596,0.013701311574919103,0.01362300164068575,0.011509171013186492,False,237,14234.400502021308,0.13442999532917416,0.0,0.022452904729728284
SPY,2020,2020-07-02,2020-07-06,0.006396319088947666,0.013333765821088361,0.015578062234408217,0.018893949920544495,0.016403095741542965,0.022422655651312174,0.8128810580138767,0.006700999304318435,0.004140713654303685,0.0021493589350323195,False,715,58356.43392280826,0.09560493645509276,0.03521619031640816,0.019013779455887454
IWM,2020,2020-07-06,2020-07-07,0.013005880492565236,0.019061410217802086,0.015475729041816908,0.025802787853157084,0.02598966662724817,0.03358741014283561,0.7334226518249242,0.020818728839134278,0.012101345386850149,0.009072959295155059,False,210,25192.90716090568,0.12238515806903683,0.01947891543775536,0.023405244391727083
QQQ,2020,2020-07-06,2020-07-07,0.011509171013186492,0.013701311574919103,0.007209525049946452,0.01696931709129759,0.01818524288582138,0.022303422265314714,0.7534302214682931,0.017743063585045123,0.01065354646101091,0.005888581344660304,False,246,11896.084971840959,0.08347502011210835,0.03812306637598081,0.021379828894758337
SPY,2020,2020-07-06,2020-07-07,0.0021493589350323195,0.006700999304318435,0.0045477770389194,0.01830337352448367,0.016403095741542965,0.02170400063786543,0.40852040431290576,0.013158709595512916,0.006785414730571038,0.0050732642486645,False,801,55965.30120485205,0.09433328497859088,0.03459368282974855,0.01949105624592356
IWM,2020,2020-07-07,2020-07-08,0.009072959295155059,0.020818728839134278,0.013051526724372417,0.02551873836945184,0.02598966662724817,0.03355055494209595,0.8010387027168497,0.024154546953461666,0.012361505833104802,0.008383120066923544,False,196,30115.16461237732,0.05974516874994148,0.014824532144665479,0.020554042025211664
QQQ,2020,2020-07-07,2020-07-08,0.005888581344660304,0.017743063585045123,0.012213017781171651,0.017109614762098588,0.01818524288582138,0.02240325255466246,0.975684718452619,0.013644425396425073,0.007907504226952966,0.007791220879331595,False,245,17898.74193567954,0.11869915851387776,0.07613887288633482,0.020162209591013905
SPY,2020,2020-07-07,2020-07-08,0.0050732642486645,0.013158709595512916,0.010034751510793019,0.018197162786699812,0.016403095741542965,0.021721217618173375,0.8022089124424714,0.011442661560518142,0.006108004700897451,0.004990328970214675,False,798,72634.92729725283,0.13951173066790473,0.08599695404848881,0.01867582963132468
IWM,2020,2020-07-08,2020-07-09,0.008383120066923544,0.024154546953461666,0.011337901881696208,0.02539337836872784,0.02598966662724817,0.03344094902080107,0.9293904111927883,0.035980850983134645,0.03482948548508302,0.020771700179523345,False,261,33407.54204355686,0.11833113066902064,0.043972012829526876,0.020743464598055313
QQQ,2020,2020-07-08,2020-07-09,0.007791220879331595,0.013644425396425073,0.011413142229773566,0.01723477787797367,0.01818524288582138,0.022321160997498844,0.7503020708655656,0.02000225296773748,0.016845849690003023,0.0008015858842600476,False,314,19739.04675861104,0.2155488229868158,0.13723052486541532,0.019399456541030202
SPY,2020,2020-07-08,2020-07-09,0.004990328970214675,0.011442661560518142,0.00941706345909677,0.018242351067001023,0.016403095741542965,0.021688426360375202,0.6975915851992571,0.020262635721305274,0.019827487470484906,0.00776414431104433,False,801,65406.83290258789,0.1446279431195609,0.06671484570492467,0.018561597981589417
IWM,2020,2020-07-09,2020-07-10,0.020771700179523345,0.035980850983134645,0.013907379875572818,0.025085006321035018,0.02598966662724817,0.033790186729422834,1.3844291078905753,0.021848449759005663,0.016961338369296586,0.015595789697169904,False,234,37993.59949671705,0.08046540711283053,0.04141542948532712,0.02008416525023564
QQQ,2020,2020-07-09,2020-07-10,0.0008015858842600476,0.02000225296773748,0.011376982444195004,0.0171599208465564,0.01922173834814795,0.02239999498838959,1.0406058289553572,0.018967298568318764,0.010684212409680871,0.007403741748822634,False,299,18754.170688696802,0.15101459600386305,0.10167742633490441,0.01918836249089003
SPY,2020,2020-07-09,2020-07-10,0.00776414431104433,0.020262635721305274,0.010419201787717287,0.01824400328526771,0.019553687069985035,0.022053712996319454,1.0362565202553782,0.016289634936709353,0.011358236619734674,0.010435553449697155,False,826,81396.10306082574,0.14211903248962537,0.08674150673897722,0.018371747921881662
IWM,2020,2020-07-10,2020-07-13,0.015595789697169904,0.021848449759005663,0.01642828856494111,0.018316115471790753,0.02515810326032354,0.030980440119281034,0.8684458257019129,0.036764705096659835,0.024463761224197356,0.0229691786358579,False,196,27770.09856153941,0.14509682493649684,0.1351589212785651,0.020280120231422193
QQQ,2020,2020-07-10,2020-07-13,0.007403741748822634,0.018967298568318764,0.011374823645031605,0.011824830103355576,0.018704261148438595,0.020858175074124134,1.0140629676731245,0.045333655305154624,0.035779429288490094,0.03135886629331197,False,254,10146.350645341168,0.12652672017711897,0.1026890948387055,0.02338362041251161
SPY,2020,2020-07-10,2020-07-13,0.010435553449697155,0.016289634936709353,0.01095516903101339,0.012464003540883936,0.017567186677687075,0.019891525873739248,0.9272762472205979,0.026801569491764553,0.019100372160368195,0.016524563346876353,False,746,65127.25925645218,0.13063473780861976,0.11368726367288158,0.0183832955079241
IWM,2020,2020-07-13,2020-07-14,0.0229691786358579,0.036764705096659835,0.016214847717007007,0.01787409762483507,0.02515810326032354,0.03029417515128007,1.461346458285704,0.023954647589038973,0.018288769889613254,0.017213004958368083,True,186,33431.62358070303,0.22204333374578228,0.20286447781518657,0.021741762945727383
QQQ,2020,2020-07-13,2020-07-14,0.03135886629331197,0.045333655305154624,0.013797457965456802,0.013227356430412635,0.018704261148438595,0.021299836636286283,2.4237073544569823,0.031375822560424045,0.018989630009083935,0.017348503764585965,True,248,17243.579197928368,0.0933064849638559,0.07097128307983751,0.022271475632625597
SPY,2020,2020-07-13,2020-07-14,0.016524563346876353,0.026801569491764553,0.009581921289999065,0.012520609700704016,0.017567186677687075,0.01949920281995515,1.525660880339281,0.02476862453870531,0.020619285746430016,0.01793816103969781,True,803,68428.75432216769,0.11444999381182559,0.09359116242199347,0.01985422131715596
IWM,2020,2020-07-14,2020-07-15,0.017213004958368083,0.023954647589038973,0.016940659361000927,0.01771202569662287,0.024544325274652584,0.028316187784572944,0.9759749889632295,0.020561171302521605,0.01622885875441815,0.011071383789189149,True,200,35580.51480452163,0.09855041536262245,0.08924567791397332,0.020150753461526373
QQQ,2020,2020-07-14,2020-07-15,0.017348503764585965,0.031375822560424045,0.013413850451438869,0.013124300030506277,0.018704261148438595,0.021161253357727467,1.6774692307503019,0.019860262283579334,0.016855009912968733,0.0035518952124475867,True,254,21365.991477683645,0.15424865535533241,0.1278926790016396,0.02178977216989895
SPY,2020,2020-07-14,2020-07-15,0.01793816103969781,0.02476862453870531,0.00979607367302725,0.012660912233981482,0.017567186677687075,0.01883485884164688,1.4099368893349966,0.011693246141335732,0.00983498216709311,0.0017369112379671536,True,818,75695.75665349768,0.20597537615139533,0.18308034558785544,0.01728524825970178
IWM,2020,2020-07-15,2020-07-16,0.011071383789189149,0.020561171302521605,0.023353231560032685,0.018788947484441505,0.024054597271250318,0.02839234949558621,0.854770964180556,0.012250997732225015,0.008489754873586275,0.00034222881082013323,True,248,30279.453785139536,0.038086632686926386,0.0339762665196297,0.024926763002879763
QQQ,2020,2020-07-15,2020-07-16,0.0035518952124475867,0.019860262283579334,0.012166318862463617,0.012782533726742401,0.018704261148438595,0.020978682961332887,1.0618041592750773,0.01612279605937409,0.00938891300496314,0.004263259244838391,True,308,24877.373404363694,0.22167673984464317,0.1894167117016986,0.020884182231144556
SPY,2020,2020-07-15,2020-07-16,0.0017369112379671536,0.011693246141335732,0.009989347584898821,0.012127134903387623,0.015125544000565243,0.018081988649441032,0.7730793775680898,0.006848251611646627,0.004659277008542517,0.0031270520444028893,True,829,61879.36987935072,0.16800288303793273,0.14570549252332687,0.016299997541353015
IWM,2020,2020-07-16,2020-07-17,0.00034222881082013323,0.012250997732225015,0.019737503333531057,0.018327569076585767,0.023950353763687936,0.027852539751880033,0.5115163580923481,0.014180542234224712,0.008040672208879496,0.0006135556475622694,True,243,37510.05902805161,0.12059046873509528,0.10211700997771246,0.019053963542219766
QQQ,2020,2020-07-16,2020-07-17,0.004263259244838391,0.01612279605937409,0.011665334204600114,0.012996560287869573,0.018704261148438595,0.02142025294135687,0.8619851878361953,0.01209593657365853,0.009410050876076381,0.0006548130226674553,True,293,27957.009142459163,0.297069323504359,0.25880337123337455,0.017059390070870747
SPY,2020,2020-07-16,2020-07-17,0.0031270520444028893,0.006848251611646627,0.009475670830016466,0.012107638750405818,0.015125544000565243,0.017946786792701064,0.45276068162511757,0.008792149393914915,0.006692984030145288,0.0004970910267247941,True,798,72644.46379792724,0.31213485460382495,0.27638089771104885,0.013405408584933446
IWM,2020,2020-07-17,2020-07-20,0.0006135556475622694,0.014180542234224712,0.019621717300617625,0.018323092671167194,0.023698263252582095,0.027329695648716828,0.5983789648669566,0.01163435713002761,0.006682750681993754,0.0010949110913397453,True,192,7899.692690956485,0.0960412902374435,0.04438091069912379,0.023193143208125423
QQQ,2020,2020-07-17,2020-07-20,0.0006548130226674553,0.01209593657365853,0.010801012628532853,0.013004078455947287,0.018704261148438595,0.02160746330491151,0.6466941665144726,0.03322048822260561,0.02826056014684286,0.02576135247980571,True,248,11335.47838018199,0.0950123121026552,0.04778209248025244,0.024387643455489123
SPY,2020,2020-07-17,2020-07-20,0.0004970910267247941,0.008792149393914915,0.008835802657009402,0.012108342709473828,0.015125544000565243,0.017940288355720927,0.581278226659904,0.014031079452421042,0.011511098190402524,0.008991116928383835,True,746,32433.58062616201,0.18021893064878491,0.14163345906964675,0.016069033132435472
IWM,2020,2020-07-20,2020-07-21,0.0010949110913397453,0.01163435713002761,0.017735888054353784,0.018306918497844965,0.02310702636593985,0.02626193402874697,0.5034986737703666,0.01329088423166043,0.011459974417963092,0.0037973659317711572,False,198,12028.806377816873,0.09195095986675379,0.0438893040724011,0.02287406108545803
QQQ,2020,2020-07-20,2020-07-21,0.02576135247980571,0.03322048822260561,0.013271575738904414,0.014143513695732957,0.01941378042594905,0.022341404453407397,1.7111807949677895,0.019672127046818217,0.020028080856909103,0.01639342025537205,False,254,9041.815441850136,0.11143594565254786,0.05968442076538271,0.0229607141624205
SPY,2020,2020-07-20,2020-07-21,0.008991116928383835,0.014031079452421042,0.0063027341990999,0.0118620950259428,0.013996266258421087,0.0173823084349743,1.0024873200721662,0.009159105904639326,0.007748378547595358,0.0044110963013014315,False,814,34274.638310778675,0.2149759969672425,0.16120553867767864,0.0167680906657384
IWM,2020,2020-07-21,2020-07-22,0.0037973659317711572,0.01329088423166043,0.017519751588943942,0.01842785934173646,0.022306017962029037,0.026035336386532836,0.5958429807725055,0.011149632405191453,0.010741735470746416,0.00693455909889229,False,190,16019.95233295085,0.0832351793419539,0.0579377981049884,0.023616826831659384
QQQ,2020,2020-07-21,2020-07-22,0.01639342025537205,0.019672127046818217,0.01520287051379501,0.01445481995329289,0.019766194665198775,0.022616524487429665,0.9952409849253292,0.012627222910876815,0.0074653287518025024,0.0015877770014389725,False,249,13633.135587987854,0.15114977983798758,0.07984655455205146,0.0208404983708868
SPY,2020,2020-07-21,2020-07-22,0.0044110963013014315,0.009159105904639326,0.005031900500931634,0.011827221495191071,0.0136824226367547,0.0171466689508815,0.669406737958487,0.008317455017077886,0.007947807062569812,0.006900345844581546,False,834,48464.74114352882,0.24475569730270919,0.20245775509097835,0.014573214278998095
IWM,2020,2020-07-22,2020-07-23,0.00693455909889229,0.011149632405191453,0.00794444143372035,0.018424008561766944,0.022306017962029037,0.025795735164706467,0.4998486248944651,0.02365184552677109,0.015002035983232354,0.0018921393930326769,False,232,31231.530771315003,0.07220712142807716,0.044842514455751485,0.02277148062052176
QQQ,2020,2020-07-22,2020-07-23,0.0015877770014389725,0.012627222910876815,0.015197151194827958,0.014406501894015057,0.019766194665198775,0.02235545446291696,0.6388292296396764,0.032853208274069554,0.031027177358822655,0.024573739215992152,False,314,22744.657238239248,0.17392282935982004,0.08594778677807763,0.020530976062447127
SPY,2020,2020-07-22,2020-07-23,0.006900345844581546,0.008317455017077886,0.004283607846887495,0.01184071184800256,0.0136824226367547,0.01693748451832525,0.6078934438653388,0.01761264428125154,0.01552193002316149,0.010751400595769067,False,843,53230.06146021091,0.15048932321731942,0.09691003138270543,0.01642653897368921
IWM,2020,2020-07-23,2020-07-24,0.0018921393930326769,0.02365184552677109,0.006859584890175266,0.01656451235317462,0.022306017962029037,0.02463812771725741,1.0603347297143317,0.014325485141767718,0.01188510412582744,0.008215028245181166,False,224,34838.01267259149,0.13536161403179642,0.10037251302353649,0.021481652407699028
QQQ,2020,2020-07-23,2020-07-24,0.024573739215992152,0.032853208274069554,0.02004413466094367,0.014929244554166065,0.019766194665198775,0.022554826402184158,1.662090697301102,0.0220830794356218,0.011376159132524322,0.0059833266911990535,False,287,31694.89604975267,0.16939870942019275,0.12034502550803063,0.019477967617141014
SPY,2020,2020-07-23,2020-07-24,0.010751400595769067,0.01761264428125154,0.007803403885292886,0.01046662173462295,0.0136824226367547,0.016222773115547894,1.2872460344807064,0.00853712456819459,0.0053250186594557825,0.0002181253203180633,False,830,65186.48452862014,0.17756572099203322,0.12915829005914037,0.016899155444404935
IWM,2020,2020-07-24,2020-07-27,0.008215028245181166,0.014325485141767718,0.010428126266130116,0.016813175953620356,0.021694107650304578,0.023998382610063877,0.6603399122326469,0.01573297088273643,0.010260619570077623,0.009645007446213771,False,186,25315.248685674444,0.10016375004371782,0.04008416125478213,0.023843858292502334
QQQ,2020,2020-07-24,2020-07-27,0.0059833266911990535,0.0220830794356218,0.020361300065573813,0.015094171041586796,0.019766194665198775,0.02278444712106468,1.1172145073782074,0.015820479873061306,0.012671923829190801,0.011117100377038946,False,246,23775.554773596126,0.1199991065284164,0.05835767960889141,0.021969909725354907
SPY,2020,2020-07-24,2020-07-27,0.0002181253203180633,0.00853712456819459,0.008438908557681455,0.010509499804726208,0.013246237708300638,0.01575140068490549,0.6444942900915085,0.00820823495432089,0.005534305731038414,0.00494355723580564,False,764,53109.60857657257,0.19810117688361537,0.11954018323603122,0.019748373784663372
IWM,2020,2020-07-27,2020-07-28,0.009645007446213771,0.01573297088273643,0.011188819715891456,0.015438307596272205,0.021179247190368886,0.023375872163677258,0.7428484469405924,0.013462947092768702,0.006915033428094075,0.006391530526914324,False,178,26695.27785396683,0.08439678953748153,0.028640695597593,0.023893380345278242
QQQ,2020,2020-07-27,2020-07-28,0.011117100377038946,0.015820479873061306,0.016508146587387237,0.014210691178771133,0.01931971280756849,0.02246436908819833,0.8188775905024653,0.012880322275796245,0.010915705767299722,0.009640970358017475,False,252,26314.312425207438,0.19167356260172164,0.10865694116581737,0.021052624217355737
SPY,2020,2020-07-27,2020-07-28,0.00494355723580564,0.00820823495432089,0.008243540662206214,0.008590855632659189,0.012425977868424323,0.014872712722329321,0.6605705435206715,0.0086530676683275,0.004924377566493998,0.003907760681909789,False,832,50464.33656418555,0.12361943040239619,0.07789546187831098,0.01899876572894078
IWM,2020,2020-07-28,2020-07-29,0.006391530526914324,0.013462947092768702,0.009908298170407752,0.014152211048405097,0.02068995007082794,0.02210030569751577,0.6506998347836014,0.016802729392538265,0.01666664590640954,0.015986436078337496,False,186,29944.29665638948,0.11217951942620984,0.05056083295384884,0.023277470776127615
QQQ,2020,2020-07-28,2020-07-29,0.009640970358017475,0.012880322275796245,0.01673027668372508,0.014590842639648242,0.018448280305701545,0.02201349284613084,0.6981855252825657,0.010642415112059392,0.00874616803021433,0.005301838814037785,False,246,31246.645547654727,0.13031002705885278,0.07493737693994151,0.021541759807596497
SPY,2020,2020-07-28,2020-07-29,0.003907760681909789,0.0086530676683275,0.008398369976720374,0.00846850439324698,0.011567953850926937,0.014357800888897482,0.7480205903167683,0.011331256889950648,0.011207053035708903,0.009313299532705432,False,824,60053.20999127852,0.22606457423804693,0.14618504313953468,0.017380134264833556
IWM,2020,2020-07-29,2020-07-30,0.015986436078337496,0.016802729392538265,0.014956470747996676,0.014602422500899898,0.019811290760161845,0.022162875893809986,0.8481390534293989,0.01896148768319958,0.013456542991384213,0.011009889383630567,False,210,35532.13064515434,0.1521023192651877,0.08376204141425617,0.022462523505414854
QQQ,2020,2020-07-29,2020-07-30,0.005301838814037785,0.010642415112059392,0.018121758165783555,0.014211183477252674,0.017836162814064728,0.021614170421286813,0.5966762707316903,0.020020190337623367,0.015403124742470187,0.013152846965481801,False,314,35022.483220484995,0.1680779073285177,0.08945968512430456,0.020965817769379107
SPY,2020,2020-07-29,2020-07-30,0.009313299532705432,0.011331256889950648,0.010286622583169676,0.00843715061588237,0.011386959225234396,0.014019947375878809,0.9951082344125456,0.014818232693740881,0.00779748311033579,0.006399495488204954,False,849,53548.80629227494,0.17395971085911316,0.10972542683761749,0.018809072862574674
IWM,2020,2020-07-30,2020-07-31,0.011009889383630567,0.01896148768319958,0.015181313579412067,0.014419802455447583,0.01901144895050083,0.02203200967262824,0.9973720431603433,0.025313892368370283,0.023985631192521728,0.00526528137242166,False,216,37603.3750303939,0.05290262860973012,0.0408035457518808,0.02185782823361698
QQQ,2020,2020-07-30,2020-07-31,0.013152846965481801,0.020020190337623367,0.013229301577951668,0.01406461431284458,0.018355181076681944,0.021710749546084422,1.090710587598431,0.019179444297989554,0.019398111712467303,0.00045126213957702443,False,301,36152.96777041188,0.17735565619434115,0.0993206245526632,0.021084572239804263
SPY,2020,2020-07-30,2020-07-31,0.006399495488204954,0.014818232693740881,0.008613545905456585,0.008483248362180998,0.011567953850926937,0.014290322426200078,1.2809726667913273,0.016262713745954595,0.014222162621573275,0.0019024091095394269,False,837,64221.53821671853,0.20337834356702203,0.14638423843513396,0.01725174414487386
IWM,2020,2020-07-31,2020-08-03,0.00526528137242166,0.025313892368370283,0.013969165397273468,0.01465505387564047,0.01901144895050083,0.02218685291174259,1.331507789557693,0.01854474424780464,0.011329206356686994,0.009913016975236388,False,174,24156.777911963447,0.0781159296601238,0.009940267048220246,0.0277779803618214
QQQ,2020,2020-07-31,2020-08-03,0.00045126213957702443,0.019179444297989554,0.012682699186687702,0.014467048733006398,0.019073371433154157,0.021932754920578775,1.0055613065161104,0.008507458131704757,0.008022365285389466,0.005149271950792844,False,245,17853.131078737355,0.12277633783728972,0.03149038135083704,0.02253574316252842
SPY,2020,2020-07-31,2020-08-03,0.0019024091095394269,0.016262713745954595,0.00803128820207065,0.008549707563492631,0.011567953850926937,0.014274238971167027,1.4058418589430548,0.005756530484579941,0.00395951438830533,0.0014315339005186445,False,735,40639.290434318515,0.19983181021800117,0.10590176196138666,0.017976948487258636
IWM,2020,2020-08-03,2020-08-04,0.009913016975236388,0.01854474424780464,0.01507615642531779,0.014967717472461032,0.01875311596550211,0.021961232955159858,0.9888886882542194,0.012651445192919651,0.010308543359158318,0.009371403053780147,False,160,29053.382558588994,0.08982115636216484,0.020703598187497986,0.024189007155347473
QQQ,2020,2020-08-03,2020-08-04,0.005149271950792844,0.008507458131704757,0.011964576034510413,0.013782081674273012,0.019073371433154157,0.021416656419320994,0.44603850774471504,0.008889439777779897,0.006025536424274058,0.00565357291551738,False,254,18605.14357887634,0.15539144458626872,0.06371229722876812,0.021352054783291774
SPY,2020,2020-08-03,2020-08-04,0.0014315339005186445,0.005756530484579941,0.007992642943090452,0.008058597520294926,0.011567953850926937,0.013876191753038331,0.4976273728926289,0.006710218707147775,0.006710218707147719,0.006710218707147719,False,850,42497.18627999458,0.19355114844212823,0.11229254263782076,0.018833217361331513
IWM,2020,2020-08-04,2020-08-05,0.009371403053780147,0.012651445192919651,0.013224511413588545,0.01423227002054505,0.017673736820171454,0.021560377764305156,0.7158330647133014,0.013855149408189608,0.010506311471886631,0.009849629431539109,False,154,33603.28036040277,0.03697950967896526,0.026851836208457665,0.02183505682022401
QQQ,2020,2020-08-04,2020-08-05,0.00565357291551738,0.008889439777779897,0.005868331770750691,0.013618016744961105,0.019073371433154157,0.02097400992083317,0.46606546770896984,0.005758998561996603,0.0034079621308902297,0.0006275210687101129,False,250,22704.109811761016,0.16542622637797497,0.08366724227201276,0.020567039485553256
SPY,2020,2020-08-04,2020-08-05,0.006710218707147719,0.006710218707147775,0.005895119950930989,0.007539053749937955,0.011386959225234396,0.013556283687936344,0.5892897809168758,0.003650472043322495,0.002775555629004778,0.001930745251463195,False,842,55237.20707155475,0.25715950828906126,0.18367432074446077,0.015973670834175835
IWM,2020,2020-08-05,2020-08-06,0.009849629431539109,0.013855149408189608,0.012611087789981119,0.014679223266775161,0.016267850137637346,0.02138168652827999,0.8516890241159951,0.009947976260975688,0.005820413107929134,0.00045518415363876574,False,180,36552.27956415122,0.2057941452457701,0.1630785402587846,0.018252545661925967
QQQ,2020,2020-08-05,2020-08-06,0.0006275210687101129,0.005758998561996603,0.006749772708514377,0.013393519086078363,0.019073371433154157,0.02057662873100178,0.30193920263022106,0.017685096684440137,0.015248310096895645,0.013993016280285264,False,315,26535.268004020705,0.22706441411316886,0.11814106167481671,0.019197700377350982
SPY,2020,2020-08-05,2020-08-06,0.001930745251463195,0.003650472043322495,0.00463015112934662,0.00749469653597371,0.010245181397294988,0.013335605966645677,0.35631111854069475,0.010045814112160658,0.008989925093470852,0.008597729852419578,False,847,44926.82828312161,0.1343069388399002,0.07780077500300545,0.017357473970596022
IWM,2020,2020-08-06,2020-08-07,0.00045518415363876574,0.009947976260975688,0.011998685521798003,0.013577094225335424,0.015029228012252075,0.020079061169757884,0.6619086657588755,0.020202060379064326,0.01824700623944775,0.01772565183967112,False,175,39341.0399349725,0.29974380706871584,0.24264257549618173,0.016404918325035864
QQQ,2020,2020-08-06,2020-08-07,0.013993016280285264,0.017685096684440137,0.006715160449905859,0.013554416878913695,0.01832619762637945,0.020452501932362865,0.9650172417099504,0.02054146657413112,0.017938668792072843,0.009522714095997475,False,325,24152.43061552933,0.1897117238121784,0.08387231669402923,0.019469986669216517
SPY,2020,2020-08-06,2020-08-07,0.008597729852419578,0.010045814112160658,0.0015071897486941168,0.00729194499963518,0.009602460008399993,0.012821697256734443,1.0461708878113347,0.007741289904265383,0.004800786453960537,0.003870644952132629,False,848,59262.89299741578,0.2441143196767083,0.15428898479751882,0.016505601568872305
IWM,2020,2020-08-07,2020-08-10,0.01772565183967112,0.020202060379064326,0.008292012498582404,0.013567177782530573,0.015029228012252075,0.019994352130649897,1.3441848352154397,0.013916425276153409,0.013916425276153443,0.00727736632024234,False,142,18867.906209681383,0.03881430647903191,0.02499107169078903,0.02181360798473434
QQQ,2020,2020-08-07,2020-08-10,0.009522714095997475,0.02054146657413112,0.01023992018821162,0.013858423611078662,0.018432270491214847,0.02052965855363395,1.114429531832313,0.01953857222375875,0.019124668425906766,0.005372158494677204,False,258,20483.557907590133,0.06284724078988331,0.027825682168356493,0.022094974961482796
SPY,2020,2020-08-07,2020-08-10,0.003870644952132629,0.007741289904265383,0.0026305656973827766,0.007111907027669258,0.008975627649277122,0.012393245772599901,0.8624789493009829,0.008386550406102568,0.006307082404520603,0.0015221445990007965,False,809,52381.15182075507,0.26722540662330435,0.1693129031631682,0.016373273697401103
IWM,2020,2020-08-10,2020-08-11,0.00727736632024234,0.013916425276153409,0.007887608772364161,0.01294310355018032,0.014253013687996214,0.01898837131569555,0.9763847548868716,0.02297986792194881,0.019915474752938644,0.01500596047928715,False,146,27442.81643207486,0.02430677857723019,0.010465558059111625,0.024350427714919957
QQQ,2020,2020-08-10,2020-08-11,0.005372158494677204,0.01953857222375875,0.009276505553007651,0.01294163142550869,0.018432270491214847,0.01921573846087814,1.0600198295197105,0.021589676618664407,0.016929223391481507,0.014566471418870686,False,258,26358.474127411846,0.1965066007575643,0.07226567920991889,0.019909737855840253
SPY,2020,2020-08-10,2020-08-11,0.0015221445990007965,0.008386550406102568,0.002442594783094408,0.006596933065609543,0.008722608531121208,0.011462391313166266,0.9614727493708304,0.016416798809846183,0.014577862701510957,0.012023209847596972,False,867,48951.09122071566,0.231175228255548,0.12178819974268162,0.017494286303857052
IWM,2020,2020-08-11,2020-08-12,0.01500596047928715,0.02297986792194881,0.010828479760747235,0.012970101241565647,0.014253013687996214,0.01895118217900103,1.612281333968148,0.015125694360498826,0.013930555302309466,0.007247708512984952,False,140,26338.80382683561,0.06341539960686847,0.027535953105289883,0.021290653201130032
QQQ,2020,2020-08-11,2020-08-12,0.014566471418870686,0.021589676618664407,0.012443525290545631,0.013721187996707235,0.018432270491214847,0.018737476188275905,1.1712977318206368,0.020454718966579133,0.020267678700199188,0.01660299043036262,False,262,30553.648211855823,0.1708275500229496,0.07726487801825922,0.020138982924960233
SPY,2020,2020-08-11,2020-08-12,0.012023209847596972,0.016416798809846183,0.006060340372737183,0.006652808327191767,0.008722608531121208,0.01105398870315979,1.882097396813469,0.008555911925527794,0.008466480793049458,0.005962318105901421,False,850,60166.71791555297,0.1659269611903777,0.1105465802802842,0.01596493349612693
IWM,2020,2020-08-12,2020-08-13,0.007247708512984952,0.015125694360498826,0.008555185154554215,0.010638033319733028,0.014253013687996214,0.017618515560309363,1.0612278000713335,0.011975315733678106,0.009809498899596258,0.0012739470109190965,False,194,34015.415692188144,0.12496556791066409,0.05322129163751112,0.022323866924815604
QQQ,2020,2020-08-12,2020-08-13,0.01660299043036262,0.020454718966579133,0.018135886672202117,0.01474760223117768,0.018432270491214847,0.019181255795989796,1.109723241980863,0.012176251602911537,0.007958567010236672,0.0006601359692062214,False,307,30613.67420106074,0.1342770900395286,0.06862423131122915,0.019063239109501563
SPY,2020,2020-08-12,2020-08-13,0.005962318105901421,0.008555911925527794,0.008138698148633376,0.00699364980258216,0.008604489796927647,0.011231378470564005,0.9943543577194782,0.007189369100880541,0.004872150915917306,0.000653579009171068,False,871,55695.83263535861,0.24413658956739692,0.16542609887159895,0.015261043345255677
IWM,2020,2020-08-13,2020-08-14,0.0012739470109190965,0.011975315733678106,0.008844506119700992,0.010493201573361734,0.014253013687996214,0.017484125478566183,0.8401953436530852,0.012093674202784895,0.009470154460579083,0.005182989281550032,False,193,38778.44612128966,0.08862767845055973,0.0485901055737718,0.020608845694714512
QQQ,2020,2020-08-13,2020-08-14,0.0006601359692062214,0.012176251602911537,0.01686221195953185,0.014595383303962275,0.018432270491214847,0.01877997822775545,0.6605942338310931,0.009812509972517196,0.008865225641484065,0.003514907265087741,False,314,34040.95136421432,0.11799681939954625,0.06268381586799672,0.018194728461236466
SPY,2020,2020-08-13,2020-08-14,0.000653579009171068,0.007189369100880541,0.008119946051935025,0.006937759379110633,0.008604489796927647,0.011161190048424816,0.8355369429861612,0.005350668205321312,0.0030023178699509767,0.0012781804081340997,False,859,77626.79857578748,0.2539689057417983,0.19405521833485906,0.013870072989287406
IWM,2020,2020-08-14,2020-08-17,0.005182989281550032,0.012093674202784895,0.006229151572808964,0.010537152668459232,0.014120955208960563,0.017373758960493656,0.8564345700289991,0.008190433562748015,0.004848758965171118,0.0025396437872022837,False,158,27398.114369019793,0.07494030483785062,0.06205876230153129,0.021165219051036136
QQQ,2020,2020-08-14,2020-08-17,0.003514907265087741,0.009812509972517196,0.01592454468962951,0.014616963867917547,0.018432270491214847,0.018665862246039285,0.5323549248690775,0.013288008718226035,0.006972597792057167,0.0050743426627353205,False,254,24409.507619288,0.12137862016399051,0.0983549983635371,0.02069111378768567
SPY,2020,2020-08-14,2020-08-17,0.0012781804081340997,0.005350668205321312,0.008142685717880974,0.006957958257184533,0.008546518246861192,0.01098728868959536,0.626064094262761,0.004409037768866508,0.0032358507292282734,8.876954216774369e-05,False,797,60532.256237622365,0.21891777356911138,0.1866708036381642,0.014832423639055419
IWM,2020,2020-08-17,2020-08-18,0.0025396437872022837,0.008190433562748015,0.00450483008477381,0.01037898071795918,0.014120955208960563,0.017204496751658215,0.5800197962210596,0.013557170141919784,0.013743493015069275,0.00924932947363799,True,154,32887.15707890255,0.09473429948484494,0.08502569129883193,0.01906541768243371
QQQ,2020,2020-08-17,2020-08-18,0.0050743426627353205,0.013288008718226035,0.016287410757772316,0.013492995481947778,0.01675278827875072,0.01767668367717408,0.7931819167726591,0.012842730701541037,0.007379993952127739,0.005607364581703633,True,268,25194.45779184951,0.21160649990582056,0.19412621400447708,0.018208191684898404
SPY,2020,2020-08-17,2020-08-18,8.876954216774369e-05,0.004409037768866508,0.008152385825308252,0.006829520129768168,0.008461837487148578,0.010509024763858742,0.5210496863787253,0.0073595223115933694,0.0051395117840049576,0.0008867361641964333,True,846,59710.05870251098,0.20481918958342488,0.1712947668686401,0.013648090769638282
IWM,2020,2020-08-18,2020-08-19,0.00924932947363799,0.013557170141919784,0.005865222961360001,0.01050905778995289,0.014120955208960563,0.016801779962508395,0.9600745800338616,0.011788637807105873,0.007073221577502009,0.003377294360752625,True,166,39323.75483900346,0.12376414844927495,0.11252624532774314,0.018164502131425682
QQQ,2020,2020-08-18,2020-08-19,0.005607364581703633,0.012842730701541037,0.010192022817263918,0.013291148524766892,0.01455424429564367,0.0173318065826926,0.8824045028146932,0.012413132012987512,0.008564013821670713,0.006584343613466714,True,248,25391.2843800118,0.1320808458144213,0.10943797375201901,0.018376945483199715
SPY,2020,2020-08-18,2020-08-19,0.0008867361641964333,0.0073595223115933694,0.00614730132457233,0.0068295369416113486,0.008352002711590227,0.010416506167874614,0.8811685730633715,0.008818729809837812,0.007218800757617716,0.005367871618246256,True,879,75789.68354190359,0.38386748072177457,0.3244550134961021,0.012802505841941104
IWM,2020,2020-08-19,2020-08-20,0.003377294360752625,0.011788637807105873,0.0053110063330848905,0.010514995887611074,0.014120955208960563,0.016839305513623164,0.834832887199111,0.01259697783325791,0.010917328217630473,0.00620149506558576,True,197,57414.79854814157,0.1146222534088708,0.0940921294105112,0.018687238690694958
QQQ,2020,2020-08-19,2020-08-20,0.006584343613466714,0.012413132012987512,0.007591564589893178,0.013452991374054505,0.01455424429564367,0.01731979300767826,0.8528874300057593,0.020233970317198563,0.018708202264318352,0.016891869794770198,True,309,37396.70463009775,0.22762882326149173,0.18484373451417804,0.017540371156057628
SPY,2020,2020-08-19,2020-08-20,0.005367871618246256,0.008818729809837812,0.0029702859738684126,0.006910161974429916,0.008461837487148578,0.010442602776140859,1.0421766930919276,0.010675055846369613,0.010257641315793986,0.008707101488787616,True,883,88913.57831715279,0.17503874513627463,0.12504557347922665,0.015907707337520203
IWM,2020,2020-08-20,2020-08-21,0.00620149506558576,0.01259697783325791,0.00544827024734483,0.010621545283612404,0.013885787342171508,0.016281156729631714,0.9071849887114827,0.013664165005394422,0.010091065959490608,0.0034804596028091828,True,196,63415.32305336483,0.3621908184339799,0.27542458493243843,0.01593435747467779
QQQ,2020,2020-08-20,2020-08-21,0.016891869794770198,0.020233970317198563,0.008923048743865413,0.011913433545048193,0.01455424429564367,0.016688430444548697,1.3902453405468074,0.010280958243003279,0.007889163661717102,0.0062113668798273736,True,322,36020.90280731482,0.18820193644193112,0.1494923230038067,0.017071656103253695
SPY,2020,2020-08-20,2020-08-21,0.008707101488787616,0.010675055846369613,0.0030847730103776587,0.00613684916441968,0.008461837487148578,0.010093814262728458,1.2615529266051684,0.006421677738831061,0.0053266682097645734,0.004616469864479722,True,865,110914.30513661772,0.25698693956710944,0.21677103424163047,0.013309421838740548
IWM,2020,2020-08-21,2020-08-24,0.0034804596028091828,0.013664165005394422,0.005900325665172911,0.010110448361228748,0.013759657206792016,0.01606396592382179,0.9930599868904832,0.01244708349678656,0.00991381300553451,0.002373893980101238,True,170,29328.2132587569,0.22901590826680637,0.05636555624955205,0.02319580892207302
QQQ,2020,2020-08-21,2020-08-24,0.0062113668798273736,0.010280958243003279,0.008120913532971008,0.011481363022313932,0.013084165497011139,0.01590638384650453,0.7857557476899687,0.016581984176435145,0.014150144493853878,0.005679211629053493,True,254,14803.793013647828,0.12009894327161581,0.05409862627613699,0.02312369199630954
SPY,2020,2020-08-21,2020-08-24,0.004616469864479722,0.006421677738831061,0.00324414622079962,0.005780985369916919,0.008297392680211728,0.009840183235963421,0.7739392344472236,0.01037644055780125,0.007865614417853717,0.0023384143632787513,True,768,69838.12439895573,0.27831911765280304,0.17766771213015883,0.016308313276582435
IWM,2020,2020-08-24,2020-08-25,0.002373893980101238,0.01244708349678656,0.007913009963476918,0.010113303618429522,0.013610667573657103,0.015904110840944067,0.9145094044378387,0.012945692683448968,0.013049966794215884,0.0026146525635660778,False,186,35055.44406884451,0.09558310818647388,0.0683321732672028,0.021911519317714036
QQQ,2020,2020-08-24,2020-08-25,0.005679211629053493,0.016581984176435145,0.007713869849211999,0.011083135858858692,0.013084165497011139,0.01577500884004938,1.2673321947985927,0.013046715753612007,0.011420327191872248,0.010713145434183557,False,266,18093.071807247026,0.14171951806712774,0.06948676405607852,0.02205118877668953
SPY,2020,2020-08-24,2020-08-25,0.0023384143632787513,0.01037644055780125,0.00507960519444078,0.005929206778541452,0.00847123116581518,0.009951668898338062,1.2249034827044214,0.005647257730911057,0.0036813328835987313,0.0017174521584348845,False,887,60559.26056834825,0.15120278016732427,0.07868894480028676,0.01742132330449996
IWM,2020,2020-08-25,2020-08-26,0.0026146525635660778,0.012945692683448968,0.006749556480430788,0.009666165352783671,0.013610667573657103,0.015883068278647623,0.9511431098724968,0.010159818509135384,0.008506298405211554,0.006900970166483611,False,182,39474.152706597844,0.1171348752800824,0.08858074679168802,0.020787877964986944
QQQ,2020,2020-08-25,2020-08-26,0.010713145434183557,0.013046715753612007,0.007544543324801591,0.010340678702031885,0.01316736223591902,0.01573159692275181,0.9908374600663826,0.022253229267840614,0.017656303088923186,0.016750818947701918,False,274,20362.22095415194,0.1656264525941407,0.07983133104929381,0.019078777920408834
SPY,2020,2020-08-25,2020-08-26,0.0017174521584348845,0.005647257730911057,0.005062296918093014,0.005508315143748306,0.008063920155183976,0.009802938151597222,0.7003117121987694,0.010703016067137961,0.00899169131606925,0.00815059020477471,False,848,77466.19863330293,0.251444049096862,0.1789243381934268,0.015236479847690474
IWM,2020,2020-08-26,2020-08-27,0.006900970166483611,0.010159818509135384,0.007312022501645179,0.008837629113025863,0.013251431412684376,0.015255411962238402,0.7666959283666763,0.015180599483163726,0.00963584160463693,0.0020496545954250545,False,244,41916.84769266062,0.2248878737220583,0.09475783438329616,0.020788741920158962
QQQ,2020,2020-08-26,2020-08-27,0.016750818947701918,0.022253229267840614,0.006400392374152535,0.010865004169599264,0.01493499644733059,0.016099696927351758,1.4900056619576934,0.017544508403662028,0.014755325037955291,0.006553617843923831,False,342,16556.155161382325,0.09422818710348078,0.03755951693474333,0.022603919133388953
SPY,2020,2020-08-26,2020-08-27,0.00815059020477471,0.010703016067137961,0.003669753618017611,0.005337387668172194,0.008063920155183976,0.009636447825907337,1.327272078736719,0.009669722598366232,0.005713822737722474,0.0005165509980056271,False,844,52557.063470773755,0.11875135645774294,0.061092658769589823,0.017720958255669054
IWM,2020,2020-08-27,2020-08-28,0.0020496545954250545,0.015180599483163726,0.007257683365331727,0.008724798113369289,0.013251431412684376,0.0150068112723402,1.1455818628493775,0.009386980609256336,0.005586658960029078,0.003320491656482849,False,227,44017.900883296505,0.06451046910965344,0.044042450013088145,0.018759507785273962
QQQ,2020,2020-08-27,2020-08-28,0.006553617843923831,0.017544508403662028,0.00874148639962038,0.011051379023026721,0.01493499644733059,0.015986770004231883,1.1747246452675153,0.007696781388671488,0.00481213326824137,0.0006842001033711131,False,335,26170.24891231143,0.20939847004320933,0.13219016411950704,0.018438804085846274
SPY,2020,2020-08-27,2020-08-28,0.0005165509980056271,0.009669722598366232,0.0038738123244776287,0.00509395136947893,0.008063920155183976,0.009278478786179122,1.199134219124175,0.007354645450615478,0.0037053240486497607,0.003262317201507381,False,837,68358.01654996187,0.2854890932733443,0.18746615627556174,0.015335596233348969
IWM,2020,2020-08-28,2020-08-31,0.003320491656482849,0.009386980609256336,0.006621764289039689,0.00836492544308836,0.01279856893818431,0.014103874000595956,0.7334398599245296,0.01316872595762757,0.012169989391555447,0.011196702960043936,False,196,28153.702085217952,0.051398111347809805,0.020187119807162226,0.02141296983399554
QQQ,2020,2020-08-28,2020-08-31,0.0006842001033711131,0.007696781388671488,0.008828631258856228,0.010662411444448282,0.01316736223591902,0.015396775291383388,0.5845347952588082,0.01409221271231464,0.012556701756621935,0.006175990423309852,False,274,16855.764108135787,0.08896725095640376,0.05259923246819537,0.02231663967235056
SPY,2020,2020-08-28,2020-08-31,0.003262317201507381,0.007354645450615478,0.0036480710829267654,0.005040428817022051,0.007550406107929376,0.008829377833313869,0.9740728307172363,0.006393578408310815,0.0036956642237566673,0.0029684844492755547,False,799,51030.131883669426,0.3046783680918245,0.17798055663182152,0.01599268982481947
IWM,2020,2020-08-31,2020-09-01,0.011196702960043936,0.01316872595762757,0.00756416029161903,0.008331417318023853,0.01279856893818431,0.013829514645495766,1.0289217506450197,0.018425464423782633,0.013464735996999044,0.012820548109225394,False,238,32715.390123459176,0.23142896949211558,0.06451671015900516,0.020924685389900263
QQQ,2020,2020-08-31,2020-09-01,0.006175990423309852,0.01409221271231464,0.008802094164030966,0.01049771732013279,0.013690110715270338,0.015297875431940758,1.029371712574668,0.014279954538425982,0.008131219230688824,0.007728036920507497,False,325,17892.734870871423,0.11615636770654746,0.06947421973158921,0.021362906391635374
SPY,2020,2020-08-31,2020-09-01,0.0029684844492755547,0.006393578408310815,0.005088650482671544,0.00521880991758411,0.007550406107929376,0.008674143165911254,0.8467860293761326,0.009908344437249519,0.0071385741726350815,0.006824518736622265,False,837,55483.937129849655,0.2523976913311317,0.10723414027021615,0.017112272739667807
IWM,2020,2020-09-01,2020-09-02,0.012820548109225394,0.018425464423782633,0.009462410895078101,0.008535764048967475,0.01305720932053827,0.014118533759002534,1.4111334184403703,0.017726025150339542,0.011397196321945913,0.0031653581840225264,False,236,37074.984730156335,0.05709635565981032,0.02784153039504208,0.02331688242450565
QQQ,2020,2020-09-01,2020-09-02,0.007728036920507497,0.014279954538425982,0.009726944325692868,0.010859274849769472,0.01418608362537031,0.015729194247850888,1.0066171126249244,0.021794992673990096,0.021523068529017753,0.0017145509620312138,False,333,16879.50526760647,0.12688973585794433,0.05193231000207862,0.02373919868784516
SPY,2020,2020-09-01,2020-09-02,0.006824518736622265,0.009908344437249519,0.0056814936473114875,0.005409055423472976,0.008063920155183976,0.008836274924356704,1.2287255139647975,0.014999879106787599,0.01150361298615099,0.008543149024675678,False,898,66576.698935141,0.18881135581223188,0.12196425321676176,0.016461898101545087
IWM,2020,2020-09-02,2020-09-03,0.0031653581840225264,0.017726025150339542,0.008821450190240063,0.007592480327319334,0.01305720932053827,0.013981141590967824,1.3575661318730246,0.033708491885010565,0.033734232327622626,0.027447485908876468,False,278,34349.46127102452,0.09857558015606578,0.04096306555774051,0.020554124212295778
QQQ,2020,2020-09-02,2020-09-03,0.0017145509620312138,0.021794992673990096,0.007323550510082987,0.010877729379721535,0.015430969357430564,0.016542669859997902,1.4124188940531481,0.04766853795415115,0.04813474302989196,0.035860456969243226,False,408,16161.750164920199,0.08539129339399093,0.05514112124021875,0.021931490787422844
SPY,2020,2020-09-02,2020-09-03,0.008543149024675678,0.014999879106787599,0.006899879447939581,0.005930683123182369,0.00847123116581518,0.009355398348134017,1.770684663560845,0.03875012991859807,0.038763533440127285,0.02944890160042557,False,866,46358.305945154236,0.1310792186622867,0.08432892259002508,0.020756852600042282
IWM,2020,2020-09-03,2020-09-04,0.027447485908876468,0.033708491885010565,0.017487845775622193,0.010295028017330095,0.013362948049773678,0.015219164072344065,2.5225340815106643,0.042386525071852324,0.04300364201523954,0.018688610472265887,False,288,34875.06524670683,0.09436446604424288,0.053814661975628,0.020276148788471435
QQQ,2020,2020-09-03,2020-09-04,0.035860456969243226,0.04766853795415115,0.027470022087195345,0.016472327049088718,0.015430969357430564,0.018689521506735883,3.089147340649539,0.05998741080426579,0.05062549810011796,0.0069337827540842945,False,372,29836.088710154992,0.12789608008112696,0.08849441619618899,0.018793759621114615
SPY,2020,2020-09-03,2020-09-04,0.02944890160042557,0.03875012991859807,0.019527326599972576,0.010337713317780722,0.00847123116581518,0.010966167692263103,4.574320917480142,0.037442554162462525,0.033625018454354505,0.010285145778676563,False,830,69961.20420958448,0.22139343147850768,0.14312882744227562,0.017733824115052723
IWM,2020,2020-09-04,2020-09-08,0.018688610472265887,0.042386525071852324,0.016388528566437854,0.009680943277344452,0.013362948049773678,0.016356825570258308,3.171944163366721,0.02301889070071738,0.014630823327390852,0.008731261604573048,False,248,28176.954263641514,0.03549843144417844,0.011056227537511504,0.02469117572010717
QQQ,2020,2020-09-04,2020-09-08,0.0069337827540842945,0.05998741080426579,0.027482613976715916,0.016556427690050966,0.015430969357430564,0.020644606654888972,3.8874687269973554,0.03144514554481141,0.022040996154193193,0.008338803186733745,False,324,19311.44817469393,0.06388239013064159,0.02677642645828725,0.023022643254967636
SPY,2020,2020-09-04,2020-09-08,0.010285145778676563,0.037442554162462525,0.019120797579562913,0.010569434420233151,0.008687320867682802,0.012456457500495807,4.310023162808501,0.02898639782991745,0.017611663876480277,0.010394701935855566,False,804,57678.88961933919,0.15247750128499998,0.06280178139712633,0.019275590776409262
IWM,2020,2020-09-08,2020-09-09,0.008731261604573048,0.02301889070071738,0.017478105627816487,0.010098300019345172,0.013362948049773678,0.016748644821305926,1.7225907498089272,0.014594146219169546,0.008915050972801986,0.004622678735314967,False,239,30042.13572210246,0.1801769858236417,0.016535685131324876,0.02164339076202636
QQQ,2020,2020-09-08,2020-09-09,0.008338803186733745,0.03144514554481141,0.03153165536731839,0.02000934408224847,0.015430969357430564,0.022120929466235895,2.0377945686004133,0.025576793710305783,0.015999031019338528,0.008126506005421419,False,312,21643.85006780947,0.19732388825767652,0.057959284023568605,0.022292042797144536
SPY,2020,2020-09-08,2020-09-09,0.010394701935855566,0.02898639782991745,0.021632789633025187,0.012331258065856023,0.009244226204102021,0.013461043628484732,3.1356218670909484,0.017330784521028153,0.014546004561317938,0.006636115636084794,False,710,54146.960631945534,0.07904311738265435,0.018718174465583996,0.021426793839912653
IWM,2020,2020-09-09,2020-09-10,0.004622678735314967,0.014594146219169546,0.018509014905813175,0.01080329960377874,0.013362948049773678,0.01656311630943766,1.0921352208217796,0.024995140211027164,0.018459311725493865,0.017535875825827163,False,305,37911.248764558404,0.08886453859911563,0.021333045461352312,0.021598828859846386
QQQ,2020,2020-09-09,2020-09-10,0.008126506005421419,0.025576793710305783,0.03513498763254105,0.020496785728804996,0.015430969357430564,0.02291695008070452,1.6574975374434038,0.041432386087008666,0.038364891249544675,0.030611539933012133,False,384,29710.721393241613,0.09009776459468767,0.03570990579041295,0.024295630538119093
SPY,2020,2020-09-09,2020-09-10,0.006636115636084794,0.017330784521028153,0.024196854987165332,0.01295217102404577,0.009244226204102021,0.014025086275407925,1.8747685461588783,0.028318976269284632,0.02694907933369084,0.023199322760120378,False,776,62679.38993315637,0.15315865545650595,0.06794937537310113,0.020167961601523718
IWM,2020,2020-09-10,2020-09-11,0.017535875825827163,0.024995140211027164,0.016731779437606002,0.01101445752699637,0.013362948049773678,0.01705370994625835,1.8704809835319607,0.022329780127641207,0.0219393665618417,0.011728096302251023,False,303,38083.716377145465,0.1872000824671205,0.04310270413666288,0.020461736507178564
QQQ,2020,2020-09-10,2020-09-11,0.030611539933012133,0.041432386087008666,0.03244687624057409,0.020358356467992823,0.015430969357430564,0.023569021013728934,2.6850151229843178,0.030348376835493497,0.02716373235591707,0.013496194681113849,False,368,32998.282201784554,0.08831845855337225,0.053085509341666885,0.021042896830233863
SPY,2020,2020-09-10,2020-09-11,0.023199322760120378,0.028318976269284632,0.021078789442548148,0.01321018381507245,0.009789033517807876,0.014626175367262993,2.8929287265967285,0.017777383986950376,0.014561955662292236,0.005240931830264084,False,701,67741.30648418503,0.1497122582624777,0.06703789194121193,0.02024579957619006
IWM,2020,2020-09-11,2020-09-14,0.011728096302251023,0.022329780127641207,0.012964579397969318,0.011056441953497635,0.013610667573657103,0.017579173416478012,1.640608736257698,0.020320058656006557,0.018859130134503133,0.01653499936062852,False,238,33303.03609017469,0.04265323711744187,0.037348232012308635,0.02340670039017858
QQQ,2020,2020-09-11,2020-09-14,0.013496194681113849,0.030348376835493497,0.027850819807738476,0.02041519435343935,0.017063246290048587,0.02448592059707132,1.7785816555430545,0.015527081181923306,0.010424318493368556,0.0029159438448056463,False,312,24355.606800568363,0.19083400279055696,0.1640939300355401,0.02144260759762638
SPY,2020,2020-09-11,2020-09-14,0.005240931830264084,0.017777383986950376,0.017975218455071183,0.013207761798772217,0.010142392497525386,0.015161598265607095,1.7527801247376131,0.018252404042654623,0.00978394172020991,0.0028741629345199193,False,722,59999.36720806775,0.13087807465872217,0.09926425459532266,0.020876224156607778
IWM,2020,2020-09-14,2020-09-15,0.01653499936062852,0.020320058656006557,0.019405971049571293,0.012811320130252752,0.014129155612281983,0.01841278717211833,1.4381651114623606,0.01191861821281414,0.009943767279809945,0.006542361275293951,True,257,38222.55765178303,0.05153025259215602,0.044035140997870696,0.02079556731383376
QQQ,2020,2020-09-14,2020-09-15,0.0029159438448056463,0.015527081181923306,0.030673815308237817,0.02078697421389344,0.017063246290048587,0.025245758334372113,0.9099722829986235,0.01906607657776142,0.014175094781630593,0.00010751094659400273,True,318,30518.17516327893,0.13913449364145586,0.1167628724099495,0.021513760352155183
SPY,2020,2020-09-14,2020-09-15,0.0028741629345199193,0.018252404042654623,0.019914730663515387,0.013549032812106336,0.010525748202085431,0.01584033739312108,1.7340718865988392,0.010406859298145792,0.007829331659902072,0.002784890076955926,True,764,67407.16207837417,0.22544864970178388,0.1788578849751032,0.0183460336988761
IWM,2020,2020-09-15,2020-09-16,0.006542361275293951,0.01191861821281414,0.016035799881486724,0.012746554780672738,0.014129155612281983,0.018603188387137537,0.84354780567734,0.01953156676207824,0.017779543717554303,0.004607142372689665,True,261,43362.41081556425,0.09582967547916714,0.08550776606741663,0.019647598717598403
QQQ,2020,2020-09-15,2020-09-16,0.00010751094659400273,0.01906607657776142,0.019876825856192226,0.02086515177658982,0.018305292490711722,0.025536398386438695,1.0415608812279686,0.021830731902840964,0.02052873248062892,0.018829567812307935,True,321,31343.073657605823,0.17997063463380084,0.14578480781844239,0.021040469961367308
SPY,2020,2020-09-15,2020-09-16,0.002784890076955926,0.010406859298145792,0.014155753751601597,0.01357625355553214,0.010540957572257703,0.016143590883119393,0.9872783593717482,0.013293925258699265,0.008832626872832483,0.007876789448286958,True,839,78131.03679099528,0.22143754579603503,0.18605817739506333,0.015744131533185827
IWM,2020,2020-09-16,2020-09-17,0.004607142372689665,0.01953156676207824,0.015297471095627953,0.012812917033023601,0.014887372851166637,0.01904423046520395,1.3119552359802467,0.017363346751843412,0.011662946116137274,0.007010924901400761,True,288,58167.96283076017,0.26851877925838546,0.2311382987950656,0.018951400576868532
QQQ,2020,2020-09-16,2020-09-17,0.018829567812307935,0.021830731902840964,0.017167309117233392,0.021083747233758054,0.019650023447479993,0.02598644031087403,1.1109773971104668,0.02885442561364231,0.025602715066525006,0.010353278481154193,True,384,43013.40952721305,0.13830882333041525,0.1056104072791586,0.020265458957319727
SPY,2020,2020-09-16,2020-09-17,0.007876789448286958,0.013293925258699265,0.011348596038643619,0.013604089168327397,0.010689035956753787,0.016442461147300455,1.243697309325599,0.014120464105798175,0.012411604145398991,0.006835348351075465,True,846,92928.32178882562,0.20110732917927443,0.1463268285736565,0.017622271412059045
IWM,2020,2020-09-17,2020-09-18,0.007010924901400761,0.017363346751843412,0.01389406816198531,0.012903545540455193,0.016271973117503568,0.019444239635383588,1.0670707618835644,0.026951513259083404,0.018790501186710662,0.004481117421429093,True,282,67068.9489223019,0.12255824387569217,0.10223462313727712,0.017708147400611402
QQQ,2020,2020-09-17,2020-09-18,0.010353278481154193,0.02885442561364231,0.016133106268799147,0.021316911642747235,0.02101448149559433,0.026809737631610875,1.3730734027242888,0.0348062517298702,0.03487797849372409,0.01810226010174021,True,361,48414.581136232904,0.2979680561252616,0.24927128317868763,0.01621368863573155
SPY,2020,2020-09-17,2020-09-18,0.006835348351075465,0.014120464105798175,0.00844465850879892,0.013719693232889124,0.011998470662918613,0.016861332165196207,1.1768553261906622,0.02242296306514894,0.022563020608414197,0.014074011657047136,True,854,105339.11032438547,0.1684522611299412,0.11907575558575693,0.018667333580393665
IWM,2020,2020-09-18,2020-09-21,0.004481117421429093,0.026951513259083404,0.01316035294931729,0.012887800274899596,0.017544685951091477,0.020170952539097467,1.5361639036580599,0.026231427604168578,0.023850238840244398,0.012681945417087781,True,236,22511.20943496447,0.07510676787002465,0.01912481224737573,0.025661851416699893
QQQ,2020,2020-09-18,2020-09-21,0.01810226010174021,0.0348062517298702,0.01682956150111895,0.02118111738696683,0.02181286228841553,0.0275508202377334,1.595675582124555,0.02872712504230801,0.01973556083243788,0.019202227003016104,True,300,18398.590777423367,0.08453632228354785,0.029879509133631185,0.024235068884279162
SPY,2020,2020-09-18,2020-09-21,0.014074011657047136,0.02242296306514894,0.011302199302806352,0.014112223291243108,0.01370719468224872,0.01750222735229692,1.6358535488072867,0.01657965518604853,0.012339542738124765,0.003899259951100742,True,760,56023.86658444497,0.1923587326783074,0.08487921517106939,0.020207191754660028
IWM,2020,2020-09-21,2020-09-22,0.012681945417087781,0.026231427604168578,0.016990080748429472,0.014956932741551734,0.018075744787061088,0.021747785924897536,1.451194842214494,0.018432597414515365,0.014260346429489035,0.0027581814930641713,False,230,27553.47253416989,0.10223263024961012,0.026261943948624442,0.019410784621392122
QQQ,2020,2020-09-21,2020-09-22,0.019202227003016104,0.02872712504230801,0.013358033673594295,0.021102735259892483,0.02204198058534079,0.028449079498021057,1.3032914592717333,0.024223038867724228,0.012943579120774595,0.009222640994177578,False,298,24115.463928136072,0.08592935229925211,0.03990629534744424,0.02206070304982202
SPY,2020,2020-09-21,2020-09-22,0.003899259951100742,0.01657965518604853,0.007843662952655074,0.014241880532311823,0.014560171606292888,0.01853034090123536,1.138699160584263,0.015339222791411426,0.008316522722888076,0.00526518072309301,False,740,53492.90521541017,0.07836500265489496,0.034597513993153806,0.019052153111137813
IWM,2020,2020-09-22,2020-09-23,0.0027581814930641713,0.018432597414515365,0.017901011518725193,0.014846690400739255,0.018429030919149,0.022046578284314618,1.0001935259310168,0.03672257134802314,0.030768218266608693,0.029243287048032585,False,242,30936.04727381739,0.07584536424560455,0.02104506420162762,0.020041285913042578
QQQ,2020,2020-09-22,2020-09-23,0.009222640994177578,0.024223038867724228,0.015025493568191087,0.021544170368573416,0.02323813406778242,0.028832418319660852,1.0423831275380793,0.03340068543726706,0.033808143956255865,0.029358774255251685,False,320,30001.8676422065,0.09557942096969563,0.06629215089420785,0.021400251452343436
SPY,2020,2020-09-22,2020-09-23,0.00526518072309301,0.015339222791411426,0.009866872787912205,0.01424414000076137,0.015169550949099511,0.018778198439849812,1.0111850273538905,0.027500774467715417,0.027320669438735123,0.024962161983692388,False,814,72501.40376832546,0.19337430744170508,0.11557656387885985,0.018294579445711556
IWM,2020,2020-09-23,2020-09-24,0.029243287048032585,0.03672257134802314,0.019154317865429843,0.016372154281541696,0.018982082088296805,0.023225012524143877,1.9345913255039626,0.030824789283253204,0.017286903701930312,0.00020837294838194076,False,242,36452.62067807779,0.037852102298025894,0.01833922636292871,0.022347800803073307
QQQ,2020,2020-09-23,2020-09-24,0.029358774255251685,0.03340068543726706,0.018723538091869146,0.02233598618837272,0.024899916289015007,0.029875626774570202,1.34139749907522,0.028616284353434607,0.027965863839234606,0.015302803381299412,False,371,28721.854841210836,0.15646636389534402,0.09884760457475265,0.020915735523070345
SPY,2020,2020-09-23,2020-09-24,0.024962161983692388,0.027500774467715417,0.012383055355171034,0.014956383632015915,0.01595943898872998,0.019872869835400507,1.7231667408319016,0.0217919182286238,0.01737123015709008,0.007097935279971379,False,765,57997.85941071615,0.0905486510218843,0.05715252764797952,0.019460780334359416
IWM,2020,2020-09-24,2020-09-25,0.00020837294838194076,0.030824789283253204,0.020062669022471457,0.016385834880529988,0.0199258127090424,0.024257615154924993,1.5469777686540642,0.024400445764281926,0.023773031260943656,0.020705529630176578,False,239,37465.10782753121,0.05852171969167476,0.03567616456153038,0.02242183921998087
QQQ,2020,2020-09-24,2020-09-25,0.015302803381299412,0.028616284353434607,0.01874456803624915,0.0216527637323838,0.027096539031870197,0.030173754832621875,1.0560863259981996,0.030461456853681464,0.024406717103512277,0.021247767359906522,False,360,34396.97101620343,0.1429167342037322,0.09606968771757213,0.01887027710121999
SPY,2020,2020-09-24,2020-09-25,0.007097935279971379,0.0217919182286238,0.01358906266920409,0.014704586339809046,0.01695521985353834,0.020414256506332152,1.285263088114785,0.024613963216373876,0.021700044303374133,0.01906511460742699,False,767,74079.09056513719,0.2568841510663477,0.16656131512316846,0.017387651378548193
IWM,2020,2020-09-25,2020-09-28,0.020705529630176578,0.024400445764281926,0.023843139297178764,0.016937350846608967,0.021324919391823884,0.02470985382469914,1.1442221804429056,0.027229282724791786,0.01395165729151504,0.011120908603995172,False,208,32023.20392269166,0.19093991132429874,0.08335631726742451,0.021192201050101726
QQQ,2020,2020-09-25,2020-09-28,0.021247767359906522,0.030461456853681464,0.02108392380905241,0.022528455242884153,0.02867170469787131,0.030819551787440225,1.062422244323095,0.019994211612458738,0.01807329812584313,0.0022417588577170466,False,316,23220.19921915175,0.05431168668284882,0.02437051652647498,0.022850836903206006
SPY,2020,2020-09-25,2020-09-28,0.01906511460742699,0.024613963216373876,0.016033237406405484,0.015307975208134612,0.017554084253989265,0.02115666092258333,1.4021787101073195,0.008432859817237055,0.005221746077668898,0.0029109933892013107,False,772,62907.66872479253,0.1915210461509461,0.12571413380267016,0.01936509755057759
IWM,2020,2020-09-28,2020-09-29,0.011120908603995172,0.027229282724791786,0.02239445930579028,0.017873365587059323,0.022674335414179292,0.025617784840707446,1.2008855927818762,0.01521520644932015,0.012500041239970505,0.0034034684341133215,False,259,30915.05153772382,0.19850012036739342,0.11415278862776262,0.019836939366983965
QQQ,2020,2020-09-28,2020-09-29,0.0022417588577170466,0.019994211612458738,0.022368529885332746,0.02309835197730503,0.02867170469787131,0.03147146749650429,0.6973499421519636,0.008459245098675195,0.004539347140809724,0.002422033554994485,False,313,26227.484522098282,0.13433292451637463,0.1026041439149518,0.021626989641065464
SPY,2020,2020-09-28,2020-09-29,0.0029109933892013107,0.008432859817237055,0.01647134066377847,0.015791011216012913,0.017554084253989265,0.021735339967881333,0.480393035331401,0.009431966598708699,0.007086442729984377,0.004790867735627091,False,823,62353.22726945077,0.17405120963078655,0.08789874249906882,0.02029011366393876
IWM,2020,2020-09-29,2020-09-30,0.0034034684341133215,0.01521520644932015,0.022423798307104986,0.017769645866311166,0.022674335414179292,0.025718953417701175,0.6710320797232888,0.02321544942785137,0.013809255560398581,0.0007338266499699042,False,243,35565.93960541146,0.2724509138688117,0.1603180699559686,0.019521877528079268
QQQ,2020,2020-09-29,2020-09-30,0.002422033554994485,0.008459245098675195,0.021846396236065303,0.022969190854679637,0.02867170469787131,0.03117225098524325,0.29503809375182494,0.018902775071796156,0.017888837771468546,0.006119871369759222,False,302,28030.882756985597,0.16337763935222915,0.11055000285235367,0.018953955599057406
SPY,2020,2020-09-29,2020-09-30,0.004790867735627091,0.009431966598708699,0.01660244266815185,0.015804478641133234,0.017554084253989265,0.021887158628027238,0.5373089511385495,0.016241867728208206,0.015611433138797315,0.005403999910945645,False,785,70191.795963081,0.16686001344791007,0.11052828297547378,0.01781541411567254
IWM,2020,2020-09-30,2020-10-01,0.0007338266499699042,0.02321544942785137,0.012157732617422782,0.017535922899148106,0.023117170064284376,0.025964050024414743,1.004251357899505,0.017969574291818554,0.009216891533390559,0.009084246000701679,False,277,29797.153541511474,0.1580468976271388,0.0528896186896349,0.02012919005534408
QQQ,2020,2020-09-30,2020-10-01,0.006119871369759222,0.018902775071796156,0.011622172745843014,0.022607610922393752,0.02867170469787131,0.03124314190107704,0.6592832644931491,0.010788205588337063,0.006968311294132334,0.0016323909334237108,False,321,23838.270443860478,0.1693409501839198,0.11435484842555045,0.020731831503370785
SPY,2020,2020-09-30,2020-10-01,0.005403999910945645,0.016241867728208206,0.009341764182222248,0.015737613396484367,0.017554084253989265,0.022281040759632668,0.9252472241334463,0.01104557565158359,0.007999739105276849,0.0019248242227637435,False,816,60819.2527808796,0.1361003696530792,0.058125579139083394,0.02035879951035396
IWM,2020,2020-10-01,2020-10-02,0.009084246000701679,0.017969574291818554,0.011657392021851917,0.017869589731341215,0.023117170064284376,0.025978117460778917,0.7773258682550089,0.030720810022004275,0.02790976552263369,0.023023909758986605,False,290,30853.077329185217,0.06355396467097463,0.02386268845923694,0.023059427034679857
QQQ,2020,2020-10-01,2020-10-02,0.0016323909334237108,0.010788205588337063,0.011363564253991284,0.022846076708724752,0.02867170469787131,0.03104818225207003,0.3762666260000236,0.03188170474324911,0.02253460426155951,0.006195172535107374,False,321,24966.519802222807,0.10891024473556458,0.07610500166706655,0.02033448114367556
SPY,2020,2020-10-01,2020-10-02,0.0019248242227637435,0.01104557565158359,0.008999053710357878,0.015381220191854556,0.017554084253989265,0.021983760557840643,0.6292310946994242,0.017545996714001266,0.01600843341325997,0.0064515648239520385,False,838,69857.59752684637,0.12332591255818941,0.08636128404215426,0.018000628540622548
IWM,2020,2020-10-02,2020-10-05,0.023023909758986605,0.030720810022004275,0.01154529993519413,0.01667551554380983,0.023117170064284376,0.025750745195246887,1.3289174209721886,0.01831834895740172,0.018253556639005186,0.0167001212979363,False,234,22876.415477931103,0.053694989928034585,0.018926673305991914,0.026419473546202967
QQQ,2020,2020-10-02,2020-10-05,0.006195172535107374,0.03188170474324911,0.01948295337553437,0.02084908988234242,0.02867170469787131,0.029578400907216962,1.1119570698430123,0.015415717248682483,0.01501770989173079,0.013823577385981833,False,270,16830.995381797686,0.12346006646213482,0.032422969283214476,0.02276811563042459
SPY,2020,2020-10-02,2020-10-05,0.0064515648239520385,0.017545996714001266,0.010550616791599564,0.013596058144233564,0.01743839061751471,0.02073950369254813,1.0061706437736564,0.011753799077988823,0.011605052445447406,0.011009975105371383,False,764,57843.01532943095,0.1549312664924808,0.05641213860678766,0.021356527928321906
IWM,2020,2020-10-05,2020-10-06,0.0167001212979363,0.01831834895740172,0.012593258653310171,0.01770943956416726,0.022674335414179292,0.02506376427323074,0.80788912322195,0.029463710845080836,0.01583592748792384,0.011861229544558372,False,230,20349.48295999531,0.07291648432653632,0.018333945114294793,0.022279875275628726
QQQ,2020,2020-10-05,2020-10-06,0.013823577385981833,0.015415717248682483,0.019617092642861784,0.02130387075666798,0.027096539031870197,0.027724798207676038,0.5689183120601101,0.024834503983720464,0.01896084669838194,0.01535161337457236,False,272,22429.5077649026,0.19144499961618447,0.05184725332937137,0.021553452778149147
SPY,2020,2020-10-05,2020-10-06,0.011009975105371383,0.011753799077988823,0.01091509751133116,0.014160574567547244,0.01695521985353834,0.01977997102995206,0.6932259905515735,0.0229178560824753,0.016538066566614607,0.01465096917617803,False,832,59797.11292954089,0.17709763814552978,0.09521237199300754,0.019297230399897593
IWM,2020,2020-10-06,2020-10-07,0.011861229544558372,0.029463710845080836,0.012149914572621738,0.017065483894946207,0.022772614777746288,0.025306905481826174,1.293822037242433,0.013241634990975965,0.012421976582343008,0.009143054301816278,False,234,23304.446216685777,0.09302814439157159,0.02611128325617178,0.023555453361434664
QQQ,2020,2020-10-06,2020-10-07,0.01535161337457236,0.024834503983720464,0.02157996789453428,0.018651200301600245,0.025205648847013123,0.026509045605634357,0.9852753299252346,0.012450938402574155,0.0102557682381752,0.007305043982472892,False,262,24724.061508817074,0.15161011232678984,0.06857991790117915,0.020073154947261567
SPY,2020,2020-10-06,2020-10-07,0.01465096917617803,0.0229178560824753,0.013157930420015378,0.013109189313942995,0.01695521985353834,0.01950184194246137,1.3516696498448904,0.010469681166578034,0.010380958879431246,0.00780792229552274,False,770,70304.325928078,0.15160840510679366,0.07404723375657335,0.019615055150514673
IWM,2020,2020-10-07,2020-10-08,0.009143054301816278,0.013241634990975965,0.012500925135182403,0.01739195250412587,0.022772614777746288,0.025590485767621286,0.581471874012284,0.01051197709256854,0.0070992612819111844,0.0008656900110788346,False,263,25405.961925647727,0.25262950799594114,0.07288049987116754,0.019074670424712847
QQQ,2020,2020-10-07,2020-10-08,0.007305043982472892,0.012450938402574155,0.022920278672303188,0.01786734686481484,0.024528771425722344,0.025652286476088894,0.5076054640681006,0.007648738345586293,0.00745601782345906,0.0035056312173218362,False,335,30774.5130025904,0.2322524404420416,0.1079056729425001,0.019116112130702793
SPY,2020,2020-10-07,2020-10-08,0.00780792229552274,0.010469681166578034,0.014892865190807361,0.01293610597260317,0.016410761457128366,0.019114039184941294,0.6379765615342793,0.005804348013785026,0.0029167273798971216,0.0027125351005548026,False,857,66143.014883282,0.20138971898379804,0.11146422142044102,0.01845899099485933
IWM,2020,2020-10-08,2020-10-09,0.0008656900110788346,0.01051197709256854,0.012433408247975683,0.017085702869061532,0.021324919391823884,0.025034805029916653,0.4929433447987101,0.011631521789288415,0.009517388098125412,0.003979241695660107,False,242,26948.170362894245,0.08699297185507332,0.05292224975833384,0.020520242922037284
QQQ,2020,2020-10-08,2020-10-09,0.0035056312173218362,0.007648738345586293,0.021745392319165908,0.017226657734677464,0.023026885385282594,0.02401333970688778,0.33216556288914817,0.01087922450357596,0.009466367602793513,0.009183731546193785,False,329,35806.80340098789,0.07295218048419524,0.049964472401516566,0.01831873700439444
SPY,2020,2020-10-08,2020-10-09,0.0027125351005548026,0.005804348013785026,0.015048964879696989,0.012376804988131351,0.015790545259809816,0.018143028840450406,0.3675837609330873,0.007118854822485652,0.005180022449266186,0.0037330957114130037,False,853,78849.81380273905,0.2170000222803171,0.11560382306962046,0.015607143602810859
IWM,2020,2020-10-09,2020-10-12,0.003979241695660107,0.011631521789288415,0.012310122699324086,0.016904689839650093,0.0199258127090424,0.02449952020674508,0.5837413991154294,0.010036716345824311,0.005140830037067445,0.0023867772595849157,False,190,24135.723564582142,0.08213578416215314,0.058581327650137335,0.02502929951830376
QQQ,2020,2020-10-09,2020-10-12,0.009183731546193785,0.01087922450357596,0.015747317155144366,0.0173507054678602,0.02091247175764985,0.023264060756088983,0.520226620250966,0.027499537325977323,0.02378249510384789,0.013698197052288474,False,271,22552.00011363122,0.1450209201838102,0.13120414826744548,0.02014720021223383
SPY,2020,2020-10-09,2020-10-12,0.0037330957114130037,0.007118854822485652,0.013019670437774059,0.0124829090995643,0.0147298434486048,0.017768250168547956,0.48329466958183753,0.014188024563163199,0.012671966366850862,0.008123791777913558,False,816,63177.55340370749,0.10411756788200875,0.08603261086524858,0.016420118637571722
IWM,2020,2020-10-12,2020-10-13,0.0023867772595849157,0.010036716345824311,0.00907546575566561,0.01612042401859559,0.018982082088296805,0.02356871827806596,0.5287468623904191,0.01070640811851681,0.006440479145643829,0.0011075108974245573,True,184,26096.47131230314,0.10288249033322622,0.08923782079262109,0.02176741724571606
QQQ,2020,2020-10-12,2020-10-13,0.013698197052288474,0.027499537325977323,0.018123808312774117,0.018184308061670294,0.023026885385282594,0.024068726075166535,1.194236079515703,0.013293303575289732,0.011190438609387066,0.006309340876357594,True,284,20712.821402290043,0.21434281787501322,0.18840585064922735,0.01943792784271816
SPY,2020,2020-10-12,2020-10-13,0.008123791777913558,0.014188024563163199,0.01272141259012958,0.01263691559944486,0.014154244334480686,0.017855896734493046,1.0023865794516646,0.009594654520622019,0.009138051719816742,0.006103082502368684,True,928,55307.438097245555,0.1313587156728877,0.1085402356162248,0.01702043958210268
IWM,2020,2020-10-13,2020-10-14,0.0011075108974245573,0.01070640811851681,0.010328157239751253,0.016278132151303464,0.018982082088296805,0.023672897076027946,0.5640270687227577,0.018219749222668526,0.012861886628734887,0.011778407666069746,True,190,35654.339782693205,0.1504678054671567,0.1152950203807073,0.021644689982427797
QQQ,2020,2020-10-13,2020-10-14,0.006309340876357594,0.013293303575289732,0.011927514131062434,0.018024864752094142,0.023026885385282594,0.023770877151822557,0.577294903451685,0.020619591034496797,0.017535988998280017,0.011139354924437628,True,284,24757.45078779031,0.1426444559162398,0.11947686417940624,0.019920633224334714
SPY,2020,2020-10-13,2020-10-14,0.006103082502368684,0.009594654520622019,0.009512859306925456,0.012759181895643653,0.014154244334480686,0.017809514152666444,0.6778641299308927,0.013656387818513898,0.010399219909057456,0.008039935350588001,True,877,76949.43810785112,0.29439976236551374,0.26635945638931957,0.013870602035223055
IWM,2020,2020-10-14,2020-10-15,0.011778407666069746,0.018219749222668526,0.009142519059206057,0.016453654131969673,0.018375473185958544,0.023451105340718086,0.9915254447211181,0.02743420994021685,0.02442086479758232,0.02172143172642338,True,250,39609.900274959,0.10176888928580831,0.08624310529684422,0.018544603406259935
QQQ,2020,2020-10-14,2020-10-15,0.011139354924437628,0.020619591034496797,0.015110190354019067,0.017684758348761924,0.022421314951110514,0.023710018178679303,0.9196423617195352,0.014519438485087084,0.012221375692410108,0.01009747135523753,True,348,29876.493176314834,0.11756322492605094,0.09914290092937948,0.01771860625094579
SPY,2020,2020-10-14,2020-10-15,0.008039935350588001,0.013656387818513898,0.010128899288675476,0.01282194763438554,0.014154244334480686,0.017826228018971275,0.9648263443669701,0.014227064247268125,0.012539634185051218,0.01102676279172754,True,898,72233.64971097358,0.13705380684211255,0.11811560793095335,0.014473586389384034
IWM,2020,2020-10-15,2020-10-16,0.02172143172642338,0.02743420994021685,0.0088577980229703,0.01639422987723617,0.02082402342118337,0.023816012197444326,1.3174308050532264,0.008516630920096248,0.00554500134810576,0.005269288493194413,True,227,43340.76362555408,0.1678934989227476,0.1348655114635062,0.018876575468181105
QQQ,2020,2020-10-15,2020-10-16,0.01009747135523753,0.014519438485087084,0.016646416092597677,0.017292596358566052,0.020306901323477768,0.02321116301523165,0.7150001988880734,0.017546248565370477,0.012666992794716503,0.011274770956049451,True,339,35352.54494125737,0.2926125141029643,0.25608525167063384,0.013389231906051194
SPY,2020,2020-10-15,2020-10-16,0.01102676279172754,0.014227064247268125,0.00997595132360418,0.012615167352215654,0.014207544405215662,0.01766861198705697,1.0013739068128689,0.010459634301527777,0.005358643960979403,0.004785599928498474,True,859,85873.86777363504,0.2388998779049191,0.21404263818065689,0.012362209472461305
IWM,2020,2020-10-16,2020-10-19,0.005269288493194413,0.008516630920096248,0.008638823984070471,0.01639165561969435,0.018375473185958544,0.022892928975120706,0.46347818278792174,0.02455795604179829,0.017809199058022696,0.01516454535030387,True,184,13783.96346361794,0.10917965791692329,0.06252640795882579,0.023513438638166927
QQQ,2020,2020-10-16,2020-10-19,0.011274770956049451,0.017546248565370477,0.01640612480462741,0.017002413736693388,0.01944849334212745,0.02234384006827461,0.902190635372432,0.029914980665581372,0.027228620024706274,0.02303006184828804,True,272,8927.407997557242,0.06644290543935094,0.04170954601925958,0.02103658089662067
SPY,2020,2020-10-16,2020-10-19,0.004785599928498474,0.010459634301527777,0.009251501957675065,0.011967621521576627,0.01392220619083855,0.017022102779671155,0.7512914374455032,0.0237773646134211,0.02231405454166846,0.019044842240355297,True,798,39950.77028230674,0.17800027089526707,0.14365274278679743,0.016424136921191244
IWM,2020,2020-10-19,2020-10-20,0.01516454535030387,0.02455795604179829,0.008830646666428039,0.014244692558666314,0.018375473185958544,0.021854631194093487,1.336452987810079,0.013060167382005055,0.007608839020628144,0.004951739687094725,False,200,18088.12045548019,0.20251898307973695,0.11760241081887259,0.01947306336957401
QQQ,2020,2020-10-19,2020-10-20,0.02303006184828804,0.029914980665581372,0.0058945561023380135,0.017602654541197423,0.01944849334212745,0.022437179633015645,1.538164429466751,0.016411241742419026,0.010753435426086755,0.0005271081591624593,False,272,12149.523551454786,0.17396774288364905,0.07204249202062384,0.022246663171721425
SPY,2020,2020-10-19,2020-10-20,0.019044842240355297,0.0237773646134211,0.005849499198590973,0.01224376133325178,0.01392220619083855,0.016866770860375725,1.707873327509522,0.012344931985854188,0.009957530754151067,0.0002328846860059075,False,774,34409.31177388822,0.07853818510383868,0.05369506612163063,0.018555609273637513
IWM,2020,2020-10-20,2020-10-21,0.004951739687094725,0.013060167382005055,0.009079899108296981,0.014225804391668045,0.01826904909003512,0.0215861428597591,0.714879429008089,0.012929706559259155,0.009919027545041814,0.009262076705414235,False,192,21430.448249794976,0.19820336696793137,0.11615514815908001,0.01958525034453771
QQQ,2020,2020-10-20,2020-10-21,0.0005271081591624593,0.016411241742419026,0.0066121003438744915,0.017221886102534893,0.018224511818583318,0.02203755910789091,0.9005037778671623,0.01275162367508724,0.009309002604719785,0.0016862014391620939,False,267,14282.513465977223,0.17781576197854906,0.0871339507128078,0.019919819820828383
SPY,2020,2020-10-20,2020-10-21,0.0002328846860059075,0.012344931985854188,0.007312685222565964,0.012112190400516936,0.013000659902184044,0.016808023399289974,0.9495619513729686,0.009524421574407721,0.006815678638592226,0.0017475187411607473,False,779,47815.172649616215,0.24772745439837845,0.18325633804516467,0.016477791892388585
IWM,2020,2020-10-21,2020-10-22,0.009262076705414235,0.012929706559259155,0.008823249500846729,0.011639072439072865,0.01809466175724354,0.020404948637853255,0.7145591740107116,0.018796114506664404,0.012801317969096448,0.012426661051259558,False,245,35894.075589785796,0.2285810687227668,0.11478191938607482,0.01939587695805246
QQQ,2020,2020-10-21,2020-10-22,0.0016862014391620939,0.01275162367508724,0.007061912616372105,0.015429256201280798,0.01697874515389475,0.02098201893538689,0.75103451753984,0.018102100975556173,0.015062959755094418,0.0030520791245196577,False,341,24095.87008477698,0.17953187718370048,0.09694312274860985,0.01904499152392304
SPY,2020,2020-10-21,2020-10-22,0.0017475187411607473,0.009524421574407721,0.007212488892047278,0.010624488307345963,0.012049365531921506,0.015906638560891938,0.7904500489403666,0.013383474610016825,0.006781146631388735,0.004811039006281659,False,777,53853.550301646654,0.1236594828621728,0.08389025546424303,0.017127637070497855
IWM,2020,2020-10-22,2020-10-23,0.012426661051259558,0.018796114506664404,0.011428740867082862,0.011876161155485704,0.01809466175724354,0.0198083173949872,1.0387657287453889,0.012755269133699062,0.011286867126937938,0.0,False,234,35798.85879000783,0.11217293340109885,0.08756048146097925,0.02081665691025397
QQQ,2020,2020-10-22,2020-10-23,0.0030520791245196577,0.018102100975556173,0.007382560354524261,0.015450783989957691,0.01697874515389475,0.020474052255431932,1.066162476171199,0.010991343904087547,0.010611080443352794,0.00010534389315663972,False,338,26859.9378017708,0.21387342046812524,0.13327205277618787,0.017718124823898628
SPY,2020,2020-10-22,2020-10-23,0.004811039006281659,0.013383474610016825,0.008181490436833885,0.010637423021459282,0.012049365531921506,0.015491460976343435,1.1107202760644086,0.008267526413192472,0.008160136837712662,0.0004335961022754464,False,808,66024.84009615943,0.28031567829804643,0.19139959114699254,0.015782346386277606
IWM,2020,2020-10-23,2020-10-26,0.0,0.012755269133699062,0.011706281228717275,0.011628630619085093,0.01659239037056935,0.019235091253669182,0.7687421070036805,0.024794868753267217,0.02249328489199587,0.008513516857918346,False,186,21991.72821872089,0.05455565043071628,0.024248066072983278,0.025116903318615717
QQQ,2020,2020-10-23,2020-10-26,0.00010534389315663972,0.010991343904087547,0.0077740958900404155,0.01473837146902789,0.015913479495550754,0.019498703368173175,0.6906939432800108,0.030242856716741807,0.02030638430005416,0.006763947974652185,False,272,14835.12738418826,0.16646243290363746,0.11205934680558849,0.020223037531706862
SPY,2020,2020-10-23,2020-10-26,0.0004335961022754464,0.008267526413192472,0.008497702172887336,0.010193328214629137,0.011399687364786207,0.014679222576026479,0.7252415043180023,0.02151233672609803,0.019396966391564074,0.008008623024202466,False,769,47153.6194837268,0.18350835196680243,0.11930502267063008,0.01828861031228017
IWM,2020,2020-10-26,2020-10-27,0.008513516857918346,0.024794868753267217,0.014755101975389793,0.012195637879915917,0.01659239037056935,0.019600051397417786,1.4943518202926904,0.013295673614065072,0.00956055770225861,0.007964906219930401,False,196,26347.497452797,0.20090840979032823,0.10679933960814197,0.023058239744963457
QQQ,2020,2020-10-26,2020-10-27,0.006763947974652185,0.030242856716741807,0.00718816509942364,0.014570735280521193,0.015913479495550754,0.01995986599482184,1.9004553168398777,0.011758428272091474,0.0071403544071935166,0.004120794536800698,False,272,16538.067012480104,0.22217965338330725,0.07450871060976781,0.01867539979290023
SPY,2020,2020-10-26,2020-10-27,0.008008623024202466,0.02151233672609803,0.009893707763174116,0.010660705623563993,0.012049365531921506,0.01520078217736327,1.7853501637996592,0.006269145342566451,0.005236899264450479,0.004532636274599322,False,702,43402.30318889597,0.16661663713942262,0.10162485042391145,0.02037579394051559
IWM,2020,2020-10-27,2020-10-28,0.007964906219930401,0.013295673614065072,0.014961363749550911,0.01236267467714637,0.015632623952941814,0.019504520139348808,0.8505081203314582,0.015517969083440691,0.010585536115044647,0.008728863775698814,False,198,28172.6186573251,0.09661062953070465,0.0635622056853306,0.02248065954172627
QQQ,2020,2020-10-27,2020-10-28,0.004120794536800698,0.011758428272091474,0.008412391736597176,0.014599818684618201,0.015913479495550754,0.020127869249653898,0.7388973778725771,0.026114202764661303,0.024430705149686593,0.02291282649339743,False,264,20651.335711683732,0.09493073156047405,0.06239188404865207,0.019561509119606867
SPY,2020,2020-10-27,2020-10-28,0.004532636274599322,0.006269145342566451,0.009406796416478742,0.010608053060329168,0.012049365531921506,0.01504329329713742,0.520288419000823,0.03649501624341945,0.01851849979962794,0.016380615300894075,False,716,56615.72058375371,0.14129462226710315,0.11254704687570727,0.017870948538313718
IWM,2020,2020-10-28,2020-10-29,0.008728863775698814,0.015517969083440691,0.01956709918869098,0.014482489607171075,0.014406821348752881,0.019964126185426524,1.0771265019388885,0.026968612960431723,0.019768206645368824,0.015513484656062948,False,250,38300.86439873317,0.1406751079633964,0.11248818082845029,0.020710607937561944
QQQ,2020,2020-10-28,2020-10-29,0.02291282649339743,0.026114202764661303,0.018830042781770237,0.01707168732035611,0.015913479495550754,0.021177375388315368,1.6410114941840699,0.025531140002575548,0.02377285800137363,0.012417636074862681,False,298,20565.9294539549,0.07669875676341406,0.04253622380231197,0.02301906570095362
SPY,2020,2020-10-28,2020-10-29,0.016380615300894075,0.03649501624341945,0.016711911917207226,0.0130564745872084,0.012049365531921506,0.01594444996900248,3.0287915282124906,0.025419832570137173,0.019852528713324435,0.009390986173038351,False,500,37937.90232297924,0.052136538621807046,0.029726086212726148,0.02211935286304909
IWM,2020,2020-10-29,2020-10-30,0.015513484656062948,0.026968612960431723,0.017958043709521882,0.014294537122992952,0.014406821348752881,0.020403210387428726,1.871933600590268,0.025207356175636644,0.019354038882245073,0.007970521824457455,False,251,35569.30648618883,0.15814251037207516,0.0905009557770536,0.021161128474550754
QQQ,2020,2020-10-29,2020-10-30,0.012417636074862681,0.025531140002575548,0.02220759543714193,0.01715917309978183,0.01697874515389475,0.021715299543573475,1.5037118333046517,0.0297805023664639,0.027221285858753275,0.018079724142626152,False,312,23640.350834945006,0.11200392801059045,0.08637815434287281,0.017613532659412703
SPY,2020,2020-10-29,2020-10-30,0.009390986173038351,0.025419832570137173,0.01784905995727608,0.013196963654171185,0.012864203297935507,0.016641602374158203,1.9760129703653422,0.02159740576414843,0.01760692054655033,0.005300323628747217,False,677,53871.24464416936,0.19878497337477075,0.14936712555000325,0.01982725049285578
IWM,2020,2020-10-30,2020-11-02,0.007970521824457455,0.025207356175636644,0.01604641328081577,0.014616907063138193,0.014406821348752881,0.02014883512221074,1.7496820128069892,0.014343872581375523,0.007236512801381378,0.006784280046341351,False,204,20634.3182055757,0.04214387853169717,0.00995617463214631,0.02329941873044046
QQQ,2020,2020-10-30,2020-11-02,0.018079724142626152,0.0297805023664639,0.023294640743695423,0.016937752070741195,0.01697874515389475,0.02184065142236461,1.7539872409023443,0.02409412413430159,0.018279225607742422,0.006878775336409015,False,236,11978.039647255151,0.10506619878524694,0.03781771184590182,0.025624672410319942
SPY,2020,2020-10-30,2020-11-02,0.005300323628747217,0.02159740576414843,0.016568824770016984,0.013230176046331029,0.012864203297935507,0.016892002270809437,1.678876278923115,0.015505738727766392,0.009045416394665606,0.0,False,809,31274.616946235627,0.15199232933489157,0.055223369256682,0.02245928190006538
IWM,2020,2020-11-02,2020-11-03,0.006784280046341351,0.014343872581375523,0.019701316598990066,0.013791547106018787,0.013819773097720298,0.019604387056166867,1.0379238848531949,0.020008826077727273,0.01767344051759112,0.011424685356685726,False,218,20169.19933742442,0.02688531204766397,0.006972246800109223,0.024894724538358632
QQQ,2020,2020-11-02,2020-11-03,0.006878775336409015,0.02409412413430159,0.02378910952985167,0.016146336019792006,0.017824174770463323,0.021929942394422496,1.3517666003942175,0.021988568812394204,0.01787033395293869,0.009891169752630935,False,244,14420.678449236091,0.12406546946936114,0.050296024518659305,0.024181310306811338
SPY,2020,2020-11-02,2020-11-03,0.0,0.015505738727766392,0.018542726982382022,0.012817394158554853,0.013519931214265361,0.01686655453873164,1.146880001238892,0.023854449929095033,0.013665370629119877,0.0070124856027160565,False,904,36021.60068223315,0.09572883154229503,0.034767300874788916,0.02560578039883618
IWM,2020,2020-11-03,2020-11-04,0.011424685356685726,0.020008826077727273,0.024226311512605514,0.015184600364083265,0.013819773097720298,0.01985376298346734,1.4478404193935657,0.029413625290956813,0.029160102082507855,0.016925503448147694,False,218,17119.41953274901,0.22511256565695795,0.04666234758474104,0.02258967723873757
QQQ,2020,2020-11-03,2020-11-04,0.009891169752630935,0.021988568812394204,0.025611017002648843,0.01621163814406383,0.017824174770463323,0.021958123790452908,1.2336374107390236,0.024330879035180067,0.018265780678700105,0.01170706783416664,False,262,15981.140782402137,0.1491963700370946,0.05475635931948866,0.02109287675037314
SPY,2020,2020-11-03,2020-11-04,0.0070124856027160565,0.023854449929095033,0.021279782231273785,0.013111188141437077,0.013519931214265361,0.016939112170814112,1.7643913679032148,0.024496879840276473,0.020771042052769584,0.007862533909913871,False,912,45508.0943337926,0.08313761804605861,0.04297777371190398,0.02497408913736446
IWM,2020,2020-11-04,2020-11-05,0.016925503448147694,0.029413625290956813,0.01594495269204317,0.014392533109671563,0.014930920832408108,0.020043768703642145,1.9699806610127801,0.022652912125063117,0.022035722765660015,0.017900186739103097,False,282,27293.06868373236,0.1789318005497273,0.06720104303054879,0.02342053022750361
QQQ,2020,2020-11-04,2020-11-05,0.01170706783416664,0.024330879035180067,0.02555469083511729,0.018705077713778488,0.019360846005026487,0.02351471422449966,1.256705364469262,0.01154912500437963,0.006336714737423366,0.0029299079232689706,False,333,16176.733688407236,0.0746298816957739,0.03389912889935565,0.024215894361056315
SPY,2020,2020-11-04,2020-11-05,0.007862533909913871,0.024496879840276473,0.012545895882360875,0.013492692534245466,0.01392220619083855,0.01771106507878074,1.7595544488054302,0.009535039465580602,0.008446948486774186,0.002863360519878899,False,939,54110.67906739735,0.2169641469297883,0.112475844649536,0.019983713386375314
IWM,2020,2020-11-05,2020-11-06,0.017900186739103097,0.022652912125063117,0.018101673150368945,0.015506863135307301,0.01686885915305461,0.020952221343672327,1.3428834706324009,0.01455140522377224,0.014206932162116104,0.012075836607680523,False,254,24902.58589128423,0.2328327633694081,0.015304658704763484,0.020056172781403023
QQQ,2020,2020-11-05,2020-11-06,0.0029299079232689706,0.01154912500437963,0.02635369960798704,0.01949287727712177,0.019360846005026487,0.02453704638324109,0.5965196459587165,0.01882809213231232,0.013387175456550215,0.00306422635479886,False,353,17016.271260040085,0.15457917199114585,0.07029109511245188,0.02307179235841019
SPY,2020,2020-11-05,2020-11-06,0.002863360519878899,0.009535039465580602,0.013218097044972496,0.014038775919364019,0.01392220619083855,0.01851661734603963,0.684879920242461,0.01103082316444085,0.006558316753417781,0.0006573057215510936,False,939,61577.83807575521,0.2079406118466854,0.10277317146467001,0.016563223059388822
IWM,2020,2020-11-06,2020-11-09,0.012075836607680523,0.01455140522377224,0.01625989946988853,0.015596659082829112,0.01686885915305461,0.02109599423273025,0.8626194037038524,0.04956204817017409,0.045000856521516974,0.041819689313975394,False,216,25585.412315210215,0.10386092038585346,0.03241622004261756,0.01994917536166326
QQQ,2020,2020-11-06,2020-11-09,0.00306422635479886,0.01882809213231232,0.018176181485414385,0.01925838746141395,0.01972384158340456,0.024698051600799527,0.9545854468915469,0.037023415949010575,0.03307649222824938,0.030438426824710763,False,288,14244.307623272154,0.14431545024715248,0.026029475453385978,0.0249016769694797
SPY,2020,2020-11-06,2020-11-09,0.0006573057215510936,0.01103082316444085,0.008993715741607351,0.013916194791508886,0.01392220619083855,0.018548441854985005,0.7923186176986545,0.02835400524660529,0.02798961681761125,0.025853789132482263,False,871,50804.74816309774,0.1917902732359164,0.05491922728503985,0.017959028601068083
IWM,2020,2020-11-09,2020-11-10,0.041819689313975394,0.04956204817017409,0.019289171116874795,0.017506962756447936,0.018507931864666465,0.025016889750328064,2.6778814906268975,0.020911226021440917,0.012441617527928273,0.008761682399173631,False,193,17068.37098921495,0.2070698261291222,0.02540451467318352,0.021703641325238065
QQQ,2020,2020-11-09,2020-11-10,0.030438426824710763,0.037023415949010575,0.024779351120436752,0.018574566187339953,0.01972384158340456,0.024512043272254945,1.8770895006661228,0.02118037753100744,0.016214162888310124,0.006136690106245957,False,275,21348.043274402044,0.1571189486530692,0.06642983040338205,0.022915103931057203
SPY,2020,2020-11-09,2020-11-10,0.025853789132482263,0.02835400524660529,0.00890475792302246,0.013730508669459525,0.01394172603289101,0.019545356826179847,2.0337514293218177,0.01321107538875402,0.008501841276209454,0.0015559657295591833,False,915,44748.03715828417,0.15904155983605497,0.05456065740871271,0.020450650371385798
IWM,2020,2020-11-10,2020-11-11,0.008761682399173631,0.020911226021440917,0.01834360664070847,0.01776723594040804,0.01940247029219584,0.025426434253963542,1.077761012207396,0.015114775427134308,0.014514782387217373,0.004095947098638142,False,176,17115.583035633,0.10180842568014899,0.02918867850196647,0.02443406159416598
QQQ,2020,2020-11-10,2020-11-11,0.006136690106245957,0.02118037753100744,0.028249342140930334,0.018959312509937765,0.020899984282752117,0.025224032556287457,1.0134159549816848,0.02401844263366391,0.014753701495343163,0.013040628613246286,False,266,28453.360749082734,0.054595094308791225,0.02129594003693224,0.020225726131209352
SPY,2020,2020-11-10,2020-11-11,0.0015559657295591833,0.01321107538875402,0.011000091214128349,0.01364268063463321,0.01394172603289101,0.01972438859413629,0.9475925260320526,0.007014590468051802,0.0037739997383667845,0.0007576305720375931,False,894,61559.22464305435,0.18671918259388995,0.09437770414227259,0.017933047428181394
IWM,2020,2020-11-11,2020-11-12,0.004095947098638142,0.015114775427134308,0.018647537476883184,0.017525968470165073,0.01940247029219584,0.025272250480970215,0.7790129400797924,0.02508753328401379,0.01817748381348272,0.00828470373110346,False,222,22748.732379622656,0.10237286063639871,0.03824048025614948,0.024140164011562167
QQQ,2020,2020-11-11,2020-11-12,0.013040628613246286,0.02401844263366391,0.021769390462157704,0.019628860122285735,0.02158447317170082,0.025402128793364842,1.1127648306540205,0.0165772704716307,0.012219355145778987,0.008116714093671207,False,340,29141.8133993105,0.1671755386796958,0.06174537250658673,0.019726101891586797
SPY,2020,2020-11-11,2020-11-12,0.0007576305720375931,0.007014590468051802,0.008801159011911695,0.01362073555782211,0.013805269428642474,0.01953747750211598,0.5081096391714228,0.015355170879305026,0.012298515875812654,0.006665153289514003,False,917,55857.87339473215,0.19348279017308634,0.06921120030783184,0.019776073960777275
IWM,2020,2020-11-12,2020-11-13,0.00828470373110346,0.02508753328401379,0.020978976163074082,0.017944137915470473,0.01940247029219584,0.025161306405125056,1.2930071741485736,0.01645758519853879,0.01622409501180533,0.01254738149927781,False,233,31618.5443644684,0.23714609397853623,0.08208490449802411,0.017621983036179616
QQQ,2020,2020-11-12,2020-11-13,0.008116714093671207,0.0165772704716307,0.017190533704034793,0.01959887062191759,0.02158447317170082,0.025288843408142414,0.7680183037019865,0.012751187358485348,0.007989781323373357,0.002619082651130533,False,335,34869.30144518526,0.16168604922025717,0.12037723151182396,0.01871212000748784
SPY,2020,2020-11-12,2020-11-13,0.006665153289514003,0.015355170879305026,0.008582009805543815,0.01383450438876224,0.014369322744660925,0.01960016438834971,1.068607835745801,0.011793854170004227,0.010217595054652362,0.007965820861201012,False,888,68712.0211302371,0.1264089217676442,0.08495021199015118,0.01655137758904773
IWM,2020,2020-11-13,2020-11-16,0.01254738149927781,0.01645758519853879,0.020054685379639947,0.01836179255801516,0.01940247029219584,0.025955005836909472,0.8482211260057151,0.013485210543011083,0.007309157719884496,0.006459285818836813,False,178,20036.711617320398,0.053296618051904276,0.04184983360251819,0.02537528459103978
QQQ,2020,2020-11-13,2020-11-16,0.002619082651130533,0.012751187358485348,0.018093769748056723,0.019652435506507075,0.02158447317170082,0.025047862252405982,0.590757404966608,0.012112103745066174,0.009944307676669428,0.008877631041193101,False,278,22075.44028110228,0.14247068094458523,0.12308295561411765,0.021570352393345378
SPY,2020,2020-11-13,2020-11-16,0.007965820861201012,0.011793854170004227,0.009977611063539654,0.01412564636047249,0.014369322744660925,0.019880455609336937,0.8207661822048196,0.008837061178789397,0.004986391872642937,0.004404665880379799,False,868,52788.483099274556,0.07482777204649327,0.05790360218988654,0.01890866137378634
IWM,2020,2020-11-16,2020-11-17,0.006459285818836813,0.013485210543011083,0.016795273713024653,0.01851967480456879,0.017626849852601597,0.025956528551132285,0.7650380332150366,0.02567600798026724,0.015678311013900714,0.01374695251096103,True,164,14770.415670099768,0.08133392532495026,0.05844745579923277,0.02665991263587419
QQQ,2020,2020-11-16,2020-11-17,0.008877631041193101,0.012112103745066174,0.015230111775766105,0.019296043292659392,0.02000423483165988,0.024146808114576403,0.6054769825985469,0.0072597304946229665,0.006138365058946382,0.0038514141319688777,True,275,25131.844671616673,0.10861095832294576,0.08811683975949537,0.020179475438568895
SPY,2020,2020-11-16,2020-11-17,0.004404665880379799,0.008837061178789397,0.009960940295213699,0.013740610410568102,0.013297274999385423,0.01934037950216603,0.6645768534679346,0.009945320659231231,0.005417151986050195,0.0018056890693118888,True,935,47490.58110964762,0.14206938218172283,0.1090620618065287,0.019664665511287076
IWM,2020,2020-11-17,2020-11-18,0.01374695251096103,0.02567600798026724,0.0160438053210981,0.018506157134544815,0.01940247029219584,0.02657114747903221,1.3233370593328404,0.021571479589174124,0.017513941887666418,0.016653602810332235,True,163,14248.733847041141,0.08837659240404756,0.07334357606536196,0.023752691807750935
QQQ,2020,2020-11-17,2020-11-18,0.0038514141319688777,0.0072597304946229665,0.010921834081317042,0.019327738567411178,0.02000423483165988,0.023687282686685227,0.36290968166066967,0.011484422226002482,0.005792784142475638,0.005450897459477133,True,272,28836.191332057253,0.14397481416121005,0.12521539745524024,0.01836830297150202
SPY,2020,2020-11-17,2020-11-18,0.0018056890693118888,0.009945320659231231,0.010676373123198591,0.01386460010272487,0.013297274999385423,0.01921174988502427,0.7479217102519792,0.014574297504231882,0.01310917795798816,0.01282869645017426,True,909,66229.88089013845,0.2766785480822984,0.23530006856106558,0.01602926194282348
IWM,2020,2020-11-18,2020-11-19,0.016653602810332235,0.021571479589174124,0.018510701952613694,0.018759886721323983,0.020460026049584093,0.027005694761753813,1.054323173240174,0.014346650163603066,0.01104470543021785,0.009450633189817648,True,198,37093.51566790904,0.03566134417632126,0.02248628508641133,0.020738141000441936
QQQ,2020,2020-11-18,2020-11-19,0.005450897459477133,0.011484422226002482,0.007486658573930083,0.019425830247831594,0.02000423483165988,0.023622219902668513,0.574099550552494,0.013296974476390194,0.010913875695417463,0.009808649078111742,True,326,43204.81199122015,0.22033837309595947,0.14968368258329348,0.018077571265269255
SPY,2020,2020-11-18,2020-11-19,0.01282869645017426,0.014574297504231882,0.012401924011048247,0.014216431813213908,0.013978886057124353,0.019464899078417454,1.0425936261783948,0.011332954752885288,0.007255305196801842,0.006130462987524954,True,901,102555.94059951679,0.22213693733293516,0.1541864030535224,0.017882674284149955
IWM,2020,2020-11-19,2020-11-20,0.009450633189817648,0.014346650163603066,0.015043363435272284,0.018555112829919843,0.020460026049584093,0.026777476311523267,0.7012039050602626,0.01194317446210544,0.007188567870173745,0.0046980349785308295,True,195,39187.997142627806,0.15994499320958364,0.10218901446245833,0.02073156404448962
QQQ,2020,2020-11-19,2020-11-20,0.009808649078111742,0.013296974476390194,0.007507483179338361,0.019478738979061515,0.02000423483165988,0.023377918422680076,0.6647079775001251,0.009510772820373506,0.006924038681599409,0.006568535717887736,True,321,46454.992582425635,0.20180359648728916,0.14439472363271524,0.016778206307460866
SPY,2020,2020-11-19,2020-11-20,0.006130462987524954,0.011332954752885288,0.011230809850393708,0.014203006693950311,0.013892686446492952,0.01936084255455909,0.8157496965423964,0.006909094323645105,0.006333567909922566,0.006069967630026207,True,900,117880.52977572409,0.16535698872263202,0.1258647149584417,0.01663718586423227
IWM,2020,2020-11-20,2020-11-23,0.0046980349785308295,0.01194317446210544,0.013573553171278204,0.01856979003578695,0.020460026049584093,0.0267310184920299,0.5837321239553465,0.01818694429916318,0.01528594417385798,0.008758757736227363,True,162,23955.485585494305,0.09710762577612742,0.03506264183053688,0.025198746909600014
QQQ,2020,2020-11-20,2020-11-23,0.006568535717887736,0.009510772820373506,0.007631309769114769,0.01956942338599756,0.02000423483165988,0.023302618749183806,0.47543797103007396,0.016059821615484804,0.011594391130526516,0.0035001853088563184,True,268,21422.88468722194,0.2036593681870224,0.057613300915713435,0.02019895602733507
SPY,2020,2020-11-20,2020-11-23,0.006069967630026207,0.006909094323645105,0.009781866523423798,0.014333118399821945,0.013892686446492952,0.01929945188446467,0.4973188123301542,0.011055788794578723,0.006791229732774573,0.0005037860400700644,True,834,75285.07532332907,0.17608044562001346,0.07239660843218015,0.019542938900680054
IWM,2020,2020-11-23,2020-11-24,0.008758757736227363,0.01818694429916318,0.01185674862235245,0.017769187700752743,0.019097885188445227,0.026251158564569842,0.9523014783944145,0.016794818917636904,0.01117837972943203,0.004525883820366783,False,174,22824.440791784258,0.19452168432440467,0.09867472548123385,0.022517302904805043
QQQ,2020,2020-11-23,2020-11-24,0.0035001853088563184,0.016059821615484804,0.0062145362369054385,0.01920136002728084,0.017702681301971508,0.022608848221404475,0.9071971268949104,0.018353995961281233,0.01197303807635719,0.010223373310116246,False,261,27414.467711902806,0.22025770967408648,0.09003454723150006,0.018864968857881633
SPY,2020,2020-11-23,2020-11-24,0.0005037860400700644,0.011055788794578723,0.007661567159573211,0.013565206144807869,0.012502464779379123,0.018386132208447942,0.8842887374346802,0.012548205549249913,0.009994187248869135,0.008356263948887,False,900,83002.64511229537,0.12091098978484299,0.07061740428438397,0.01979119596171444
IWM,2020,2020-11-24,2020-11-25,0.004525883820366783,0.016794818917636904,0.013709025836094969,0.01760595358851757,0.019097885188445227,0.026864303718404793,0.8794072616898051,0.013188000920682902,0.008851507041366169,0.0004904432582595319,False,210,15586.801094906901,0.14354281507622188,0.030699992814003686,0.02165554218786898
QQQ,2020,2020-11-24,2020-11-25,0.010223373310116246,0.018353995961281233,0.009330709566892775,0.01935232957872745,0.018591044046796776,0.022939943699674205,0.9872493397939969,0.007950759702549385,0.004635095182999205,0.0024021092718629067,False,337,29756.106393164155,0.18841821003495682,0.12442667295956304,0.01950528699938268
SPY,2020,2020-11-24,2020-11-25,0.008356263948887,0.012548205549249913,0.01111285707071081,0.013802894950116608,0.012879640469001967,0.018960545360841966,0.9742667568594221,0.004626422089035052,0.004564550864049721,0.001294305660185846,False,958,85252.71275547081,0.28277818645400293,0.12137791863081478,0.01590650618400648
IWM,2020,2020-11-25,2020-11-27,0.0004904432582595319,0.013188000920682902,0.010102109758258359,0.015370987497620087,0.019097885188445227,0.025896395379395965,0.6905477119876092,0.006912716438180725,0.00419118368900917,0.003537959352087894,False,209,31616.062064406047,0.26497787298711206,0.21236884718132035,0.020280595723642103
QQQ,2020,2020-11-25,2020-11-27,0.0024021092718629067,0.007950759702549385,0.007955874333233965,0.01675007763395906,0.017465633216455966,0.02136401163017092,0.4552231003602119,0.007609599241822678,0.006235177782720092,0.0023465931841382126,False,332,30048.500371632275,0.19763800696053826,0.1234520668950684,0.018013414917520378
SPY,2020,2020-11-25,2020-11-27,0.001294305660185846,0.004626422089035052,0.008635571468982726,0.010666476493855806,0.01217102985962707,0.017408335807889145,0.38011755310711304,0.004397554198603643,0.0034751222138231785,0.0004671913804615846,False,894,97020.79908096796,0.2833738267349803,0.14401029906777804,0.01592861147886764
IWM,2020,2020-11-27,2020-11-30,0.003537959352087894,0.006912716438180725,0.010292099187088479,0.015394119772445085,0.017490881608400042,0.024898594791816303,0.3952182967644624,0.0217604169329885,0.019409937099807983,0.015232308454972587,False,172,15303.930356974786,0.14045224720641752,0.01921449220875325,0.02089150963014985
QQQ,2020,2020-11-27,2020-11-30,0.0023465931841382126,0.007609599241822678,0.008134534594236619,0.01651253710102792,0.01631854604355775,0.02057556517331991,0.46631600765846426,0.017338152284694527,0.015469155225853237,0.000935387127421583,False,265,19461.090923351476,0.15358664597672586,0.06122258090648702,0.021760578820002884
SPY,2020,2020-11-27,2020-11-30,0.0004671913804615846,0.004397554198603643,0.008633328618221834,0.010616703521684045,0.011563404461444757,0.016356964591431662,0.3802992633584835,0.010886591063681002,0.010190085496287304,0.0021221757907777805,False,833,77876.24212372146,0.2715919686584892,0.08892436927405444,0.016461260117624252
IWM,2020,2020-11-30,2020-12-01,0.015232308454972587,0.0217604169329885,0.015668172507221443,0.01580129441261543,0.017490881608400042,0.02474322024254224,1.244100635987268,0.017429176698599867,0.014252578555745687,0.004902010486677266,False,177,28540.708582423904,0.017083483903528072,0.008075842910923751,0.023317927478761935
QQQ,2020,2020-11-30,2020-12-01,0.000935387127421583,0.017338152284694527,0.005612124504521008,0.01501040444622557,0.01631854604355775,0.01975740489587082,1.0624814391193447,0.014273033939625585,0.01049777598741497,0.004934232633545532,False,268,22055.821778074584,0.1782051983874006,0.08406777781752585,0.021116883713550874
SPY,2020,2020-11-30,2020-12-01,0.0021221757907777805,0.010886591063681002,0.007963862609824773,0.01023823554979112,0.011194371773732005,0.01585740704598818,0.9725057630502123,0.007522498960263621,0.005771768223018281,0.0012309042876541554,False,815,78813.42527770187,0.1506133604046122,0.051234876492568165,0.01825421718779851
IWM,2020,2020-12-01,2020-12-02,0.004902010486677266,0.017429176698599867,0.013932900718171957,0.015651361913485425,0.017808060498881523,0.024712603852723856,0.9787240277903675,0.014949168817391414,0.008408896976965119,0.0051662679701700576,False,202,31631.3068498727,0.1870263213146628,0.09529647531766304,0.022173145087070606
QQQ,2020,2020-12-01,2020-12-02,0.004934232633545532,0.014273033939625585,0.004913957376396999,0.015077733138349361,0.015166427777555194,0.019462822573346524,0.9410939839603006,0.012737820028174111,0.006451653290425963,0.005293651293682755,False,326,20982.057840488334,0.08833368265820159,0.04531659664656161,0.021352164155456307
SPY,2020,2020-12-01,2020-12-02,0.0012309042876541554,0.007522498960263621,0.008588980931078186,0.010230075576475777,0.011043305979509786,0.015742362528684196,0.6811817923202691,0.007565317670733056,0.005865862858112303,0.005399926487453799,False,981,94740.30081150384,0.1092982769408284,0.0600656835587083,0.017299936927287082
IWM,2020,2020-12-02,2020-12-03,0.0051662679701700576,0.014949168817391414,0.010455236200888899,0.014967285775221236,0.017111997808118385,0.023721020302082594,0.8736074527954376,0.012217684515749411,0.010035978917003696,0.003163531376894735,False,205,37034.615107711455,0.2274716624170928,0.13975655798400924,0.021080854805705262
QQQ,2020,2020-12-02,2020-12-03,0.005293651293682755,0.012737820028174111,0.004854719273499763,0.014868204435788016,0.013785004208007889,0.018830414316855826,0.9240345404301397,0.007725962454461168,0.0056218278580717485,0.00036159169775840105,False,338,27918.353854778812,0.16504780912254954,0.09037569139549194,0.019623955088988797
SPY,2020,2020-12-02,2020-12-03,0.005399926487453799,0.007565317670733056,0.005795514910323039,0.009817163882959244,0.010958707114060925,0.014900431969208705,0.6903476470345785,0.007336103673877708,0.00411805878637117,2.7298368672878937e-05,False,895,98375.82066927425,0.15049610756374915,0.07126966189181178,0.016944379473575407
IWM,2020,2020-12-03,2020-12-04,0.003163531376894735,0.012217684515749411,0.010797013935181725,0.014912118961109881,0.016626202058087847,0.02289924983110222,0.7348451843099125,0.02448383242184984,0.018538496360265055,0.017187291116361525,False,209,36454.137268953025,0.05010810121517663,0.0338871055257078,0.022013212285756496
QQQ,2020,2020-12-03,2020-12-04,0.00036159169775840105,0.007725962454461168,0.005330070118497394,0.01161437245001164,0.013024080917437772,0.0166465757818682,0.5932059623583095,0.006703278135352129,0.004403203478440476,0.003910237222461976,False,332,32394.88824494147,0.18624136338339023,0.11872640335358191,0.017561294623459334
SPY,2020,2020-12-03,2020-12-04,2.7298368672878937e-05,0.007336103673877708,0.005628569937282951,0.008905334183374289,0.010415955861456116,0.013494963381421591,0.7043140131790214,0.00715998265918333,0.006887723861618511,0.006887723861618511,False,903,110384.18208082624,0.1899274388067271,0.10824222597186671,0.016021318962738264
IWM,2020,2020-12-04,2020-12-07,0.017187291116361525,0.02448383242184984,0.015016366866504111,0.014595964341330874,0.016626202058087847,0.022522483783802585,1.4726052490105301,0.008022071620410801,0.004214646157933988,0.0007969460695869124,False,172,16183.859327646074,0.052562076684284094,0.019890987487322685,0.024667760425533067
QQQ,2020,2020-12-04,2020-12-07,0.003910237222461976,0.006703278135352129,0.0048757531396903244,0.010280270487494908,0.013024080917437772,0.015503977511583208,0.5146833913153286,0.006902018017460435,0.006280505974292083,0.005037481887955053,False,264,17877.405060727124,0.17145923880560662,0.05713893511855292,0.021478341039918043
SPY,2020,2020-12-04,2020-12-07,0.006887723861618511,0.00715998265918333,0.006333805051178121,0.00816505467948852,0.010415955861456116,0.01266689554596125,0.6874052419594632,0.00514875603774944,0.0035352653884836993,0.00018971146903412617,False,835,82026.75284635936,0.19748528372750096,0.10133655662810005,0.015998076837899517
IWM,2020,2020-12-07,2020-12-08,0.0007969460695869124,0.008022071620410801,0.009199161649445786,0.014263586440944817,0.016626202058087847,0.022192948611175566,0.48249573729368034,0.02084220819929975,0.020628477506822174,0.01966656707245873,False,172,22037.88953765532,0.0661008721628499,0.03800637448423687,0.02295073761466085
QQQ,2020,2020-12-07,2020-12-08,0.005037481887955053,0.006902018017460435,0.004717662418763819,0.01030978473832136,0.01274450369332973,0.01491006301150466,0.5415682072478697,0.011898532338922187,0.005998162339662327,0.00498760832764944,False,276,21114.995182530463,0.08292486605355162,0.03972892171897745,0.020388745171187283
SPY,2020,2020-12-07,2020-12-08,0.00018971146903412617,0.00514875603774944,0.005654065102754431,0.008210319876617836,0.009391190919010313,0.01240379778857855,0.5482537925330603,0.008457482163707238,0.00832154233774518,0.0066627112990809145,False,859,86530.22574221034,0.21973786917519217,0.07923243144459363,0.01575460653309814
IWM,2020,2020-12-08,2020-12-09,0.01966656707245873,0.02084220819929975,0.009454442736705423,0.012617918204784145,0.016626202058087847,0.018803198276678736,1.253576019735729,0.025570271601194607,0.021926612612059637,0.013592337008013877,False,170,20522.016455447712,0.23109952796409128,0.0526827805355995,0.020414609846337268
QQQ,2020,2020-12-08,2020-12-09,0.00498760832764944,0.011898532338922187,0.001851340899947474,0.008833312298592412,0.012424961886620144,0.013633768285678005,0.9576312947676046,0.02645500601396476,0.026181726434367336,0.021943096065533685,False,272,23420.465466971054,0.09249216620224442,0.052089114613168584,0.018934245385924888
SPY,2020,2020-12-08,2020-12-09,0.0066627112990809145,0.008457482163707238,0.004059573132053356,0.00787478691018876,0.008647271671248317,0.01079460176900825,0.9780520937983112,0.013751012507533121,0.013471765299442495,0.010866044883088954,False,859,102913.77314962984,0.2523965040365636,0.13407816797647226,0.0148811316217655
IWM,2020,2020-12-09,2020-12-10,0.013592337008013877,0.025570271601194607,0.01163346555085911,0.012585884098174658,0.016626202058087847,0.018975171803666428,1.5379502493629265,0.02311459557340696,0.020717935148356625,0.018534358160100073,False,234,25924.424989858002,0.2082789360208485,0.0548142076564463,0.021288331544720988
QQQ,2020,2020-12-09,2020-12-10,0.021943096065533685,0.02645500601396476,0.011849216146183249,0.009472116767043416,0.012424961886620144,0.013574722691908486,2.1291820655363867,0.01868251895836132,0.014939344769087537,0.011062456646240282,False,331,31911.48955333681,0.24022804578519144,0.08349931039928919,0.01921800088616806
SPY,2020,2020-12-09,2020-12-10,0.010866044883088954,0.013751012507533121,0.00647208677575642,0.008228666195633854,0.008647271671248317,0.010824910806298172,1.590214003944672,0.009387724010235503,0.006814982805515735,0.0037222976361384053,False,881,108300.37349802011,0.12145226525686484,0.05238994586204025,0.016575944349228017
IWM,2020,2020-12-10,2020-12-11,0.018534358160100073,0.02311459557340696,0.011647279681757924,0.01257210698707028,0.017111997808118385,0.019362294240621268,1.350782990542506,0.018000937260188487,0.009105719656402167,0.0016316519271057928,False,229,27606.100850348113,0.157606010558841,0.06517212290996237,0.01822589660629584
QQQ,2020,2020-12-10,2020-12-11,0.011062456646240282,0.01868251895836132,0.01207079422921863,0.00832770817427008,0.012424961886620144,0.013290356869818581,1.5036278685473994,0.011668527622461409,0.007839971616311114,0.0034573603050520596,False,342,36488.09760885536,0.15958303042959382,0.0941796338343926,0.01781162937132357
SPY,2020,2020-12-10,2020-12-11,0.0037222976361384053,0.009387724010235503,0.00647280997002793,0.008132172964709698,0.00911239259451245,0.010795285920182671,1.0302150519599935,0.009536806048117415,0.0050424674394831115,0.003836650917789619,False,876,128243.25178634241,0.23000857966623828,0.11431742288942831,0.015200672108650538
IWM,2020,2020-12-11,2020-12-14,0.0016316519271057928,0.018000937260188487,0.008819689618331523,0.011871004448391212,0.017111997808118385,0.019011019067812378,1.0519483149798188,0.01687846489401557,0.010954296279581444,0.010575192577023884,False,190,21331.643949299127,0.230346135444471,0.18259804556713688,0.019666602693255184
QQQ,2020,2020-12-11,2020-12-14,0.0034573603050520596,0.011668527622461409,0.01171918565254802,0.00823782384244673,0.01200531804199418,0.013128008066936158,0.9719465641514293,0.010030282968284695,0.009799397361379247,0.0031675531714046024,False,264,26565.505304210474,0.09405466127797331,0.07220809956270717,0.020764035143712986
SPY,2020,2020-12-11,2020-12-14,0.003836650917789619,0.009536806048117415,0.004367094137788787,0.00773192559303178,0.00911239259451245,0.010504334564175034,1.0465754135593928,0.014458513347631825,0.011441307689982638,0.01079647034553144,False,792,111290.7722216117,0.20188608507491965,0.15839360040181466,0.016061537084182047
IWM,2020,2020-12-14,2020-12-15,0.010575192577023884,0.01687846489401557,0.009019428784057967,0.011439365129396105,0.017153820796307718,0.01864156935465999,0.9839478384692337,0.021745923489774915,0.016374632246542342,0.01522735843028622,True,188,25339.82305653789,0.22102525510087534,0.1854908265061881,0.0185776148228787
QQQ,2020,2020-12-14,2020-12-15,0.0031675531714046024,0.010030282968284695,0.012009764518933751,0.008182013963605194,0.011783529980691798,0.0131822424992276,0.8512120718256813,0.010379682227507318,0.0074315539590465995,0.0030029488605189947,True,267,29226.895005631708,0.1762922352082525,0.1374453853646345,0.020670730316448598
SPY,2020,2020-12-14,2020-12-15,0.01079647034553144,0.014458513347631825,0.004517634045333633,0.007309806695789099,0.00911239259451245,0.010426408284180103,1.586686833086938,0.009989066334035582,0.005960812405520377,0.005960812405520377,True,770,100649.09728952288,0.2532802197196032,0.21033457012782816,0.0166317145177255
IWM,2020,2020-12-15,2020-12-16,0.01522735843028622,0.021745923489774915,0.013374949256437412,0.01154852311542063,0.017715056979394177,0.01871651745383469,1.2275390090514169,0.01153077406701887,0.011245844182432574,0.005893553664204965,True,190,22356.67753671813,0.1453524402741994,0.06989364195522964,0.02294779311172018
QQQ,2020,2020-12-15,2020-12-16,0.0030029488605189947,0.010379682227507318,0.013218110547202889,0.008309805581081426,0.011576474924231944,0.013111751742330244,0.8966185557730106,0.010302285674273812,0.006792318020723442,0.004159891870383348,True,275,29372.258562264047,0.10084990295930871,0.06815992162593622,0.018265617678971925
SPY,2020,2020-12-15,2020-12-16,0.005960812405520377,0.009989066334035582,0.008431125495903856,0.007399159184343411,0.009462265029176459,0.010448931688025895,1.0556739113980378,0.006192224594582953,0.003623374374972288,0.0009464228451241397,True,916,115628.77645544964,0.325955256589264,0.26492500778582184,0.013038863506182446
IWM,2020,2020-12-16,2020-12-17,0.005893553664204965,0.01153077406701887,0.012672786897128276,0.011694972738615084,0.017153820796307718,0.018022080080895484,0.6721985850231581,0.011913969984700463,0.008473317883609832,0.008011079919995723,True,222,34729.996363288505,0.02834044706289506,0.02189349377598942,0.02239546965881232
QQQ,2020,2020-12-16,2020-12-17,0.004159891870383348,0.010302285674273812,0.0047621732072900234,0.00823058592180904,0.011576474924231944,0.013264319215164942,0.8899328804063669,0.00595555985209934,0.004007854732428928,0.001191111970419767,True,332,37955.56398223386,0.22038448387436316,0.15647609531413278,0.017984468760656503
SPY,2020,2020-12-16,2020-12-17,0.0009464228451241397,0.006192224594582953,0.006894909848570178,0.007246184821158378,0.00892260308697137,0.010175398466480065,0.6939930572082413,0.0037909438427008147,0.002398638128871422,0.000806548881538971,True,926,116044.79736827835,0.19930938850518723,0.116377214413296,0.015535715533197443
IWM,2020,2020-12-17,2020-12-18,0.008011079919995723,0.011913969984700463,0.012923713658588463,0.01098019386278363,0.016836641905826236,0.01755922796008924,0.7076215109485516,0.015411213925490141,0.009291568430380481,0.006459510037731375,True,221,28560.996318893154,0.07981233005586125,0.05649942299413239,0.02201543395890535
QQQ,2020,2020-12-17,2020-12-18,0.001191111970419767,0.00595555985209934,0.00475891722902223,0.007904308718116792,0.011024104924984363,0.013056934026811826,0.5402306937955589,0.014021772391119685,0.01316608206303238,0.005133819177035925,True,323,39215.02026810642,0.24608231549819803,0.1945650073470433,0.016717309194386576
SPY,2020,2020-12-17,2020-12-18,0.000806548881538971,0.0037909438427008147,0.006941568820436925,0.006575694264354976,0.008011399917220146,0.009755411924465576,0.4731936842339315,0.011132988837971872,0.010762389856875387,0.004825211038714028,True,974,138115.5357530389,0.2025590092591489,0.17409355119898898,0.014454475214824737
IWM,2020,2020-12-18,2020-12-21,0.006459510037731375,0.015411213925490141,0.012908832994002355,0.011206350146021532,0.016836641905826236,0.017614976199415447,0.9153377503477796,0.02240752052382733,0.020218890079305885,0.017404959369000217,True,186,19293.61250960217,0.22201054106710083,0.041095477583876744,0.021484246617755724
QQQ,2020,2020-12-18,2020-12-21,0.005133819177035925,0.014021772391119685,0.005090729645892838,0.007964768352002398,0.011024104924984363,0.013095967994663116,1.2719193518687935,0.019154197222667292,0.009821868594766414,0.008027220652771172,True,266,20291.619823552308,0.1306239893735021,0.04306594917650699,0.02090227296827649
SPY,2020,2020-12-18,2020-12-21,0.004825211038714028,0.011132988837971872,0.008534976889921837,0.006953689269659179,0.008011399917220146,0.009891006409345404,1.3896433773131223,0.045017378471733004,0.03696191519646952,0.007918415544273083,True,788,72439.90384282288,0.28190217656047695,0.14520695015848606,0.015576999820754344
IWM,2020,2020-12-21,2020-12-22,0.017404959369000217,0.02240752052382733,0.012722195915445484,0.01124046117576739,0.017153820796307718,0.018120618748150717,1.3062699435830907,0.011888370660492458,0.00882695892163432,0.007500388690760973,False,208,25510.885868590456,0.18332217678959645,0.0426783207797864,0.021925644413998913
QQQ,2020,2020-12-21,2020-12-22,0.008027220652771172,0.019154197222667292,0.006295375817562663,0.007789146889872074,0.011783529980691798,0.01366229198488807,1.6255058759177334,0.012457593272639615,0.009776763696683677,0.0002904513026233957,False,272,24861.277683233056,0.19518262894722485,0.07926282383483602,0.01921563968784163
SPY,2020,2020-12-21,2020-12-22,0.007918415544273083,0.045017378471733004,0.008382733148890896,0.006780997474971064,0.00892260308697137,0.011762638197012983,5.045318953777804,0.006246402450622663,0.00595577598298358,0.002634369634756273,False,935,76953.24212090358,0.1271836704287537,0.07134926808991812,0.018185094929413514
IWM,2020,2020-12-22,2020-12-23,0.007500388690760973,0.011888370660492458,0.008164492462726094,0.010877947935687804,0.016836641905826236,0.017490943111329052,0.7061010578587258,0.008813012718192915,0.00543882022677411,0.0028704841839433115,False,196,25304.6339784859,0.09899122036716909,0.06944806575004094,0.023319127124699544
QQQ,2020,2020-12-22,2020-12-23,0.0002904513026233957,0.012457593272639615,0.004744738077613301,0.00775608508146226,0.011783529980691798,0.013481207457580061,1.0572038508878343,0.006907408242868741,0.005745971187420373,0.005196686240759529,False,266,28826.092172509758,0.19220961931874253,0.09073692151382771,0.018066631872633063
SPY,2020,2020-12-22,2020-12-23,0.002634369634756273,0.006246402450622663,0.005218851062598759,0.0067457083512156854,0.008011399917220146,0.011519432393505393,0.7796892572041374,0.006516764158899233,0.0036385259648423762,0.0019278577642866113,False,908,93391.58709880503,0.1956512033312419,0.12863292929270512,0.01658021911916999
IWM,2020,2020-12-23,2020-12-24,0.0028704841839433115,0.008813012718192915,0.007540012445163319,0.010396799437993803,0.016144839409752854,0.016767970391646726,0.5458718104603201,0.009403315918993863,0.009441558821762008,0.004601601573793079,False,247,27550.79934792401,0.21021522093876646,0.12837647061711724,0.022139022352046574
QQQ,2020,2020-12-23,2020-12-24,0.005196686240759529,0.006907408242868741,0.00492243627217993,0.007529825089154899,0.011024104924984363,0.012905457628137251,0.6265731585350036,0.005284061201361899,0.005024760225743163,0.0035335570187609022,False,331,33833.02664270659,0.18775946728014178,0.1253651379993039,0.016579332375453483
SPY,2020,2020-12-23,2020-12-24,0.0019278577642866113,0.006516764158899233,0.005135775436813407,0.005785276990681576,0.007543908315498339,0.010957981218490955,0.8638445599227494,0.004292508775006229,0.002580993918952723,0.002499493211521653,False,915,91793.07814983296,0.21598216877411552,0.14960778714792553,0.016152741398191083
IWM,2020,2020-12-24,2020-12-28,0.004601601573793079,0.009403315918993863,0.006842705649497918,0.010311592306788724,0.016144839409752854,0.016583178484855396,0.5824347756171214,0.015161999092482854,0.015292982913360564,0.014366669999185344,False,196,24123.70551254469,0.13834188871711126,0.08409754799163915,0.02515958753214739
QQQ,2020,2020-12-24,2020-12-28,0.0035335570187609022,0.005284061201361899,0.004202473133109419,0.007493198049012589,0.011024104924984363,0.01278131890282968,0.4793188415130577,0.008999289275170136,0.006089749766860386,0.0013770782250801528,False,272,27654.222662229957,0.16977707453612526,0.09406997621518451,0.019563680436169864
SPY,2020,2020-12-24,2020-12-28,0.002499493211521653,0.004292508775006229,0.004583467252088762,0.005806351758926049,0.007543908315498339,0.010933381525789158,0.5690033064409894,0.0040888498778771445,0.002286560837804208,0.0011567848621512056,False,878,83224.92583663066,0.24071851195802846,0.14858636517653348,0.015017110432688172
IWM,2020,2020-12-28,2020-12-29,0.014366669999185344,0.015161999092482854,0.006542522934678631,0.010458025767734904,0.016144839409752854,0.017003588014482346,0.9391235618809388,0.02799032206845392,0.026881704314583477,0.021194153880402133,False,209,31606.311925720875,0.08962240456476399,0.06994004170876006,0.024067835795910788
QQQ,2020,2020-12-28,2020-12-29,0.0013770782250801528,0.008999289275170136,0.006182348966304987,0.007538018983043149,0.011024104924984363,0.01270793105977552,0.8163283401607229,0.008470000845416143,0.0064737013158169265,0.0034707733808579944,False,269,31346.38647581472,0.1554803574935652,0.12937746237436157,0.01658429402623805
SPY,2020,2020-12-28,2020-12-29,0.0011567848621512056,0.0040888498778771445,0.004800688092809976,0.00604661470670127,0.007543908315498339,0.011199237764502289,0.5420068360954148,0.00848027995087928,0.00803605720743783,0.006286632564307615,False,851,84981.69282719167,0.1427702922212355,0.09960312511466553,0.014642402280519912
IWM,2020,2020-12-29,2020-12-30,0.021194153880402133,0.02799032206845392,0.012124903549551086,0.010592364952541252,0.016144839409752854,0.017307384190629153,1.7337008661445954,0.012560865982617107,0.012458306268964492,0.006972574155718725,False,214,40609.49097657744,0.23045707881786304,0.1519046774196725,0.01960235574137685
QQQ,2020,2020-12-29,2020-12-30,0.0034707733808579944,0.008470000845416143,0.0054874331090780685,0.007544157508993165,0.010340983950890566,0.012265422319919466,0.8190710754063889,0.006875489040395283,0.005859242367111994,0.0037878865149433283,False,272,34789.246052038245,0.20262832315144125,0.17353378138979575,0.01518171278993729
SPY,2020,2020-12-29,2020-12-30,0.006286632564307615,0.00848027995087928,0.004389461518837396,0.005949263151319877,0.007543908315498339,0.011006427450981824,1.124122881167212,0.004109144315262961,0.002072258251457848,0.0009400174758502633,False,925,98165.82486334388,0.33179340572398547,0.2365272168083768,0.01332080618644116
IWM,2020,2020-12-30,2020-12-31,0.006972574155718725,0.012560865982617107,0.011835905552176609,0.01061959532566475,0.015286606508986497,0.01720784961437718,0.8216909341673042,0.011290821258438043,0.01027643638977449,0.0028481211092492575,False,262,43131.234657179826,0.13962820767540235,0.12256524989120499,0.019563342792561247
QQQ,2020,2020-12-30,2020-12-31,0.0037878865149433283,0.006875489040395283,0.005604891245155419,0.007128115058420519,0.010166284321279254,0.011689344853314717,0.6763030447617974,0.007926552585591044,0.004378799944284806,0.0027806920790267586,False,341,41742.99441185969,0.2916472875013072,0.25976285770476215,0.013085976748442484
SPY,2020,2020-12-30,2020-12-31,0.0009400174758502633,0.004109144315262961,0.003941580022005176,0.00550157405688913,0.0074507106723053825,0.010451066192583474,0.5515103855175628,0.00922586660671175,0.007746529916264233,0.005648518237696409,False,903,90441.72835440573,0.1802288167618235,0.14080524663164543,0.013500408269468345
IWM,2020,2020-12-31,2021-01-04,0.0028481211092492575,0.011290821258438043,0.01059708764619674,0.010675090683210688,0.015286606508986497,0.017028604199099157,0.7386087456232054,0.03518273354487389,0.034565783808198525,0.020451520823335012,False,228,22131.47247042072,0.04507442664493545,0.0,0.024643143273566728
QQQ,2020,2020-12-31,2021-01-04,0.0027806920790267586,0.007926552585591044,0.00399926875367756,0.007130500448802094,0.009514786121727415,0.01145119432596227,0.8330773266138297,0.03208408599892848,0.03253815097351653,0.01840623294275423,False,280,18664.594466264214,0.15294046238594775,0.0,0.02154612998885163
SPY,2020,2020-12-31,2021-01-04,0.005648518237696409,0.00922586660671175,0.0039393882540645474,0.00557777947722367,0.007896792918792472,0.010535073364804281,1.1683055009276488,0.028323265972026054,0.02875387869024526,0.017372276401067532,False,813,59323.78076259246,0.17344499550917392,0.053884988891395556,0.01622772030310841
IWM,2021,2021-01-04,2021-01-05,0.020451520823335012,0.03518273354487389,0.011317961106532201,0.011282727642551126,0.016144839409752854,0.01817496250350832,2.17919377529519,0.02356407830163645,0.023460556555036538,0.017608416902777924,False,248,25389.93084940298,0.09222221589249047,0.061882190145545135,0.022050695604966464
QQQ,2021,2021-01-04,2021-01-05,0.01840623294275423,0.03208408599892848,0.008771056214635411,0.007953468308793612,0.010166284321279254,0.012675698674461524,3.1559304250199487,0.0124882610425392,0.012488261042539195,0.011579930285416484,False,284,23902.505315865186,0.16146189831590146,0.0462067150836158,0.02065153134406823
SPY,2021,2021-01-04,2021-01-05,0.017372276401067532,0.028323265972026054,0.008523454432106376,0.006462180582339821,0.008468881057293258,0.011589957952251538,3.344392934605515,0.012089139182953002,0.011953256787632371,0.008774736254260507,False,894,57184.63783313636,0.21972157706392964,0.05414302974083404,0.017990433230414223
IWM,2021,2021-01-05,2021-01-06,0.017608416902777924,0.02356407830163645,0.014803345337227294,0.010646392841749173,0.016144839409752854,0.018119156561539028,1.4595424397595276,0.03819929456783885,0.03659516346555658,0.025315836975730477,False,229,27671.192285331716,0.05354573528665263,0.02002059359714892,0.024691820689383328
QQQ,2021,2021-01-05,2021-01-06,0.011579930285416484,0.0124882610425392,0.008260691615359687,0.008095790355482692,0.010340983950890566,0.012962833676982196,1.207647270496316,0.01921822116118689,0.01589578137723935,0.0017589854883448552,False,279,27236.21469080621,0.09691984893705749,0.046829700332300765,0.02017838944791102
SPY,2021,2021-01-05,2021-01-06,0.008774736254260507,0.012089139182953002,0.008114205706475721,0.0063557454796271794,0.008853073278795514,0.011762401810790612,1.3655302291361768,0.021259949827716954,0.019664114303855174,0.010386509498370389,False,968,73226.79930440488,0.2502352195920366,0.10389972067475148,0.016677263908708734
IWM,2021,2021-01-06,2021-01-07,0.025315836975730477,0.03819929456783885,0.020344231691412612,0.013708159736433917,0.017439701077102028,0.02033644112893144,2.1903640663883706,0.013708654086727272,0.013659994491674432,0.011958540541490814,False,252,17336.261800843928,0.19754751161681447,0.03176888664057058,0.021794564608766862
QQQ,2021,2021-01-06,2021-01-07,0.0017589854883448552,0.01921822116118689,0.010073025190814744,0.008667546793698737,0.011024104924984363,0.01356345450376933,1.7432908423823035,0.018015973829711165,0.017919290900051177,0.015147648013156045,False,356,34497.17284140942,0.1140316397392752,0.06675365264762385,0.018551937108446312
SPY,2021,2021-01-06,2021-01-07,0.010386509498370389,0.021259949827716954,0.008510796885745416,0.006457515907139703,0.009306795308473627,0.012532806549278347,2.284346987663976,0.010608854479190882,0.010103663204735103,0.007976601838113995,False,1002,66226.34383813509,0.1911179551560171,0.07561844299865618,0.01772234058188788
IWM,2021,2021-01-07,2021-01-08,0.011958540541490814,0.013708654086727272,0.020612464670005524,0.013915452757596257,0.016144839409752854,0.02027670942042176,0.8491043942156575,0.024412385016003794,0.02276948880448071,0.0076438278594045395,False,239,19901.02870234611,0.14037273073412648,0.1113111004432145,0.020672651435692458
QQQ,2021,2021-01-07,2021-01-08,0.015147648013156045,0.018015973829711165,0.016131806723926088,0.010198273977557832,0.011024104924984363,0.0143188925922023,1.6342346115448207,0.013581736074587755,0.007172812815601226,0.005325526126265023,False,355,33312.267853164674,0.14573386019004142,0.0625381537715146,0.019020831061460543
SPY,2021,2021-01-07,2021-01-08,0.007976601838113995,0.010608854479190882,0.010505068888261034,0.007191176466551178,0.009462265029176459,0.012961456070002087,1.1211749455842726,0.011534680819518741,0.009254813518663862,0.001760459902208078,False,1016,76016.47246502813,0.29212028729593237,0.11070496483837491,0.01358759663958392
IWM,2021,2021-01-08,2021-01-11,0.0076438278594045395,0.024412385016003794,0.020675910404208676,0.013733889325840314,0.016144839409752854,0.020217383259702938,1.512085961118736,0.016041705323903126,0.014773995969578513,0.011945960271049882,False,202,14825.93544085008,0.10576020895686813,0.09451971773268708,0.020278777964050632
QQQ,2021,2021-01-08,2021-01-11,0.005325526126265023,0.013581736074587755,0.01695430527793449,0.00884375706720252,0.011024104924984363,0.013697131233764264,1.2320035201957242,0.010886772333060943,0.007107604737300877,0.004937013432350423,False,279,19179.711884988006,0.22149079310585867,0.19594658993731578,0.019401796609249032
SPY,2021,2021-01-08,2021-01-11,0.001760459902208078,0.011534680819518741,0.010526913935226829,0.006836869324611888,0.009462265029176459,0.012851587511838245,1.2190189963980171,0.007569102303465306,0.0072250375139655265,0.00222309467863413,False,901,59596.343535080036,0.28062135471750066,0.2396857080388804,0.015867712137545526
IWM,2021,2021-01-11,2021-01-12,0.011945960271049882,0.016041705323903126,0.017486167649368275,0.013736003389789135,0.015726459624696633,0.019863651226215646,1.0200455605857681,0.013907509289588935,0.013763644055164281,0.013140179254911288,True,196,19601.56283006677,0.10913301575698423,0.09933547647509905,0.020199994271214536
QQQ,2021,2021-01-11,2021-01-12,0.004937013432350423,0.010886772333060943,0.017040309991632564,0.009648282878879953,0.010633227280284131,0.013597023954122883,1.0238446001475892,0.013928558431128979,0.010475511311606622,0.0017171597087602963,True,287,27420.50084337175,0.16764191164257458,0.1402999468646353,0.019228941436257366
SPY,2021,2021-01-11,2021-01-12,0.00222309467863413,0.007569102303465306,0.007737230347751427,0.007094873152280349,0.009381336327414582,0.012848346218664316,0.8068255991789272,0.009237509210285105,0.006722365276190745,0.0003167822590336433,True,944,72689.01743257917,0.3051509979092389,0.2572937393609945,0.015392859905560033
IWM,2021,2021-01-12,2021-01-13,0.013140179254911288,0.013907509289588935,0.017564215945355163,0.013888029643648247,0.015286606508986497,0.019897020872343376,0.9097839524693178,0.012013401003271008,0.010707922024153271,0.007945857891398789,True,189,16083.05300022336,0.10857398526401413,0.10038622632856709,0.01849202804815833
QQQ,2021,2021-01-12,2021-01-13,0.0017171597087602963,0.013928558431128979,0.01690820899003325,0.009635012255823621,0.010633227280284131,0.013624165187423445,1.3099088417826796,0.010471300810907575,0.008497988126322298,0.0058881762282065875,True,284,32538.204790186886,0.19397601613363752,0.16728751741272857,0.01752766758021397
SPY,2021,2021-01-12,2021-01-13,0.0003167822590336433,0.009237509210285105,0.007974995543605154,0.007072818955955564,0.009231687908498428,0.012836004802688225,1.0006305782695837,0.007948399029923166,0.005730235538742523,0.002904766686270932,True,991,91771.0406847813,0.358109623305488,0.3153684302663881,0.013401268746094031
IWM,2021,2021-01-13,2021-01-14,0.007945857891398789,0.012013401003271008,0.011874421230044537,0.01407886797003365,0.014534754191035894,0.019646889412500014,0.8265293547709328,0.01832037027338904,0.017799632688220157,0.012781655358977684,True,242,25722.9186256055,0.26396821825483835,0.22630703497469734,0.019442785173376248
QQQ,2021,2021-01-13,2021-01-14,0.0058881762282065875,0.010471300810907575,0.014606164810590381,0.009621263497442188,0.010679036571984258,0.013452473781085411,0.9805473312431887,0.011595619044974328,0.008411440679449322,0.006793029688734187,True,347,34435.03643415027,0.22259608791149424,0.19213839734012483,0.015308407976247895
SPY,2021,2021-01-13,2021-01-14,0.002904766686270932,0.007948399029923166,0.007906365668402767,0.006923429195263039,0.008853073278795514,0.012505796910311442,0.8978124070158571,0.007961320077910875,0.006585533441364921,0.005596586624209254,True,961,84659.32879336567,0.39250669659922943,0.3446432266820108,0.012074369917187432
IWM,2021,2021-01-14,2021-01-15,0.012781655358977684,0.01832037027338904,0.012481060671164083,0.01374469495305878,0.014534754191035894,0.019590002139191813,1.2604527075310203,0.027038623751451614,0.014942408765020287,0.0002846049015159391,True,222,14155.483805567645,0.10414604704752775,0.06787616649030404,0.02162731156778614
QQQ,2021,2021-01-14,2021-01-15,0.006793029688734187,0.011595619044974328,0.010609294299526128,0.009525102065944353,0.011241195689017635,0.013498629461970803,1.0315289730524801,0.014452642136543258,0.011430286766790365,0.007226369643029917,True,368,40117.281347479104,0.25156600869153223,0.2229336639779237,0.015251244915756289
SPY,2021,2021-01-14,2021-01-15,0.005596586624209254,0.007961320077910875,0.004922519486532907,0.006471753917444865,0.008220800014395077,0.01222873027107729,0.968436169712213,0.010299358549219356,0.00808131901263831,0.0027075520555498445,True,962,104457.23331269383,0.41946693706663474,0.37045627577484175,0.012097202389339737
IWM,2021,2021-01-15,2021-01-19,0.0002846049015159391,0.027038623751451614,0.015408130362617907,0.014329620841456711,0.015286606508986497,0.020344282777196965,1.7687786845011344,0.008859095444320867,0.007651592234305671,0.000515611757006651,True,194,8377.252747306951,0.23601693927653428,0.18324794551966014,0.01771512967992405
QQQ,2021,2021-01-15,2021-01-19,0.007226369643029917,0.014452642136543258,0.007850605458545545,0.009676267530822699,0.012026606158806971,0.013704954248727388,1.2017224099385446,0.012124097242939539,0.008528218538683463,0.006873520006712486,True,296,12993.475514992224,0.1380363597939178,0.07852698038667187,0.019129232264503113
SPY,2021,2021-01-15,2021-01-19,0.0027075520555498445,0.010299358549219356,0.004340720456514395,0.006743277000790443,0.008853073278795514,0.01254778797514847,1.1633653336958047,0.006554979675247602,0.004220295521939255,0.0008193623766832303,True,928,38249.94212728892,0.1758273461689212,0.10774104718013167,0.01620557299290861
IWM,2021,2021-01-19,2021-01-20,0.000515611757006651,0.008859095444320867,0.015761273032356502,0.01435641321250459,0.015286606508986497,0.020404189135059366,0.5795331644804813,0.013575239760378072,0.007557357308149104,0.00013994578844678252,False,206,14777.99662992506,0.09689774245031048,0.06696882358480506,0.021663004637790514
QQQ,2021,2021-01-19,2021-01-20,0.006873520006712486,0.012124097242939539,0.009272711310420173,0.010098645760879547,0.012290845257789576,0.014152104115289735,0.9864331531841264,0.025707440782708067,0.014368636769723997,0.011338708687261834,False,291,16368.87594113929,0.1443260321614714,0.08313029240710777,0.019268347322035122
SPY,2021,2021-01-19,2021-01-20,0.0008193623766832303,0.006554979675247602,0.005796474395138346,0.006846595962523319,0.008853073278795514,0.012708263161725413,0.7404185494485622,0.010758065285887203,0.009656066056533907,0.0072945590609767574,False,956,46322.54947166369,0.3101103446342824,0.2135048730059248,0.01432914590950852
IWM,2021,2021-01-20,2021-01-21,0.00013994578844678252,0.013575239760378072,0.01423190292528557,0.014194694979880467,0.014534754191035894,0.02031402797165774,0.9339848188661086,0.014932347283989508,0.014248663911037518,0.01135043228148458,False,248,24440.048421243777,0.1634388371210935,0.10338314708795528,0.021390465293393987
QQQ,2021,2021-01-20,2021-01-21,0.011338708687261834,0.025707440782708067,0.01317668530303705,0.011208966100382816,0.012290845257789576,0.014765855587617643,2.091592583220869,0.010456693711539192,0.0060895310579598405,0.0037213331625136625,False,355,21732.30745821993,0.2295780884982222,0.13258322475661632,0.01954750391714244
SPY,2021,2021-01-20,2021-01-21,0.0072945590609767574,0.010758065285887203,0.008498961695511965,0.007076956984024217,0.008853073278795514,0.012817879507288677,1.2151786105345408,0.004421473250824988,0.00323546049412915,0.0006502119856165445,False,985,62369.78237843918,0.264553805904814,0.16234117425510353,0.015939722797750362
IWM,2021,2021-01-21,2021-01-22,0.01135043228148458,0.014932347283989508,0.014518551063986057,0.014468963908725024,0.014419928286789221,0.019962019372618788,1.0355354747269956,0.02745973028864113,0.022993948461119684,0.02142616936262276,False,255,32930.330137334764,0.10738803317013551,0.06947516852813311,0.018283361769087673
QQQ,2021,2021-01-21,2021-01-22,0.0037213331625136625,0.010456693711539192,0.013199946237412073,0.011189452392577915,0.011859858143956934,0.01424918626335058,0.8816879244771819,0.005379814793045906,0.0035967379243826425,0.00039965839527011937,False,362,23064.280895638978,0.21306545127235732,0.11481617309695907,0.016506315182890856
SPY,2021,2021-01-21,2021-01-22,0.0006502119856165445,0.004421473250824988,0.008537510077218289,0.006961777712299125,0.008220800014395077,0.01081409783156486,0.5378397775256353,0.005990866042961085,0.0049182599942771965,0.0016481488104971298,False,952,91290.07364378414,0.378680147217896,0.28358470050266094,0.011993435823733037
IWM,2021,2021-01-22,2021-01-25,0.02142616936262276,0.02745973028864113,0.012355960341464198,0.014475488151920492,0.01504717318823618,0.020686712477404556,1.8249095657454808,0.029358385398134214,0.015737176163580058,0.00065137204866339,False,190,15294.705871938757,0.16256135044345857,0.08126990367179635,0.024457580902089764
QQQ,2021,2021-01-22,2021-01-25,0.00039965839527011937,0.005379814793045906,0.012681503274798585,0.011261633335492752,0.011241195689017635,0.01389254029162151,0.47858029891801007,0.027089488197089496,0.023334681293506243,0.0024323319498933405,False,292,17481.080902045527,0.20553582540172213,0.10423211319773563,0.02096740972310254
SPY,2021,2021-01-22,2021-01-25,0.0016481488104971298,0.005990866042961085,0.008543951818748858,0.0070283136790549785,0.008220800014395077,0.010813784570395578,0.7287448949580024,0.016446418374529186,0.013766374492123035,0.001876615830021633,False,870,66669.87585091691,0.1707951043915818,0.1101348671769699,0.015548622131879969
IWM,2021,2021-01-25,2021-01-26,0.00065137204866339,0.029358385398134214,0.008961129901508477,0.014487899968296403,0.01560185220819299,0.021599614342329303,1.881724362362391,0.01812296862523533,0.016590678706649653,0.013869625324425594,False,190,19277.160427202638,0.10193243185517856,0.04151793342716203,0.024035229699553344
QQQ,2021,2021-01-25,2021-01-26,0.0024323319498933405,0.027089488197089496,0.009611459754150219,0.011183869788964738,0.011859858143956934,0.014916114712669784,2.2841325645107027,0.007723912111232649,0.004981373011220924,0.0007906637092873758,False,305,18820.313579731228,0.0951844033064278,0.05605054804546686,0.020514577415316072
SPY,2021,2021-01-25,2021-01-26,0.001876615830021633,0.016446418374529186,0.0066372665546628575,0.007033651897027421,0.008853073278795514,0.011311041241796525,1.8577072454512393,0.005993610795372439,0.0048756194282884024,0.004203303240171596,False,820,62989.37039297453,0.2594615332421781,0.14104369701039854,0.01543810856948782
IWM,2021,2021-01-26,2021-01-27,0.013869625324425594,0.01812296862523533,0.008347806630348217,0.014658712010855031,0.017082336974569227,0.022040102194163115,1.060918576434554,0.027207695498955846,0.01665873743753732,0.0005250625792437846,False,187,24851.214770270228,0.11996397133181219,0.07053296177459738,0.021679598306792374
QQQ,2021,2021-01-26,2021-01-27,0.0007906637092873758,0.007723912111232649,0.009916682573930713,0.011186403295287209,0.011859858143956934,0.01500792230360902,0.6512651346650624,0.027309518161634468,0.028043940083382957,0.02093427599278941,False,282,19670.302994905556,0.18413082923539761,0.10550523643518038,0.020996920941069
SPY,2021,2021-01-26,2021-01-27,0.004203303240171596,0.005993610795372439,0.0068172541182493955,0.007072790880833257,0.008853073278795514,0.01139659377430646,0.6770090573776304,0.021855761222224906,0.022069275663444188,0.015280620535323308,False,739,79859.22793056263,0.2766701057642224,0.17331581636085255,0.015203279173259539
IWM,2021,2021-01-27,2021-01-28,0.0005250625792437846,0.027207695498955846,0.01103260728708868,0.015387390138410919,0.018221669449312184,0.02268262823504078,1.493150535665263,0.022481456633962022,0.015460152095502,0.010054995038939474,False,248,29970.48515065122,0.18366448428259882,0.10167552712043747,0.02175642019274813
QQQ,2021,2021-01-27,2021-01-28,0.02093427599278941,0.027309518161634468,0.014882203679975647,0.013002720998984748,0.01230617914273937,0.01613365221483319,2.219171185862921,0.019927072631870962,0.017931205785463256,0.0020269868377662537,False,361,22744.931378226618,0.16921518746883005,0.07721853007659968,0.02113267047972702
SPY,2021,2021-01-27,2021-01-28,0.015280620535323308,0.021855761222224906,0.011256240797542234,0.009034869949351706,0.009231687908498428,0.012444837664974923,2.36747184684451,0.01604840647897712,0.014799679936791765,0.0033744807649083164,False,852,58489.37198041098,0.12889109767393753,0.07684586718247959,0.020038304140856122
IWM,2021,2021-01-28,2021-01-29,0.010054995038939474,0.022481456633962022,0.010803693112816601,0.014561620653990855,0.018221669449312184,0.022412357351642175,1.2337759005287319,0.02932346007036082,0.023872288015384546,0.01988269801122089,False,245,38850.62700770596,0.13758836519618164,0.11259279624029066,0.018459915623988517
QQQ,2021,2021-01-28,2021-01-29,0.0020269868377662537,0.019927072631870962,0.014536300276358324,0.013045978057289784,0.013034998558563477,0.016802436327629976,1.5287360825045635,0.024907665653456548,0.021805782688622433,0.015708083186043664,False,368,27438.569387412128,0.16861422032104878,0.09677506865431988,0.018449513881447603
SPY,2021,2021-01-28,2021-01-29,0.0033744807649083164,0.01604840647897712,0.012688963082665566,0.009201333153226545,0.00976843387975223,0.013023200434891465,1.6428842818132663,0.02236249582001072,0.019985380532507646,0.014801792951360082,False,817,78852.11964439494,0.1415058642887523,0.1014672617908046,0.01637653674345541
IWM,2021,2021-01-29,2021-02-01,0.01988269801122089,0.02932346007036082,0.007533305056171431,0.015056368291848973,0.02040091345367553,0.023101280361050948,1.437360152374832,0.027909943164180454,0.01633284904251231,0.011721201243543256,False,206,20309.721005251045,0.17045112289088035,0.05459742775672259,0.022173506139132992
QQQ,2021,2021-01-29,2021-02-01,0.015708083186043664,0.024907665653456548,0.01661197848620066,0.013979599153672197,0.013755147252858367,0.017789348775732714,1.8107887320712361,0.023639684000925573,0.017069640826767207,0.013548861320428651,False,292,16244.582813608493,0.17005531590215447,0.038736719665022235,0.023768196827827166
SPY,2021,2021-01-29,2021-02-01,0.014801792951360082,0.02236249582001072,0.014713364682987354,0.01031466882536813,0.010454106514205119,0.0140417583089891,2.139111151165754,0.018623545521631982,0.009686383135404375,0.006716284270112505,False,886,44949.18550638089,0.12531706653694621,0.058822241770751224,0.021649094187219654
IWM,2021,2021-02-01,2021-02-02,0.011721201243543256,0.027909943164180454,0.01698995276492133,0.015806571903843932,0.023022767467799236,0.023997998396750115,1.2122757702008091,0.014825258046425377,0.010716461251727205,0.0021581361812779143,False,192,18867.87763508218,0.15152469690557066,0.04796866987373118,0.022793259367243406
QQQ,2021,2021-02-01,2021-02-02,0.013548861320428651,0.023639684000925573,0.02136859896767939,0.01502714941491147,0.014190600283836119,0.018820540186839648,1.6658692041275016,0.010937684153953431,0.010415337398405722,0.0067591913948459315,False,298,19451.91283436045,0.10290617056105535,0.04251034772157793,0.020224279441828454
SPY,2021,2021-02-01,2021-02-02,0.006716284270112505,0.018623545521631982,0.017785321582126232,0.010932410880487308,0.010683459882539043,0.014562970480785692,1.74321294097525,0.018174618747302633,0.009403417309660655,0.005004593512524691,False,1005,57363.99988483206,0.14230491855556782,0.07184625897216484,0.019100785682867973
IWM,2021,2021-02-02,2021-02-03,0.0021581361812779143,0.014825258046425377,0.01858094475803367,0.015457976132950576,0.02040091345367553,0.023042258494566377,0.7266957962489853,0.014740333178555753,0.009972118941682373,0.002573715767955953,False,199,19926.8891029811,0.10780978909847595,0.05140542622949048,0.023291304711502533
QQQ,2021,2021-02-02,2021-02-03,0.0067591913948459315,0.010937684153953431,0.02315527291587007,0.014905510640905326,0.013755147252858367,0.01820957611833212,0.7951702699279023,0.011764007023983806,0.01072566781515949,0.010429938648399473,False,284,21759.000365713495,0.08861470267039519,0.03961701553699089,0.021034994673501152
SPY,2021,2021-02-02,2021-02-03,0.005004593512524691,0.018174618747302633,0.0196465846049474,0.010824842066187631,0.010683459882539043,0.014070342439160813,1.7011922118046305,0.008419624516649411,0.005151365113760242,0.001542716070819572,False,952,78919.7197103011,0.3009678337765496,0.16528438522360928,0.015455064956774626
IWM,2021,2021-02-03,2021-02-04,0.002573715767955953,0.014740333178555753,0.015368195472149404,0.015267347391293195,0.018221669449312184,0.022603878227003663,0.8089452626478283,0.017434562573096262,0.017388095945144677,0.016411729226827987,False,235,22690.06649084969,0.18104994184589965,0.10867143773480158,0.021424660775876597
QQQ,2021,2021-02-03,2021-02-04,0.010429938648399473,0.011764007023983806,0.017924774424701456,0.014929237943867484,0.013755147252858367,0.01817926392149021,0.8552439903207292,0.01180524382503603,0.00765657736553127,0.007382047636167677,False,363,28218.456103305296,0.2623353875344003,0.1496245798542022,0.01797072920349754
SPY,2021,2021-02-03,2021-02-04,0.001542716070819572,0.008419624516649411,0.014757698641022896,0.010758450380337828,0.010454106514205119,0.013888979631916116,0.805389203296213,0.011149961115906156,0.008564860174647304,0.008434330108624488,False,957,78103.84627291017,0.3074810563846775,0.1357919633961985,0.015018572749592476
IWM,2021,2021-02-04,2021-02-05,0.016411729226827987,0.017434562573096262,0.01595032302302545,0.013242452824602036,0.017778765599165795,0.021054271378104967,0.9806396555402201,0.013895139094351444,0.009919084548002166,0.003213503427322628,False,242,17344.86282686346,0.09957461519046487,0.0481182811712645,0.020917988812900464
QQQ,2021,2021-02-04,2021-02-05,0.007382047636167677,0.01180524382503603,0.01823839733023048,0.014559033284266304,0.012852916658763647,0.017838447624847813,0.9184875416574595,0.008664920918453608,0.005128523799552864,0.0004226318771314297,False,364,32015.97431955987,0.17066853441911722,0.09393631118652611,0.018462058385765895
SPY,2021,2021-02-04,2021-02-05,0.008434330108624488,0.011149961115906156,0.015021251850233135,0.010943565883661919,0.010454106514205119,0.013405450624403834,1.066562800059049,0.006002026014937418,0.00533484611914492,0.0012622893780122046,False,1061,87369.21735712503,0.28422559640861084,0.1780953736456089,0.014232155787097796
IWM,2021,2021-02-05,2021-02-08,0.003213503427322628,0.013895139094351444,0.008160749480199105,0.013045268585779589,0.017778765599165795,0.020815300948664427,0.7815581468155147,0.017561142376663345,0.015818439837011367,0.015729051244754988,False,205,9856.150308206757,0.03454958572725214,0.011538596838634368,0.021218604504105624
QQQ,2021,2021-02-05,2021-02-08,0.0004226318771314297,0.008664920918453608,0.01123919768363388,0.013735366351691461,0.011964670533987785,0.01692356341988239,0.7242089026889083,0.0069948559879087725,0.005099430984978115,0.0014409500448968604,False,302,20307.767143179866,0.14293605951518124,0.04587167618840493,0.02252722954766958
SPY,2021,2021-02-05,2021-02-08,0.0012622893780122046,0.006002026014937418,0.006761663523966061,0.010517842312782794,0.00976843387975223,0.012857159870641371,0.6144307356554126,0.0056772716044146574,0.0033139172844802722,0.0031855030877028234,False,933,70632.04264675568,0.13406639602027962,0.08963742753441255,0.0162264412275078
IWM,2021,2021-02-08,2021-02-09,0.015729051244754988,0.017561142376663345,0.008444901118598993,0.01388661602084416,0.017497852474879803,0.02086923971024931,1.0036170096801538,0.014573140877188551,0.010962841460157247,0.005503456052162514,False,190,9503.623861851123,0.08942252744267908,0.050616322764615786,0.024855364885227254
QQQ,2021,2021-02-08,2021-02-09,0.0014409500448968604,0.0069948559879087725,0.007799559095641969,0.01356189303168589,0.011784625424509918,0.016582645194442882,0.5935577700552722,0.006614191086907297,0.0065840973890780585,0.0026757701325921257,False,312,22240.541076242767,0.15629737516428233,0.061394378700545524,0.020646536397824072
SPY,2021,2021-02-08,2021-02-09,0.0031855030877028234,0.0056772716044146574,0.005405779117507871,0.010557774740060992,0.008828566863467259,0.012645702617605697,0.6430569867355586,0.004414674380460478,0.003285411937581584,0.0016427059687906809,False,1054,70971.72966471655,0.22855372008969255,0.12439645257080084,0.016082959862465784
IWM,2021,2021-02-09,2021-02-10,0.005503456052162514,0.014573140877188551,0.009749329553315715,0.013826773646380084,0.017497852474879803,0.020805389950392602,0.8328531114381028,0.02335599521025864,0.022093804348202184,0.013221961161895224,False,181,12560.975146970479,0.09167270262655201,0.05708741123926383,0.02392993089003776
QQQ,2021,2021-02-09,2021-02-10,0.0026757701325921257,0.006614191086907297,0.006105193322347152,0.012997175465112245,0.011784625424509918,0.016084894821348943,0.5612559456621302,0.017791550878604553,0.01666157886001507,0.006686737812099386,False,297,23913.11824412889,0.17791262212638204,0.09116031271503088,0.01968768601210819
SPY,2021,2021-02-09,2021-02-10,0.0016427059687906809,0.004414674380460478,0.004882064190395237,0.010401940154138855,0.008828566863467259,0.012401676375831231,0.500044282241149,0.012190142912422364,0.011922568044354875,0.005202510890351841,False,952,90653.99495574573,0.26930831927648763,0.18360476886787436,0.014221892566120352
IWM,2021,2021-02-10,2021-02-11,0.013221961161895224,0.02335599521025864,0.012789439677786969,0.013695240458805448,0.017842055500949337,0.02105353077984417,1.3090417305907338,0.02445867382301691,0.021126135795301426,0.006662594356655838,False,240,17448.88544680822,0.19278689609396138,0.10984500482527532,0.021334860414610256
QQQ,2021,2021-02-10,2021-02-11,0.006686737812099386,0.017791550878604553,0.005612391805546632,0.013010968632129527,0.011784625424509918,0.016281903473808236,1.5097256160218127,0.008614258362942223,0.006654195735183999,0.0007477642151192399,False,372,27166.613603559043,0.12237410909319386,0.0843605333380391,0.01830753900982379
SPY,2021,2021-02-10,2021-02-11,0.005202510890351841,0.012190142912422364,0.005140018368409137,0.010407346799931006,0.009359491532934383,0.012551984741567967,1.3024364485535804,0.00917594424777491,0.008090657257093348,0.0013546641256672043,False,997,77789.1885623423,0.20325023489644092,0.10402920888743027,0.015698495891559958
IWM,2021,2021-02-11,2021-02-12,0.006662594356655838,0.02445867382301691,0.012707764160106692,0.013510436256754452,0.018221669449312184,0.021682102720109155,1.3422850135139595,0.013721091506271415,0.008011387934581338,0.005886787386229386,False,240,21518.907885108147,0.16061052622423433,0.09613811516376372,0.018173066083960944
QQQ,2021,2021-02-11,2021-02-12,0.0007477642151192399,0.008614258362942223,0.0037926542349652212,0.012994931224810977,0.011784625424509918,0.016190646196662252,0.730974303606299,0.01195646020958922,0.0087201574319693,0.008210784280104466,False,375,31106.85955917043,0.24888697685044495,0.15965672329577923,0.01694199152081749
SPY,2021,2021-02-11,2021-02-12,0.0013546641256672043,0.00917594424777491,0.0033032058037260463,0.01040376447659629,0.009737651398497133,0.012614810279523853,0.9423159519954767,0.008028741397483522,0.007823490432776525,0.00715662049824628,False,1026,96676.94443807202,0.2944330897764139,0.19372788840201613,0.013805410095472979
IWM,2021,2021-02-12,2021-02-16,0.005886787386229386,0.013721091506271415,0.012228097005717429,0.012974122150023679,0.017842055500949337,0.021114578558196075,0.7690308723421102,0.02109213217820393,0.020819467388893953,0.015862637252298195,False,196,16395.87935173391,0.10728065726710487,0.08523006404561034,0.020880103406072284
QQQ,2021,2021-02-12,2021-02-16,0.008210784280104466,0.01195646020958922,0.0040246087394374104,0.012857451114109648,0.011880852017312624,0.0162062898969317,1.0063638695412096,0.011415205114379618,0.008763512316426914,0.0051293637889610055,False,308,19859.094352812965,0.16458384326059503,0.14526674138289586,0.02053504648408723
SPY,2021,2021-02-12,2021-02-16,0.00715662049824628,0.008028741397483522,0.00345205397277389,0.010362592811208483,0.009737651398497133,0.012616459264695562,0.8245049107757795,0.006701225265760347,0.006206402276600631,0.004213635135837501,False,878,70532.34213822559,0.12186204173203656,0.09653676604645747,0.016349156679342704
IWM,2021,2021-02-16,2021-02-17,0.015862637252298195,0.02109213217820393,0.005142813435569538,0.01247792298859827,0.017842055500949337,0.020847288729068537,1.1821581979207307,0.01690442631805032,0.01199309293973716,0.002012418706738961,True,198,21131.106466754765,0.217226158188366,0.1851061357079502,0.019390276473843594
QQQ,2021,2021-02-16,2021-02-17,0.0051293637889610055,0.011415205114379618,0.00409528990504569,0.01266543921787985,0.011784625424509918,0.0160563148120346,0.9686523502595193,0.01651273863572006,0.009594857971226833,0.004391347940318147,True,304,23019.48751448968,0.1892505311462869,0.1596955619116685,0.01888593272085827
SPY,2021,2021-02-16,2021-02-17,0.004213635135837501,0.006701225265760347,0.002458870500200939,0.010160463581158642,0.00879778438221216,0.012323785319057196,0.7616946465872986,0.00852931964375368,0.005737385782836224,0.005045851014161107,True,1009,74837.96716515088,0.15023429704266777,0.1270471926909218,0.014826055549364359
IWM,2021,2021-02-17,2021-02-18,0.002012418706738961,0.01690442631805032,0.004502760812125667,0.012524177558152405,0.017842055500949337,0.021247003128907926,0.9474483653047078,0.01578660863833869,0.013446360164315552,0.007870828590554213,True,252,35738.57915329943,0.2170034677125425,0.16864308531176678,0.01955123986251285
QQQ,2021,2021-02-17,2021-02-18,0.004391347940318147,0.01651273863572006,0.00491616560488137,0.012532764888734381,0.011784625424509918,0.016061531658580635,1.4012103092709682,0.01668536953733475,0.011022572176246248,0.006783121339228426,True,366,37995.28142460862,0.18673296345165882,0.1365997791075954,0.01812031418758686
SPY,2021,2021-02-17,2021-02-18,0.005045851014161107,0.00852931964375368,0.002344694348097287,0.010080474844644695,0.008852631945764295,0.012278418048968388,0.9634783978379097,0.009702504722473648,0.004953907168877558,0.002900497685860648,True,1035,101536.70446164024,0.14620037271619668,0.11338831605395092,0.015469582275416732
IWM,2021,2021-02-18,2021-02-19,0.007870828590554213,0.01578660863833869,0.006964931039349375,0.01313988010945643,0.017842055500949337,0.021607478542270575,0.8847976421493993,0.018565156694095582,0.01726151317989344,0.012271849524172929,True,239,47564.54136258591,0.22271038064692172,0.17676193436964102,0.01932594955713082
QQQ,2021,2021-02-18,2021-02-19,0.006783121339228426,0.01668536953733475,0.005263442818171497,0.011647122787050452,0.011784625424509918,0.015579211959845532,1.4158591330898103,0.012040942880407579,0.011788902374363142,0.00850654904001158,True,373,42680.47111344857,0.16830874457137832,0.12228720921522944,0.01646540171659403
SPY,2021,2021-02-18,2021-02-19,0.002900497685860648,0.009702504722473648,0.0033679902214672573,0.00975285997557242,0.008852631945764295,0.012060166813508758,1.0960022716313187,0.0072181422628012784,0.006469053036113337,0.0052031741954566835,True,997,122861.27363033137,0.3176821859836029,0.26071595437254774,0.013559514071307597
IWM,2021,2021-02-19,2021-02-22,0.012271849524172929,0.018565156694095582,0.01393416841446885,0.01358675204989938,0.018344062659665455,0.02215309916625583,1.0120526209778091,0.015256604831624573,0.012885351678197265,0.0009843014903585523,True,206,16095.272032147306,0.12094537802814566,0.0438479299157911,0.025440224409425685
QQQ,2021,2021-02-19,2021-02-22,0.00850654904001158,0.012040942880407579,0.004388671552628711,0.01160589804730655,0.011880852017312624,0.01565871296693334,1.013474695489993,0.01705965331283499,0.013251369729969209,0.012434908295846148,True,304,21734.598042350284,0.18545440443632324,0.08822437686229602,0.02243793154340356
SPY,2021,2021-02-19,2021-02-22,0.0052031741954566835,0.0072181422628012784,0.003385466802079162,0.009771450922149982,0.008852631945764295,0.012200901748952116,0.8153668092182385,0.007440719529215933,0.0066139553938435736,7.750420990570994e-05,True,911,74802.94343719455,0.2050697127265804,0.13504905188251812,0.015388221832401208
IWM,2021,2021-02-22,2021-02-23,0.0009843014903585523,0.015256604831624573,0.013885818758420385,0.013584133829980567,0.017842055500949337,0.021550430639882434,0.8550923311954053,0.033580729288055555,0.025051072631440352,0.003620509452666232,False,208,21641.784310758354,0.06942810031145331,0.04640369855398147,0.02164905601287924
QQQ,2021,2021-02-22,2021-02-23,0.012434908295846148,0.01705965331283499,0.009809218136196061,0.01304219128536101,0.0119987015449984,0.01671831518066847,1.4217916204396488,0.0384858429243888,0.01955839812943605,0.014132526770751275,False,298,28892.729469424972,0.06603095929565737,0.032835891844268404,0.01976396655267132
SPY,2021,2021-02-22,2021-02-23,7.750420990570994e-05,0.007440719529215933,0.003162737545579255,0.009911471665986823,0.008852631945764295,0.012310361251022611,0.8405093055716705,0.02274736108952497,0.011730645217995272,0.007383133964677269,False,927,74627.8552606318,0.092497878091727,0.06015752204730348,0.016484052248353188
IWM,2021,2021-02-23,2021-02-24,0.003620509452666232,0.033580729288055555,0.01407670076277408,0.013788084909325454,0.017842055500949337,0.021908850502365164,1.8821110205754488,0.025783803612759313,0.021696172567572614,0.019674804504900223,False,214,25752.27248016506,0.13689152741687022,0.10232085687149532,0.02012929189582171
QQQ,2021,2021-02-23,2021-02-24,0.014132526770751275,0.0384858429243888,0.009770119383919702,0.012891399662704962,0.0119987015449984,0.01724114132724313,3.207500643303478,0.02663619568322841,0.01791435699190913,0.0169103809172928,False,298,31995.07911868543,0.18679300132062887,0.09237291519014197,0.019267732454443454
SPY,2021,2021-02-23,2021-02-24,0.007383133964677269,0.02274736108952497,0.003599040162387102,0.009881551218734982,0.008852631945764295,0.01261674694274877,2.5695591129154383,0.018015743573025312,0.01527198151614062,0.014081232703867963,False,952,87924.19531510462,0.17443854060888164,0.1251324993037963,0.015241977584631639
IWM,2021,2021-02-24,2021-02-25,0.019674804504900223,0.025783803612759313,0.018131680265472207,0.014459443976392138,0.018063149535379464,0.02229052144468464,1.4274256857730019,0.04224173074059728,0.04027337737041936,0.036068578499673265,False,273,20938.007480429816,0.1402993047784303,0.07017729424987466,0.021264539748766687
QQQ,2021,2021-02-24,2021-02-25,0.0169103809172928,0.02663619568322841,0.012390149907256167,0.013046160015076124,0.014276840758063819,0.018174533270600972,1.8656925670466558,0.03979591139106367,0.03261156899028039,0.026634393372599097,False,369,37856.91845042932,0.15364836680693558,0.07814515286367157,0.018980741807151716
SPY,2021,2021-02-24,2021-02-25,0.014081232703867963,0.018015743573025312,0.007121392726151919,0.010143754564345717,0.009439224485124279,0.013214338544096487,1.9086042080487837,0.028431664146399326,0.025290206716960695,0.02069623476358673,False,976,82989.73324691015,0.24061840968597045,0.1213515694348682,0.016333804039889665
IWM,2021,2021-02-25,2021-02-26,0.036068578499673265,0.04224173074059728,0.024833266163403336,0.016391514727105365,0.018063149535379464,0.022991837860403035,2.3385584367698633,0.033801011409128154,0.02192638502582933,0.005512056716094893,False,250,34681.15564002356,0.0979782234779544,0.06473607177093173,0.019630659774917663
QQQ,2021,2021-02-25,2021-02-26,0.026634393372599097,0.03979591139106367,0.017790448945136088,0.013881616416607666,0.014276840758063819,0.018454117067482033,2.7874452104248775,0.026056610130483056,0.015986879640511376,0.005413935165534567,False,348,33790.02905893627,0.07182139019876893,0.03955262017468046,0.01968414140782728
SPY,2021,2021-02-25,2021-02-26,0.02069623476358673,0.028431664146399326,0.012989240354523875,0.010098306786864344,0.009439224485124279,0.013096293626624868,3.0120762771566807,0.019123131180484376,0.016180617453459334,0.010381216829949746,False,871,79643.38399245354,0.10256166607291205,0.05701909605542502,0.01787082104332079
IWM,2021,2021-02-26,2021-03-01,0.005512056716094893,0.033801011409128154,0.021598320662798574,0.016364404438092194,0.018063149535379464,0.023557066690533292,1.8712689801368063,0.01686953796552434,0.014453244353315853,0.01158945608642914,False,212,20183.60000844454,0.08033346634478346,0.033532294552356935,0.024507717337320847
QQQ,2021,2021-02-26,2021-03-01,0.005413935165534567,0.026056610130483056,0.019069984337455933,0.013841917720833135,0.014276840758063819,0.018675385224419354,1.8250963621462128,0.018792871884187858,0.014627160674141493,0.013530890697132758,False,283,25825.542221905875,0.17822027005058907,0.05650807749050549,0.022051558387297093
SPY,2021,2021-02-26,2021-03-01,0.010381216829949746,0.019123131180484376,0.012914501869089785,0.010028411351506682,0.009439224485124279,0.01305325678195764,2.0259218551928098,0.026841998500515985,0.013823017040029972,0.010347753500530521,False,884,61929.63902240449,0.16712547414267384,0.06439318269085119,0.019386017794976916
IWM,2021,2021-03-01,2021-03-02,0.01158945608642914,0.01686953796552434,0.02845324648054961,0.017400927926125968,0.017497852474879803,0.024007670731845874,0.964091907263621,0.019531439803538102,0.019137847781407924,0.018025564402546324,False,262,18680.314642158046,0.14573415520548147,0.05940925233430851,0.024874584996926196
QQQ,2021,2021-03-01,2021-03-02,0.013530890697132758,0.018792871884187858,0.023506992276648854,0.014650519215566215,0.014276840758063819,0.018903192237241375,1.316318659194493,0.01909012158466654,0.019205334350393954,0.018041653364735954,False,356,33222.67841519868,0.171006248684497,0.09954679821619009,0.02074660877787812
SPY,2021,2021-03-01,2021-03-02,0.010347753500530521,0.026841998500515985,0.018077623261850258,0.010165816857541348,0.009439224485124279,0.01320210870996709,2.84366565736598,0.010440734820554421,0.009896392031654822,0.008414136569878106,False,1024,78012.64520423778,0.20737934291843432,0.06589574873965069,0.017467835716953366
IWM,2021,2021-03-02,2021-03-03,0.018025564402546324,0.019531439803538102,0.029830903266390513,0.017552979448806013,0.017497852474879803,0.023545499328957158,1.1162192521383838,0.02270473803858631,0.014643453112376026,0.013937554492613025,False,311,24259.40075896027,0.07674113440536202,0.044290275557892514,0.022408515111629394
QQQ,2021,2021-03-02,2021-03-03,0.018041653364735954,0.01909012158466654,0.024743625651712137,0.014051460697511751,0.014276840758063819,0.018432252756838307,1.337139070762843,0.02880822153798326,0.02643151973093194,0.02556177902856427,False,440,35703.04723935786,0.0749854279390038,0.04183650250114554,0.021057259691894047
SPY,2021,2021-03-02,2021-03-03,0.008414136569878106,0.010440734820554421,0.018550044686538585,0.009855892227938014,0.009439224485124279,0.012742221980334678,1.106100912951956,0.01430827364993596,0.011748999541087768,0.011327393194213942,False,1080,96693.46526339308,0.1981343738364419,0.09686374161334955,0.017674518911571686
IWM,2021,2021-03-03,2021-03-04,0.013937554492613025,0.02270473803858631,0.02693978636229092,0.017581761715563003,0.018063149535379464,0.02386764436276337,1.2569645174068664,0.05153086837532614,0.043355785458635054,0.02434667612086394,False,300,31676.96573713078,0.15957538400872148,0.0808664947895735,0.02392812861878125
QQQ,2021,2021-03-03,2021-03-04,0.02556177902856427,0.02880822153798326,0.026554004663894654,0.014825954552809243,0.016599054086527405,0.018892432761219036,1.7355339278860116,0.03863599728130856,0.028889453370163354,0.015156398388116776,False,420,36110.055633011616,0.18352520139332373,0.07325106618841745,0.021134745090822925
SPY,2021,2021-03-03,2021-03-04,0.011327393194213942,0.01430827364993596,0.017995050428055305,0.009894842964346624,0.009439224485124279,0.012527295843191164,1.5158314830296755,0.031792652742191146,0.02511561852010269,0.011856641832008852,False,966,78919.31002869585,0.17728100130819485,0.06343023602585598,0.019879410542476786
IWM,2021,2021-03-04,2021-03-05,0.02434667612086394,0.05153086837532614,0.02459835189591585,0.018762162617325332,0.01904829824881684,0.0256973446819831,2.7052741248697587,0.050440256412944244,0.04671585522965693,0.003780752116401498,False,282,31154.579691739724,0.1253140193882764,0.0644847359716212,0.018195591209794137
QQQ,2021,2021-03-04,2021-03-05,0.015156398388116776,0.03863599728130856,0.023142284780184166,0.015133426577224574,0.01687251142508487,0.020229816374164634,2.2898782705144454,0.03963485537273523,0.03143377106143719,0.0061277866936590986,False,402,35915.66505118052,0.1465814434493957,0.08833919123682435,0.019100334374229942
SPY,2021,2021-03-04,2021-03-05,0.011856641832008852,0.031792652742191146,0.015512144544268212,0.01027230128435129,0.010071619771514034,0.013694131676544924,3.156657366286958,0.03185616198653187,0.020985338394263087,0.008332054615284523,False,916,80014.45950619127,0.16496940851237363,0.08387339705644095,0.02030967614833801
IWM,2021,2021-03-05,2021-03-08,0.003780752116401498,0.050440256412944244,0.027300738995741147,0.018809212468424243,0.020311785990871016,0.02719428279945051,2.4832999144247703,0.0209701225871466,0.0132658809902102,0.0028263818173888122,False,256,21987.24734744207,0.08983076944390328,0.0448472242206582,0.023592573676467027
QQQ,2021,2021-03-05,2021-03-08,0.0061277866936590986,0.03963485537273523,0.02472860601891546,0.01532102884499093,0.01742560209571977,0.021624034191304483,2.2745185592451174,0.03423986745474362,0.028746903511839506,0.02654807479362109,False,346,27087.92863186433,0.18233746721949817,0.05610403366328438,0.022436708119882177
SPY,2021,2021-03-05,2021-03-08,0.008332054615284523,0.03185616198653187,0.018017493690113136,0.010810583063840293,0.010071619771514034,0.014728007207854433,3.162963128992611,0.016274058099229174,0.008494547009366249,0.007643119673000354,False,887,78483.24601730441,0.1972595945788009,0.053384747111137935,0.019080285358947926
IWM,2021,2021-03-08,2021-03-09,0.0028263818173888122,0.0209701225871466,0.019587304123495932,0.018563302696208206,0.021031127382675263,0.027514297461093806,0.9970993093038408,0.01829956952117137,0.01160020587461652,0.00418143366066448,False,250,23723.484037736507,0.042192990783723267,0.010359965598872872,0.025272237953169196
QQQ,2021,2021-03-08,2021-03-09,0.02654807479362109,0.03423986745474362,0.017891375676511643,0.0162112429662806,0.018292211381396205,0.022898389984567103,1.8718276724905287,0.022148494264666516,0.020359741570793233,0.013985064480753095,False,314,24750.524306734682,0.1638469751065374,0.05017770601226604,0.021401607723328955
SPY,2021,2021-03-08,2021-03-09,0.007643119673000354,0.016274058099229174,0.012967747439616562,0.01081151846978849,0.011315438866488392,0.015242231560601125,1.438217137775022,0.011921746872492048,0.010522217168255077,0.0034210374584382475,False,806,77777.91000039053,0.17533455351931085,0.043044726817977316,0.019728239328204222
IWM,2021,2021-03-09,2021-03-10,0.00418143366066448,0.01829956952117137,0.02120791555334821,0.01825549220231759,0.021031127382675263,0.027661632991910646,0.8701183340388087,0.016711011393905222,0.01493792121459947,0.007180829225883034,False,258,21177.371543355886,0.06267931876910947,0.03275107417361968,0.023519802239314075
QQQ,2021,2021-03-09,2021-03-10,0.013985064480753095,0.022148494264666516,0.030085048069878644,0.018872908820764134,0.018941496734427198,0.02483805770351206,1.1693106714428974,0.019926580592090817,0.01931195787812867,0.01670040080382773,False,346,32782.26884619736,0.057598537182679245,0.0253461716747846,0.02049902974118391
SPY,2021,2021-03-09,2021-03-10,0.0034210374584382475,0.011921746872492048,0.014956549054579788,0.011192785856962553,0.012055944892457206,0.01594746418735999,0.9888687264945015,0.008288589516061961,0.0043880814092356335,0.0002823163757124103,False,866,92897.05295746628,0.12373523666988785,0.0612534310290853,0.017428616412812264
IWM,2021,2021-03-10,2021-03-11,0.007180829225883034,0.016711011393905222,0.020810927095632835,0.018668752522914292,0.021031127382675263,0.02819396417714177,0.7945846691828414,0.01520368306149468,0.011892815034829418,0.011631444711169614,False,318,18327.26209138871,0.0984193436261144,0.04752554973534519,0.020715680019151687
QQQ,2021,2021-03-10,2021-03-11,0.01670040080382773,0.019926580592090817,0.026694755843381324,0.01886007075143416,0.01950835108837868,0.025518658159299035,1.0214384855909877,0.015865913235440364,0.012952454255282353,0.007188838744114134,False,398,39979.89984565785,0.17871257449835826,0.07054081255772733,0.019085174172854404
SPY,2021,2021-03-10,2021-03-11,0.0002823163757124103,0.008288589516061961,0.012904581272344088,0.011288833890443571,0.012055944892457206,0.016273508324735446,0.687510567607829,0.009968649905898366,0.00871933002157621,0.003314350652821485,False,860,93698.30497829865,0.2434005127530451,0.14559489507477177,0.015947508473794645
IWM,2021,2021-03-11,2021-03-12,0.011631444711169614,0.01520368306149468,0.0072327264978364995,0.019231661535810705,0.02025078119534235,0.028131747584340422,0.7507702006573211,0.011983269595546398,0.0093106959445457,0.0068968093747199255,False,322,15033.614643553004,0.06800131233059342,0.04140124689838196,0.019729768014902276
QQQ,2021,2021-03-11,2021-03-12,0.007188838744114134,0.015865913235440364,0.025945996245612057,0.01976247318143178,0.01950835108837868,0.02606941705632728,0.8132882765725827,0.021793145533442155,0.013923487665592926,0.005097833996657419,False,417,40939.80925449092,0.09036968739948766,0.05119668825644712,0.019235988493980227
SPY,2021,2021-03-11,2021-03-12,0.003314350652821485,0.009968649905898366,0.008949543231026633,0.011514013451008456,0.011181240846523235,0.016440125615961282,0.891551308368255,0.007677147427290453,0.005458168416054621,0.005075599248093976,False,1022,103435.69476702019,0.23648776235122781,0.1450153880999061,0.015217101378327071
IWM,2021,2021-03-12,2021-03-15,0.0068968093747199255,0.011983269595546398,0.008309409681490349,0.0192482568694151,0.01904829824881684,0.027500592297804917,0.6290992213065922,0.011228229871888686,0.006166153478505132,0.004628447107245082,False,275,12549.554254555203,0.034919263892359394,0.027012469777044218,0.022726087561019685
QQQ,2021,2021-03-12,2021-03-15,0.005097833996657419,0.021793145533442155,0.026712010714079786,0.019722311268772805,0.020859863062766486,0.02671199482834812,1.0447405847232774,0.015516621057969094,0.01016495572443521,0.00962658078180234,False,356,32900.3303963634,0.22236008342504973,0.1941689950966798,0.02172980732537048
SPY,2021,2021-03-12,2021-03-15,0.005075599248093976,0.007677147427290453,0.0075182628401113645,0.011512806218374473,0.011181240846523235,0.016362397316716643,0.6866096109250373,0.011817522939649364,0.005984875483741936,0.005274813381362264,False,908,97189.40608679589,0.20005441116629794,0.14205516567931212,0.0156736782315226
IWM,2021,2021-03-15,2021-03-16,0.004628447107245082,0.011228229871888686,0.008654740566824665,0.019251204521230334,0.01904829824881684,0.027377437233033423,0.5894610492349946,0.021237505896789636,0.021386213598543646,0.015041467430975342,True,268,14026.346683986525,0.1605702715194513,0.14472672907273734,0.02199750043855126
QQQ,2021,2021-03-15,2021-03-16,0.00962658078180234,0.015516621057969094,0.019369106063078168,0.019868060944739443,0.020859863062766486,0.026892368998578088,0.7438505713714518,0.01588341636825324,0.009685807420384052,0.0015883701499324054,True,353,36846.65471509194,0.15116813232311768,0.12057704974117893,0.019671533361036483
SPY,2021,2021-03-15,2021-03-16,0.005274813381362264,0.011817522939649364,0.004865912542162715,0.011535886220906658,0.011869634906070705,0.016553124827375067,0.9956096403272953,0.006925730851674597,0.005037007237999269,0.0029214084184460143,True,996,91724.97265928057,0.26961834868519424,0.206762663985564,0.014977938591986286
IWM,2021,2021-03-16,2021-03-17,0.015041467430975342,0.021237505896789636,0.015057410224790768,0.019617684553561405,0.01904829824881684,0.027443025303828732,1.1149293033622452,0.023845947874212188,0.01681445640472634,0.014587047735878711,True,270,22509.762483538856,0.2683241092750988,0.2379044978822373,0.017541774760329074
QQQ,2021,2021-03-16,2021-03-17,0.0015883701499324054,0.01588341636825324,0.012136680556097115,0.01994790364124596,0.020859863062766486,0.02716236335422321,0.76143435460054,0.025736377740020813,0.02016063521935063,0.014017897364423382,True,353,38984.075763640074,0.17104284026319624,0.13837375495621448,0.02105686540647542
SPY,2021,2021-03-16,2021-03-17,0.0029214084184460143,0.006925730851674597,0.004473544631853278,0.01153876231026283,0.011869634906070705,0.016563800248553674,0.5834830562591646,0.012217087012729543,0.009099425516432946,0.006919653751995991,True,978,109568.99803468981,0.2946516670961803,0.23172344151060373,0.013654621930744775
IWM,2021,2021-03-17,2021-03-18,0.014587047735878711,0.023845947874212188,0.013882539114488222,0.019550566269607488,0.02025078119534235,0.02754916493142619,1.1775322464941116,0.03604849200787877,0.027558890630807298,0.024090110420609046,True,310,29740.259554563352,0.0680409184073494,0.045749565114893476,0.019011975252625653
QQQ,2021,2021-03-17,2021-03-18,0.014017897364423382,0.025736377740020813,0.011286410467608875,0.0199837634898577,0.021970819899054334,0.027618535612463524,1.1713890450273345,0.01991352180966246,0.01701058403690836,0.015242801927267902,True,421,53351.45699381042,0.10449341759131615,0.07411871344265993,0.01915939892706971
SPY,2021,2021-03-17,2021-03-18,0.006919653751995991,0.012217087012729543,0.00437555288183443,0.01155643084551353,0.012069416942610794,0.01674810309486948,1.0122350624575245,0.015133849762821146,0.009545773477487307,0.007604948074552698,True,965,109362.46342238948,0.23249263340205142,0.19496111615263337,0.013600030878317489
IWM,2021,2021-03-18,2021-03-19,0.024090110420609046,0.03604849200787877,0.01685754576005367,0.020515686733693757,0.021103814241968118,0.02829774275614729,1.7081505548978395,0.025159233072100953,0.017945400756382623,0.010553480161604512,True,300,38990.49601181105,0.20584573968817219,0.1420582251478881,0.018906971771036056
QQQ,2021,2021-03-18,2021-03-19,0.015242801927267902,0.01991352180966246,0.01656153203748246,0.021008782453085104,0.021970819899054334,0.028389060885035445,0.9063622523490612,0.0162567973950609,0.009170538730620681,0.004072272264514565,True,404,60634.95705713671,0.13654081846891314,0.11102274585013192,0.016316547535839578
SPY,2021,2021-03-18,2021-03-19,0.007604948074552698,0.015133849762821146,0.008017259166335026,0.012008237338826819,0.013262680331332752,0.016974941103841616,1.1410853149395301,0.011336855884832854,0.00705155890318343,0.0010259410369213295,True,994,119043.76761845978,0.2000187522141967,0.1455121334771604,0.016526062101758193
IWM,2021,2021-03-19,2021-03-22,0.010553480161604512,0.025159233072100953,0.017161006835642915,0.02005694052571949,0.021971121967687975,0.028257704625313636,1.145104610911614,0.01756851778230704,0.015974950802152055,0.010760703737947686,True,260,14929.407655133014,0.1335587548529584,0.02977746288497086,0.020192425438231482
QQQ,2021,2021-03-19,2021-03-22,0.004072272264514565,0.0162567973950609,0.016602494868996443,0.021054982485693038,0.021970819899054334,0.028596893712037785,0.7399267514709646,0.017543856252047067,0.01754385625204713,0.01078644074951196,True,352,25064.26127083623,0.09244507429775409,0.046107752603640015,0.02128641052142024
SPY,2021,2021-03-19,2021-03-22,0.0010259410369213295,0.011336855884832854,0.00806088552425934,0.012059692354369536,0.013262680331332752,0.017177313061567615,0.8547937220540417,0.010512027578257288,0.010358199516873556,0.006563591432982019,True,852,64096.107701613044,0.18654507726488928,0.09830264066912865,0.016393034625882166
IWM,2021,2021-03-22,2021-03-23,0.010760703737947686,0.01756851778230704,0.01637433754931435,0.020077796594995104,0.021971121967687975,0.02838185560334332,0.7996185997303341,0.0350869407714755,0.03300469806555317,0.02733467468817463,False,254,21113.17681397465,0.128689683150698,0.04710210614389561,0.020903241858121906
QQQ,2021,2021-03-22,2021-03-23,0.01078644074951196,0.017543856252047067,0.018047691726929133,0.020754719882520797,0.021970819899054334,0.028482693416217765,0.7985071259358049,0.01473115220103479,0.010588551905347021,0.007850404026453206,False,350,30420.776520717292,0.16083833327443833,0.057110547521296365,0.02079488880069655
SPY,2021,2021-03-22,2021-03-23,0.006563591432982019,0.010512027578257288,0.008611412033333913,0.012043002830097604,0.013262680331332752,0.017344796250945323,0.7926020469197983,0.012247678671420507,0.008362064450617934,0.00614938031586254,False,796,74174.7804086195,0.1800642724600368,0.10232162075364658,0.016396733527345313
IWM,2021,2021-03-23,2021-03-24,0.02733467468817463,0.0350869407714755,0.02076603690263322,0.021629282227810673,0.021971121967687975,0.02859835051146853,1.5969571705567163,0.042254200487273526,0.0368798697030055,0.03556812199813375,False,240,20425.564487645275,0.13104147417608406,0.05308443159205492,0.02131473046915139
QQQ,2021,2021-03-23,2021-03-24,0.007850404026453206,0.01473115220103479,0.0178343094244661,0.02076610959929882,0.020859863062766486,0.027330013569897393,0.7061960165658494,0.021812171171975356,0.022167341316083666,0.021215860597030844,False,355,35280.04222473985,0.1092193036526298,0.06703235307275228,0.02002681000427824
SPY,2021,2021-03-23,2021-03-24,0.00614938031586254,0.012247678671420507,0.00898700697123109,0.012196218201228357,0.012232382842075024,0.016825716162263228,1.001250437428501,0.013503833195132672,0.009110379560161475,0.008900283852501634,False,730,80395.41819557588,0.2256605604367431,0.12804055905592976,0.014629353662174688
IWM,2021,2021-03-24,2021-03-25,0.03556812199813375,0.042254200487273526,0.0178675832900051,0.021369780535427096,0.021971121967687975,0.02944412405548801,1.923169902266031,0.04533297821332945,0.039075227274615765,0.034967074865157155,False,288,26046.051260877823,0.10490331814188222,0.07396726389718601,0.02115141337148341
QQQ,2021,2021-03-24,2021-03-25,0.021215860597030844,0.021812171171975356,0.018498203669350392,0.02097012611633071,0.020859863062766486,0.027105011172376643,1.0456526539193194,0.017743652541666186,0.009420309759766932,0.0043874740981602045,False,420,39177.93353153014,0.09671551488321743,0.07199146380024136,0.01897591443228958
SPY,2021,2021-03-24,2021-03-25,0.008900283852501634,0.013503833195132672,0.00818593313953223,0.01198293365224001,0.012232382842075024,0.016605440695329744,1.1039413472806225,0.01722885565884894,0.011839931282872751,0.009637807955901856,False,757,77343.07715057467,0.1735079544630171,0.12767234483722234,0.015782732018195827
IWM,2021,2021-03-25,2021-03-26,0.034967074865157155,0.04533297821332945,0.023218483712321818,0.02050291561092393,0.021971121967687975,0.02957177818327423,2.063298282172335,0.021556383892890774,0.013891460949873036,0.0075355948387441085,False,293,34990.40978566838,0.09321707729820165,0.08719190613139566,0.01963578977389507
QQQ,2021,2021-03-25,2021-03-26,0.0043874740981602045,0.017743652541666186,0.012482571035989784,0.01946882838985264,0.019920051200876636,0.025998386904088466,0.890743320021453,0.02140713399798243,0.016778636065970076,0.015717961102764466,False,406,45398.98036327299,0.24140098205008798,0.1826605995570044,0.01693929667351295
SPY,2021,2021-03-25,2021-03-26,0.009637807955901856,0.01722885565884894,0.007164721176138779,0.010670804385332567,0.012232382842075024,0.01604681182188431,1.4084627567073713,0.01565496439732915,0.014017883224613614,0.012917960773439763,False,774,97790.3368989733,0.2817093120682465,0.22592860094287864,0.01325967553532243
IWM,2021,2021-03-26,2021-03-29,0.0075355948387441085,0.021556383892890774,0.02534593703147045,0.020910856650030146,0.021396944894840203,0.02896395349866641,1.0074514842578772,0.03127706961570995,0.023028739880485594,0.02104927047157057,False,244,23119.06175822511,0.18602023837049964,0.059440059225468064,0.023753867126222072
QQQ,2021,2021-03-26,2021-03-29,0.015717961102764466,0.02140713399798243,0.014304952968673368,0.019741225767279613,0.019920051200876636,0.025752579375998192,1.074652558977376,0.014328701343353843,0.009536950666260147,0.0014582071240378802,False,342,31558.88433027467,0.15964630379177092,0.05881422405220159,0.020355272697126
SPY,2021,2021-03-26,2021-03-29,0.012917960773439763,0.01565496439732915,0.009831516746633512,0.011076444711160385,0.012232382842075024,0.015946520994142923,1.2797967983377423,0.009989864356946104,0.0059584334175533105,0.003498998235721862,False,793,70025.73809596668,0.2287516625516937,0.17165982912976016,0.01620599725908839
IWM,2021,2021-03-29,2021-03-30,0.02104927047157057,0.03127706961570995,0.02737852476553607,0.02016686967133506,0.02213056096573854,0.028592593059814365,1.4132976413987695,0.025840726255444472,0.0200102304134806,0.01688509318295317,False,244,30494.266166489622,0.1726920234221641,0.11153534105023513,0.021778154893469726
QQQ,2021,2021-03-29,2021-03-30,0.0014582071240378802,0.014328701343353843,0.011379401647118297,0.018471604284930738,0.019920051200876636,0.024907955431109692,0.7193104675716531,0.01073622912459307,0.007543192010848188,0.0013698832575570474,False,334,36432.71942729165,0.15753316642205725,0.06556730975517217,0.019628989335234555
SPY,2021,2021-03-29,2021-03-30,0.003498998235721862,0.009989864356946104,0.009561245315087634,0.009775583803649885,0.012069416942610794,0.015055858831545107,0.8277006589835438,0.006161003779298851,0.0035622219052420245,0.0007859579839768482,False,766,72434.64608142873,0.25707547209119763,0.1963772882754197,0.01633639239670378
IWM,2021,2021-03-30,2021-03-31,0.01688509318295317,0.025840726255444472,0.024554247631585348,0.020199627614919495,0.02327534295639925,0.02888487786885403,1.1102189258328374,0.014965546410090838,0.01473739907160665,0.008075942360945554,False,234,32444.9289767503,0.13322424951666448,0.0982442357986081,0.018901300325771683
QQQ,2021,2021-03-30,2021-03-31,0.0013698832575570474,0.01073622912459307,0.011423238394899043,0.01816255365160717,0.019920051200876636,0.02464315441829491,0.5389659402140791,0.015593347098547278,0.014486293393266791,0.009393981485011915,False,349,45116.56206632199,0.18452137282454378,0.11744032930246821,0.019207271484135462
SPY,2021,2021-03-30,2021-03-31,0.0007859579839768482,0.006161003779298851,0.008485713126168281,0.009602353109048781,0.012069416942610794,0.014882180256571037,0.5104640769801871,0.006804275980989156,0.006728395018843258,0.0025041489440620346,False,737,96690.01905348022,0.34528660423633717,0.2821636799789462,0.0134422183174666
IWM,2021,2021-03-31,2021-04-01,0.008075942360945554,0.014965546410090838,0.020666043267191448,0.020284756493252874,0.02270116588355148,0.028752891320531642,0.6592413132813756,0.008453190987489301,0.006744604501644824,0.006025232164814653,False,242,24913.785137191877,0.2961977326699158,0.10805774236096398,0.020156482647579403
QQQ,2021,2021-03-31,2021-04-01,0.009393981485011915,0.015593347098547278,0.009739714152813559,0.017175156390292497,0.018828587175664324,0.024203978656245066,0.8281740394574827,0.005881059378494474,0.00507625001912837,0.0046429565295260655,False,350,35517.36787936521,0.2043314264913864,0.09393165677770804,0.019011091645703727
SPY,2021,2021-03-31,2021-04-01,0.0025041489440620346,0.006804275980989156,0.007290162178651238,0.009003257822596535,0.011869634906070705,0.014582360461056145,0.5732506547028772,0.006250052183986989,0.005697840276171817,0.005547167391906083,False,752,73323.25804776704,0.23870604643071683,0.15145466068811514,0.01567535801129685
IWM,2021,2021-04-01,2021-04-05,0.006025232164814653,0.008453190987489301,0.01956574723197355,0.019288593903468362,0.021396944894840203,0.02685572700941624,0.39506532493467134,0.013118312906280434,0.012658167372878504,0.006316222236450564,False,197,18727.994458110323,0.06378927567421995,0.0,0.020648438945688356
QQQ,2021,2021-04-01,2021-04-05,0.0046429565295260655,0.005881059378494474,0.010269426891703756,0.01694593050488272,0.01764375439685663,0.023148803024481423,0.3333224463576885,0.01516214159827662,0.014397919435013007,0.011982951278225018,False,275,27250.350505102127,0.12348348932640142,0.0,0.021406951873231682
SPY,2021,2021-04-01,2021-04-05,0.005547167391906083,0.006250052183986989,0.007832037748853077,0.008540979995445692,0.01157718941224111,0.01354108834370545,0.539859197378123,0.008823669345142802,0.008625417786228162,0.007187810335358202,False,634,60025.71613147448,0.2320788802656219,0.088431215126845,0.015783359893354047
IWM,2021,2021-04-05,2021-04-06,0.006316222236450564,0.013118312906280434,0.01847253431918386,0.018804902646432507,0.021103814241968118,0.02495365731788505,0.6216086227764785,0.012666693793402777,0.007511121961805589,0.003066677517361116,False,208,21784.879019211312,0.14021835665304508,0.027362958880963788,0.02170941136606765
QQQ,2021,2021-04-05,2021-04-06,0.011982951278225018,0.01516214159827662,0.01125871486409392,0.017157712408520594,0.016900326823553982,0.02226940675046387,0.8971507922051037,0.008496348880506979,0.006349516270612421,0.000272114216735897,False,270,25367.920132555588,0.24713613782852514,0.0301042153228381,0.019959617875212082
SPY,2021,2021-04-05,2021-04-06,0.007187810335358202,0.008823669345142802,0.007257077839651318,0.008201346247549977,0.010924441731545071,0.012722429192850692,0.8076997948246504,0.0045346911810097874,0.0036474281179283974,0.0008871878521750087,False,622,59720.376930025486,0.21912391789683786,0.10823680768953152,0.01482496960745128
IWM,2021,2021-04-06,2021-04-07,0.003066677517361116,0.012666693793402777,0.007894021054510342,0.018820354998163237,0.019768537708980502,0.02453062384835163,0.640750164725058,0.019756467734870387,0.019505288890208528,0.015787331550566663,False,194,24261.02030674431,0.13055870476906642,0.03325171137728693,0.020252959510582067
QQQ,2021,2021-04-06,2021-04-07,0.000272114216735897,0.008496348880506979,0.011347996053290978,0.015479557541878233,0.01607010688165707,0.020984926058552685,0.5287051880286484,0.009414876019620015,0.006508717044954482,0.0039052117499471795,False,262,30553.76956422629,0.23915045902142096,0.05094258300199185,0.01851165553718265
SPY,2021,2021-04-06,2021-04-07,0.0008871878521750087,0.0045346911810097874,0.007273986372149183,0.008036110548568315,0.010250945967601696,0.01213294139074765,0.44236806977051313,0.0037197103980035244,0.002512659524898986,0.001601206810304845,False,625,90082.52653599018,0.3132075262794185,0.2183959958770145,0.012269242478422733
IWM,2021,2021-04-07,2021-04-08,0.015787331550566663,0.019756467734870387,0.012339671038106525,0.018616869874078203,0.02049698681583001,0.024089458218725563,0.9638718077143069,0.015461629963904131,0.011167313711008653,0.0032455879579373903,False,246,27135.092556476848,0.2565628948381848,0.02344364640959313,0.019709801837358834
QQQ,2021,2021-04-07,2021-04-08,0.0039052117499471795,0.009414876019620015,0.009296088764676452,0.01319191145669425,0.0158746648018468,0.01915617808168364,0.5930755790525242,0.00457316711639716,0.002457024474780134,0.0015542474218868119,False,309,32960.773726526255,0.31392812452852586,0.09985818722963244,0.01700855775062751
SPY,2021,2021-04-07,2021-04-08,0.001601206810304845,0.0037197103980035244,0.006392815013269961,0.007602324735717707,0.009979257131422236,0.01124606830872238,0.3727442182335464,0.004044796720293557,0.0024574251542002212,0.0014463176243075804,False,574,80764.55672011108,0.3050194296095026,0.19009783593610452,0.012373251183240199
IWM,2021,2021-04-08,2021-04-09,0.0032455879579373903,0.015461629963904131,0.011404116802856497,0.018272113541370538,0.02049698681583001,0.02360615691775831,0.7543367277751759,0.008314939094122153,0.005649972739847131,0.0004494172423832321,False,244,28026.20480766796,0.1513163363434037,0.06662467315793921,0.01692462476470659
QQQ,2021,2021-04-08,2021-04-09,0.0015542474218868119,0.00457316711639716,0.008956263824200332,0.013206929850335964,0.015729630166993823,0.01869614757965717,0.2907358321744422,0.013186268260199857,0.010908699137902156,0.010279287793901304,False,293,32778.41491293856,0.19627489099929793,0.10743048485588454,0.016950015674008383
SPY,2021,2021-04-08,2021-04-09,0.0014463176243075804,0.004044796720293557,0.006348630231454789,0.007571105738887413,0.009979257131422236,0.01094451625421156,0.4053204228556736,0.008349870319539708,0.008031535203230744,0.007590723266351462,False,555,93258.4625106696,0.41679644112550673,0.22123668132750166,0.011108501292671134
IWM,2021,2021-04-09,2021-04-12,0.0004494172423832321,0.008314939094122153,0.009567637547057894,0.017467422860066664,0.02049698681583001,0.022908315346636843,0.4056664117918274,0.01135954905455387,0.010526349312461436,0.00448994250412682,False,202,25303.257185238363,0.12775384554319835,0.11449367150912092,0.01751236919143625
QQQ,2021,2021-04-09,2021-04-12,0.010279287793901304,0.013186268260199857,0.00804583146491419,0.012431250692387368,0.015554984078258186,0.01790842230196736,0.8477198172533539,0.007052717107851992,0.003913594585480018,0.0018747912950618506,False,302,22325.7473424698,0.10274753519672133,0.09556247472095039,0.01757569706190712
SPY,2021,2021-04-09,2021-04-12,0.007590723266351462,0.008349870319539708,0.005873014910959271,0.00744291982037311,0.009406766851044454,0.010582831875174486,0.8876450805850049,0.00421073492284219,0.0026286638827346387,0.0019228636562873547,False,590,61153.27069459689,0.3268439244251255,0.2749336597149468,0.012102371060303223
IWM,2021,2021-04-12,2021-04-13,0.00448994250412682,0.01135954905455387,0.008871771633732,0.017372300273173196,0.02049698681583001,0.022878054474378927,0.5542058038394593,0.016886425705755177,0.012109828973680958,0.001535110820161334,True,206,29690.810091721574,0.130142576843659,0.11699188675807248,0.01571859616058682
QQQ,2021,2021-04-12,2021-04-13,0.0018747912950618506,0.007052717107851992,0.00490930255211676,0.012202374444566115,0.015339381328122858,0.01718608318840992,0.4597784589213978,0.009046823696019507,0.008396394335048019,0.006977341347205401,True,308,28666.588996647562,0.21471227441776725,0.19773299969674432,0.01803443041980707
SPY,2021,2021-04-12,2021-04-13,0.0019228636562873547,0.00421073492284219,0.003304417813135249,0.007452497667898408,0.009406766851044454,0.010410607911475408,0.44762828605395516,0.005856204090243874,0.0048599130219728615,0.0032318095308014883,True,954,69200.05335228996,0.3157854549996057,0.26457009491836775,0.011896971160532645
IWM,2021,2021-04-13,2021-04-14,0.001535110820161334,0.016886425705755177,0.008872379460794236,0.017314591328203826,0.02049698681583001,0.02316065116407099,0.82384917634399,0.01892999071832056,0.01861452640602046,0.006535413705964999,True,199,33467.24922459901,0.14147426413988962,0.12998858239026023,0.014603307564812958
QQQ,2021,2021-04-13,2021-04-14,0.006977341347205401,0.009046823696019507,0.0054298851161638404,0.012235746029861634,0.014946646899655705,0.017064380499187206,0.6052744643501212,0.015578692866389774,0.015431800484306368,0.012732862726053673,True,314,24618.599466388805,0.2817316653351662,0.2445335612808093,0.015873046460420745
SPY,2021,2021-04-13,2021-04-14,0.0032318095308014883,0.005856204090243874,0.002791781697882309,0.007403020843072253,0.008586769832341256,0.010112058874865567,0.6820031518938631,0.007484912526696321,0.00477034458191361,0.003342718334712891,True,1064,86212.9492583927,0.2678198533915287,0.24288630540464887,0.01085448412067764
IWM,2021,2021-04-14,2021-04-15,0.006535413705964999,0.01892999071832056,0.0063756546176161055,0.01720692256735978,0.019343229226595475,0.023129052431367737,0.9786365294318725,0.012706031617941446,0.01273284397101726,0.0035541475177639503,True,254,35406.25116090254,0.14925518611365962,0.13763923330186795,0.01548403559075764
QQQ,2021,2021-04-14,2021-04-15,0.012732862726053673,0.015578692866389774,0.009792990193724004,0.012693927642625672,0.014946646899655705,0.017001741243859187,1.042286806597982,0.017056024167383076,0.009666289894117996,0.006303897614411191,True,381,35393.56212490435,0.29211650140687684,0.2591386897183119,0.015369771441991614
SPY,2021,2021-04-14,2021-04-15,0.003342718334712891,0.007484912526696321,0.004107955520315993,0.007469263666520154,0.008586769832341256,0.010139414215090467,0.8716796505369349,0.005969935899365012,0.005849116558356959,0.0051481726037792,True,1026,82136.01856997142,0.34341383103634376,0.2812511506614234,0.011820570410565515
IWM,2021,2021-04-15,2021-04-16,0.0035541475177639503,0.012706031617941446,0.005612027340850887,0.017124889060241216,0.0182492542503138,0.022585006048430056,0.6962493614073552,0.011845600005524034,0.010717005733010598,0.003327418013792993,True,247,36665.69668600619,0.14787462623074216,0.13417945246716947,0.014976922335370475
QQQ,2021,2021-04-15,2021-04-16,0.006303897614411191,0.017056024167383076,0.010861965407449534,0.013003909245940104,0.014946646899655705,0.01658778875262306,1.1411271224836361,0.006283865124700187,0.006086824882236552,0.0004091308880798117,True,391,30735.582158976977,0.3887803595039171,0.33510661353390186,0.012830655597542807
SPY,2021,2021-04-15,2021-04-16,0.0051481726037792,0.005969935899365012,0.005580512280104431,0.007720262887914272,0.007917391423118014,0.010103054057970278,0.7540281363295213,0.005224667886833434,0.0036561926575029435,2.3989851707595378e-05,True,1102,83814.88599731357,0.38436944141881735,0.29358893020967564,0.010460317296047123
IWM,2021,2021-04-16,2021-04-19,0.003327418013792993,0.011845600005524034,0.005556772382802026,0.01572876634712734,0.01722747174403111,0.021389508215156342,0.6875994447431464,0.021098748732953056,0.017141057700339468,0.008850793111193411,True,208,7492.395998646445,0.08365489735901542,0.04880502361276815,0.02213095262389433
QQQ,2021,2021-04-16,2021-04-19,0.0004091308880798117,0.006283865124700187,0.010840725105277902,0.010339242607961128,0.014529926772194317,0.015297945162944826,0.4324774118425371,0.013748912936282377,0.01035921880433599,0.004436116515299626,True,336,11095.549247612222,0.13035495318718773,0.08250934164427688,0.019171349816495643
SPY,2021,2021-04-16,2021-04-19,2.3989851707595378e-05,0.005224667886833434,0.00519525616087576,0.006620944561151118,0.007144594253842738,0.009545790474808535,0.7312756611788462,0.007086872676321011,0.00596921426254049,0.0025225058519027233,True,1010,50701.03786646214,0.2197721442917511,0.18488740649732066,0.012152154796505535
IWM,2021,2021-04-19,2021-04-20,0.008850793111193411,0.021098748732953056,0.008579137963486836,0.015879226795943793,0.01722747174403111,0.021185811826154758,1.2247153294715605,0.028898806452663024,0.02569224418400462,0.016215979353048637,False,215,11052.596686500156,0.10538107505600988,0.06420120918608824,0.018753099084528987
QQQ,2021,2021-04-19,2021-04-20,0.004436116515299626,0.013748912936282377,0.012102877199868311,0.01079035021520543,0.014038807139818109,0.015232604643255829,0.9793505102927507,0.015198060157706032,0.011424149974390785,0.005292751272362839,False,324,15028.900648372044,0.19698626883891618,0.1349045527544442,0.01682937590621993
SPY,2021,2021-04-19,2021-04-20,0.0025225058519027233,0.007086872676321011,0.006243951920893562,0.006608123780253453,0.0069455743286550835,0.009397072432703633,1.0203436520840297,0.010871928583957403,0.008085943042525079,0.004203788792201846,False,1082,55178.031703347886,0.3214303273698909,0.19837015445836748,0.012075047311914123
IWM,2021,2021-04-20,2021-04-21,0.016215979353048637,0.028898806452663024,0.012692390162646058,0.016412484985529222,0.01790820821203787,0.02176801108679533,1.6137184753769667,0.032808012980446714,0.02580403066297965,0.02525110874414649,False,214,15279.926372128155,0.10796545419031017,0.08432250969693383,0.01800439812644051
QQQ,2021,2021-04-20,2021-04-21,0.005292751272362839,0.015198060157706032,0.01098576810564283,0.010583582329857996,0.014038807139818109,0.014777472071788825,1.0825748944580873,0.016443372902332002,0.013101001809707302,0.012533982670124733,False,314,18920.265980014556,0.2366540518539465,0.16425938830335132,0.016766028006867634
SPY,2021,2021-04-20,2021-04-21,0.004203788792201846,0.010871928583957403,0.007339764588620022,0.006907345801305238,0.0069455743286550835,0.009364170123569803,1.5653030360791782,0.011980323871507435,0.01161575336167231,0.011081133995235914,False,1061,71560.10456955194,0.22050920087232634,0.16872766915329204,0.011600951834668879
IWM,2021,2021-04-21,2021-04-22,0.02525110874414649,0.032808012980446714,0.017359950438550653,0.015253053784242005,0.01790820821203787,0.021364771704082474,1.832009801985283,0.02037984038209988,0.011232882241376307,0.007524826288257458,False,252,27457.671607942164,0.11585731168048434,0.05448216058158515,0.01892678105120325
QQQ,2021,2021-04-21,2021-04-22,0.012533982670124733,0.016443372902332002,0.010331521861240332,0.010519193682465323,0.014038807139818109,0.014857267819395437,1.1712799199081416,0.01738022330628304,0.01461035519934506,0.010888495623673777,False,382,32448.953933353703,0.20994758099945932,0.13472514932398708,0.01752169298136821
SPY,2021,2021-04-21,2021-04-22,0.011081133995235914,0.011980323871507435,0.008189207505077671,0.0066246467258131965,0.0069455743286550835,0.009350903875799243,1.7248859928084972,0.013585307887856985,0.011577870038898652,0.008704286006543605,False,1037,81656.11425178926,0.3432682627780326,0.2036390350575217,0.01404392634192963
IWM,2021,2021-04-22,2021-04-23,0.007524826288257458,0.02037984038209988,0.017167512706481824,0.014204145611077839,0.01790820821203787,0.020247281006559106,1.138016720645485,0.020779056960026385,0.017188701401902096,0.013194448819576987,False,251,28790.923459559635,0.13202753732058428,0.08247062437011865,0.017895121280670247
QQQ,2021,2021-04-22,2021-04-23,0.010888495623673777,0.01738022330628304,0.008462338064859746,0.010076594261324626,0.014038807139818109,0.014629798316160297,1.2380128263880563,0.014649345900681073,0.014649345900681121,0.010629767036890891,False,364,37481.33428887311,0.1715428482647222,0.08471382821602491,0.016725330173831137
SPY,2021,2021-04-22,2021-04-23,0.008704286006543605,0.013585307887856985,0.007861209725294893,0.0069491422152847026,0.0069455743286550835,0.009352083534314737,1.9559660936617744,0.013224481119119303,0.013030748047664353,0.00937339880096899,False,1083,98466.44151704453,0.22613304062237144,0.1665367337555445,0.01354523125195516
IWM,2021,2021-04-23,2021-04-26,0.013194448819576987,0.020779056960026385,0.019700115437051427,0.014006667501113526,0.01790820821203787,0.019153548839732613,1.1603091003855281,0.008546266261701543,0.007444944675798482,0.0048898705301831935,False,208,18309.44243843055,0.11573844209938898,0.04945632666573371,0.02429215547781341
QQQ,2021,2021-04-23,2021-04-26,0.010629767036890891,0.014649345900681073,0.011215960933642308,0.010181468827777715,0.014038807139818109,0.014578864404067512,1.0434893616517673,0.008891039573301977,0.00662407604749804,0.005770281089281681,False,356,24446.5977332044,0.17991182206660888,0.08187818881427175,0.020945690231861797
SPY,2021,2021-04-23,2021-04-26,0.00937339880096899,0.013224481119119303,0.009591925317278222,0.007143213694479291,0.0069455743286550835,0.009219318286297323,1.904015491499325,0.003377739684416779,0.0018685290694111512,0.0004072032128259462,False,1005,76717.95659774219,0.2736076681008154,0.21581098652069014,0.015014638750752988
IWM,2021,2021-04-26,2021-04-27,0.0048898705301831935,0.008546266261701543,0.018226276648436363,0.013638447976909886,0.016174027834829654,0.018713208792075213,0.5283944326655446,0.00822003772298657,0.005274547211134406,0.001136853473797883,False,209,19703.61810304887,0.08439964063300372,0.0531788269137511,0.022140743353615457
QQQ,2021,2021-04-26,2021-04-27,0.005770281089281681,0.008891039573301977,0.010709572781359394,0.009888041179642065,0.013467590598241118,0.013954143485010052,0.6601804167156043,0.008715177178316802,0.008137450655362644,0.005205740407173587,False,355,27540.908106395815,0.1820066224550963,0.08467980497167568,0.021559909342798424
SPY,2021,2021-04-26,2021-04-27,0.0004072032128259462,0.003377739684416779,0.009238717777551843,0.006485817734063,0.006527164082488072,0.008535970824423892,0.5174896236298119,0.004402715497129187,0.003915457436004299,0.0009810343102785168,False,1046,77867.33341707636,0.17342088461267,0.12894491363345356,0.015075502171347548
IWM,2021,2021-04-27,2021-04-28,0.001136853473797883,0.00822003772298657,0.011826685553957647,0.011688114987885334,0.015213588186997484,0.017572780345514266,0.5403089410565185,0.010478776615491164,0.006182057395605511,0.0033321400418038216,False,206,24276.198176686317,0.0764332484824356,0.05419784555672565,0.020411681630538275
QQQ,2021,2021-04-27,2021-04-28,0.005205740407173587,0.008715177178316802,0.010159194231921891,0.010019880628551052,0.011961248692396464,0.013675096851875799,0.7286176721546532,0.007415966420515543,0.004374459980099887,0.0023836778329456854,False,420,33085.149164614995,0.18204571488811405,0.10660505058749066,0.019079382286640665
SPY,2021,2021-04-27,2021-04-28,0.0009810343102785168,0.004402715497129187,0.008075907882462626,0.006478645455370808,0.00620552798164292,0.008258775117323328,0.7094828208257573,0.005050180420454673,0.0028721481392099957,0.0009813160635340212,False,1079,96940.08238113673,0.24094413078798108,0.1964927356460143,0.01327525038260568
IWM,2021,2021-04-28,2021-04-29,0.0033321400418038216,0.010478776615491164,0.00902583047223318,0.011243107720000976,0.014041929658185636,0.016803894527701063,0.7462490462899193,0.022352192010753398,0.02241026160521864,0.01238899950069361,False,259,28511.984154626847,0.08346164729961518,0.0620614995058921,0.020380185342136047
QQQ,2021,2021-04-28,2021-04-29,0.0023836778329456854,0.007415966420515543,0.00969937622904207,0.009950216928178799,0.011300572139909936,0.013353872637024602,0.6562469872056095,0.017232800714516196,0.01623627580825615,0.006279738082037412,False,586,39294.22363322991,0.22880713501980948,0.13946277398865004,0.016978684041218054
SPY,2021,2021-04-28,2021-04-29,0.0009813160635340212,0.005050180420454673,0.00712897142749719,0.006396907736881134,0.006109994041676,0.008162779737014798,0.8265442463622085,0.010182714847536268,0.009317080155762492,0.0006185995458085625,False,994,87412.10037512705,0.2086773269931633,0.15623619825066987,0.013964417902655287
IWM,2021,2021-04-29,2021-04-30,0.01238899950069361,0.022352192010753398,0.008912922325487224,0.011015593783697734,0.014289971435092284,0.016924486186930467,1.5641873122197076,0.01621479550910829,0.009214964645605006,0.0036771301903508746,False,259,32543.90634437638,0.15825200367809653,0.11895672843162833,0.01768629922706298
QQQ,2021,2021-04-29,2021-04-30,0.006279738082037412,0.017232800714516196,0.0070555152214728635,0.009577352471876825,0.011300572139909936,0.013202828741785948,1.5249494008940983,0.009505542957127007,0.007580685419177113,0.0008586852735024131,False,596,44665.39436752572,0.2663856488711862,0.18702579667867128,0.015666709809198966
SPY,2021,2021-04-29,2021-04-30,0.0006185995458085625,0.010182714847536268,0.00479505405331703,0.006441401985660133,0.006109994041676,0.008261271473980012,1.6665670666911323,0.005267849966020943,0.0030984497196251404,0.0007902140315237949,False,1090,94755.21407845194,0.38071768770613307,0.27231968501054854,0.01257724134429632
IWM,2021,2021-04-30,2021-05-03,0.0036771301903508746,0.01621479550910829,0.008795210607744469,0.0111942065494458,0.01583821273650621,0.017098959602413942,1.023776847733209,0.010959048543578478,0.010181435904164315,0.005369487190938327,False,204,19755.945665363823,0.12885139335320525,0.027462650204125277,0.023529451794497017
QQQ,2021,2021-04-30,2021-05-03,0.0008586852735024131,0.009505542957127007,0.005591274413441419,0.009235647036430332,0.011345905608663432,0.01280033578539724,0.8377949971546411,0.012587297336272429,0.010425043592967809,0.00896149646690425,False,518,28005.89545038431,0.09883829177905273,0.04812913232801598,0.017732972100462867
SPY,2021,2021-04-30,2021-05-03,0.0007902140315237949,0.005267849966020943,0.004687392145963029,0.0064955152440834526,0.005913069994804444,0.008156538573500422,0.890882396225577,0.0051736474454597324,0.004213803221359003,0.0029325048046833224,False,916,73131.2492472015,0.20718456175730096,0.15064634807649596,0.015422539379225308
QQQ,2021,2021-05-03,2021-05-04,0.00896149646690425,0.012587297336272429,0.003978380801950818,0.008344696858761401,0.011046420146699718,0.012312068079868009,1.1394910902454738,0.023024413147773478,0.022531517415302016,0.010252976781352507,False,706,33730.58754186663,0.18693995226368482,0.07960183966423671,0.017650069888874388
SPY,2021,2021-05-03,2021-05-04,0.0029325048046833224,0.0051736474454597324,0.004694166452872054,0.005818144531158403,0.0055620270281324085,0.007670829670413752,0.930173014135265,0.011848949909863602,0.010688157390547293,0.001081578097698821,False,1106,74824.68422751833,0.2600295866430738,0.1409619059251052,0.015134117003136804
IWM,2021,2021-05-04,2021-05-05,0.005832648182471756,0.02306319027165943,0.008148006450727949,0.011494123437309793,0.016550610607431734,0.01750816842445916,1.3934948273934586,0.014178672610527911,0.013191173477114404,0.008382400985575744,False,204,25271.712564036312,0.14434814513864633,0.05302081469449571,0.018332816565826877
QQQ,2021,2021-05-04,2021-05-05,0.010252976781352507,0.023024413147773478,0.007804393427368861,0.009345002334027373,0.012886782798236143,0.0133719425896523,1.7866688302471356,0.014778039615077126,0.012247475487058068,0.00969150104049099,False,680,38041.719631320266,0.279557561977084,0.08535014216548978,0.017165059459151356
SPY,2021,2021-05-04,2021-05-05,0.001081578097698821,0.011848949909863602,0.005534738892752779,0.00605037720111736,0.005913069994804444,0.008225156632787958,2.0038575427442527,0.005941853843775856,0.005371578993408788,0.0039053257552914555,False,1089,90612.78810792044,0.22547717828497268,0.15239749651158538,0.014726756391225332
IWM,2021,2021-05-05,2021-05-06,0.008382400985575744,0.014178672610527911,0.007423747808370986,0.010911735849592524,0.01583821273650621,0.017232774196610134,0.8952192299985243,0.01872893906695569,0.01834062622589716,0.00026947029076340723,False,254,28271.576728551823,0.23097746037048827,0.14625535030385187,0.01675047634528636
QQQ,2021,2021-05-05,2021-05-06,0.00969150104049099,0.014778039615077126,0.007805916309217319,0.009353663173968945,0.013467590598241118,0.013645520507603398,1.0973038946556004,0.015877847261363983,0.008851452657468784,0.00836476432142863,False,707,43341.88435628648,0.30410983982863293,0.10557826303844164,0.01725045526836087
SPY,2021,2021-05-05,2021-05-06,0.0039053257552914555,0.005941853843775856,0.005557794798589453,0.006053447242591632,0.005955894871570434,0.008337604320817368,0.9976424990539037,0.013298701291076409,0.008128333674717103,0.007791695780915209,False,1108,85044.52883472497,0.21309249875099548,0.13002434328950302,0.015543559227723387
IWM,2021,2021-05-06,2021-05-07,0.00026947029076340723,0.01872893906695569,0.007984707286228628,0.010748376613850634,0.016550610607431734,0.017393163860835857,1.1316161990147857,0.016931595040270017,0.01468601886234655,0.012260826743189401,False,251,32288.167915138547,0.25039974519626396,0.1717236004522128,0.016060018271473766
QQQ,2021,2021-05-06,2021-05-07,0.00836476432142863,0.015877847261363983,0.009099188579299484,0.009199060728509031,0.014199129418481725,0.013888433656663767,1.1182268147156418,0.0148338413359721,0.008079811438557627,0.0005083677143239429,False,733,49846.97365704961,0.35085770807810496,0.16036060053595289,0.015493243254479188
SPY,2021,2021-05-06,2021-05-07,0.007791695780915209,0.013298701291076409,0.006097285000261582,0.006196862954130697,0.006528404287843011,0.008757950245071023,2.0370523491997625,0.008716577042618641,0.006978000365725379,0.005310868062954777,False,1056,96987.86614092802,0.41600271873313377,0.2491475447860234,0.01276737186911148
IWM,2021,2021-05-07,2021-05-10,0.012260826743189401,0.016931595040270017,0.009224646698404292,0.011107060090564206,0.016909010373012595,0.01782439366472453,1.001335658726277,0.02699463635567294,0.02568422734963738,0.024730240958525385,False,198,20140.822706167397,0.10485106804689166,0.021194627865803187,0.02250461062656651
QQQ,2021,2021-05-07,2021-05-10,0.0005083677143239429,0.0148338413359721,0.010745088233333765,0.009287222779882634,0.0147136927578791,0.014007113063151838,1.0081657664102481,0.022266974245119118,0.022208604691842382,0.021094984793024185,False,677,38270.291847521214,0.1401140230705632,0.05388793952377247,0.017703572198930657
SPY,2021,2021-05-07,2021-05-10,0.005310868062954777,0.008716577042618641,0.005762044648207439,0.006197261235531286,0.006528404287843011,0.008788008836210021,1.335177274307349,0.011668621717825444,0.011225203965466335,0.010792893629807732,False,971,68637.63709517794,0.22712774335854766,0.13305754672014228,0.014091593007701722
IWM,2021,2021-05-10,2021-05-11,0.024730240958525385,0.02699463635567294,0.014212416224657505,0.012526342757946817,0.017830267053612854,0.018604858129064032,1.5139782412963445,0.02777778369423863,0.02545133662435295,0.01879773208329394,False,200,27242.869640936096,0.14436750209617752,0.036501335880693445,0.02222400996525875
QQQ,2021,2021-05-10,2021-05-11,0.021094984793024185,0.022266974245119118,0.015032268349143582,0.010827360284545643,0.014805940475524613,0.014948255199360262,1.5039216375297593,0.022239648413076452,0.02011258189010423,0.017547654480318142,False,623,39252.65998825506,0.12588772858744104,0.04059416974253169,0.020169924663181127
SPY,2021,2021-05-10,2021-05-11,0.010792893629807732,0.011668621717825444,0.00795149932907354,0.006684409432377135,0.007285892601508666,0.009161755842451672,1.6015363327492997,0.01261193749237707,0.007413570119059187,0.002686965226730953,False,985,73448.88133303337,0.2542692592213516,0.11005429686440635,0.015486382847512303
IWM,2021,2021-05-11,2021-05-12,0.01879773208329394,0.02777778369423863,0.013764830820983889,0.012532325356086638,0.018829464892638127,0.01912036938069704,1.4752295857913138,0.03330267518684812,0.026283506636318288,0.02418240374206504,False,192,27279.55721739121,0.19053966602870048,0.060959547696646854,0.021028984475373106
QQQ,2021,2021-05-11,2021-05-12,0.017547654480318142,0.022239648413076452,0.013532245712277624,0.010369536588974455,0.015015950746839066,0.015384611810740759,1.4810682845212455,0.02067262558183572,0.013386110716228306,0.010429991641330627,False,598,44130.36746662586,0.14543069979794535,0.06331485482191591,0.019136429399862587
SPY,2021,2021-05-11,2021-05-12,0.002686965226730953,0.01261193749237707,0.008550313292880434,0.007001182013074451,0.008100744784657481,0.009811743524303609,1.5568861663514724,0.02088854438733123,0.017896066797841836,0.014152681391758293,False,967,86483.3922765927,0.1786697243947018,0.10815936068926718,0.016391134683592948
IWM,2021,2021-05-12,2021-05-13,0.02418240374206504,0.03330267518684812,0.01881344588543054,0.014172176237275584,0.019554389724527783,0.019715894249147586,1.7030792398023733,0.02644038935914945,0.019361515775546456,0.011438762689667259,False,242,26835.876514683165,0.0652198297140405,0.02794623551034003,0.020076490443914005
QQQ,2021,2021-05-12,2021-05-13,0.010429991641330627,0.02067262558183572,0.017032596588879633,0.011463655676437206,0.015015950746839066,0.016036047858842273,1.3767110674751921,0.017191797227910456,0.009529881948298513,0.001813006581330212,False,762,35113.01052391381,0.07664836668277611,0.028863001226256225,0.022521718584124148
SPY,2021,2021-05-12,2021-05-13,0.014152681391758293,0.02088854438733123,0.012477097039358905,0.008465927441952322,0.009449645945077453,0.010669990708157242,2.210510796778854,0.013093612877252721,0.012970738900671464,0.007885600504390577,False,1004,68671.34856200282,0.1534138560989816,0.051601821312636846,0.019210932712296
IWM,2021,2021-05-13,2021-05-14,0.011438762689667259,0.02644038935914945,0.02251053240485251,0.014863718896616833,0.020579448671063132,0.020406687731444863,1.2847958068151466,0.02629169001624038,0.015921818765859852,0.014132338242414999,False,246,34654.47841637684,0.15272352253431423,0.06685152579728863,0.021067461109469197
QQQ,2021,2021-05-13,2021-05-14,0.001813006581330212,0.017191797227910456,0.017075220332502694,0.01095594467500295,0.015015950746839066,0.016045128824808547,1.1449023453629412,0.016274023250685818,0.014662059452138498,0.011748321367686998,False,767,46883.724155774515,0.18964765036595724,0.10512390918071265,0.019719046077775963
SPY,2021,2021-05-13,2021-05-14,0.007885600504390577,0.013093612877252721,0.01360111123922017,0.008560549103633195,0.010527321715746836,0.01095354966716385,1.2437743645344486,0.01043052599821345,0.010357926642154291,0.008155647701838964,False,1045,94383.72744956522,0.21555310927931914,0.13366156552048727,0.0160793863824583
IWM,2021,2021-05-14,2021-05-17,0.014132338242414999,0.02629169001624038,0.02539608862237202,0.015975974326241812,0.02093890284648972,0.02113940495152098,1.2556383784286014,0.01587954096163558,0.008627833572614207,0.007007045925359057,False,208,26284.284198778525,0.2257201205170044,0.19858468870100782,0.023984090308305107
QQQ,2021,2021-05-14,2021-05-17,0.011748321367686998,0.016274023250685818,0.02093814735438515,0.01231831764809924,0.015537953709535007,0.01698145510907988,1.0473723602805636,0.015155662865890367,0.009892650661133429,0.0006776983562641892,False,689,42048.61512031289,0.18250422028774704,0.14994436854428464,0.01741072119176621
SPY,2021,2021-05-14,2021-05-17,0.008155647701838964,0.01043052599821345,0.01562749446077795,0.009248580047643276,0.010651227291085426,0.011570116595140545,0.9792792617375942,0.007294420159424017,0.0049110445345803555,0.0003128971825294702,False,875,72716.0763960801,0.18557319027302427,0.14018022459668392,0.016035743582515458
QQQ,2021,2021-05-17,2021-05-18,0.0006776983562641892,0.015155662865890367,0.017701096847906956,0.012246605744946484,0.015537953709535007,0.016991162351995485,0.9753963198249173,0.014474910854799773,0.010716320372952559,0.009742196395176261,True,785,42380.69441091793,0.18425676506463942,0.14673098085135935,0.018485712010085656
SPY,2021,2021-05-17,2021-05-18,0.0003128971825294702,0.007294420159424017,0.01509847155144878,0.009197934482514637,0.010651227291085426,0.011540789115923919,0.6848431603303688,0.010317481170917965,0.009787014320665088,0.009283274326319702,True,981,77342.79008045886,0.20108137702455617,0.15234501351881058,0.015588938230057706
IWM,2021,2021-05-18,2021-05-19,0.007904602759043255,0.01702879209925691,0.022616432767611733,0.015081037569837577,0.019554389724527783,0.020266623564391354,0.8708424215303981,0.01902513833067448,0.009859764360729217,0.00888764606672443,True,199,31607.068183247564,0.16680129567787844,0.14225623507440271,0.02161114837842861
QQQ,2021,2021-05-18,2021-05-19,0.009742196395176261,0.014474910854799773,0.017914015680759694,0.012235212815431948,0.015516755063627175,0.016958716064095044,0.9328568244742363,0.02084256308718461,0.01970564694691701,0.018726686689831684,True,804,44271.8715348712,0.09169160430548667,0.06676499627430259,0.01792862446511101
SPY,2021,2021-05-18,2021-05-19,0.009283274326319702,0.010317481170917965,0.015058851069299497,0.009257088186471373,0.010374003584565708,0.011500666391478575,0.994551533244905,0.014056819600786113,0.010149351786473026,0.009682423557001663,True,1040,82525.11075589896,0.2278402209841866,0.18077545533455977,0.014930105388875731
IWM,2021,2021-05-19,2021-05-20,0.00888764606672443,0.01902513833067448,0.01489199836658865,0.014093959617959444,0.018877038698815088,0.01990004293220301,1.00784549071612,0.016218413968205767,0.008967791915063694,0.005177026627135151,True,240,44837.56289383427,0.14099491099313421,0.10930365363972579,0.019760792681714663
QQQ,2021,2021-05-19,2021-05-20,0.018726686689831684,0.02084256308718461,0.011885341297305865,0.012005998267197055,0.015516755063627175,0.01716391938591688,1.3432294962264155,0.017956241189428557,0.017246687714744358,0.01453162879807901,True,848,58799.66919344081,0.13336425230775248,0.08002686694880577,0.018556647808810285
SPY,2021,2021-05-19,2021-05-20,0.009682423557001663,0.014056819600786113,0.010377259505071394,0.008998632934964872,0.010374003584565708,0.011704912623866106,1.355004313059969,0.012044661491276552,0.011729036505634838,0.008450731154653779,True,1064,101846.60271647167,0.1885887902414697,0.12037871692196238,0.017055696938509404
IWM,2021,2021-05-20,2021-05-21,0.005177026627135151,0.016218413968205767,0.013235796846483058,0.014171382854733577,0.0178788655831063,0.01968968167736688,0.9071276861956225,0.01364473405633046,0.009026649976953571,0.006144673560296021,True,238,52533.764852637134,0.21698199082010963,0.14959259212070367,0.01860964100543364
QQQ,2021,2021-05-20,2021-05-21,0.01453162879807901,0.017956241189428557,0.013858365586672064,0.01271604043685729,0.015516755063627175,0.017399499962671608,1.1572162553187284,0.012771149098640225,0.011602920209953238,0.010350098314204637,True,846,74638.47257350589,0.4475647656305546,0.3858982783637311,0.013024239094612812
SPY,2021,2021-05-20,2021-05-21,0.008450731154653779,0.012044661491276552,0.010107992062232604,0.009103479366001761,0.010374003584565708,0.011728129142231597,1.1610427346676866,0.00899561024761647,0.005839022412544637,0.004629723171222011,True,1108,110143.05441371593,0.2875540570920464,0.19615706409114375,0.014244651346734177
IWM,2021,2021-05-21,2021-05-24,0.006144673560296021,0.01364473405633046,0.0064285183115949445,0.013456405765875703,0.016980193569763463,0.01923386532626139,0.8035676389830775,0.01107693746890361,0.005741949156868653,0.0009946705307366521,True,197,24302.11677370529,0.20621037404973996,0.05200790704629427,0.02217683952302928
QQQ,2021,2021-05-21,2021-05-24,0.010350098314204637,0.012771149098640225,0.0110405682022939,0.012345902939922063,0.015516755063627175,0.01721032071615694,0.8230554034185328,0.020554451321047853,0.013055282430984416,0.00953339616536808,True,807,34764.57192914272,0.08955734582849155,0.05165667694454613,0.0188675620492359
SPY,2021,2021-05-21,2021-05-24,0.004629723171222011,0.00899561024761647,0.007089231637429859,0.008766896545619499,0.010250098009227116,0.0114543775242019,0.8776121203444729,0.007763504050376015,0.0071404874023035525,0.004384954966938137,True,928,72163.79719176491,0.28318170355202,0.16339163847133428,0.016438927765596204
IWM,2021,2021-05-24,2021-05-25,0.0009946705307366521,0.01107693746890361,0.007246609711929483,0.01330629749897093,0.016980193569763463,0.019148656606281362,0.6523445933283265,0.02033930774134831,0.013869215074923336,0.01336453799128201,False,200,29368.542921898243,0.09478800672514244,0.04580130987872286,0.019261939724269237
QQQ,2021,2021-05-24,2021-05-25,0.00953339616536808,0.020554451321047853,0.012342190985903046,0.012912744527518944,0.016075935256024902,0.01780058079807681,1.2785851021230321,0.009129786350466063,0.006962857157575053,0.0032927412799679256,False,902,37039.01304731514,0.1259221268705116,0.06837152853074396,0.01842492619202832
SPY,2021,2021-05-24,2021-05-25,0.004384954966938137,0.007763504050376015,0.008449893280573807,0.00905975964743723,0.010250098009227116,0.01192509453782735,0.7574077870657749,0.007351358305623466,0.006489132433224798,0.0049722751282492705,False,1073,76638.58451559042,0.20985217326370054,0.11622583290895099,0.015559001054050548
IWM,2021,2021-05-25,2021-05-26,0.01336453799128201,0.02033930774134831,0.007832391049597908,0.013411852259634602,0.0178788655831063,0.019757351514241815,1.137617353114779,0.016217722459595022,0.016172250395801058,0.01462772520455502,False,200,32946.35727814668,0.15997873705433122,0.0653235515927168,0.02102758720961139
QQQ,2021,2021-05-25,2021-05-26,0.0032927412799679256,0.009129786350466063,0.010851312715219137,0.012904712190237368,0.016075935256024902,0.01782307027015107,0.5679163423505592,0.004975043835977028,0.002847154825350806,0.001408623195901848,False,877,42220.96547874385,0.1397236386713493,0.097326058471833,0.01707245275616541
SPY,2021,2021-05-25,2021-05-26,0.0049722751282492705,0.007351358305623466,0.006807135389240974,0.009075950882630128,0.010250098009227116,0.012073375166177177,0.7171988305873552,0.004416586548339255,0.0026569928322848213,0.00047750425994408374,False,1140,96214.05930177314,0.31108100855617327,0.21020507550133,0.013142907643749575
IWM,2021,2021-05-26,2021-05-27,0.01462772520455502,0.016217722459595022,0.01015195501837455,0.01416995521631513,0.0178788655831063,0.02024447926547771,0.9070890087634593,0.00968720227341318,0.005865656610380299,0.002710632014532477,False,260,36559.77724776951,0.11287691203133399,0.05875087987537483,0.016772202534503237
QQQ,2021,2021-05-26,2021-05-27,0.001408623195901848,0.004975043835977028,0.010603694438217588,0.012928954749060442,0.016075935256024902,0.01770191025247544,0.3094715023881732,0.005604324757796973,0.0030059817826568747,0.0023676342288185825,False,912,44237.16453552677,0.20613479975672105,0.11534148380191048,0.01772481476087777
SPY,2021,2021-05-26,2021-05-27,0.00047750425994408374,0.004416586548339255,0.006123551909428422,0.009084726836612166,0.010250098009227116,0.012041852720801296,0.43088237247716593,0.004117407075804261,0.0028163517526977877,0.002094401919912059,False,1148,92560.39042608437,0.3441552039307986,0.20154285380478568,0.013478102013886637
IWM,2021,2021-05-27,2021-05-28,0.002710632014532477,0.00968720227341318,0.010431979038424497,0.014379656422068647,0.016980193569763463,0.01979088223502373,0.5705001084712679,0.00937990843248332,0.009020212182934362,0.0069579083068274095,False,234,41578.120914805535,0.24519905584662757,0.13982955379811515,0.016701282507258733
QQQ,2021,2021-05-27,2021-05-28,0.0023676342288185825,0.005604324757796973,0.0088141332099161,0.012906346670838445,0.015516755063627175,0.01711153513168242,0.36117891497392196,0.005896088978488633,0.00433979476901003,0.000568665282482117,False,831,49623.88231130206,0.18967936303958513,0.14046890079269073,0.015315860393806094
SPY,2021,2021-05-27,2021-05-28,0.002094401919912059,0.004117407075804261,0.004874488719382551,0.008970304427445041,0.009656545709267217,0.011735565944995646,0.42638508632055233,0.0034681603222189964,0.0028109117696044628,0.0022091661474321622,False,1001,106024.14174064873,0.3608777926660531,0.23932985003945964,0.012206396287259698
IWM,2021,2021-05-28,2021-06-01,0.0069579083068274095,0.00937990843248332,0.010769312174778589,0.014042606920428883,0.016980193569763463,0.019418513217425378,0.5524029154288365,0.011430540613661439,0.006638342872327119,0.0026377861031250394,False,200,27947.540210523177,0.1890551311406596,0.06322127474195034,0.020097202477549626
QQQ,2021,2021-05-28,2021-06-01,0.000568665282482117,0.005896088978488633,0.007613127456356598,0.012869381540983507,0.015516755063627175,0.01704382820108582,0.3799820873830544,0.013003328445787837,0.011676659332920725,0.00739630348654019,False,827,37061.601102310495,0.17914502827709092,0.07520501684793746,0.018424022702280964
SPY,2021,2021-05-28,2021-06-01,0.0022091661474321622,0.0034681603222189964,0.004640319455507927,0.008844529859994251,0.009656545709267217,0.011526499332500866,0.3591512355076064,0.008329954688362791,0.008039110255376514,0.006862753735996541,False,995,81250.80096342953,0.33397023731649406,0.17544817660969017,0.013828005873265289
IWM,2021,2021-06-01,2021-06-02,0.0026377861031250394,0.011430540613661439,0.011147538477080983,0.014228590471273514,0.016980193569763463,0.01953673005245056,0.6731690405470842,0.009130209708858496,0.009169870891258425,0.0025337548459036796,False,258,33808.853022622934,0.15697575962393417,0.04721728378619707,0.0175107428440288
QQQ,2021,2021-06-01,2021-06-02,0.00739630348654019,0.013003328445787837,0.00349505390270807,0.01283783051482948,0.015516755063627175,0.01706498813689537,0.8380185414068266,0.007921932875797075,0.004672860222873165,0.0006601687042855353,False,875,44310.68029799763,0.12645603734235045,0.07741865421789489,0.017389510144529195
SPY,2021,2021-06-01,2021-06-02,0.006862753735996541,0.008329954688362791,0.001790593246840059,0.008838212058157867,0.009656545709267217,0.01164116728987823,0.8626226125941371,0.004614987900992865,0.002575750793617937,9.5174597108727e-05,False,1130,93136.23992072002,0.2799288990856501,0.14625908066492857,0.014299862899609243
IWM,2021,2021-06-02,2021-06-03,0.0025337548459036796,0.009130209708858496,0.007928132865577447,0.013921069776464172,0.016575004504237892,0.018848875243728334,0.5508420650217071,0.015783448176762457,0.01240856151310199,0.001763553224392811,False,308,38486.854253843485,0.13071884321212907,0.05342355334025843,0.01675292212354264
QQQ,2021,2021-06-02,2021-06-03,0.0006601687042855353,0.007921932875797075,0.0035524361950575903,0.012157772739125165,0.014994752100931232,0.015977315178783712,0.5283136941827196,0.01083039390250365,0.006914795364057369,0.0016638566428058832,False,924,48428.193767068165,0.2642396564987822,0.13347904082294185,0.01724893758909346
SPY,2021,2021-06-02,2021-06-03,9.5174597108727e-05,0.004614987900992865,0.001191906424230134,0.008712631123708682,0.008856093645117556,0.011091574803402261,0.5211087513214304,0.008878763673295327,0.00512141701472002,0.002201706106780277,False,1136,99649.33084196746,0.28913223960405837,0.14498429187097508,0.013781473416017558
IWM,2021,2021-06-03,2021-06-04,0.001763553224392811,0.015783448176762457,0.00819495313116445,0.01404100603435749,0.016575004504237892,0.01907623003574288,0.9522439751209087,0.008129683883698469,0.005967865278542428,0.0007031273678413941,False,294,37150.15738549517,0.12448056460452744,0.07149130342490075,0.017222493966661135
QQQ,2021,2021-06-03,2021-06-04,0.0016638566428058832,0.01083039390250365,0.005397125700930554,0.012377769129934725,0.014994752100931232,0.01601187204904724,0.7222789566378387,0.012897389484940356,0.012686428740835698,0.011300286066079579,False,874,54188.31799770286,0.23744419937053782,0.08378439065801728,0.016124318841775856
SPY,2021,2021-06-03,2021-06-04,0.002201706106780277,0.008878763673295327,0.002258247322099595,0.008765910094252573,0.008937186960455899,0.01127498691573085,0.9934628997447323,0.009697010314542483,0.005157488835970003,0.0043969247855393245,False,1141,117761.32856126322,0.3389369670138547,0.20219609542738504,0.012593924972685813
IWM,2021,2021-06-04,2021-06-07,0.0007031273678413941,0.008129683883698469,0.007196441473797061,0.014060709679400334,0.016218068213900393,0.018547261218352616,0.5012732574851655,0.015489924036821161,0.012681554247174764,0.011233479158585746,False,245,31742.752068911017,0.10026184529453458,0.018131357952711074,0.017993820142774047
QQQ,2021,2021-06-04,2021-06-07,0.011300286066079579,0.012897389484940356,0.01008870544400672,0.012842224142568847,0.014654376095385935,0.01613681257094918,0.8801049871376795,0.00692436176315371,0.004805300485894781,0.004626230016473443,False,834,42827.073765501416,0.1959904708920342,0.06844381757058891,0.018960249893126536
SPY,2021,2021-06-04,2021-06-07,0.0043969247855393245,0.009697010314542483,0.004778607612106104,0.00882242270136033,0.008937186960455899,0.011105425574053767,1.0850181782532413,0.0037625034943309693,0.003323901062155743,0.0009465294965584903,False,1005,91062.78541039012,0.16952369507669582,0.09198253427965924,0.013281477694713169
IWM,2021,2021-06-07,2021-06-08,0.011233479158585746,0.015489924036821161,0.00870140241625735,0.014097502844014747,0.016048631710615303,0.018476580306304204,0.965186585132701,0.015137753117802587,0.00981786664831108,0.007266089818769528,False,254,35466.976990527204,0.21120544037291572,0.02196806792857061,0.019353548148058706
QQQ,2021,2021-06-07,2021-06-08,0.004626230016473443,0.00692436176315371,0.010082584368245252,0.012736919597108463,0.013739119650293806,0.015707225089117018,0.5039887517833528,0.012588681567553826,0.010058786166809774,0.004846288890185457,False,850,45583.601247968625,0.20738231968338852,0.07798667247229783,0.018917710085245246
SPY,2021,2021-06-07,2021-06-08,0.0009465294965584903,0.0037625034943309693,0.004906487524441484,0.00867837434784461,0.008937186960455899,0.010846127015068683,0.4209941574433661,0.00683033781029319,0.006637747379918624,0.0019616331474096027,False,1046,101550.78451276314,0.20026354848840802,0.1208094892176203,0.012476091476939798
IWM,2021,2021-06-08,2021-06-09,0.007266089818769528,0.015137753117802587,0.008553760161236903,0.012753090521260365,0.01583149456919902,0.017887190483287973,0.9561796614738989,0.011389927800718668,0.011083200302824059,0.009420215001662458,False,260,35090.61090074491,0.15803620040802557,0.12929370859427639,0.017518448312410156
QQQ,2021,2021-06-08,2021-06-09,0.004846288890185457,0.012588681567553826,0.009753249996933694,0.011213966522394281,0.012950358965364096,0.015045886248548213,0.9720720175573835,0.006860476186823485,0.004515133102058977,0.003932983520219646,False,908,51216.91697897346,0.10849741877947278,0.06960356146117219,0.017748337728547982
SPY,2021,2021-06-08,2021-06-09,0.0019616331474096027,0.00683033781029319,0.004823595535706679,0.008356997474890378,0.008604359180829059,0.010604431788098395,0.7938229526158698,0.004371676675492086,0.004200158986000346,0.0036154799512676528,False,1100,116948.2415972557,0.2429888189599866,0.16951623472784105,0.011747665930501933
IWM,2021,2021-06-09,2021-06-10,0.009420215001662458,0.011389927800718668,0.009868941171512245,0.012864842190063785,0.01563668610679181,0.017099357749101256,0.7284105930713441,0.01497749512954296,0.012985815551261437,0.010359090004992355,False,316,42311.43869894713,0.05647462174256325,0.03698117543812149,0.018853381572684968
QQQ,2021,2021-06-09,2021-06-10,0.003932983520219646,0.006860476186823485,0.009802707657852884,0.011196218105302662,0.01283426929179029,0.014299049680567267,0.5345435747722648,0.011061954511531406,0.00969776384233123,0.009371581717220412,False,922,49540.11357955508,0.09146503501251833,0.05066529662439728,0.018806566777946537
SPY,2021,2021-06-09,2021-06-10,0.0036154799512676528,0.004371676675492086,0.004964981413846795,0.00807395494600673,0.008046729369369402,0.009880761854436532,0.5432861569985523,0.0072820530359096,0.003948395738304189,0.0015367739493474808,False,1101,106138.20705273407,0.30051856053501913,0.1631921586141254,0.012870084926931404
IWM,2021,2021-06-10,2021-06-11,0.010359090004992355,0.01497749512954296,0.010021419295215765,0.0102807325673115,0.015313838577311875,0.01615495669784888,0.9780366335931461,0.0075119222953299826,0.006513243509002065,0.006079000772612808,False,300,47220.25892842091,0.265083744534704,0.1104453717460254,0.01675471804159893
QQQ,2021,2021-06-10,2021-06-11,0.009371581717220412,0.011061954511531406,0.007288520159513395,0.009244166727942293,0.012679915333097026,0.013421779694345399,0.8723997141098861,0.004583375325340924,0.0026149215146962224,0.0025855121656075397,False,881,51302.59424752321,0.2881353507829933,0.1643157627710692,0.01576312797226636
SPY,2021,2021-06-10,2021-06-11,0.0015367739493474808,0.0072820530359096,0.004522392070800636,0.0061882115728639706,0.007557431177999741,0.009013530096448803,0.9635619384941556,0.003795344896823683,0.0032638116903354053,0.00025927710607609455,False,1129,131364.75960565137,0.3487403806791457,0.21010139373327685,0.011121959659219296
IWM,2021,2021-06-11,2021-06-14,0.006079000772612808,0.0075119222953299826,0.010663365531569954,0.009842452563542183,0.015057624123672774,0.015373373704156413,0.49887832460369025,0.013817772578029288,0.009429035259843399,0.005552896128835139,False,260,32651.37991789387,0.04464486286259643,0.03540740272520263,0.019570602163083945
QQQ,2021,2021-06-11,2021-06-14,0.0025855121656075397,0.004583375325340924,0.004141833823540777,0.00919499924317249,0.011825318039542617,0.01278157164098626,0.38759002591005165,0.011882456232801038,0.008311860216484668,0.008282653800362194,False,826,41483.03854077381,0.23611699866018904,0.19695800067999747,0.0165367668875518
SPY,2021,2021-06-11,2021-06-14,0.00025927710607609455,0.003795344896823683,0.0024630820213945373,0.00574258940638563,0.0073228892325237415,0.00834763773311566,0.5182851708267155,0.005348323758556577,0.003143433120017969,0.001955604231951069,False,1044,101823.84183118712,0.27654280600569897,0.22680622931124864,0.012238776577556685
IWM,2021,2021-06-14,2021-06-15,0.005552896128835139,0.013817772578029288,0.00941153521049557,0.008624127289309709,0.014397633853786125,0.014738152861392063,0.9597252380741471,0.012937026463885155,0.011554619393448373,0.0032883113659231133,True,260,38233.34690407395,0.2643846187023496,0.23747884727040774,0.01952842913893608
QQQ,2021,2021-06-14,2021-06-15,0.008282653800362194,0.011882456232801038,0.0049665793165935375,0.00823041830387407,0.011472205372166222,0.012125444318438625,1.035760418099746,0.008571879294929098,0.007700881258540848,0.005491745356322353,True,882,36785.87811647376,0.2880963878921309,0.23127283599397197,0.015579511893901653
SPY,2021,2021-06-14,2021-06-15,0.001955604231951069,0.005348323758556577,0.0022955232874029047,0.00476689873461945,0.007288236597666808,0.007736462358660131,0.7338296015621587,0.00451314665402406,0.00443878935846298,0.0022095867889062593,True,1116,96981.14704664459,0.29816251835385427,0.23538755050613924,0.012413124903179716
IWM,2021,2021-06-15,2021-06-16,0.0032883113659231133,0.012937026463885155,0.007557300324068823,0.008698256178387563,0.013731253317179875,0.014595761619210631,0.9421591871514727,0.01323462484336823,0.009049365507455054,0.0007400878154282253,True,252,42784.62952233469,0.24215160932967847,0.2137625318339983,0.018183755606492755
QQQ,2021,2021-06-15,2021-06-16,0.005491745356322353,0.008571879294929098,0.007011848164136047,0.00825718695137916,0.010946174207017528,0.011802633264319854,0.7830936300496403,0.018643824219314847,0.015676330822291584,0.00504750107382268,True,885,42874.715114367646,0.14896251702681174,0.1163828709911334,0.016046225436334386
SPY,2021,2021-06-15,2021-06-16,0.0022095867889062593,0.00451314665402406,0.002715901334248952,0.004741344092452162,0.007056195423101395,0.007575724047818651,0.6396005755804883,0.011657164195966789,0.011216401468058912,0.005934624266472843,True,1077,115545.03632471031,0.29852646412812117,0.24839934883474368,0.011358738925819437
IWM,2021,2021-06-16,2021-06-17,0.0007400878154282253,0.01323462484336823,0.007143809110482079,0.008462480031991241,0.013439679449849345,0.014403888066175683,0.9847425969312524,0.024777493193484622,0.02102263108357727,0.008506421917222506,True,295,53814.85024946151,0.2588393344779904,0.2155559520098737,0.017978845229055518
QQQ,2021,2021-06-16,2021-06-17,0.00504750107382268,0.018643824219314847,0.007621012921723371,0.008097788813874391,0.010946174207017528,0.012010199859257465,1.7032274351492052,0.019001651415956555,0.018854615522232887,0.015795496949454035,True,928,57976.76838550948,0.23586105483368897,0.148220190445101,0.01721505520683173
SPY,2021,2021-06-16,2021-06-17,0.005934624266472843,0.011657164195966789,0.003988650812643756,0.0044548824018491055,0.007056195423101395,0.007642566534831173,1.6520466762870831,0.008774590489316893,0.005604326200677967,0.0007114278545210517,True,1098,119611.97695571264,0.3145996257330244,0.2087104800680274,0.013114302749447124
IWM,2021,2021-06-17,2021-06-18,0.008506421917222506,0.024777493193484622,0.007809052399711464,0.00871516487368359,0.013439679449849345,0.014366831374894907,1.8436074525395298,0.020607960094957828,0.011622086594678338,0.007018292744067178,True,302,65044.75588763768,0.1942737403473087,0.15469665843891273,0.015421548127074018
QQQ,2021,2021-06-17,2021-06-18,0.015795496949454035,0.019001651415956555,0.00825527860707254,0.00837566345937998,0.010946174207017528,0.011933238941442941,1.7359171393211255,0.008584850464490978,0.0051776154188674095,0.002910106759568376,True,873,62696.854793093175,0.29701062928868716,0.24103903184372996,0.015418419170570737
SPY,2021,2021-06-17,2021-06-18,0.0007114278545210517,0.008774590489316893,0.0031390828319241243,0.004379472896883817,0.007056195423101395,0.0072785355371567315,1.2435299709230863,0.007504314159332504,0.00576316387872744,0.005202673114217626,True,1120,153351.7289027659,0.4304476719293285,0.3282178307195297,0.01087408417658316
IWM,2021,2021-06-18,2021-06-21,0.007018292744067178,0.020607960094957828,0.00883834687695771,0.01025103568252971,0.013439679449849345,0.014909814535409623,1.5333669357113155,0.018835086646833307,0.015398334752288356,0.012631117127906988,True,250,28129.878407765646,0.0946594784322756,0.023631709665027267,0.019519308049114798
QQQ,2021,2021-06-18,2021-06-21,0.002910106759568376,0.008584850464490978,0.009578850671594518,0.00784972087260302,0.009980090126484858,0.011333524562200182,0.8601976891680332,0.013258209391781973,0.006702921711622123,0.0056361671496707455,True,826,35408.01863616993,0.17637020296885175,0.08535481617654456,0.016242475797252996
SPY,2021,2021-06-18,2021-06-21,0.005202673114217626,0.007504314159332504,0.007417410154597742,0.005447979986268966,0.007056195423101395,0.007437781818700454,1.0635071322945515,0.012308073495819428,0.0102207530959455,0.009740877345251864,True,977,67765.93175331064,0.17402454474881715,0.06963564853974583,0.016583405007922485
IWM,2021,2021-06-21,2021-06-22,0.012631117127906988,0.018835086646833307,0.016200979957928706,0.011249209927252394,0.01352619871069876,0.015430326869916897,1.3924892757885774,0.016307961160255992,0.009457724617672136,0.0072479752449805535,False,254,35656.05154939882,0.18098941693990583,0.058057604009963695,0.019069568127302476
QQQ,2021,2021-06-21,2021-06-22,0.0056361671496707455,0.013258209391781973,0.00872178200734596,0.007663419678401701,0.009980090126484858,0.011354383535077636,1.3284658979779895,0.012174931035060677,0.011274168100027682,0.00993756643437016,False,815,40629.28747667253,0.2152652586026921,0.10121347304839637,0.016482368185587754
SPY,2021,2021-06-21,2021-06-22,0.009740877345251864,0.012308073495819428,0.011159780470446986,0.006314713569989359,0.007056195423101395,0.007726178948251583,1.7442931718591328,0.009314514365885923,0.007484837473685557,0.005370034965595405,False,878,88084.63304044824,0.25464636678854,0.13079909056730557,0.013509034106011434
IWM,2021,2021-06-22,2021-06-23,0.0072479752449805535,0.016307961160255992,0.016607584111205453,0.011212803465710424,0.014397633853786125,0.015679820349724097,1.1326834204751992,0.008640735002579718,0.00864073500257967,0.0029387172805932504,False,262,38257.07984677474,0.1659674353982797,0.0678958770718678,0.018587608677544717
QQQ,2021,2021-06-22,2021-06-23,0.00993756643437016,0.012174931035060677,0.00866106553419665,0.007094328974350178,0.009980090126484858,0.01092761937628978,1.2199219526836955,0.005870359090656814,0.004057447620171795,0.0006617952354959211,False,812,45009.315448337526,0.19913752401730592,0.14902831871046449,0.01569593607782349
SPY,2021,2021-06-22,2021-06-23,0.005370034965595405,0.009314514365885923,0.011642529887989453,0.006018279810422319,0.007056195423101395,0.00754360653964691,1.3200476754641715,0.0036389754447400282,0.0020321494992820988,0.001394164168545764,False,1014,113067.77605530608,0.43266604259986563,0.31110132504570503,0.011093809763660306
IWM,2021,2021-06-23,2021-06-24,0.0029387172805932504,0.008640735002579718,0.01677522858416188,0.010903160608454678,0.01352619871069876,0.015108782076591793,0.638814731868843,0.01386234359939803,0.0077785876190825665,0.007691657874230318,False,309,41990.91922190247,0.08920088489658543,0.0565807380086481,0.018501997378572225
QQQ,2021,2021-06-23,2021-06-24,0.0006617952354959211,0.005870359090656814,0.00802709550546238,0.007102833171801087,0.009707622183497314,0.010762455689718427,0.604716477391988,0.006547845353292461,0.004946617145812127,0.0004575062393361584,False,885,47524.886097692055,0.09667070622537549,0.0663419599324977,0.01675785647764013
SPY,2021,2021-06-23,2021-06-24,0.001394164168545764,0.0036389754447400282,0.011333835368552729,0.005998550608751212,0.006089330784424883,0.007357004631952104,0.5975985824333433,0.00218878449414902,0.0015532799589967894,0.0004942254414990188,False,1025,107981.27609160385,0.22469333271803432,0.1520481560118144,0.0115414783090363
IWM,2021,2021-06-24,2021-06-25,0.007691657874230318,0.01386234359939803,0.016721631418841282,0.010584967056322635,0.01352619871069876,0.014809226167230405,1.0248513936464199,0.007146255586070799,0.004821604065384566,4.3025989602707426e-05,False,309,39875.88747697047,0.1359337980687415,0.10294926664623794,0.017433315857324792
QQQ,2021,2021-06-24,2021-06-25,0.0004575062393361584,0.006547845353292461,0.006663541153862501,0.0071540374791089585,0.009707622183497314,0.011048070591119105,0.6745055822654095,0.005364239096825282,0.004672643331969484,0.0028818722347335735,False,891,51510.69604200475,0.25566440620395536,0.17286428486055075,0.014940092822424197
SPY,2021,2021-06-24,2021-06-25,0.0004942254414990188,0.00218878449414902,0.011590516985605532,0.006111860981139183,0.006089330784424883,0.007484870308018442,0.35944581952214366,0.003615892385516625,0.002794088890490709,0.0016670379555128179,False,1081,132963.05095797323,0.47687333535537385,0.3573683996131906,0.009758258388215648
IWM,2021,2021-06-25,2021-06-28,4.3025989602707426e-05,0.007146255586070799,0.008450999275907405,0.010400254875160211,0.01352619871069876,0.014493326222845281,0.5283269704161861,0.01644846699567499,0.01516807778947471,0.007750615781873971,False,241,25020.881210095336,0.09238632704258282,0.05456279770065383,0.019739495448687406
QQQ,2021,2021-06-25,2021-06-28,0.0028818722347335735,0.005364239096825282,0.004296756719794118,0.007063290923933126,0.009707622183497314,0.011036896672247876,0.5525801267734068,0.008922985614073826,0.008751945193290034,0.008352792878663307,False,836,42525.794399220686,0.20169851994099858,0.1293427369157562,0.01757786872074955
SPY,2021,2021-06-25,2021-06-28,0.0016670379555128179,0.003615892385516625,0.00562665552226007,0.006143852885726511,0.006089330784424883,0.007512520991946543,0.5938078441665957,0.004120090813314114,0.003005467926627592,0.0007022679109929264,False,1038,95154.57089101837,0.3289304739712711,0.238348312070597,0.012176949415656209
IWM,2021,2021-06-28,2021-06-29,0.007750615781873971,0.01644846699567499,0.007860521834776825,0.010604345776239683,0.01384005808871366,0.014843640391728332,1.1884680606281879,0.012801070405095353,0.010753120641411984,0.008173677397267487,False,256,35290.27401349232,0.2296309393682142,0.18403798535115304,0.017147610038816485
QQQ,2021,2021-06-28,2021-06-29,0.008352792878663307,0.008922985614073826,0.005695882974028864,0.007389714093502192,0.009876689758288738,0.01126096085950346,0.9034388881745989,0.006647174480388444,0.004214607641557455,0.004129752666306441,False,784,41734.12029463714,0.3418033964262172,0.2520144205747108,0.015329065606191147
SPY,2021,2021-06-28,2021-06-29,0.0007022679109929264,0.004120090813314114,0.00286731843578246,0.006145824026317569,0.006089330784424883,0.007485068541086095,0.6766081461451174,0.0033420413654825856,0.0017559056760851899,0.00042066157270082005,False,1041,96376.45104704789,0.29007932225872174,0.2033688411256752,0.011514672830224237
IWM,2021,2021-06-29,2021-06-30,0.008173677397267487,0.012801070405095353,0.008522468694295312,0.01039782902765971,0.01384005808871366,0.014807396442185886,0.9249289506620217,0.011196207678631274,0.007303798260718253,0.0031489229823862264,False,239,39951.18573190686,0.3308395953042957,0.27436349872679106,0.014642687046452442
QQQ,2021,2021-06-29,2021-06-30,0.004129752666306441,0.006647174480388444,0.005265271144357239,0.007243205658320925,0.008753918039282403,0.010940316633709112,0.7593370706191055,0.003945620345075789,0.002826216086679212,0.0011272832387938525,False,771,46258.9626909455,0.17313026198760903,0.10746600963352611,0.015344076961384465
SPY,2021,2021-06-29,2021-06-30,0.00042066157270082005,0.0033420413654825856,0.00273953521556208,0.006132419414060291,0.004981655829774721,0.007233324486415731,0.670869582259704,0.003745245044634843,0.003675024825312123,0.0019896681269566674,False,970,120377.57921424786,0.3642790679902447,0.28948069172169,0.010235853942232922
IWM,2021,2021-06-30,2021-07-01,0.0031489229823862264,0.011196207678631274,0.008453025329060337,0.010395949990894424,0.01384005808871366,0.014907310602820485,0.808971147871236,0.009271692787506634,0.0047886065586020266,0.0025128973492902773,False,247,32069.456342765046,0.29898934792322845,0.22235030119724594,0.01640095146662074
QQQ,2021,2021-06-30,2021-07-01,0.0011272832387938525,0.003945620345075789,0.005697175300563146,0.007319214802925433,0.008753918039282403,0.010740900343200872,0.45072621509250826,0.006806573875946957,0.003941291474720332,0.0014121501105914813,False,819,38805.98165686166,0.2300976568837475,0.13604925602521206,0.01709593703159653
SPY,2021,2021-06-30,2021-07-01,0.0019896681269566674,0.003745245044634843,0.0022125390961502444,0.0061307919216885935,0.0049307352062903185,0.007189237920458419,0.759571319071626,0.004197118779678269,0.004033882076211581,0.003637460247521984,False,983,90921.910420969,0.38994926438244715,0.25056052556474256,0.012128597308376248
IWM,2021,2021-07-01,2021-07-02,0.0025128973492902773,0.009271692787506634,0.0064241486238611105,0.010353522195874551,0.01352619871069876,0.014508492612361326,0.685461820117506,0.015172432208883351,0.015050763380080934,0.012112058442214413,False,262,31268.241448770128,0.12093475383694953,0.07326958242755388,0.016886880677859768
QQQ,2021,2021-07-01,2021-07-02,0.0014121501105914813,0.006806573875946957,0.0056879276200304816,0.006638814532955551,0.008578364879710039,0.010302702064945763,0.7934581906216408,0.007545165837259951,0.006872019192554424,0.0059464425560844525,False,835,46112.20869372743,0.3001104102873664,0.20922768783126086,0.015137569376000998
SPY,2021,2021-07-01,2021-07-02,0.003637460247521984,0.004197118779678269,0.0020713035924246836,0.006111067395296127,0.0044424116647580735,0.007004163409181826,0.9447838463450543,0.008293411584038785,0.005629283017565934,0.004748969650892665,False,1142,103666.4697560428,0.31031305667997744,0.2161157015744853,0.011557513796972174
IWM,2021,2021-07-02,2021-07-06,0.012112058442214413,0.015172432208883351,0.007387762739708082,0.01058865439491431,0.01384005808871366,0.014860583338163747,1.0962694023124238,0.024372216523387107,0.024523185835110484,0.01525985346479819,False,210,23141.328708384535,0.1608742920440803,0.03709078614875746,0.020347731879459447
QQQ,2021,2021-07-02,2021-07-06,0.0059464425560844525,0.007545165837259951,0.00631283705447038,0.006153380501534159,0.008058522566094524,0.010004989608071361,0.9362964210096683,0.011106220128859166,0.007770258933298191,0.0025886339990581764,False,751,27959.300940663936,0.25634081926770097,0.05095004113462253,0.016768464053649988
SPY,2021,2021-07-02,2021-07-06,0.004748969650892665,0.008293411584038785,0.003130014346481345,0.006019283390975624,0.0044424116647580735,0.006934981193997933,1.8668714675478935,0.009221264261276283,0.008767212223098397,0.0019595327260538697,False,1012,63194.770980020505,0.24035187543856218,0.08545608733498322,0.014495156559386676
IWM,2021,2021-07-06,2021-07-07,0.01525985346479819,0.024372216523387107,0.008984372439590962,0.010630969402269073,0.01384005808871366,0.015303932950388413,1.760990912549872,0.02159260114461894,0.01686199361098417,0.007892164725919248,False,204,30657.64354119288,0.17931974436879533,0.0345321394168105,0.018444171073568515
QQQ,2021,2021-07-06,2021-07-07,0.0025886339990581764,0.011106220128859166,0.004991557897329136,0.006156523201007271,0.008578364879710039,0.010215609934757293,1.294677981712824,0.010539404595292892,0.009778820253387499,0.004138501722944388,False,763,31609.75630067996,0.24978872418217954,0.07414093775903008,0.015943739436567298
SPY,2021,2021-07-06,2021-07-07,0.0019595327260538697,0.009221264261276283,0.0039031986470860255,0.0060392826247714125,0.0049307352062903185,0.007207987468318229,1.8701601030029722,0.007494350349478553,0.0049824890450447246,0.0018447350140966545,False,1099,81744.31419869617,0.38337996505688027,0.2375912499708675,0.011822189898436551
IWM,2021,2021-07-07,2021-07-08,0.007892164725919248,0.02159260114461894,0.00930698812870816,0.010422779470152556,0.01384005808871366,0.015622649520996689,1.56015249402944,0.02840725820479103,0.021750053921670842,0.010897813215331897,False,250,36005.13988729774,0.08899154383289827,0.03253563773191821,0.018859542081610243
QQQ,2021,2021-07-07,2021-07-08,0.004138501722944388,0.010539404595292892,0.005039096259906636,0.006126281996154464,0.008578364879710039,0.010113086622582267,1.2286029730702175,0.01470169396840735,0.010991183924903503,0.008517453371774675,False,768,36861.2300328889,0.2986964208038142,0.1479021773318428,0.014875403994330894
SPY,2021,2021-07-07,2021-07-08,0.0018447350140966545,0.007494350349478553,0.0037442978394563813,0.006054209626490578,0.0049307352062903185,0.00724107575749631,1.519925535631631,0.00981860624245966,0.0068800135627353765,0.004990938603782746,False,1155,79512.7885004124,0.3521589870901482,0.17755508352230398,0.012165171116302175
IWM,2021,2021-07-08,2021-07-09,0.010897813215331897,0.02840725820479103,0.008981396772971875,0.010498769366331265,0.014419919364470495,0.016443679304579833,1.9700011828626585,0.013874021054351267,0.010215887083873554,0.009903645540840778,False,253,35436.35961246324,0.09348733201614205,0.04243926131850382,0.019170741880833918
QQQ,2021,2021-07-08,2021-07-09,0.008517453371774675,0.01470169396840735,0.006352844938563183,0.006453842068908319,0.008753918039282403,0.010673183801483108,1.6794415828929228,0.010972422392848303,0.00929722323875537,0.007929185111594128,False,805,43932.565713465156,0.30866012999508907,0.17482880466094367,0.014616788668169275
SPY,2021,2021-07-08,2021-07-09,0.004990938603782746,0.00981860624245966,0.006367426118811139,0.006397108681788173,0.006315188397233089,0.007820718988541569,1.5547606223056696,0.01186046030862738,0.007652642748330329,0.0069127927376446685,False,1143,94364.3583949281,0.3596594233781881,0.2370506717685573,0.012325112721261034
IWM,2021,2021-07-09,2021-07-12,0.009903645540840778,0.013874021054351267,0.014374116289140962,0.011562220264803023,0.013868182326874649,0.016764971433319644,1.000421016059567,0.010374163695771293,0.005896443719854094,0.004477787624388663,False,206,28404.301435607977,0.09173316357529027,0.07999502172876903,0.018412659820627297
QQQ,2021,2021-07-09,2021-07-12,0.007929185111594128,0.010972422392848303,0.006417256748097613,0.006272185495049285,0.008753918039282403,0.010667215012792625,1.2534298748983672,0.005683619828367362,0.004489720076081172,8.276666653761477e-05,False,721,34863.7034864038,0.221509028579427,0.12833135884006514,0.016245299406363562
SPY,2021,2021-07-09,2021-07-12,0.0069127927376446685,0.01186046030862738,0.007522151077594005,0.0067070937597942,0.006421337054017566,0.008050723772612772,1.8470390525921356,0.005465872638186957,0.004409465264290979,0.003789343692989444,False,1079,76038.19341634825,0.31099303937977624,0.2300928521234892,0.012825622991865317
IWM,2021,2021-07-12,2021-07-13,0.004477787624388663,0.010374163695771293,0.01417795418937617,0.011270512296386617,0.013868182326874649,0.01673225338121844,0.7480550407581228,0.01562848794225033,0.013545110657462889,0.013008891938734779,True,207,32515.522883677957,0.11737501608388413,0.10204942348818687,0.017536394217196608
QQQ,2021,2021-07-12,2021-07-13,8.276666653761477e-05,0.005683619828367362,0.004785941123478027,0.006274984834554362,0.008753918039282403,0.010723354064227461,0.6492658262120619,0.010855433773533995,0.009501981750146049,0.001077299256284192,True,707,35313.623973621405,0.20568859657208477,0.13221381572183874,0.016116308145960864
SPY,2021,2021-07-12,2021-07-13,0.003789343692989444,0.005465872638186957,0.007013267262055441,0.006724637290731123,0.006480111493832755,0.008133929367916135,0.843484351062313,0.005799557206888813,0.003667719923283519,0.001489991543726088,True,1080,72336.60734664768,0.33229975425702646,0.23806961092842885,0.012145312060682454
IWM,2021,2021-07-13,2021-07-14,0.013008891938734779,0.01562848794225033,0.01520911240624067,0.011950967357650834,0.014523226631617309,0.016999515375459053,1.0761030133776779,0.025971111636615064,0.02361017428532075,0.021635203841687045,True,208,37075.43238209706,0.10450172012403855,0.059433212854368506,0.01786720867492037
QQQ,2021,2021-07-13,2021-07-14,0.001077299256284192,0.010855433773533995,0.0046752119307881665,0.006112378892765827,0.008753918039282403,0.010670652767794239,1.2400657311184813,0.008963048910520832,0.007205525213314301,0.004824107975834546,True,722,40078.619714361084,0.24445815409378624,0.1650967156130272,0.014354340435424745
SPY,2021,2021-07-13,2021-07-14,0.001489991543726088,0.005799557206888813,0.0072372201582086,0.006810247609606433,0.006646953778183683,0.008155858124797145,0.8725135453662767,0.006881595353513774,0.005725299977945575,0.0026520431602564676,True,1134,95862.76228866437,0.37720987459181937,0.30069498868304756,0.010484535814416936
IWM,2021,2021-07-14,2021-07-15,0.021635203841687045,0.025971111636615064,0.016059243520698496,0.012331112074910479,0.01540046007556684,0.017659176135447076,1.6863854397323357,0.018913809312561543,0.013445609736774111,0.0009181331614609434,True,252,38190.555023437766,0.11253115260561818,0.05410234630195268,0.016984447496419322
QQQ,2021,2021-07-14,2021-07-15,0.004824107975834546,0.008963048910520832,0.004662678350344215,0.005732743593800837,0.008943017262297329,0.010687832611614703,1.0022399205587977,0.013031050865515247,0.01260955096523353,0.006777293234334403,True,748,41429.88815175548,0.1635140498805628,0.11499870554962945,0.01509244676392249
SPY,2021,2021-07-14,2021-07-15,0.0026520431602564676,0.006881595353513774,0.007132743512728352,0.006772172779855568,0.0071879728514961634,0.008275625403533646,0.9573763696229574,0.00646258727805605,0.004829904631158177,0.00013798569244183323,True,1060,93590.47560182476,0.37640031984247874,0.2932072844994494,0.010503803187015714
IWM,2021,2021-07-15,2021-07-16,0.0009181331614609434,0.018913809312561543,0.01586607654080653,0.012351105890911394,0.01596822455125316,0.017940537694168868,1.1844653894898551,0.024609942305632647,0.024991843054245066,0.022198993959718583,True,256,42075.792251716695,0.1890135456436328,0.11566085195523342,0.016577812681337893
QQQ,2021,2021-07-15,2021-07-16,0.006777293234334403,0.013031050865515247,0.005048350400290083,0.00598189643068621,0.008943017262297329,0.010405725148271662,1.4571201735741437,0.014305516090338451,0.011644843174976272,0.010514631591435952,True,743,48773.62500316581,0.4260697057595942,0.2893076009590128,0.011159106620904401
SPY,2021,2021-07-15,2021-07-16,0.00013798569244183323,0.00646258727805605,0.005838783448254231,0.006671298554353582,0.006672091315784912,0.008096007628776512,0.9685999444831915,0.011788683781875439,0.011811928384115822,0.010710794071550622,True,1135,106563.18753375844,0.42971364183123184,0.33381877624592465,0.008477337209410315
IWM,2021,2021-07-16,2021-07-19,0.022198993959718583,0.024609942305632647,0.007889433367978349,0.012393248445264885,0.01596822455125316,0.017947994407608855,1.5411821287108152,0.025637344021753935,0.01813602989543206,0.005222384367025823,True,200,16849.595988781733,0.1016015382630245,0.04870902512392887,0.021195115189614998
QQQ,2021,2021-07-16,2021-07-19,0.010514631591435952,0.014305516090338451,0.005376785423897933,0.005978894337752607,0.008943017262297329,0.010175561873084178,1.5996297078222987,0.008868759325294724,0.005709519370695082,0.0017512375544217473,True,703,28402.192277519775,0.1960599034607846,0.16238493031513032,0.014119141079208579
SPY,2021,2021-07-16,2021-07-19,0.010710794071550622,0.011788683781875439,0.004512674980395867,0.006983844309886953,0.006672091315784912,0.008248877909780496,1.7668648739842083,0.022149751020271967,0.012248061171779234,0.0028625758786325894,True,1086,54001.98929200022,0.2744132346427353,0.14837647074252514,0.012629925084910261
IWM,2021,2021-07-19,2021-07-20,0.005222384367025823,0.025637344021753935,0.004931265438604489,0.011845971783017375,0.01596822455125316,0.017965310694643195,1.605522513756356,0.0377474546692794,0.03331765987698487,0.028746494774943177,False,200,20116.234570782955,0.03310689579633235,0.014972046278510304,0.02366599452812335
QQQ,2021,2021-07-19,2021-07-20,0.0017512375544217473,0.008868759325294724,0.004812282902172383,0.006008606994548583,0.008943017262297329,0.010449113567156451,0.9916965454919038,0.018221215581805096,0.013075369998705844,0.008885649744741375,False,716,27673.53470834139,0.1743368481995083,0.09259977372712866,0.016095553798296434
SPY,2021,2021-07-19,2021-07-20,0.0028625758786325894,0.022149751020271967,0.006102375320935636,0.006732187857746726,0.006672091315784912,0.008481708244675333,3.3197613719509245,0.017830358452504688,0.015833538968054395,0.012638613454661884,False,1157,44769.27920546626,0.18139497729059412,0.11502713509394069,0.01653604623058083
IWM,2021,2021-07-20,2021-07-21,0.028746494774943177,0.0377474546692794,0.01967753778862733,0.013002178529220679,0.01596822455125316,0.018648122538362975,2.363910561761047,0.013032584416148798,0.012622484898526798,0.011893372734778973,False,216,28690.677906784418,0.15844681372365066,0.08315380635981359,0.018207525942390713
QQQ,2021,2021-07-20,2021-07-21,0.008885649744741375,0.018221215581805096,0.008668803710777303,0.006367388459296571,0.008943017262297329,0.01070011683835749,2.037479638848906,0.009599560158546629,0.008957698898854893,0.008957698898854893,False,717,36192.862735688774,0.3307923604416043,0.26947708610080495,0.01273373377894544
SPY,2021,2021-07-20,2021-07-21,0.012638613454661884,0.017830358452504688,0.010932072186616336,0.006733670083096211,0.006672091315784912,0.008634815882328907,2.672379259906323,0.008534955064676386,0.005458703541497467,0.005111697908585233,False,1158,74175.82877837964,0.3506739254830419,0.24799562960107507,0.012040628364508843
IWM,2021,2021-07-21,2021-07-22,0.011893372734778973,0.013032584416148798,0.02013022980228104,0.013624501709189416,0.01540046007556684,0.018732763366808357,0.8462464336909825,0.019641444984648888,0.017878478522437513,0.013274946607673588,False,270,38443.028733188694,0.1407006687626873,0.07483328061320736,0.019925486568054703
QQQ,2021,2021-07-21,2021-07-22,0.008957698898854893,0.009599560158546629,0.009662300421509205,0.006280933849311994,0.008943017262297329,0.010571130888029487,1.0734140253779008,0.006053576880097388,0.006053576880097333,0.00602599236963508,False,742,48179.98932677811,0.36204121654128235,0.27745613622179865,0.013821313653714164
SPY,2021,2021-07-21,2021-07-22,0.005111697908585233,0.008534955064676386,0.011827908642560489,0.006849455817919305,0.006672091315784912,0.008597116154261867,1.2792023760952267,0.004669454903843724,0.0024210560240216505,0.001656165149000799,False,1080,92760.41610193807,0.29821395227211533,0.15759939818798785,0.012970493781836357
IWM,2021,2021-07-22,2021-07-23,0.013274946607673588,0.019641444984648888,0.02169771922151444,0.013962131734074602,0.01603847746896266,0.01929175919913092,1.224645233480461,0.013826321706663706,0.013646173090702707,0.0014553694116340443,False,242,50034.8309515609,0.18319588516188914,0.1118667256031963,0.01680340815598838
QQQ,2021,2021-07-22,2021-07-23,0.00602599236963508,0.006053576880097388,0.009385271714553884,0.0063524852957179585,0.008943017262297329,0.010609557879916036,0.6769054226942545,0.012509859673105786,0.008704915543055192,0.007911129363422198,False,688,47488.57500014527,0.17309323464890614,0.10381639888419103,0.013936548541664354
SPY,2021,2021-07-22,2021-07-23,0.001656165149000799,0.004669454903843724,0.011770520463685371,0.006824177707659372,0.006672091315784912,0.00864870780121584,0.6998487704742099,0.008022443171018624,0.006353992615432347,0.0055312065471337934,False,1050,113778.39874896852,0.3616323206671122,0.25122529761129814,0.011251977424076586
IWM,2021,2021-07-23,2021-07-26,0.0014553694116340443,0.013826321706663706,0.02037912131629744,0.01353473019701916,0.01603847746896266,0.019276652233966508,0.8620719599737647,0.013158533342278546,0.007532118819849387,0.0009074683460957855,False,200,35721.17385075714,0.17567927142969128,0.07717875027574733,0.021793400757705514
QQQ,2021,2021-07-23,2021-07-26,0.007911129363422198,0.012509859673105786,0.008192983091102347,0.006641494397780682,0.00928130453453373,0.010702505592200838,1.3478557487861,0.006231485498316214,0.0038096940087255504,0.0027211625529235395,False,660,27671.461622534654,0.21162335215674602,0.10130653228729364,0.0188276174425922
SPY,2021,2021-07-23,2021-07-26,0.0055312065471337934,0.008022443171018624,0.011389720237512814,0.007038987371114096,0.0071879728514961634,0.008855413913831003,1.1160925808656563,0.004029020562947238,0.003915233503134052,0.003892448304343654,False,1062,71106.87409594303,0.309541016865737,0.14738165724101848,0.013445763772796365
IWM,2021,2021-07-26,2021-07-27,0.0009074683460957855,0.013158533342278546,0.017489116355812,0.013558263320807453,0.01603847746896266,0.01957916700394317,0.8204353167401753,0.01689419223343572,0.01685388402697141,0.0063467395302138074,False,200,39201.31859805687,0.17045207576017454,0.07943423343153658,0.02078922728487164
QQQ,2021,2021-07-26,2021-07-27,0.0027211625529235395,0.006231485498316214,0.00447567017122852,0.006595861529783224,0.00928130453453373,0.01074482249013183,0.6714018999301447,0.021889081342332518,0.022378935685916312,0.010292782935086175,False,704,27209.30681493428,0.21602981087109857,0.10085780939926388,0.01666479915010362
SPY,2021,2021-07-26,2021-07-27,0.003892448304343654,0.004029020562947238,0.005230890890489853,0.00702839484333509,0.0071879728514961634,0.008822515037636283,0.5605225069970324,0.00897913703745918,0.00899106290405216,0.0020458591279857163,False,1158,74474.20015978321,0.3282054518786709,0.1703075937718604,0.013262746534081717
IWM,2021,2021-07-27,2021-07-28,0.0063467395302138074,0.01689419223343572,0.013363717666620242,0.013661533243546345,0.016261340087843024,0.01984912321137015,1.0389175887211053,0.023698641284960045,0.016392677341966255,0.008310535727026336,False,201,40697.957466833366,0.1709371596017099,0.1267451984859498,0.019407012171432078
QQQ,2021,2021-07-27,2021-07-28,0.010292782935086175,0.021889081342332518,0.008830205162096226,0.006871969300643562,0.01006948237691976,0.011246995117309,2.1738040271567916,0.011515377194671678,0.006497125681613092,0.0006290494116809597,False,691,36273.870988068884,0.23636909778704654,0.16049943397271488,0.017168565862920798
SPY,2021,2021-07-27,2021-07-28,0.0020458591279857163,0.00897913703745918,0.005810394218550582,0.007164529344953197,0.007758396760248589,0.009186508864384284,1.1573443992275896,0.0068003781936464185,0.005419485331729534,0.0019332380769538915,False,1083,93130.63142403525,0.3683431109565087,0.22003504475765126,0.011946256026628568
IWM,2021,2021-07-28,2021-07-29,0.008310535727026336,0.023698641284960045,0.012548531793452123,0.01419503611274862,0.017904000772998634,0.020399321597749414,1.3236505954970925,0.01032363715188896,0.007406118788981342,0.0012118543103735169,False,251,45035.82157251572,0.1976201928824513,0.09735615131753847,0.019736670225846624
QQQ,2021,2021-07-28,2021-07-29,0.0006290494116809597,0.011515377194671678,0.008492852890626389,0.0068757367002959795,0.010697419184413443,0.011492422903865568,1.0764631165851697,0.006652957360112936,0.006652957360112843,0.003367586547099677,False,728,40191.057588211275,0.19916380821022908,0.14458403444663703,0.015804358688246596
SPY,2021,2021-07-28,2021-07-29,0.0019332380769538915,0.0068003781936464185,0.005424789433056681,0.007173365950397829,0.007758396760248589,0.009359784341878799,0.8765184874907745,0.004524555957519354,0.00450179718015975,0.0018871050849076365,False,1142,91013.24760579059,0.37073932408783467,0.20140345324324765,0.012057569583531288
IWM,2021,2021-07-29,2021-07-30,0.0012118543103735169,0.01032363715188896,0.009681505866669427,0.01434912616319587,0.017904000772998634,0.020660866482413314,0.5766106292543416,0.01700881739803528,0.01082792339888039,0.0027069292183548033,False,244,46644.94658110876,0.14684954208306542,0.11930629350145157,0.017079388281578473
QQQ,2021,2021-07-29,2021-07-30,0.003367586547099677,0.006652957360112936,0.008159476112572003,0.00683681092498419,0.010697419184413443,0.011627351294880175,0.621921721998756,0.007615080418920359,0.007532311466556418,0.005876848218918207,False,674,46099.471970690516,0.3777483043401483,0.29443297738355106,0.01342435812329194
SPY,2021,2021-07-29,2021-07-30,0.0018871050849076365,0.004524555957519354,0.0055131657644577675,0.007200047904782912,0.007758396760248589,0.009511136623500192,0.5831818218812493,0.005229404502685994,0.004909670659506871,0.001370158476623029,False,1132,102972.56516999588,0.4511085527220982,0.29002148724016047,0.010169284767113275
IWM,2021,2021-07-30,2021-08-02,0.0027069292183548033,0.01700881739803528,0.010653035877417501,0.014184052732734636,0.017961313355298412,0.02096736864636241,0.9469695818773657,0.022070407853499164,0.012884728824070768,0.011327389124976661,False,204,27389.15089825977,0.22502716047718083,0.059491623847851643,0.021290421686942482
QQQ,2021,2021-07-30,2021-08-02,0.005876848218918207,0.007615080418920359,0.006078477778613249,0.0070057947137936805,0.010697419184413443,0.011842651936099504,0.7118614581371018,0.008217783596310129,0.0066232547185793855,0.0045866350370759035,False,637,28159.057320279408,0.22664972601909142,0.12711207243826503,0.01822524260430657
SPY,2021,2021-07-30,2021-08-02,0.001370158476623029,0.005229404502685994,0.004052028851260193,0.0072662300659375074,0.007758396760248589,0.009541238771372092,0.6740315898098562,0.008448020283509786,0.007159042437240526,0.006245174235523732,False,930,78128.70160527166,0.2896260140014076,0.14261585511907734,0.012461717699311408
IWM,2021,2021-08-02,2021-08-03,0.011327389124976661,0.022070407853499164,0.010954254342918216,0.01409690187321585,0.019277627148605217,0.021317356396515483,1.144871600812967,0.018221326727600386,0.016213675332618305,0.0010878682733928002,False,199,33412.52925448007,0.20159150424271374,0.05873179636892324,0.02065411761074921
QQQ,2021,2021-08-02,2021-08-03,0.0045866350370759035,0.008217783596310129,0.006006398113467057,0.006595627913255535,0.010697419184413443,0.011634999372981172,0.7682024472111704,0.01349647583294032,0.009060770108554994,0.004188564346282009,False,680,32963.425180864535,0.21204324222867307,0.12693000774904392,0.017385634566464487
SPY,2021,2021-08-02,2021-08-03,0.006245174235523732,0.008448020283509786,0.0036755296801264784,0.007119326342665876,0.007758396760248589,0.009539083110947106,1.0888873751333001,0.011814598683826784,0.006477502787328726,0.006180985858926791,False,1102,78903.88130365107,0.18104701840318976,0.09552364749369048,0.012988913765869687
IWM,2021,2021-08-03,2021-08-04,0.0010878682733928002,0.018221326727600386,0.008891937203293282,0.013836552244800283,0.018567568020080964,0.021011683255143274,0.9813523617036913,0.015107245396560665,0.009584622483919114,0.004518509655797698,False,196,38564.37791762049,0.1930702309114746,0.07502816740718263,0.019427072442092966
QQQ,2021,2021-08-03,2021-08-04,0.004188564346282009,0.01349647583294032,0.0042791188049379186,0.006655091957546085,0.010697419184413443,0.011754810741841603,1.2616571904189013,0.0073343035744017114,0.004226131790976861,0.0015541274948684958,False,730,40639.134896978314,0.2704315241194706,0.17660200157916411,0.015064387770655689
SPY,2021,2021-08-03,2021-08-04,0.006180985858926791,0.011814598683826784,0.0051648713233305305,0.00729670504075356,0.007758396760248589,0.009669833528132773,1.5228144485160655,0.005434499380356736,0.0030469697157897713,0.001819063611781524,False,1119,108192.52067061764,0.4808203639411659,0.3373774160731327,0.009844054250328286
IWM,2021,2021-08-04,2021-08-05,0.004518509655797698,0.015107245396560665,0.008216870135831686,0.01395322459441602,0.017615072062817833,0.020682925780931893,0.8576317679931195,0.017161941797772185,0.015290547991744452,0.013419154185716708,False,254,38427.904863873904,0.13299475068698646,0.0804603464038943,0.018941371666204625
QQQ,2021,2021-08-04,2021-08-05,0.0015541274948684958,0.0073343035744017114,0.004052905184932138,0.006650556004562655,0.010227496966040313,0.011591209221405652,0.7171161818727253,0.006681491400985468,0.00469881856902421,0.0040469900092188205,False,721,39253.243300589296,0.27152475547923793,0.2111988055081391,0.015462920540711168
SPY,2021,2021-08-04,2021-08-05,0.001819063611781524,0.005434499380356736,0.005820990132504676,0.0073844211506948945,0.007452019262266199,0.009568765348627944,0.7292653425997823,0.004475037970197701,0.003702705188979527,0.0034982702754340345,False,1045,98106.36137473524,0.4294238035649426,0.2642237883302504,0.010973677128808887
IWM,2021,2021-08-05,2021-08-06,0.013419154185716708,0.017161941797772185,0.011862026857642777,0.014445804582680544,0.01708537959790373,0.02028342896853843,1.0044811529898843,0.013720703125,0.007247684409720012,0.0016089412753141907,False,262,42887.023399980695,0.15365790087695444,0.0756116077005707,0.017339329083830568
QQQ,2021,2021-08-05,2021-08-06,0.0040469900092188205,0.006681491400985468,0.004770315143548931,0.006546182045018533,0.00928130453453373,0.011036465166700385,0.7198870995047174,0.006678045138544852,0.003979154126368956,0.0008687116987281529,False,758,41623.49640829778,0.3917241264849889,0.28427757211163546,0.012319045950763684
SPY,2021,2021-08-05,2021-08-06,0.0034982702754340345,0.004475037970197701,0.0062675078462064784,0.007194855762789537,0.006840986773580096,0.009096966021425465,0.6541509461003939,0.002578635224380818,0.0019000143096445932,0.0008821174518782726,False,1128,115622.09456040239,0.43039285159567514,0.29273503335299433,0.009920249083718493
IWM,2021,2021-08-06,2021-08-09,0.0016089412753141907,0.013720703125,0.011555174376843875,0.013670569984872143,0.01708537959790373,0.019928282709297074,0.8030669173240638,0.008882091081117248,0.0077301722488982705,0.0034092702004239195,False,206,27476.30026184703,0.09319226071947179,0.028908691483864213,0.01940857546852505
QQQ,2021,2021-08-06,2021-08-09,0.0008687116987281529,0.006678045138544852,0.00447313776387407,0.0065736053195687505,0.008915904117907778,0.010862068741883377,0.7490036961178015,0.00510141761988555,0.0030756806668130743,0.0005699065964328565,False,707,32239.725192131504,0.13281317129690762,0.07520919541837652,0.01663827436409889
SPY,2021,2021-08-06,2021-08-09,0.0008821174518782726,0.002578635224380818,0.0055009820736002125,0.006848493362048706,0.006631482735851234,0.008635283228606043,0.38884746098186407,0.0033675140422866345,0.0026058641382391556,0.0007457997980346853,False,1063,83486.56427993898,0.19913782013558476,0.12411672916692558,0.011146128974170251
IWM,2021,2021-08-09,2021-08-10,0.0034092702004239195,0.008882091081117248,0.011639109859547908,0.013709566075438172,0.01708537959790373,0.01989938767947958,0.5198650126689035,0.009117852968298467,0.0065554361962010255,0.00017963207978100026,False,199,35406.43878656201,0.11908770397156303,0.05211690909419026,0.017489917545419082
QQQ,2021,2021-08-09,2021-08-10,0.0005699065964328565,0.00510141761988555,0.004361091709744247,0.0065415351888187725,0.008915904117907778,0.01083215081229817,0.5721705339606834,0.010669994955335212,0.009955731899375042,0.006553684026792905,False,725,35526.965350786966,0.26799243012846946,0.12334936499886881,0.014468129253704233
SPY,2021,2021-08-09,2021-08-10,0.0007457997980346853,0.0033675140422866345,0.0052984847987479385,0.006825564942916365,0.006631482735851234,0.008530410357417379,0.5078071038443821,0.0035245421708112916,0.001875278726900964,0.00015816932860901467,False,1017,88326.34568755615,0.38614389399443294,0.17984831638427243,0.010734610623016725
IWM,2021,2021-08-10,2021-08-11,0.00017963207978100026,0.009117852968298467,0.011582498773069804,0.01304921821476208,0.01708537959790373,0.01939629578538514,0.5336640556360346,0.014617498181253913,0.011566213260937541,0.0030042066007980317,False,201,38073.690623491515,0.12982215371915962,0.06218915022611559,0.017190559341181712
QQQ,2021,2021-08-10,2021-08-11,0.006553684026792905,0.010669994955335212,0.0047751813674638795,0.006676987805610519,0.008915904117907778,0.010824229802335921,1.1967372926212057,0.010349316583344469,0.00904511112726425,0.0052426335539821345,False,748,45328.559657769394,0.21064392427083936,0.13569216969259554,0.014710237511407539
SPY,2021,2021-08-10,2021-08-11,0.00015816932860901467,0.0035245421708112916,0.00408641767093845,0.006760838240588334,0.006631482735851234,0.008417408209491042,0.5314862921616085,0.0028390107359548113,0.0027111567942463832,9.014587954947473e-05,False,1108,109954.37719527459,0.27063966420804897,0.19592481444770507,0.009710575766149587
IWM,2021,2021-08-11,2021-08-12,0.0030042066007980317,0.014617498181253913,0.008500215572480244,0.012554289941574733,0.0169515048157355,0.0188217576421423,0.8623127173750965,0.00951908149943383,0.009246257412343084,0.0026814035549515003,False,252,42621.24111618726,0.11523889209643005,0.06837260590888496,0.016496452234740267
QQQ,2021,2021-08-11,2021-08-12,0.0052426335539821345,0.010349316583344469,0.004749533137121537,0.0066908557635400635,0.009234159741920676,0.010892396931076038,1.1207643004442809,0.009844420354621115,0.006043346660624671,0.005031574080796686,False,779,44360.23875947974,0.31100098947586485,0.1650963442380135,0.01462510615078703
SPY,2021,2021-08-11,2021-08-12,9.014587954947473e-05,0.0028390107359548113,0.0026198766741323005,0.00676959890138058,0.005948543329206394,0.008214214790581702,0.4772615040081702,0.005860885740348116,0.0036968907319072652,0.0033587084684525426,False,1149,105195.00039120365,0.3859580855560317,0.2883406653255926,0.010065527728337301
IWM,2021,2021-08-12,2021-08-13,0.0026814035549515003,0.00951908149943383,0.004901328052270677,0.012481339287445619,0.01600071881499819,0.018356663765066502,0.5949158665616427,0.011660266182319745,0.010330760357153856,0.008296667325202955,False,254,46315.688750743284,0.16182155774491672,0.12463888815828755,0.014596447746865034
QQQ,2021,2021-08-12,2021-08-13,0.005031574080796686,0.009844420354621115,0.0038133860590734005,0.006484771987851884,0.009234159741920676,0.010732527995131434,1.0660872921582691,0.0048383992726681495,0.003452088839338341,0.0025279095347829905,False,752,53654.720888663986,0.336929923965359,0.24211619257412137,0.012339804157440144
SPY,2021,2021-08-12,2021-08-13,0.0033587084684525426,0.005860885740348116,0.0014706543392971805,0.0067070632734070245,0.005647692560352426,0.008103707027961062,1.0377487226362736,0.001952456572942861,0.0011683308358567679,0.0007406294857514872,False,1165,129445.02706862902,0.5193731370925829,0.4298688780035805,0.008628549152958315
IWM,2021,2021-08-13,2021-08-16,0.008296667325202955,0.011660266182319745,0.005616885610405651,0.012315849435980984,0.01486237178890729,0.01769627072659989,0.7845494883274637,0.011876054782780098,0.009740456859304247,0.0031851341613223783,False,199,30810.361761379107,0.08314165197760057,0.06734244899572939,0.017296320075621416
QQQ,2021,2021-08-13,2021-08-16,0.0025279095347829905,0.0048383992726681495,0.0037765912722701393,0.006139360616854701,0.008543271460802426,0.01025766318836347,0.5663403410353185,0.014469433492939091,0.010915592761771009,0.0035629708998587972,False,717,37479.47660432574,0.3246652403068577,0.2514297770104337,0.013261246412432573
SPY,2021,2021-08-13,2021-08-16,0.0007406294857514872,0.001952456572942861,0.0014765179537958957,0.006360428187647274,0.005331951941521366,0.0076102926232897074,0.3661804521789757,0.009538141961213506,0.005803852561920175,0.005488948885579381,False,1060,77122.58669277921,0.32362486168758287,0.2604051852358759,0.011854896363949919
IWM,2021,2021-08-16,2021-08-17,0.0031851341613223783,0.011876054782780098,0.006410510856149757,0.01197764552558618,0.014221909943958808,0.01711072985827878,0.8350534372371564,0.017031304251065037,0.01361405222039469,0.0012000819774308225,True,200,36957.049941016274,0.3395341840998282,0.3122776977946767,0.016664792040143008
QQQ,2021,2021-08-16,2021-08-17,0.0035629708998587972,0.014469433492939091,0.0036953876136155304,0.005705464905465271,0.00890867187742838,0.010201474485533796,1.6241964786692658,0.010705948314898737,0.008038936271337338,0.0011470242172801903,True,794,39461.60437491066,0.2911758354410349,0.22563256718121855,0.013010841107823409
SPY,2021,2021-08-16,2021-08-17,0.005488948885579381,0.009538141961213506,0.0006702179889506722,0.005046174491736997,0.005331951941521366,0.006991448436566719,1.7888649533649001,0.009251723036897528,0.007689654267722501,0.0004501658874691561,True,1075,85213.43796522786,0.3565046009900404,0.279461203847722,0.011483005256474933
IWM,2021,2021-08-17,2021-08-18,0.0012000819774308225,0.017031304251065037,0.006892934765323063,0.010186071567824495,0.014221909943958808,0.016433392903451097,1.197539874614352,0.01698286934423926,0.00897726574652613,0.007357758221987476,True,195,33692.461477391276,0.12509052819268482,0.11183950904074395,0.01954394278801097
QQQ,2021,2021-08-17,2021-08-18,0.0011470242172801903,0.010705948314898737,0.005105366877718835,0.0057205837499478785,0.00890867187742838,0.01006712272232364,1.2017445992173155,0.01300728433996439,0.009146924595176298,0.008132979024784603,True,801,47351.88151087398,0.2925759560510554,0.25502692200962196,0.013104538859797382
SPY,2021,2021-08-17,2021-08-18,0.0004501658874691561,0.009251723036897528,0.004032997594184085,0.0046206952294649654,0.005331951941521366,0.006783050224646946,1.7351474916440703,0.012890535410029672,0.00920436048425688,0.008533499305162895,True,1132,109712.19674334709,0.4199532200075915,0.32545213025479247,0.00957049810938493
IWM,2021,2021-08-18,2021-08-19,0.007357758221987476,0.01698286934423926,0.0036102318884668597,0.009451139923236464,0.01486237178890729,0.016383512664976174,1.1426755827030668,0.015958267501385594,0.008306436590270305,0.0023065962965165276,True,241,50980.35482396959,0.14811251663407277,0.09610299296987602,0.020950553052061536
QQQ,2021,2021-08-18,2021-08-19,0.008132979024784603,0.01300728433996439,0.006557856325754206,0.005953985046752794,0.009031101975465621,0.010237119475528229,1.4402765438039211,0.015879188277495283,0.015157380036020962,0.010382516855535595,True,820,54690.01204288175,0.11551489091428824,0.08363452464717107,0.017160965619664053
SPY,2021,2021-08-18,2021-08-19,0.008533499305162895,0.012890535410029672,0.00631001523597929,0.005123208602612645,0.005331951941521366,0.006997994396637508,2.417601574696792,0.011506680857418964,0.011162871060133917,0.00822884092029108,True,1155,116809.540736839,0.27861495647824536,0.1828992346702978,0.014221601675402987
IWM,2021,2021-08-19,2021-08-20,0.0023065962965165276,0.015958267501385594,0.0016772144115012656,0.009177858117835936,0.01486237178890729,0.016267509961550266,1.0737362601369076,0.021687911226511647,0.018481839019995894,0.016124460492830783,True,238,46622.74167338126,0.10361459283891086,0.0835360870465622,0.018891139850351377
QQQ,2021,2021-08-19,2021-08-20,0.010382516855535595,0.015879188277495283,0.006844945267245525,0.0058643308039871495,0.010096868468982792,0.010694822578330836,1.572684474030296,0.009313604439820282,0.008437016135544706,0.007313903044953163,True,800,60981.99575895586,0.23283368548385788,0.18261858996435454,0.014098306961804034
SPY,2021,2021-08-19,2021-08-20,0.00822884092029108,0.011506680857418964,0.006047231550710525,0.0051159571229032206,0.005647692560352426,0.007335941451319923,2.037412754758897,0.009086159280777032,0.007904914208263891,0.00710986140681702,True,1091,141716.7323372329,0.38626343694067805,0.2762748277742061,0.011780466051670562
IWM,2021,2021-08-20,2021-08-23,0.016124460492830783,0.021687911226511647,0.0123711851306425,0.009981354090679375,0.01553275644897313,0.016657169043156544,1.396269316251684,0.011495310139384143,0.011311416048348288,0.009839982672840586,True,200,29178.822141799603,0.1094618183797536,0.044982793730131185,0.02346275469617745
QQQ,2021,2021-08-20,2021-08-23,0.007313903044953163,0.009313604439820282,0.008652510220924585,0.005732225063889913,0.009579012397220699,0.010641234419203113,0.9722927639724714,0.013964192155492692,0.013937133455988349,0.0120119938719907,True,749,31679.914932570828,0.17003782106037074,0.09509081223008624,0.016730049190070317
SPY,2021,2021-08-20,2021-08-23,0.00710986140681702,0.009086159280777032,0.007544178024699696,0.004903757108585354,0.005647692560352426,0.007234897838552875,1.60882682328764,0.010760195223103746,0.006896413197419626,0.004717418650013405,True,1047,93609.20553329017,0.2640531875650302,0.15791231864514055,0.012447288420280554
IWM,2021,2021-08-23,2021-08-24,0.009839982672840586,0.011495310139384143,0.015919925323066644,0.01091030326336741,0.01553275644897313,0.01702215158393783,0.7400689103152774,0.010121621520543266,0.007262122329054099,0.006626685759544504,False,198,35480.20086074337,0.2233102567338123,0.13731117372151527,0.019343592979294166
QQQ,2021,2021-08-23,2021-08-24,0.0120119938719907,0.013964192155492692,0.01114800635082121,0.006644026808308723,0.010096868468982792,0.011174629294649217,1.3830220922843728,0.004360167180558284,0.0030761660275777647,0.0014177155587649093,False,764,26750.993765329775,0.15105986417586792,0.07381809378472554,0.01863857653073932
SPY,2021,2021-08-23,2021-08-24,0.004717418650013405,0.010760195223103746,0.008742519633010896,0.005237389273750046,0.006330631966997267,0.0075829532871408475,1.6997031701098084,0.002500156515247787,0.0012724229807028475,0.0,False,1003,94336.26837734517,0.24904229399170436,0.19386715790597825,0.01288967041823007
IWM,2021,2021-08-24,2021-08-25,0.006626685759544504,0.010121621520543266,0.014477715989808352,0.010765890359059739,0.01486237178890729,0.016453546063110145,0.6810233026264125,0.014068607372863438,0.009920173629700324,0.003562218834438191,False,202,35607.869378951305,0.11038313034491266,0.0587900052822314,0.01763627648704119
QQQ,2021,2021-08-24,2021-08-25,0.0014177155587649093,0.004360167180558284,0.009288899573612806,0.006061830383542089,0.009579012397220699,0.01028011937123877,0.45517919799575207,0.004084107724776627,0.0020596468234650445,0.00045373544014282174,False,793,34573.93533242796,0.2877268003553765,0.19034329351659302,0.014779635686623629
SPY,2021,2021-08-24,2021-08-25,0.0,0.002500156515247787,0.007896260138527301,0.005089918875197463,0.005647692560352426,0.007155777852357566,0.4426863694385965,0.003770895844817061,0.0028783229325799464,0.0016511373188834444,False,1095,123784.3736244264,0.46539252764012945,0.3581780186024868,0.010359713528854285
IWM,2021,2021-08-25,2021-08-26,0.003562218834438191,0.014068607372863438,0.012468019135957265,0.01029688742871322,0.014343052777058676,0.015964498596718786,0.9808656212550367,0.015395688207176081,0.010921970676655235,0.008733242309969413,False,255,40865.301887838854,0.1303599283340448,0.043965096522788766,0.01663608745366548
QQQ,2021,2021-08-25,2021-08-26,0.00045373544014282174,0.004084107724776627,0.0056791582675654526,0.00603374012384358,0.008765694018065207,0.009906849200529966,0.4659194943788472,0.00708706087216839,0.005242391054740558,0.004011553129369738,False,792,34090.21013847401,0.32183415802498494,0.22974901466839903,0.014394161609477745
SPY,2021,2021-08-25,2021-08-26,0.0016511373188834444,0.003770895844817061,0.0036511071403242767,0.005083648612266499,0.005331951941521366,0.00700386900707541,0.7072261502306624,0.006018550138462095,0.005491262482839154,0.005238348816725247,False,1065,115241.44086242205,0.41369320543566657,0.28640488997608493,0.011282950752883906
IWM,2021,2021-08-26,2021-08-27,0.008733242309969413,0.015395688207176081,0.011935190414272651,0.010430529975403686,0.01486237178890729,0.015913159330588393,1.0358836682222443,0.029277097819040785,0.028914593515944498,0.02610473566714555,False,244,51184.706148578356,0.2647890404456187,0.19048514896506125,0.016442249539003858
QQQ,2021,2021-08-26,2021-08-27,0.004011553129369738,0.00708706087216839,0.008285769843663842,0.006264167120408687,0.008765694018065207,0.009952261618333482,0.8084996872538188,0.010695017439200023,0.009354786409677907,0.00796097558741038,False,878,42733.89951374841,0.2298939170107026,0.1708977193459469,0.014232584717096519
SPY,2021,2021-08-26,2021-08-27,0.005238348816725247,0.006018550138462095,0.005920389741026205,0.005265114070581629,0.005647692560352426,0.006971766495317359,1.0656653268829008,0.008029156327374061,0.007894969623024162,0.007000368842802862,False,1035,133346.6293861954,0.3621441641998803,0.2737082933051958,0.01082278972098058
IWM,2021,2021-08-27,2021-08-30,0.02610473566714555,0.029277097819040785,0.014826534656559483,0.012120281447338095,0.01486237178890729,0.016616906809973613,1.969880597448928,0.01042908856315319,0.01008980494074696,0.007788797678595971,False,201,23839.2922659209,0.06140820766698051,0.01850610104000959,0.01999126513455046
QQQ,2021,2021-08-27,2021-08-30,0.00796097558741038,0.010695017439200023,0.008179781792671913,0.0063955343254286055,0.009579012397220699,0.009952799865359737,1.1165052299444906,0.010428613850890719,0.010375490510236007,0.009048702685101384,False,776,32339.580311605485,0.24133111714712305,0.17305468921294673,0.015358159289208093
SPY,2021,2021-08-27,2021-08-30,0.007000368842802862,0.008029156327374061,0.006142379415849403,0.005408183347459563,0.0059397179394051055,0.007136839907101275,1.3517740083425955,0.005233199243303196,0.0046566425656502375,0.0027939990735843523,False,1016,99793.05801984563,0.3444058725113374,0.1962376883622887,0.012616172316594964
IWM,2021,2021-08-30,2021-08-31,0.007788797678595971,0.01042908856315319,0.014913474591229508,0.01209826409574863,0.014343052777058676,0.01602968659648761,0.7271177708998069,0.010122530295205804,0.006082379167891894,0.003018969362446944,False,198,31884.65114718565,0.18005759789006956,0.08600701772046399,0.018870522472882026
QQQ,2021,2021-08-30,2021-08-31,0.009048702685101384,0.010428613850890719,0.007084098161073037,0.006735271642883522,0.010096868468982792,0.010167576394405506,1.0328562645860977,0.0058342781102408686,0.0056824836063591455,0.0014717025681891815,False,823,24536.12388390615,0.19071467772712558,0.08593265612610183,0.0171269084382144
SPY,2021,2021-08-30,2021-08-31,0.0027939990735843523,0.005233199243303196,0.005392446088405936,0.0053861137310019964,0.005647692560352426,0.0070258363015526,0.9266083780907216,0.003472401277697876,0.0026833837910191782,0.0012607155421292537,False,1048,98543.5196142452,0.3846545040782328,0.1591251233175152,0.012829133897360415
IWM,2021,2021-08-31,2021-09-01,0.003018969362446944,0.010122530295205804,0.014738901104722112,0.012081253085093429,0.01389465524893172,0.015621432843456906,0.7285197159522232,0.01485698694516866,0.008716177153140325,0.002689241305944501,False,244,38214.96104891686,0.24391009989967072,0.11917338177679031,0.018988606277267218
QQQ,2021,2021-08-31,2021-09-01,0.0014717025681891815,0.0058342781102408686,0.007385300352460865,0.006699248733657269,0.009579012397220699,0.00978339972242451,0.6090688547322117,0.006141077801321633,0.0043826970205396165,0.0012072799767481879,False,881,38229.23824115602,0.2777172209970816,0.20683832764637264,0.01371619584785821
SPY,2021,2021-08-31,2021-09-01,0.0012607155421292537,0.003472401277697876,0.005651495871998305,0.0052038379857064195,0.005333849311829966,0.006607540560850274,0.6510122567573147,0.0034470513677952157,0.0022367618047374194,0.001679356924440989,False,1042,134179.55565226867,0.35543621654401,0.22429987166652662,0.011784979624477096
IWM,2021,2021-09-01,2021-09-02,0.002689241305944501,0.01485698694516866,0.014793793756238849,0.01169548641963822,0.01389465524893172,0.015617931460282721,1.0692591272684457,0.009810319346611347,0.006613211118673856,0.0030219525943717684,False,299,38762.9894523149,0.08674281888824907,0.0424098843049399,0.01880251217798129
QQQ,2021,2021-09-01,2021-09-02,0.0012072799767481879,0.006141077801321633,0.0073570872954168,0.006698852719124086,0.009579012397220699,0.009779927484317398,0.6410971764796375,0.008272910574156628,0.007437709005973625,0.004110289601804595,False,904,33442.30800118147,0.2555321886102208,0.1453855199151608,0.015754431218375938
SPY,2021,2021-09-01,2021-09-02,0.001679356924440989,0.0034470513677952157,0.005661110096626496,0.005006627866280675,0.004854118606750449,0.00650599362129977,0.7101292010050033,0.0047206919974499125,0.003120098361804935,0.0002867839069796707,False,1059,123966.02833839487,0.39475008942031975,0.19131720464549928,0.01239684131201213
IWM,2021,2021-09-02,2021-09-03,0.0030219525943717684,0.009810319346611347,0.012186044028158363,0.011158490684066692,0.01279837895389005,0.015152922970103459,0.7665282753351754,0.007798461245550383,0.0046656875179493795,0.0012705072776902915,False,305,43001.95086452785,0.2898297364652561,0.14966140307779313,0.01895109221330296
QQQ,2021,2021-09-02,2021-09-03,0.004110289601804595,0.008272910574156628,0.005770938895647339,0.0066282140784752535,0.009579012397220699,0.009845270631363794,0.8636496364235806,0.00733083373859001,0.007278122875219006,0.006196946616610299,False,967,44796.677506680615,0.34322999774283275,0.23715387513459205,0.013370299066484147
SPY,2021,2021-09-02,2021-09-03,0.0002867839069796707,0.0047206919974499125,0.003980859167119998,0.004891174136651109,0.004976945620376554,0.00642810401268352,0.9485118700358126,0.004602011237852437,0.00365059041634086,0.002433681931059528,False,1214,141958.93386276843,0.4191183018879526,0.26497072934804355,0.011153723869477043
IWM,2021,2021-09-03,2021-09-07,0.0012705072776902915,0.007798461245550383,0.0056154606338086124,0.01118850433991169,0.011768160482549922,0.014836330553794227,0.6626746174233524,0.012076233906808816,0.006497242964433658,0.005840513893927479,False,258,33012.20111530356,0.10341729816813,0.03264395588797142,0.02063419677116388
QQQ,2021,2021-09-03,2021-09-07,0.006196946616610299,0.00733083373859001,0.004899147460024549,0.006491045997385429,0.009579012397220699,0.009837368084995624,0.7653016234447106,0.005999812903127796,0.003127552555780122,0.0011265790296388634,False,917,35354.0919684652,0.27545835517961237,0.17602141566047325,0.015699422519137148
SPY,2021,2021-09-03,2021-09-07,0.002433681931059528,0.004602011237852437,0.002421245589524661,0.004902117305037153,0.004976945620376554,0.00652403436877418,0.9246657666925142,0.004572479872965548,0.004370593387284627,0.002761149573885735,False,1126,112911.09365468586,0.3536491642581754,0.18197653997147095,0.01225614055527258
IWM,2021,2021-09-07,2021-09-08,0.005840513893927479,0.012076233906808816,0.006379856110271555,0.011235407318621946,0.011976144344794458,0.01495157227295763,1.0083574111277194,0.014804292047581234,0.013385418237346958,0.007490813513737038,False,250,41999.481057606645,0.08054092584785674,0.030317295593118902,0.018308156886446828
QQQ,2021,2021-09-07,2021-09-08,0.0011265790296388634,0.005999812903127796,0.0016104980954063618,0.0064916882992861035,0.009579012397220699,0.00988204859325339,0.6263498421683441,0.009111566348506546,0.00919535039371655,0.003011007039346647,False,861,36782.94121989748,0.20699810293811363,0.15040337598815748,0.015595943384724054
SPY,2021,2021-09-07,2021-09-08,0.002761149573885735,0.004572479872965548,0.002460382378336038,0.004999603328177554,0.004976945620376554,0.006613902226988056,0.9187321344731904,0.006232180764444021,0.004522633701208756,4.433234940326436e-05,False,1097,123170.05239359038,0.36758128803400386,0.18973702407266235,0.011884068828666371
IWM,2021,2021-09-08,2021-09-09,0.007490813513737038,0.014804292047581234,0.008156320265529085,0.01154195803626311,0.013072420639836126,0.015325118790580808,1.1324828396714457,0.014896603168468463,0.012302049219800937,0.001207856672498453,False,307,49938.22768568163,0.2876718073492121,0.09227469933529465,0.017469168402002654
QQQ,2021,2021-09-08,2021-09-09,0.003011007039346647,0.009111566348506546,0.0025291581803383693,0.006409162485839672,0.009212585394163414,0.00982669819989845,0.9890346692774357,0.007690067454090273,0.004720237696218099,0.004041910987769626,False,923,40182.44405624811,0.30257915364278465,0.1670628578684719,0.014991853640011557
SPY,2021,2021-09-08,2021-09-09,4.433234940326436e-05,0.006232180764444021,0.0024324525956497694,0.005024996266462037,0.005547042491825656,0.006748699430548117,1.1235141561702495,0.00854228089469655,0.004412575728609536,0.0038162883827769223,False,1228,129649.10436505808,0.4168452327737178,0.22755847308721525,0.011437747171403738
IWM,2021,2021-09-09,2021-09-10,0.001207856672498453,0.014896603168468463,0.00680776096994254,0.01149323608258911,0.013072420639836126,0.015336431017885715,1.1395443566949972,0.0167435998949857,0.016431921810417638,0.015722190830278482,False,304,53736.24365483554,0.13847049239807935,0.060024020036833756,0.016778022777019622
QQQ,2021,2021-09-09,2021-09-10,0.004041910987769626,0.007690067454090273,0.0029133986473317895,0.00647142143269537,0.008692238461331587,0.009692134192990854,0.8847050720364397,0.015004068556681018,0.01323590959821419,0.012171168362198781,False,913,47828.08019843802,0.33741403735528314,0.19855932974933693,0.013528137559920717
SPY,2021,2021-09-09,2021-09-10,0.0038162883827769223,0.00854228089469655,0.0029293926625545354,0.005141412508175416,0.0059397179394051055,0.007033298469867904,1.438162717799375,0.013701650759803376,0.012867465401052769,0.012415763562929838,False,1200,136904.07078945352,0.3521905497821357,0.18735512660217932,0.01136184372991323
IWM,2021,2021-09-10,2021-09-13,0.015722190830278482,0.0167435998949857,0.004183091202435602,0.01169458161230966,0.014436449710222336,0.01570255782339496,1.1598142362612665,0.014022690688884983,0.013439304035719246,0.0014784365446380843,False,248,38202.32990927009,0.10549533006899554,0.09558263527091825,0.018245232851060354
QQQ,2021,2021-09-10,2021-09-13,0.012171168362198781,0.015004068556681018,0.004270132374886525,0.006783670155486132,0.008692238461331587,0.00995429501638202,1.726145528959925,0.013747042374011413,0.012746483346994353,0.007018664689440457,False,865,40179.1351644223,0.20494124124150137,0.17831044840774404,0.016498068402520043
SPY,2021,2021-09-10,2021-09-13,0.012415763562929838,0.013701650759803376,0.002984835602921129,0.005440906960940908,0.006125365451453058,0.007428585653740147,2.23687074157397,0.01072135324340407,0.01020024193621527,0.004591717209589841,False,1091,100192.69366935274,0.18422589037105597,0.13451999513111196,0.014075727620411548
IWM,2021,2021-09-13,2021-09-14,0.0014784365446380843,0.014022690688884983,0.006973790225397602,0.011574653114472918,0.014436449710222336,0.015826179612112933,0.9713392814963104,0.021005572953037708,0.02136300049899109,0.01658103559270252,True,255,41992.402900511035,0.1601752513206344,0.14892195236118394,0.017499656175244953
QQQ,2021,2021-09-13,2021-09-14,0.007018664689440457,0.013747042374011413,0.0033919600066294356,0.006774715106919088,0.009212585394163414,0.01040387066675083,1.4922024367579574,0.011459235537303552,0.009564995682221022,0.006880790998598285,True,916,42160.56530338843,0.23157370638393696,0.20116817676922083,0.015556349060468159
SPY,2021,2021-09-13,2021-09-14,0.004591717209589841,0.01072135324340407,0.0038677067298063623,0.005456048392123541,0.007130668545909041,0.007870776285305548,1.5035551259152347,0.01142550025211121,0.011055443984903546,0.008814562466511133,True,1183,109100.27956302051,0.219801616455998,0.1750835066281952,0.013246524065109557
IWM,2021,2021-09-14,2021-09-15,0.01658103559270252,0.021005572953037708,0.007908492378923833,0.011750947412074289,0.014830639496374948,0.016093688022149714,1.4163632632410827,0.014907729822762393,0.012362517806948192,0.009135507989295633,True,244,48373.74925286508,0.24408233921886693,0.2066510227112809,0.017866494821352136
QQQ,2021,2021-09-14,2021-09-15,0.006880790998598285,0.011459235537303552,0.002499709354792697,0.006829304713417988,0.009212585394163414,0.010257945999963686,1.2438674972351944,0.013413909982040983,0.007132761816779132,0.00617458477844357,True,902,48824.04862632988,0.2886042443063356,0.25617556165517563,0.014066295161432391
SPY,2021,2021-09-14,2021-09-15,0.008814562466511133,0.01142550025211121,0.004031842116583448,0.005560861405228577,0.007130668545909041,0.007968600819986422,1.602304212929119,0.011178087524815866,0.008524152279572927,0.0073321258634932995,True,1232,123453.27040981293,0.28916308808393615,0.23426274585641788,0.01228091999307235
IWM,2021,2021-09-15,2021-09-16,0.009135507989295633,0.014907729822762393,0.009470071842563939,0.011521528357585692,0.014830639496374948,0.015624781405251992,1.0051980446565563,0.013857652781323889,0.009080178197942823,0.000314910767387544,True,300,62232.71300042712,0.21333927179340226,0.17835992013039306,0.01631234758274814
QQQ,2021,2021-09-15,2021-09-16,0.00617458477844357,0.013413909982040983,0.005547740927570867,0.0065795105584039925,0.009212585394163414,0.01015030652399883,1.4560418610110573,0.011149999392370605,0.005893600042129021,0.004327293497150109,True,913,59053.80718162922,0.14282873575419966,0.11366901611071267,0.013977192290552512
SPY,2021,2021-09-15,2021-09-16,0.0073321258634932995,0.011178087524815866,0.006653610027310583,0.0056761380608888945,0.007130668545909041,0.007843462256236982,1.5676072240419705,0.009702218248299777,0.007432139075264077,0.00033531676211306927,True,1272,143918.47498051633,0.42735716577430466,0.3021780869800126,0.011243626059383742
IWM,2021,2021-09-16,2021-09-17,0.000314910767387544,0.013857652781323889,0.009522757408932173,0.01127748902502959,0.014436449710222336,0.015470415456252284,0.9599072527860776,0.010784222733985088,0.006362258339387639,0.0038805190384414434,True,293,72156.71085348318,0.24027450128799147,0.21135329651765858,0.013850346405711608
QQQ,2021,2021-09-16,2021-09-17,0.004327293497150109,0.011149999392370605,0.005479734256731217,0.006028065828092814,0.009212585394163414,0.01005640005963409,1.2103007912886896,0.013524919942043905,0.013574410950829341,0.010560639126051319,True,905,67084.47159099704,0.3800836055752967,0.2795344051939181,0.012674970449375215
SPY,2021,2021-09-16,2021-09-17,0.00033531676211306927,0.009702218248299777,0.006461235168857731,0.005037461936528752,0.007130668545909041,0.007685007501060248,1.360632342652649,0.009777051991890605,0.008843191944167383,0.007911578317485013,True,1178,149723.5187317077,0.34624279975055483,0.2513755089665557,0.010892193759398807
IWM,2021,2021-09-17,2021-09-20,0.0038805190384414434,0.010784222733985088,0.00829886646222239,0.010803071040396052,0.01404564903087421,0.015115510574837366,0.7677981067503487,0.02193609721501308,0.015077937210033587,0.0011956519222109385,True,250,23231.734402070506,0.09975473213357806,0.030023176896975208,0.02009801060199806
QQQ,2021,2021-09-17,2021-09-20,0.010560639126051319,0.013524919942043905,0.006964635040479156,0.006753451603885865,0.009212585394163414,0.010000326484536233,1.4680916771325179,0.02264194066753487,0.01809214781760371,0.004789580604619426,True,823,33091.09209920467,0.2204311341250453,0.08202053063219764,0.016193404945253204
SPY,2021,2021-09-17,2021-09-20,0.007911578317485013,0.009777051991890605,0.008036566710515029,0.005903692207887206,0.007130668545909041,0.007801146264556548,1.3711269748332124,0.017706061719499334,0.014037260963656983,0.0019315588862656163,True,1166,78594.27475837147,0.16937485311897912,0.0696661402912702,0.01704000006347705
IWM,2021,2021-09-20,2021-09-21,0.0011956519222109385,0.02193609721501308,0.013059513885170437,0.011735826788000739,0.01404564903087421,0.015886641790367077,1.561771703592665,0.015861342479074354,0.01366878346830247,0.0057137632014817585,False,256,32969.727909858106,0.1872229235958566,0.12836163947542478,0.020343432346411793
QQQ,2021,2021-09-20,2021-09-21,0.004789580604619426,0.02264194066753487,0.011365936238504704,0.008169443510237183,0.009770090099698633,0.011151466798644297,2.3174751139944227,0.010392315859850936,0.007096074980652123,0.003890289809072911,False,874,32311.452072790322,0.12488315693490111,0.04445398132866932,0.021594608946939122
SPY,2021,2021-09-20,2021-09-21,0.0019315588862656163,0.017706061719499334,0.009833676972394886,0.006712212214957766,0.007130668545909041,0.008766937398299278,2.483085787188571,0.011087431222195696,0.007989450658234531,0.006643286611673571,False,1224,70998.65249950909,0.13398833140865637,0.049088626068719186,0.021228040885001652
IWM,2021,2021-09-21,2021-09-22,0.0057137632014817585,0.015861342479074354,0.012516496738944472,0.010900864973926378,0.014436449710222336,0.01566005184581224,1.0987010516749878,0.01681290137278905,0.016767169622964095,0.00922875077032903,False,256,36533.164863413105,0.17308248256470818,0.12517184742262363,0.020515736378974542
QQQ,2021,2021-09-21,2021-09-22,0.003890289809072911,0.010392315859850936,0.011757768187822171,0.0073617978693353075,0.009751941104178742,0.01082938548624066,1.0656663887559565,0.013920335394912463,0.01084205787690462,0.006755866438935554,False,890,38716.80130937479,0.13297708642031647,0.06326082322749718,0.01990418435265077
SPY,2021,2021-09-21,2021-09-22,0.006643286611673571,0.011087431222195696,0.010060320133475067,0.006301733688313425,0.007130668545909041,0.008775271270868957,1.5548936471821708,0.014402015720909829,0.009127419098146516,0.004150894643421221,False,1252,92188.68886676378,0.15776745240160162,0.08528090983153923,0.018978126224618575
IWM,2021,2021-09-22,2021-09-23,0.00922875077032903,0.01681290137278905,0.014203369253433339,0.011252320641987324,0.014830639496374948,0.016292634628965835,1.1336599056904206,0.01840848173876304,0.015617973422866971,0.011837271444375075,False,302,39054.17223202891,0.20739999977514212,0.06740336113221673,0.02043003819743744
QQQ,2021,2021-09-22,2021-09-23,0.006755866438935554,0.013920335394912463,0.012274950689104403,0.0076687078661797975,0.010410464855370827,0.011291412353258933,1.3371483010896357,0.010626826889709364,0.008846689753218895,0.005987704073334266,False,925,42896.134668294806,0.20171915204847263,0.0729690292673702,0.01771139714185454
SPY,2021,2021-09-22,2021-09-23,0.004150894643421221,0.014402015720909829,0.010525684896455641,0.006762023114019676,0.008285718611035307,0.009370133517927832,1.7381734037803978,0.01202684658750899,0.011458471012810945,0.007570732126992219,False,1215,95282.62724383853,0.1911461139583076,0.08070595688100002,0.016971772257148444
IWM,2021,2021-09-23,2021-09-24,0.011837271444375075,0.01840848173876304,0.0165373851696242,0.011921873303932892,0.014876795056818562,0.016664383115486948,1.2373956667720432,0.011299453969081077,0.006008413201595841,0.00013451160757860237,False,299,36360.979004798945,0.20270244539929433,0.12868832814881923,0.019209423029795964
QQQ,2021,2021-09-23,2021-09-24,0.005987704073334266,0.010626826889709364,0.013684425062946502,0.007973293000798897,0.010527720370300041,0.011691822173815081,1.0094138632033687,0.009415947145348727,0.008390708000413971,0.00723052130018309,False,900,52543.31505224203,0.15867749418760443,0.12772578938246323,0.014599337038414833
SPY,2021,2021-09-23,2021-09-24,0.007570732126992219,0.01202684658750899,0.012974459191639231,0.007360764330141378,0.009122249571498164,0.00998427592348725,1.3184079752746558,0.007838034508699764,0.007316987514643936,0.005595327127225991,False,1262,122641.33993465359,0.3127698958283564,0.18665808302634304,0.013173696501692164
IWM,2021,2021-09-24,2021-09-27,0.00013451160757860237,0.011299453969081077,0.017188152435234385,0.011800506679094653,0.014830639496374948,0.01655660946630441,0.7618993079727278,0.01855824160227524,0.01815578949666885,0.01261071185848528,False,263,29030.101089741926,0.18400887330809032,0.12148860071267002,0.019148754283315157
QQQ,2021,2021-09-24,2021-09-27,0.00723052130018309,0.009415947145348727,0.012723374213456434,0.007843542164848574,0.010527720370300041,0.01178214554001427,0.8943956349669241,0.00950834386170509,0.006716887789707693,0.0004051698853011487,False,841,43407.16593316567,0.21966335355983493,0.09947751305739246,0.016636184736581797
SPY,2021,2021-09-24,2021-09-27,0.005595327127225991,0.007838034508699764,0.011372915180861773,0.007268384018774591,0.009122249571498164,0.010068341511143275,0.8592216697500975,0.0048553418132793675,0.0028002760579290964,0.00038387324381439214,False,1199,107495.70695493877,0.27564438381448003,0.16250711811719495,0.013776930285927625
IWM,2021,2021-09-27,2021-09-28,0.01261071185848528,0.01855824160227524,0.01111743473701444,0.010491682265825237,0.014830639496374948,0.016043627719494042,1.251344664322225,0.021072711604762102,0.02064748667680094,0.018277850623490854,False,256,33365.32853552514,0.08318831451763323,0.0503358600748841,0.019503891945284124
QQQ,2021,2021-09-27,2021-09-28,0.0004051698853011487,0.00950834386170509,0.007175605453861995,0.00770449641388869,0.010410464855370827,0.01197632707469372,0.9133447923605134,0.029944981232695796,0.017587330504728493,0.015861345195298915,False,918,48051.67112157322,0.21951802089547667,0.1323400969833709,0.01711660351397402
SPY,2021,2021-09-27,2021-09-28,0.00038387324381439214,0.0048553418132793675,0.006644262989513188,0.0069562609979835115,0.009122249571498164,0.009818643086814278,0.5322526834224692,0.016147754245246417,0.015591074887826961,0.013577750659679144,False,1227,111242.07738722545,0.21824578910385364,0.15450664351497578,0.01322729155589669
IWM,2021,2021-09-28,2021-09-29,0.018277850623490854,0.021072711604762102,0.018030966485638598,0.011645317691721297,0.014876795056818562,0.0167545603962612,1.4164819454915951,0.011202615941428549,0.009538112008813382,0.0065235835711990875,False,239,39440.27653338002,0.1335594239069214,0.08545104626082567,0.017314827877688503
QQQ,2021,2021-09-28,2021-09-29,0.015861345195298915,0.029944981232695796,0.015664101097783573,0.009365550965575162,0.01050957137478015,0.012833815772386539,2.849305662888865,0.013096271265323112,0.007054424146666793,0.0052330331372199,False,851,39150.995940938796,0.14350982848524527,0.09455424919516357,0.018681121387004698
SPY,2021,2021-09-28,2021-09-29,0.013577750659679144,0.016147754245246417,0.012842471165522517,0.008063327631849436,0.00973963512009519,0.010601182796235998,1.6579424224968908,0.007330137235484288,0.004251030798357425,0.0017003842694539584,False,1117,88817.776916554,0.1869226384517809,0.13102513947008196,0.01777482207052816
IWM,2021,2021-09-29,2021-09-30,0.0065235835711990875,0.011202615941428549,0.0167879896369974,0.011628942353796709,0.014876795056818562,0.016811583986421304,0.7530261658268925,0.01805328018632595,0.01610241955805347,0.015171957461144081,False,286,46419.29714766177,0.22160995930081434,0.1360300253987446,0.017617326928138395
QQQ,2021,2021-09-29,2021-09-30,0.0052330331372199,0.013096271265323112,0.01413432748443288,0.009358586592667372,0.010888413141039985,0.013199089136401467,1.2027713401102862,0.015458311087889897,0.010837286617311648,0.008338670126176617,False,837,42160.59887950117,0.23545858625898317,0.13919774538810842,0.017262900610265593
SPY,2021,2021-09-29,2021-09-30,0.0017003842694539584,0.007330137235484288,0.011790924290816846,0.008106140053830818,0.00973963512009519,0.01081033737527841,0.7526090192393826,0.01832482554859306,0.01688509318295317,0.01577903430711436,False,1154,94452.44422144824,0.2233293080440186,0.1590468547134051,0.01644560645184517
IWM,2021,2021-09-30,2021-10-01,0.015171957461144081,0.01805328018632595,0.013761441371213526,0.01161756395490848,0.014902166495615429,0.016973720524636117,1.2114533944871475,0.026187745336460986,0.016140045924134316,0.010593325134725884,False,246,35573.81123854984,0.16275407773602937,0.12717859868604273,0.017421397815703097
QQQ,2021,2021-09-30,2021-10-01,0.008338670126176617,0.015458311087889897,0.011736379626685075,0.009302153867419888,0.011304617464837078,0.013612437434141731,1.3674333639305223,0.019157822086607455,0.011908124506343487,0.004405985904555543,False,770,39076.235304076996,0.13663482124499687,0.07989662039295245,0.01708057773949103
SPY,2021,2021-09-30,2021-10-01,0.01577903430711436,0.01832482554859306,0.009560740102026613,0.008401233414098758,0.010249202617647338,0.011557155432996931,1.7879269473159705,0.02041855206423462,0.011717452467021605,0.0075641077658943345,False,1051,71244.7958246551,0.2248239478589121,0.12317412458251739,0.018425604806107394
IWM,2021,2021-10-01,2021-10-04,0.010593325134725884,0.026187745336460986,0.016578270575678025,0.01215448560293529,0.015384536150918372,0.017762680367271456,1.702212213586805,0.015260712423480236,0.014662251958419192,0.008463153362645137,False,209,22676.758672104308,0.10772953335102253,0.023484847308423387,0.01997785942007036
QQQ,2021,2021-10-01,2021-10-04,0.004405985904555543,0.019157822086607455,0.01292871177317008,0.009515541370824398,0.012277753401313332,0.014156884889511967,1.5603686977910938,0.023820088946332318,0.023407117829453927,0.016456527048089864,False,743,33232.80982434879,0.14351623733535954,0.05436765274719053,0.018858220698361933
SPY,2021,2021-10-01,2021-10-04,0.0075641077658943345,0.02041855206423462,0.012387850960332718,0.008925398989598477,0.010904392232799882,0.012333456411747589,1.8725071171611571,0.017551977144377888,0.015573728484304938,0.010069250234555405,False,992,72841.55916232658,0.16206499677560188,0.08352727738877172,0.018324671795754685
IWM,2021,2021-10-04,2021-10-05,0.008463153362645137,0.015260712423480236,0.014184142449835178,0.01225686591389491,0.015561027451277295,0.01812570658527909,0.980700822697128,0.014391711527684694,0.00950394089843587,0.0002715313032708444,False,206,31435.45313581075,0.19567892843180143,0.07211987628915277,0.020994121289563374
QQQ,2021,2021-10-04,2021-10-05,0.016456527048089864,0.023820088946332318,0.014382915143114955,0.010242673515716037,0.013255090623682048,0.015160238265842629,1.7970521381252909,0.017556731800342163,0.016906536797922422,0.010375769744690677,False,783,30546.310137977285,0.09649195569872263,0.02791026649720827,0.020987012992709456
SPY,2021,2021-10-04,2021-10-05,0.010069250234555405,0.017551977144377888,0.01289226570264372,0.009230404588230438,0.011132759373505781,0.013011303138633407,1.576606172423778,0.014178076711591856,0.012202491909550472,0.006647489619880709,False,1081,63921.66097228434,0.16127911784570084,0.05561981549667844,0.02009210576648602
IWM,2021,2021-10-05,2021-10-06,0.0002715313032708444,0.014391711527684694,0.010572198946089925,0.012242134065876488,0.015561027451277295,0.018244403111361246,0.9248561235912081,0.01572500698384665,0.009226794845378805,0.005074056675005378,False,392,35094.34118702127,0.2746776637827419,0.10757997663953077,0.0202911865380867
QQQ,2021,2021-10-05,2021-10-06,0.010375769744690677,0.017556731800342163,0.012929738379689493,0.010906769261153155,0.013469414962042445,0.015862657806872626,1.3034516977773722,0.019204751944258875,0.016578247450784955,0.015787469124092457,False,809,40956.90954436158,0.15081884524107414,0.07593494513790389,0.018362912034650025
SPY,2021,2021-10-05,2021-10-06,0.006647489619880709,0.014178076711591856,0.01191386843007391,0.009681220489581525,0.011301793888463538,0.013552106938698094,1.254497901086687,0.01765785348675798,0.013627801274804119,0.013115300456359558,False,1105,85528.88964427642,0.22571523828110046,0.1377846103016723,0.016876482860007074
IWM,2021,2021-10-06,2021-10-07,0.005074056675005378,0.01572500698384665,0.010799562914614697,0.012067383954749855,0.015793174731460503,0.018377694831842102,0.9956837210521036,0.016160347811951765,0.015438081468833298,0.007809306807529115,False,432,38935.32769089655,0.17656479558552907,0.07724383838391728,0.018158236989804667
QQQ,2021,2021-10-06,2021-10-07,0.015787469124092457,0.019204751944258875,0.01337333540230308,0.011119387764285405,0.013635981158027659,0.016335112460032632,1.4083879789576284,0.009481815207141853,0.007965862033288307,0.00046861475593917845,False,858,40346.80154936109,0.197967517352483,0.07156744041450613,0.018131349555678185
SPY,2021,2021-10-06,2021-10-07,0.013115300456359558,0.01765785348675798,0.012063493416701187,0.009779002830979188,0.0117261734198101,0.014115976335363453,1.5058495942868242,0.007938092457559134,0.007504682856387834,0.0006158648797882638,False,1143,86178.38570676801,0.18627569854576387,0.09236633196232179,0.017640139870824637
IWM,2021,2021-10-07,2021-10-08,0.007809306807529115,0.016160347811951765,0.011552819261144444,0.012604211349663297,0.01601084514551306,0.01878935722363729,1.0093375874340151,0.011683605432126189,0.008532728621437613,0.00810241086682062,False,423,38149.30497331264,0.11627780667427651,0.06491955026178159,0.016613539705991522
QQQ,2021,2021-10-07,2021-10-08,0.00046861475593917845,0.009481815207141853,0.013653027206840463,0.0114338316545858,0.013635981158027659,0.01678725351821373,0.6953526187266547,0.010190128843898576,0.009622587730953036,0.008020168693278817,False,867,47570.52662634505,0.12423919898182954,0.056986989846409514,0.017805694665622495
SPY,2021,2021-10-07,2021-10-08,0.0006158648797882638,0.007938092457559134,0.010115624370532596,0.01002767687582809,0.0117261734198101,0.014468550608586326,0.676955062266825,0.006143651905741045,0.005238016725299666,0.0036862328075623063,False,1123,103537.74133891781,0.21257048958985847,0.10813320479527147,0.014988184865161212
IWM,2021,2021-10-08,2021-10-11,0.00810241086682062,0.011683605432126189,0.010175604221524127,0.012522170806224277,0.015793174731460503,0.01853164785958452,0.7397882712493566,0.014876270227284624,0.007753690693349302,0.0068521131493231024,False,522,30455.163236241147,0.15601913156679953,0.13792315032729005,0.01806484345378695
QQQ,2021,2021-10-08,2021-10-11,0.008020168693278817,0.010190128843898576,0.01388308205513798,0.011383452067692394,0.013469414962042445,0.0165446351370277,0.756538340574919,0.013627077693540462,0.010067372406550978,0.003309338584640553,False,774,38486.40423365732,0.1823645738304182,0.14226991662092411,0.018086124696351902
SPY,2021,2021-10-08,2021-10-11,0.0036862328075623063,0.006143651905741045,0.00942752368046108,0.00990310819571014,0.011301793888463538,0.014088081619854623,0.5435997122556148,0.012901488245015186,0.007091239083051315,0.005650107969649154,False,1052,82563.11584516028,0.24566740100958198,0.2080188952369176,0.0156041136068475
IWM,2021,2021-10-11,2021-10-12,0.0068521131493231024,0.014876270227284624,0.009567401371788768,0.012512725910240292,0.015793174731460503,0.01857013576566146,0.9419429899455632,0.009553998424444573,0.007335273137498488,0.0030337249283627354,True,600,36969.466176253074,0.211859326593681,0.19210826367730657,0.01761370716116609
QQQ,2021,2021-10-11,2021-10-12,0.003309338584640553,0.013627077693540462,0.009181434998118129,0.01144710349472303,0.013469414962042445,0.016531275619814947,1.0117052397555737,0.010697942463325144,0.009537684559302706,0.007613621755027,True,824,38701.20517426731,0.23367999780574475,0.18019886045341388,0.016855334798726893
SPY,2021,2021-10-11,2021-10-12,0.005650107969649154,0.012901488245015186,0.007348773056675124,0.009969763679147411,0.0117261734198101,0.01419220605094427,1.1002300395131048,0.007620463244871562,0.006677791618349138,0.00470543816963187,True,1125,78674.20341962053,0.1631421651154783,0.12989638752278884,0.016997015758102207
IWM,2021,2021-10-12,2021-10-13,0.0030337249283627354,0.009553998424444573,0.009788156227777128,0.012235403214806756,0.015492859703663443,0.018005976600609763,0.6166710734613722,0.012934314863589974,0.009370866312310433,0.0030646173168722424,True,599,38362.999870514046,0.16817058312822056,0.14868811192541578,0.01636954564326962
QQQ,2021,2021-10-12,2021-10-13,0.007613621755027,0.010697942463325144,0.007433599094670071,0.011449394047256001,0.013469414962042445,0.016493105356060633,0.7942395785913893,0.009067924889630458,0.0058193691980696904,0.001362939058899837,True,774,43195.59849755216,0.14302253840691181,0.1135142497503345,0.016099946138155137
SPY,2021,2021-10-12,2021-10-13,0.00470543816963187,0.007620463244871562,0.006194626671359712,0.009927819728725838,0.011602467056162427,0.014000843206335198,0.656796800885903,0.010374685046807637,0.007345745116066782,0.0010811833864916576,True,1104,91294.22187714775,0.19259598376937084,0.15736040941199592,0.015581167535120151
IWM,2021,2021-10-13,2021-10-14,0.0030646173168722424,0.012934314863589974,0.009342177313822978,0.01211272948548912,0.015492859703663443,0.017908453746380122,0.8348565152585437,0.007474939603031146,0.005561735261401468,0.0049832930686875,True,597,39933.134130678896,0.17941963395205662,0.15769456777333535,0.01501391535537473
QQQ,2021,2021-10-13,2021-10-14,0.001362939058899837,0.009067924889630458,0.007809443923367316,0.011476019258479589,0.013310595603683507,0.01631857207883758,0.6812561330554618,0.010558432489519102,0.008688728425023218,0.008083814296984793,True,876,44702.79097009936,0.21662183574835392,0.17017272975734074,0.013524540068218354
SPY,2021,2021-10-13,2021-10-14,0.0010811833864916576,0.010374685046807637,0.006111187350358279,0.009743389961174157,0.011557138904852344,0.01396141081433407,0.8976862813729577,0.009292195532970947,0.008153450850246324,0.007789044211359286,True,1125,88797.45170563966,0.23373191807056282,0.18714976014489917,0.013527617651580474
IWM,2021,2021-10-14,2021-10-15,0.0049832930686875,0.007474939603031146,0.009138910606568636,0.012548040259236504,0.015492859703663443,0.017985395794008992,0.48247642759352044,0.014694298474850606,0.012974309964546737,0.012369471525036313,True,619,34983.685180855755,0.35564086682495044,0.33641240642860015,0.013925188320675526
QQQ,2021,2021-10-14,2021-10-15,0.008083814296984793,0.010558432489519102,0.010931837441529348,0.012374971712908902,0.013310595603683507,0.01671448214012044,0.7932351642173859,0.006088915419821593,0.0032075477332809132,0.002881367686540681,True,926,50874.784322586806,0.3048439990238016,0.251998568272949,0.013526981162762254
SPY,2021,2021-10-14,2021-10-15,0.007789044211359286,0.009292195532970947,0.009244699264886906,0.010559264842606204,0.011557138904852344,0.01433632222226737,0.8040221381322634,0.004879175779054244,0.003395187781056741,0.0025182577114952753,True,1178,113278.49571636698,0.26998710039434914,0.24108021589184542,0.010772232646060222
IWM,2021,2021-10-15,2021-10-18,0.012369471525036313,0.014694298474850606,0.008105737777142012,0.012579804021965619,0.015492859703663443,0.018189146332679835,0.9484561763233414,0.008710009405542455,0.008039966739820992,0.005136652990008317,True,573,15019.389607950914,0.27036188173307696,0.2301376351317517,0.017092054374278343
QQQ,2021,2021-10-15,2021-10-18,0.002881367686540681,0.006088915419821593,0.010258600546660477,0.012240696104836081,0.011897106864324127,0.016312354105856512,0.511797993349159,0.01599522623736452,0.01430866944649134,0.013710205777195839,True,848,23378.631886329615,0.2880399071097595,0.18056590312079362,0.015707622798571793
SPY,2021,2021-10-15,2021-10-18,0.0025182577114952753,0.004879175779054244,0.009288860853633837,0.010280978587744636,0.011557138904852344,0.014073521435900863,0.42217851833602943,0.009640288234630595,0.008063577634575214,0.007252745031983476,True,1102,53657.213122277826,0.3257509090575334,0.21492831750432342,0.012653096082251722
IWM,2021,2021-10-18,2021-10-19,0.005136652990008317,0.008710009405542455,0.00692124935824472,0.01120045413014292,0.01506849132538243,0.016765825613088405,0.578027966931945,0.010045155834049356,0.006099439532811113,0.00048677145070918915,False,620,19965.309202875702,0.30313580623237446,0.24626174735128079,0.015929908058530298
QQQ,2021,2021-10-18,2021-10-19,0.013710205777195839,0.01599522623736452,0.007865934060987453,0.01138267870738571,0.011897106864324127,0.01538384986218647,1.344463525441587,0.007545088445861204,0.004735756558319482,0.00460200995505855,False,909,20095.802872060016,0.17777310871949709,0.08333387368518626,0.017608305580739798
SPY,2021,2021-10-18,2021-10-19,0.007252745031983476,0.009640288234630595,0.0071741607629908005,0.009453394375292646,0.010731058134501667,0.01313300055331552,0.8983539287366161,0.005435272138516572,0.003987298346706192,0.0038314202291183097,False,1213,53564.14563114071,0.3360801790242059,0.20583908323786562,0.012438546001492686
IWM,2021,2021-10-19,2021-10-20,0.00048677145070918915,0.010045155834049356,0.006888068215207271,0.011208112879634307,0.014785284351067615,0.016471367274431648,0.679402275636587,0.012656549961949252,0.0088949617027827,0.006195485634914011,False,603,26122.604386846873,0.3805336447833841,0.3301994741502348,0.013674364032767372
QQQ,2021,2021-10-19,2021-10-20,0.00460200995505855,0.007545088445861204,0.004857726260390683,0.011477129461425551,0.011897106864324127,0.015246642036209165,0.6341952318245264,0.008272638849134843,0.006640633650382366,0.0025535762324940814,False,875,23667.089964115934,0.24206178641326395,0.1537393461869135,0.015467827759550717
SPY,2021,2021-10-19,2021-10-20,0.0038314202291183097,0.005435272138516572,0.005533464030827019,0.009531781598402915,0.010007486640719116,0.012969016185481111,0.5431205989724914,0.0038126509034794084,0.0035466630155340795,0.0028373168830333473,False,1056,65579.17832637177,0.3330071714496651,0.23869383550447443,0.01116007126628544
IWM,2021,2021-10-20,2021-10-21,0.006195485634914011,0.012656549961949252,0.006996547159287816,0.010809632755649742,0.01454300500126765,0.015948259745858253,0.8702843711355416,0.010519826418263425,0.008010880962506572,0.003345193444557193,False,608,37177.08423071356,0.10498670779590025,0.0735636096819064,0.016448694744292204
QQQ,2021,2021-10-20,2021-10-21,0.0025535762324940814,0.008272638849134843,0.00710945186296938,0.01133154338694911,0.010662384676517254,0.014962988123618653,0.7758713552470521,0.00967499220054688,0.008846476176493923,0.008311912874501282,False,947,37471.41829370909,0.20322357931152166,0.13972939315643418,0.015664055228664712
SPY,2021,2021-10-20,2021-10-21,0.0028373168830333473,0.0038126509034794084,0.005473297774218939,0.009368934964515142,0.00946624188380077,0.012462952581159332,0.4027628862942808,0.005578035449352553,0.004559837104477049,0.004028614933436092,False,1207,82821.4237990105,0.2136121365139561,0.1223098587319885,0.014351164470512141
IWM,2021,2021-10-21,2021-10-22,0.003345193444557193,0.010519826418263425,0.003801819688049465,0.010123688122000953,0.013663013195637334,0.015398687521699456,0.7699492247890426,0.011852488639469985,0.009349109785664389,0.0017120253925537732,False,638,38427.295330550616,0.2386412029406292,0.1510806518599206,0.01619963104592797
QQQ,2021,2021-10-21,2021-10-22,0.008311912874501282,0.00967499220054688,0.00424401588477045,0.011230278229395834,0.010628187476422123,0.014840922835878567,0.9103144089253375,0.01218146294599733,0.009640420517934123,0.005000278812377745,False,949,40967.20013335952,0.19327250425342274,0.14441403304204836,0.014898677734497882
SPY,2021,2021-10-21,2021-10-22,0.004028614933436092,0.005578035449352553,0.0025118107710995806,0.00904492994925689,0.00861514399526504,0.011938688416963978,0.6474686264580477,0.007988933850676757,0.0046115001577131665,2.2090273248620562e-05,False,1233,104007.52782153014,0.357878975274627,0.23387247547844556,0.011818587462695812
IWM,2021,2021-10-22,2021-10-25,0.0017120253925537732,0.011852488639469985,0.0035558110614958157,0.009952559344452707,0.013663013195637334,0.015330363916482865,0.8674871691739668,0.011853009472855345,0.009614129267984772,0.007814276704640077,False,545,28892.481078466713,0.130043503795201,0.08639343302480393,0.018023668458728503
QQQ,2021,2021-10-22,2021-10-25,0.005000278812377745,0.01218146294599733,0.007560694831025508,0.011409676247214647,0.011439702704661237,0.015019814848233465,1.064840866977588,0.014138879521547819,0.008813498722204383,0.006310563245804035,False,854,38227.271112971,0.2410621591305741,0.17081565302877016,0.014878383982399638
SPY,2021,2021-10-22,2021-10-25,2.2090273248620562e-05,0.007988933850676757,0.003132899801598027,0.00905784826533572,0.008640564691823852,0.011947366964198085,0.9245846927384617,0.0077264666229607225,0.004177775966890174,0.0027956084729341413,False,1084,80214.33003991775,0.36402368985363565,0.2667746515006987,0.012883058212229074
IWM,2021,2021-10-25,2021-10-26,0.007814276704640077,0.011853009472855345,0.004470446402478305,0.009600421936348693,0.012795432412769613,0.014886123134104912,0.9263469252532844,0.01269398854254186,0.009789269963409009,0.00952050799038373,False,623,31265.786594855475,0.21454284669384255,0.13699961361025417,0.01713867376306261
QQQ,2021,2021-10-25,2021-10-26,0.006310563245804035,0.014138879521547819,0.007604656623300443,0.011452218267442681,0.012638867105660222,0.014979514344547118,1.1186825055875322,0.01262390567361434,0.006522316485005675,0.0029193273467846836,False,883,36424.9058840641,0.12366837539721189,0.0955755178276676,0.015539941378267575
SPY,2021,2021-10-25,2021-10-26,0.0027956084729341413,0.0077264666229607225,0.003261828197272036,0.009056844512257608,0.008640564691823852,0.012092513781728497,0.8942085267033419,0.006408557737427352,0.0035999970524773772,0.00271220629668667,False,1163,74432.22043159581,0.22839310050682987,0.16662246525493746,0.014052066874237672
IWM,2021,2021-10-26,2021-10-27,0.00952050799038373,0.01269398854254186,0.006851856002856185,0.00813356112621501,0.012675269252245557,0.014287772578173402,1.0014768357124237,0.017431142008700964,0.016465291614233823,0.015538334770239581,False,614,36122.1978022083,0.1505796255711692,0.11418605329062782,0.01750784123772709
QQQ,2021,2021-10-26,2021-10-27,0.0029193273467846836,0.01262390567361434,0.0071619364728841926,0.009130465983093297,0.012402684309805834,0.014129469321444349,1.0178365713649264,0.010116435201357896,0.009405151616282748,0.0011065215306191867,False,932,40761.85592111734,0.27666678077790285,0.19069321466710917,0.014412606243509879
SPY,2021,2021-10-26,2021-10-27,0.00271220629668667,0.006408557737427352,0.002510054907267541,0.007500338001744758,0.007963513154117946,0.011319501041687371,0.8047400203154654,0.007229747447240929,0.005706664916631743,0.005498980607949955,False,1092,94863.13614772775,0.29342348664499357,0.23302287142135172,0.013322367897415375
IWM,2021,2021-10-27,2021-10-28,0.015538334770239581,0.017431142008700964,0.010542025426893104,0.00925060039287053,0.012814151703065917,0.014677583134817151,1.3603040148596324,0.01552486737987929,0.01539142085456957,0.014724188228020907,False,612,33763.07284623351,0.10338594895653484,0.03391166604835226,0.017922750094837358
QQQ,2021,2021-10-27,2021-10-28,0.0011065215306191867,0.010116435201357896,0.00692881367301518,0.009075352483776573,0.011439702704661237,0.014003784098027721,0.8843267576556723,0.008692256101877491,0.006623900244635994,0.005943157327198856,False,949,43050.45362159371,0.21926836467926547,0.14991151026553906,0.014520884463384816
SPY,2021,2021-10-27,2021-10-28,0.005498980607949955,0.007229747447240929,0.0036998123141520505,0.007659553337571336,0.007963513154117946,0.011298640656361691,0.90785904503748,0.006476928258898632,0.00645501799623216,0.006279400875593089,False,1106,105881.36366943101,0.32786715096877317,0.2510565096249169,0.0125987490687111
IWM,2021,2021-10-28,2021-10-29,0.014724188228020907,0.01552486737987929,0.014901608836836515,0.009875555955208132,0.012814151703065917,0.01480023343735253,1.2115407823808428,0.008208933679261732,0.004521504677341248,0.0010974538922337018,False,632,45137.52147231808,0.2824754834434045,0.22350674395910933,0.015560822406414735
QQQ,2021,2021-10-28,2021-10-29,0.005943157327198856,0.008692256101877491,0.007846238482525015,0.00911806837757718,0.010628187476422123,0.013816707987657384,0.8178493389546094,0.014643328105851934,0.013698633428192553,0.013252474217507526,False,859,40978.205608430544,0.30676028849176085,0.239085987935951,0.014932985969646491
SPY,2021,2021-10-28,2021-10-29,0.006279400875593089,0.006476928258898632,0.005512475929365297,0.007023270304082236,0.007832279540259928,0.01087034175466805,0.8269531527322994,0.008774431401153625,0.008094418323052244,0.007414405244950739,False,1185,98846.40948601182,0.362519797758911,0.2716350025914905,0.012058202681145996
IWM,2021,2021-10-29,2021-11-01,0.0010974538922337018,0.008208933679261732,0.014839453564005857,0.009317560035830539,0.012675269252245557,0.013893552158356456,0.6476338700108822,0.02307521607909624,0.021504875357824416,0.020545285556672566,False,570,29359.130136734617,0.16457849930297394,0.10759450132055796,0.019277579481038996
QQQ,2021,2021-10-29,2021-11-01,0.013252474217507526,0.014643328105851934,0.0040698654470352,0.009103195720859443,0.010628187476422123,0.013583248950579505,1.3777822548141077,0.008122889462672414,0.0055667864734145756,0.002250608243693497,False,845,28663.46847194444,0.18341902887723346,0.11033450213804906,0.018199359458747396
SPY,2021,2021-10-29,2021-11-01,0.007414405244950739,0.008774431401153625,0.00524182165809734,0.006730239862631844,0.007832279540259928,0.010281413109100156,1.1202908879912667,0.005431240639364163,0.004583098057598267,0.0005648039429534402,False,1040,63921.524352299915,0.29034816807111274,0.16409576150661456,0.015263794901388437
IWM,2021,2021-11-01,2021-11-02,0.020545285556672566,0.02307521607909624,0.018621044301515427,0.010474633656983964,0.012675269252245557,0.014474998337661162,1.8204911958780066,0.009386518308723616,0.007436110172854171,0.0002986264355813173,False,638,22077.583866610257,0.2024303129623091,0.031657686625806855,0.02078516688839978
QQQ,2021,2021-11-01,2021-11-02,0.002250608243693497,0.008122889462672414,0.0035490485593553324,0.007048452058283997,0.010374280666708839,0.012621108727411238,0.7829833916812026,0.007213052308613831,0.007083818093137406,0.0058169598526571775,False,900,28432.837148240418,0.15011300151186485,0.0845927373811955,0.018567177076339862
SPY,2021,2021-11-01,2021-11-02,0.0005648039429534402,0.005431240639364163,0.005028370553249837,0.0056382441533156065,0.007673464933916142,0.009646263082609727,0.7077950686082483,0.004671731798617406,0.004367497632205453,0.003650412131861236,False,1189,62121.68936343635,0.24095727496535715,0.11132976325865539,0.015570913623551999
IWM,2021,2021-11-02,2021-11-03,0.0002986264355813173,0.009386518308723616,0.017608647871379193,0.010476454026292497,0.012254779717402298,0.014223294269163269,0.7659475343644382,0.02515481333837811,0.024172555240858262,0.019175766005567585,False,651,33363.2819046721,0.17212430840394738,0.0687735472433412,0.018793588870921096
QQQ,2021,2021-11-02,2021-11-03,0.0058169598526571775,0.007213052308613831,0.003444148218086984,0.006740366804634287,0.010153282022628236,0.011978678224238062,0.7104158332781828,0.013168975807953983,0.010422276179742784,0.009318457185375939,False,916,31415.498968577638,0.18172406970408786,0.11466791276929408,0.017692311723111143
SPY,2021,2021-11-02,2021-11-03,0.003650412131861236,0.004671731798617406,0.0050569861873954215,0.005406196744696033,0.007425105346056246,0.009085250178866229,0.6291805410005044,0.009364854625050559,0.008345992207664077,0.007413859783732102,False,1174,73750.02877113754,0.32103061721576226,0.20572015902198743,0.014482452923805551
IWM,2021,2021-11-03,2021-11-04,0.019175766005567585,0.02515481333837811,0.011548900793316986,0.010790722502209095,0.012254779717402298,0.014515709644984836,2.052653243750863,0.014113934120234392,0.00808216109057569,0.0038833835492435576,False,670,28193.096775154634,0.13366135303967955,0.04598479175319881,0.017553555669386784
QQQ,2021,2021-11-03,2021-11-04,0.009318457185375939,0.013168975807953983,0.003705094671188656,0.006874743166733676,0.010153282022628236,0.011686602400867389,1.2970166472875257,0.01338470551675144,0.011965121398424206,0.009480810510585247,False,932,24341.859121399128,0.16130617212033302,0.054883272131048357,0.01976179681028831
SPY,2021,2021-11-03,2021-11-04,0.007413859783732102,0.009364854625050559,0.003275273424929206,0.005441074594065572,0.007425105346056246,0.008677799642263374,1.2612419876338303,0.004319257841016371,0.003524184932227392,0.003330794136448878,False,1214,59677.86641772317,0.21575451990104125,0.12453127774992373,0.01492423615376476
IWM,2021,2021-11-04,2021-11-05,0.0038833835492435576,0.014113934120234392,0.01210626429088402,0.010497367180738262,0.012254779717402298,0.014068661823351624,1.15170851257261,0.013268636117833006,0.0092465718972925,0.0026537272235664933,False,667,40667.201894583355,0.14975546429745482,0.08073990225940547,0.015664981060048957
SPY,2021,2021-11-04,2021-11-05,0.003330794136448878,0.004319257841016371,0.0018464137355873721,0.005308507503317564,0.006853337853069781,0.008143619105130905,0.6302414872311698,0.007948304804066912,0.005054367522688619,0.0015981929806319073,False,1205,67086.63175315829,0.31428759514249954,0.19401513303324708,0.013367732205186228
IWM,2021,2021-11-05,2021-11-08,0.0026537272235664933,0.013268636117833006,0.01097800860734022,0.010408927902768565,0.012675269252245557,0.01450069782359418,1.0468129594550686,0.010379970382649779,0.0074815561202801195,0.004841256699665619,False,599,29808.671375228532,0.09802865374302466,0.03586207246658836,0.01827309957823364
QQQ,2021,2021-11-05,2021-11-08,0.0035996460620126847,0.009574008825258643,0.005060529047592823,0.006741729494143937,0.010337433845438499,0.01158510460855049,0.926149464983834,0.005569915397315017,0.002944170723966133,0.0012795989569033273,False,833,21920.127282904963,0.22731847549559822,0.09891200820293176,0.019334990008579543
SPY,2021,2021-11-05,2021-11-08,0.0015981929806319073,0.007948304804066912,0.0016139836764452078,0.005178427446698617,0.007425105346056246,0.008236366681103694,1.070463573730783,0.0043219048893745945,0.0032037589937881084,0.0016393858020821162,False,1104,60619.67511388489,0.3274331645903069,0.1539854185337168,0.012717574362958298
IWM,2021,2021-11-08,2021-11-09,0.004841256699665619,0.010379970382649779,0.007999111589951481,0.010139006837544564,0.012254779717402298,0.014303997865825941,0.847014032239991,0.012355394599851499,0.010269711876165433,0.003512421915353836,False,647,30541.584533708912,0.09563388796696436,0.04111885919983289,0.01736257567402959
QQQ,2021,2021-11-08,2021-11-09,0.0012795989569033273,0.005569915397315017,0.006105430936169479,0.006248663729353379,0.009895713700952387,0.01118520634801141,0.5628614130963545,0.014154709501574008,0.013302168094427858,0.009620193162291901,False,883,27464.958019578888,0.23572857816382056,0.09934605378652651,0.018008679045673142
SPY,2021,2021-11-08,2021-11-09,0.0016393858020821162,0.0043219048893745945,0.001935770120222693,0.004585186577104112,0.006853337853069781,0.0078089583900412705,0.6306277294411665,0.007862444353149211,0.007383880839169299,0.004133645297729749,False,1212,69219.437755992,0.3664038493165494,0.16167350836749753,0.012729618728426897
IWM,2021,2021-11-09,2021-11-10,0.003512421915353836,0.012355394599851499,0.009846770308702525,0.010413952882211712,0.012505972280900376,0.014436305972740399,0.987959538237675,0.021867710596297177,0.01595363848931597,0.01137119171408607,False,649,39165.86401418704,0.225819269873699,0.10051610330027724,0.017654330278724192
QQQ,2021,2021-11-09,2021-11-10,0.009620193162291901,0.014154709501574008,0.008291068133806166,0.006538852352007027,0.009895713700952387,0.011357776658236188,1.4303879365681047,0.019950535194822393,0.012747406541343986,0.007541955935158495,False,941,33732.16073030227,0.2105331033534746,0.11420359857017533,0.01628310807182773
SPY,2021,2021-11-09,2021-11-10,0.004133645297729749,0.007862444353149211,0.003713401825720073,0.004649348094478991,0.006853337853069781,0.007820525391074301,1.1472430692479907,0.011469557308949684,0.007661626616474182,0.004209784594711996,False,1183,87780.6671656652,0.2406873031184087,0.15404753265778132,0.012472348860394462
IWM,2021,2021-11-10,2021-11-11,0.01137119171408607,0.021867710596297177,0.010877150250248973,0.011336711820969377,0.012505972280900376,0.014877044183660712,1.7485814061569946,0.011413710077498335,0.008686195902082527,0.003986391498361774,False,668,40411.57743391664,0.18349109897275662,0.12205977197958756,0.01576896131228147
QQQ,2021,2021-11-10,2021-11-11,0.007541955935158495,0.019950535194822393,0.010169237430521364,0.007849188882615859,0.010337433845438499,0.01185110963712587,1.9299311118325344,0.006393788926294651,0.00597072864942505,0.005043714367850005,False,967,36776.20305830535,0.19814723237672002,0.10445729432696908,0.01690395932037215
SPY,2021,2021-11-10,2021-11-11,0.004209784594711996,0.011469557308949684,0.00523328178767744,0.005347905957441453,0.006853337853069781,0.007871756422526953,1.673572433586093,0.00331035139659201,0.003148229552729198,0.0030953815865008005,False,1220,81144.06210367993,0.18082149791769764,0.08261554826340885,0.01438566762564085
IWM,2021,2021-11-11,2021-11-12,0.003986391498361774,0.011413710077498335,0.011631064827293564,0.011071559878317488,0.012505972280900376,0.014744799354679561,0.9126607528892264,0.006127047482169407,0.0049425846051387445,0.001750575909264418,False,664,45513.05832246709,0.22521356145388682,0.12890312487401992,0.01561242811601654
QQQ,2021,2021-11-11,2021-11-12,0.005043714367850005,0.006393788926294651,0.00707149557730899,0.007075801462861262,0.009895713700952387,0.011315625801933807,0.6461170077787616,0.013068880365435097,0.0088827911374465,0.007478937324260304,False,955,44349.15297282726,0.24468569390255782,0.1544980711639398,0.01522516922853793
SPY,2021,2021-11-11,2021-11-12,0.0030953815865008005,0.00331035139659201,0.004458979481284219,0.004304296865480145,0.006442742998162993,0.007192446496515658,0.5138108717879767,0.008062435585155146,0.005890931938294042,0.004622449946368512,False,1085,101745.54514626254,0.3360724750273918,0.22327428676054273,0.01192121466255848
IWM,2021,2021-11-12,2021-11-15,0.001750575909264418,0.006127047482169407,0.009215992208915379,0.01099013828392958,0.012104202036353422,0.014310418427702124,0.5061917723917366,0.013343273713883982,0.012713130851035759,0.008396741950207232,False,584,34237.07475004816,0.20492749020130213,0.17004043987729384,0.016825533207750192
QQQ,2021,2021-11-12,2021-11-15,0.007478937324260304,0.013068880365435097,0.009553057699818663,0.007234556885734007,0.011148949073677613,0.01163964813577001,1.1722073783878333,0.010456881848311813,0.009716902574053776,0.003283620768664286,False,882,32070.081032608905,0.2029881932569286,0.1709697577123423,0.01736318664188614
SPY,2021,2021-11-12,2021-11-15,0.004622449946368512,0.008062435585155146,0.005745746308065843,0.0042998893161243475,0.006853337853069781,0.0072085375852544665,1.1764246500037614,0.005505263083864209,0.005169130269008004,0.0025819860337021883,False,1004,79229.73385672877,0.3059754269585846,0.24115970329245182,0.012588037473976054
IWM,2021,2021-11-15,2021-11-16,0.008396741950207232,0.013343273713883982,0.00879246958363633,0.011076411986101667,0.012505972280900376,0.014547538062153018,1.0669521260863792,0.010178323624060036,0.006771537043862352,0.005173330311011526,True,657,36152.59653672267,0.1380726689739909,0.10761406121077866,0.016128911837307924
QQQ,2021,2021-11-15,2021-11-16,0.003283620768664286,0.010456881848311813,0.00958319852449807,0.0071012202281676385,0.010286658524834853,0.011367216860314338,1.0165479706618037,0.010841388240697896,0.01033364006395776,0.009038816352451073,True,994,32662.785320793875,0.21240198873089094,0.17614950346171887,0.016092844240858332
SPY,2021,2021-11-15,2021-11-16,0.0025819860337021883,0.005505263083864209,0.005719559270677572,0.0043203052364264695,0.006442742998162993,0.007004647410163772,0.8544905617737529,0.007320952488151125,0.007149730025749923,0.004559573821346419,True,1169,81963.58570194468,0.25339391496588226,0.2118673529909937,0.010813250739340101
IWM,2021,2021-11-16,2021-11-17,0.005173330311011526,0.010178323624060036,0.008910859970654576,0.011077701451358885,0.012505972280900376,0.014550390714108546,0.8138770337436922,0.012601865205268724,0.012461160272767113,0.009241354997916895,True,629,41240.97844600115,0.40196976423538106,0.3429917794402923,0.013715357185979465
QQQ,2021,2021-11-16,2021-11-17,0.009038816352451073,0.010841388240697896,0.009735798190774591,0.007086433582220007,0.010649135044504855,0.01152317682458642,1.0180534095388571,0.007743523751767756,0.004952862905601929,0.00030168476979886005,True,972,34016.46622754297,0.1768766880523937,0.14959406343326495,0.014614536974258895
SPY,2021,2021-11-16,2021-11-17,0.004559573821346419,0.007320952488151125,0.005791301112524288,0.004147231432691066,0.006853337853069781,0.006976908266958891,1.0682316624550894,0.0036460372176505863,0.0032514524213878016,0.001833657466018157,True,1103,101353.4805513009,0.4778849112013687,0.40019355238766485,0.009632804769770064
IWM,2021,2021-11-17,2021-11-18,0.009241354997916895,0.012601865205268724,0.00788692594626995,0.011592719744894786,0.012478629902560111,0.014724848304798593,1.0098757078037333,0.016967770992444092,0.0166058573975989,0.008694907878248337,True,635,52476.859696142616,0.26163284116061297,0.18428983808970045,0.01768216674575302
QQQ,2021,2021-11-17,2021-11-18,0.00030168476979886005,0.007743523751767756,0.004572126268459883,0.007041316403777075,0.010649135044504855,0.011496524779510384,0.7271504886928402,0.012058080890017241,0.006354234001786363,0.005053383429199032,True,971,40722.69801352291,0.16456053061784057,0.12752476427609383,0.015020249423627743
SPY,2021,2021-11-17,2021-11-18,0.001833657466018157,0.0036460372176505863,0.0038653362347557743,0.004237301330592183,0.006853337853069781,0.006936798118213142,0.5320089707845697,0.007821186395262868,0.006218625722129056,0.0010442859989583386,True,1167,115897.64744879876,0.4358440278822961,0.3322428775003021,0.011134383753700421
IWM,2021,2021-11-18,2021-11-19,0.008694907878248337,0.016967770992444092,0.005948163450009922,0.011671774797815155,0.012647926873905292,0.015051474735267875,1.3415456273273791,0.008702356677311254,0.004929883291557635,0.0023577958660960796,True,622,59539.503240888494,0.296645947822283,0.21867006744417744,0.015407690283348678
QQQ,2021,2021-11-18,2021-11-19,0.005053383429199032,0.012058080890017241,0.0052174065543625055,0.007203770812526608,0.01144973456535757,0.011619921200280995,1.0531319150838911,0.006742188905347623,0.0046352406889349496,0.0013880910412225056,True,928,39607.15325235536,0.3588021635302037,0.2761637280350459,0.014694420286613942
SPY,2021,2021-11-18,2021-11-19,0.0010442859989583386,0.007821186395262868,0.0037858961728978874,0.004249654934903182,0.007275349967696027,0.007050269083033406,1.0750254530696752,0.00519580613171928,0.002832173785333847,0.0015331247749896804,True,1117,140724.82705461275,0.48519733721821584,0.378788067489107,0.009974582651318033
IWM,2021,2021-11-19,2021-11-22,0.0023577958660960796,0.008702356677311254,0.005665869802760602,0.011886606796270191,0.012647926873905292,0.014985085700323619,0.6880460935669714,0.017590343926667126,0.011225309378839032,0.010631054052543387,True,578,31295.17455437693,0.058568763471986175,0.01958166776392207,0.0206147565670615
QQQ,2021,2021-11-19,2021-11-22,0.0013880910412225056,0.006742188905347623,0.004482288149175481,0.006680699260801247,0.010649135044504855,0.011414988446757614,0.6331208006256539,0.02347310906070392,0.01598237642173661,0.015459771230661223,True,894,22844.08797181563,0.19743561019803266,0.11245506729282899,0.01797853929086716
SPY,2021,2021-11-19,2021-11-22,0.0015331247749896804,0.00519580613171928,0.0029152725623090197,0.004278910608313178,0.006853337853069781,0.0069109513993770326,0.7581424180615799,0.01314532533892793,0.007574641058499809,0.0070504942150820815,True,974,79974.0138263483,0.3559827727597968,0.18413703475914717,0.012668996751041989
IWM,2021,2021-11-22,2021-11-23,0.010631054052543387,0.017590343926667126,0.005645123783295174,0.011779911319646088,0.012981312330187433,0.015276631076932395,1.3550512828939187,0.018929101924741377,0.012116194259566226,0.0002592919259778448,False,619,34481.51321330448,0.10252535405385164,0.07144657559756273,0.02079085114770666
QQQ,2021,2021-11-22,2021-11-23,0.015459771230661223,0.02347310906070392,0.00859529828657407,0.007338721628299122,0.010649135044504855,0.011883531151815053,2.204226818666974,0.018361753855880923,0.013208723777015319,0.0015824128718551211,False,967,28310.998967354564,0.27182754312863006,0.09365963186763994,0.0169723316798417
SPY,2021,2021-11-22,2021-11-23,0.0070504942150820815,0.01314532533892793,0.0033242847216186197,0.004303230203841513,0.006853337853069781,0.007183708832074741,1.9180909537445043,0.009952471821273408,0.0059640196810613055,0.0020761123628458833,False,1108,79140.54065729358,0.18468027395090994,0.10906420411134989,0.013708807203991322
IWM,2021,2021-11-23,2021-11-24,0.0002592919259778448,0.018929101924741377,0.004562920552095771,0.011641255554817301,0.013305954915858495,0.015585726345738082,1.4226037923953148,0.015039941654871188,0.011334435286776356,0.00954707026127255,False,655,41296.01217415373,0.10845462018004107,0.07481466264456493,0.02096905626258266
QQQ,2021,2021-11-23,2021-11-24,0.0015824128718551211,0.018361753855880923,0.008576930504022333,0.0075184446508491,0.010649135044504855,0.012163846107937786,1.7242483806565978,0.01648388162149857,0.010432216325919397,0.009697964603534226,False,1057,38544.102182756695,0.13943203608703642,0.08867730995040876,0.01590530088983709
SPY,2021,2021-11-23,2021-11-24,0.0020761123628458833,0.009952471821273408,0.0027041911131820365,0.004302138777516088,0.007275349967696027,0.007358272781358003,1.3679715567586885,0.009397942122809713,0.00753124014936235,0.007252295628284555,False,1176,106665.59120442491,0.36212931368637885,0.21103587004936628,0.012241502136126818
IWM,2021,2021-11-24,2021-11-26,0.00954707026127255,0.015039941654871188,0.0037624797812772595,0.010728143110657387,0.013305954915858495,0.015378994992034694,1.1303165950867657,0.02902737635317801,0.024221486700976014,0.009379447667937413,False,617,40814.98273116567,0.12474618460392725,0.0889711480256727,0.019021947528596077
QQQ,2021,2021-11-24,2021-11-26,0.009697964603534226,0.01648388162149857,0.008697350299564012,0.007520672312237932,0.01144973456535757,0.012451258770439969,1.4396736908969372,0.01961581333112271,0.016265994090346014,0.012395479351961947,False,1028,40285.87225646441,0.3454310743429717,0.19582448431124033,0.014699792962234035
SPY,2021,2021-11-24,2021-11-26,0.007252295628284555,0.009397942122809713,0.0027381356471819565,0.0040892040420880925,0.007571069441706997,0.007464156252964015,1.2412965163202656,0.013258651493202258,0.009983195565234526,0.00728899758593371,False,1042,98627.8011722937,0.33297986174844646,0.19013272955621935,0.011900744343178955
IWM,2021,2021-11-26,2021-11-29,0.009379447667937413,0.02902737635317801,0.01574494667831096,0.013081423915838592,0.013305954915858495,0.016926309947997903,2.181532745055538,0.024356796380088055,0.022509472084120574,0.015515845141436224,False,515,19847.891171244748,0.06316587550346267,0.008715165566073579,0.02273024491126356
QQQ,2021,2021-11-26,2021-11-29,0.012395479351961947,0.01961581333112271,0.010219911814971925,0.008621366179510861,0.012563480627726168,0.012989030672933461,1.5613358998487128,0.014120074088897427,0.01222560852460175,0.009598594691364593,False,946,30255.61243374026,0.1555588732265528,0.11036510991728425,0.019895979228506198
SPY,2021,2021-11-26,2021-11-29,0.00728899758593371,0.013258651493202258,0.010154561168130023,0.006402599002986859,0.00784181537420604,0.008215874617376318,1.6907630262265205,0.010407883500411596,0.005365548721263158,0.0011420664359518273,False,966,58825.889106586605,0.13162034900450195,0.05946958942341305,0.019259706946339182
IWM,2021,2021-11-29,2021-11-30,0.015515845141436224,0.024356796380088055,0.016355879993629575,0.01308047251158392,0.013728603917059188,0.017752677360021694,1.7741641121878573,0.027100496819967727,0.022141924546887237,0.011284353538654646,False,552,25791.300129737934,0.08771169512872999,0.025541595411457126,0.022367681233123736
QQQ,2021,2021-11-29,2021-11-30,0.009598594691364593,0.014120074088897427,0.01561671953285726,0.00976978788477839,0.012563480627726168,0.013480932784798779,1.123898265719138,0.023672206405293612,0.017945114943961338,0.012437914314311516,False,1004,28944.888255764352,0.273179469891531,0.0861171203047875,0.01677763608647752
SPY,2021,2021-11-29,2021-11-30,0.0011420664359518273,0.010407883500411596,0.012738008083304666,0.006951451370196907,0.00784181537420604,0.008606349320452171,1.3272288371702914,0.018896127676034904,0.014715599355732634,0.013939399223823035,False,963,72899.40495457873,0.17895977279964143,0.0744881332621351,0.015375663893422646
IWM,2021,2021-11-30,2021-12-01,0.011284353538654646,0.027100496819967727,0.01685651608101301,0.012108226656163944,0.013728603917059188,0.017942060731431734,1.9740169491154598,0.049558690272561205,0.04700916987746728,0.04440562684688132,False,495,26847.332342095557,0.08600646689574963,0.04324794872495547,0.020497528588676744
QQQ,2021,2021-11-30,2021-12-01,0.012437914314311516,0.023672206405293612,0.01613994274299011,0.010426228208139016,0.013118928086694539,0.014255230456696086,1.804431448122839,0.03474941342851597,0.030105482334629396,0.028020497379517173,False,938,34803.89590988612,0.23653272731190927,0.1709508423868876,0.017433094847570302
SPY,2021,2021-11-30,2021-12-01,0.013939399223823035,0.018896127676034904,0.015044545509315962,0.008261706797979902,0.00790537457860806,0.009335029326622155,2.390288719166808,0.031149823296326706,0.02520599144580693,0.024131388733537706,False,927,65316.273471444416,0.18567220556368788,0.1210736877729769,0.018207292791048334
IWM,2021,2021-12-01,2021-12-02,0.04440562684688132,0.049558690272561205,0.016281681323602807,0.012751255781306682,0.01457693788755279,0.020006615885273686,3.3998011554181926,0.02854874868958197,0.025983148066845096,0.022577840681639483,False,474,22410.62063346025,0.10472988378054406,0.02495212669888783,0.02122693230595683
QQQ,2021,2021-12-01,2021-12-02,0.028020497379517173,0.03474941342851597,0.017417425084320655,0.011125570560606235,0.013276840662352712,0.015652311741090216,2.6172953575506894,0.01918090754439169,0.015396585353428804,0.010653229650557039,False,999,30948.21955217106,0.08759032233662643,0.03530914646975318,0.021812829093069967
SPY,2021,2021-12-01,2021-12-02,0.024131388733537706,0.031149823296326706,0.014741420496682126,0.00851801412856665,0.00800537019461103,0.010675284114539397,3.8911159058322893,0.01943515974553271,0.01850330826571822,0.014798177950388514,False,1033,66319.40084907212,0.1253564494498191,0.043044285421196024,0.022706865763565464
IWM,2021,2021-12-02,2021-12-03,0.022577840681639483,0.02854874868958197,0.02526585888005298,0.013834565437000387,0.01457693788755279,0.020316649897098957,1.9584873661264397,0.03481773300062167,0.03563530785113489,0.025330186310450475,False,518,32774.62869880379,0.17761845837140514,0.06562262665839046,0.02207915526301151
QQQ,2021,2021-12-02,2021-12-03,0.010653229650557039,0.01918090754439169,0.01797846228723247,0.010976444492593138,0.013752389802824434,0.015948791934735283,1.3947326842388046,0.034346177008661216,0.03275271539196645,0.020904123908964012,False,1008,39861.71687249701,0.17243169488519966,0.11483108257717241,0.018197574864896253
SPY,2021,2021-12-02,2021-12-03,0.014798177950388514,0.01943515974553271,0.017724220432055217,0.009159442968122652,0.00800537019461103,0.011179903764608316,2.427765271694226,0.024783792565812642,0.02283257527713234,0.012522594751072424,False,1046,93456.72415767034,0.13071205849885575,0.08395241195806878,0.017836920660399592
IWM,2021,2021-12-03,2021-12-06,0.025330186310450475,0.03481773300062167,0.02156943987932399,0.01427251088628007,0.01600385632365764,0.021357932700433773,2.1755839527972074,0.03223421051055357,0.01916509321116333,0.01145290044897651,False,445,22607.183974872183,0.18103499844041476,0.04655962315097384,0.02345942463989819
QQQ,2021,2021-12-03,2021-12-06,0.020904123908964012,0.034346177008661216,0.017670569582782937,0.01114457048996853,0.014137391795235717,0.01690671170852573,2.42945640229309,0.02163547742591793,0.011415811308191248,0.006699182262878134,False,894,26493.201744534657,0.14250221467788202,0.05095453707147062,0.02291193262008591
SPY,2021,2021-12-03,2021-12-06,0.012522594751072424,0.024783792565812642,0.015292488789315948,0.00922897994249115,0.00873018885398243,0.012178579864579547,2.8388609891877743,0.01585076822162935,0.01021639359880866,0.005831678761831993,False,943,65735.10140225064,0.11025810810186737,0.04849706944713793,0.02098425315644831
IWM,2021,2021-12-06,2021-12-07,0.01145290044897651,0.03223421051055357,0.02488536815752148,0.014780087416729187,0.01727905745955561,0.021966823492183825,1.865507455253441,0.018276751461911378,0.017556468475735887,0.008823294855732966,False,480,26338.745373978916,0.22823600172772135,0.050650171176955555,0.020915078119178778
QQQ,2021,2021-12-06,2021-12-07,0.006699182262878134,0.02163547742591793,0.013174176489765236,0.011348639595567084,0.01531929556153629,0.017509009065166687,1.4123023698452766,0.013917515807170648,0.013815720664188902,0.012212777161735522,False,988,30756.89790464927,0.17677284261366047,0.0426071476872952,0.022040384102570067
SPY,2021,2021-12-06,2021-12-07,0.005831678761831993,0.01585076822162935,0.015192277977144023,0.009643318258370415,0.00967520697204156,0.012590787175847116,1.6382872498162888,0.022027972924052622,0.012558617338442657,0.008333143314464886,False,1024,74122.44700582695,0.1716879491922862,0.06687368786926805,0.018546870472855186
IWM,2021,2021-12-07,2021-12-08,0.008823294855732966,0.018276751461911378,0.024944637585702537,0.01598181622300014,0.017933547694289252,0.023021461554202982,1.0191375278039054,0.015494192488735603,0.008637520613971272,0.004585924983555589,False,553,37801.502038089064,0.17851431572107473,0.05667244932392201,0.023372718606383052
QQQ,2021,2021-12-07,2021-12-08,0.012212777161735522,0.013917515807170648,0.01994300196609409,0.01337328769389423,0.01531929556153629,0.018817792004931885,0.9084958085223427,0.009041379265415239,0.004921539046548684,0.0036164750615743646,False,987,34844.35297571303,0.08955244757711113,0.03815864233692652,0.017675838726967052
SPY,2021,2021-12-07,2021-12-08,0.008333143314464886,0.022027972924052622,0.014530960957342161,0.010795288163171088,0.0101801776608425,0.013489042639716986,2.1638102651962567,0.00676341656746989,0.00400579587548866,0.0017494704187854815,False,1002,89867.27277153361,0.2788863909695562,0.0977663973841893,0.015570178253140823
IWM,2021,2021-12-08,2021-12-09,0.004585924983555589,0.015494192488735603,0.019537615378639253,0.016148270130306192,0.017933547694289252,0.023175372397307516,0.8639781014254956,0.0237999638476732,0.01573839481107031,0.01531588623586344,False,573,38981.252929555514,0.17809059795647655,0.0524656693579146,0.021432889816563234
QQQ,2021,2021-12-08,2021-12-09,0.0036164750615743646,0.009041379265415239,0.01684615878420422,0.013304080648324416,0.015301977855197999,0.0185605561093998,0.5908634394176653,0.016744102737633947,0.012248131881102076,0.011597828659219211,False,1037,37117.33230289777,0.28437597669404197,0.06661881416773312,0.016293762506762666
SPY,2021,2021-12-08,2021-12-09,0.0017494704187854815,0.00676341656746989,0.011577354694773952,0.010781823112792514,0.0101801776608425,0.013434067600885998,0.6643711723701055,0.007454854811226793,0.004311964613385122,0.003844895474604537,False,1005,92259.47302455748,0.25663203886807534,0.17581906411107992,0.013926684355084122
IWM,2021,2021-12-09,2021-12-10,0.01531588623586344,0.0237999638476732,0.021864845917310277,0.01650001285669811,0.017933547694289252,0.023267975902674903,1.327119667195133,0.020387033490158253,0.017772029561456515,0.010306000529181958,False,548,41754.87253885939,0.20033419346400738,0.06983199734750042,0.020781674670132356
QQQ,2021,2021-12-09,2021-12-10,0.011597828659219211,0.016744102737633947,0.019286675812970534,0.013305131828889021,0.015301977855197999,0.01840478629416592,1.0942443451482362,0.01240485474334364,0.008287598858616407,0.0035046509645253465,False,1014,43271.47071009844,0.1613951787470214,0.0785129509098076,0.01823311953583977
SPY,2021,2021-12-09,2021-12-10,0.003844895474604537,0.007454854811226793,0.01243616215870783,0.010733009309898246,0.00967520697204156,0.013234453496136875,0.7705111459392117,0.009355719003632284,0.005830531315007992,0.0032179937614664755,False,1018,105490.54681549432,0.25053158854364493,0.1566396156430014,0.013603535957682511
IWM,2021,2021-12-10,2021-12-13,0.010306000529181958,0.020387033490158253,0.018616328078817166,0.016275959883654878,0.018602926693326378,0.02365679572897141,1.0959046297522586,0.019689560253561823,0.016949938950632903,0.01076059393783313,False,473,35112.34661829133,0.230470184012287,0.19569040278025057,0.021563187977129965
QQQ,2021,2021-12-10,2021-12-13,0.0035046509645253465,0.01240485474334364,0.01601033078112539,0.013495840044216183,0.015301977855197999,0.018613675720832428,0.8106700232303485,0.016205984144354587,0.015617012965531751,0.014422086016017577,False,922,37040.5280191806,0.31038144689345215,0.27662152117799166,0.01645060191716873
SPY,2021,2021-12-10,2021-12-13,0.0032179937614664755,0.009355719003632284,0.010283374324013052,0.01092268499056101,0.00967520697204156,0.013542177363287236,0.9669786941682487,0.009123989286557584,0.008407175070449302,0.0076990048669497435,False,941,88218.99856041676,0.3311128887257161,0.28894562489021985,0.013427631676960792
IWM,2021,2021-12-13,2021-12-14,0.01076059393783313,0.019689560253561823,0.018581571717487984,0.016500042510900387,0.019309331089151602,0.02452280630971577,1.0196914726178081,0.019619753369104046,0.013701194968396946,0.0018641492770066215,True,487,36057.53361163808,0.21038748537659369,0.16254485476043923,0.019796846026638188
QQQ,2021,2021-12-13,2021-12-14,0.014422086016017577,0.016205984144354587,0.018822397894983186,0.013724262918032646,0.01634493288292658,0.018768536442797117,0.9914989716037848,0.016679555018554025,0.009566464727589041,0.0023238431253027603,True,981,38030.98149830254,0.09023447032323065,0.07039528609929353,0.018787633963696006
SPY,2021,2021-12-13,2021-12-14,0.0076990048669497435,0.009123989286557584,0.012132705441109429,0.011005259694833187,0.00967520697204156,0.013576010935570043,0.9430278145907545,0.011855125953464269,0.0061705515217613804,0.0005830162944717721,True,964,86465.47882827462,0.2015555577722944,0.13314933070742974,0.01382038160197227
IWM,2021,2021-12-14,2021-12-15,0.0018641492770066215,0.019619753369104046,0.011722797194674952,0.016517219211250756,0.019654656811332934,0.024827020140595027,0.9982241642495246,0.03305168577167293,0.018439833922037296,0.01573220209870496,True,485,39925.88820059813,0.24780150517472263,0.20636018609116719,0.019344111157273913
QQQ,2021,2021-12-14,2021-12-15,0.0023238431253027603,0.016679555018554025,0.0117657162799011,0.01390992893255659,0.0165817183200263,0.01934412580634911,1.0059002750281656,0.03490232628682559,0.024436796738330546,0.0234829749297083,True,957,40015.437685240366,0.2016821891315805,0.173546205479504,0.018221502310812467
SPY,2021,2021-12-14,2021-12-15,0.0005830162944717721,0.011855125953464269,0.007830450219191173,0.011110824799591506,0.0101801776608425,0.013977224641461982,1.1645303597268606,0.021837630710710793,0.016054489897399105,0.01549348855841104,True,970,91793.38733501222,0.21036145036976045,0.14411405547445205,0.014697518983401686
IWM,2021,2021-12-15,2021-12-16,0.01573220209870496,0.03305168577167293,0.015006832797188308,0.017121006013471617,0.02003829687186004,0.025972605215345147,1.649425895974608,0.03485984963713007,0.03392224710597036,0.02857144843770376,True,539,44358.49091916331,0.09975859405353527,0.08304126842098224,0.018215709485861233
QQQ,2021,2021-12-15,2021-12-16,0.0234829749297083,0.03490232628682559,0.01705440281240122,0.014789316527463943,0.016711828878093984,0.02054703412240823,2.0884803537317134,0.033338406306843336,0.03330655324224607,0.028137905654193163,True,1004,41807.64196159772,0.11911852240720731,0.10201085615762566,0.015394473893442858
SPY,2021,2021-12-15,2021-12-16,0.01549348855841104,0.021837630710710793,0.01121211020454259,0.011643974839419058,0.011131504726937932,0.014703419274307423,1.9617860519669306,0.017076850411884295,0.016716909929676893,0.012950451832184795,True,1032,84827.55206585635,0.2711993674663978,0.21149058281108632,0.013892710115740843
IWM,2021,2021-12-16,2021-12-17,0.02857144843770376,0.03485984963713007,0.014407915990378911,0.017380568982146197,0.022093498668915725,0.026923012597236624,1.5778329254015282,0.033223389034625586,0.024269600515260947,0.013854865615871459,True,505,51204.73903908142,0.18519113519540778,0.17471983829466456,0.015181716222160887
QQQ,2021,2021-12-16,2021-12-17,0.028137905654193163,0.033338406306843336,0.01973720091897636,0.015869982566771364,0.017552928296757433,0.021830613136861472,1.8993073829739262,0.019356725765401473,0.015287131386565456,0.004121819698928997,True,1004,46936.1014671634,0.28187955671003656,0.26039517225712944,0.01587592777977781
SPY,2021,2021-12-16,2021-12-17,0.012950451832184795,0.017076850411884295,0.011578873913913861,0.011806561747971034,0.0125002256461961,0.015369054248901153,1.366123372107358,0.01447295602308109,0.007619067923364309,0.0036398932297986297,True,1028,96795.98791715641,0.23205971558703783,0.17915383307408894,0.013802976525361768
IWM,2021,2021-12-17,2021-12-20,0.013854865615871459,0.033223389034625586,0.01610930354000425,0.017664630685099516,0.024078380113880627,0.0277243442346917,1.3798016676160483,0.019708652019168993,0.015951340863565866,0.00014144363154722228,True,460,16753.657048141096,0.14200744994610587,0.06782100313484513,0.02431863914823442
QQQ,2021,2021-12-17,2021-12-20,0.004121819698928997,0.019356725765401473,0.018081724316890233,0.015648248300629147,0.018771330700136306,0.022183579554076335,1.0311855922532396,0.010617274024642721,0.005563372179840487,0.0029506944584027917,True,881,16966.17131467216,0.14782493856711806,0.08742532467953082,0.01904947909366777
SPY,2021,2021-12-17,2021-12-20,0.0036398932297986297,0.01447295602308109,0.01162492384493212,0.012175546929247221,0.013201988416065093,0.01587642373957436,1.0962709227550447,0.009373303874909089,0.007403458415218278,0.0011001583962182426,True,860,43263.09705710608,0.20465058755941043,0.10574634544452544,0.01709118685126827
IWM,2021,2021-12-20,2021-12-21,0.00014144363154722228,0.019708652019168993,0.015437627669321894,0.017770341483067612,0.024078380113880627,0.028681255345898198,0.8185206781334685,0.0295518296976644,0.019561169472932738,0.01858074595818393,False,492,16160.550722415806,0.0952362861454669,0.057996617439243406,0.02011700372145775
QQQ,2021,2021-12-20,2021-12-21,0.0029506944584027917,0.010617274024642721,0.017765294868145983,0.015662582764050872,0.018771330700136306,0.022708224022724936,0.5656111542782434,0.024293677564950673,0.014269004453874023,0.013435760515870587,False,912,16388.73577221572,0.21957450243822965,0.11605493134720435,0.01852393111521841
SPY,2021,2021-12-20,2021-12-21,0.0011001583962182426,0.009373303874909089,0.01181277200415802,0.012365244420752515,0.013201988416065093,0.016565878991611292,0.7099918269510829,0.015045450637528004,0.010030322606232156,0.00970326061178084,False,942,40205.47005029618,0.16701257103688144,0.07962290940725152,0.017994117898955758
IWM,2021,2021-12-21,2021-12-22,0.01858074595818393,0.0295518296976644,0.020515877724971578,0.01924599978263416,0.02572864660002789,0.029288149629957867,1.1485963547586047,0.014779461572811606,0.011382985458801675,0.011061659320334982,False,523,22926.599759052842,0.08228081045934378,0.0423677275241234,0.0222186591034296
QQQ,2021,2021-12-21,2021-12-22,0.013435760515870587,0.024293677564950673,0.021356937969900038,0.01648456445834539,0.018771330700136306,0.02275538309492199,1.294190484043535,0.015247724717652964,0.013499267055524955,0.012959318344767157,False,984,22617.957711209798,0.20961833770395122,0.12616935318331746,0.017491174834838197
SPY,2021,2021-12-21,2021-12-22,0.00970326061178084,0.015045450637528004,0.015405754364969134,0.013079315409097073,0.013865803758141674,0.016810242417563088,1.085075982608918,0.011301045592518363,0.010847228593926284,0.010587942276218731,False,1105,60595.06430376422,0.2649355087677684,0.15504053596892417,0.014598517922840521
IWM,2021,2021-12-22,2021-12-23,0.011061659320334982,0.014779461572811606,0.019779250118451865,0.019446653510021554,0.02572864660002789,0.029081006301708727,0.5744360285470899,0.011128734132119367,0.007916760804523637,0.004478580505349328,False,541,41926.149403364754,0.19627488061617798,0.08969160660359236,0.020938966650331663
QQQ,2021,2021-12-22,2021-12-23,0.012959318344767157,0.015247724717652964,0.01900938748530078,0.016725515982002125,0.017962505141012816,0.022601830125364323,0.848864041955855,0.010879708995220866,0.01044861946868414,0.006619197801985166,False,999,32895.21221293225,0.2150513365250275,0.1101896761779106,0.01721934122544421
SPY,2021,2021-12-22,2021-12-23,0.010587942276218731,0.011301045592518363,0.014128495675378985,0.013281866211846363,0.013865803758141674,0.01687771415323327,0.8150299679441703,0.007573307291666667,0.007338671874999925,0.003946679687500065,False,1096,81326.23608166256,0.3058669704027658,0.17350667649306267,0.014034914346659612
IWM,2021,2021-12-23,2021-12-27,0.004478580505349328,0.011128734132119367,0.015103201004638174,0.01957017902175908,0.02572864660002789,0.02890731593755393,0.43254253926078273,0.01637132072322571,0.008545512218080642,0.008005751590423715,False,519,37640.95599263788,0.1160977599885914,0.02724515191834152,0.020649523253170828
QQQ,2021,2021-12-23,2021-12-27,0.006619197801985166,0.010879708995220866,0.013364255381460417,0.0168012465848624,0.017962505141012816,0.022351521210568985,0.6056899586004747,0.013207808576585059,0.013132482074897922,0.013132482074897922,False,885,27393.400874428065,0.1775976842365996,0.031674035018894535,0.017893095171618155
SPY,2021,2021-12-23,2021-12-27,0.003946679687500065,0.007573307291666667,0.01368448647438607,0.013342632285098736,0.013865803758141674,0.016891042715944195,0.5461859567441086,0.01122736054819154,0.01112146766756772,0.011015574786943816,False,939,68071.73444203545,0.20276048751404602,0.06219876170984215,0.015683770528020897
IWM,2021,2021-12-27,2021-12-28,0.008005751590423715,0.01637132072322571,0.015106060491017103,0.017790251338133518,0.024078380113880627,0.027149044621775496,0.6799178618244349,0.015103399282477566,0.008668852493890489,0.004647184044565877,False,558,46466.07327554626,0.263378667095571,0.1855022737105942,0.019583671212193985
QQQ,2021,2021-12-27,2021-12-28,0.013132482074897922,0.013207808576585059,0.012699022142428398,0.01657681382997845,0.016711828878093984,0.02205063683785788,0.7903269398538405,0.009569721007904158,0.009208660927088275,0.006899131026287919,False,973,26696.612184183392,0.1427906772037365,0.08911962605584095,0.018437241762490415
SPY,2021,2021-12-27,2021-12-28,0.011015574786943816,0.01122736054819154,0.011024916448594217,0.012573425202301931,0.013164040988272679,0.01636098970446032,0.8528810080577498,0.005756510074882798,0.0034869631362064446,0.0017792977085816508,False,1052,71291.32636228745,0.20343697287843868,0.1623530341678165,0.015566292135223887
IWM,2021,2021-12-28,2021-12-29,0.004647184044565877,0.015103399282477566,0.012338326657798165,0.017849663801114166,0.022093498668915725,0.026666846342184948,0.6836128360116714,0.0100126211121843,0.006598602323575786,0.0012123036592182057,False,521,48371.360158767224,0.1301384705924427,0.10055260427844408,0.01810592390472416
QQQ,2021,2021-12-28,2021-12-29,0.006899131026287919,0.009569721007904158,0.010218517073841391,0.015935981457809334,0.016711828878093984,0.021312167053209895,0.5726315819597838,0.009807100040836963,0.00661475469252415,0.0004978524132700501,False,915,35211.56282174027,0.31707623917034977,0.2300720806968546,0.01544269849391933
SPY,2021,2021-12-28,2021-12-29,0.0017792977085816508,0.005756510074882798,0.007198691472395752,0.012351236906741274,0.013164040988272679,0.015822241592354878,0.4372905006913184,0.0055347898655129305,0.0033124796341013063,0.001048261957489638,False,926,96492.13377279694,0.30423029810982344,0.24816199645145454,0.012898561837278128
IWM,2021,2021-12-29,2021-12-30,0.0012123036592182057,0.0100126211121843,0.0068268501116819065,0.017182143274119932,0.020047842754663623,0.025634025388986976,0.49943633510668456,0.012245427907253064,0.011168880448135132,4.4898921303437866e-05,False,569,49812.18338734373,0.17952985205343483,0.139739846805359,0.017742319937439664
QQQ,2021,2021-12-29,2021-12-30,0.0004978524132700501,0.009807100040836963,0.00868695014414037,0.015540193761637566,0.016442769581454304,0.02062177750188936,0.5964384523090519,0.009518370049657127,0.005581493601026333,0.002441832161907298,False,998,34487.43441727835,0.3036627570767592,0.2054118807017555,0.015275319366645113
SPY,2021,2021-12-29,2021-12-30,0.001048261957489638,0.0055347898655129305,0.006146487806033469,0.011339158946687855,0.011578085772991315,0.015098182017486365,0.4780401505077952,0.006967519559971674,0.004751149293101831,0.003703448289073208,False,972,90570.55804795856,0.1985502327592028,0.15992015609033505,0.013207591928701315
IWM,2021,2021-12-30,2021-12-31,4.4898921303437866e-05,0.012245427907253064,0.006346943250927649,0.016259905249327765,0.019699106136365406,0.02371143589978518,0.621623530655915,0.0077756109704991494,0.007326125146208007,0.0001798217624795484,False,569,52018.58815419802,0.23134048257670622,0.18882516407504552,0.016287736814628397
QQQ,2021,2021-12-30,2021-12-31,0.002441832161907298,0.009518370049657127,0.008765317871789628,0.014987060974056787,0.015726854431003776,0.019340287820148436,0.6052303778492856,0.009307914694031236,0.0058388466945216155,0.004528843371887636,False,1026,40212.043555959026,0.3727662174026265,0.2720675999566938,0.012739833283149867
SPY,2021,2021-12-30,2021-12-31,0.003703448289073208,0.006967519559971674,0.006775454477123062,0.010962803767719853,0.011264203070354951,0.013868608478838576,0.6185541503871448,0.004604263426925532,0.0025649034260222248,0.0014297013968894712,False,1049,102835.44507620331,0.3896981992270601,0.3018361108854411,0.011026735709568377
IWM,2021,2021-12-31,2022-01-03,0.0001798217624795484,0.0077756109704991494,0.005706558021800491,0.015122848517440973,0.019654656811332934,0.02253328385983076,0.3956116377476359,0.01770151801448995,0.01332079763133076,0.007196819820450839,False,499,30307.545681459374,0.10311043811608729,0.064449962117735,0.020479403492557162
QQQ,2021,2021-12-31,2022-01-03,0.004528843371887636,0.009307914694031236,0.00923739178349038,0.015032836972569083,0.014582620262411805,0.018849106235718355,0.6382882175176252,0.012680109543616699,0.007242237155353326,0.006590665238102922,False,941,24907.154279033548,0.1272607764821239,0.054254557663170715,0.016781447677786603
SPY,2021,2021-12-31,2022-01-03,0.0014297013968894712,0.004604263426925532,0.00705644866882219,0.010613563664492407,0.010300332211550314,0.013126316110595749,0.4470014493088412,0.008398068659490839,0.00517037386914776,0.0029603268911320146,False,870,67307.77182013901,0.2766816580930576,0.18024053725046513,0.013184261363992731
IWM,2022,2022-01-03,2022-01-04,0.007196819820450839,0.01770151801448995,0.007137302469138516,0.014469854166003058,0.01894825241550771,0.021736844745794497,0.9342031986022414,0.016592920353982302,0.011728870355079302,0.0045132932409776005,False,536,33318.41801043196,0.14817954276880357,0.03360823573560271,0.02077367944528284
QQQ,2022,2022-01-03,2022-01-04,0.006590665238102922,0.012680109543616699,0.006289799160148645,0.014486445398011215,0.013562662191877854,0.017761549033826273,0.934927771865491,0.02234981715551644,0.022756697335296838,0.014344642884238978,False,981,26035.00900703138,0.28375417156624105,0.13425692556130275,0.016442411770760775
SPY,2022,2022-01-03,2022-01-04,0.0029603268911320146,0.008398068659490839,0.0035225941620855654,0.010340083613003166,0.009364511439270687,0.012303419238540073,0.8967973090697495,0.00918163766715589,0.007653843204531885,0.003484857525730134,False,973,68207.38313197685,0.31581115300507717,0.21433470875688354,0.01417393021988536
IWM,2022,2022-01-04,2022-01-05,0.0045132932409776005,0.016592920353982302,0.006213109357193869,0.013884311519810698,0.017989134738200664,0.02094354731678607,0.9223856842178494,0.03819983334554742,0.03474133783598199,0.03339705016190453,False,555,37635.59587787134,0.20833353298589968,0.07992186023776914,0.019700299517045057
QQQ,2022,2022-01-04,2022-01-05,0.014344642884238978,0.02234981715551644,0.008313598951178126,0.014819611924431679,0.013562662191877854,0.017797412199154254,1.647893078757124,0.030045133917389007,0.02788842405312497,0.026473075816940916,False,1007,31237.79169666899,0.18412724004189857,0.09359549787927009,0.01624927151022218
SPY,2022,2022-01-04,2022-01-05,0.003484857525730134,0.00918163766715589,0.0034944940113354997,0.010127424527885318,0.009268678335394086,0.011951240536358912,0.9906091607574927,0.020328636374770642,0.018963024058171962,0.018400533808181962,False,987,83677.42740496511,0.2692297238944718,0.21849303111056653,0.012529935425158498
IWM,2022,2022-01-05,2022-01-06,0.03339705016190453,0.03819983334554742,0.017295975614640996,0.014996177513476188,0.018660635691796996,0.021250014291009183,2.047081030703559,0.02111831186324225,0.011936418865584608,0.003580932664903669,False,540,31621.302579003786,0.10629989666412423,0.023980428092711302,0.02171691754306255
QQQ,2022,2022-01-05,2022-01-06,0.026473075816940916,0.030045133917389007,0.014812814708429973,0.014862721691841194,0.01422776664711901,0.017778999809910934,2.111725238582885,0.018879768231762493,0.012891565563194263,0.004183817608279572,False,972,27877.087568721945,0.10440885420245163,0.042603058820574614,0.021050632371238862
SPY,2022,2022-01-05,2022-01-06,0.018400533808181962,0.020328636374770642,0.009272404213917392,0.01019268527798739,0.009268678335394086,0.011851951959565317,2.1932616106810126,0.011519832609566249,0.0062621397851005955,0.00010683663126753729,False,931,66948.02068577282,0.2090318754021971,0.09019569902374121,0.016142989232028674
IWM,2022,2022-01-06,2022-01-07,0.003580932664903669,0.02111831186324225,0.017898581655224198,0.014965763420148272,0.019654656811332934,0.021531726440667042,1.0744686140266446,0.020356871375950446,0.012365180930392627,0.01157364459586896,False,530,35225.33748669595,0.11420838833859813,0.0373344125631962,0.01921560767593496
QQQ,2022,2022-01-06,2022-01-07,0.004183817608279572,0.018879768231762493,0.01506471997711259,0.014795843101496188,0.015726854431003776,0.018265939327395418,1.2004796200404253,0.02010259939390785,0.01584485794884638,0.0108585616774457,False,978,37815.362366997426,0.1649468899645258,0.1161037818136195,0.01808513775606628
SPY,2022,2022-01-06,2022-01-07,0.00010683663126753729,0.011519832609566249,0.009359189434853494,0.010176297744331143,0.009364511439270687,0.01208886687992515,1.2301584214267798,0.009723299907798374,0.007102159375648398,0.003974817439085121,False,919,83949.1439891704,0.2927229022888721,0.16840863857445093,0.014279034139567185
IWM,2022,2022-01-07,2022-01-10,0.01157364459586896,0.020356871375950446,0.01817750767967025,0.014332636892669668,0.019654656811332934,0.0213684323691443,1.0357276431411722,0.019928289305554955,0.01733695064908214,0.0025608932384248995,False,451,29563.279658009244,0.202750270921882,0.047730091369436296,0.020140432709979714
QQQ,2022,2022-01-07,2022-01-10,0.0108585616774457,0.02010259939390785,0.015055383520145625,0.0146433564843665,0.015726854431003776,0.01843653008624387,1.2782339584880857,0.030227887701958507,0.015527472414738064,0.014113382220730664,False,861,27191.037847563122,0.18338108608740952,0.05998260901475428,0.018923847383921055
SPY,2022,2022-01-07,2022-01-10,0.003974817439085121,0.009723299907798374,0.0093458628352005,0.01009926297429831,0.009548301891353733,0.01220338714671385,1.018327658513092,0.019753585238225076,0.013359627731000634,0.006073044055456833,False,802,66445.4735745537,0.24914524521187068,0.14431707091918958,0.015270070310560057
IWM,2022,2022-01-10,2022-01-11,0.0025608932384248995,0.019928289305554955,0.015231740921548621,0.014338279203290479,0.019654656811332934,0.021489092642443804,1.0139220184228424,0.022600683189846094,0.011833156152449398,0.009884930968282246,False,520,33251.34919910952,0.15556475007886886,0.026322252447794608,0.021201664582107052
QQQ,2022,2022-01-10,2022-01-11,0.014113382220730664,0.030227887701958507,0.012597052729265017,0.014357607949892796,0.016442769581454304,0.019303075979509483,1.8383695977867591,0.02311785468239225,0.017476816582719712,0.01702873845977604,False,950,29846.707783682672,0.1837824363980137,0.06145123711697532,0.018511040132971897
SPY,2022,2022-01-10,2022-01-11,0.006073044055456833,0.019753585238225076,0.007985314320887558,0.009855802513696913,0.010475330227994958,0.012733600119533178,1.8857243455136434,0.01676593969939763,0.009930561245162783,0.009715600685538561,False,1002,67709.65939705636,0.15259648322053032,0.07536831544465908,0.01588348198570393
IWM,2022,2022-01-11,2022-01-12,0.009884930968282246,0.022600683189846094,0.0175113531590153,0.013999406996579044,0.019664202694136518,0.021446758412668136,1.1493312768071282,0.02169140307746838,0.01807680252443955,0.011577881794942457,False,521,37524.18824652473,0.1633841132329619,0.07894337981747686,0.019171122876879297
QQQ,2022,2022-01-11,2022-01-12,0.01702873845977604,0.02311785468239225,0.016929725047791187,0.014545521438177151,0.01777966162515826,0.019646409177935895,1.3002415439493198,0.013360455530994951,0.008960758426912907,0.0028573994130123292,False,979,38089.66661198053,0.16871389234775783,0.0949117168243576,0.019163743081950506
SPY,2022,2022-01-11,2022-01-12,0.009715600685538561,0.01676593969939763,0.010210948652864189,0.00987383724472512,0.011264203070354951,0.013096608357211695,1.4884266196800118,0.009033291203600373,0.005651029732349322,0.001208692569064418,False,985,83034.90588844463,0.2931255091092666,0.14796866406375642,0.01418255221976846
IWM,2022,2022-01-12,2022-01-13,0.011577881794942457,0.02169140307746838,0.009212910162618614,0.013962075905101753,0.019818470662361976,0.02156150584802646,1.0945043866913184,0.022185312544426506,0.016074573986747165,0.01291454768362843,False,495,38764.423139498474,0.2333399661851746,0.05930447750767544,0.018109231123232303
QQQ,2022,2022-01-12,2022-01-13,0.0028573994130123292,0.013360455530994951,0.009307356850149833,0.014398512618181156,0.01706374647470773,0.019218966633291788,0.7829731618902168,0.03284715737979146,0.03204134965625394,0.028577271048490838,False,963,38745.71828533051,0.11711485287040306,0.06436039619913785,0.0185971301589016
SPY,2022,2022-01-12,2022-01-13,0.001208692569064418,0.009033291203600373,0.005047050116141803,0.009734216183716234,0.010475330227994958,0.012872758147838437,0.862339516463091,0.019991957459068933,0.01888054538646844,0.01622229107457629,False,951,76088.6789050666,0.2519832557354453,0.10853341371535975,0.014531126886002265
IWM,2022,2022-01-13,2022-01-14,0.01291454768362843,0.022185312544426506,0.008806066508674383,0.013630977237474612,0.019818470662361976,0.021022166857447743,1.119426060788812,0.018019680015305576,0.011368405777969715,0.010943874736134562,False,494,38680.27969004191,0.23059181579165688,0.07493096096680975,0.018339471189271737
QQQ,2022,2022-01-13,2022-01-14,0.028577271048490838,0.03284715737979146,0.015268169553524724,0.014381581837193042,0.01706374647470773,0.01912339774213486,1.9249674992814887,0.014637322752409341,0.014077368694353387,0.013170881022048775,False,925,38942.541646659534,0.13389093843177996,0.0591471641832638,0.017978161542807278
SPY,2022,2022-01-13,2022-01-14,0.01622229107457629,0.019991957459068933,0.008471000881233592,0.009607290827483106,0.010475330227994958,0.012782816033137079,1.9084799260686902,0.011253501623911795,0.008456371291309273,0.007654109500661477,False,1026,85829.95104566735,0.18246200409825425,0.10538163130163056,0.015113605610095214
IWM,2022,2022-01-14,2022-01-18,0.010943874736134562,0.018019680015305576,0.00796294214562315,0.012838738996655049,0.018864166017237283,0.020156674025191897,0.9552333243271899,0.02313856612970158,0.022502761993034692,0.02059375673908892,False,466,36440.73940757469,0.19354469214962697,0.16486963741905097,0.019747464894362632
QQQ,2022,2022-01-14,2022-01-18,0.013170881022048775,0.014637322752409341,0.015051597478309045,0.013396073341585837,0.014942523735031153,0.018179168051028278,0.9795750043276624,0.017244177252917076,0.011547772015354507,0.009330608149459407,False,856,33131.10735191176,0.1581661190018739,0.12805655072757688,0.017562161914045263
SPY,2022,2022-01-14,2022-01-18,0.007654109500661477,0.011253501623911795,0.008370551745386824,0.009411667286891131,0.010475330227994958,0.012484028617776843,1.0742860968561354,0.010114399432848581,0.00972961872028999,0.007069213183615308,False,853,70878.11012261019,0.19161329819859232,0.15431674837932916,0.0152284692223329
IWM,2022,2022-01-18,2022-01-19,0.02059375673908892,0.02313856612970158,0.015218564117729557,0.014346933816688764,0.018864166017237283,0.020084961486529496,1.2265883426046256,0.024328345818926598,0.021675274341642847,0.020880229209945367,True,475,33386.785990720295,0.11192586720297917,0.10122642926832853,0.020307011307224565
QQQ,2022,2022-01-18,2022-01-19,0.009330608149459407,0.017244177252917076,0.018732413515864525,0.014423344745511445,0.014942523735031153,0.018567449128745406,1.1540337869760207,0.022786540710482688,0.016220208568872074,0.015235746347300405,True,821,29232.58057156179,0.19345911822954964,0.16861588836528937,0.01777868376141854
SPY,2022,2022-01-18,2022-01-19,0.007069213183615308,0.010114399432848581,0.011398141792749129,0.009722357661993367,0.009918849670323478,0.012597118934307306,1.019714963833979,0.01778969683194862,0.0147743178885833,0.013926188668748063,True,942,63617.01480584236,0.16143106104044713,0.13594986769724512,0.01722389150245414
IWM,2022,2022-01-19,2022-01-20,0.020880229209945367,0.024328345818926598,0.011816827415622856,0.01445647711905077,0.018973984660430265,0.01982435808316921,1.2821948712577338,0.04216575838066941,0.025208421133129377,0.02254360099686592,True,447,38148.768639096656,0.19155558844436962,0.13917171884415244,0.01813908397303117
QQQ,2022,2022-01-19,2022-01-20,0.015235746347300405,0.022786540710482688,0.01505320572449143,0.0144240143939461,0.01624595098528502,0.018745235690209867,1.4025981446775195,0.0343437664511975,0.02386686268712679,0.02182321625176742,True,757,32816.10573400037,0.18936587993129358,0.14951002545393274,0.0185407563774734
SPY,2022,2022-01-19,2022-01-20,0.013926188668748063,0.01778969683194862,0.008920755610774284,0.009708564239812622,0.01067087999052006,0.012540620218207269,1.6671255648787044,0.03138289858815427,0.0208098987626546,0.015426997245179042,True,909,73975.64769688089,0.2335180017981889,0.17358185434286955,0.016696563318841392
IWM,2022,2022-01-20,2022-01-21,0.02254360099686592,0.04216575838066941,0.011672537432193122,0.01299974575912643,0.018973984660430265,0.020450155821282116,2.22229326814019,0.030186218187398497,0.01631963283575999,0.013866585351638427,True,438,40050.694047150566,0.34814406952150845,0.27644176969193907,0.01666339103194702
QQQ,2022,2022-01-20,2022-01-21,0.02182321625176742,0.0343437664511975,0.012825905888577715,0.013437715405317971,0.01624595098528502,0.019252528696620863,2.113989293843421,0.029988590821736747,0.022965302972076884,0.021642970909609205,True,743,31540.685510564752,0.19544418738079516,0.14250030020318355,0.01958368749217195
SPY,2022,2022-01-20,2022-01-21,0.015426997245179042,0.03138289858815427,0.00674667420213756,0.00899851014409935,0.01067087999052006,0.013212278917546338,2.940985056156065,0.022690513975579637,0.017376378900441747,0.017012269085643905,True,908,79872.91819549954,0.1678703253420606,0.12185597272550601,0.017233718149739514
IWM,2022,2022-01-21,2022-01-24,0.013866585351638427,0.030186218187398497,0.011365309746979364,0.012973346442098944,0.0201425803407527,0.02121410039172309,1.4986271707366803,0.05750504066022506,0.04287108647102844,0.038439692757960664,True,380,15208.180929090764,0.02797612704685858,0.006719458541854068,0.023216672719696616
QQQ,2022,2022-01-21,2022-01-24,0.021642970909609205,0.029988590821736747,0.01347407555636142,0.013930122427462482,0.018061972742339782,0.01998083274635356,1.6603164698305246,0.05732709918737719,0.03519380511875192,0.021363892494066228,True,582,9893.660982539932,0.1373150260832199,0.06325691836014632,0.023402466334440257
SPY,2022,2022-01-21,2022-01-24,0.017012269085643905,0.022690513975579637,0.007870332080299105,0.00939239079381897,0.01067087999052006,0.013779059770676453,2.126395760774907,0.0454135017767838,0.026784838749170925,0.018077442725414672,True,771,33639.151424422824,0.15394851426770909,0.08504231321333715,0.020593023813043856
IWM,2022,2022-01-24,2022-01-25,0.038439692757960664,0.05750504066022506,0.020380617823201858,0.01417778724448492,0.020737591619596346,0.023474732093674493,2.7729854900742033,0.03597339552268926,0.020148017157354037,0.0018137878783801575,False,450,21212.256622234338,0.05410250712573351,0.019889264984540946,0.02386565063039147
QQQ,2022,2022-01-24,2022-01-25,0.021363892494066228,0.05732709918737719,0.012860815238285653,0.01379863300711427,0.01949118381283517,0.022231481797586067,2.9411809840727394,0.026970911072078333,0.014604369172672493,0.004500037545061786,False,646,12392.534174967059,0.11569840065405411,0.07418104942949741,0.024014768749714942
SPY,2022,2022-01-24,2022-01-25,0.018077442725414672,0.0454135017767838,0.009385002268692487,0.009297627007558727,0.011240431086051668,0.015537799562137078,4.040192180274807,0.029026018092373002,0.015378939868968766,0.0032559083500169894,False,820,37204.79742552284,0.15932775303203403,0.09965185333427005,0.022342281532262257
IWM,2022,2022-01-25,2022-01-26,0.0018137878783801575,0.03597339552268926,0.01785756279809321,0.013895361921681566,0.021404857470355317,0.024426508354074828,1.680618316310242,0.04871643319716022,0.04160642942290238,0.02879372382665446,False,528,22263.777196500974,0.056395711157066264,0.03615359823743649,0.022797053277052403
QQQ,2022,2022-01-25,2022-01-26,0.004500037545061786,0.026970911072078333,0.012530103494829697,0.013277091057096608,0.021226208274712145,0.023049613267471063,1.2706419687877153,0.045620713316277754,0.03559482635795308,0.023632076878941866,False,886,13471.929341889987,0.14736855904221072,0.0755573117239569,0.022930203288792302
SPY,2022,2022-01-25,2022-01-26,0.0032559083500169894,0.029026018092373002,0.008684808443038093,0.008524836751262263,0.01138666711673902,0.016267451117258656,2.5491232680108102,0.034443690214453294,0.027654750441261644,0.016654556901344097,False,814,40946.45124871518,0.11804793734856943,0.07409607308072977,0.021807910110535112
IWM,2022,2022-01-26,2022-01-27,0.02879372382665446,0.04871643319716022,0.01768115327752767,0.014026840135727863,0.021938357810947443,0.02614428748619051,2.2206052803482983,0.04559021547451026,0.03688351812265345,0.030916361176910212,False,502,23100.85409716778,0.1665755660790826,0.11241398458251073,0.022029575045294486
QQQ,2022,2022-01-26,2022-01-27,0.023632076878941866,0.045620713316277754,0.01375641879809188,0.013332007403006885,0.022568178932999564,0.0249026268037867,2.0214618756664673,0.0321121963843744,0.02749597541290938,0.02375497406398852,False,874,13705.658556971945,0.15044716110399786,0.0678269365876267,0.02222002753432894
SPY,2022,2022-01-26,2022-01-27,0.016654556901344097,0.034443690214453294,0.00925016931019244,0.008493130564568994,0.01414288615448194,0.017726306927969268,2.4354074435887294,0.027700414959949595,0.020514605444571732,0.01601793313290023,False,848,40460.59896572058,0.12055376998711469,0.07207557952374113,0.022434720130823864
IWM,2022,2022-01-27,2022-01-28,0.030916361176910212,0.04559021547451026,0.0184236102739583,0.014373344871340675,0.022392997867136298,0.027942543685194682,2.035913893486228,0.03766302209515674,0.01919294316889908,0.01851853473276943,False,517,25617.78468497331,0.10728744989882509,0.06850689562366792,0.02188912416625698
QQQ,2022,2022-01-27,2022-01-28,0.02375497406398852,0.0321121963843744,0.013775272391653286,0.013226516901108366,0.02295219769643747,0.026040217192951232,1.3990902661734523,0.041016753218989316,0.026207591949295006,0.02556624506568128,False,877,16928.468226906338,0.1793575800836404,0.10657370799281869,0.01990246529363032
SPY,2022,2022-01-27,2022-01-28,0.01601793313290023,0.027700414959949595,0.00918665029453977,0.008374344663562608,0.017277818265673123,0.01885012013805843,1.60323569411444,0.03277247137795599,0.021540185545862567,0.02142465491395229,False,830,47557.7462719265,0.1598370648107229,0.10311619681356314,0.01999975717082759
IWM,2022,2022-01-28,2022-01-31,0.01851853473276943,0.03766302209515674,0.021212601738464253,0.01552647401911585,0.022869624659773838,0.029215330496505897,1.646857902368792,0.038016355845731674,0.035238469700208164,0.035238469700208164,False,484,22200.70346133611,0.12108829884797438,0.06000472448542186,0.022935717030504097
QQQ,2022,2022-01-28,2022-01-31,0.02556624506568128,0.041016753218989316,0.020285222846186026,0.015881894726360975,0.025044382877235292,0.02762700103080277,1.6377625841310908,0.03434316099542599,0.029586583602176697,0.027887812133380763,False,803,15488.963822078767,0.04793853201090002,0.030826127999126107,0.02264608099240192
SPY,2022,2022-01-28,2022-01-31,0.02142465491395229,0.03277247137795599,0.014113800777461903,0.010716663027195872,0.01877164103508685,0.020145511130243866,1.7458500999832467,0.023728586375731123,0.020487736254640065,0.019649201386141568,False,822,39891.698071344144,0.16033445217183237,0.08801589993943267,0.021573223389138335
IWM,2022,2022-01-31,2022-02-01,0.035238469700208164,0.038016355845731674,0.02357218726720783,0.017605747084152364,0.02373345597431409,0.030719762693442974,1.6018044690531157,0.027769542803830816,0.01863919997299246,0.008430015458546825,False,527,21922.830402264142,0.09406323435536716,0.055139941944049774,0.022689883405255892
QQQ,2022,2022-01-31,2022-02-01,0.027887812133380763,0.03434316099542599,0.02492526925351146,0.018044371977506947,0.02847975094690754,0.028886399062445545,1.2058799622036416,0.0193452458213033,0.014729570116329471,0.0029909622144090875,False,917,18568.72342784217,0.06020959444293193,0.034827545196948174,0.023204617181448974
SPY,2022,2022-01-31,2022-02-01,0.019649201386141568,0.023728586375731123,0.015916741187409624,0.011764380366104419,0.019872771348647005,0.02110007260394533,1.1940250284893774,0.014844241036053783,0.008367991707936895,0.005036876648933042,False,1001,39175.73062740405,0.1856014573576651,0.06784214642137126,0.020403535035107966
IWM,2022,2022-02-01,2022-02-02,0.008430015458546825,0.027769542803830816,0.02260822350591996,0.01748768474139384,0.026048944311378705,0.031158113257295988,1.0660525229692521,0.022640215700321632,0.021727141236026926,0.011197322630248974,False,525,26715.790011623005,0.08038237700549618,0.05058960129435487,0.021687601902170176
QQQ,2022,2022-02-01,2022-02-02,0.0029909622144090875,0.0193452458213033,0.019183114775563802,0.017939507118040255,0.02847975094690754,0.029221420312709696,0.6792631669204922,0.015712887833047327,0.015015512620156324,0.003434713050919247,False,855,23224.72437507865,0.1943631175715306,0.11072795015966021,0.020079210185212342
SPY,2022,2022-02-01,2022-02-02,0.005036876648933042,0.014844241036053783,0.012865585794935235,0.011802772080363955,0.019872771348647005,0.021422466799750062,0.7469638117214297,0.011130641765573546,0.005751910246295289,0.004061484310681873,False,965,50780.30595078506,0.15603671514863413,0.09386000042068521,0.017758275208149852
IWM,2022,2022-02-02,2022-02-03,0.011197322630248974,0.022640215700321632,0.02172798185152532,0.017501416273754854,0.026048944311378705,0.03145942150681936,0.8691413912859389,0.021072231535782873,0.012070052300720668,0.006588199470531353,False,522,31899.347636669718,0.11592515862741803,0.07962848519514978,0.020284975569831356
QQQ,2022,2022-02-02,2022-02-03,0.003434713050919247,0.015712887833047327,0.01795796259476033,0.018038443152394137,0.02847975094690754,0.02889712936055382,0.5517213918878565,0.026413413809014758,0.01722183360204843,0.01389008173174855,False,840,22448.500259983983,0.21460116907344162,0.10483600806736335,0.0184665389522199
SPY,2022,2022-02-02,2022-02-03,0.004061484310681873,0.011130641765573546,0.01133768693137882,0.012113691479115635,0.019872771348647005,0.021532635055082554,0.5600950954599169,0.016099367045347653,0.011756570084611395,0.0096463155244767,False,978,50709.29115601741,0.13347937064511226,0.08103207480496928,0.01721350078909606
IWM,2022,2022-02-03,2022-02-04,0.006588199470531353,0.021072231535782873,0.020527748772360157,0.016512475168846377,0.02373345597431409,0.030615724127639948,0.8878703362286821,0.02628911952431978,0.015529907235325657,0.006800708700460456,False,509,36809.08343480109,0.16480653832192774,0.12472488830267225,0.01926381562689939
QQQ,2022,2022-02-03,2022-02-04,0.01389008173174855,0.026413413809014758,0.029487286225879126,0.018930336627860984,0.026692162440546546,0.029503376838756885,0.9895569108665263,0.02663237978251743,0.020673315640009404,0.011099252548568694,False,826,25339.49775949319,0.26078012862859584,0.2080942979941404,0.017174989862504465
SPY,2022,2022-02-03,2022-02-04,0.0096463155244767,0.016099367045347653,0.018555270066962403,0.012466686624475297,0.01877164103508685,0.021789583251329285,0.8576430273333941,0.020051556143488886,0.014405718803306211,0.005264940229373849,False,913,56725.03243338376,0.23366564079744884,0.13454983682264848,0.016926019086609363
IWM,2022,2022-02-04,2022-02-07,0.006800708700460456,0.02628911952431978,0.019182795749558716,0.016469164224145072,0.025308732671623188,0.030868769115705852,1.0387370978000738,0.015975398306468904,0.013758056176460975,0.004686831471540032,False,479,26778.04060022498,0.06705762089692616,0.025772579105842835,0.02184040784291198
QQQ,2022,2022-02-04,2022-02-07,0.011099252548568694,0.02663237978251743,0.02676673623438636,0.019282968775780538,0.026801645427297884,0.029897597161872486,0.9936845054815906,0.020104822801980383,0.013508927280036387,0.009731722385514452,False,790,20104.200330493295,0.06199523406546262,0.03646148504443602,0.022204482473202065
SPY,2022,2022-02-04,2022-02-07,0.005264940229373849,0.020051556143488886,0.01573089642569107,0.012562648514095078,0.019872771348647005,0.022216210766843717,1.008996470180494,0.011434637759322352,0.008209047015824478,0.00500545027055832,False,982,46900.395958160385,0.22358118219181355,0.07379884887098216,0.01816989032542891
IWM,2022,2022-02-07,2022-02-08,0.004686831471540032,0.015975398306468904,0.012187811166599033,0.0165209573989889,0.025308732671623188,0.03064989673627237,0.6312207929866412,0.018849924719635914,0.018298460290506746,0.01649367456759876,False,500,29323.847723229264,0.2469395420457902,0.1019748804230655,0.02109053310960069
QQQ,2022,2022-02-07,2022-02-08,0.009731722385514452,0.020104822801980383,0.02174505936207207,0.019235840424436244,0.026801645427297884,0.02989939488484646,0.7501338996710745,0.021019331622259003,0.017742114733025893,0.01457792910689526,False,832,21928.001312701042,0.12986562081607522,0.07480554753316557,0.020737637123631074
SPY,2022,2022-02-07,2022-02-08,0.00500545027055832,0.011434637759322352,0.01340496976498921,0.012557727637056457,0.019872771348647005,0.022302799355679904,0.5753922066889204,0.014997900392316153,0.011617760870704208,0.009424017530819118,False,1017,49341.56717421024,0.14468442528772346,0.043765581454737155,0.018141556644753233
IWM,2022,2022-02-08,2022-02-09,0.01649367456759876,0.018849924719635914,0.014046564920817841,0.017172816203446618,0.025308732671623188,0.03044513531381652,0.7447992344860057,0.011487465222612575,0.010167602765781325,0.009972103500488494,False,502,35307.654904656665,0.10447877676367223,0.06259134568854953,0.020678990057967722
QQQ,2022,2022-02-08,2022-02-09,0.01457792910689526,0.021019331622259003,0.022387010383181624,0.019490743019708257,0.026522896795766096,0.029455557723866717,0.7924975836581456,0.01289312270589633,0.008384615436243026,0.008164727130441696,False,867,27777.391553099354,0.16541922233165357,0.07964833960752807,0.02030246133587579
SPY,2022,2022-02-08,2022-02-09,0.009424017530819118,0.014997900392316153,0.01363489967612627,0.012764051996434957,0.018890827145508778,0.022033763071113058,0.7939250238643917,0.00630463316526386,0.005843336529538279,0.00509645296339678,False,1010,64252.99232730114,0.2748261213948635,0.14873070933718432,0.015214066198316008
IWM,2022,2022-02-09,2022-02-10,0.009972103500488494,0.011487465222612575,0.015111366503423745,0.01761420069077559,0.025308732671623188,0.030273523566722575,0.4538933407555654,0.0341547961706981,0.030310543816038926,0.002661451755377353,False,516,32827.999206037675,0.09395489121519672,0.01427240219468,0.020135030798145447
QQQ,2022,2022-02-09,2022-02-10,0.008164727130441696,0.01289312270589633,0.024700288834116804,0.019831039087850888,0.026522896795766096,0.029372618806966212,0.4861129161409882,0.027675739857331676,0.019386964379435545,0.0030318101112568607,False,920,27785.988061452095,0.16466710730682846,0.06090738446884352,0.02119443326995782
SPY,2022,2022-02-09,2022-02-10,0.00509645296339678,0.00630463316526386,0.014719563238407106,0.01306247082366148,0.018890827145508778,0.02196547428180127,0.33374045068020025,0.023286168594237985,0.014113517899749128,0.004475537355567383,False,1098,59806.972892314516,0.10915341847886045,0.05609421580677423,0.017811716524803397
IWM,2022,2022-02-10,2022-02-11,0.002661451755377353,0.0341547961706981,0.01369683254324631,0.017819584486850816,0.0270293311640753,0.03086149260758566,1.2636197308534687,0.03127913237466326,0.01983069460996223,0.011146521393100128,False,515,35657.62414825528,0.08216998521519717,0.05526206052079227,0.020341834525967047
QQQ,2022,2022-02-10,2022-02-11,0.0030318101112568607,0.027675739857331676,0.01781919874394576,0.020272397462474688,0.026801645427297884,0.030089330840827967,1.032613461453509,0.03981257099809162,0.0365240177231414,0.031721662108428084,False,905,33761.4569489046,0.22665292600784392,0.1426603786628193,0.01845038408896174
SPY,2022,2022-02-10,2022-02-11,0.004475537355567383,0.023286168594237985,0.012539121627207874,0.013543266946406646,0.02002175680127891,0.02266057173772707,1.1630432246959745,0.02819248082355155,0.023852921042667452,0.019915026666296298,False,1083,73468.51069732642,0.23785706080652078,0.11303927612361256,0.01600578258176895
IWM,2022,2022-02-11,2022-02-14,0.011146521393100128,0.03127913237466326,0.015537104958773982,0.017838784930908007,0.028977880495614658,0.03131358666527919,1.0794140854917549,0.021276561931475226,0.011995579822097646,0.004711660883921498,False,474,26176.580848406524,0.1067707635932024,0.0823707613693605,0.021353049329505405
QQQ,2022,2022-02-11,2022-02-14,0.031721662108428084,0.03981257099809162,0.02224193767405501,0.02069494476597729,0.026801645427297884,0.030431580816774394,1.4854524923138455,0.02046234101335731,0.012958587198770077,0.002886086259876075,False,810,20246.11302021775,0.0631181081669594,0.05406024996384733,0.021871827751005643
SPY,2022,2022-02-11,2022-02-14,0.019915026666296298,0.02819248082355155,0.01531985042382719,0.013870163585578134,0.021371035059534263,0.023068397245291396,1.3191911737084552,0.014229881738838716,0.010520552047528664,0.002045881948060879,False,971,52340.08475336992,0.14268810640637367,0.1116902287219114,0.020127431135215618
IWM,2022,2022-02-14,2022-02-15,0.004711660883921498,0.021276561931475226,0.015742824929490983,0.017810400462123604,0.028977880495614658,0.03148625560544296,0.7342345805689652,0.01814771031627486,0.017408022490121855,0.016175159281200946,True,516,29302.61898059996,0.21550594141709442,0.15259006793087998,0.02090389209533251
QQQ,2022,2022-02-14,2022-02-15,0.002886086259876075,0.02046234101335731,0.022414836878392158,0.02059499271528721,0.026801645427297884,0.030726170520002993,0.7634733124450674,0.012892770807724387,0.00980417505645681,0.009124142663255563,True,837,22110.115466164112,0.09692411453521599,0.07500643332549828,0.018815714326041795
SPY,2022,2022-02-14,2022-02-15,0.002045881948060879,0.014229881738838716,0.015319485323014562,0.013853024686410625,0.021371035059534263,0.023220389666059417,0.6658489726490967,0.00698624394736091,0.00574671022881823,0.005341074659159117,True,1033,55012.21849368581,0.17114911303452598,0.12038667043265021,0.020377037305818243
IWM,2022,2022-02-15,2022-02-16,0.016175159281200946,0.01814771031627486,0.018523509486187223,0.01780868201366274,0.028977880495614658,0.031307167128566515,0.6262607894673742,0.015538248387663317,0.009595719393177271,0.005796407324486275,True,537,35910.54128624251,0.0953660165351272,0.07385032926255423,0.019400915155384366
QQQ,2022,2022-02-15,2022-02-16,0.009124142663255563,0.012892770807724387,0.025383696711743675,0.020973252417147013,0.026801645427297884,0.030656570208816736,0.48104400316380963,0.01803178099243624,0.009241956209320445,0.006274380121949585,True,875,28491.61703451572,0.12372318774775616,0.09492231523186563,0.019054606432582093
SPY,2022,2022-02-15,2022-02-16,0.005341074659159117,0.00698624394736091,0.017144985727125864,0.013995243677149799,0.021371035059534263,0.023034794412521993,0.32690246063885126,0.013785946473900813,0.009303279685877852,0.0060144920861078255,True,1080,69677.19020371848,0.21381891817032858,0.18000485068877586,0.017125975750706197
IWM,2022,2022-02-16,2022-02-17,0.005796407324486275,0.015538248387663317,0.016379028543844137,0.01740998144116296,0.028977880495614658,0.03085906097366965,0.5362106586786008,0.02077731574965859,0.018776791988155406,0.016377443429653527,True,513,48591.105921264374,0.08634752680105745,0.05721789244758207,0.0196994400102306
QQQ,2022,2022-02-16,2022-02-17,0.006274380121949585,0.01803178099243624,0.022225103786001267,0.02086219077041594,0.026801645427297884,0.030408064640334336,0.6727863422172804,0.023926979290888918,0.022375518713488862,0.020666718345430546,True,890,40360.068748412654,0.11209531509378214,0.06867962060222953,0.019023811654683056
SPY,2022,2022-02-16,2022-02-17,0.0060144920861078255,0.013785946473900813,0.014758201836461452,0.013827167645296781,0.021371035059534263,0.022828058250491987,0.6450762181380862,0.022900577294638257,0.015581292295832716,0.01389829801259801,True,1078,87454.923012618,0.20436382208066664,0.15866325440768209,0.01666288946073888
IWM,2022,2022-02-17,2022-02-18,0.016377443429653527,0.02077731574965859,0.019187780486059885,0.01791007647497959,0.0270293311640753,0.03012381794536622,0.7686951491154074,0.019698585971811733,0.011420830827115314,0.0077600237181835174,True,506,48325.33713215904,0.17912635409584154,0.15606470854177898,0.01711190253419864
QQQ,2022,2022-02-17,2022-02-18,0.020666718345430546,0.023926979290888918,0.023754432545416367,0.021679374860095236,0.026522896795766096,0.030222948536080367,0.9021254154526752,0.02214134357862714,0.021436541545261756,0.014145070421418438,True,835,40657.48916426035,0.17706850569993987,0.12984894712950806,0.018850085447475073
SPY,2022,2022-02-17,2022-02-18,0.01389829801259801,0.022900577294638257,0.015574478271378344,0.014420752301300918,0.021371035059534263,0.022391687870626766,1.0715708074430217,0.015640355218954016,0.012759898000533898,0.007088413054487042,True,1040,81701.51204507012,0.16173523949758398,0.11225858456797075,0.018276795386125345
IWM,2022,2022-02-18,2022-02-22,0.0077600237181835174,0.019698585971811733,0.019038942422573906,0.017482766171990526,0.024464667612320707,0.029606047365201216,0.8051851054739564,0.025695238585794367,0.0160224700600462,0.00916964986198432,True,469,25065.21586723846,0.25232624366958617,0.059842469887088336,0.023471960027592113
QQQ,2022,2022-02-18,2022-02-22,0.014145070421418438,0.02214134357862714,0.019923533425728116,0.02095799521511495,0.02517019654995184,0.029842989541210497,0.8796651045090669,0.02862714621102019,0.016396403056716524,0.0012112726341640956,True,750,21957.4052040449,0.16815358475950065,0.06546818305234232,0.021917666293407356
SPY,2022,2022-02-18,2022-02-22,0.007088413054487042,0.015640355218954016,0.01352634079334307,0.013813311135354911,0.01807546159441827,0.02204268503773037,0.8652810959905878,0.022320531435033434,0.014159652243206144,0.0053717549504062045,True,915,49388.09401205143,0.12229303129991384,0.05771424933300321,0.020933671638856944
IWM,2022,2022-02-22,2022-02-23,0.00916964986198432,0.025695238585794367,0.019852166958910077,0.016956395799971134,0.024167727143058,0.028051800841403306,1.063204596513956,0.0320318334784627,0.029550778245777343,0.026533543280225502,False,496,30767.725508872834,0.06443878141380018,0.03505819444200726,0.022624545609015296
QQQ,2022,2022-02-22,2022-02-23,0.0012112726341640956,0.02862714621102019,0.019953852107647718,0.02099868580614529,0.02517019654995184,0.028442442533242296,1.1373429744264338,0.03832176928275109,0.03713157397165001,0.03486462451988814,False,746,24337.23219007424,0.06356383465447789,0.03896354500784395,0.02082020986083578
SPY,2022,2022-02-22,2022-02-23,0.0053717549504062045,0.022320531435033434,0.01399843446136804,0.013956890821581665,0.01807546159441827,0.020912869831063337,1.2348526381160883,0.027527396942867464,0.02684228644775466,0.024753828328079597,False,923,51553.17216138281,0.16125973009065128,0.09391653337443258,0.019657399882705862
IWM,2022,2022-02-23,2022-02-24,0.026533543280225502,0.0320318334784627,0.010488474014398366,0.017201234982600223,0.024167727143058,0.027894811711927897,1.3253970176365388,0.0560747512101211,0.053950658497100124,0.05161419702570291,False,505,29427.92121438915,0.033956326331778204,0.012931943615951711,0.022194640969658695
QQQ,2022,2022-02-23,2022-02-24,0.03486462451988814,0.03832176928275109,0.01208492454752204,0.021134568880066245,0.02517019654995184,0.028732399878559984,1.5225057621897837,0.07144649053111823,0.06962743840802443,0.06790237782320374,False,742,20980.89850162025,0.17808603931510575,0.07061632364888278,0.02390128224157139
SPY,2022,2022-02-23,2022-02-24,0.024753828328079597,0.027527396942867464,0.008947389073926738,0.014240676436061223,0.01807546159441827,0.02085656990959324,1.5229152959152072,0.04408543526233409,0.04316096838629191,0.042041747947012986,False,974,44961.48405692308,0.1766502930127618,0.10750724904490948,0.01982964106650813
IWM,2022,2022-02-24,2022-02-25,0.05161419702570291,0.0560747512101211,0.020208256998728684,0.017959648994762562,0.024167727143058,0.028159008803665286,2.3202327168869976,0.028285243586147917,0.01977951898682062,0.01917558765805194,False,508,34337.88538695307,0.0767938449342858,0.05611242193139251,0.021996510892354416
QQQ,2022,2022-02-24,2022-02-25,0.06790237782320374,0.07144649053111823,0.025138312994794007,0.022595032953170825,0.02517019654995184,0.029857401091562992,2.838535264884729,0.02516772552616468,0.013682615396968245,0.013067274580236932,False,829,29173.951645476434,0.19282901778556874,0.09858734252323215,0.02105460508251995
SPY,2022,2022-02-24,2022-02-25,0.042041747947012986,0.04408543526233409,0.014266234232081247,0.014700204204916757,0.01807546159441827,0.021256784378981836,2.4389659446344507,0.023230398097384045,0.01915693598134882,0.018947452168217804,False,991,57825.72727438483,0.17398117377028163,0.10097848689474818,0.018340876957821644
IWM,2022,2022-02-25,2022-02-28,0.01917558765805194,0.028285243586147917,0.02125117323525325,0.017705707512304512,0.024167727143058,0.02727909305834732,1.1703725144990575,0.02065146587738379,0.020601610503636625,0.01421662137058588,False,500,23511.501737029546,0.09576846410878533,0.036615280414529314,0.02131393160538731
QQQ,2022,2022-02-25,2022-02-28,0.013067274580236932,0.02516772552616468,0.02374860701509049,0.02273942472878814,0.024547352408526797,0.029490701613726723,1.0252725062692458,0.021079679468765527,0.017605321326004786,0.012525117237535133,False,816,26173.36505751299,0.10944966169614148,0.05066996801536431,0.02251409940564971
SPY,2022,2022-02-25,2022-02-28,0.018947452168217804,0.023230398097384045,0.017205456148946162,0.015488678975698849,0.01807546159441827,0.021021240358201652,1.2851897571765265,0.01735990561116425,0.01428144676334453,0.010647422902374748,False,1004,48850.3390133915,0.08186564927013634,0.042972845338632965,0.021068357229319986
IWM,2022,2022-02-28,2022-03-01,0.01421662137058588,0.02065146587738379,0.020492519158228417,0.017278280395015035,0.021958388815898428,0.026416394218305793,0.9404818381953237,0.029556844597525916,0.024570275709651312,0.01564195258888168,False,535,21510.728885156423,0.11388176622191518,0.029840080802836445,0.022501990654828424
QQQ,2022,2022-02-28,2022-03-01,0.012525117237535133,0.021079679468765527,0.022812357878482348,0.02159642585654103,0.02303416143475803,0.028472306849915842,0.9151485513580176,0.026550954955260303,0.020212470424558093,0.012321069459508283,False,878,26637.459452205912,0.059059003513135304,0.02955557806550135,0.021787079262395134
SPY,2022,2022-02-28,2022-03-01,0.010647422902374748,0.01735990561116425,0.01689871859305251,0.014432456345432528,0.01672963632825595,0.02023379841614096,1.0376738185183254,0.023124374491025886,0.018566700534598857,0.01163110853992011,False,1074,47363.915558812536,0.12344014723939335,0.059543259936366014,0.021852063871176233
IWM,2022,2022-03-01,2022-03-02,0.01564195258888168,0.029556844597525916,0.021619635978729713,0.01650845092487027,0.021958388815898428,0.02599699375036016,1.346038857647243,0.02295359835894319,0.02220676556059953,0.01692894451936411,False,570,27803.58463294484,0.18738771331996837,0.05575252940910222,0.02408071613638325
QQQ,2022,2022-03-01,2022-03-02,0.012321069459508283,0.026550954955260303,0.02368676317140389,0.02041036389557851,0.02303416143475803,0.028071843594577216,1.1526772976070017,0.024338365484215727,0.01606042317033962,0.01206719951752544,False,898,28048.378506325687,0.20011942318409004,0.08916942458549419,0.020884879870694144
SPY,2022,2022-03-01,2022-03-02,0.01163110853992011,0.023124374491025886,0.017790169576089466,0.014097926965511352,0.01672963632825595,0.020201283507070643,1.382240117913943,0.01884958250693469,0.016999343586558302,0.012766888529704534,False,1088,55633.72048205275,0.17615597524722393,0.10473981794365285,0.020547455707991984
IWM,2022,2022-03-02,2022-03-03,0.01692894451936411,0.02295359835894319,0.01914123707998847,0.017218979534223536,0.021958388815898428,0.026061831479483454,1.0453225212190524,0.023501913356503618,0.023965266426968057,0.015944166327276577,False,584,25544.520574913684,0.14539220141969234,0.029010533494364454,0.0223362112840541
QQQ,2022,2022-03-02,2022-03-03,0.01206719951752544,0.024338365484215727,0.018172025164287477,0.020777488584232597,0.024132672387552324,0.028323488914524825,1.0085234280464312,0.02769126009265595,0.02814745526800988,0.02191862106905107,False,966,31888.06715205044,0.06156170672376583,0.033103496664996124,0.020812187799753544
SPY,2022,2022-03-02,2022-03-03,0.012766888529704534,0.01884958250693469,0.015856042471411858,0.014712587961025772,0.01810474405904947,0.020590410866639604,1.0411405124234783,0.01659590332675342,0.015375780579591991,0.010806660504536714,False,1175,56398.36578678698,0.18857535397110092,0.09028277188613879,0.020336702742585824
IWM,2022,2022-03-03,2022-03-04,0.015944166327276577,0.023501913356503618,0.019417730609127423,0.017284432158359384,0.022115080145209208,0.02610835951912282,1.062709843337142,0.01942916846322292,0.013808514974614106,0.005207778177394595,False,579,32106.291916779566,0.0903159997862722,0.05934705088170559,0.02122462002646183
QQQ,2022,2022-03-03,2022-03-04,0.02191862106905107,0.02769126009265595,0.015515808025550562,0.02078660883733988,0.024753045505190203,0.028924100348852066,1.1187011346482463,0.018802919608397254,0.014690023626246607,0.007474130685890312,False,900,31413.448453715064,0.10572030502862124,0.06135812010736702,0.018270454964793226
SPY,2022,2022-03-03,2022-03-04,0.010806660504536714,0.01659590332675342,0.016015033927617838,0.014483673100737046,0.01810474405904947,0.0208543938035213,0.9166604770896019,0.012715669332657787,0.009044580426812443,0.000972816277323485,False,1145,66178.97235023488,0.15444468010669216,0.0897379152001367,0.018741257748551916
IWM,2022,2022-03-04,2022-03-07,0.005207778177394595,0.01942916846322292,0.017715929264801707,0.017108194321863897,0.022115080145209208,0.026242090218948917,0.8785484084004941,0.029665714415702964,0.028603927893552816,0.027607669743495822,False,537,27852.318287911272,0.04112295240973072,0.016423338082075047,0.02387172859968864
QQQ,2022,2022-03-04,2022-03-07,0.007474130685890312,0.018802919608397254,0.014322603175261794,0.019088632001564586,0.024132672387552324,0.02782129117273261,0.7791478418318823,0.041003340565902956,0.038934282723158686,0.03685262794170163,False,813,22309.022443433198,0.05689179696316432,0.03024749882104149,0.022158038519705887
SPY,2022,2022-03-04,2022-03-07,0.000972816277323485,0.012715669332657787,0.012614417599320263,0.013686048495058984,0.01810474405904947,0.02048037574745639,0.702339082573332,0.029984944519600057,0.029068110614290044,0.028084800046389802,False,1032,48493.25185616059,0.08287445210723673,0.037194056544034966,0.02048456351076718
IWM,2022,2022-03-07,2022-03-08,0.027607669743495822,0.029665714415702964,0.019211664362767868,0.017981176188369145,0.022115080145209208,0.026418361882561088,1.341424684917068,0.03143974851027766,0.026911655268506474,0.002315513824852511,False,492,27741.633958268423,0.11106900299980281,0.04786832529959382,0.021656434154397386
QQQ,2022,2022-03-07,2022-03-08,0.03685262794170163,0.041003340565902956,0.019145569802865952,0.020243585676378455,0.024132672387552324,0.028537782356457764,1.6990799820020162,0.04095043824581131,0.028267255075354658,0.002160104045121347,False,719,20598.772239621067,0.09594804792774658,0.025080262146303385,0.026745340065146946
SPY,2022,2022-03-07,2022-03-08,0.028084800046389802,0.029984944519600057,0.017460450941773526,0.014940672536167043,0.01810474405904947,0.02097545545444366,1.6561926764500376,0.028811773696613873,0.01808778520139631,0.008031064192368542,False,914,41253.04393282532,0.13866459472132686,0.06289857164784014,0.024096797639200668
IWM,2022,2022-03-08,2022-03-09,0.002315513824852511,0.03143974851027766,0.01933391811987183,0.017991848746590346,0.023227755857723402,0.027196409217833152,1.3535422320974544,0.017051785198251096,0.014024814661369955,0.010392480808735893,False,542,30321.699076904308,0.20431711468997638,0.0738948245291898,0.020084751614159974
QQQ,2022,2022-03-08,2022-03-09,0.002160104045121347,0.04095043824581131,0.019393469412823452,0.020227864277304382,0.024753045505190203,0.029573245137980396,1.654359591316747,0.02197440405402223,0.013956307107196642,0.009766360917482952,False,743,23173.13150582953,0.05439435986331242,0.03263635265266807,0.023027593933670484
SPY,2022,2022-03-08,2022-03-09,0.008031064192368542,0.028811773696613873,0.016984417308120486,0.014971833512020815,0.02058505697098406,0.02184393274435239,1.3996450793031998,0.015735998049815274,0.010278955089186859,0.00533939157796981,False,954,49795.85194891759,0.13551312292331458,0.07627412434336145,0.022198846913943613
IWM,2022,2022-03-09,2022-03-10,0.010392480808735893,0.017051785198251096,0.02097069821574989,0.018736548072046805,0.023227755857723402,0.0278474190541191,0.734112468836771,0.01762826433809042,0.013322473913353283,0.01271462671735768,False,591,30342.32306673581,0.19821524057028506,0.048007184001006356,0.022439901860224612
QQQ,2022,2022-03-09,2022-03-10,0.009766360917482952,0.02197440405402223,0.026722426284402953,0.021927023007386658,0.024753045505190203,0.030540585446469325,0.8877454715386295,0.01753224769402351,0.012580012783924177,0.001360200953662849,False,858,27535.25811356867,0.11699184253794187,0.047454488550569475,0.022956664512695485
SPY,2022,2022-03-09,2022-03-10,0.00533939157796981,0.015735998049815274,0.020168324965044976,0.016258016982924124,0.02058505697098406,0.02268772030891199,0.7644379159113408,0.014176820955519755,0.009254008718585949,0.0070056377203977505,False,1038,49372.35944161039,0.08066984294031529,0.03918239302016542,0.02033509382650764
IWM,2022,2022-03-10,2022-03-11,0.01271462671735768,0.01762826433809042,0.020474107717015116,0.01816956272450795,0.023227755857723402,0.027816857127412935,0.7589310153795548,0.026496623656610215,0.02209324111154576,0.020171347128105532,False,586,36701.47072914808,0.22013366229424344,0.07314530541478408,0.02113663611263156
QQQ,2022,2022-03-10,2022-03-11,0.001360200953662849,0.01753224769402351,0.026538790630633274,0.021210360224448523,0.024753045505190203,0.03070576997699922,0.7082864890442414,0.03212497163395192,0.03217046503268706,0.029672209889951562,False,844,34874.22572820762,0.19554566419943759,0.11792739131087539,0.021586279404995783
SPY,2022,2022-03-10,2022-03-11,0.0070056377203977505,0.014176820955519755,0.0201676210345788,0.015748489076814285,0.02058505697098406,0.022733592811355834,0.6886947641438583,0.021582711248620323,0.020475285111636543,0.01880311100808374,False,1042,64244.647051233485,0.17879230324006293,0.1170294509696161,0.018039170544437776
IWM,2022,2022-03-11,2022-03-14,0.020171347128105532,0.026496623656610215,0.02052533123517205,0.018194684071327023,0.023227755857723402,0.027470312707068782,1.1407311071680604,0.02818899515183013,0.027934127965157707,0.02296693699622654,False,539,31133.911890163934,0.07636850829565904,0.06566772825272978,0.02202862935344369
QQQ,2022,2022-03-11,2022-03-14,0.029672209889951562,0.03212497163395192,0.02716483766620601,0.021130898790012963,0.024753045505190203,0.030937501589809846,1.2978189543268919,0.028285779694690115,0.017892557748830473,0.015349832513625428,False,707,25029.707735643802,0.12922030361530243,0.10364886389673428,0.024151476091780207
SPY,2022,2022-03-11,2022-03-14,0.01880311100808374,0.021582711248620323,0.020471627362266036,0.015537140178004373,0.020216146877777508,0.022670892934948346,1.0675976673054846,0.020812989007030592,0.012265821685718992,0.009242354327856361,False,936,45947.1486217039,0.17792899079737884,0.14199954099821555,0.021858531774143798
IWM,2022,2022-03-14,2022-03-15,0.02296693699622654,0.02818899515183013,0.01934057604029279,0.01859297267827461,0.023227755857723402,0.02731784543180551,1.2135909867701264,0.0150418086546656,0.012043763524270723,0.011992101648487186,True,546,33989.14059663587,0.10833368725773418,0.09807032388342993,0.020907529803209517
QQQ,2022,2022-03-14,2022-03-15,0.015349832513625428,0.028285779694690115,0.023249090973694184,0.020465317694827515,0.024753045505190203,0.030355625244409917,1.1427191732330138,0.03029170117425339,0.025149611073977507,0.02265641019398168,True,724,23621.3093836321,0.04298353994756974,0.0377417635182887,0.020241166503743215
SPY,2022,2022-03-14,2022-03-15,0.009242354327856361,0.020812989007030592,0.015859838815728833,0.015085878439986792,0.01983128575698264,0.02230366742784954,1.0495027534814425,0.020058563333554585,0.01684257452713811,0.015246503041107307,True,929,40559.44436072463,0.14913812679159408,0.11612845903541755,0.021991235717550132
IWM,2022,2022-03-15,2022-03-16,0.011992101648487186,0.0150418086546656,0.020715317739762026,0.01901537389296099,0.023227755857723402,0.027051821374775614,0.6475790750858993,0.02931056364133394,0.022274016932359197,0.022274016932359197,True,619,42078.817522495956,0.1908405419189495,0.15357689022007873,0.021320890964584956
QQQ,2022,2022-03-15,2022-03-16,0.02265641019398168,0.03029170117425339,0.028056658307146955,0.02193775488193834,0.025859340240712493,0.031028251208358414,1.1714027075819462,0.03624652454530262,0.024896856065760087,0.02453560997991011,True,879,34877.085732973916,0.05605418496863737,0.04466043646912599,0.02242790145702461
SPY,2022,2022-03-15,2022-03-16,0.015246503041107307,0.020058563333554585,0.018166879009648182,0.016055320008839337,0.02043577617029259,0.022772901266791046,0.9815415458852815,0.025308810421451933,0.013468510153879176,0.013328945249951873,True,1151,58799.84195339415,0.13613637231528658,0.10509142408761495,0.020051178383688775
IWM,2022,2022-03-16,2022-03-17,0.022274016932359197,0.02931056364133394,0.021807095609769445,0.019399116279978593,0.024598575971148992,0.02722228473839624,1.191555302864341,0.024455862716654165,0.022114869487081412,0.021616756714319285,True,612,41635.328477584524,0.06103423910045833,0.043724267269714526,0.02137913846570366
QQQ,2022,2022-03-16,2022-03-17,0.02453560997991011,0.03624652454530262,0.028376598189083082,0.02289345578650717,0.027121107523958125,0.03162313642462426,1.3364691878192407,0.022046846832546457,0.018116277953928783,0.0179389644821093,True,872,42311.48968933953,0.1968029891627987,0.15433432893878207,0.020348857059554634
SPY,2022,2022-03-16,2022-03-17,0.013328945249951873,0.025308810421451933,0.01683534754527796,0.01645401380563314,0.021197850127825456,0.02322254497417382,1.1939328879502835,0.01817386228779993,0.01725134585554189,0.01725134585554189,True,1104,61889.89671539422,0.16796783197133455,0.12433645132219823,0.018724712844364562
IWM,2022,2022-03-17,2022-03-18,0.021616756714319285,0.024455862716654165,0.022470759260271606,0.01974257692174951,0.025075550651224264,0.027663946270535294,0.9752871654469593,0.016894357939453073,0.015865971930135503,0.014984562254489964,True,608,45610.04467299061,0.2282363930978935,0.17797973655676239,0.018741991060842542
QQQ,2022,2022-03-17,2022-03-18,0.0179389644821093,0.022046846832546457,0.027270938948058595,0.02310945565047061,0.027121107523958125,0.03182342142126183,0.8129036328280772,0.029876935997315977,0.026404909168487256,0.025529556659018793,True,860,51740.56131990613,0.20997913155672684,0.16119831402640686,0.017639300091103875
SPY,2022,2022-03-17,2022-03-18,0.01725134585554189,0.01817386228779993,0.016418023029533973,0.016728287080791264,0.021197850127825456,0.02344105925987037,0.8573445975987878,0.017442886143514556,0.015662067012699676,0.014885819665917621,True,1059,72019.19253375538,0.3621480707870459,0.30794507753848555,0.01487293961009579
IWM,2022,2022-03-18,2022-03-21,0.014984562254489964,0.016894357939453073,0.019057901242357088,0.01892611084197742,0.025075550651224264,0.027122322533421443,0.6737382629971573,0.020463273633320248,0.015985066528439118,0.008494182107905979,True,568,15474.30050803294,0.050088711734266184,0.034999380739819355,0.021927293243746353
QQQ,2022,2022-03-18,2022-03-21,0.025529556659018793,0.029876935997315977,0.022105512278329475,0.022590047829564,0.027988519893673035,0.031762313586896775,1.0674710956784046,0.019703095869635045,0.013368903913072883,0.0003427345247911662,True,849,18346.050917583874,0.18317996457727267,0.05709921419770911,0.02098199736156401
SPY,2022,2022-03-18,2022-03-21,0.014885819665917621,0.017442886143514556,0.012168324544557223,0.016071831961396204,0.02043577617029259,0.02316741161510419,0.8535465449494996,0.013008054253350571,0.00830535473118732,0.00011256765305645011,True,1006,34495.14304455512,0.1214379731448651,0.06066455466693507,0.019696599964635665
IWM,2022,2022-03-21,2022-03-22,0.008494182107905979,0.020463273633320248,0.014486012911926353,0.018932758739515516,0.025075550651224264,0.027161043521454202,0.8160647763211202,0.014492706459975687,0.012020724913414549,0.0057680309024688015,False,580,19696.29143427546,0.20684796023415947,0.086599815530555,0.020373432979382915
QQQ,2022,2022-03-21,2022-03-22,0.0003427345247911662,0.019703095869635045,0.016267017796959393,0.022434443185578946,0.027988519893673035,0.03163370916157948,0.7039706259740103,0.021820342783287764,0.020707977527767207,0.01816935789305374,False,862,23606.225668713683,0.19392136171462668,0.08030223049939084,0.01905412313544662
SPY,2022,2022-03-21,2022-03-22,0.00011256765305645011,0.013008054253350571,0.009599581217465887,0.01598031269378317,0.02043577617029259,0.023035050126324317,0.6365334081247342,0.010586285775300925,0.010586285775300963,0.008365879668225773,False,1070,39717.28203720604,0.11908110836901027,0.06230236884862788,0.018924751431843415
IWM,2022,2022-03-22,2022-03-23,0.0057680309024688015,0.014492706459975687,0.014423685796477239,0.018643760678103104,0.02397888803657889,0.02669797906752222,0.6043944338814882,0.016735372546140166,0.011779111148389587,0.010914383054164922,False,572,22451.289092408173,0.08145036735512323,0.06526311998307191,0.0201502118030332
QQQ,2022,2022-03-22,2022-03-23,0.01816935789305374,0.021820342783287764,0.014899283007990226,0.022613754226246306,0.027121107523958125,0.031324758714481274,0.8045520546685715,0.016637989000189653,0.010310425682315882,0.006158083481319299,False,848,23965.585394871276,0.06913955485717643,0.031950195194111713,0.021439176109786767
SPY,2022,2022-03-22,2022-03-23,0.008365879668225773,0.010586285775300925,0.008139740823375739,0.015879950565912317,0.019454072920244637,0.022621494778412417,0.544168093678956,0.01069566297493497,0.007211945344159032,0.006958930978622657,False,1140,48578.18761975023,0.19546041255073235,0.10740568757245865,0.017354491773406523
IWM,2022,2022-03-23,2022-03-24,0.010914383054164922,0.016735372546140166,0.014287314097128882,0.018563099570281148,0.023227755857723402,0.025987134375938303,0.7204902896624656,0.01551031457682432,0.008138949292392672,0.007143514141294105,False,604,28598.387248939496,0.12110638491151239,0.07707833971968239,0.01985626474955485
QQQ,2022,2022-03-23,2022-03-24,0.006158083481319299,0.016637989000189653,0.015372632768452599,0.02199725799595248,0.025859340240712493,0.030215331722772115,0.6434034606186547,0.02292260076019652,0.016676157766051025,0.016534783225992777,False,884,32006.545421608076,0.083942956865344,0.05213857673012978,0.019024343578220304
SPY,2022,2022-03-23,2022-03-24,0.006958930978622657,0.01069566297493497,0.010599542390052452,0.015590093183452053,0.018511722397367307,0.02188915406866495,0.5777778396491123,0.012871664804570205,0.010225585355942313,0.01020313891568092,False,1158,52493.76770804043,0.19004599969871416,0.11660452229871837,0.01696367972298907
IWM,2022,2022-03-24,2022-03-25,0.007143514141294105,0.01551031457682432,0.013018200441561061,0.0178204251481799,0.021802532118163492,0.02402844153415028,0.71139968939217,0.010577867507004502,0.008070797675505226,0.00014556154995370996,False,610,30409.89073659181,0.2517058679620021,0.1829188410724787,0.01742486023467052
QQQ,2022,2022-03-24,2022-03-25,0.016534783225992777,0.02292260076019652,0.01684669183615038,0.02131494978739153,0.024753045505190203,0.027910287479918288,0.9260517359526578,0.015934845364674412,0.013100788483969117,0.0006673996407550176,False,887,29239.406676616614,0.2030227739710176,0.12334804851954448,0.019304645737782792
SPY,2022,2022-03-24,2022-03-25,0.01020313891568092,0.012871664804570205,0.011174278575300919,0.0155911515354722,0.017808374215657244,0.02049682679422943,0.7227871926261158,0.010085154432161398,0.0060879312956703124,0.0033912553570301096,False,1221,59241.70148531856,0.24339880640825107,0.17410968964000423,0.0158623479102062
IWM,2022,2022-03-25,2022-03-28,0.00014556154995370996,0.010577867507004502,0.011898615431739678,0.01715908828963473,0.02055736975535202,0.02313907318234364,0.5145535461437425,0.0154669642031491,0.012658263998772235,0.0028696319084424715,False,566,20654.56388127505,0.06558879854311442,0.04482073654050037,0.020154860262087314
QQQ,2022,2022-03-25,2022-03-28,0.0006673996407550176,0.015934845364674412,0.015818184075828474,0.021120833657497663,0.023630483122206124,0.027445479966458762,0.6743343029538004,0.019313192275096768,0.015778965563306713,0.015500660602726812,False,801,23966.332295683544,0.15891885282581658,0.08498556941550613,0.021219954336813947
SPY,2022,2022-03-25,2022-03-28,0.0033912553570301096,0.010085154432161398,0.011017968169601964,0.014923876997145457,0.017401395877339403,0.019836761970448265,0.5795600826077737,0.012940773647545261,0.00851658214464468,0.00851658214464468,False,1103,45919.264687336145,0.1003198759951198,0.07408068934800685,0.017060719467184016
IWM,2022,2022-03-28,2022-03-29,0.0028696319084424715,0.0154669642031491,0.011079366580400603,0.017144728258083126,0.01994622104827158,0.022888248357551218,0.7754333096839601,0.02100959190955529,0.02043269230769229,0.017836570739746094,False,596,25437.766448618142,0.11358164094556479,0.09039227563437002,0.018609179316483898
QQQ,2022,2022-03-28,2022-03-29,0.015500660602726812,0.019313192275096768,0.015585390029236498,0.02133069226903907,0.023630483122206124,0.027367065851295218,0.8172999331083377,0.015641065625202937,0.007942512128648715,0.0062076676140159215,False,846,23748.60541592599,0.11626749357614749,0.06463894461800211,0.02124337836165987
SPY,2022,2022-03-28,2022-03-29,0.00851658214464468,0.012940773647545261,0.010843869009139062,0.014932415380468328,0.01701939473513399,0.019626246833565477,0.7603545160646034,0.010630004706800181,0.006211987364689087,0.0033259397761764564,False,1206,48211.14894722197,0.17654221796361277,0.12703270739398162,0.017452539868822118
IWM,2022,2022-03-29,2022-03-30,0.017836570739746094,0.02100959190955529,0.01600805720561945,0.017420644327340012,0.01994622104827158,0.02288472119513652,1.0533118959581496,0.024270260686566836,0.0230385484379958,0.018498313354043172,False,560,21407.2520973101,0.10357687875832344,0.06072777743516689,0.02014311277441534
QQQ,2022,2022-03-29,2022-03-30,0.0062076676140159215,0.015641065625202937,0.01517856623779456,0.02111879227367368,0.022484723796371488,0.026991714100789523,0.6956307654411589,0.014650139947987561,0.010148511586695275,0.005930465902961424,False,822,21681.791844940595,0.20665404562489875,0.13408963402086113,0.018258105871892905
SPY,2022,2022-03-29,2022-03-30,0.0033259397761764564,0.010630004706800181,0.010948166717225755,0.01449920986448699,0.016165950688284348,0.019149810830404505,0.6575551856968034,0.010275038067420686,0.008478092989327335,0.0035625497326016164,False,1165,53639.88725332482,0.3367272489079613,0.27484461695461115,0.01458754692971488
IWM,2022,2022-03-30,2022-03-31,0.018498313354043172,0.024270260686566836,0.01694129381682665,0.017441260898667092,0.01994622104827158,0.022640072604986898,1.2167849051622714,0.01815289758599819,0.009651528370637985,0.008979870450946503,False,566,30244.10589671428,0.1285842884456689,0.11086588378232701,0.01840501113572666
QQQ,2022,2022-03-30,2022-03-31,0.005930465902961424,0.014650139947987561,0.013982074089759383,0.02117607887164519,0.022010625443284346,0.02652615382921436,0.6655939871284966,0.016120285331551673,0.015372698714849475,0.012798120614406883,False,831,32005.35086275242,0.10873355745549414,0.08043210540963014,0.019364094833749287
SPY,2022,2022-03-30,2022-03-31,0.0035625497326016164,0.010275038067420686,0.00823874396071663,0.014222183731669096,0.014956409502667516,0.018567519311090176,0.6869989796406755,0.016597885650227205,0.014917126810222392,0.013649566053102635,False,1149,65931.11439477664,0.22060544628612033,0.16911144054446495,0.015122050720382415
IWM,2022,2022-03-31,2022-04-01,0.008979870450946503,0.01815289758599819,0.01755113029971643,0.017393762029504847,0.018791033024610555,0.02236628762112062,0.9660404280181615,0.013143887914132787,0.007469243377768109,0.006741753311744869,False,535,25864.055435040973,0.2091838235412513,0.07116305637863926,0.01856585315120079
QQQ,2022,2022-03-31,2022-04-01,0.012798120614406883,0.016120285331551673,0.014122333443071027,0.021098962955575354,0.021897373418654997,0.02593712815822976,0.7361743814360101,0.013836413129329898,0.011768318312836312,0.002645989530437598,False,798,35306.59906953036,0.12001002472256786,0.09072341385756219,0.018743761359377005
SPY,2022,2022-03-31,2022-04-01,0.013649566053102635,0.016597885650227205,0.011190771097570015,0.014690181170805176,0.014956409502667516,0.0185612639177904,1.1097506822922258,0.009529851161251381,0.009284371853218731,0.0008603033971448237,False,1047,64048.42638171756,0.257173391778274,0.13115038779446708,0.01565538058189535
IWM,2022,2022-04-01,2022-04-04,0.006741753311744869,0.013143887914132787,0.018337026668819603,0.017074724040692688,0.017890580962044305,0.021827304318332862,0.7346820062477654,0.012267223999938928,0.009665777089463923,0.00019246907135062052,False,485,23906.18692164685,0.06784786992923911,0.04255410409907284,0.01972333684661687
QQQ,2022,2022-04-01,2022-04-04,0.002645989530437598,0.013836413129329898,0.014177929751262966,0.02073131973388198,0.021897373418654997,0.025557180361196197,0.6318754703951052,0.0189407385487983,0.018196372471126265,0.01816877531124428,False,715,27160.130278837805,0.0432722993223973,0.02203573880177792,0.020263604116553795
SPY,2022,2022-04-01,2022-04-04,0.0008603033971448237,0.009529851161251381,0.011029194765102468,0.014499750922227956,0.014956409502667516,0.018140986448544685,0.6371750626078877,0.01026194214988466,0.008341974132290098,0.008099183171737634,False,996,55475.90565333086,0.192033406372969,0.1126342257053291,0.016061512716956088
IWM,2022,2022-04-04,2022-04-05,0.00019246907135062052,0.012267223999938928,0.01832502117484772,0.015836086904501046,0.01734002476817076,0.020954085053815623,0.7074513539598033,0.03332375317772196,0.026912312255518156,0.023898831795775788,False,529,27596.44746120738,0.07204089409272176,0.04491881129654107,0.018884266638416542
QQQ,2022,2022-04-04,2022-04-05,0.01816877531124428,0.0189407385487983,0.015558736731684734,0.01868948301974458,0.020761719326461404,0.024537886663515363,0.9122914268789767,0.023408868508988833,0.021893159900988612,0.018243091540787182,False,811,22538.056353594584,0.22370911404596666,0.10357212165546928,0.018253503766757894
SPY,2022,2022-04-04,2022-04-05,0.008099183171737634,0.01026194214988466,0.011275014230813828,0.012440115394746392,0.013592437604435164,0.017157225161842465,0.754974379763658,0.017595842068818538,0.012004788156504187,0.009204346096767457,False,1101,53954.701480275304,0.20387363974820447,0.10869055835230622,0.016049534228056654
IWM,2022,2022-04-05,2022-04-06,0.023898831795775788,0.03332375317772196,0.014654236268044653,0.016960259661596606,0.01734002476817076,0.021043654911774325,1.9217823286441225,0.015501616285320775,0.01303609669900796,0.005763420467458591,False,515,31044.85639843523,0.19016333847901323,0.10503083085352641,0.020625896060716582
QQQ,2022,2022-04-05,2022-04-06,0.018243091540787182,0.023408868508988833,0.01620810970774113,0.019633811333153808,0.020761719326461404,0.023764085671819212,1.1275014434451756,0.017489108189085254,0.014519615396334062,0.006720045471320879,False,883,35578.57689497093,0.19696936099861614,0.10823923653293897,0.01788116496283412
SPY,2022,2022-04-05,2022-04-06,0.009204346096767457,0.017595842068818538,0.010149522385051247,0.012742583384564622,0.013592437604435164,0.016592732953554755,1.2945317522058795,0.012217752189816612,0.00771193861663777,0.000828001572281134,False,1073,68103.618607038,0.32654967085305203,0.18484787838562527,0.014405965650737568
IWM,2022,2022-04-06,2022-04-07,0.005763420467458591,0.015501616285320775,0.01367451092991113,0.01617174193519507,0.017261311138771745,0.02051126057964931,0.8980555509773295,0.022737509559142163,0.01743953661938824,0.00324818297187468,False,516,28683.028703834705,0.19119668775833082,0.04544188557835114,0.019418306820629394
QQQ,2022,2022-04-06,2022-04-07,0.006720045471320879,0.017489108189085254,0.017765302267814944,0.019185018735944068,0.019508144072365907,0.023208671982390218,0.8965029233026477,0.0217465474519589,0.011668226161390294,0.0052805357730763,False,914,36963.860696746066,0.15809339173438697,0.06470071610457327,0.01876548212125444
SPY,2022,2022-04-06,2022-04-07,0.000828001572281134,0.012217752189816612,0.010441620853877181,0.011921130520349682,0.012974413950447915,0.015838020443388123,0.9416804671470205,0.016068591577356572,0.01144551301741581,0.007136589021109474,False,1118,63058.53373068424,0.13562735834237974,0.06509502965817744,0.016063191901659505
IWM,2022,2022-04-07,2022-04-08,0.00324818297187468,0.022737509559142163,0.013604866797575905,0.016183862077068376,0.017523627762725633,0.02071943592694523,1.2975343842618556,0.014104997195942857,0.008708866940269067,0.00677645866501142,False,506,33786.88970904585,0.22456098283216666,0.1953880085577703,0.018617614552371875
QQQ,2022,2022-04-07,2022-04-08,0.0052805357730763,0.0217465474519589,0.017980055024811058,0.018904326456372023,0.02072482166079697,0.023057002114275145,1.0492996180080345,0.013027918490211456,0.010961283570211533,0.008997540195942344,False,908,44519.716997279684,0.18082141868757615,0.16477204690395264,0.017008814780051736
SPY,2022,2022-04-07,2022-04-08,0.007136589021109474,0.016068591577356572,0.00946944281629947,0.011826522606281458,0.012974413950447915,0.01582440020124436,1.2384830358215784,0.010469456500716904,0.005937905785791342,0.0008929033091377159,False,1130,78362.58678401049,0.3367987032979113,0.30704374708611376,0.01344402408075034
IWM,2022,2022-04-08,2022-04-11,0.00677645866501142,0.014104997195942857,0.0098497803089785,0.015864623297116437,0.01681486524279662,0.020093306935685652,0.8388409298721764,0.01709616071765852,0.010805625687775766,0.0029423794917906587,False,457,29957.013621497776,0.1156309817698561,0.08875282765303964,0.018768041449499638
QQQ,2022,2022-04-08,2022-04-11,0.008997540195942344,0.013027918490211456,0.018339662917170797,0.018504257335877114,0.019508144072365907,0.02222670265475111,0.6678194728255079,0.015109745923746856,0.012538876215798966,0.0113685303149893,False,845,36803.30697756486,0.2630820120425624,0.22534262403763666,0.016956103085578128
SPY,2022,2022-04-08,2022-04-11,0.0008929033091377159,0.010469456500716904,0.009193628541431392,0.01133923755326948,0.012906219226057733,0.015261108575555477,0.8111946897336912,0.012631973017047955,0.010742098240219544,0.009434536628378898,False,1015,58571.081328944616,0.1356229313591555,0.1065242705570006,0.014790683333065989
IWM,2022,2022-04-11,2022-04-12,0.0029423794917906587,0.01709616071765852,0.008030916663382714,0.015198810043204159,0.01681486524279662,0.019531771270210767,1.0167289758674933,0.02647204120594965,0.014997462371956205,0.007750343783517799,True,466,28450.81148916393,0.0891845307085642,0.06609233730268539,0.019962043693357814
QQQ,2022,2022-04-11,2022-04-12,0.0113685303149893,0.015109745923746856,0.010856332085342741,0.01882026690190938,0.019126965411947534,0.022050942789079948,0.7899708917917869,0.027909514183047563,0.02283753705347924,0.018249645362027334,True,820,34797.266301879965,0.18707466010622303,0.15298674312065597,0.02099906613887735
SPY,2022,2022-04-11,2022-04-12,0.009434536628378898,0.012631973017047955,0.008733581595026779,0.012009356394338862,0.012751818910809079,0.015132250404306085,0.9906016628216436,0.020538066216699746,0.014725736323508487,0.01081063955156214,True,1021,57219.584326489436,0.24760969765269059,0.1910648149760891,0.01627734314947239
IWM,2022,2022-04-12,2022-04-13,0.007750343783517799,0.02647204120594965,0.006376111666192507,0.014805808319989294,0.016995259328555796,0.020070795201374673,1.5576132552135151,0.01942531606720907,0.019071248543822916,0.01633959483004288,True,461,33077.95584145389,0.13656737156007406,0.10846554505608048,0.01722699592604488
QQQ,2022,2022-04-12,2022-04-13,0.018249645362027334,0.027909514183047563,0.01119177221380696,0.01770862060615968,0.019126965411947534,0.021772291770453724,1.4591710489325227,0.024632123066134774,0.022454400108634642,0.01927609931092067,True,806,42892.734060901625,0.2350331887994311,0.19406468871828497,0.017778119287286162
SPY,2022,2022-04-12,2022-04-13,0.01081063955156214,0.020538066216699746,0.008317591263193773,0.011188793148891912,0.012751818910809079,0.014986674350248894,1.610598955360843,0.014314063034826602,0.013880297215280502,0.012053966153028783,True,1022,67677.91900311236,0.265392957041737,0.2232816705354084,0.014390975378727331
IWM,2022,2022-04-13,2022-04-14,0.01633959483004288,0.01942531606720907,0.011038655590722429,0.013650516197685035,0.016995259328555796,0.01958554700558341,1.142984387097303,0.017403411015751585,0.011263667461972382,0.010690636417678534,True,479,34316.888005753775,0.27663040353746526,0.24228672295355544,0.015123351562309114
QQQ,2022,2022-04-13,2022-04-14,0.01927609931092067,0.024632123066134774,0.016721116821766652,0.016293020763327705,0.019126965411947534,0.021132547153397095,1.2878218021322128,0.025285791778928847,0.024334026771120065,0.02312091475920064,True,838,50304.76999356812,0.271331505122241,0.250863510932906,0.014567891417466845
SPY,2022,2022-04-13,2022-04-14,0.012053966153028783,0.014314063034826602,0.010722167342925535,0.010371250513810725,0.012751818910809079,0.014425466478506153,1.1225114734568014,0.01589452937565526,0.013411613999764871,0.012986088167215581,True,1028,65552.76846812494,0.26361474407816954,0.21990952914024725,0.012741205658072503
IWM,2022,2022-04-14,2022-04-18,0.010690636417678534,0.017403411015751585,0.011975545335899337,0.013273279541450758,0.016995259328555796,0.0192408752443796,1.024015619844647,0.013352785482392153,0.009820424090765556,0.004232649240462738,True,422,14244.18985362017,0.10480010529505585,0.02923772625521321,0.021180954724972365
QQQ,2022,2022-04-14,2022-04-18,0.02312091475920064,0.025285791778928847,0.018129635975342,0.016904130116272776,0.019126965411947534,0.021301139268656046,1.321997046281803,0.015562471928306534,0.010938201792336733,0.0039721248366584305,True,750,15338.816351512138,0.20440130530428752,0.0602639004945201,0.01971295453343025
SPY,2022,2022-04-14,2022-04-18,0.012986088167215581,0.01589452937565526,0.010948778965596248,0.010405758263142977,0.012751818910809079,0.014316164595844626,1.2464519365297968,0.009477838583312548,0.006730620768385487,0.002655625257189209,True,950,31897.307803833948,0.11904016509792231,0.056124912897615016,0.016367742219178066
IWM,2022,2022-04-18,2022-04-19,0.004232649240462738,0.013352785482392153,0.011792627907765502,0.01301282532049017,0.016915766631899344,0.019065825302298837,0.7893692182541578,0.02299607317154616,0.022136889059442,0.01870007549190622,False,449,16360.049283979968,0.17817494469368583,0.13906838509789934,0.018625971911245487
QQQ,2022,2022-04-18,2022-04-19,0.0039721248366584305,0.015562471928306534,0.01829160223448626,0.01616066674941804,0.018214923368941777,0.02059030594779403,0.8543803129494395,0.02919857750149482,0.026092380427979123,0.02434698404298019,False,755,18233.824037047725,0.25776952877247455,0.1731888555588287,0.017282214860843435
SPY,2022,2022-04-18,2022-04-19,0.002655625257189209,0.009477838583312548,0.01118944662401509,0.01023099311744007,0.012424862603432283,0.013922921832107013,0.762812345361015,0.018544729796827333,0.018133656207545812,0.01639798893154043,False,887,33473.78981139069,0.24058302150684108,0.1552193048326152,0.014650193151939979
IWM,2022,2022-04-19,2022-04-20,0.01870007549190622,0.02299607317154616,0.013937121041309838,0.013818120447806594,0.016915766631899344,0.01921191988691335,1.3594461115454692,0.009899012443371331,0.0058951869504018095,0.0035459306076425223,False,471,16454.915824122952,0.15994717588751106,0.11659782124219743,0.018576784397215072
QQQ,2022,2022-04-19,2022-04-20,0.02434698404298019,0.02919857750149482,0.018712218184689648,0.017017109697879264,0.018214923368941777,0.02106585061810699,1.6030030382275033,0.021896355941405616,0.020973070543669037,0.016940865322688015,False,801,22936.62137535839,0.18914230643841862,0.15806781414235782,0.018600047558840715
SPY,2022,2022-04-19,2022-04-20,0.01639798893154043,0.018544729796827333,0.011539367951037735,0.010902770018199224,0.012424862603432283,0.01419978604973808,1.4925500899868687,0.009151517531116258,0.007756837639097736,0.0049450056078403914,False,976,40199.61230015549,0.2683426956106302,0.21654866893586805,0.014502287888021636
IWM,2022,2022-04-20,2022-04-21,0.0035459306076425223,0.009899012443371331,0.013916649854305211,0.01362908187337174,0.016915766631899344,0.018969628680571213,0.5851944318446681,0.03809430025977224,0.03659522535136772,0.03148407584730806,False,475,28958.861627570972,0.11556533956470248,0.07355283042161134,0.01982220631070678
QQQ,2022,2022-04-20,2022-04-21,0.016940865322688015,0.021896355941405616,0.020259317456102263,0.01660974837595596,0.018214923368941777,0.021053543521838903,1.2021107911297086,0.04249828444161381,0.0359843631305905,0.03198241103983257,False,809,32664.904106680548,0.2235764588491606,0.11977814743663155,0.018584394507187227
SPY,2022,2022-04-20,2022-04-21,0.0049450056078403914,0.009151517531116258,0.011221009040398522,0.010557233729260568,0.012424862603432283,0.013962837752599077,0.7365487911784404,0.028782278985524257,0.026172505791951295,0.023364718390062045,False,941,50461.80718898811,0.14569166582052276,0.08463169904818849,0.01693935050642233
IWM,2022,2022-04-21,2022-04-22,0.03148407584730806,0.03809430025977224,0.015870499267311478,0.013985833860868203,0.01724978586670505,0.019988615593987135,2.208392646386444,0.025803839879362012,0.023818201627577862,0.02128309313418808,False,476,33019.446615643654,0.15603990244604699,0.0837311431677347,0.0182915268820499
QQQ,2022,2022-04-21,2022-04-22,0.03198241103983257,0.04249828444161381,0.01883183309706572,0.016912386118730537,0.019126965411947534,0.02237821911755215,2.2219041822006713,0.03170711669087248,0.028772791572430068,0.02665192105284775,False,785,33148.95677625008,0.170454414577394,0.11348440259867805,0.019709161223899322
SPY,2022,2022-04-21,2022-04-22,0.023364718390062045,0.028782278985524257,0.012380227749894366,0.010694671525333268,0.012751818910809079,0.0147604162325748,2.257111647117805,0.028930406776940473,0.02696032614442001,0.024879254368352588,False,968,59564.66390523597,0.2354923690560243,0.14282493978225758,0.016262678306541642
IWM,2022,2022-04-22,2022-04-25,0.02128309313418808,0.025803839879362012,0.018930232749400568,0.014747780967641512,0.017778154300874885,0.020604097663909877,1.4514352526511807,0.025655760801890526,0.01633590778287708,0.014974608765346842,False,412,22676.375800139253,0.07432579125015785,0.02048334046822709,0.023628468733874048
QQQ,2022,2022-04-22,2022-04-25,0.02665192105284775,0.03170711669087248,0.019574537973752672,0.016658961596899953,0.019126965411947534,0.022811786517909678,1.6577180963095606,0.023074787530336816,0.019059039016363633,0.018070538372744638,False,648,18478.265177465146,0.16109486067369022,0.08422666095268456,0.02356820794201757
SPY,2022,2022-04-22,2022-04-25,0.024879254368352588,0.028930406776940473,0.01655684269754886,0.011602498481941623,0.012786373332296607,0.015448293249612518,2.262596752424417,0.02324924066214506,0.011848818312764964,0.011423976643360367,False,877,39143.28784762183,0.10873798262510574,0.06361918219216779,0.021559149084116803
IWM,2022,2022-04-25,2022-04-26,0.014974608765346842,0.025655760801890526,0.01969911774772787,0.014861576815344444,0.01878910682660363,0.021346098695069548,1.3654593078136292,0.027194315656983197,0.0258161494931628,0.023814484487480247,False,452,27121.24112234491,0.0513967962055956,0.01898097783484552,0.022266874014393544
QQQ,2022,2022-04-25,2022-04-26,0.018070538372744638,0.023074787530336816,0.021523995147434714,0.017107723312652017,0.020529869863527832,0.02316299544304195,1.1239617047612238,0.03298017610861414,0.03348487142473533,0.0315448332175734,False,760,25093.100162223993,0.17689539516281622,0.08379393890943954,0.02185159143673071
SPY,2022,2022-04-25,2022-04-26,0.011423976643360367,0.02324924066214506,0.017185938029220717,0.011635783689124024,0.013627418341185932,0.01609928098126997,1.706063472923499,0.023413102728995255,0.023457540981658642,0.02284944878370787,False,926,44973.13434167731,0.1609487878729004,0.08962993809679885,0.020039419688158797
IWM,2022,2022-04-26,2022-04-27,0.023814484487480247,0.027194315656983197,0.017599753458954794,0.01614166912973537,0.020217453988382178,0.022217727028795712,1.3450910125780537,0.018756350545131566,0.01124314291542805,0.0037831910374879207,False,458,23991.99426016563,0.09970912121096272,0.0445199873265888,0.02404427646972613
QQQ,2022,2022-04-26,2022-04-27,0.0315448332175734,0.03298017610861414,0.018871846336923254,0.018005969289774465,0.02182145169668226,0.02412709173741497,1.5113648975805059,0.02483925458764136,0.01777838488858441,0.001512988537149429,False,687,17699.93023080797,0.058785278929963325,0.04116539918916103,0.023735138404341268
SPY,2022,2022-04-26,2022-04-27,0.02284944878370787,0.023413102728995255,0.01557510118621483,0.01277830746195505,0.015104296205240932,0.01690468441659494,1.5500955761759565,0.018957923131160348,0.0136133240492331,7.189814015684526e-05,False,921,40223.114433619325,0.1243156675487718,0.08289861736833656,0.021048969926453685
IWM,2022,2022-04-27,2022-04-28,0.0037831910374879207,0.018756350545131566,0.015858535034556538,0.014366803560393793,0.01909083330617032,0.021685677052585107,0.9824794048706798,0.035364948180855005,0.024145911390643038,0.006766394204612336,False,476,24816.025646037306,0.07507542349377976,0.03768798475637527,0.022731316782570617
QQQ,2022,2022-04-27,2022-04-28,0.001512988537149429,0.02483925458764136,0.020247806438221237,0.017162871764208866,0.022485571735871214,0.024421269332693486,1.1046752503969164,0.0384341320496576,0.02498060709166494,0.019139361644529895,False,710,22109.254228988575,0.0892680572599708,0.06770669484060662,0.0226618823108347
SPY,2022,2022-04-27,2022-04-28,7.189814015684526e-05,0.018957923131160348,0.016350816381949393,0.012284069716336492,0.015981560476505917,0.01717960518347882,1.1862372988563854,0.028511232331562723,0.01740511486132812,0.013071559596429916,False,922,43154.76224695427,0.07990296887169167,0.047269979840938586,0.020315989283385766
IWM,2022,2022-04-28,2022-04-29,0.006766394204612336,0.035364948180855005,0.021183386371338087,0.01498180165666923,0.01909083330617032,0.02226326221857581,1.8524570202718575,0.038082184504268424,0.027532393812230493,0.024473861908720917,False,488,29640.053313124008,0.1919846837681073,0.09040095371919671,0.019809454641020643
QQQ,2022,2022-04-28,2022-04-29,0.019139361644529895,0.0384341320496576,0.02950411719319982,0.0196683208047202,0.023241828019662826,0.02573679303668211,1.6536621825590452,0.04519618267254027,0.035508656067779976,0.032283014559627676,False,780,37915.57099703199,0.09268902738201523,0.06648991012591825,0.018417729251805907
SPY,2022,2022-04-28,2022-04-29,0.013071559596429916,0.028511232331562723,0.02328981970110468,0.014009907417726161,0.01633323861379189,0.01811154385561267,1.7455957759343368,0.03460894683267104,0.030106284234499014,0.027361355173849522,False,963,54719.351906256205,0.12878682344358391,0.0980899344113566,0.01824789015501965
IWM,2022,2022-04-29,2022-05-02,0.024473861908720917,0.038082184504268424,0.021869074971043814,0.015924027629102493,0.021081412813175618,0.023252572092542296,1.806434172213901,0.029421322990696348,0.015792393315973374,0.01076260442863064,False,424,20085.09585295077,0.15580755919376932,0.05037803611661556,0.021136243746272033
QQQ,2022,2022-04-29,2022-05-02,0.032283014559627676,0.04519618267254027,0.03400070170654814,0.02153836967321648,0.024020495787561803,0.027279463668522946,1.8815674360869592,0.028993407644837536,0.018828165141633102,0.018061006478217845,False,627,16982.050393381087,0.08606144939319058,0.06861967136775726,0.02353608285404386
SPY,2022,2022-04-29,2022-05-02,0.027361355173849522,0.03460894683267104,0.02587758051685154,0.015709209486612485,0.016832216823087554,0.019223229372044064,2.056113416100986,0.02645187521616031,0.01740659350595375,0.005848529665526403,False,825,33719.00032454087,0.1752922863169087,0.08285960293992894,0.021185708690973738
IWM,2022,2022-05-02,2022-05-03,0.01076260442863064,0.029421322990696348,0.022652923271601184,0.015886285302982934,0.022866791365344162,0.024063132701643473,1.2866397615926968,0.020490059215563378,0.013856175707586349,0.008399354481053,False,464,22663.707264900724,0.10506466983918784,0.04483026776586354,0.02265784107928724
QQQ,2022,2022-05-02,2022-05-03,0.018061006478217845,0.028993407644837536,0.03460406882815129,0.022165095942389725,0.024735688826888067,0.028034854430744594,1.1721285729193547,0.016295141103316327,0.008383087685194246,0.0010047325721154188,False,712,19490.133732992595,0.15726566542405598,0.05662983947456656,0.02252728435038592
SPY,2022,2022-05-02,2022-05-03,0.005848529665526403,0.02645187521616031,0.025903922017267354,0.01580296709107815,0.018070285932822935,0.020067793433225532,1.463832687235625,0.013421380673117706,0.009445514127165433,0.003301113430881353,False,911,36647.033996234066,0.11323494498059034,0.06609667056406315,0.02249906489624439
IWM,2022,2022-05-03,2022-05-04,0.008399354481053,0.020490059215563378,0.01856507128901055,0.016114917203154406,0.022866791365344162,0.024473552459117552,0.8960618430540784,0.04358630045681125,0.025813221609350734,0.0236445445572373,False,457,26683.324628846334,0.11009873089450133,0.03339031814659063,0.022237629051811234
QQQ,2022,2022-05-03,2022-05-04,0.0010047325721154188,0.016295141103316327,0.029822612228067643,0.02134115389105062,0.024735688826888067,0.027818849948116536,0.6587704598548824,0.05136072788787315,0.0343866808752622,0.032225763751833725,False,726,24406.241298987603,0.1479985035813804,0.0632126990495027,0.021241198963908237
SPY,2022,2022-05-03,2022-05-04,0.003301113430881353,0.013421380673117706,0.022739404511065653,0.015656652845385068,0.018070285932822935,0.020226385568611623,0.7427320587517134,0.03824209437166955,0.030162121163452404,0.02872353354756907,False,917,44787.00331259568,0.12697078220914934,0.07468782110367597,0.020888584828922745
IWM,2022,2022-05-04,2022-05-05,0.0236445445572373,0.04358630045681125,0.02136297848895118,0.016920147642653555,0.022866791365344162,0.024992753772060165,1.9060960394674613,0.042708676071194406,0.044443198164884734,0.030595732510311002,False,524,30474.233366745073,0.06461401778714138,0.023410017948325798,0.022964913617499357
QQQ,2022,2022-05-04,2022-05-05,0.032225763751833725,0.05136072788787315,0.03299640299614387,0.02287584242380198,0.025062523183285106,0.0291222174415801,2.0493039552429044,0.04806717789888121,0.050222913751617915,0.037426616616476616,False,812,30127.857131123805,0.2062756064281238,0.09267943380749447,0.02207419817562261
SPY,2022,2022-05-04,2022-05-05,0.02872353354756907,0.03824209437166955,0.026532921662001652,0.017351826151577803,0.018751326463993842,0.021264955685141487,2.039434087241867,0.036650566496262776,0.03690402809072091,0.02529735141486411,False,1012,46509.51943403578,0.1699000653892459,0.07889835162564938,0.020793401022123167
IWM,2022,2022-05-05,2022-05-06,0.030595732510311002,0.042708676071194406,0.028559169759241738,0.018820834369923205,0.024325916986718342,0.026551006026137036,1.7556861718517263,0.02632998994599613,0.02442538680459161,0.012867672991028645,False,453,26891.817683670368,0.2098858744181714,0.0816498395928604,0.019713208253128424
QQQ,2022,2022-05-05,2022-05-06,0.037426616616476616,0.04806717789888121,0.03742030975757672,0.024836561174421748,0.026597652980988207,0.030693734974590568,1.8071962189009403,0.03209522622460426,0.019140726740685343,0.005467155942413537,False,684,25360.378837330158,0.09839862319026048,0.07149858044737073,0.020310746444524068
SPY,2022,2022-05-05,2022-05-06,0.02529735141486411,0.036650566496262776,0.029222935254818724,0.01882223505250174,0.01974799467393005,0.022713267184861375,1.8559133269691603,0.02206270170756648,0.013235390461092678,0.0005837757986182357,False,922,47742.48961001354,0.13917030102669845,0.08801199295956189,0.02006405338517106
IWM,2022,2022-05-06,2022-05-09,0.012867672991028645,0.02632998994599613,0.026417653169977802,0.019045807104310024,0.025729800340626267,0.026792919573784567,1.023326632831355,0.04753690517043548,0.033084401521566775,0.02757704157141938,False,404,21779.70140038003,0.08605851542226788,0.03130961671891922,0.023716524849560588
QQQ,2022,2022-05-06,2022-05-09,0.005467155942413537,0.03209522622460426,0.031937616738864555,0.02479715132021367,0.02845146091394255,0.031203798158360708,1.128069532938328,0.04491236453601729,0.0262410717353998,0.020858102216586905,False,615,18549.18655525098,0.1694039788181461,0.08218481895171714,0.022680513820907296
SPY,2022,2022-05-06,2022-05-09,0.0005837757986182357,0.02206270170756648,0.02389302520283458,0.018716127828462683,0.021300383962133115,0.023007421742228217,1.0357889203682236,0.024463104203402707,0.0216898010176938,0.017106868850578105,False,804,35058.62735823986,0.16768204644109533,0.0759038759966574,0.021205197638611045
IWM,2022,2022-05-09,2022-05-10,0.02757704157141938,0.04753690517043548,0.030238293767347636,0.02083879318850984,0.02606691491267907,0.028429954327044333,1.8236490712337157,0.043419532555347376,0.03720800519583167,0.014754802432331848,False,328,15563.849169216044,0.18733068717379803,0.041919749702141934,0.020998264443368997
QQQ,2022,2022-05-09,2022-05-10,0.020858102216586905,0.04491236453601729,0.03342342196838385,0.025815454958605398,0.02909599257316618,0.03261677969390666,1.5435927962614955,0.0301796399024111,0.026772776225904682,0.012314866111909795,False,513,13714.567994523853,0.0473622994595834,0.022831516569072677,0.02500400818244016
SPY,2022,2022-05-09,2022-05-10,0.017106868850578105,0.024463104203402707,0.027276787311545345,0.019715485325990944,0.02265597118485577,0.024288742196223047,1.0797640941455162,0.027837473163482902,0.024492129909251092,0.013350129859469262,False,760,33737.25528334614,0.17048652147430773,0.05312979652966007,0.02275145755758159
IWM,2022,2022-05-10,2022-05-11,0.014754802432331848,0.043419532555347376,0.028976639355292454,0.020883867827318454,0.02640101557597289,0.029782504962105837,1.644615997077883,0.04505224216106199,0.028361724864953475,0.025866491480589504,False,327,18517.386881368227,0.18241761855169547,0.04216515663753433,0.019718221924170436
QQQ,2022,2022-05-10,2022-05-11,0.012314866111909795,0.0301796399024111,0.03494840763795134,0.025892906585757134,0.02968910870195296,0.03293014485636387,1.016522260920075,0.044028897009003316,0.025743220210093565,0.022115018260031816,False,520,20339.60280715955,0.20700387664232206,0.08353299940822356,0.02196235337232706
SPY,2022,2022-05-10,2022-05-11,0.013350129859469262,0.027837473163482902,0.02703876360589772,0.019599579049277484,0.023331171695570155,0.024788885747567192,1.1931450990422547,0.030346463857059337,0.015588366165787404,0.013364501786957583,False,786,43008.53643986336,0.18020355083994913,0.08154488793704073,0.02141434664858934
IWM,2022,2022-05-11,2022-05-12,0.025866491480589504,0.04505224216106199,0.017623848720891844,0.02120356418986834,0.026762152801489664,0.030699286163841866,1.6834311684579517,0.03203204606226121,0.02655593510104559,0.016310453056560092,False,313,16204.86800739917,0.21311925351163424,0.08217845181447497,0.02165760063834297
QQQ,2022,2022-05-11,2022-05-12,0.022115018260031816,0.044028897009003316,0.024530053853717128,0.026424277887860788,0.030943378296641788,0.03369919652629437,1.4228859107404466,0.03760653017752535,0.02887454319184668,0.012871739545407435,False,466,15754.733335745383,0.047340496507658716,0.025900417504589893,0.024764696168657785
SPY,2022,2022-05-11,2022-05-12,0.013364501786957583,0.030346463857059337,0.016311730606862657,0.019756497438744972,0.02393810346619898,0.025268051363621247,1.2677054345557939,0.02735186077519681,0.016513837112297258,0.007627709525509951,False,744,38795.95730820996,0.051589306172442485,0.023016729976054088,0.02228307706927356
IWM,2022,2022-05-12,2022-05-13,0.016310453056560092,0.03203204606226121,0.021082449497585615,0.02079117652897651,0.028307819323839772,0.031205712473052576,1.131561767291804,0.02513716478542632,0.02496578235599589,0.0173104099309056,False,364,22035.784783932373,0.14115240065131132,0.08082796006766331,0.022290104846471617
QQQ,2022,2022-05-12,2022-05-13,0.012871739545407435,0.03760653017752535,0.020612962454044457,0.025656444991436638,0.03190117145773837,0.034318362397399556,1.1788448028419662,0.030163713617318528,0.024617877550540124,0.02103341402349379,False,508,19380.537119507575,0.17192792624042996,0.09368424196901853,0.022606219674550575
SPY,2022,2022-05-12,2022-05-13,0.007627709525509951,0.02735186077519681,0.013838881037362123,0.019393560814468587,0.02545748970978151,0.025908596332032567,1.0744131132728074,0.01908196790419368,0.016309146127053697,0.012628897364669323,False,789,44151.701027558425,0.07359181085335485,0.0484302778536322,0.02066794312049144
IWM,2022,2022-05-13,2022-05-16,0.0173104099309056,0.02513716478542632,0.029247134695530398,0.022532867780834506,0.028307819323839772,0.03230744433832332,0.8879936846374017,0.01859156648877641,0.010929591219190238,0.0015774579115317433,False,361,20130.57478396138,0.05490451132873002,0.04441747470697772,0.021365704699483807
QQQ,2022,2022-05-13,2022-05-16,0.02103341402349379,0.030163713617318528,0.03098739238538044,0.027314857377482217,0.03190117145773837,0.035088778871428125,0.9455362370400232,0.01709147088832437,0.010163864180808613,0.005697123071299659,False,507,20150.414060644984,0.04896801437554875,0.03893997460039783,0.02178403541949534
SPY,2022,2022-05-13,2022-05-16,0.012628897364669323,0.01908196790419368,0.020929447401805492,0.0204247016347515,0.02545748970978151,0.026494894037020444,0.7495620393734984,0.015925783644736274,0.009975474085657243,0.00027497712020974063,False,748,37925.90951817102,0.19826988650953764,0.15100983674104806,0.020594575607940674
IWM,2022,2022-05-16,2022-05-17,0.0015774579115317433,0.01859156648877641,0.020876693056847667,0.022530507141121325,0.028307819323839772,0.032568085603927384,0.6567643475496997,0.021340229292036522,0.013469279011447677,0.012360709951071414,True,368,22903.000668019235,0.13438977134262953,0.1129673170142696,0.021736462598648768
QQQ,2022,2022-05-16,2022-05-17,0.005697123071299659,0.01709147088832437,0.02517113275747875,0.027309405139324193,0.03190117145773837,0.03516264572341513,0.5357631117392223,0.019740546968801204,0.012976292039476034,0.005649535725863242,True,502,20565.092646456244,0.04798157433463688,0.037493491221466876,0.020239795903329652
SPY,2022,2022-05-16,2022-05-17,0.00027497712020974063,0.015925783644736274,0.014503227095198837,0.020397287108141288,0.02545748970978151,0.02681490310895774,0.6255834265786671,0.014734511032247532,0.009811745091114155,0.004403140113390824,True,835,41386.342671510574,0.2089821200366997,0.15378537236396023,0.019406610234521577
IWM,2022,2022-05-17,2022-05-18,0.012360709951071414,0.021340229292036522,0.02410699098315473,0.023269072484434227,0.028307819323839772,0.03298477135136058,0.7538634130699213,0.034964246223265834,0.030668160651078802,0.023438774859684597,True,377,29284.33903636092,0.09167214094754908,0.07736269707802965,0.022529302793106082
QQQ,2022,2022-05-17,2022-05-18,0.005649535725863242,0.019740546968801204,0.0273360114732294,0.02751383277070563,0.03190117145773837,0.03506596842797601,0.618803199592618,0.041122217765796366,0.040331213369825925,0.034489598732418414,True,511,29002.118084401918,0.14248673203237536,0.11714181461723683,0.020787084525055108
SPY,2022,2022-05-17,2022-05-18,0.004403140113390824,0.014734511032247532,0.01698740322969723,0.02065342475190414,0.02545748970978151,0.026947662472607943,0.5787888436850119,0.03283767038413878,0.033158398698750036,0.028847619946561376,True,874,49617.87731487642,0.1839719260017553,0.16209186805203865,0.018491552477270797
IWM,2022,2022-05-18,2022-05-19,0.023438774859684597,0.034964246223265834,0.027812530929080436,0.024130495489576076,0.03072668452647878,0.034475909707590284,1.1379114526051557,0.02241407846432489,0.02241407846432497,0.009377319431482123,True,384,39485.67126457653,0.09265873991696041,0.06590367074485974,0.023640438609528094
QQQ,2022,2022-05-18,2022-05-19,0.034489598732418414,0.041122217765796366,0.033890055745321813,0.029129918505164634,0.0325377011666092,0.03663371343543382,1.2638329166289337,0.023540488350859833,0.01762938903133149,0.0010023783012842458,True,453,26845.42222666331,0.14513323133982317,0.08565552755775623,0.024988633281090272
SPY,2022,2022-05-18,2022-05-19,0.028847619946561376,0.03283767038413878,0.02567648880179204,0.022156150283947927,0.026901867995678563,0.02866414540796251,1.2206464766466674,0.018089726172620404,0.014204157276018314,0.0021614851228570764,True,804,52386.3275548988,0.16421693248969407,0.12018297708723924,0.02102438353403199
IWM,2022,2022-05-19,2022-05-20,0.009377319431482123,0.02241407846432489,0.027734927835673086,0.023900210963082088,0.028307819323839772,0.03366542761878864,0.7917981320959119,0.04022413408722864,0.03905935721582465,0.013557412711178274,True,386,46854.478475310374,0.1325725948976008,0.10526043139861355,0.021198993656977732
QQQ,2022,2022-05-19,2022-05-20,0.0010023783012842458,0.023540488350859833,0.03396825973044647,0.028965713659314146,0.03190117145773837,0.035653558546870676,0.7379192448166207,0.046361669264542306,0.046108325262219196,0.015181019114062666,True,457,29674.84456037046,0.18001974590842273,0.11989278545259185,0.021055860357417414
SPY,2022,2022-05-19,2022-05-20,0.0021614851228570764,0.018089726172620404,0.02581901916017076,0.022057596303343762,0.02545748970978151,0.02810964504796166,0.7105856224963848,0.04193258800858233,0.03339988219288048,0.009205327697870302,True,811,65502.100524338035,0.21117279941090972,0.16379773532056685,0.019076006456987503
IWM,2022,2022-05-20,2022-05-23,0.013557412711178274,0.04022413408722864,0.0233168711250296,0.02341211183666543,0.03072668452647878,0.03430625507342082,1.3090945120540232,0.019451352703451087,0.013561281383547064,0.0018551935124584418,True,327,21353.405247389375,0.03745758838076068,0.021662437012453052,0.0223984866543591
QQQ,2022,2022-05-20,2022-05-23,0.015181019114062666,0.046361669264542306,0.026830137787873,0.028607354208456167,0.0325377011666092,0.03641394489068932,1.4248600116875965,0.022709185754152286,0.014219137591673814,0.012873204439441288,True,469,19423.150925665836,0.15989117247400164,0.06316070757092133,0.025718549409944776
SPY,2022,2022-05-20,2022-05-23,0.009205327697870302,0.04193258800858233,0.02195697559130031,0.021480112857630206,0.02545748970978151,0.028783954744754627,1.647161149297081,0.018710399803359985,0.012473651659892004,0.010411697159774524,True,822,35103.033418119034,0.16087029804423186,0.08089415187553797,0.02047242814500267
IWM,2022,2022-05-23,2022-05-24,0.0018551935124584418,0.019451352703451087,0.024029801638517395,0.02358975301710101,0.03072668452647878,0.034017228154283166,0.6330443067064019,0.026051937780576948,0.024603989137775173,0.005663476006793178,False,383,25627.86185548207,0.06561912699096117,0.023362576075883393,0.025705459256789537
QQQ,2022,2022-05-23,2022-05-24,0.012873204439441288,0.022709185754152286,0.028941420737734976,0.02874768628932003,0.0325377011666092,0.036405794537809254,0.6979345479224229,0.02294098233278723,0.020832612516607618,0.0030889342774261808,False,678,22970.86671820938,0.041586735007597325,0.024986832973757516,0.02363079914654003
SPY,2022,2022-05-23,2022-05-24,0.010411697159774524,0.018710399803359985,0.024631805905146978,0.02198566679614827,0.02545748970978151,0.028667407760706625,0.7349664093616781,0.020863059130684362,0.014471796121500846,0.003388060673821469,False,918,39968.07463700425,0.12225646528801618,0.04529427568506853,0.020837655292286122
IWM,2022,2022-05-24,2022-05-25,0.005663476006793178,0.026051937780576948,0.018055107143400275,0.022845512645390583,0.03072668452647878,0.03402394295352091,0.8478603592303178,0.02841949383540751,0.028019177491262592,0.022015043099446574,False,384,27486.970221441206,0.2316201482984878,0.12772140445117067,0.021540001385298293
QQQ,2022,2022-05-24,2022-05-25,0.0030889342774261808,0.02294098233278723,0.024511402577799008,0.027997731839316125,0.03113743306350768,0.036389315249926904,0.7367653681020195,0.02761546632742817,0.026880485187956493,0.019425356048213382,False,693,26100.5550910221,0.07223722145259982,0.04825669824961844,0.023922538877363113
SPY,2022,2022-05-24,2022-05-25,0.003388060673821469,0.020863059130684362,0.02137251738166729,0.021193303189811243,0.02545748970978151,0.028470529735610282,0.8195253879516708,0.019270468776326866,0.018199930394001917,0.012897957202423926,False,901,50129.70133408239,0.1501449061368942,0.09412208637234815,0.019837894305540716
IWM,2022,2022-05-25,2022-05-26,0.022015043099446574,0.02841949383540751,0.012821791653043459,0.023323514995276413,0.03072668452647878,0.03450186529538503,0.9249124750480956,0.022796808253405337,0.02196272901969598,0.01595771487233444,False,416,28076.346789225212,0.06548234442452082,0.02560237787885195,0.025575909655044853
QQQ,2022,2022-05-25,2022-05-26,0.019425356048213382,0.02761546632742817,0.015513163450850078,0.02829836689765125,0.03113743306350768,0.03652037955810808,0.886889624816017,0.03708173612697431,0.03608322165760347,0.030608676684104053,False,735,26119.835849472824,0.16311420536501287,0.07926492014108166,0.02385534844575591
SPY,2022,2022-05-25,2022-05-26,0.012897957202423926,0.019270468776326866,0.010995900057349009,0.0213155560352616,0.02545748970978151,0.028479695081857596,0.7569665743171288,0.021546632675065003,0.02099479478083377,0.016655338769448136,False,1011,45869.12935424467,0.08961658360391771,0.048457156615702254,0.020520890255341363
IWM,2022,2022-05-26,2022-05-27,0.01595771487233444,0.022796808253405337,0.015401375916409346,0.02350758649267801,0.028920408413051928,0.03413105862401746,0.7882602461145404,0.023127993725761124,0.021168913288706737,0.02111452437308481,False,479,29545.294788802195,0.12335674939482318,0.06655252798792087,0.022556548239314484
QQQ,2022,2022-05-26,2022-05-27,0.030608676684104053,0.03708173612697431,0.019177536929880515,0.027776368419275114,0.03113743306350768,0.03629669866172489,1.1909053662626161,0.02257548218205822,0.022178856566277272,0.02168307454655105,False,750,31655.018809501715,0.2787618829525222,0.13580218346293035,0.018860937650515684
SPY,2022,2022-05-26,2022-05-27,0.016655338769448136,0.021546632675065003,0.011838029110291273,0.020987546020470496,0.023262902955484596,0.02821419011110556,0.9262228672103472,0.01882766445253189,0.018312865959744462,0.0180186953924375,False,990,51718.834263529316,0.162154789747773,0.10820489083160106,0.018714322290180323
IWM,2022,2022-05-27,2022-05-31,0.02111452437308481,0.023127993725761124,0.01643365718556104,0.023436749530822094,0.02737474189070182,0.03358460429622313,0.8448661842403286,0.019207085054583375,0.01531863425670732,0.008560302135609987,False,461,25353.973624536193,0.07608664557264591,0.03147217910471951,0.020716639513451908
QQQ,2022,2022-05-27,2022-05-31,0.02168307454655105,0.02257548218205822,0.021128344834805017,0.0271926633606388,0.03017167675986481,0.035604720783842234,0.7482342582991193,0.022648590397375254,0.01557526685208055,0.0025560828491946186,False,733,29181.95263559776,0.20184665216035913,0.07576003937099635,0.021051177204524565
SPY,2022,2022-05-27,2022-05-31,0.0180186953924375,0.01882766445253189,0.012823472858290724,0.020160868410974652,0.02180466719131574,0.02751633570749351,0.8634694713446708,0.015548284042025485,0.008584710933715156,0.0014992023588158432,False,997,39319.978111104996,0.13028779917410277,0.05531729331935373,0.021338018753482527
IWM,2022,2022-05-31,2022-06-01,0.008560302135609987,0.019207085054583375,0.02000443645825178,0.02350744316575957,0.026190963863286537,0.033070553948946514,0.7333477742492368,0.027755398348426785,0.02475655990663239,0.010790839746183223,False,513,29474.43945854979,0.218912777487405,0.04619023298135034,0.0196691402620726
QQQ,2022,2022-05-31,2022-06-01,0.0025560828491946186,0.022648590397375254,0.02224544763735574,0.026898297168803386,0.03017167675986481,0.03528931377117319,0.750657332624716,0.02873057904172623,0.022190728576631846,0.014397530206229359,False,811,29875.35487788198,0.057968227775542724,0.03343458833030541,0.02144446864114112
SPY,2022,2022-05-31,2022-06-01,0.0014992023588158432,0.015548284042025485,0.01455846511120828,0.020163708309124343,0.021204845902874685,0.02696773005615586,0.7332420199251551,0.022424542374167092,0.020249234266981997,0.013440318205483859,False,1088,49247.67329623668,0.1417290917500912,0.08868726393452038,0.020059418305169965
IWM,2022,2022-06-01,2022-06-02,0.010790839746183223,0.027755398348426785,0.017679055543842213,0.02344481174669672,0.027042694147211457,0.0334408458607804,1.0263547780164062,0.024865899718036023,0.02259059673695507,0.02259059673695507,False,523,31561.703451160447,0.23555687447640777,0.07175770596285608,0.020296135281907348
QQQ,2022,2022-06-01,2022-06-02,0.014397530206229359,0.02873057904172623,0.017775753485821638,0.026925982504185222,0.03017167675986481,0.035921239545527214,0.9522367374671211,0.036608179231329446,0.03185170169155582,0.03126127140722712,False,818,33375.05310083083,0.13833657132446958,0.06006287253941718,0.02148381795796275
SPY,2022,2022-06-01,2022-06-02,0.013440318205483859,0.022424542374167092,0.014681638308100728,0.02021136516894942,0.02180466719131574,0.02742311235924925,1.0284285551076071,0.02540177215425755,0.01958865895813733,0.0194665647973018,False,1115,52981.928546153096,0.1253761711884633,0.05806332187071989,0.021847571577372372
IWM,2022,2022-06-02,2022-06-03,0.02259059673695507,0.024865899718036023,0.018628654143613813,0.023309842883736123,0.026190963863286537,0.03250057783970507,0.9494075837694566,0.011586382110757678,0.008073631811213122,0.0012280193058028521,False,548,34988.003906204416,0.09127649515444111,0.04603015295365478,0.020206031936162133
QQQ,2022,2022-06-02,2022-06-03,0.03126127140722712,0.036608179231329446,0.018959103908651517,0.02651505719164575,0.03017167675986481,0.035172786380258794,1.2133292929886696,0.017959381985217692,0.013478896663293494,0.009157643540900207,False,836,40174.55749008118,0.14761519351856,0.06963566431037652,0.022730806321494098
SPY,2022,2022-06-02,2022-06-03,0.0194665647973018,0.02540177215425755,0.015524050514329556,0.01943403381086106,0.02180466719131574,0.02677735468870023,1.1649694962725434,0.010984478288896241,0.007057175800204263,0.004510148833875571,False,1134,59730.75852106737,0.12822474359820424,0.07726659496242312,0.01860799115226625
IWM,2022,2022-06-03,2022-06-06,0.0012280193058028521,0.011586382110757678,0.01917797337454517,0.021486400769436118,0.025594551283001636,0.030667407438508827,0.4526894018436126,0.01310156804639046,0.013167004394201154,0.00750170753505619,False,496,32258.5876487708,0.03185641990832278,0.015410514605956488,0.02126222827746801
QQQ,2022,2022-06-03,2022-06-06,0.009157643540900207,0.017959381985217692,0.02469452559515411,0.024674001448340283,0.02944714632952238,0.033646385420858405,0.6098853105916218,0.021657316126558728,0.016785566928778417,0.011359609909241786,False,756,31728.094948769656,0.1366600871354502,0.0536358525296202,0.022143572572392422
SPY,2022,2022-06-03,2022-06-06,0.004510148833875571,0.010984478288896241,0.017994508376352223,0.01807804956243694,0.021204845902874685,0.025434923568311906,0.518017359768085,0.014610148937818613,0.010303278801852667,0.0072086172023110295,False,1033,52620.80942378061,0.15141518953526442,0.07546938613760518,0.020275885592679236
IWM,2022,2022-06-06,2022-06-07,0.00750170753505619,0.01310156804639046,0.01484958147315097,0.02110943712468452,0.02500153225173117,0.029951506192201372,0.5240306039836128,0.02703722142539892,0.024301264365125252,0.02408663776711073,False,534,33976.94989143845,0.11512840139805082,0.02656820860321015,0.020888776001518256
QQQ,2022,2022-06-06,2022-06-07,0.011359609909241786,0.021657316126558728,0.019326730219895866,0.02454627532570042,0.0281730226845772,0.03315109114616122,0.7687253288023874,0.026266452883233624,0.02257995432759774,0.019946669323892108,False,811,33712.58272709815,0.0781504470357538,0.04646718488680368,0.022125571090365715
SPY,2022,2022-06-06,2022-06-07,0.0072086172023110295,0.014610148937818613,0.013465671429641656,0.01804004014855369,0.020066763953505616,0.025078280170062854,0.7280769820021855,0.02109780872425832,0.01989707178570299,0.01872086257436001,False,1068,53390.55938078417,0.1498771327206786,0.06790739162002041,0.020330933567414656
IWM,2022,2022-06-07,2022-06-08,0.02408663776711073,0.02703722142539892,0.014195194473316875,0.018633503401284095,0.02500153225173117,0.028951425561875077,1.081422576551355,0.019161924936817322,0.015503096295962804,0.01058122601907796,False,527,35172.654243346085,0.2529641270964252,0.03136152114413059,0.0221056699632953
QQQ,2022,2022-06-07,2022-06-08,0.019946669323892108,0.026266452883233624,0.01974940875301893,0.022805025571428297,0.026940959605330897,0.03224611703673362,0.9749635227557445,0.01601686588755746,0.008639422530969387,0.004562281832141024,False,803,42287.42807535957,0.1668083743137859,0.054357799976810756,0.021841619590047982
SPY,2022,2022-06-07,2022-06-08,0.01872086257436001,0.02109780872425832,0.01403910769280412,0.016457707472964298,0.020066763953505616,0.024319857731362256,1.0513807195391154,0.01314232488020562,0.008650489182538301,0.006546980173047667,False,1069,65936.66265384271,0.2069760641128009,0.13701547780286608,0.017748468917176186
IWM,2022,2022-06-08,2022-06-09,0.01058122601907796,0.019161924936817322,0.01667188619986308,0.019148361326780345,0.023996946721898574,0.027753068179672484,0.7985151260652248,0.01897619129997928,0.016455098853308536,0.01597424646898704,False,554,39911.9181212037,0.07575584438166992,0.036914311111249355,0.019373054583973832
QQQ,2022,2022-06-08,2022-06-09,0.004562281832141024,0.01601686588755746,0.019727941683358764,0.02277760771265059,0.02490347061704673,0.03149848356245936,0.6431579812250634,0.032100868520426706,0.022323939546579963,0.02128080052202408,False,836,38999.35974481908,0.06832964573718857,0.03826174168798502,0.021504410918567224
SPY,2022,2022-06-08,2022-06-09,0.006546980173047667,0.01314232488020562,0.014556879120845682,0.016718782324764737,0.019176218340260273,0.0235601468494603,0.6853449750628592,0.025162427041374676,0.019679139718113747,0.019299345207311025,False,1090,59151.46052078507,0.17676452337356036,0.09126593849358973,0.01933496343775589
IWM,2022,2022-06-09,2022-06-10,0.01597424646898704,0.01897619129997928,0.015753904108555605,0.019028394981552794,0.02296240098958323,0.026673982506291983,0.8264027489367393,0.021605502597950296,0.01609907519624265,0.010636520012040629,False,534,42522.77707912973,0.08667194536039574,0.03649168209799454,0.021090376642188643
QQQ,2022,2022-06-09,2022-06-10,0.02128080052202408,0.032100868520426706,0.016356011402682648,0.02257972570264936,0.02490347061704673,0.03091003773021252,1.2890118415243403,0.022101108017263605,0.01827446051890247,0.016380036296848477,False,816,39171.182359156126,0.22324051581160834,0.06619709210692414,0.01988231504925605
SPY,2022,2022-06-09,2022-06-10,0.019299345207311025,0.025162427041374676,0.013775726239765024,0.017239400469764823,0.019176218340260273,0.023299071117122625,1.3121683636938164,0.015270458632329034,0.013162296043136568,0.012864710866662743,False,1066,63448.26132754002,0.19154337234182042,0.11026029626124555,0.01993835172050884
IWM,2022,2022-06-10,2022-06-13,0.010636520012040629,0.021605502597950296,0.01860092292729704,0.0201326264884673,0.022605443358865114,0.026692076549200038,0.9557654877614832,0.03265572348259287,0.02563655129541087,0.019754695836617153,False,487,33179.25243402525,0.06070631643550895,0.052483253830838135,0.024605926276632148
QQQ,2022,2022-06-10,2022-06-13,0.016380036296848477,0.022101108017263605,0.018987998058871906,0.024030148551033362,0.023240735341823533,0.030898341474520658,0.9509642312173712,0.027917775008378016,0.019014319906436317,0.015513838562611681,False,700,26502.14742455887,0.16838227563110267,0.138175236387664,0.024735747145254193
SPY,2022,2022-06-10,2022-06-13,0.012864710866662743,0.015270458632329034,0.016623621345212974,0.01851950375265631,0.018954816178362786,0.023399256243517817,0.805624200658854,0.022403605709843996,0.017546259107245055,0.012768213835947395,False,912,46447.47928475776,0.15304431187706286,0.12332151338043021,0.020030954379392167
IWM,2022,2022-06-13,2022-06-14,0.019754695836617153,0.03265572348259287,0.02298584343926388,0.021634815103917352,0.022605443358865114,0.027323038037123753,1.44459557656879,0.02050741218462643,0.01746746500434959,0.007558406866893241,True,454,24435.310348128514,0.2230750914996928,0.1864085314084952,0.021684924885689617
QQQ,2022,2022-06-13,2022-06-14,0.015513838562611681,0.027917775008378016,0.022104810567027938,0.02448454511176804,0.023240735341823533,0.03134045648380433,1.2012431877806284,0.01916015001819558,0.015804519580363774,0.006302672249942076,True,604,18402.30124311582,0.1510494304981436,0.12738371046204594,0.021224816144269236
SPY,2022,2022-06-13,2022-06-14,0.012768213835947395,0.022403605709843996,0.018468818595411777,0.01943290406990324,0.01904906661442938,0.02413427188763135,1.1760999193983397,0.019503797225617337,0.016892009572534006,0.007907684590854336,True,800,33577.335810634504,0.11020913075065915,0.0911498414380645,0.022474933210257307
IWM,2022,2022-06-14,2022-06-15,0.007558406866893241,0.02050741218462643,0.015638448778402377,0.021635113132026533,0.022605443358865114,0.027424637453802393,0.9071891163145047,0.03154017688644248,0.016646169808810063,0.003796471415194125,True,496,28077.567639200366,0.2350352443526509,0.19250666343911363,0.020970817023742393
QQQ,2022,2022-06-14,2022-06-15,0.006302672249942076,0.01916015001819558,0.019889042836524137,0.024457940507090103,0.023240735341823533,0.03145678323290878,0.8244209891119659,0.03657576669377083,0.026519120995059486,0.012096393253193005,True,592,23611.31447017516,0.15929725123867033,0.1277242789985988,0.02051593183640621
SPY,2022,2022-06-14,2022-06-15,0.007907684590854336,0.019503797225617337,0.014014806887807046,0.01943203627829288,0.0193871330009721,0.024321432526954807,1.0060176109917534,0.03121687310943208,0.01733095399298623,0.0048760518520651885,True,790,43238.39679429008,0.12082705159116483,0.09635956592945226,0.02141533591716215
IWM,2022,2022-06-15,2022-06-16,0.003796471415194125,0.03154017688644248,0.023395166533062058,0.020640900115167532,0.02296240098958323,0.02743308605939455,1.373557447270018,0.03360342893653402,0.031084885099761372,0.023474752903797413,True,496,48677.698238832054,0.05478480510422446,0.04304223628851028,0.022530558925717207
QQQ,2022,2022-06-15,2022-06-16,0.012096393253193005,0.03657576669377083,0.02921107500046304,0.024399682326269444,0.02490347061704673,0.032075279651801555,1.468701582049141,0.024601759386738302,0.023432849031485015,0.015239964241313353,True,650,36323.98908812942,0.05277172946104383,0.0402852403980343,0.022834124745155084
SPY,2022,2022-06-15,2022-06-16,0.0048760518520651885,0.03121687310943208,0.02119027023232506,0.01907346376903047,0.02018342817815085,0.024837083361872195,1.546658616856043,0.018515062180047694,0.01766101799194364,0.010418114942649881,True,876,57052.252171396074,0.19728258427185552,0.11706405854034684,0.019222553428633056
IWM,2022,2022-06-16,2022-06-17,0.023474752903797413,0.03360342893653402,0.026829690953635042,0.021694016350177262,0.02296240098958323,0.02801060355453667,1.4634109452133528,0.02322475330402238,0.01848254270359817,0.004255818132447686,True,453,43789.4231766809,0.07156057844748358,0.04574411506751594,0.01871847951935366
QQQ,2022,2022-06-16,2022-06-17,0.015239964241313353,0.024601759386738302,0.03099691223253341,0.023608643262492728,0.024071123868799067,0.03180047262090503,1.0220444845380503,0.024542555865737004,0.018406972960693935,0.009221874616680337,True,598,37790.19604279367,0.0336264826847449,0.02429515942428944,0.019025388216095028
SPY,2022,2022-06-16,2022-06-17,0.010418114942649881,0.018515062180047694,0.022429407533460094,0.01839713458023137,0.0193871330009721,0.024654765791189522,0.9550180616762324,0.019725838588391515,0.010587931968454312,0.0009574993203658178,True,772,55676.90725336265,0.12249745678969136,0.0789053301634585,0.02237094031685234
IWM,2022,2022-06-17,2022-06-21,0.004255818132447686,0.02322475330402238,0.029605318344589564,0.021812886706109258,0.023176373514891754,0.028063831272235374,1.0020874615737247,0.01946662909650762,0.012501524925157215,0.0009525161696568585,True,426,25348.797182364073,0.19866738193285735,0.08247435626497177,0.021583900773106256
QQQ,2022,2022-06-17,2022-06-21,0.009221874616680337,0.024542555865737004,0.03203780636145158,0.023849631841080667,0.024572157626237653,0.031861627219789364,0.9987953129329986,0.017255596622757847,0.01686103033912567,0.008358696223374373,True,628,22518.508983024585,0.18293730945717077,0.05782313037164688,0.02054603019709352
SPY,2022,2022-06-17,2022-06-21,0.0009574993203658178,0.019725838588391515,0.02228055839574803,0.018384847915847803,0.019614817907004426,0.024740983348817917,1.0056600413989796,0.012691927814101518,0.01247676449513091,0.008550895561924232,True,787,38445.28706977567,0.13471704629258008,0.07776372900137163,0.02223139396345228
IWM,2022,2022-06-21,2022-06-22,0.0009525161696568585,0.01946662909650762,0.026180989799453762,0.022313980604398622,0.02296240098958323,0.02751341359156153,0.8477610466491964,0.023439378357914945,0.01988423511369386,0.011207523108615058,False,488,30103.24452646641,0.04352832430976212,0.0271104153925143,0.025959128070475516
QQQ,2022,2022-06-21,2022-06-22,0.008358696223374373,0.017255596622757847,0.026683924079432028,0.024525682442801098,0.023741769099262115,0.031109652413436162,0.726803320789357,0.0261022163594693,0.023912120942179316,0.007719461794022164,False,693,27316.96140271425,0.23161211248274585,0.08440626483527004,0.021632372653761726
SPY,2022,2022-06-21,2022-06-22,0.008550895561924232,0.012691927814101518,0.02205534696365336,0.019427823153939424,0.0193871330009721,0.024082160665582115,0.6546572829239437,0.023042492734968556,0.021855286304654165,0.010172196807832545,False,862,44617.56326672675,0.13838569486861943,0.07879135174632733,0.01944624626357818
IWM,2022,2022-06-22,2022-06-23,0.011207523108615058,0.023439378357914945,0.02613922948338863,0.022064525361669394,0.023176373514891754,0.02768767768387073,1.0113479722293135,0.021879972782943978,0.012129099569063273,0.009750873213880684,False,498,33729.35750596069,0.08223642485720827,0.03854691766637757,0.025209426250552596
QQQ,2022,2022-06-22,2022-06-23,0.007719461794022164,0.0261022163594693,0.02680227101867902,0.024170628623415093,0.024572157626237653,0.03126320872241576,1.062267984623291,0.01910244633077323,0.010345667017738647,0.0057908078737314295,False,728,28457.72569589888,0.2458417791420496,0.09295489079863466,0.019213344825360027
SPY,2022,2022-06-22,2022-06-23,0.010172196807832545,0.023042492734968556,0.022017674455196118,0.018824453433818906,0.019614817907004426,0.024181167486333272,1.1747492555992636,0.015770952880225966,0.010056584656833678,0.0037701328986026184,False,922,47717.15427207189,0.13878835304886164,0.06521611090490373,0.020303777716792405
IWM,2022,2022-06-23,2022-06-24,0.009750873213880684,0.021879972782943978,0.025750368281785677,0.022107751672059143,0.02296240098958323,0.027134347897428107,0.9528608438146217,0.02452991576385647,0.022660932456197935,0.02260247102906554,False,501,30871.363755706938,0.2962807333925806,0.10515998142585181,0.01955603858774816
QQQ,2022,2022-06-23,2022-06-24,0.0057908078737314295,0.01910244633077323,0.025131046387140112,0.024001636170259955,0.024572157626237653,0.030313724883035804,0.7774020751997791,0.026204242721980547,0.025370190304798257,0.023875704977926793,False,779,35492.12779629083,0.20663858695172382,0.14914853511316703,0.0179354988712841
SPY,2022,2022-06-23,2022-06-24,0.0037701328986026184,0.015770952880225966,0.02140214600707056,0.01898932374249086,0.0193871330009721,0.023719790510493947,0.8134752507983096,0.02286313938187901,0.022784485003858768,0.022758240206309788,False,933,58677.295305534215,0.09551204066842628,0.0670751855792823,0.018714927562627853
IWM,2022,2022-06-24,2022-06-27,0.02260247102906554,0.02452991576385647,0.012213324702875786,0.022884385571401485,0.02296240098958323,0.02727051052853573,1.0682644108072294,0.015995974535619722,0.008554400940511853,0.0003985161094577361,False,463,22716.234910391424,0.2025787989628172,0.039082725624650566,0.021212963476714704
QQQ,2022,2022-06-24,2022-06-27,0.023875704977926793,0.026204242721980547,0.013277156205769143,0.02503557452531099,0.024572157626237653,0.030728967416531583,1.0664200971102427,0.017871547389674832,0.01616942331323301,0.011993202003272807,False,759,32025.021548614593,0.1618304588491439,0.11029024126739141,0.021815785681284453
SPY,2022,2022-06-24,2022-06-27,0.022758240206309788,0.02286313938187901,0.015489935591783693,0.02031837918663813,0.019614817907004426,0.02435114921577875,1.1656054871513546,0.010024250179062997,0.009317533886058715,0.006290734002990184,False,919,44046.5908855029,0.15520951936342967,0.10728048422795461,0.0191324265614154
IWM,2022,2022-06-27,2022-06-28,0.0003985161094577361,0.015995974535619722,0.012801687742363196,0.022265590879966025,0.02250398325435255,0.026654616066192176,0.7108063650254406,0.03278125831156874,0.026573753467202144,0.025377213701708423,False,522,28568.102981744567,0.21976400201005106,0.05263383737398867,0.02220987189794022
QQQ,2022,2022-06-27,2022-06-28,0.011993202003272807,0.017871547389674832,0.017198049573978736,0.024273213358470942,0.02359557313155613,0.029777893970505905,0.7574110317233139,0.041979480522077645,0.03405679791289273,0.032286660256239386,False,762,36101.73976372847,0.05111752968413576,0.03532378244865911,0.022997729280783655
SPY,2022,2022-06-27,2022-06-28,0.006290734002990184,0.010024250179062997,0.015897899669300945,0.019730055778928054,0.019165730839074614,0.0236368562395071,0.5230298945149436,0.03236553962338637,0.025490795044143644,0.024549667683502197,False,949,53779.017901146646,0.15395466619864803,0.10677716398755825,0.020572722872282144
IWM,2022,2022-06-28,2022-06-29,0.025377213701708423,0.03278125831156874,0.018287501787733,0.021504477999156533,0.02255236304348318,0.026955720902307113,1.453562016909857,0.021616897488087667,0.021187203676341415,0.01077948755407232,False,515,36582.091191560605,0.07456156665485765,0.04555563034890038,0.022214440517661766
QQQ,2022,2022-06-28,2022-06-29,0.032286660256239386,0.041979480522077645,0.02429143217998455,0.023783285397843933,0.024572157626237653,0.030223779012385897,1.7084165404039573,0.015878617138021835,0.00911550203666045,0.0014114110977379024,False,716,39109.45720632779,0.06366262582540212,0.05366409081687886,0.02095173334610319
SPY,2022,2022-06-28,2022-06-29,0.024549667683502197,0.03236553962338637,0.01932664606284033,0.019108141627991602,0.019614817907004426,0.02401970311347356,1.6500555741498206,0.010098826102322699,0.007425605039069527,0.002334587054505066,False,919,61163.06771699853,0.24526994111896525,0.17371527323339944,0.01751637099309803
IWM,2022,2022-06-29,2022-06-30,0.01077948755407232,0.021616897488087667,0.01942415374064406,0.02146364109288625,0.02255236304348318,0.027080637169709182,0.9585202866062486,0.027051148242041412,0.018489896948741036,0.00689657362161733,False,499,37594.75420478604,0.30261648267789915,0.11378331876155931,0.020053996374628912
QQQ,2022,2022-06-29,2022-06-30,0.0014114110977379024,0.015878617138021835,0.02423052331040816,0.023807591186348273,0.024572157626237653,0.029884998203672637,0.6462036170998255,0.029065017496382458,0.018021615935536195,0.0016740916142586881,False,742,41222.480247938714,0.18929522545366992,0.12278166577001806,0.020238710168346514
SPY,2022,2022-06-29,2022-06-30,0.002334587054505066,0.010098826102322699,0.01926817543199682,0.01911917064777776,0.019614817907004426,0.023751200979592983,0.5148569897616241,0.021528828178179055,0.01174785653428545,0.002684482755264339,False,936,61464.58822048026,0.2621761642847167,0.1862415166890004,0.016917982203502192
IWM,2022,2022-06-30,2022-07-01,0.00689657362161733,0.027051148242041412,0.01929077665403642,0.021478213018050266,0.02255236304348318,0.027018504313421166,1.1994817656085142,0.024726368531927605,0.016503952888297757,0.013960370113859089,False,462,35246.22894130928,0.2727093735520763,0.07229295122280137,0.019820867049642425
QQQ,2022,2022-06-30,2022-07-01,0.0016740916142586881,0.029065017496382458,0.023798736492062388,0.023873001555016884,0.024572157626237653,0.029875897079244245,1.182843523083517,0.01971679426175471,0.012833792491855567,0.011399865698593858,False,655,33029.733574668164,0.22514552472417707,0.11009919543905543,0.01812258163161995
SPY,2022,2022-06-30,2022-07-01,0.002684482755264339,0.021528828178179055,0.019424330914710276,0.019119582027619306,0.019614817907004426,0.023688729079371328,1.0975798133966432,0.020979457364780855,0.013649922141922843,0.012428278909400126,False,840,50227.10055909443,0.11989011125287811,0.06882564300200804,0.019379025887989947
IWM,2022,2022-07-01,2022-07-05,0.013960370113859089,0.024726368531927605,0.012137085503784706,0.02078621330965753,0.02255236304348318,0.027007038100909087,1.0963981239683276,0.03657812684877588,0.025017793478414152,0.024602853542033065,False,426,34075.34736691397,0.058224418145057265,0.030493477390423948,0.02323631955728101
QQQ,2022,2022-07-01,2022-07-05,0.011399865698593858,0.01971679426175471,0.014281419592690562,0.022860827036328073,0.023321831941500303,0.02903352876881632,0.84542219115598,0.03711683612835651,0.031511584530216075,0.03108042820008028,False,610,28555.582433306445,0.07040756732756875,0.0356716216609532,0.02114997551467267
SPY,2022,2022-07-01,2022-07-05,0.012428278909400126,0.020979457364780855,0.011273160181792124,0.0186726519159925,0.019614817907004426,0.023466221830888416,1.0695718647119898,0.024156690890420236,0.016228599617629014,0.01617533918613523,False,778,43364.80314218992,0.19217098237195213,0.07780768275040209,0.020214317932920785
IWM,2022,2022-07-05,2022-07-06,0.024602853542033065,0.03657812684877588,0.013020405372408823,0.020952279473877896,0.02333206583096866,0.028020102204703263,1.5677191687084011,0.022963217071298142,0.01590572576284055,0.005218868729551129,False,450,36201.33666763159,0.0644403974176805,0.031046000880223103,0.024825213272828522
QQQ,2022,2022-07-05,2022-07-06,0.03108042820008028,0.03711683612835651,0.01839202596300173,0.022822890123289127,0.024572157626237653,0.02935969544083621,1.5105240936890258,0.018653265200244056,0.012528296596655553,0.0050460471851556665,False,658,32294.190246045055,0.0575950389822413,0.023766236053095476,0.0242099390288041
SPY,2022,2022-07-05,2022-07-06,0.01617533918613523,0.024156690890420236,0.011645092920136752,0.018498211831353552,0.020352647976586185,0.02371311317530142,1.186906535120651,0.016408859370432665,0.00984012433531567,0.002983472539689336,False,830,44071.86846664194,0.07433753169495298,0.042490010255471757,0.020706237132640408
IWM,2022,2022-07-06,2022-07-07,0.005218868729551129,0.022963217071298142,0.010353557866736631,0.020878668976226394,0.02333206583096866,0.02850285079406682,0.9841913372633748,0.01810707863572691,0.018049260130574396,0.015908827897084477,False,485,43652.77755789164,0.05650933373398464,0.03089790317519751,0.024591012167758403
QQQ,2022,2022-07-06,2022-07-07,0.0050460471851556665,0.018653265200244056,0.010757639475616533,0.022878129388813936,0.024572157626237653,0.029194669625704106,0.7591219901799131,0.020957798646154574,0.020957798646154657,0.018471864148468686,False,671,36218.36849253337,0.17715521005594406,0.052673478901331665,0.02322791016929924
SPY,2022,2022-07-06,2022-07-07,0.002983472539689336,0.016408859370432665,0.006781794933799945,0.018504494396862182,0.020352647976586185,0.023794610938598453,0.8062272481354524,0.01703364572539948,0.012229932267331156,0.010048803402196604,False,827,46245.66832009799,0.14052963046452768,0.057493550565956134,0.020673601097538366
IWM,2022,2022-07-07,2022-07-08,0.015908827897084477,0.01810707863572691,0.013456116044351223,0.02133047508183723,0.02309398518766026,0.028452662019535408,0.7840603728022659,0.019078148494585907,0.010967030836924518,0.0029701775970620847,False,488,37616.36325796518,0.2511068615568501,0.027221517488879705,0.0198236277525684
QQQ,2022,2022-07-07,2022-07-08,0.018471864148468686,0.020957798646154574,0.013070145364688222,0.02338754071366278,0.023321831941500303,0.029090526886714617,0.898634322497667,0.019275558551217407,0.01598881690779219,0.011195630243707066,False,671,37092.06784924252,0.15519648504445216,0.07276313961945652,0.01834707423369394
SPY,2022,2022-07-07,2022-07-08,0.010048803402196604,0.01703364572539948,0.008861994613341589,0.018741469712240902,0.019614817907004426,0.02360761898982982,0.8684070281028093,0.012859274221097247,0.008702005655921496,0.0036151120762757394,False,851,52511.83798185975,0.16407965894033819,0.0875494780069566,0.019244090484965184
IWM,2022,2022-07-08,2022-07-11,0.0029701775970620847,0.019078148494585907,0.011865399640939614,0.021170150566794558,0.02309398518766026,0.028397874967348975,0.8261089777081816,0.0193388914462252,0.015501097370099748,0.012624796382372683,False,444,37166.68176538742,0.27290803321984985,0.2583908323624759,0.01985683413087335
QQQ,2022,2022-07-08,2022-07-11,0.011195630243707066,0.019275558551217407,0.008366479921607087,0.023368793953769628,0.023321831941500303,0.029246105638382654,0.8265027635722428,0.01696930695256438,0.016450301913666143,0.013111159088607272,False,623,34995.20682597882,0.13796470583994178,0.11256399507416125,0.020024264904648533
SPY,2022,2022-07-08,2022-07-11,0.0036151120762757394,0.012859274221097247,0.006554833778604778,0.01865812639527299,0.019614817907004426,0.023593484329082162,0.6555897832987385,0.008733951182790443,0.006127786449845241,0.004198510020893664,False,758,47843.62265394274,0.18938286634591564,0.16344580475334958,0.01939161181807114
IWM,2022,2022-07-11,2022-07-12,0.012624796382372683,0.0193388914462252,0.016462148743631944,0.0210216076333932,0.02309398518766026,0.02835819752446354,0.8373994912129108,0.016322741992226504,0.01060981342807299,0.000408021850117124,True,462,43976.49654979136,0.04267840623752227,0.034032481768330784,0.021268187388973604
QQQ,2022,2022-07-11,2022-07-12,0.013111159088607272,0.01696930695256438,0.01678479249403264,0.023093291261876637,0.021529453331709088,0.02887067243424058,0.7881903312227434,0.02641916931053527,0.020062619959039685,0.014053516763959495,True,673,38163.67899506908,0.184914231041344,0.16609915969090844,0.022410479378230694
SPY,2022,2022-07-11,2022-07-12,0.004198510020893664,0.008733951182790443,0.00945611823800435,0.018118203523484543,0.019009429702832516,0.023006205163438164,0.45945361430222353,0.018688944459279655,0.012295848919987362,0.007350468836393675,True,833,49737.20108507427,0.15934313794209976,0.13105036398215214,0.018008885013599103
IWM,2022,2022-07-12,2022-07-13,0.000408021850117124,0.016322741992226504,0.015968507959281772,0.020244694871674025,0.02309398518766026,0.027559400569683,0.7067962441124361,0.020632607857496345,0.01850431567102495,0.012828929979520787,True,489,44584.236024132326,0.06467172528306567,0.046931877155438985,0.022158997383544626
QQQ,2022,2022-07-12,2022-07-13,0.014053516763959495,0.02641916931053527,0.01620261452921459,0.02179659230265382,0.02275017725594579,0.028357135132060958,1.1612731194712158,0.028617243779868427,0.02655018363294248,0.017997105071714703,True,709,40117.56312967326,0.17993255900779484,0.15303595715891735,0.02193813673134843
SPY,2022,2022-07-12,2022-07-13,0.007350468836393675,0.018688944459279655,0.01053206308730642,0.017069885145984568,0.019096370842448494,0.022483233119992178,0.9786647218714883,0.019354864429464897,0.018181837412011737,0.00994396269809883,True,921,58454.44522736744,0.1963723940746265,0.16078651267514657,0.017740716112399926
IWM,2022,2022-07-13,2022-07-14,0.012828929979520787,0.020632607857496345,0.015625720056412485,0.017234841047240827,0.02242159492712106,0.025973342773841064,0.9202114267321473,0.017666563059834214,0.009938859782402831,0.005217008068668427,True,472,45232.31123696385,0.07456538561207407,0.05802554577667653,0.018869745716750878
QQQ,2022,2022-07-13,2022-07-14,0.017997105071714703,0.028617243779868427,0.01574913828409297,0.018904593716545223,0.02275017725594579,0.027282654467549815,1.2578910246683583,0.027421499110968858,0.016149006968175117,0.013004075480943955,True,700,40431.243891763326,0.1917623061043997,0.1669766280713947,0.01855427192385111
SPY,2022,2022-07-13,2022-07-14,0.00994396269809883,0.019354864429464897,0.010434554048545788,0.014753663021363363,0.019021904444372274,0.021319945594327115,1.0175040299495948,0.02143941426113004,0.014560645204081624,0.0115093773698276,True,931,58503.07845511354,0.23635536209797686,0.1993314624022318,0.017435582963227853
IWM,2022,2022-07-14,2022-07-15,0.005217008068668427,0.017666563059834214,0.008368091985253831,0.01736561274444459,0.02242159492712106,0.0262001029528559,0.7879262433050567,0.0235514090185549,0.013171081210176627,0.009035811544963579,True,472,52208.37031482473,0.4872182546818698,0.46180929157685036,0.012731539348388212
QQQ,2022,2022-07-14,2022-07-15,0.013004075480943955,0.027421499110968858,0.010109620056049585,0.018907779076048337,0.024572157626237653,0.027675127749422202,1.1159581314783988,0.013460892093247929,0.007765850670216512,0.0073861320875052705,True,705,51053.89092452408,0.13790867256587483,0.11389441811620143,0.016714493403583518
SPY,2022,2022-07-14,2022-07-15,0.0115093773698276,0.02143941426113004,0.004397526075934057,0.014746677982606727,0.019021904444372274,0.0213971445181333,1.127090840132624,0.01231209411938895,0.007057933062835309,0.006744261330992485,True,886,69550.949356303,0.11293971330190371,0.09638801414207925,0.014307177510115154
IWM,2022,2022-07-15,2022-07-18,0.009035811544963579,0.0235514090185549,0.015142664240615427,0.01768796069763278,0.02242159492712106,0.02579737716049472,1.0503895505697154,0.024153460912477828,0.017842655862954304,0.014446403864316726,True,425,12486.12561761512,0.07718237058285557,0.040052507362492315,0.02230414713695407
QQQ,2022,2022-07-15,2022-07-18,0.0073861320875052705,0.013460892093247929,0.014750525602473948,0.018530455788195843,0.02275017725594579,0.02662237625991522,0.5916829544582958,0.027008657105417253,0.02262313926964099,0.018051056264195786,True,669,18431.828756946823,0.1225715051447831,0.09423067133425699,0.019670827616575345
SPY,2022,2022-07-15,2022-07-18,0.006744261330992485,0.01231209411938895,0.012161697872684559,0.015019631194618955,0.018602003319663676,0.02079286094544404,0.6618692571877012,0.021705526983359678,0.02028056834559311,0.016555931291368564,True,881,30409.07901487431,0.18793254805961138,0.1395053981299386,0.018485561841723747
IWM,2022,2022-07-18,2022-07-19,0.014446403864316726,0.024153460912477828,0.011802150032754605,0.013895466672660851,0.02242159492712106,0.024377598014407902,1.077240980893019,0.024205984134701358,0.023690983631750706,0.02254650896369803,False,490,15635.469098309755,0.14669355400501632,0.09194939223401945,0.021761751795367736
QQQ,2022,2022-07-18,2022-07-19,0.018051056264195786,0.027008657105417253,0.011303138255027491,0.015904230637505595,0.02275017725594579,0.025595615552889507,1.1871844690070934,0.024325356484394815,0.018730241296175176,0.017706672241756705,False,724,20745.544798450454,0.14851773899751916,0.0906316035483004,0.02030879970878383
SPY,2022,2022-07-18,2022-07-19,0.016555931291368564,0.021705526983359678,0.011602884691964665,0.012945838829774813,0.019021904444372274,0.019893621423791086,1.1410806445188177,0.01937417304419097,0.017587051339297943,0.016032953420774154,False,959,35807.24068898147,0.09719386015262581,0.07290341231397086,0.018585000339310556
IWM,2022,2022-07-19,2022-07-20,0.02254650896369803,0.024205984134701358,0.01895918629639118,0.01567351114852484,0.02242159492712106,0.02503438110224298,1.079583509263291,0.019087622606274716,0.01768823828754451,0.01589707077362279,False,490,14034.137071439814,0.12212608088300068,0.10736615474107376,0.02119746355584736
QQQ,2022,2022-07-19,2022-07-20,0.017706672241756705,0.024325356484394815,0.015903047557574317,0.016955739428155595,0.022641577565274695,0.025954413414293564,1.0743666784819148,0.0211227440382029,0.01844467929370186,0.014394227679941807,False,715,23130.075965217973,0.10735676171431002,0.06890205369656648,0.01839550721777521
SPY,2022,2022-07-19,2022-07-20,0.016032953420774154,0.01937417304419097,0.015925153921212146,0.014035928720838442,0.019021904444372274,0.020339900259433046,1.0185191025876967,0.013325887252684722,0.009656810796070392,0.005860289412732422,False,935,38873.83524944207,0.18107750133853404,0.15248573081787856,0.017090773750668167
IWM,2022,2022-07-20,2022-07-21,0.01589707077362279,0.019087622606274716,0.018364829456210447,0.015576513991455713,0.02242159492712106,0.0245053152950304,0.8513053004622082,0.020227176271614397,0.011360504773772817,0.010917158514933023,False,486,21600.844384517804,0.09135154718026661,0.06870896313934945,0.022845108311593705
QQQ,2022,2022-07-20,2022-07-21,0.014394227679941807,0.0211227440382029,0.014950047020765153,0.016596126750554805,0.02272405026129886,0.025417546621730125,0.9295325347073743,0.021943998886686574,0.012981886133134335,0.012784200602347529,False,731,28170.92813361843,0.06160175096526332,0.03825571619339902,0.01947879999111345
SPY,2022,2022-07-20,2022-07-21,0.005860289412732422,0.013325887252684722,0.01466358755118461,0.013113128241108734,0.019021904444372274,0.01954832440372594,0.700554841480515,0.018292042287626004,0.011873332231326916,0.011746511162460616,False,945,46659.677181249215,0.14926888054034335,0.08764043396293876,0.01913396008175634
IWM,2022,2022-07-21,2022-07-22,0.010917158514933023,0.020227176271614397,0.014671700285467802,0.015516873021385639,0.021748435135515824,0.024354104688493593,0.9300520311267284,0.028433928310392865,0.027127221276433522,0.018427440321515887,False,460,26259.228251530363,0.16289166115449305,0.1316859788958378,0.01934400889888469
QQQ,2022,2022-07-21,2022-07-22,0.012784200602347529,0.021943998886686574,0.014193904020868165,0.01670388672964212,0.021533371462444738,0.025223224094040257,1.0190693512605766,0.02751033801283485,0.021024915571286495,0.014489451253239416,False,735,32543.49822636721,0.1051297591515917,0.0809078843929652,0.018253573375453698
SPY,2022,2022-07-21,2022-07-22,0.011746511162460616,0.018292042287626004,0.013371091687893421,0.013172762002712751,0.018490493373452828,0.019323058033480646,0.9892673990997047,0.01862526929130172,0.015709773208744338,0.009600965007832474,False,1006,55307.72000400391,0.25562685659236667,0.18010702435289758,0.017084075694257305
IWM,2022,2022-07-22,2022-07-25,0.018427440321515887,0.028433928310392865,0.019371724372523925,0.01603700435797774,0.022290057279692903,0.024682975588623843,1.275632805856325,0.013829522082531022,0.009079249243260534,0.0021660615553353857,False,443,24067.114241743933,0.2617237789342107,0.12760362888729776,0.019961277588414796
QQQ,2022,2022-07-22,2022-07-25,0.014489451253239416,0.02751033801283485,0.01960758739752906,0.017226851736280486,0.023134677685540693,0.025630723834475243,1.1891385904212952,0.014171243410988693,0.01274222982165596,0.005794318467844173,False,701,34029.362776864684,0.07613645402054436,0.0569695223033107,0.01903921187767937
SPY,2022,2022-07-22,2022-07-25,0.009600965007832474,0.01862526929130172,0.014941462670042545,0.013362325341696808,0.018657106875290687,0.019461338449939452,0.9982935412118407,0.008237548365445357,0.006459674474502908,0.00045481408915037935,False,901,46923.652151452785,0.17333790826226184,0.10517888359665105,0.018373217966522207
IWM,2022,2022-07-25,2022-07-26,0.0021660615553353857,0.013829522082531022,0.018624768320319514,0.014636388835613693,0.021124752672792006,0.02382497902382378,0.6546595975224362,0.009289205913192445,0.00694525338744012,0.002503042336731931,False,471,25010.47674936506,0.22995456908437745,0.10259769415751878,0.021595447493968294
QQQ,2022,2022-07-25,2022-07-26,0.005794318467844173,0.014171243410988693,0.01909462014442005,0.015664572909916612,0.021533371462444738,0.024550695302634283,0.6581061138384224,0.01758617231590626,0.016999353032352893,0.013934960235553628,False,729,32747.680212653777,0.20397607312941343,0.08558938610537138,0.0202777182299054
SPY,2022,2022-07-25,2022-07-26,0.00045481408915037935,0.008237548365445357,0.013319948585581365,0.01141647988187736,0.01845865578946386,0.01828288676783684,0.4462702192077997,0.010435672836123998,0.009975596894696626,0.007490304989039798,False,971,49192.23904508191,0.15037862283678063,0.07827504686632196,0.020138821298484978
IWM,2022,2022-07-26,2022-07-27,0.002503042336731931,0.009289205913192445,0.01212388514201281,0.014727623628619978,0.021124752672792006,0.02354902421974934,0.4397308719811257,0.023548316160290676,0.020888765302013335,0.016234530163628635,False,486,29052.260010481066,0.23881568679854503,0.11309183914976569,0.020393374466361174
QQQ,2022,2022-07-26,2022-07-27,0.013934960235553628,0.01758617231590626,0.016966215517457882,0.016243642581171603,0.021533371462444738,0.024773556762549623,0.8166938626669499,0.03370792135437465,0.03176832439988675,0.025983108586303594,False,748,37997.8035042946,0.13728251803278543,0.08341478470885187,0.022058560494289614
SPY,2022,2022-07-26,2022-07-27,0.007490304989039798,0.010435672836123998,0.009612731054397633,0.011722102204764785,0.01845865578946386,0.018490794595170425,0.5653538889912366,0.022390753164198442,0.021604675544489194,0.016938897052154678,False,965,63670.38093373065,0.2003372363732929,0.13411557151336426,0.01839661367791349
IWM,2022,2022-07-27,2022-07-28,0.016234530163628635,0.023548316160290676,0.014483154804201322,0.01470306122755458,0.021124752672792006,0.023270634912861365,1.1147262420080373,0.023763046380027943,0.014084577986089863,0.008734729207831027,False,474,24462.971305348532,0.06330401418008419,0.03793754842629686,0.023715756764254806
QQQ,2022,2022-07-27,2022-07-28,0.025983108586303594,0.03370792135437465,0.02588548514195651,0.017076662048339984,0.021533371462444738,0.025077472616981955,1.5653805728082537,0.024951870536745666,0.012683720356368777,0.010502629763413429,False,736,33023.89436065279,0.07968554391886615,0.048117956692608,0.018620911629807797
SPY,2022,2022-07-27,2022-07-28,0.016938897052154678,0.022390753164198442,0.015432385380600901,0.011979004093014077,0.01845865578946386,0.01839936604373301,1.2130218700420758,0.021523286424648184,0.01221720611502719,0.010400837352074532,False,1017,46235.92648943147,0.17612598076262218,0.08322533830206857,0.018813847973266823
IWM,2022,2022-07-28,2022-07-29,0.008734729207831027,0.023763046380027943,0.015402743276677707,0.01453172547905428,0.021797912464397246,0.023383147993854915,1.090152390456672,0.01445926971879094,0.009084081393224919,0.006504013962235433,False,500,22210.556666511373,0.037263420904173235,0.017952612782825256,0.020533012996157184
QQQ,2022,2022-07-28,2022-07-29,0.010502629763413429,0.024951870536745666,0.025449619225991267,0.01710496007797626,0.023134677685540693,0.02553063273764099,1.078548440393476,0.020745758273429803,0.016057033831496037,0.013070351055526563,False,741,34468.00119264294,0.16430175849262266,0.08005136919423163,0.020409464660269033
SPY,2022,2022-07-28,2022-07-29,0.010400837352074532,0.021523286424648184,0.015730504491277914,0.012145105054465883,0.018657106875290687,0.018972100588454936,1.1536240087231018,0.015358972402623293,0.013371638418425924,0.010819971066777345,False,997,51116.976749122565,0.18088324197510242,0.12413146294141417,0.018595685888454005
IWM,2022,2022-07-29,2022-08-01,0.006504013962235433,0.01445926971879094,0.010702816836463727,0.014253825546335353,0.020429892064555373,0.02277371273707015,0.7077506661856965,0.022067959802341226,0.013617601213804287,0.0074815621932216025,False,451,17207.53203400753,0.07958581971117178,0.04006177643046874,0.02367495671537541
QQQ,2022,2022-07-29,2022-08-01,0.013070351055526563,0.020745758273429803,0.023605398417949435,0.016878986168212203,0.021533371462444738,0.02515494385155271,0.9634236008797521,0.02002231436793682,0.016451470628156217,0.005164977359196632,False,698,25882.628431288103,0.18764883040199784,0.11384054937888342,0.023504074890917413
SPY,2022,2022-07-29,2022-08-01,0.010819971066777345,0.015358972402623293,0.014359558453145833,0.012077199031510173,0.01845865578946386,0.01876425708255116,0.8320742624926212,0.012244922009928078,0.010411853425819073,0.003959416207635069,False,939,35337.5674315382,0.19602005655361265,0.09667443024167553,0.01891169632934402
IWM,2022,2022-08-01,2022-08-02,0.0074815621932216025,0.022067959802341226,0.01140202556422138,0.014205463017246522,0.020429892064555373,0.022634451962307213,1.0801799506629701,0.01898433271704639,0.013675138279962029,0.002842273694574571,False,487,20837.480101398407,0.09287053086552961,0.057501761073978586,0.023236455889116422
QQQ,2022,2022-08-01,2022-08-02,0.005164977359196632,0.02002231436793682,0.022913195152769954,0.01694365399584649,0.021533371462444738,0.025169153823264928,0.9298271941696042,0.02144315213839056,0.01799173630207762,0.004505857995742657,False,748,28851.382165159866,0.15053571755353837,0.08604026777795208,0.023430492684626495
SPY,2022,2022-08-01,2022-08-02,0.003959416207635069,0.012244922009928078,0.014996164133744057,0.012097063607797751,0.017662844006512742,0.018325228485790344,0.6932587982667492,0.015105574769111604,0.009483782091122439,0.0025909209308876413,False,989,42939.186067001676,0.1920518084552661,0.10641150117826588,0.017913844564114417
IWM,2022,2022-08-02,2022-08-03,0.002842273694574571,0.01898433271704639,0.010009647601467579,0.01422644650799522,0.0197830338589198,0.021780290392733364,0.9596269638130711,0.01332976349525612,0.00982469896305882,0.007700461629008171,False,494,23735.97457921652,0.07232238883784232,0.05861596572235119,0.02150337028492242
QQQ,2022,2022-08-02,2022-08-03,0.004505857995742657,0.02144315213839056,0.018260623729967916,0.016826627077101274,0.02128294808829673,0.024402605801869905,1.0075273429897582,0.024489862524605735,0.02430002686280819,0.021642231038304427,False,757,35263.89078882738,0.16120458030600185,0.1068031403193362,0.02092712946737654
SPY,2022,2022-08-02,2022-08-03,0.0025909209308876413,0.015105574769111604,0.013392571829862985,0.012314722825772485,0.016721252547916073,0.01788662021727906,0.9033757923232955,0.013843511686008846,0.01311236910279212,0.010114610132907265,False,1013,62847.06288090959,0.2083261863231397,0.14562645504257216,0.017221980018933238
IWM,2022,2022-08-03,2022-08-04,0.007700461629008171,0.01332976349525612,0.0074573705206032554,0.01414884100210486,0.019213257026249958,0.021476898381421382,0.6937794813781151,0.008428101957391455,0.00742938801924331,0.0025810695523975635,False,491,17545.682564087194,0.23476039699606874,0.07722307689054587,0.019605376324522496
QQQ,2022,2022-08-03,2022-08-04,0.021642231038304427,0.024489862524605735,0.012700753425972815,0.017566019560289758,0.021693575512538567,0.024963922734802475,1.1288993144745068,0.012230275852561272,0.006858535032519875,0.004427633124985064,False,751,22899.311788322528,0.12026890079299322,0.049150378500159374,0.019831878136718616
SPY,2022,2022-08-03,2022-08-04,0.010114610132907265,0.013843511686008846,0.010566738875882008,0.012617016153414611,0.016196309064011385,0.017999540694557843,0.8547324968482779,0.006395235967157645,0.004679450742791191,0.00048261624106393786,False,986,53027.22139506531,0.19912136774831904,0.0972923119320023,0.017046710080612797
IWM,2022,2022-08-04,2022-08-05,0.0025810695523975635,0.008428101957391455,0.007154404441898824,0.013533856393169489,0.019213257026249958,0.020607336749316203,0.4386607614667637,0.020536651615973064,0.01893637930678027,0.017762851706254468,False,491,25775.62230794924,0.22943010313295584,0.11179931239240343,0.021189611694801047
QQQ,2022,2022-08-04,2022-08-05,0.004427633124985064,0.012230275852561272,0.01295875478475975,0.017175066211980297,0.021693575512538567,0.024380985396860445,0.5637740927258558,0.017043052358216456,0.014536746437448844,0.008020293677787338,False,758,28730.003139774304,0.23226803363380083,0.13370772173679693,0.01903921250962836
SPY,2022,2022-08-04,2022-08-05,0.00048261624106393786,0.006395235967157645,0.010373970409533622,0.012383308705998042,0.01523227358586745,0.01746079502034246,0.4198477614721393,0.011106741571778177,0.010960284612208326,0.009300389407153942,False,977,67465.11233514824,0.258062803090512,0.15924217897299087,0.014970323073840292
IWM,2022,2022-08-05,2022-08-08,0.017762851706254468,0.020536651615973064,0.007225266118292342,0.013525318526498844,0.0197830338589198,0.020672999987815403,1.0380941448327692,0.014259721989063223,0.012906640984147844,0.003486929216845791,False,450,17794.53045578165,0.24109238624491414,0.06731595615668093,0.021928404471381262
QQQ,2022,2022-08-05,2022-08-08,0.008020293677787338,0.017043052358216456,0.013767835346621514,0.017408119685918537,0.021693575512538567,0.02435300496113581,0.7856267100075699,0.022498403144495516,0.011714025072664835,0.0061359539227983095,False,699,26677.647269344692,0.11908637490731643,0.07344466511070531,0.01881450621550943
SPY,2022,2022-08-05,2022-08-08,0.009300389407153942,0.011106741571778177,0.00863186743114298,0.012399699367149311,0.01523227358586745,0.01737238099643811,0.7291584876786251,0.013943428163568633,0.008304430321355971,0.005442528032811533,False,909,52635.335306341636,0.23656264712067138,0.13575321398146736,0.01653247328943859
IWM,2022,2022-08-08,2022-08-09,0.003486929216845791,0.014259721989063223,0.007310645728421252,0.01230275382926054,0.019657399438944557,0.020540502486074596,0.7254124348113087,0.015673789898290363,0.015225151026999839,0.009633362369317222,False,474,17443.363931203356,0.08892330379275194,0.046584945657818615,0.02287923965192824
QQQ,2022,2022-08-08,2022-08-09,0.0061359539227983095,0.022498403144495516,0.014036735995778869,0.016439100423578705,0.022221201015591045,0.02426062733299456,1.0124746690653659,0.01132473405897589,0.010620681768200413,0.005301635974689467,False,776,30237.732179737508,0.18781028280988782,0.10943861242235674,0.021585887234788558
SPY,2022,2022-08-08,2022-08-09,0.005442528032811533,0.013943428163568633,0.008474629294176231,0.011968857009932466,0.01523227358586745,0.01740746340508396,0.9153871931833859,0.006137496414062428,0.0048754326801436765,0.0021105116554538395,False,950,53982.15705124264,0.24239118139677868,0.12415216092904778,0.01709796302669282
IWM,2022,2022-08-09,2022-08-10,0.009633362369317222,0.015673789898290363,0.011382944317928642,0.012902401154779008,0.019657399438944557,0.020675904524208946,0.7973480900651586,0.014667129402849673,0.011981573139110191,0.010277282364266727,False,504,28108.69141179919,0.29596359874136297,0.18065801573745754,0.016540137135577296
QQQ,2022,2022-08-09,2022-08-10,0.005301635974689467,0.01132473405897589,0.015426337313699433,0.016521423693343015,0.021693575512538567,0.02375854829182828,0.5220316979296641,0.012847017698578388,0.007855675335266099,0.004128273677589611,False,781,36421.11368010925,0.09211860247209144,0.0655352416263741,0.01940552465199926
SPY,2022,2022-08-09,2022-08-10,0.0021105116554538395,0.006137496414062428,0.007942394234633181,0.011747700692910042,0.014524501466340118,0.016809784670935156,0.42256158865664345,0.00816661119848938,0.004943361375886468,0.0028893248450383435,False,983,66959.97339556445,0.19718686185458562,0.12047845844555227,0.016361196563252585
IWM,2022,2022-08-10,2022-08-11,0.010277282364266727,0.014667129402849673,0.01568076286251602,0.013810252029015658,0.019035977661660555,0.021172505935016493,0.7704951993293221,0.017678074792491057,0.010687876759809756,0.005419876787325362,False,502,21518.61225740498,0.17032323377654074,0.05536906115024397,0.020724689207534983
QQQ,2022,2022-08-10,2022-08-11,0.004128273677589611,0.012847017698578388,0.015705956618695047,0.01716926094745465,0.02128294808829673,0.023798736817796158,0.6036296120856879,0.021321312333020575,0.015308054277802796,0.012884197915944307,False,797,30836.23499644249,0.19578712909677853,0.07089811355067967,0.01896844344739066
SPY,2022,2022-08-10,2022-08-11,0.0028893248450383435,0.00816661119848938,0.010309128947063541,0.01212884233402193,0.01389346992478874,0.01692503637623424,0.5878021288201377,0.013570110131383087,0.009016957745154208,0.0070923664135355,False,965,54342.809920483414,0.24931902382385632,0.11417731761699312,0.016801743999827746
IWM,2022,2022-08-11,2022-08-12,0.005419876787325362,0.017678074792491057,0.015113594885314673,0.013245499684419577,0.019035977661660555,0.020916931149169475,0.9286665022777167,0.019508440464436238,0.01560672144418418,0.015252061888749724,False,505,24833.93349642514,0.09238040875556115,0.06510713936766407,0.018953619792929536
QQQ,2022,2022-08-11,2022-08-12,0.012884197915944307,0.021321312333020575,0.015941169064984512,0.01738272955317132,0.021222028185611738,0.023514279698007116,1.0046783533854766,0.01683116793687582,0.013520153783597832,0.012907051527347946,False,817,40982.167159917924,0.2037647764651561,0.10426008507428192,0.017012928385201354
SPY,2022,2022-08-11,2022-08-12,0.0070923664135355,0.013570110131383087,0.01025810604335758,0.012059993919260256,0.013706810908695966,0.016551188728606725,0.9900267992151148,0.014643491442922554,0.012273991637476334,0.012013381368347176,False,968,71362.82484915222,0.3219616015787202,0.20187281262756984,0.014970371736682675
IWM,2022,2022-08-12,2022-08-15,0.015252061888749724,0.019508440464436238,0.016211061188005457,0.013224739722458833,0.019035977661660555,0.02076456749236869,1.0248194661274082,0.014788744448061285,0.011871230252129994,0.011418532382365898,False,452,16510.962895828074,0.2623114228475557,0.22502440325901288,0.017916063688865218
QQQ,2022,2022-08-12,2022-08-15,0.012907051527347946,0.01683116793687582,0.01718597065234035,0.017432955202399597,0.021222028185611738,0.0235925113281703,0.7930989342614829,0.01265865235188317,0.012597880296652875,0.01104967513352939,False,730,25557.405625268795,0.20462569295490973,0.18000539571150126,0.01844369104310062
SPY,2022,2022-08-12,2022-08-15,0.012013381368347176,0.014643491442922554,0.011507532013697055,0.01193867866998268,0.01389346992478874,0.016439602970220946,1.0539837435999788,0.011064840569233278,0.010923593399834397,0.009628731887080244,False,886,42814.65403475993,0.22040242504889251,0.1799726911962835,0.016625785554479258
IWM,2022,2022-08-15,2022-08-16,0.011418532382365898,0.014788744448061285,0.016444087220369226,0.013040101004639511,0.018331203754768724,0.020276341006744296,0.8067524995031549,0.014763125754948566,0.007431448843711053,0.002443917671641316,True,469,20590.723063168745,0.07253738576952737,0.06212549261706186,0.01836632667020769
QQQ,2022,2022-08-15,2022-08-16,0.01104967513352939,0.01265865235188317,0.01649093329845523,0.017081543915195473,0.020934251155816354,0.022859966352245478,0.6046861794894488,0.015840540276751774,0.008810286378114318,0.0006625345489388312,True,770,24928.24608536073,0.08110907867734862,0.06485314061033487,0.018424803486047085
SPY,2022,2022-08-15,2022-08-16,0.009628731887080244,0.011064840569233278,0.010844915165147235,0.011514811738778096,0.013706810908695966,0.015895392141407123,0.8072512740518984,0.011338942741781684,0.009351693585344156,0.004605711944692281,True,932,44211.381879386754,0.219220885465453,0.17397498873330025,0.016630018692088508
IWM,2022,2022-08-16,2022-08-17,0.002443917671641316,0.014763125754948566,0.012599535140235313,0.01141319523495684,0.01667593234539071,0.019190274629424225,0.8852953735464841,0.01484499260326519,0.011915654749509619,0.005585751829373042,True,487,25207.663508095688,0.31884664659011736,0.2809222587040831,0.016302866369625503
QQQ,2022,2022-08-16,2022-08-17,0.0006625345489388312,0.015840540276751774,0.014238439255157677,0.01626185350173993,0.02038403632068331,0.022060117684544255,0.777105183073024,0.015407078163837297,0.008303781389550347,0.00176259481853136,True,783,35359.2336169551,0.12653382481368367,0.10933831500207875,0.015983463623525478
SPY,2022,2022-08-16,2022-08-17,0.004605711944692281,0.011338942741781684,0.009502049395352782,0.01040217687703372,0.013447998692033905,0.015031341270535584,0.8431695303851013,0.011645632674580415,0.008429002153090392,0.0017374333263184827,True,912,57937.846958463706,0.2990039279119859,0.25598231938656496,0.013606218547114772
IWM,2022,2022-08-17,2022-08-18,0.005585751829373042,0.01484499260326519,0.013271695633751746,0.012240204224998231,0.015259391250777778,0.019382930529791526,0.9728430419862611,0.011875914925852837,0.00692336306540331,0.005255676472964987,True,492,43694.42400664082,0.1700248801652772,0.13974320003953494,0.018545287997714027
QQQ,2022,2022-08-17,2022-08-18,0.00176259481853136,0.015407078163837297,0.01223723759243499,0.016491934428653963,0.018804243341921538,0.021893274975871117,0.8193405011670575,0.011265319881713259,0.0062415898725201036,0.0025575335880119177,True,756,49368.70187163254,0.2595493312438693,0.16942405768708485,0.01634639329385391
SPY,2022,2022-08-17,2022-08-18,0.0017374333263184827,0.011645632674580415,0.008763017228724043,0.010714030408746182,0.012907516070655583,0.01496512648101137,0.9022365427114223,0.007285727072780344,0.004099704961941342,0.0024130378396247654,True,930,77282.26774573793,0.20603886739783958,0.14490823416962534,0.015939400409772295
IWM,2022,2022-08-18,2022-08-19,0.005255676472964987,0.011875914925852837,0.013423326509622678,0.012249936044262633,0.014816868525663239,0.018971974275477026,0.8015131473484707,0.01544476582763096,0.014221643750572,0.011075587635473783,True,501,48646.20412648218,0.1271348146868212,0.09840750483760927,0.017688539933979064
QQQ,2022,2022-08-18,2022-08-19,0.0025575335880119177,0.011265319881713259,0.011545915275478357,0.016319067195328895,0.017314612337061358,0.021357553547671368,0.6506250132785366,0.014593646165083839,0.01269879230621207,0.010148167948937581,True,773,59535.105938679175,0.2732359703878668,0.19624526456206545,0.014820811488922763
SPY,2022,2022-08-18,2022-08-19,0.0024130378396247654,0.007285727072780344,0.008593932089475731,0.010614117491073298,0.011945277342254246,0.014416403229692756,0.6099253172639542,0.00950634957052567,0.00892647489370968,0.006682658629753702,True,937,85721.87545166249,0.333434534912529,0.23612625784897937,0.014093503796310589
IWM,2022,2022-08-19,2022-08-22,0.011075587635473783,0.01544476582763096,0.01262650548809763,0.012782761357036966,0.014816868525663239,0.018765773540538,1.0423771933239594,0.012188194852481554,0.010420562304983783,0.007031647819624065,True,472,37934.41187873648,0.2242435705303133,0.08452342626903639,0.01890609348589276
QQQ,2022,2022-08-19,2022-08-22,0.010148167948937581,0.014593646165083839,0.010991125506869889,0.0164579207796801,0.01693711014754614,0.021079584243299573,0.8616373181701352,0.016357900957859106,0.01585175657848814,0.012998476133241788,True,753,35452.44202372346,0.08631691468016375,0.04950747257368478,0.019261026858993623
SPY,2022,2022-08-19,2022-08-22,0.006682658629753702,0.00950634957052567,0.007641107721317343,0.01091583856427154,0.011492287708181049,0.014264243639243676,0.827193837460087,0.011581386479362419,0.011275446084636931,0.008871794263880628,True,908,58795.32077093546,0.13986825698788471,0.08010984240407032,0.01647610061210636
IWM,2022,2022-08-22,2022-08-23,0.007031647819624065,0.012188194852481554,0.012822272050399552,0.013920986585233368,0.014816868525663239,0.01926410005992595,0.8225891207289349,0.013302572816883984,0.010422070854354759,5.23437033002061e-05,False,497,40039.22794204896,0.24105641235467,0.11646724562063686,0.021008310748765573
QQQ,2022,2022-08-22,2022-08-23,0.012998476133241788,0.016357900957859106,0.011842775198364979,0.017665237932154604,0.01693711014754614,0.021815848390079346,0.965802360341209,0.011683476011659867,0.009168486335096482,6.363496110595168e-05,False,780,35471.910753515454,0.1094637032822303,0.04201307630638766,0.02529265716075173
SPY,2022,2022-08-22,2022-08-23,0.008871794263880628,0.011581386479362419,0.010130021037649485,0.012183750901334152,0.011613509576971416,0.015005326301542277,0.9972339887958852,0.008839972070761462,0.00610322007387043,0.0013320121121305206,False,977,58609.791353429566,0.16662275094238288,0.08917435183648517,0.019901203824740418
IWM,2022,2022-08-23,2022-08-24,5.23437033002061e-05,0.013302572816883984,0.013247037195429289,0.013764185626600539,0.014816868525663239,0.019403782058815027,0.8977992072915778,0.01645788301349378,0.013155877425188978,0.008491065742357806,False,492,47110.243298695495,0.24728858989787825,0.13482237201548664,0.020082483681794012
QQQ,2022,2022-08-23,2022-08-24,6.363496110595168e-05,0.011683476011659867,0.012148939579569432,0.0169116819542246,0.016594534447367464,0.021278921354727077,0.7040556665639583,0.012372070610133614,0.010395108312544643,0.0044642214197774255,False,755,38281.96579868944,0.16246945696709875,0.08735775950417331,0.020767109075635132
SPY,2022,2022-08-23,2022-08-24,0.0013320121121305206,0.008839972070761462,0.009283652488626365,0.011785661791049248,0.011613509576971416,0.014736477015572472,0.7611800732734885,0.009026645398925653,0.007279610071667442,0.00378546536512836,False,960,72778.08765612736,0.1373424470818912,0.08759073287955006,0.018219349452548644
IWM,2022,2022-08-24,2022-08-25,0.008491065742357806,0.01645788301349378,0.014605763958632677,0.013031810028047172,0.014816868525663239,0.018854214492784405,1.1107531247232338,0.01277278497433039,0.0107042714508363,0.010445697397184261,False,512,41897.85210601593,0.07752266590967076,0.050708595766275455,0.021200829143332697
QQQ,2022,2022-08-24,2022-08-25,0.0044642214197774255,0.012372070610133614,0.013658054527542651,0.014226564176931128,0.01609922061730544,0.019489722558691053,0.7684887923602076,0.01527632024434869,0.011899187864246263,0.011836000880379727,False,778,42196.97579940385,0.16183997161530175,0.08258709836508506,0.02330898582773264
SPY,2022,2022-08-24,2022-08-25,0.00378546536512836,0.009026645398925653,0.010627474591648242,0.010447973657332849,0.011460164610572051,0.01365386832879941,0.7876540787728767,0.013173107960087558,0.010403639884926319,0.010283256987940526,False,1003,68081.26852409373,0.18073471258199036,0.10656459533887085,0.018889581961177015
IWM,2022,2022-08-25,2022-08-26,0.010445697397184261,0.01277278497433039,0.01679455882478521,0.013119594655830675,0.014775935101504926,0.018450145030411192,0.8644315832863588,0.03470870741478426,0.035407572066759485,0.032558619481851125,False,510,43450.84819879379,0.25459519450285856,0.12522997606485012,0.018960033558858166
QQQ,2022,2022-08-25,2022-08-26,0.011836000880379727,0.01527632024434869,0.017741436459113375,0.014576563450125118,0.015623809220294535,0.019130296442562787,0.9777590105558589,0.04421132670188048,0.042069277432928986,0.04008991003755624,False,812,50209.736530879934,0.14600479588055026,0.08269263020193214,0.020440258949518626
SPY,2022,2022-08-25,2022-08-26,0.010283256987940526,0.013173107960087558,0.013734915481007389,0.010540300991501966,0.011460164610572051,0.013287341260814678,1.1494693495009058,0.03507472982495562,0.034892078096082635,0.033572609261206754,False,981,77152.29920951065,0.19419934423428847,0.1164137740619822,0.01724098841284739
IWM,2022,2022-08-26,2022-08-29,0.032558619481851125,0.03470870741478426,0.020263140595084383,0.015260703146062137,0.014816868525663239,0.01946165632745409,2.3425130185010272,0.013212095539038463,0.01091205444355614,0.001551262635228312,False,454,34867.17667245425,0.039998340312341,0.011581112746200896,0.023942077017529307
QQQ,2022,2022-08-26,2022-08-29,0.04008991003755624,0.04421132670188048,0.023677124416207843,0.016895321443218328,0.015623809220294535,0.020276850248997957,2.8297405631689494,0.012934155684332305,0.008535244387077645,0.0006893554541530511,False,673,27979.71424035079,0.061335113440966496,0.03513073056831,0.021844065522930167
SPY,2022,2022-08-26,2022-08-29,0.033572609261206754,0.03507472982495562,0.019224821435786334,0.012752165025667273,0.011460164610572051,0.014183582087895113,3.06057818686121,0.011536509174621698,0.009050184038745579,0.0010691015980375251,False,896,59214.8649924402,0.11561210723682117,0.07031859928793778,0.02045251757166783
IWM,2022,2022-08-29,2022-08-30,0.001551262635228312,0.013212095539038463,0.01875723864703317,0.015416519192491452,0.014775935101504926,0.01902037028577048,0.8941630731508027,0.023799387958637,0.023319244822100016,0.017037653509976325,False,490,40584.851172617935,0.05276714950116865,0.01860681998133844,0.02372017300302456
QQQ,2022,2022-08-29,2022-08-30,0.0006893554541530511,0.012934155684332305,0.021826307079011995,0.017005852337378464,0.015341699204092993,0.019958033942689073,0.8430719121961157,0.027082680103307135,0.02566681275782834,0.0165959391981384,False,698,31125.96769945175,0.13478804400513464,0.06509526140619261,0.022268109850433437
SPY,2022,2022-08-29,2022-08-30,0.0010691015980375251,0.011536509174621698,0.017847987845782023,0.012811639564328464,0.011437725958201691,0.014147955839274709,1.008636613325149,0.020056966648749824,0.01982324773615063,0.013965617341087366,False,942,60453.571956984655,0.09483650288892748,0.053195519500416066,0.01980264520918709
IWM,2022,2022-08-30,2022-08-31,0.017037653509976325,0.023799387958637,0.018999491214374314,0.01573709220576432,0.014775935101504926,0.019268409611428387,1.6106857396939323,0.013788271969801228,0.009552923067184027,0.0077863221714971065,False,465,41521.40324170386,0.2756971892365976,0.13769735344478812,0.01839422659422992
QQQ,2022,2022-08-30,2022-08-31,0.0165959391981384,0.027082680103307135,0.021676108555258665,0.017137637138613163,0.015341699204092993,0.020255519831878267,1.7652985984813065,0.018915096498956344,0.016145161495989768,0.015526831054746282,False,710,38738.459657290616,0.2327112138588588,0.10718108277228715,0.01933533274224693
SPY,2022,2022-08-30,2022-08-31,0.013965617341087366,0.020056966648749824,0.017935328173189845,0.012950465547084811,0.011437725958201691,0.014401597971717745,1.753579926818189,0.015502667474303134,0.01237845287840833,0.011877078706249433,False,946,71000.34484551931,0.24293512652855606,0.14374833389424457,0.018380142423757122
IWM,2022,2022-08-31,2022-09-01,0.0077863221714971065,0.013788271969801228,0.01735197837822267,0.015360121769024413,0.014775935101504926,0.019116773833648484,0.9331573179687893,0.016448484504581248,0.016098406825429734,0.001540316762994487,False,470,45545.79632435035,0.08021304854835816,0.03742792668833222,0.021670056914362662
QQQ,2022,2022-08-31,2022-09-01,0.015526831054746282,0.018915096498956344,0.020888931298078083,0.01570162976506141,0.015341699204092993,0.019715358108144954,1.232920568140849,0.02301828843410329,0.012869052249800061,0.009032059398610848,False,684,38323.94418621899,0.25387478590038376,0.09317639085099827,0.018977343996203412
SPY,2022,2022-08-31,2022-09-01,0.011877078706249433,0.015502667474303134,0.017054633492674023,0.0123950119909372,0.011437725958201691,0.014246393774034105,1.3553977015148349,0.017154903365019396,0.009900949339066711,0.008984699655590678,False,903,66967.15785744127,0.15363368705019775,0.06332025132678296,0.018925668772363364
IWM,2022,2022-09-01,2022-09-02,0.001540316762994487,0.016448484504581248,0.0105976006846592,0.015501738506481481,0.014816868525663239,0.019948576525609822,1.1101188133033646,0.026198242912267782,0.024896766378603052,0.019117699612961947,False,457,49981.91711408497,0.124190579271596,0.048045787566688945,0.020647350110824986
QQQ,2022,2022-09-01,2022-09-02,0.009032059398610848,0.02301828843410329,0.0160289788797322,0.015611294329042914,0.015623809220294535,0.020244800663724798,1.4732827385144784,0.033836115334522986,0.030049085767061445,0.023714966583988417,False,696,45839.88297482927,0.25864412400303477,0.093029584336115,0.018205120056207925
SPY,2022,2022-09-01,2022-09-02,0.008984699655590678,0.017154903365019396,0.013716267686778888,0.012450591736983072,0.011558947826992058,0.014779468441902583,1.4841232629288155,0.028055388779293058,0.025491283143292742,0.020085961250726703,False,938,83737.94281766287,0.18098837460481174,0.09435079080764602,0.018473504925984086
IWM,2022,2022-09-02,2022-09-06,0.019117699612961947,0.026198242912267782,0.0030404579766519645,0.015379184289667273,0.014816868525663239,0.020257007285118415,1.7681362878324578,0.019810755896452346,0.0180845448668574,0.013280997543614559,False,409,47214.93940782026,0.227795021009423,0.03442895154658141,0.018641750695142408
QQQ,2022,2022-09-02,2022-09-06,0.023714966583988417,0.033836115334522986,0.00562815255584657,0.015753577014514776,0.015623809220294535,0.021026897023983967,2.1656764273959253,0.019380406261770133,0.016467867519274426,0.008827761066131368,False,571,34549.334079808745,0.18350760218312556,0.05389795416127044,0.01769617813730183
SPY,2022,2022-09-02,2022-09-06,0.020085961250726703,0.028055388779293058,0.005712647002160189,0.01259136429529596,0.011613509576971416,0.01564419011386437,2.415754565262896,0.01449897392378438,0.012126026703704884,0.0060285276823222045,False,798,67732.94118343922,0.1227539107810577,0.059084006497261414,0.0197414570526361
IWM,2022,2022-09-06,2022-09-07,0.013280997543614559,0.019810755896452346,0.003034391165717215,0.015122378916801354,0.015144879215448076,0.020247286057525807,1.3080827925154388,0.025509965240106652,0.02528516024686356,0.0237118682460975,False,434,54781.06875030011,0.08499402844700547,0.03909458048807272,0.02260335705378302
QQQ,2022,2022-09-06,2022-09-07,0.008827761066131368,0.019380406261770133,0.005546043622199807,0.015765782899768026,0.015623809220294535,0.020869319291310483,1.2404405346038128,0.02289296526907585,0.021973092258958715,0.018498305231704926,False,611,38086.10040327331,0.08723229780562979,0.03975309496776104,0.020374241922563794
SPY,2022,2022-09-06,2022-09-07,0.0060285276823222045,0.01449897392378438,0.005840984959645927,0.012589676041236432,0.011613509576971416,0.015670611010843542,1.2484575681183052,0.021489087130215787,0.02090004306837545,0.018825413624457887,False,846,70985.0043002912,0.17557757679630162,0.08075462052406394,0.019568718197460786
IWM,2022,2022-09-07,2022-09-08,0.0237118682460975,0.025509965240106652,0.013730106389819254,0.01595806822556353,0.015144879215448076,0.020571279649763664,1.6843954235096166,0.023078189786939374,0.017156404908079015,0.016713731981049973,False,476,52466.50358483518,0.10070850600029493,0.04073306941962883,0.021316130209686292
QQQ,2022,2022-09-07,2022-09-08,0.018498305231704926,0.02289296526907585,0.01308486391513331,0.016589653445584277,0.01609922061730544,0.021228688813093605,1.4219921456612408,0.021627026370744002,0.01691086040241263,0.01236308854538648,False,689,44569.364435121315,0.2734841545563762,0.06909954089051455,0.019298342774374685
SPY,2022,2022-09-07,2022-09-08,0.018825413624457887,0.021489087130215787,0.011355280935480522,0.01340128121260641,0.012409370317333987,0.016408800047438027,1.7316823159188688,0.017046435126511446,0.013834367334715436,0.0126204255279736,False,935,78459.40919838715,0.11929344886581719,0.055145889758620906,0.018785853201239475
IWM,2022,2022-09-08,2022-09-09,0.016713731981049973,0.023078189786939374,0.014313037974790388,0.014492741229348885,0.015946625166106104,0.020201415079193576,1.447214664328545,0.013650581791770791,0.012355717007499045,0.011114695151057452,False,475,55503.967572207104,0.07753224145981132,0.03196057880167582,0.021071171390037963
QQQ,2022,2022-09-08,2022-09-09,0.01236308854538648,0.021627026370744002,0.013060319462074876,0.015085124186234119,0.016594534447367464,0.020859514824163625,1.303262013124742,0.02337951128942845,0.01575147687731282,0.014067331355933632,False,698,54458.54233473949,0.2540450099610122,0.08792512993930544,0.017888673476916615
SPY,2022,2022-09-08,2022-09-09,0.0126204255279736,0.017046435126511446,0.010784690363626611,0.012476021827415465,0.013371609045735321,0.016187566562939598,1.2748230275209966,0.01253915288523499,0.011843918277085086,0.009584386856875682,False,927,91012.52366369418,0.23284943198919317,0.11376051395623349,0.016851989239979503
IWM,2022,2022-09-09,2022-09-12,0.011114695151057452,0.013650581791770791,0.014940421766522074,0.015331750886505477,0.015144879215448076,0.02026892593185648,0.9013331567442894,0.010021205347210255,0.006680776596286853,0.005673340566290319,False,431,43980.62292050437,0.0824392945024943,0.06144048527537976,0.02174905894932013
QQQ,2022,2022-09-09,2022-09-12,0.014067331355933632,0.02337951128942845,0.016043455962191422,0.016138449397330622,0.016594534447367464,0.020963625679015357,1.408868164610508,0.009400304364617099,0.008363003475739372,0.007260908377228592,False,677,45669.87893536598,0.06532536957767945,0.0505774214995628,0.0216689606190731
SPY,2022,2022-09-09,2022-09-12,0.009584386856875682,0.01253915288523499,0.012246794853509838,0.013095862541041366,0.012856130422661274,0.016394619187961954,0.975344250018843,0.007999460690383499,0.007216625607516569,0.005357410949523134,False,857,70714.89598928804,0.12300726559420364,0.08818069305848915,0.019491972255098296
IWM,2022,2022-09-12,2022-09-13,0.005673340566290319,0.010021205347210255,0.012663272459843746,0.014788897549789268,0.014816868525663239,0.019886320210586568,0.6763376033102569,0.023639567032068137,0.01828802163160792,0.014118795854885513,True,499,41286.459049413446,0.26652461106597714,0.23558147370470614,0.01933665714248162
QQQ,2022,2022-09-12,2022-09-13,0.007260908377228592,0.009400304364617099,0.011895345766117718,0.015675883304189855,0.01609922061730544,0.020608887597670402,0.5838981021548636,0.033896556933486845,0.03077283713615686,0.026838886393507733,True,714,45304.17821081181,0.20703925527435968,0.17579806903392708,0.02244073891398731
SPY,2022,2022-09-12,2022-09-13,0.005357410949523134,0.007999460690383499,0.008581210091054295,0.012704209901338154,0.012092392779907703,0.016165916460256773,0.661528353898256,0.027822693799310634,0.025285703217497346,0.021725557475736013,True,927,66536.42353165016,0.18925956963387813,0.14227093207260227,0.019688790476380953
IWM,2022,2022-09-13,2022-09-14,0.014118795854885513,0.023639567032068137,0.02508094157788454,0.01679232214354186,0.015144879215448076,0.021295837611719562,1.5608950521015257,0.015062715066425918,0.011076036544701129,0.0021361635208561047,True,464,58835.35469841456,0.10930826793178172,0.08944369641459576,0.019557107449325702
QQQ,2022,2022-09-13,2022-09-14,0.026838886393507733,0.033896556933486845,0.0318495547548125,0.019252290983290444,0.017636498728407723,0.022866077087173323,1.9219550011300417,0.013124411372033573,0.006986121316870708,0.003933949473727827,True,637,50580.25273728487,0.155396907465521,0.12247403935008928,0.01926810809843335
SPY,2022,2022-09-13,2022-09-14,0.021725557475736013,0.027822693799310634,0.025506773949980546,0.015646165830120816,0.012856130422661274,0.01793337853912221,2.1641577118934685,0.012878082171327186,0.00856516195883028,0.0003295684904054408,True,834,79452.68015808496,0.18636717879390347,0.1497351426931214,0.018293824257970662
IWM,2022,2022-09-14,2022-09-15,0.0021361635208561047,0.015062715066425918,0.02323639148718012,0.016878341045270147,0.015253740447028439,0.02131423206292582,0.9874768171606241,0.021053220479355133,0.015226496813662616,0.001594070410354198,True,499,59404.56288790351,0.04210598198362589,0.02896314061027638,0.018961524735801507
QQQ,2022,2022-09-14,2022-09-15,0.003933949473727827,0.013124411372033573,0.030427789055771187,0.01949314986696987,0.017636498728407723,0.02273526279221451,0.7441619549402754,0.024041919094536932,0.015926262714120343,0.01009964004057251,True,652,56356.14996563936,0.18348995436172924,0.13402357819299499,0.017473707021935535
SPY,2022,2022-09-14,2022-09-15,0.0003295684904054408,0.012878082171327186,0.02395562560971317,0.015690250150595532,0.013025595065707371,0.01801407339547748,0.9886751512206499,0.018271561563289688,0.01075156306627334,0.007227189534930734,True,870,79948.14914639498,0.17756520466231537,0.13967334224587657,0.018218370987724868
IWM,2022,2022-09-15,2022-09-16,0.001594070410354198,0.021053220479355133,0.02306195528133326,0.016646622329950296,0.015946625166106104,0.021214086048646642,1.3202304725957243,0.015467022560242355,0.012322608279093927,0.0005583273592675297,True,459,62602.56186640248,0.14914284344740192,0.12384775351371667,0.015362313708272821
QQQ,2022,2022-09-15,2022-09-16,0.01009964004057251,0.024041919094536932,0.030776846324561357,0.019610721138579465,0.01914775138036324,0.02303858276455953,1.255600128545269,0.014249986396915828,0.007352447795729411,0.005560983236227335,True,621,59730.37821027637,0.3346027330772802,0.28817450637369824,0.015089830965392879
SPY,2022,2022-09-15,2022-09-16,0.007227189534930734,0.018271561563289688,0.023815202008916885,0.01576126118696689,0.01383604094193597,0.018323435205157355,1.3205772980845987,0.010777358490566038,0.00549275074478639,0.0036965243296922523,True,828,88327.3024469525,0.23752415944327873,0.18292417275176562,0.015831757203428377
IWM,2022,2022-09-16,2022-09-19,0.0005583273592675297,0.015467022560242355,0.019703714098945415,0.0166030171065648,0.0159577535324118,0.021918824092993557,0.9692481168372026,0.021411182440246035,0.021128781476910552,0.019829443955434067,True,419,19817.482217670375,0.03040999445257068,0.016577501698377455,0.020264864305830212
QQQ,2022,2022-09-16,2022-09-19,0.005560983236227335,0.014249986396915828,0.026730900831189335,0.01951453907948672,0.01914775138036324,0.023416661652381064,0.7442120024354265,0.018070544564356514,0.01786083622002299,0.01730157841262736,True,640,24517.931797645135,0.19632320405407436,0.10647523706590808,0.02065773037276771
SPY,2022,2022-09-16,2022-09-19,0.0036965243296922523,0.010777358490566038,0.02089457187455549,0.015745674623205818,0.01383604094193597,0.018985578016870536,0.7789336946742257,0.016664037446902,0.016454711104099795,0.016454711104099795,True,769,47124.386970007676,0.1990665579259456,0.0870327308216109,0.018370739754918174
IWM,2022,2022-09-19,2022-09-20,0.019829443955434067,0.021411182440246035,0.01879287555457407,0.01640425913240844,0.016453183759037513,0.021758459790731308,1.3013397743452029,0.012474104571482564,0.011657503708487393,0.003971621060013364,False,486,23884.02434387004,0.1767614647556786,0.07186803848113753,0.02177413589101233
QQQ,2022,2022-09-19,2022-09-20,0.01730157841262736,0.018070544564356514,0.025539919421667185,0.01943662109596049,0.01914775138036324,0.023216836711680462,0.9437423854838933,0.016257071649508528,0.00894317715407622,0.000831989878602446,False,652,25845.764904204647,0.18919064701857455,0.08758820733228052,0.02073426097629262
SPY,2022,2022-09-19,2022-09-20,0.016454711104099795,0.016664037446902,0.020167834575170192,0.015865947156836174,0.015000820699043758,0.019032241093634994,1.1108750501873719,0.012777185221395496,0.010125879401772231,0.002519091120483208,False,831,46333.243969722054,0.18470767365426294,0.09136326913987497,0.01985732449343617
IWM,2022,2022-09-20,2022-09-21,0.003971621060013364,0.012474104571482564,0.010396758739922358,0.016095803303429704,0.016453183759037513,0.021621861075258937,0.7581574942679836,0.032168168754708557,0.02304222462750949,0.022467519033291805,False,449,28578.57552136696,0.07393236486483826,0.045752202867880856,0.022776774847645252
QQQ,2022,2022-09-20,2022-09-21,0.000831989878602446,0.016257071649508528,0.01025103726934397,0.018798981818668823,0.01914775138036324,0.022577643948490937,0.8490329400339293,0.03636174906750087,0.021769750256996012,0.020822538262893375,False,662,30475.325977733653,0.17934455494186347,0.0997051127720764,0.02200287722668508
SPY,2022,2022-09-20,2022-09-21,0.002519091120483208,0.012777185221395496,0.009573936921914408,0.015477834241515828,0.015000820699043758,0.01882441407203968,0.8517657452041933,0.030897912844493527,0.023133129354484305,0.02258416263227503,False,842,54315.17363806622,0.17265067505357953,0.08874134827221553,0.01964819168837617
IWM,2022,2022-09-21,2022-09-22,0.022467519033291805,0.032168168754708557,0.010009324115046162,0.016267260233409436,0.018134319454973062,0.022575927336652906,1.7738834277504096,0.027657121930803573,0.024950183728361663,0.020628574916294662,False,478,39679.77290237329,0.23733335367596275,0.059654465554915014,0.02024797061835351
QQQ,2022,2022-09-21,2022-09-22,0.020822538262893375,0.03636174906750087,0.009625165912459243,0.019030288655792357,0.020503716316257067,0.023817418766554667,1.7734223643481755,0.014929047713042997,0.011405181092630334,0.006843945658798756,False,640,33415.958035147516,0.035331793054423154,0.02099046368372977,0.02315612762636062
SPY,2022,2022-09-21,2022-09-22,0.02258416263227503,0.030897912844493527,0.009628219205935958,0.015781752759726726,0.01608335246060257,0.019935917158927972,1.9211114672877054,0.012905585864504963,0.008408269361427134,0.006266889998705838,False,825,61053.206033689356,0.07871795667283545,0.040299532279506924,0.021841498451485863
IWM,2022,2022-09-22,2022-09-23,0.020628574916294662,0.027657121930803573,0.01174224741391962,0.016515090642530057,0.02043198818790374,0.023133897360944868,1.353618731395768,0.024792913854474852,0.024242424242424176,0.010000014446190808,False,427,43593.023654326615,0.09805064583525064,0.017746272947972944,0.018622800668558967
QQQ,2022,2022-09-22,2022-09-23,0.006843945658798756,0.014929047713042997,0.00887556923812642,0.019004991771887567,0.020503716316257067,0.024035580538190545,0.7281142346475987,0.02100528678168237,0.020329383878546325,0.007349948178939969,False,619,37806.119966393184,0.2159787277139847,0.10437070206121375,0.019221816483182403
SPY,2022,2022-09-22,2022-09-23,0.006266889998705838,0.012905585864504963,0.009525676221587884,0.015704543706931105,0.01608335246060257,0.02012874186945115,0.8024188922128148,0.01977976911291249,0.020066552494912182,0.007096914189999026,False,782,72363.90916519596,0.2294734818566639,0.1445119463301848,0.018334872148026222
IWM,2022,2022-09-23,2022-09-26,0.010000014446190808,0.024792913854474852,0.013008161174392645,0.01620012224817503,0.021232201459800586,0.024208088656577434,1.1677034009598979,0.03257387653281806,0.021151870273643736,0.007856427401749189,False,365,32629.156337222354,0.06831510633538568,0.027659255512991657,0.025347785410796447
QQQ,2022,2022-09-23,2022-09-26,0.007349948178939969,0.02100528678168237,0.009569385868996175,0.018311770007916513,0.021316156576213184,0.02458545167323548,0.985416236110889,0.02156125768861995,0.01621638175789375,0.0023997515363369804,False,588,27295.977065296316,0.1664294646680041,0.11241147332003817,0.0211711757019818
SPY,2022,2022-09-23,2022-09-26,0.007096914189999026,0.01977976911291249,0.010226389418124012,0.015249616179875334,0.016855236286706723,0.020877193602533584,1.1735088595887717,0.0195955148713745,0.010370862571953632,0.005731301226841401,False,747,56669.52811384662,0.05198514135825726,0.03771482893302821,0.022020366440401493
IWM,2022,2022-09-26,2022-09-27,0.007856427401749189,0.03257387653281806,0.0044194688778507255,0.01532713910572327,0.021232201459800586,0.02408396837230061,1.5341732977850144,0.02615601086749488,0.01855707252541361,0.009500341857067385,False,384,30662.800537345807,0.02088835713803312,0.010877872577738644,0.02348851059743505
QQQ,2022,2022-09-26,2022-09-27,0.0023997515363369804,0.02156125768861995,0.0057219962392522795,0.016518815398007845,0.02128327223515116,0.02345313852555639,1.0130612177675231,0.029156640058668977,0.02094745696181244,0.011986561324393241,False,625,27223.57481415031,0.1819732194761499,0.11797288616822094,0.021831602350944283
SPY,2022,2022-09-26,2022-09-27,0.005731301226841401,0.0195955148713745,0.004085500922881846,0.013859549688224436,0.016855236286706723,0.020099633758990567,1.1625772868475872,0.025895329231540292,0.01981321249543755,0.012607967690274058,False,771,50262.8805995727,0.13177852079499067,0.06843167976097744,0.02221304105307438
IWM,2022,2022-09-27,2022-09-28,0.009500341857067385,0.02615601086749488,0.011030253515225085,0.015486051499939353,0.022244686113592704,0.024755307796491054,1.1758318698645132,0.03571427585140981,0.031551708250765254,0.02521723017068478,False,371,37413.90243737881,0.21004624073842343,0.1531499668249016,0.021559805562465922
QQQ,2022,2022-09-27,2022-09-28,0.011986561324393241,0.029156640058668977,0.007902923863630127,0.016537057443457688,0.021594142029681976,0.02425269320301485,1.3502106274281265,0.03024115736856765,0.024739520353855404,0.019966520283248856,False,636,36683.74123084629,0.1825145997501042,0.13221205546042739,0.01995192583100057
SPY,2022,2022-09-27,2022-09-28,0.012607967690274058,0.025895329231540292,0.0062044924796425,0.013867901585636716,0.01710066924576542,0.02083518620152178,1.514287473746249,0.026620510344887657,0.02173550360619636,0.016877967545069428,False,802,66753.55066925235,0.16442552707006006,0.11384882270016856,0.020122097701079287
IWM,2022,2022-09-28,2022-09-29,0.02521723017068478,0.03571427585140981,0.023757130595271028,0.01751538000841881,0.022244686113592704,0.025461734234084422,1.6055194336766323,0.024615506342064983,0.02429789776183,0.009834270523835342,False,440,47677.212318087986,0.24788068455500142,0.1988719831699153,0.019356054589880833
QQQ,2022,2022-09-28,2022-09-29,0.019966520283248856,0.03024115736856765,0.01413002496440185,0.017368546050391964,0.021594142029681976,0.02440298899483183,1.4004333826738762,0.026861466162502297,0.02611214517667526,0.014463823846325718,False,640,40457.20522130697,0.1726533387512328,0.06932509785372584,0.020370411814239365
SPY,2022,2022-09-28,2022-09-29,0.016877967545069428,0.026620510344887657,0.013951432660528016,0.014835350380877074,0.01710066924576542,0.021163987577885113,1.5566940663143696,0.02020112099956488,0.019766430665201673,0.010959322375147962,False,832,65190.22233380127,0.17994000577133243,0.10806734039285174,0.020049080187041286
IWM,2022,2022-09-29,2022-09-30,0.009834270523835342,0.024615506342064983,0.023738406032872042,0.01799270730548214,0.023358878409503757,0.026577645397201054,1.0537965869136061,0.02804927729227457,0.02256005260407279,0.005187601741368564,False,417,48656.74050408352,0.02913647828859935,0.01982038843673763,0.02147643002749529
QQQ,2022,2022-09-29,2022-09-30,0.014463823846325718,0.026861466162502297,0.01831281248874032,0.01827037938185504,0.022259995819909926,0.025430471685113275,1.2067147891589762,0.029849080818829987,0.01534886795131829,0.013909858800323471,False,612,40809.749277156676,0.07567151065513437,0.055947816513660445,0.0204520952368283
SPY,2022,2022-09-29,2022-09-30,0.010959322375147962,0.02020112099956488,0.015997072070700488,0.015318717027929266,0.017713232464154544,0.021846924466440418,1.1404536715952303,0.02451629468341259,0.013331781128522957,0.012769472838764062,False,825,78961.70535768295,0.11378814557044112,0.0815957812762706,0.019284493275810183
IWM,2022,2022-09-30,2022-10-03,0.005187601741368564,0.02804927729227457,0.02170118157880665,0.017946365554083514,0.02412753668706656,0.02672374686453054,1.1625421051503462,0.030178099451854387,0.017688578813461753,0.011652904212479998,False,370,25919.84320324661,0.09351779881242335,0.02721737024962024,0.024981844483255838
QQQ,2022,2022-09-30,2022-10-03,0.013909858800323471,0.029849080818829987,0.01841169687871514,0.018429878451107173,0.022259995819909926,0.02577720666003066,1.3409293092558527,0.02835695051518189,0.022633501215735263,0.0165755800857581,False,550,24600.309852614628,0.0958768005981734,0.045478940305653776,0.024081053244281947
SPY,2022,2022-09-30,2022-10-03,0.012769472838764062,0.02451629468341259,0.015790799155192572,0.015417052020380862,0.018933538217332097,0.022216619333903384,1.294860707069001,0.02586683473253465,0.020687940341462596,0.015315162803104077,False,726,52887.556308246385,0.08089003698772285,0.04912689066619668,0.021742452015972955
IWM,2022,2022-10-03,2022-10-04,0.011652904212479998,0.030178099451854387,0.022732601276832944,0.019220873986420993,0.02412753668706656,0.027029774028729754,1.2507741607965805,0.020566612821997267,0.020103129647373486,0.01963964647274974,False,428,29567.71768160545,0.13201364902923246,0.04129369939203164,0.023942510798807166
QQQ,2022,2022-10-03,2022-10-04,0.0165755800857581,0.02835695051518189,0.0227154923592248,0.019394820528646394,0.022259995819909926,0.02554674829652211,1.2738973872501218,0.013835678713411502,0.013835678713411514,0.011254936586791553,False,640,30894.85920689722,0.058879158787495126,0.03806381053380835,0.022182700042089314
SPY,2022,2022-10-03,2022-10-04,0.015315162803104077,0.02586683473253465,0.020951623864817245,0.01687305566595797,0.018933538217332097,0.02239182479347285,1.3661912757994537,0.030692784272597043,0.015904155975066336,0.014957055358510774,False,816,58474.90554917598,0.1488631313677975,0.07011463221693619,0.02102604342857731
IWM,2022,2022-10-04,2022-10-05,0.01963964647274974,0.020566612821997267,0.0269386351878364,0.021347369617678958,0.02412753668706656,0.02804126309429781,0.852412456718878,0.022547739920057003,0.011608945948084592,0.007438978483884862,False,459,31486.027424973632,0.03731391600472152,0.009637544649228466,0.020322725949428674
QQQ,2022,2022-10-04,2022-10-05,0.011254936586791553,0.013835678713411502,0.02685544178429664,0.020886804737775877,0.022259995819909926,0.026279772980056865,0.6215490256757599,0.030149432829031486,0.019872066995668902,0.013296004827014984,False,669,39033.458974463,0.08415557348254896,0.052461888745240506,0.021191613715227563
SPY,2022,2022-10-04,2022-10-05,0.014957055358510774,0.030692784272597043,0.024435310510263358,0.018524321248208294,0.019687641992143498,0.02322410749223661,1.5589873223438961,0.022791127009808714,0.016256398319477672,0.009909160781754744,False,894,66607.81934512238,0.07882313128831804,0.04498013754720609,0.020112970178302943
IWM,2022,2022-10-05,2022-10-06,0.007438978483884862,0.022547739920057003,0.026051329685572885,0.020738582701594222,0.023358878409503757,0.028069333799250973,0.9652749384954744,0.018751765271120192,0.013344791394763078,0.0007477991271113149,False,485,34706.0632257194,0.20335155525385482,0.0484979856358565,0.020236330769475834
QQQ,2022,2022-10-05,2022-10-06,0.013296004827014984,0.030149432829031486,0.02570509693441114,0.020247972096415014,0.022503268830086225,0.0265825745999749,1.3397801473500845,0.01690632169868735,0.011460710843657518,0.0042710055735639685,False,706,39342.744522063535,0.08305852438433238,0.045949253908160285,0.021874256630420332
SPY,2022,2022-10-05,2022-10-06,0.009909160781754744,0.022791127009808714,0.02381227110763172,0.017948918181663578,0.019687641992143498,0.023276308540277974,1.1576361973111704,0.016080103890735338,0.008253038027298043,0.006442636019419745,False,868,66661.00407896604,0.096589117748436,0.05989543925832088,0.0202305898929988
IWM,2022,2022-10-06,2022-10-07,0.0007477991271113149,0.018751765271120192,0.02231424979615593,0.02061041129987691,0.02309365347606257,0.02785795112710939,0.8119878169366789,0.02646427758732025,0.02388038679467752,0.019310139049970143,False,459,39022.98497136678,0.11603239651439161,0.0361309178520981,0.018805367785878404
QQQ,2022,2022-10-06,2022-10-07,0.0042710055735639685,0.01690632169868735,0.020701315236597833,0.020189969216043303,0.0224703844890242,0.0263511494228136,0.7523823950117697,0.026943509410659625,0.02719055443650409,0.02152564594081907,False,721,41617.24880332156,0.23891917076466307,0.1167693241427456,0.018896405163651032
SPY,2022,2022-10-06,2022-10-07,0.006442636019419745,0.016080103890735338,0.021428297204372313,0.017897193594064238,0.019687641992143498,0.023229978753917295,0.816761291024706,0.03347157238435854,0.022247461420130232,0.01674930930789853,False,928,76523.16944332773,0.16562162336039823,0.08540992805909585,0.01993254197062096
IWM,2022,2022-10-07,2022-10-10,0.019310139049970143,0.02646427758732025,0.027892096811383476,0.02071587665290138,0.02412753668706656,0.028460406596118797,1.0968495429335017,0.017602995478246196,0.016207437466808416,0.00956934952705324,False,411,33481.30488251251,0.06988025037816716,0.020009129498497525,0.02428305626764824
QQQ,2022,2022-10-07,2022-10-10,0.02152564594081907,0.026943509410659625,0.02756360738317146,0.020690960794414927,0.02280158839157844,0.027321461691987466,1.1816505476702213,0.022502776952416828,0.021468566340655082,0.010731467738056999,False,599,27206.136190570236,0.20738392870970399,0.06880939717723532,0.022205509919991203
SPY,2022,2022-10-07,2022-10-10,0.01674930930789853,0.03347157238435854,0.024951551113530274,0.018117717326108132,0.019990445056238683,0.02399418359137375,1.6743785488614036,0.01796894763404496,0.01758598090755137,0.010825372386823351,False,790,58773.87445783566,0.08372724038402457,0.043625133800053006,0.02180303857752505
IWM,2022,2022-10-10,2022-10-11,0.00956934952705324,0.017602995478246196,0.025196426539461456,0.0203176189074732,0.02412753668706656,0.02868775408820628,0.7295811299162666,0.03180400901452957,0.018866757126350553,0.004551955416115971,False,447,37612.93160172104,0.09264802686222254,0.03299799817972241,0.02558615170696901
QQQ,2022,2022-10-10,2022-10-11,0.010731467738056999,0.022502776952416828,0.024884715997170712,0.020248323649013827,0.02327234802347688,0.02779779158552286,0.9669319541679372,0.024933909328094504,0.014059738133153754,0.007366876150750157,False,632,24254.55974863957,0.05864291994166335,0.026726663531481256,0.020268548348188482
SPY,2022,2022-10-10,2022-10-11,0.010825372386823351,0.01796894763404496,0.021501749113475493,0.01771029877006171,0.019990445056238683,0.02426468671659303,0.8988768175742617,0.02043325012215891,0.01337094873687339,0.0013957124096416473,False,851,59180.468060274696,0.16222401195841313,0.0699312660905292,0.02040041025126455
IWM,2022,2022-10-11,2022-10-12,0.004551955416115971,0.03180400901452957,0.01148498673074262,0.0187846178054557,0.024704210098269917,0.02812802351768201,1.2873922658533765,0.017748725995579223,0.014624113073641976,0.0038117892371277717,False,445,39459.06940876255,0.10439421805690784,0.04746118920353783,0.02454188247452381
QQQ,2022,2022-10-11,2022-10-12,0.007366876150750157,0.024933909328094504,0.01428313577081432,0.01701561083688816,0.02327234802347688,0.026148221092644412,1.0713963757735774,0.012945987940574373,0.0074411218697612025,0.002809378327722434,False,599,30738.509524211484,0.08708549226230006,0.05681750136954196,0.02218258349511534
SPY,2022,2022-10-11,2022-10-12,0.0013957124096416473,0.02043325012215891,0.009926287927983474,0.015421810025935349,0.019990445056238683,0.02296361202272811,1.022150835795526,0.009827789595122573,0.005248458318365845,0.0044951163100801494,False,837,69269.99918541059,0.1070211779427209,0.05859397211384744,0.02048083683096129
IWM,2022,2022-10-12,2022-10-13,0.0038117892371277717,0.017748725995579223,0.011883282532780618,0.018696588819709325,0.024704210098269917,0.0282619540287949,0.7184494434340243,0.05914632285513529,0.04999998139172068,0.04512191400295351,False,450,37084.416769937976,0.0980823603170715,0.03422826390934752,0.02548625453205258
QQQ,2022,2022-10-12,2022-10-13,0.002809378327722434,0.012945987940574373,0.014328062096837514,0.01677282501188511,0.02327234802347688,0.026138287098345946,0.5562819844183582,0.06235310664898315,0.05882587219861346,0.053535050423491715,False,602,28699.797527286497,0.05020833471874832,0.028081431719833683,0.02344820837879908
SPY,2022,2022-10-12,2022-10-13,0.0044951163100801494,0.009827789595122573,0.009724226848310197,0.015299295174309259,0.019990445056238683,0.022809443997213685,0.4916243519078373,0.055554035934730954,0.05240405131106041,0.047994072837921564,False,814,60300.76745139088,0.17115682015772254,0.062343683282332564,0.020979553822057045
IWM,2022,2022-10-13,2022-10-14,0.04512191400295351,0.05914632285513529,0.019264140743239587,0.01977015544599595,0.025474462360984863,0.030114953029845053,2.3217888572879244,0.041738978961439535,0.03617058686612906,0.034329094280392325,False,459,43399.76541926387,0.14873368359723654,0.0716984373237236,0.019591410666263364
QQQ,2022,2022-10-13,2022-10-14,0.053535050423491715,0.06235310664898315,0.022308831381489792,0.01777784281506066,0.023718343140255664,0.027972783854698473,2.6288980760698717,0.043030908498807544,0.042515556761002715,0.0385694008179881,False,672,42588.13628302685,0.22131756498472896,0.11044305180441358,0.020467490460080253
SPY,2022,2022-10-13,2022-10-14,0.047994072837921564,0.055554035934730954,0.019451117988550926,0.016728421021637255,0.020317185560861893,0.0246201060814296,2.7343371830864083,0.03608742029864914,0.032468614453530886,0.029629584240525086,False,902,80884.76741562692,0.1256960208032739,0.06214762239645821,0.020095937528479775
IWM,2022,2022-10-14,2022-10-17,0.034329094280392325,0.041738978961439535,0.018359585988178422,0.020337070010954545,0.026310144227407566,0.030918872700258237,1.586421518661216,0.01474559093429649,0.014099364817725446,0.011220794550652835,False,424,39519.00421250413,0.0824725231832942,0.0565929181111535,0.02541527411881886
QQQ,2022,2022-10-14,2022-10-17,0.0385694008179881,0.043030908498807544,0.01971017412506104,0.018721366604748515,0.025897687745298402,0.0292021188754695,1.6615733775931247,0.013116474471720747,0.012741695184926849,0.009406422575597206,False,599,26200.189863344138,0.18019054284477562,0.14970007745250896,0.022620952431001488
SPY,2022,2022-10-14,2022-10-17,0.029629584240525086,0.03608742029864914,0.017942667640414946,0.017207122234990893,0.021612188565983813,0.02541058894717988,1.6697716748339133,0.0293948295925177,0.018836797495863866,0.0077195612296570015,False,824,70613.39541184618,0.10954809087018391,0.08349773963712381,0.021623504026074724
IWM,2022,2022-10-17,2022-10-18,0.011220794550652835,0.01474559093429649,0.023474278372585894,0.02167980783439974,0.026310144227407566,0.0316016578457932,0.5604526834533977,0.026157118325722303,0.018356581875785816,0.009609930828732072,True,451,42549.553780228816,0.10917124833785852,0.10199468529980339,0.02079699337481771
QQQ,2022,2022-10-17,2022-10-18,0.009406422575597206,0.013116474471720747,0.025991816160504094,0.0204539507310804,0.025897687745298402,0.03013038569604958,0.5064728017698019,0.030629592659359797,0.028987157951922304,0.01826198898948117,True,691,33377.608009723845,0.1596027221191819,0.13362083989666368,0.021518567695852347
SPY,2022,2022-10-17,2022-10-18,0.0077195612296570015,0.0293948295925177,0.021504482694437735,0.018266104064166303,0.02365371084661065,0.026080479603409597,1.2427153516476548,0.021139399915068507,0.020706399914638407,0.010662970031548258,True,895,68532.7228723388,0.15021724758305333,0.12322610686686311,0.020458272276379603
IWM,2022,2022-10-18,2022-10-19,0.009609930828732072,0.026157118325722303,0.023404706873042642,0.02171874674347424,0.026310697956521276,0.03204523753819512,0.9941628446705304,0.023595524006119792,0.018661806106056833,0.007420712728469336,True,450,44539.661729214145,0.2496864689081545,0.22130720150603722,0.017049934943644787
QQQ,2022,2022-10-18,2022-10-19,0.01826198898948117,0.030629592659359797,0.0243699319637874,0.02058589529684829,0.026902487786580963,0.030896985640521752,1.1385412718089933,0.020783112302384176,0.013892491022678533,0.002074602948129556,True,697,36634.4957152248,0.05806320944820829,0.042673148488148516,0.020034443414611157
SPY,2022,2022-10-18,2022-10-19,0.010662970031548258,0.021139399915068507,0.02085703534570729,0.018417448982460193,0.02365371084661065,0.026310985402770937,0.8937033200478808,0.01707368350709251,0.009410484355848237,0.001327922836236728,True,884,78569.07994996553,0.1752668339385982,0.1506271478992577,0.018003052538934704
IWM,2022,2022-10-19,2022-10-20,0.007420712728469336,0.023595524006119792,0.025758410119243284,0.021782023181052733,0.02615656459660859,0.031814442003065366,0.9020880367897833,0.029634826072323386,0.017510517759049327,0.013942360373221718,True,449,58542.32487595195,0.1204673094717455,0.10031493554371729,0.019390932905296754
QQQ,2022,2022-10-19,2022-10-20,0.002074602948129556,0.020783112302384176,0.02465505001985263,0.02028257931180718,0.025897687745298402,0.03010670553862168,0.8025084133681876,0.025669497940646376,0.019511870419264055,0.0017434573934038688,True,697,47814.44699456354,0.19470978017042131,0.11791037484999084,0.019575887153367545
SPY,2022,2022-10-19,2022-10-20,0.001327922836236728,0.01707368350709251,0.02141104795140717,0.01808985441821627,0.02196526346243861,0.025606726564733596,0.7773038341328854,0.02190046491564775,0.01260770769727415,0.007118971621546177,True,884,95547.21369348015,0.19937045934519945,0.15720216344283586,0.018551507738619293
IWM,2022,2022-10-20,2022-10-21,0.013942360373221718,0.029634826072323386,0.02394320283208672,0.02137811679687868,0.02615656459660859,0.03191782603974601,1.132978528692785,0.029574939122473675,0.022432132164537766,0.01948053819750628,True,443,57550.69145798311,0.06553704530727457,0.04430772688863232,0.018003747615806743
QQQ,2022,2022-10-20,2022-10-21,0.0017434573934038688,0.025669497940646376,0.022884618120093733,0.020156462791188375,0.026265482051574335,0.030550062236729986,0.977309226240063,0.03414431495396569,0.0298156202209523,0.0277632738875655,True,671,54394.21735616906,0.30210391949036164,0.21187292311754996,0.0164280646814962
SPY,2022,2022-10-20,2022-10-21,0.007118971621546177,0.02190046491564775,0.018961233942303368,0.018089544116764122,0.022345795962728232,0.02605645890045456,0.9800709248476415,0.030839119737698605,0.026511812021345005,0.025115067786937395,True,856,110926.89423080126,0.22467218707897313,0.17471555043166795,0.016735264337932387
IWM,2022,2022-10-21,2022-10-24,0.01948053819750628,0.029574939122473675,0.02135802436342396,0.02118593201231325,0.026310697956521276,0.031535640605208096,1.1240651681436424,0.017020521714632836,0.0132709981406669,0.0006923327493462139,True,407,25650.91823678861,0.11826552425256895,0.05100773597726714,0.023790451989562006
QQQ,2022,2022-10-21,2022-10-24,0.0277632738875655,0.03414431495396569,0.016756872689026713,0.020606928519070422,0.026902487786580963,0.030812965556472078,1.2691880105971824,0.02695053360652925,0.013677983615863365,0.010011279847594867,True,646,26526.167373305154,0.11487722659567735,0.04177524050218775,0.02150077301798967
SPY,2022,2022-10-21,2022-10-24,0.025115067786937395,0.030839119737698605,0.0164406743362601,0.018535897343867392,0.02365371084661065,0.026136821188737953,1.3037751217000928,0.018489483455769527,0.011093625123445694,0.00792779896411222,True,846,51975.47430526104,0.15581997227504132,0.07772691699294572,0.021436827356370182
IWM,2022,2022-10-24,2022-10-25,0.0006923327493462139,0.017020521714632836,0.01634011160965307,0.020627874460714814,0.02615656459660859,0.03077893973914988,0.650717017969542,0.030765662917302414,0.030707993013502133,0.026502221873702103,False,462,29059.907364775765,0.10077653384480972,0.0647880212967789,0.02400179033326719
QQQ,2022,2022-10-24,2022-10-25,0.010011279847594867,0.02695053360652925,0.011691725071882967,0.020717519508882926,0.02694702150859444,0.031085628576634005,1.0001303334371738,0.0239791421896747,0.01857486265124031,0.017179011953964984,False,692,31339.042784223,0.03590806546979036,0.020983529687651326,0.02406316948864843
SPY,2022,2022-10-24,2022-10-25,0.00792779896411222,0.018489483455769527,0.013995571380667048,0.018510850381346113,0.02365371084661065,0.026089572266624828,0.781673690680923,0.017371066880939878,0.01705428155270905,0.01618312190007387,False,867,49251.88630371105,0.13466226364629905,0.07010030941472004,0.022665663259904822
IWM,2022,2022-10-25,2022-10-26,0.026502221873702103,0.030765662917302414,0.019834548319654793,0.02133378891306041,0.026310697956521276,0.031028120549247605,1.16932142842212,0.022550898262755078,0.01797377242760989,0.0005581403747316749,False,446,24965.072442549234,0.08438357990184261,0.030116927947981566,0.023669890214368886
QQQ,2022,2022-10-25,2022-10-26,0.017179011953964984,0.0239791421896747,0.013301518767600384,0.021180964154462585,0.026902487786580963,0.030812609199037704,0.8913354920891579,0.02352229588286668,0.019823384689503953,0.0019033211073784528,False,676,34033.20117932811,0.1970095885096919,0.1270734838947591,0.02167704215257131
SPY,2022,2022-10-25,2022-10-26,0.01618312190007387,0.017371066880939878,0.014504368699738812,0.018726632310668914,0.022345795962728232,0.02564999038263302,0.7773751675668221,0.01632508922085412,0.015617607911891263,0.0010481471138887866,False,823,51479.956037340686,0.1950336467700852,0.1500834364648617,0.01877383322756189
IWM,2022,2022-10-26,2022-10-27,0.0005581403747316749,0.022550898262755078,0.015862295298169418,0.020335562319757684,0.025386312333893643,0.03030668737882644,0.8883093363917625,0.017332105577742767,0.009615929265141654,0.008306107926340789,False,459,28210.056530196078,0.060307493186828515,0.017945615972929353,0.018903971277266313
QQQ,2022,2022-10-26,2022-10-27,0.0019033211073784528,0.02352229588286668,0.01908479140234234,0.021389556481506256,0.026265482051574335,0.03049344142211437,0.895559268117707,0.021460321030490566,0.01633991432352877,0.014162409432124323,False,668,38819.398431935624,0.08044213476571095,0.05681199092299477,0.02127116628443408
SPY,2022,2022-10-26,2022-10-27,0.0010481471138887866,0.01632508922085412,0.014617131673623471,0.018441357969939787,0.02151993241535813,0.025124558464454588,0.7586031826569956,0.014801507085715142,0.009859544155074618,0.008066401124626199,False,847,62595.518293241155,0.10572523652542364,0.07799952168212303,0.01982432182508586
IWM,2022,2022-10-27,2022-10-28,0.008306107926340789,0.017332105577742767,0.011990869400092793,0.019468860358259215,0.024876321165921048,0.029374226510607348,0.6967310585090304,0.025968960247982686,0.01990770057611413,0.018517498732959714,False,457,32294.290771830903,0.05169631257270905,0.023983503580376615,0.01886846589747809
QQQ,2022,2022-10-27,2022-10-28,0.014162409432124323,0.021460321030490566,0.021647392323346504,0.020762525528803977,0.02530170363437044,0.029579487522863063,0.8481769188592642,0.03541128552840428,0.034786764274783444,0.03302350906060281,False,649,43448.199561096066,0.16755012413211198,0.13366947251224545,0.019827524106134763
SPY,2022,2022-10-27,2022-10-28,0.008066401124626199,0.014801507085715142,0.013842149983992524,0.017754381015833872,0.02151993241535813,0.02440524966553521,0.6878045339562382,0.025903589292055162,0.02540341174750438,0.02408717196434962,False,799,68817.80856020133,0.20223937210183365,0.14921504877152905,0.017079960824216298
IWM,2022,2022-10-28,2022-10-31,0.018517498732959714,0.025968960247982686,0.012209395866872962,0.01971306684447131,0.02478224212705124,0.029278530626037125,1.047885825457095,0.014758338609490452,0.010808148211585822,0.005815534831552727,False,397,26485.110923649903,0.08980091766427178,0.06153834797470459,0.022898738150805634
QQQ,2022,2022-10-28,2022-10-31,0.03302350906060281,0.03541128552840428,0.023496651217391418,0.021385458585896088,0.02530170363437044,0.029858056343472633,1.399561311764823,0.013516489852840114,0.010616411091109335,0.0034777039079501026,False,640,28836.53764374247,0.1883824245731526,0.10656033005761972,0.02299665255918689
SPY,2022,2022-10-28,2022-10-31,0.02408717196434962,0.025903589292055162,0.013692151185466427,0.017837475789321933,0.02151993241535813,0.024477584538076996,1.203702167464455,0.008125411735384391,0.005071916578758717,0.0005952049085886646,False,752,49078.21240288338,0.17765159323146817,0.11239580062709799,0.02000427379489051
IWM,2022,2022-10-31,2022-11-01,0.005815534831552727,0.014758338609490452,0.012809589633518125,0.019095139008093464,0.023073211134437437,0.02838176655554183,0.6396308915781213,0.014683659792935504,0.012904639913279947,0.008961366944953086,False,418,26163.943632975323,0.07290612041516811,0.033844940494969784,0.024788126089590964
QQQ,2022,2022-10-31,2022-11-01,0.0034777039079501026,0.013516489852840114,0.024078713102990562,0.021034817093028717,0.0244565257588846,0.02930997491771319,0.5526741609212349,0.026039137086478686,0.024605117587207292,0.022699874417184684,False,660,34218.93070104551,0.06502605651449125,0.03854799865041687,0.0225813040530143
SPY,2022,2022-10-31,2022-11-01,0.0005952049085886646,0.008125411735384391,0.014841892738716283,0.017231874983169998,0.02078632501861371,0.023369213707255136,0.39090179375662887,0.018198610337146714,0.017871601009168403,0.014405150519692156,False,794,51871.883692517615,0.16339254728440722,0.07727354188494139,0.020583974477395763
IWM,2022,2022-11-01,2022-11-02,0.008961366944953086,0.014683659792935504,0.009506161787968004,0.017174321254064352,0.023073211134437437,0.02711816148586333,0.6363942889171467,0.041402359854729384,0.030490919717249376,0.029260506190558644,False,438,32167.8125386289,0.10783278810705119,0.06228006296451612,0.023512571490242412
QQQ,2022,2022-11-01,2022-11-02,0.022699874417184684,0.026039137086478686,0.021193582505275203,0.019894742729773835,0.02530170363437044,0.028924906816286334,1.0291456046898952,0.0458048811930035,0.035653784657864396,0.0341718567519812,False,686,37240.72001666701,0.22230898545447272,0.10891617305155048,0.019381667266803876
SPY,2022,2022-11-01,2022-11-02,0.014405150519692156,0.018198610337146714,0.013439721899546174,0.015948290695460925,0.01946136678896422,0.022729527215594087,0.9351147087709396,0.03612918816801918,0.02438889927603416,0.02352174765007098,False,835,62158.372261112134,0.15895614989328047,0.08419004662160678,0.01896021095380204
IWM,2022,2022-11-02,2022-11-03,0.029260506190558644,0.041402359854729384,0.020044591914676505,0.018824570956740706,0.02478224212705124,0.0278787980111036,1.6706462491356393,0.02184951781476096,0.01511785758898232,0.0057619362445653355,False,454,36267.061261773866,0.09291185580952085,0.04136225941841164,0.022018341389309436
QQQ,2022,2022-11-02,2022-11-03,0.0341718567519812,0.0458048811930035,0.023978974076577744,0.021232582535650975,0.02530170363437044,0.02972800077863928,1.8103477083962463,0.016729378096313988,0.011188018430692503,0.00958145864294535,False,681,32754.422242274282,0.2347690588017954,0.12922628378537673,0.020118623458840437
SPY,2022,2022-11-02,2022-11-03,0.02352174765007098,0.03612918816801918,0.017529127659007177,0.016976312467836874,0.01946136678896422,0.02340732593979075,1.8564568747816124,0.014563770006545173,0.007349209834863979,0.001238300410710269,False,837,67081.86559976947,0.15647288566311826,0.0631831254435791,0.021044544302573596
IWM,2022,2022-11-03,2022-11-04,0.0057619362445653355,0.02184951781476096,0.02012748924539147,0.018846267262568227,0.02478224212705124,0.028024706025772235,0.8816602510275273,0.024983239808008068,0.01966146306628702,0.0013414123385885324,False,473,41774.22129835306,0.10227883499187487,0.05130809197413987,0.020429878461227978
QQQ,2022,2022-11-03,2022-11-04,0.00958145864294535,0.016729378096313988,0.024116999845184776,0.021538360026126812,0.02530170363437044,0.029935875498516794,0.6611957178088356,0.028358373117591346,0.024895833492843522,0.003201167880929834,False,665,33275.02679757778,0.13388668107230733,0.06285294389866247,0.022134724114322286
SPY,2022,2022-11-03,2022-11-04,0.001238300410710269,0.014563770006545173,0.017786950940925833,0.01697571675431983,0.01946136678896422,0.023417400994941755,0.7483426094617217,0.023527838507128647,0.018918918918918948,0.0017241217413378473,False,880,81276.43918269157,0.14921274444687957,0.08322666730720628,0.020237839367439097
IWM,2022,2022-11-04,2022-11-07,0.0013414123385885324,0.024983239808008068,0.017423855210745003,0.017615149657931966,0.02428938190706393,0.0276230779695459,1.028566305375698,0.01619007217744883,0.011593949247520552,0.0013908979212171602,False,446,35264.56002431369,0.12898573574484556,0.07129705445822766,0.021677619539804176
QQQ,2022,2022-11-04,2022-11-07,0.003201167880929834,0.028358373117591346,0.018337772096118456,0.020308471260933242,0.02530170363437044,0.029232954945598792,1.1208088406769832,0.017196640918979305,0.008993469984713176,0.006923786784160502,False,624,31992.365753829232,0.1885426534573951,0.1082538917980884,0.020877823236661652
SPY,2022,2022-11-04,2022-11-07,0.0017241217413378473,0.023527838507128647,0.014157959475631553,0.015941238825071105,0.01946136678896422,0.02295817632209647,1.2089509828503084,0.01334359338895406,0.007571988917006944,0.005930530837491954,False,818,70123.25956700237,0.16449951801501494,0.09031381815886777,0.021282993208943488
IWM,2022,2022-11-07,2022-11-08,0.0013908979212171602,0.01619007217744883,0.017791765387263507,0.017499228189731937,0.02428938190706393,0.0275536845721654,0.66654936874867,0.025467438532426685,0.016181749590160832,0.0037174620475394216,False,480,34949.52992396915,0.21429862570456124,0.08924404018725567,0.020001035016537324
QQQ,2022,2022-11-07,2022-11-08,0.006923786784160502,0.017196640918979305,0.021020695777611974,0.02034142799002374,0.02530170363437044,0.02897028799287481,0.6796633605184978,0.027234958352137045,0.013784614896169556,0.0014861925938691734,False,679,36790.07982912098,0.05333504681933712,0.028579542143091077,0.021787775613797612
SPY,2022,2022-11-07,2022-11-08,0.005930530837491954,0.01334359338895406,0.015840322302675045,0.01586029916817156,0.01946136678896422,0.022726422086663776,0.6856452341528597,0.01941695096143467,0.010521922593882849,0.0023353223023439007,False,892,66205.08935969214,0.10924063383478874,0.04622817615431176,0.019906616768392102
IWM,2022,2022-11-08,2022-11-09,0.0037174620475394216,0.025467438532426685,0.01772225504652814,0.01749834103850363,0.02428938190706393,0.027248839462640673,1.0485008893956314,0.024662917919373244,0.021344969283675574,0.018932556838131998,False,479,37928.973111864456,0.22378207061931335,0.10381893907813629,0.01955259174444109
QQQ,2022,2022-11-08,2022-11-09,0.0014861925938691734,0.027234958352137045,0.021872482234533412,0.02011336984259908,0.02585431751356253,0.02910123048210112,1.053400784524684,0.02065281811177621,0.01798278146325427,0.016582022256768858,False,701,41620.924198437075,0.19981613719045332,0.06203147553440734,0.019843039713594267
SPY,2022,2022-11-08,2022-11-09,0.0023353223023439007,0.01941695096143467,0.016250572430778508,0.015720396714513044,0.0189532172086021,0.022683622359365004,1.0244672842467135,0.019819517916556957,0.01691605570518062,0.01526593821172273,False,906,74426.62591089723,0.09118280497033167,0.04944029151574923,0.019593012354944334
IWM,2022,2022-11-09,2022-11-10,0.018932556838131998,0.024662917919373244,0.015428794392193596,0.01879175895581557,0.024823078863690656,0.027830711106850602,0.9935479017249675,0.023645877962248155,0.019796484596636743,0.019411595605267618,False,487,40199.95472480866,0.24372907711194156,0.07767617718602127,0.020210867734497786
QQQ,2022,2022-11-09,2022-11-10,0.016582022256768858,0.02065281811177621,0.018256810076811982,0.020850025128620817,0.02585431751356253,0.029659944532062554,0.7988150567479593,0.03333205812812849,0.02550624172406568,0.02441936884860918,False,670,36783.94553064229,0.03997355431239852,0.02139996274388506,0.02274778243841063
SPY,2022,2022-11-09,2022-11-10,0.01526593821172273,0.019819517916556957,0.014643829467843032,0.01656225339250198,0.019618234438995814,0.0232898116589617,1.0102600199924743,0.024223667548469118,0.018013196680429777,0.017111235297809335,False,896,70889.86533521794,0.15190723087766791,0.05712093548639975,0.021328888380065043
IWM,2022,2022-11-10,2022-11-11,0.019411595605267618,0.023645877962248155,0.03238232746039898,0.022533376183246707,0.0241543979408107,0.028029010999395348,0.9789471060380536,0.016957331985539306,0.016580544369801498,0.006136947800170711,False,469,29481.309896169718,0.1867805205483435,0.05647337088993074,0.020010992767882964
QQQ,2022,2022-11-10,2022-11-11,0.02441936884860918,0.03333205812812849,0.03522175812487284,0.026151741926556612,0.02585431751356253,0.03037769921375793,1.289225991389768,0.026366124969569905,0.02151761446197975,0.019110963841810547,False,705,42025.137689362324,0.10457680305599518,0.06650465906230699,0.020984116960510963
SPY,2022,2022-11-10,2022-11-11,0.017111235297809335,0.024223667548469118,0.027205155003306537,0.019667696608039388,0.019618234438995814,0.023363852113065946,1.2347526799006405,0.014510025038778592,0.009504815087420404,0.007381413723213326,False,880,62725.06708676941,0.15903038050127077,0.0688273132327527,0.019737475420710013
IWM,2022,2022-11-11,2022-11-14,0.006136947800170711,0.016957331985539306,0.03234652786095897,0.021330398859804835,0.023620700984183972,0.026858962131092616,0.7179013017815878,0.01700838859740769,0.010764842414950904,0.005274749787141597,False,456,27707.96272333463,0.1084838937606854,0.09712774756742085,0.0208928165277714
QQQ,2022,2022-11-11,2022-11-14,0.019110963841810547,0.026366124969569905,0.035221852995902636,0.025169587409293134,0.02585431751356253,0.029524525398384783,1.019795821558194,0.016686452312678686,0.01171904525005707,0.0014691909734750874,False,653,31916.631168526364,0.057763890096315856,0.043358909524368563,0.02266389587010581
SPY,2022,2022-11-11,2022-11-14,0.007381413723213326,0.014510025038778592,0.02721528938638981,0.018657082187078216,0.0189532172086021,0.02227391636494189,0.7655705561266443,0.013487636903449864,0.00887407094532855,0.003882439698240203,False,847,54031.74086160661,0.17300808905147727,0.14409168886264886,0.018793263724554882
IWM,2022,2022-11-14,2022-11-15,0.005274749787141597,0.01700838859740769,0.03367923295714413,0.020735803552316783,0.023620700984183972,0.025962829311220837,0.7200628215393025,0.018366679171118908,0.009295554896918468,0.001543831408573726,True,486,34172.43430936088,0.1974322249724011,0.15778320500461684,0.0190772032668226
QQQ,2022,2022-11-14,2022-11-15,0.0014691909734750874,0.016686452312678686,0.037183693307200345,0.024469222383876027,0.02585431751356253,0.028531025350517963,0.6454029314030583,0.02494784147735954,0.02182043643647491,0.009650514661043497,True,800,37385.297323079125,0.1720503102921369,0.1372863557244432,0.019693243328673893
SPY,2022,2022-11-14,2022-11-15,0.003882439698240203,0.013487636903449864,0.02874315445123633,0.018280775170348634,0.01834404689645812,0.021449206324595172,0.7352596174431971,0.01949397343437747,0.016882566926863074,0.006630945288748524,True,1049,65270.124428273244,0.17435842907022184,0.13650437926134595,0.017021125676360542
IWM,2022,2022-11-15,2022-11-16,0.001543831408573726,0.018366679171118908,0.03366449305709933,0.020807425250691382,0.023073211134437437,0.025749069223926856,0.7960174708281548,0.015701996677083965,0.015731311763270917,0.012593815791259733,True,462,34718.7673641224,0.19923134987750238,0.17814199548678078,0.01796981893781173
QQQ,2022,2022-11-15,2022-11-16,0.009650514661043497,0.02494784147735954,0.037023590218515236,0.024565218530700327,0.02530866970900296,0.028328537759141875,0.9857429001289995,0.01698042602065413,0.009803262421249181,0.006785246903643127,True,776,40810.57864913983,0.24087978730204082,0.20281617612352723,0.020146378232485062
SPY,2022,2022-11-15,2022-11-16,0.006630945288748524,0.01949397343437747,0.02870128723585865,0.01822188935335616,0.01834404689645812,0.02126245314603784,1.0626866331300853,0.007535637490734856,0.005040629679837982,0.0033519496354588174,True,1069,72431.97140815546,0.22482545414613622,0.16188079010130374,0.01732283419944722
IWM,2022,2022-11-16,2022-11-17,0.012593815791259733,0.015701996677083965,0.031178076477345096,0.02083958683894278,0.022200208038758017,0.025383349181872805,0.7072905195154382,0.01343465756527455,0.0073229923291018295,0.0050655114727411465,True,480,52748.78292294088,0.22952917822584962,0.14069833116522076,0.01867623448310487
QQQ,2022,2022-11-16,2022-11-17,0.006785246903643127,0.01698042602065413,0.03478186977450536,0.024818491760733953,0.02530866970900296,0.028138468854898836,0.6709331709605324,0.019937361172619013,0.01936770986484393,0.013991713925741722,True,838,54046.743749639456,0.19511888833370356,0.1262365655371707,0.018156590617345834
SPY,2022,2022-11-16,2022-11-17,0.0033519496354588174,0.007535637490734856,0.02581927971622102,0.01823920768624486,0.01834404689645812,0.020877941762723937,0.410794713580341,0.012318797479529048,0.011499310685380904,0.009680886293139679,True,1169,97906.75045137637,0.1632416326781031,0.11503678010925868,0.01782759122209874
IWM,2022,2022-11-17,2022-11-18,0.0050655114727411465,0.01343465756527455,0.013807774426136812,0.020708628904665898,0.020108098492939933,0.0249147173657506,0.6681217306545189,0.014843655066547962,0.0110641887091818,0.0047131216991573854,True,476,64760.37492974961,0.1378982529713373,0.111073234862142,0.01977324019916488
QQQ,2022,2022-11-17,2022-11-18,0.013991713925741722,0.019937361172619013,0.014027283774367141,0.02477728063101957,0.02446349183351712,0.02784025468967184,0.8149842756831258,0.019694962039861857,0.019729410526056368,0.010663820097990384,True,834,63690.77098171023,0.2594953410642262,0.18037168059741687,0.01646497600920528
SPY,2022,2022-11-17,2022-11-18,0.009680886293139679,0.012318797479529048,0.00874853727075552,0.018091901915994194,0.017784838609043296,0.020455701856112476,0.692657254323643,0.01199273176142303,0.011958023578446886,0.004299269615988255,True,1125,114277.97547446871,0.19299395017944337,0.14502199398649188,0.016577196244461554
IWM,2022,2022-11-18,2022-11-21,0.0047131216991573854,0.014843655066547962,0.013473522996354608,0.020300959003186077,0.01784939237443084,0.024191472542663663,0.8316056230469459,0.009629115753251405,0.007440920233779069,0.00010944453766570383,True,437,36453.277635073515,0.09209483534079661,0.052284997872879026,0.021978791079503707
QQQ,2022,2022-11-18,2022-11-21,0.010663820097990384,0.019694962039861857,0.010442909065693036,0.024315373807005658,0.02375071903627069,0.02713560487448292,0.8292364542641795,0.0124911012829336,0.008397328778138258,0.005328084970243174,True,786,38251.3586333883,0.21602768622922822,0.09703058472735013,0.017680936339179717
SPY,2022,2022-11-18,2022-11-21,0.004299269615988255,0.01199273176142303,0.007512978209365856,0.017450617834999543,0.016848078050896997,0.019519929712810614,0.7118160139805699,0.008007306772792525,0.00504255836566414,0.00012674414324520544,True,1016,73806.44014604526,0.16970454388705755,0.08776367014528981,0.017765409631691684
IWM,2022,2022-11-21,2022-11-22,0.00010944453766570383,0.009629115753251405,0.012857482832152984,0.020387643469517488,0.01784939237443084,0.0239606245126942,0.5394646244118126,0.014204857583117172,0.007733250962262739,0.005279205353780236,False,404,42694.04267574258,0.10510827894586293,0.06579688621544505,0.021338032967060168
QQQ,2022,2022-11-21,2022-11-22,0.005328084970243174,0.0124911012829336,0.010705059994495076,0.024364428257315638,0.022491308456678624,0.026450334003957743,0.5553745931230809,0.019990070774345715,0.012276997322693717,0.011711001227872497,False,744,44764.52360491078,0.09577309120337651,0.06955239269416173,0.019708932713597693
SPY,2022,2022-11-21,2022-11-22,0.00012674414324520544,0.008007306772792525,0.006592161105307834,0.017367717708084603,0.015563298153284631,0.019016975822182817,0.5144993492977955,0.012404541681580627,0.008673076668575863,0.008244431771212035,False,989,87172.70283701051,0.1765610797735226,0.1024792261936993,0.017804155800393684
IWM,2022,2022-11-22,2022-11-23,0.005279205353780236,0.014204857583117172,0.011552740105314877,0.019664637898123085,0.017170247087575228,0.02310064703605412,0.8272948846144517,0.012100471044440925,0.008085113394359134,0.004883657214507897,False,412,43292.53810814321,0.2540585650537416,0.09945663316397123,0.01766933498568162
QQQ,2022,2022-11-22,2022-11-23,0.011711001227872497,0.019990070774345715,0.010920627330727212,0.02413518206695113,0.021056569571133388,0.026249406168955262,0.9493507813233859,0.012833454189217094,0.012204043149552257,0.009966101658740234,False,715,51648.14662478452,0.2106646124791247,0.10690931082934153,0.018466017001755614
SPY,2022,2022-11-22,2022-11-23,0.008244431771212035,0.012404541681580627,0.008363462490767899,0.017271552180878016,0.014682638546130156,0.01884299889165072,0.8448441771966144,0.009060180772832962,0.008459529435810964,0.00718314534463893,False,952,86973.11356833277,0.3124853277041459,0.2004006302149856,0.014911964637600137
IWM,2022,2022-11-23,2022-11-25,0.004883657214507897,0.012100471044440925,0.008221347185922864,0.01965309439181468,0.016982860291473497,0.02252564606081414,0.7125107806790444,0.00923870273332576,0.006915548136703142,0.0026473904741428633,False,435,46797.56875289328,0.31170671883035544,0.17231511068255564,0.01718295847619398
QQQ,2022,2022-11-23,2022-11-25,0.009966101658740234,0.012833454189217094,0.009876338775463797,0.023610271840205983,0.020321444443060964,0.025698343926087032,0.6315227357570664,0.005188168883695714,0.002688321267976468,0.0009401058928817374,False,757,50930.98940831657,0.27214628636800003,0.11800688527857409,0.018245440098977578
SPY,2022,2022-11-23,2022-11-25,0.00718314534463893,0.009060180772832962,0.007106807945117755,0.017144077004144755,0.014536897522661883,0.01848635493980747,0.6232540855921184,0.0034093899484057503,0.002687746375168887,0.0012443073357097933,False,991,87310.1636977437,0.1873578223024477,0.1231401292220125,0.01488291105384031
IWM,2022,2022-11-25,2022-11-28,0.0026473904741428633,0.00923870273332576,0.005893310199743717,0.019649310017167288,0.016573702081494068,0.022113272869304396,0.55743144699346,0.019714358260745045,0.015665572849336673,0.012436911335441114,False,371,39412.00814824694,0.25617214822375667,0.1250688521367042,0.018416086094505516
QQQ,2022,2022-11-25,2022-11-28,0.0009401058928817374,0.005188168883695714,0.010555796519164027,0.02322175137669409,0.019963715973482364,0.025045211684503615,0.25987991867782106,0.018251954372952663,0.01114417952168334,0.0076869164209317775,False,691,47410.39291051863,0.10307527378467025,0.06800235968070342,0.01964758286604349
SPY,2022,2022-11-25,2022-11-28,0.0012443073357097933,0.0034093899484057503,0.006540937805304692,0.01705507569688167,0.013998830971114228,0.017914464973573317,0.24354819023394367,0.014282523389048618,0.01007317236689631,0.007968109210857999,False,909,76829.30087354666,0.20120183365869743,0.14690167150451822,0.015679859479019436
IWM,2022,2022-11-28,2022-11-29,0.012436911335441114,0.019714358260745045,0.011602444179791813,0.019603752864656047,0.016573702081494068,0.02196529767789136,1.1894963577725814,0.009067893139172042,0.009067893139172112,0.002253178655708732,False,337,42161.88750615102,0.07158891846437818,0.03150165489287273,0.022676220989468227
QQQ,2022,2022-11-28,2022-11-29,0.0076869164209317775,0.018251954372952663,0.012869526389209004,0.022562740604051622,0.019816161606240435,0.024184972760338617,0.9210640655657967,0.014773424187860748,0.013504276363291323,0.008376316875441825,False,704,46826.42216864979,0.08429215663931437,0.06414074810882148,0.019464255058682538
SPY,2022,2022-11-28,2022-11-29,0.007968109210857999,0.014282523389048618,0.011053257226643975,0.01681882471369367,0.013885080146249241,0.017516934067352764,1.028623762960903,0.010099735193252829,0.0069921181931171805,0.0020703871529198503,False,925,76182.80113243518,0.18533243653315415,0.11430412127804872,0.017331960293735363
IWM,2022,2022-11-29,2022-11-30,0.002253178655708732,0.009067893139172042,0.01160795750946348,0.019614701271599158,0.016573702081494068,0.021717659167823464,0.5471253854199001,0.03629490168326155,0.02605788884080229,0.025729441043160994,False,338,45019.7958967194,0.10403416445352531,0.04882385256116384,0.02174021452901047
QQQ,2022,2022-11-29,2022-11-30,0.008376316875441825,0.014773424187860748,0.012452018537892203,0.022465963879492026,0.019816161606240435,0.02399436603380966,0.7455240061833344,0.04807007611464847,0.04497224415149481,0.04458050554383486,False,655,49285.21748889919,0.14023659152132853,0.051154419321264105,0.01832623074929318
SPY,2022,2022-11-29,2022-11-30,0.0020703871529198503,0.010099735193252829,0.010928577735561442,0.016721742630201576,0.013885080146249241,0.017538836389721375,0.7273804030566621,0.03590478151175948,0.030822530891824185,0.030822530891824185,False,892,82361.96885925828,0.1784934010265895,0.10550574521260656,0.017244638410720704
IWM,2022,2022-11-30,2022-12-01,0.025729441043160994,0.03629490168326155,0.016831584713992962,0.02055821954388912,0.016982860291473497,0.022793557556348785,2.13714892899896,0.016529368648625153,0.010852570572614795,0.006324672980175028,False,321,37197.31673137534,0.09603307879375711,0.046908910370156834,0.022106472875914822
QQQ,2022,2022-11-30,2022-12-01,0.04458050554383486,0.04807007611464847,0.024243582786498533,0.024418602212505136,0.019816161606240435,0.025081597206014904,2.425801579025799,0.016582093624923806,0.009660332478768519,0.00010214436667066451,False,672,45302.44244727581,0.08868707254611402,0.04449716399731664,0.02055326276083046
SPY,2022,2022-11-30,2022-12-01,0.030822530891824185,0.03590478151175948,0.01739533528511815,0.0179608449345897,0.013885080146249241,0.018416066506955934,2.585853386050378,0.01284340861878783,0.009932029681709365,0.0034004065078585555,False,933,67937.22972855653,0.09519614711232738,0.046869124466142484,0.01925636155420595
IWM,2022,2022-12-01,2022-12-02,0.006324672980175028,0.016529368648625153,0.016993806013086397,0.018933185205385353,0.01674335031708223,0.021561693068510832,0.9872199013695148,0.024570151864556706,0.024353233237925487,0.019959906883065592,False,337,45302.08282238376,0.04977048304910766,0.01586106589427812,0.020782276746753765
QQQ,2022,2022-12-01,2022-12-02,0.00010214436667066451,0.016582093624923806,0.02413864388263178,0.022762571419051074,0.018973458206407258,0.023621640268696432,0.8739626400486181,0.01764062765901076,0.017016716977551916,0.013897480866756684,False,612,51241.832552502034,0.14145472749369337,0.06380146251682721,0.02014031687065103
SPY,2022,2022-12-01,2022-12-02,0.0034004065078585555,0.01284340861878783,0.01744524242202192,0.01673361017719963,0.013415615146201963,0.017256407184828734,0.9573477234418037,0.014219939597576134,0.013946514236326868,0.011584844405492456,False,816,74100.33627076072,0.12725518138214567,0.07080356600949625,0.017577689504276142
IWM,2022,2022-12-02,2022-12-05,0.019959906883065592,0.024570151864556706,0.017079952259505062,0.018810124942608954,0.01674335031708223,0.02169424728024037,1.4674573128586614,0.026115834672335757,0.02568892371677256,0.021352913839940535,False,294,40930.292001172995,0.06631811109593545,0.04505007700745709,0.021226945835063134
QQQ,2022,2022-12-02,2022-12-05,0.013897480866756684,0.01764062765901076,0.02389176325927617,0.022127436745175682,0.018973458206407258,0.023483943573296983,0.9297528930732087,0.019044006771501344,0.014782495462356549,0.009435877774989221,False,662,48512.82002824496,0.11518538071966794,0.08238263017102901,0.02014714770140674
SPY,2022,2022-12-02,2022-12-05,0.011584844405492456,0.014219939597576134,0.017487426326743997,0.0164361604574099,0.013415615146201963,0.017147504794465314,1.0599543474234112,0.016734692520772275,0.014516409032258482,0.010793453985356138,False,844,74132.93897912925,0.21815471091165398,0.12732057902903168,0.016957984009921597
IWM,2022,2022-12-05,2022-12-06,0.021352913839940535,0.026115834672335757,0.0196816411019572,0.019859640685738613,0.01674335031708223,0.021987279339857273,1.559773532641872,0.02132542537377691,0.02121958349845654,0.015365253081627839,False,274,50502.92254517378,0.10156924526165605,0.04609077438621661,0.022387236592327078
QQQ,2022,2022-12-05,2022-12-06,0.009435877774989221,0.019044006771501344,0.024321449465484195,0.02255900256113181,0.018647980572227003,0.023132419881816222,1.0212369482979917,0.025601729060433783,0.025761796079080357,0.02017537946602732,False,626,50167.21243594262,0.0770236112231539,0.055528737471545866,0.020480026932280505
SPY,2022,2022-12-05,2022-12-06,0.010793453985356138,0.016734692520772275,0.01803541379748292,0.017021283163540395,0.013415615146201963,0.017026066261182755,1.2474040391289818,0.020905250876839778,0.01986517845037028,0.013995359940771057,False,881,89581.07323012868,0.2158004085048983,0.10865123687125727,0.017053099039416465
IWM,2022,2022-12-06,2022-12-07,0.015365253081627839,0.02132542537377691,0.02095132567870918,0.02018498792951919,0.016982860291473497,0.02223930301233321,1.2557028090541182,0.013296241388864743,0.009735744089012455,0.0011683266418202054,False,289,50952.01800404765,0.20598833207503145,0.04944050201478691,0.018200640362585237
QQQ,2022,2022-12-06,2022-12-07,0.02017537946602732,0.025601729060433783,0.026461168119732037,0.023177485320736584,0.0193694844056816,0.023551966190300637,1.3217558363569089,0.013513062104419146,0.00748745354004221,0.00021391791754066247,False,616,47229.11991250864,0.06630090872494844,0.04592975141993369,0.021491629597002786
SPY,2022,2022-12-06,2022-12-07,0.013995359940771057,0.020905250876839778,0.01951921947985388,0.017385226408473807,0.013853788250512998,0.017401293555077583,1.5089916562039027,0.00933988243734903,0.006871309080917154,0.0005598850189245663,False,830,95404.53467486252,0.16205536380980828,0.09918648469218949,0.01941928194908215
IWM,2022,2022-12-07,2022-12-08,0.0011683266418202054,0.013296241388864743,0.013088025146533082,0.020198413398082454,0.01674335031708223,0.02162431192087968,0.7941207187966073,0.01725955801424891,0.01028932105100866,0.0003871884924238067,False,348,54095.97418575131,0.24623349395474164,0.062017930152348015,0.019465397912475698
QQQ,2022,2022-12-07,2022-12-08,0.00021391791754066247,0.013513062104419146,0.009378233528820942,0.02320150553271223,0.018647980572227003,0.022855081084550536,0.7246394349286568,0.017913474964945,0.010393361844984739,0.006881637459490442,False,724,49374.136792805395,0.18313898587988495,0.07636776667633415,0.020510629218811163
SPY,2022,2022-12-07,2022-12-08,0.0005598850189245663,0.00933988243734903,0.008322274817255634,0.01738333665694822,0.013165522761118847,0.01689342084593419,0.7094197934116288,0.010350752103731032,0.0056181875305647555,0.0027837615659254134,False,980,104843.13537487204,0.17287620309263177,0.12426739051028088,0.01916268409185681
IWM,2022,2022-12-08,2022-12-09,0.0003871884924238067,0.01725955801424891,0.014782157578820917,0.019162876425889926,0.01674335031708223,0.021022941681849032,1.030830609608641,0.012515992359825952,0.006776471384472016,0.006397113689392109,False,345,60100.35147470681,0.23676872212985706,0.06929243183209671,0.01829732988991731
QQQ,2022,2022-12-08,2022-12-09,0.006881637459490442,0.017913474964945,0.012806281451268494,0.022498499925263208,0.018082714668948834,0.022547546156927306,0.9906408021637124,0.014320633448284568,0.01000677880652856,0.0027226371780310066,False,704,54838.77221849481,0.19158858083673097,0.07996097073146098,0.019962513353571947
SPY,2022,2022-12-08,2022-12-09,0.0027837615659254134,0.010350752103731032,0.010566085567137673,0.016619527535007783,0.012623975150184229,0.01632938274175029,0.8199281114380186,0.011318177933536372,0.006785822300132471,0.004203179348376218,False,935,105892.44231098193,0.19109900549436595,0.1323736860674603,0.01744075701054278
IWM,2022,2022-12-09,2022-12-12,0.006397113689392109,0.012515992359825952,0.013116298847956478,0.013276943875850775,0.01611568266285456,0.01855535663856476,0.7766343270505305,0.017277026739949804,0.012524406809796496,0.010455661466990174,False,299,54091.397872508474,0.11939729331552748,0.09622112656902292,0.02192305644698607
QQQ,2022,2022-12-09,2022-12-12,0.0027226371780310066,0.014320633448284568,0.012721612932341576,0.015445140456844928,0.017777051311977883,0.019514565924858288,0.805568549978565,0.01587417960084496,0.012118253181707894,0.011905553600132457,False,683,48436.44318494817,0.07769479588687273,0.059079632250597786,0.02162051045613204
SPY,2022,2022-12-09,2022-12-12,0.004203179348376218,0.011318177933536372,0.010292836863612759,0.0113878002960367,0.012361669580554837,0.014098951345358282,0.915586511982176,0.014057011369503762,0.01228090389831471,0.01228090389831471,False,884,85721.00508089045,0.14252683662447727,0.11473943834963748,0.020520253057839062
IWM,2022,2022-12-12,2022-12-13,0.010455661466990174,0.017277026739949804,0.011809436769874624,0.013440385792083103,0.01611568266285456,0.01848710444157984,1.0720629774978168,0.03499703951716731,0.031031399782561753,0.023421046383417132,True,266,44328.35615943791,0.24475239163538515,0.225231598547937,0.019654495620058044
QQQ,2022,2022-12-12,2022-12-13,0.011905553600132457,0.01587417960084496,0.013919697246443655,0.015128607452978058,0.017310526839832446,0.018991361062579454,0.917024637535446,0.036979610471629044,0.03756423383865792,0.026967807735036042,True,632,40717.73362895913,0.17449228327056293,0.1484595723672014,0.01922378786026895
SPY,2022,2022-12-12,2022-12-13,0.01228090389831471,0.014057011369503762,0.01156887250829139,0.011648659238508881,0.012361669580554837,0.01409265793051881,1.1371450496958544,0.027838678943429104,0.027939944600812172,0.02011115980559275,True,854,73108.29709936853,0.1946557187405149,0.1424864130737273,0.019532962089051302
IWM,2022,2022-12-13,2022-12-14,0.023421046383417132,0.03499703951716731,0.00938499494913629,0.013291890308997845,0.01611568266285456,0.0194400977547204,2.171613840339067,0.022502905995220465,0.013867895219740412,0.006177238609390789,True,268,61273.73645706665,0.1016808856850569,0.08622069558157916,0.02041659333697005
QQQ,2022,2022-12-13,2022-12-14,0.026967807735036042,0.036979610471629044,0.00933675919665431,0.015184100131089439,0.017777051311977883,0.020141556073189834,2.0801880932139065,0.028536717823474157,0.017161571064176373,0.005346217992033275,True,624,58887.01338176235,0.22470939482680077,0.19134215125665494,0.020716471168407465
SPY,2022,2022-12-13,2022-12-14,0.02011115980559275,0.027838678943429104,0.008659481082497164,0.011576552673248043,0.012361669580554837,0.014867700503729767,2.252016102033654,0.02288290325590754,0.013373338612748809,0.005502829948671573,True,856,86877.31553370517,0.18728799593177323,0.14355385526736314,0.018157087233484876
IWM,2022,2022-12-14,2022-12-15,0.006177238609390789,0.022502905995220465,0.009935135516745488,0.012815952520335017,0.01611568266285456,0.019279705144719987,1.3963358838709314,0.019996701914243943,0.017081841909559525,0.013200056842267993,True,300,61451.60990292526,0.35126842732742114,0.32322493060267427,0.014537683747717677
QQQ,2022,2022-12-14,2022-12-15,0.005346217992033275,0.028536717823474157,0.010218342557711707,0.014955787653584556,0.017777051311977883,0.020195609759510333,1.6052559742709742,0.02599793393186688,0.02415922233151102,0.019268133682412425,True,667,67511.5005743337,0.05257838172959439,0.03860522269342191,0.017639740905383443
SPY,2022,2022-12-14,2022-12-15,0.005502829948671573,0.02288290325590754,0.009647330552000706,0.011541374061532533,0.012361669580554837,0.015021247210204331,1.8511175296177487,0.018665953790054226,0.016525233706623954,0.01184373080074319,True,911,95165.93151531347,0.2497182365551834,0.18743223061795397,0.015715047296612283
IWM,2022,2022-12-15,2022-12-16,0.013200056842267993,0.019996701914243943,0.01422853832854805,0.01338942499817196,0.01689446333143703,0.01968502876956797,1.1836245710767446,0.014039139232233586,0.007537385129985585,0.0032795860496039886,True,301,71862.33165080377,0.32525777750314655,0.27386025660571267,0.01764931532699912
QQQ,2022,2022-12-15,2022-12-16,0.019268133682412425,0.02599793393186688,0.018576030185740573,0.016472159540343045,0.018082714668948834,0.02124418694394774,1.4377229529872444,0.01868212684307049,0.013169095221655214,0.007060145260129769,True,587,60324.12327606298,0.10973088154346877,0.09551993586823139,0.01787841764802911
SPY,2022,2022-12-15,2022-12-16,0.01184373080074319,0.018665953790054226,0.015056772063398149,0.012696514997088298,0.012623975150184229,0.01599790573410864,1.4786114174014215,0.014382829151790687,0.01086495915919361,0.004958730199979722,True,783,87322.44552607759,0.23108344970474395,0.19215805446742615,0.0173629565983457
IWM,2022,2022-12-16,2022-12-19,0.0032795860496039886,0.014039139232233586,0.013828585022551692,0.013345460440762798,0.01689446333143703,0.01952677159846675,0.8309905415053767,0.020502845304053285,0.018312237518484986,0.014890361917572092,True,272,27331.234240631184,0.13294754201446296,0.02852014772941201,0.022212651870454264
QQQ,2022,2022-12-16,2022-12-19,0.007060145260129769,0.01868212684307049,0.01869577830313098,0.016572438998255046,0.018082714668948834,0.02119502275352699,1.0331483510687114,0.01997298469429826,0.020038009156751357,0.015043616280142613,True,570,23882.313173283444,0.1535243056990111,0.07782518196235713,0.019782247838411197
SPY,2022,2022-12-16,2022-12-19,0.004958730199979722,0.014382829151790687,0.01615500391653801,0.013165915399770854,0.013450209994145796,0.016428846401820397,1.0693386317426132,0.014447045472361128,0.013720002268569065,0.008996824252350377,True,840,45878.91224376394,0.13466298102812557,0.08137018597423741,0.02044110251408014
IWM,2022,2022-12-19,2022-12-20,0.014890361917572092,0.020502845304053285,0.010521583573081993,0.013411003637547898,0.017268292377099356,0.01979458587587829,1.1873116841155347,0.01654343581855667,0.013689090281243654,0.00728141208908184,False,222,33392.436548877966,0.05822819829175167,0.027956838742795705,0.020443780965771603
QQQ,2022,2022-12-19,2022-12-20,0.015043616280142613,0.01997298469429826,0.016021410427245874,0.016883774160300992,0.018082714668948834,0.021249763819790664,1.104534637633549,0.01627195098642368,0.010277069521579918,0.00364913239215503,False,551,25824.75377559079,0.22913007718490935,0.11746568862362329,0.0198899309058885
SPY,2022,2022-12-19,2022-12-20,0.008996824252350377,0.014447045472361128,0.011962538753104233,0.013182366540002578,0.014138475483539949,0.016546615573745205,1.0218248416655966,0.011549731708787168,0.007910766324103369,0.003454361523727023,False,759,60515.12913710186,0.17645843207677428,0.09963999255269437,0.016877182618434544
IWM,2022,2022-12-20,2022-12-21,0.00728141208908184,0.01654343581855667,0.01105660092832709,0.013533082368711931,0.017268292377099356,0.01999688934730595,0.9580238426178163,0.014904019197472525,0.013470943792637913,0.008311819854444513,False,215,40358.59279029934,0.12810994526701158,0.08862783499135886,0.018285938468927836
QQQ,2022,2022-12-20,2022-12-21,0.00364913239215503,0.01627195098642368,0.012511185717724319,0.016788934950044326,0.018082714668948834,0.02139619541792906,0.8998621769089489,0.01862530831944573,0.015447127056539056,0.010532173093984909,False,511,31344.934644659625,0.24381781868097224,0.14346465277226245,0.017142051209203837
SPY,2022,2022-12-20,2022-12-21,0.003454361523727023,0.011549731708787168,0.009874223778713833,0.013196742915224834,0.014138475483539949,0.01669742948894989,0.8169007841215552,0.01231572399400685,0.010854543149665608,0.00777563205826004,False,727,72126.58307045203,0.24783598974174664,0.15582483301327216,0.014747915514649546
IWM,2022,2022-12-21,2022-12-22,0.008311819854444513,0.014904019197472525,0.016430187633198926,0.013947010720347331,0.017268292377099356,0.02040474545164282,0.8630858727663048,0.021912506648859933,0.021444915341748416,0.004187436011424572,False,316,59518.003253942894,0.07111563126270924,0.033157580434886536,0.019240488210209166
QQQ,2022,2022-12-21,2022-12-22,0.010532173093984909,0.01862530831944573,0.017882833742398553,0.016794302756536567,0.018082714668948834,0.021366057160969336,1.0300062053972805,0.029772979381503806,0.030176078966648756,0.013388545942058405,False,592,54208.049263949724,0.10555842150279765,0.07145477293189702,0.019192574671120625
SPY,2022,2022-12-21,2022-12-22,0.00777563205826004,0.01231572399400685,0.015371367369460714,0.013291210900922256,0.014138475483539949,0.01690570041599402,0.871078639867845,0.029865560125247555,0.02209354810156583,0.0060827219593202475,False,851,108600.35039104476,0.23743719453559922,0.1538585813613033,0.01527491443578028
IWM,2022,2022-12-22,2022-12-23,0.004187436011424572,0.021912506648859933,0.013304920758321579,0.014094027689588836,0.018495692500347424,0.021287736640445115,1.1847356701268863,0.01216278915331222,0.006614827746737051,0.005245582686885575,False,330,70498.11745021115,0.13679614246363314,0.0768573247649933,0.020300981306763045
QQQ,2022,2022-12-22,2022-12-23,0.013388545942058405,0.029772979381503806,0.015005279707850294,0.017247959630747434,0.018438631346199198,0.022733851437634175,1.6147065811173118,0.016988773665147665,0.009680970777870002,0.007119388714991182,False,544,46387.54551587842,0.09121415463607367,0.05529558316890121,0.021268831056833585
SPY,2022,2022-12-22,2022-12-23,0.0060827219593202475,0.029865560125247555,0.01288241954052814,0.013438157450572561,0.014251231493312377,0.017936662633496962,2.095647673624729,0.013249042170848442,0.008981966856133061,0.008586882175780852,False,755,100339.56401050903,0.26427788438537425,0.14810497089009944,0.015748148756517352
IWM,2022,2022-12-23,2022-12-27,0.005245582686885575,0.01216278915331222,0.013226809892993546,0.014152324431496121,0.018495692500347424,0.021433770005923683,0.6576011767650092,0.011413199622608387,0.010314050066121627,0.0065381933107240275,False,293,55998.257087707025,0.25103003798509876,0.11291613043868723,0.019401151806185266
QQQ,2022,2022-12-23,2022-12-27,0.007119388714991182,0.016988773665147665,0.015491170674155032,0.017286681100443672,0.018438631346199198,0.023163699746805787,0.9213684761179198,0.014321089690609363,0.014104822538478112,0.011846756308766415,False,517,44665.998774306965,0.05529067265657814,0.04195891600662525,0.021524788055820487
SPY,2022,2022-12-23,2022-12-27,0.008586882175780852,0.013249042170848442,0.011552850256331558,0.013561572040896452,0.014251231493312377,0.018427033375621786,0.9296770020938732,0.009143394346431228,0.008270814431498907,0.0036312720222799744,False,734,91460.52322954369,0.16693217889845524,0.11284066592723944,0.017239288912867752
IWM,2022,2022-12-27,2022-12-28,0.0065381933107240275,0.011413199622608387,0.01173711676297282,0.013603838939867906,0.017268292377099356,0.020848493772451814,0.6609338881558549,0.021711571339908177,0.016672516138001692,0.015301963324629297,False,245,64812.82751825205,0.12754833950716207,0.08963493272873996,0.01985972052422522
QQQ,2022,2022-12-27,2022-12-28,0.011846756308766415,0.014321089690609363,0.015100803325793099,0.017268698190737883,0.018269391642195366,0.02306729417478873,0.7838843225372145,0.02181095847362254,0.013244531998219289,0.011665490624226282,False,436,41386.59895420904,0.06949372638018332,0.05761844692533765,0.018294661032926995
SPY,2022,2022-12-27,2022-12-28,0.0036312720222799744,0.009143394346431228,0.010892947727543336,0.01318967828910356,0.014138475483539949,0.017986786262356325,0.646702988386265,0.01827813564665008,0.01304386846974559,0.012246566162116501,False,651,94652.74487039141,0.2658938410698685,0.18026303988418807,0.015874552208231765
IWM,2022,2022-12-28,2022-12-29,0.015301963324629297,0.021711571339908177,0.01358518947298341,0.01385197216444493,0.018636864327096873,0.021447128822263458,1.1649798463328869,0.02242025434513831,0.020556712987440218,0.018227375148860192,False,288,58007.864240778756,0.3390664740434244,0.23016189965544764,0.016216827235312026
QQQ,2022,2022-12-28,2022-12-29,0.011665490624226282,0.02181095847362254,0.015350273701905313,0.01738657226238745,0.01865371758125811,0.023416873669359108,1.1692553175318035,0.01958470514083568,0.016884707125360388,0.013233994141358174,False,544,37794.27066722449,0.21848947847472905,0.14924053476353447,0.019531269208862636
SPY,2022,2022-12-28,2022-12-29,0.012246566162116501,0.01827813564665008,0.012353722496771363,0.013402597681587648,0.01430138437468341,0.01839535998317454,1.2780675749829082,0.013881988945728342,0.01243316165738828,0.010036081209571002,False,762,94952.32412356502,0.24276513660389792,0.1800462081097932,0.01695802912981702
IWM,2022,2022-12-29,2022-12-30,0.018227375148860192,0.02242025434513831,0.01668612003939069,0.013614881662926728,0.018636864327096873,0.021013319524138825,1.2030057176807698,0.012172612524108693,0.007961260597481923,0.005884413834142732,False,322,63625.93128303261,0.3232781757285029,0.18725666821119716,0.01586649809062654
QQQ,2022,2022-12-29,2022-12-30,0.013233994141358174,0.01958470514083568,0.019007449447112783,0.01465900146685444,0.01865371758125811,0.02241436104300868,1.0499089554412981,0.01562853802252758,0.010583448132155615,0.010090295544262107,False,552,48538.242933436944,0.08555522780399287,0.06544378683572892,0.016100057565910205
SPY,2022,2022-12-29,2022-12-30,0.010036081209571002,0.013881988945728342,0.013427074633874431,0.01186098957971781,0.014138475483539949,0.017619754855043,0.9818589678844647,0.010902673751516498,0.005839975729803326,0.004702548230503201,False,771,103726.22684288872,0.3037987310669975,0.2159850452658295,0.01447820943650831
IWM,2022,2022-12-30,2023-01-03,0.005884413834142732,0.012172612524108693,0.015425614513131652,0.01361278284817679,0.018636864327096873,0.020823961193412243,0.6531470267994842,0.030807785217855585,0.023443856442040722,0.014380713264504963,False,293,40712.935335776085,0.26097446455166906,0.04257711139160086,0.019650125455207446
QQQ,2022,2022-12-30,2023-01-03,0.010090295544262107,0.01562853802252758,0.015599888969591424,0.014625774615901588,0.01865371758125811,0.02236310947184144,0.8378243079132919,0.029852928330093762,0.02487311216656285,0.015521991456895479,False,574,31678.157952356385,0.26437497889723033,0.12291955806422135,0.018129055890915114
SPY,2022,2022-12-30,2023-01-03,0.004702548230503201,0.010902673751516498,0.01150580826174319,0.011849563902446859,0.014138475483539949,0.017629165224125637,0.7711350325011647,0.02237429095081586,0.017309395170705955,0.009235860858198386,False,791,73276.84399639268,0.19972152834754328,0.12763387179343563,0.016139624385896674
