date,prev_snapshot,next_date,qqq_open,qqq_close,day_oc,meaningful_move,next_cc,next_abs_cc,next_gap,next_oc,next_range,continued,monthly_opex_week,quarterly_opex_week,dte1_30_matched_contracts,dte1_30_call_build,dte1_30_call_unwind,dte1_30_call_volume,dte1_30_call_persistence,dte1_30_put_build,dte1_30_put_unwind,dte1_30_put_volume,dte1_30_put_persistence,dte1_30_total_build,dte1_30_total_unwind,dte1_30_total_volume,dte1_30_total_persistence,dte1_30_build_imbalance,dte1_7_matched_contracts,dte1_7_call_build,dte1_7_call_unwind,dte1_7_call_volume,dte1_7_call_persistence,dte1_7_put_build,dte1_7_put_unwind,dte1_7_put_volume,dte1_7_put_persistence,dte1_7_total_build,dte1_7_total_unwind,dte1_7_total_volume,dte1_7_total_persistence,dte1_7_build_imbalance,dte8_30_matched_contracts,dte8_30_call_build,dte8_30_call_unwind,dte8_30_call_volume,dte8_30_call_persistence,dte8_30_put_build,dte8_30_put_unwind,dte8_30_put_volume,dte8_30_put_persistence,dte8_30_total_build,dte8_30_total_unwind,dte8_30_total_volume,dte8_30_total_persistence,dte8_30_build_imbalance
2026-01-21,2026-01-20,2026-01-22,609.469970703125,616.280029296875,0.011173739349115808,True,0.007269390951806898,0.007269390951806898,0.009849331473531286,-0.0025547776696152047,0.007593938556017689,True,False,False,615,115452.0,1875.0,1146470.0,0.10070215531152145,58054.0,49158.0,998023.0,0.058169000113223845,173506.0,51033.0,2144493.0,0.08090770172716814,0.33081276728182313,342,90230.0,1205.0,1037853.0,0.08693909445750024,40992.0,12529.0,899001.0,0.04559727964707492,131222.0,13734.0,1936854.0,0.06775007305661655,0.3752267150325403,273,25222.0,670.0,108617.0,0.2322104274653139,17062.0,36629.0,99022.0,0.17230514431136515,42284.0,37299.0,207639.0,0.20364189771671026,0.19298079651877778
2026-01-22,2026-01-21,2026-01-23,622.3499755859375,620.760009765625,-0.0025547776696152047,True,0.0031573569602849627,0.0031573569602849627,-0.0016593035644546505,0.004824666110413878,0.010873767468604396,False,False,False,618,84647.0,9331.0,648484.0,0.13053059134843728,55482.0,5434.0,700029.0,0.07925671650745898,140129.0,14765.0,1348513.0,0.10391371829563378,0.20812965196354788,322,53553.0,5467.0,542826.0,0.09865592289241856,35951.0,1221.0,559303.0,0.06427821771025723,89504.0,6688.0,1102129.0,0.08121009428115947,0.19666160171612443,296,31094.0,3864.0,105658.0,0.29428912150523384,19531.0,4213.0,140726.0,0.13878743089407786,50625.0,8077.0,246384.0,0.2054719462302747,0.22840493827160493
2026-01-23,2026-01-22,2026-01-26,619.72998046875,622.719970703125,0.004824666110413878,True,0.004400133926068639,0.004400133926068639,0.0007869528722161956,0.003610339886509051,0.008816146089190215,True,False,False,545,63813.0,9357.0,589814.0,0.10819173502154916,101056.0,2332.0,755567.0,0.13374856233795282,164869.0,11689.0,1345381.0,0.12254446881589676,-0.22589449805603237,323,40073.0,3326.0,522577.0,0.0766834361252026,61191.0,465.0,677760.0,0.09028417138810198,101264.0,3791.0,1200337.0,0.08436297473126297,-0.20854400379206825,222,23740.0,6031.0,67237.0,0.35307940568437024,39865.0,1867.0,77807.0,0.5123574999678692,63605.0,7898.0,145044.0,0.43852210363751687,-0.2535178052039934
2026-01-26,2026-01-23,2026-01-27,623.2100219726562,625.4600219726562,0.003610339886509051,True,0.009065300276544397,0.009065300276544397,0.005515862006646,0.0035299674565203443,0.007514391019032183,True,False,False,482,59205.0,6910.0,482109.0,0.12280417913791279,93631.0,5148.0,605335.0,0.1546763362435676,152836.0,12058.0,1087444.0,0.14054608789050288,-0.2252479782250255,255,41220.0,2631.0,424612.0,0.09707686075758575,66730.0,208.0,552209.0,0.12084192760349795,107950.0,2839.0,976821.0,0.11051154715142283,-0.2363131079203335,227,17985.0,4279.0,57497.0,0.3127989286397551,26901.0,4940.0,53126.0,0.5063622331814931,44886.0,9219.0,110623.0,0.40575648825289495,-0.19863654591632135
2026-01-27,2026-01-26,2026-01-28,628.9099731445312,631.1300048828125,0.0035299674565203443,True,0.003311466423943088,0.003311466423943088,0.0068607371798901085,-0.0035250860669054918,0.0075895267065192815,True,False,False,665,59930.0,9583.0,587124.0,0.10207383789455038,54267.0,4257.0,563032.0,0.09638350928544026,114197.0,13840.0,1150156.0,0.09928827046070272,0.04958974403881013,334,43105.0,4362.0,458099.0,0.09409538112940652,41896.0,2468.0,481617.0,0.08699028481137501,85001.0,6830.0,939716.0,0.09045392437715224,0.014223362078093198,331,16825.0,5221.0,129025.0,0.13040108506103468,12371.0,1789.0,81415.0,0.15194988638457288,29196.0,7010.0,210440.0,0.13873788253183805,0.152555144540348
2026-01-28,2026-01-27,2026-01-29,635.4600219726562,633.219970703125,-0.0035250860669054918,True,-0.00598524715374249,0.00598524715374249,-0.0009000763011779433,-0.005089752017734539,0.024320084791081668,True,False,False,566,101790.0,11539.0,701181.0,0.14516936425830135,67195.0,5791.0,561473.0,0.11967628007045752,168985.0,17330.0,1262654.0,0.1338331799527028,0.20472231263129864,303,71208.0,8044.0,557882.0,0.12763989517496532,49786.0,2044.0,471046.0,0.10569243768124557,120994.0,10088.0,1028928.0,0.11759229022827641,0.17705010165793345,263,30582.0,3495.0,143299.0,0.2134139107739761,17409.0,3747.0,90427.0,0.1925199332057903,47991.0,7242.0,233726.0,0.20533017293754224,0.2744889666812527
2026-01-29,2026-01-28,2026-01-30,632.6500244140625,629.4299926757812,-0.005089752017734539,True,-0.012010863235886293,0.012010863235886293,-0.005910062670053229,-0.006137071040291819,0.014235136674320425,True,False,False,608,58337.0,17243.0,1127234.0,0.05175234245950708,112917.0,9659.0,853805.0,0.13225150941959815,171254.0,26902.0,1981039.0,0.0864465565796534,-0.31870788419540563,304,33177.0,8626.0,875337.0,0.03790197375410842,42520.0,5844.0,724619.0,0.05867911274752663,75697.0,14470.0,1599956.0,0.047311926077967144,-0.12342629166281359,304,25160.0,8617.0,251897.0,0.09988209466567684,70397.0,3815.0,129186.0,0.5449274689207809,95557.0,12432.0,381083.0,0.2507511486998895,-0.47340330901974736
2026-01-30,2026-01-29,2026-02-02,625.7100219726562,621.8699951171875,-0.006137071040291819,True,0.006866418326623602,0.006866418326623602,-0.005097500980987046,0.01202521786748667,0.01580718987413333,False,False,False,546,92567.0,5940.0,707526.0,0.13083194115834612,130306.0,9183.0,797030.0,0.16348945460020325,222873.0,15123.0,1504556.0,0.14813207351537597,-0.16932961821306305,324,61409.0,2613.0,609798.0,0.10070383963214048,57151.0,2588.0,665625.0,0.08586065727699531,118560.0,5201.0,1275423.0,0.09295739531120263,0.03591430499325236,222,31158.0,3327.0,97728.0,0.318823673870334,73155.0,6595.0,131405.0,0.5567139758761083,104313.0,9922.0,229133.0,0.4552508804929888,-0.40260561962555
2026-02-02,2026-01-30,2026-02-03,618.7000122070312,626.1400146484375,0.01202521786748667,True,-0.015363967949866497,0.015363967949866497,0.003449664761872917,-0.01874895510200192,0.03037652609819706,False,False,False,735,77595.0,5002.0,556134.0,0.13952572581428216,59814.0,25506.0,765795.0,0.07810706520674593,137409.0,30508.0,1321929.0,0.10394582462446925,0.12940200423553042,363,43201.0,3844.0,470624.0,0.09179514856870878,29906.0,8355.0,664642.0,0.044995651794499894,73107.0,12199.0,1135266.0,0.06439636173372584,0.18185673054563858,372,34394.0,1158.0,85510.0,0.40222196234358554,29908.0,17151.0,101153.0,0.2956709143574585,64302.0,18309.0,186663.0,0.3444817666061298,0.06976454853659295
2026-02-03,2026-02-02,2026-02-04,628.2999877929688,616.52001953125,-0.01874895510200192,True,-0.017469050785145046,0.017469050785145046,-0.0024330110174531905,-0.015072711841665476,0.02372997537685139,True,False,False,695,26454.0,9197.0,1139855.0,0.023208215079988243,98219.0,10548.0,1024623.0,0.09585867192128227,124673.0,19745.0,2164478.0,0.05759956904158878,-0.5756258371900893,348,20067.0,3982.0,1010813.0,0.019852336683441944,66587.0,3152.0,792016.0,0.08407279650916143,86654.0,7134.0,1802829.0,0.048065568059976846,-0.5368476931243797,347,6387.0,5215.0,129042.0,0.0494955130887618,31632.0,7396.0,232607.0,0.13598902870506907,38019.0,12611.0,361649.0,0.1051267942120675,-0.6640101002130514
2026-02-04,2026-02-03,2026-02-05,615.02001953125,605.75,-0.015072711841665476,True,-0.014395329266405299,0.014395329266405299,-0.009145650891198898,-0.005298133252306991,0.016590982737051178,True,False,False,519,82823.0,654.0,910366.0,0.09097769468543421,106636.0,23638.0,1106850.0,0.09634187107557483,189459.0,24292.0,2017216.0,0.09392102779275992,-0.12568946315561677,267,67002.0,7.0,751453.0,0.0891632610422741,62432.0,12131.0,739252.0,0.08445293350575987,129434.0,12138.0,1490705.0,0.08682737362523102,0.03530756988117496,252,15821.0,647.0,158913.0,0.09955761957800809,44204.0,11507.0,367598.0,0.12025092628360329,60025.0,12154.0,526511.0,0.11400521546558381,-0.4728529779258642
2026-02-05,2026-02-04,2026-02-06,600.2100219726562,597.030029296875,-0.005298133252306991,True,0.021137957050586076,0.021137957050586076,0.005292821113626056,0.01576171201482124,0.021171386685804365,False,False,False,421,66335.0,226.0,629760.0,0.10533377794715447,250279.0,42811.0,820695.0,0.3049598206398236,316614.0,43037.0,1450455.0,0.21828598612159633,-0.5809724143594408,187,39096.0,2.0,540484.0,0.07233516625839062,58428.0,5752.0,628450.0,0.0929715967857427,97524.0,5754.0,1168934.0,0.08342986002631457,-0.1982281284606866,234,27239.0,224.0,89276.0,0.3051099959675613,191851.0,37059.0,192245.0,0.9979505318733908,219090.0,37283.0,281521.0,0.7782367922819257,-0.7513441964489479
2026-02-06,2026-02-05,2026-02-09,600.1900024414062,609.6500244140625,0.01576171201482124,True,0.00766010452414001,0.00766010452414001,-0.003461078163240816,0.011159807653957854,0.01868287409548535,True,False,False,505,83592.0,17580.0,470052.0,0.1778356437160144,34023.0,28294.0,622914.0,0.05461909669713636,117615.0,45874.0,1092966.0,0.10761084974280993,0.4214513454916465,290,48014.0,16506.0,377872.0,0.12706419104882077,20333.0,8579.0,533209.0,0.03813326481736055,68347.0,25085.0,911081.0,0.07501747923620403,0.4050068035173453,215,35578.0,1074.0,92180.0,0.3859622477760903,13690.0,19715.0,89705.0,0.1526113371606934,49268.0,20789.0,181885.0,0.27087445363828794,0.4442640253308435
2026-02-09,2026-02-06,2026-02-10,607.5399780273438,614.3200073242188,0.011159807653957854,True,-0.004639335504483366,0.004639335504483366,0.0016115220448167378,-0.006240800361939636,0.009783190672566043,False,False,False,478,62350.0,13313.0,521826.0,0.11948427253528954,64126.0,20417.0,559894.0,0.1145323936316517,126476.0,33730.0,1081720.0,0.11692119957105351,-0.014042189822575034,256,32944.0,5657.0,443490.0,0.07428352386750547,42636.0,9864.0,485775.0,0.08776902887139107,75580.0,15521.0,929265.0,0.08133309658708765,-0.12823498279968246,222,29406.0,7656.0,78336.0,0.3753829656862745,21490.0,10553.0,74119.0,0.28993915190437,50896.0,18209.0,152455.0,0.3338427732773605,0.1555328513046212
2026-02-10,2026-02-09,2026-02-11,615.3099975585938,611.469970703125,-0.006240800361939636,True,0.002682085346810581,0.002682085346810581,0.008029886036826195,-0.005305200534322485,0.016076042260162477,False,False,False,631,46231.0,5618.0,538109.0,0.08591382043414995,85041.0,3462.0,636772.0,0.1335501560998285,131272.0,9080.0,1174881.0,0.11173216691733034,-0.29564568224754706,288,32554.0,1738.0,478186.0,0.06807811186442096,55308.0,1653.0,518968.0,0.10657304496616361,87862.0,3391.0,997154.0,0.08811276894040439,-0.25897430060777127,343,13677.0,3880.0,59923.0,0.2282429117367288,29733.0,1809.0,117804.0,0.252393806661913,43410.0,5689.0,177727.0,0.2442510141959297,-0.36986869384934346
2026-02-11,2026-02-10,2026-02-12,616.3800048828125,613.1099853515625,-0.005305200534322485,True,-0.020338880463632636,0.020338880463632636,0.0026097056960772136,-0.022888852989685904,0.026487890627099886,True,False,False,575,34230.0,3366.0,681290.0,0.05024292151653481,72641.0,5727.0,772206.0,0.09406945814976833,106871.0,9093.0,1453496.0,0.07352686213102753,-0.3594146213659459,292,24999.0,939.0,580922.0,0.04303331600455827,32139.0,1865.0,598952.0,0.05365872390441972,57138.0,2804.0,1179874.0,0.04842720493883245,-0.1249606216528405,283,9231.0,2427.0,100368.0,0.09197154471544715,40502.0,3862.0,173254.0,0.23377238043566093,49733.0,6289.0,273622.0,0.18175804577117338,-0.6287776727726058
2026-02-12,2026-02-11,2026-02-13,614.7100219726562,600.6400146484375,-0.022888852989685904,True,0.002131007309707611,0.002131007309707611,-0.0003496636380098117,0.002481538651550208,0.01674879680549089,False,False,False,562,18844.0,1758.0,758512.0,0.02484337756027591,82190.0,21873.0,1167960.0,0.07037056063563821,101034.0,23631.0,1926472.0,0.052445091337948335,-0.6269770572282598,230,10965.0,501.0,643106.0,0.017050066396519393,37095.0,1756.0,863371.0,0.042965306919041754,48060.0,2257.0,1506477.0,0.031902246101334436,-0.5436953807740325,332,7879.0,1257.0,115406.0,0.06827201358681524,45095.0,20117.0,304589.0,0.14805196510707871,52974.0,21374.0,419995.0,0.12613007297705925,-0.7025333182315853
2026-02-13,2026-02-12,2026-02-17,600.4299926757812,601.9199829101562,0.002481538651550208,False,-0.0010300291314303545,0.0010300291314303545,-0.0058811438859841525,0.00487981364071155,0.017626903330681027,,False,False,552,65942.0,1719.0,563095.0,0.11710634972784344,108559.0,25592.0,702619.0,0.15450621175914686,174501.0,27311.0,1265714.0,0.13786763834483937,-0.24422209614844614,237,52473.0,1248.0,493001.0,0.10643588958237407,67556.0,13443.0,610772.0,0.11060755895817097,120029.0,14691.0,1103773.0,0.10874427984739615,-0.12566129851952446,315,13469.0,471.0,70094.0,0.19215624732502068,41003.0,12149.0,91847.0,0.4464272104695853,54472.0,12620.0,161941.0,0.33636941849191987,-0.5054707005433985
2026-02-17,2026-02-13,2026-02-18,598.3800048828125,601.2999877929688,0.00487981364071155,True,0.0074671384093241144,0.0074671384093241144,0.001347077290932308,0.006111828013668497,0.01505080494237593,True,True,False,496,52721.0,2968.0,653097.0,0.08072460905501021,70251.0,23917.0,692147.0,0.10149722530040584,122972.0,26885.0,1345244.0,0.0914124129154265,-0.1425527762417461,279,29976.0,1351.0,570428.0,0.052550015076398775,56315.0,4054.0,591749.0,0.09516703872756861,86291.0,5405.0,1162177.0,0.07424944737333469,-0.30523461311144845,217,22745.0,1617.0,82669.0,0.2751333631712008,13936.0,19863.0,100398.0,0.13880754596705114,36681.0,21480.0,183067.0,0.2003692637121928,0.2401515771107658
2026-02-18,2026-02-17,2026-02-19,602.1099853515625,605.7899780273438,0.006111828013668497,True,-0.003829722194767071,0.003829722194767071,-0.0049191643586673495,0.001094827801801923,0.008369249258180866,False,True,False,580,94829.0,652.0,690686.0,0.137296832424575,40017.0,40191.0,935010.0,0.04279847274360702,134846.0,40843.0,1625696.0,0.08294662716768694,0.40647850140159886,311,52195.0,321.0,594584.0,0.08778406415241581,25554.0,29879.0,777878.0,0.032850909782767994,77749.0,30200.0,1372462.0,0.056649291565085226,0.34265392480932233,269,42634.0,331.0,96102.0,0.4436328068094316,14463.0,10312.0,157132.0,0.09204363210549092,57097.0,10643.0,253234.0,0.22547130322152634,0.49338844422649175
2026-02-19,2026-02-18,2026-02-20,602.8099975585938,603.469970703125,0.001094827801801923,False,0.008848869230803524,0.008848869230803524,-0.005551188540557028,0.014480441431899527,0.01842675801122496,,True,False,571,79622.0,17878.0,623621.0,0.12767690632611794,93688.0,66816.0,673614.0,0.13908262001680488,173310.0,84694.0,1297235.0,0.1335995405612707,-0.08116092550920316,291,53352.0,4310.0,521253.0,0.10235336775040144,62351.0,29791.0,584019.0,0.10676193753970332,115703.0,34101.0,1105272.0,0.10468282920403303,-0.07777672143332498,280,26270.0,13568.0,102368.0,0.2566231634885902,31337.0,37025.0,89595.0,0.349762821586026,57607.0,50593.0,191963.0,0.30009428900361007,-0.08795806065235127
2026-02-20,2026-02-19,2026-02-23,600.1199951171875,608.8099975585938,0.014480441431899527,True,-0.012154899629995497,0.012154899629995497,-0.0036136269375561803,-0.008572249604525628,0.014717271412406314,False,True,False,543,62567.0,4642.0,631702.0,0.09904511937590826,37859.0,14632.0,686940.0,0.05511252802282587,100426.0,19274.0,1318642.0,0.07615865413053732,0.24603190408858264,321,47698.0,1753.0,578133.0,0.08250350697849802,26654.0,12335.0,593616.0,0.04490108083340072,74352.0,14088.0,1171749.0,0.06345386255930238,0.28303206369700884,222,14869.0,2889.0,53569.0,0.27756724971532043,11205.0,2297.0,93324.0,0.12006557798637006,26074.0,5186.0,146893.0,0.1775033527805954,0.14052312648615478
2026-02-23,2026-02-20,2026-02-24,606.6099853515625,601.4099731445312,-0.008572249604525628,True,0.010741461334402791,0.010741461334402791,0.00164621691315614,0.009080296283927813,0.01539716695619151,False,False,False,431,42696.0,1221.0,688524.0,0.06201091029506597,95250.0,7056.0,585189.0,0.16276792625972122,137946.0,8277.0,1273713.0,0.10830226275463939,-0.38097516419468486,229,27331.0,514.0,626296.0,0.043639109941625044,51071.0,5501.0,519137.0,0.09837672907151676,78402.0,6015.0,1145433.0,0.0684474779406565,-0.30279839800005104,202,15365.0,707.0,62228.0,0.24691457221829402,44179.0,1555.0,66052.0,0.6688518137225217,59544.0,2262.0,128280.0,0.46417212347988773,-0.4839110573693403
2026-02-24,2026-02-23,2026-02-25,602.4000244140625,607.8699951171875,0.009080296283927813,True,0.014493226560549965,0.014493226560549965,0.005264303605599707,0.009180593523363756,0.009590894659506622,True,False,False,692,107552.0,2766.0,553200.0,0.1944179320318149,40788.0,18379.0,563860.0,0.07233710495513071,148340.0,21145.0,1117060.0,0.13279501548708217,0.45007415397060807,351,77373.0,1518.0,471806.0,0.16399325146352525,30654.0,13723.0,479858.0,0.0638813982469814,108027.0,15241.0,951664.0,0.11351380319104222,0.4324752145297009,341,30179.0,1248.0,81394.0,0.37077671572843207,10134.0,4656.0,84002.0,0.12063998476226756,40313.0,5904.0,165396.0,0.2437362451328932,0.49723414283233697
2026-02-25,2026-02-24,2026-02-26,611.0700073242188,616.6799926757812,0.009180593523363756,True,-0.012064608110803121,0.012064608110803121,-0.0017674739463868772,-0.010315366305608809,0.018826695408655357,False,False,False,604,63994.0,22637.0,708011.0,0.09038560135365128,28838.0,5159.0,522748.0,0.05516616036790194,92832.0,27796.0,1230759.0,0.0754266269838368,0.3787056187521544,327,43267.0,15746.0,582192.0,0.0743174073157996,18439.0,2247.0,411767.0,0.044780179081859404,61706.0,17993.0,993959.0,0.06208103151136013,0.4023595760541925,277,20727.0,6891.0,125819.0,0.16473664549869257,10399.0,2912.0,110981.0,0.09370072354727385,31126.0,9803.0,236800.0,0.13144425675675675,0.3318126325258626
2026-02-26,2026-02-25,2026-02-27,615.5900268554688,609.239990234375,-0.010315366305608809,True,-0.0032007291679606586,0.0032007291679606586,-0.010275113035860928,0.00714782861487917,0.010061724412500046,True,False,False,618,63618.0,16549.0,847454.0,0.07506956129772235,101362.0,8217.0,1047241.0,0.09678956419773481,164980.0,24766.0,1894695.0,0.08707470067741774,-0.2287792459692084,322,47694.0,13316.0,681241.0,0.07001046619331484,49552.0,4841.0,887670.0,0.055822546667117286,97246.0,18157.0,1568911.0,0.061983120776130704,-0.019106184316064413,296,15924.0,3233.0,166213.0,0.09580478061282811,51810.0,3376.0,159571.0,0.32468305644509343,67734.0,6609.0,325784.0,0.20791076295950692,-0.5298077774825051
2026-02-27,2026-02-26,2026-03-02,602.97998046875,607.2899780273438,0.00714782861487917,True,0.001317408251530594,0.001317408251530594,-0.013881330140115833,0.015412686988073965,0.019644639476075944,True,False,False,534,63572.0,5802.0,521877.0,0.12181414394579566,111450.0,9208.0,630875.0,0.17665940162472757,175022.0,15010.0,1152752.0,0.15182970838480436,-0.2735541817600073,318,43751.0,3799.0,469101.0,0.09326562936339935,73830.0,6678.0,545573.0,0.13532561178797337,117581.0,10477.0,1014674.0,0.1158805685372839,-0.255815140201223,216,19821.0,2003.0,52776.0,0.37556844020009095,37620.0,2530.0,85302.0,0.44102131251318843,57441.0,4533.0,138078.0,0.4160039977404076,-0.3098657753172821
2026-03-02,2026-02-27,2026-03-03,598.8599853515625,608.0900268554688,0.015412686988073965,True,-0.010705667710567912,0.010705667710567912,-0.019339257751747496,0.008803849964857724,0.01988196865847023,False,False,False,478,48860.0,1293.0,570010.0,0.08571779442465921,82487.0,5424.0,798135.0,0.10334968395071009,131347.0,6717.0,1368145.0,0.0960037130567301,-0.2560165058965945,256,37885.0,296.0,506875.0,0.0747422934648582,57285.0,2414.0,671137.0,0.08535515103473658,95170.0,2710.0,1178012.0,0.08078865070983997,-0.20384574971104338,222,10975.0,997.0,63135.0,0.17383384810327077,25202.0,3010.0,126998.0,0.1984440699853541,36177.0,4007.0,190133.0,0.19027207270699983,-0.3932609116289355
2026-03-03,2026-03-02,2026-03-04,596.3300170898438,601.5800170898438,0.008803849964857724,True,0.015243164084000504,0.015243164084000504,0.004288633234807326,0.010907751503577812,0.01570865377601119,True,False,False,718,43915.0,1616.0,787664.0,0.05575346848402365,141152.0,4596.0,887633.0,0.15902067633808117,185067.0,6212.0,1675297.0,0.11046817370293148,-0.525415119929539,335,31244.0,784.0,688666.0,0.045368872573932795,63029.0,1310.0,728969.0,0.08646321036971394,94273.0,2094.0,1417635.0,0.0665001922215521,-0.3371591017576613,383,12671.0,832.0,98998.0,0.12799248469666055,78123.0,3286.0,158664.0,0.4923801240356981,90794.0,4118.0,257662.0,0.3523763690416127,-0.720884639954182
2026-03-04,2026-03-03,2026-03-05,604.1599731445312,610.75,0.010907751503577812,True,-0.00301273328770979,0.00301273328770979,-0.005485019379349199,0.00248592141879711,0.017191977077363897,False,False,False,754,76742.0,9526.0,690286.0,0.11117420895107245,32918.0,23944.0,785368.0,0.041914109054608795,109660.0,33470.0,1475654.0,0.07431281316623002,0.3996352361845705,333,52045.0,6503.0,558379.0,0.0932073018505352,12472.0,19365.0,666795.0,0.0187043994031149,64517.0,25868.0,1225174.0,0.05265945898296895,0.6133732194615372,421,24697.0,3023.0,131907.0,0.18723039717376636,20446.0,4579.0,118573.0,0.1724338593102983,45143.0,7602.0,250480.0,0.1802259661450016,0.09416742352081164
2026-03-05,2026-03-04,2026-03-06,607.4000244140625,608.9099731445312,0.00248592141879711,False,-0.01504323060636914,0.01504323060636914,-0.014123558432662109,-0.0009328472970152601,0.012596251085438697,,False,False,685,65594.0,7661.0,893937.0,0.07337653548292553,93356.0,9142.0,898833.0,0.10386356531191,158950.0,16803.0,1792770.0,0.08866167997010213,-0.1746586977036804,315,40677.0,5012.0,789221.0,0.051540696458913286,56999.0,4436.0,796032.0,0.07160390537063836,97676.0,9448.0,1585253.0,0.0616154014532696,-0.16710348499119537,370,24917.0,2649.0,104716.0,0.23794835555216012,36357.0,4706.0,102801.0,0.3536638748650305,61274.0,7355.0,207517.0,0.29527219456719206,-0.18670235336358
2026-03-06,2026-03-05,2026-03-09,600.3099975585938,599.75,-0.0009328472970152601,False,0.013355581101500702,0.013355581101500702,-0.009203867496873741,0.02276901156384281,0.029912467597175908,,False,False,559,41198.0,481.0,559722.0,0.07360439646824674,108063.0,18426.0,760420.0,0.1421096236290471,149261.0,18907.0,1320142.0,0.11306435216817584,-0.44797368368160473,293,32964.0,242.0,507330.0,0.06497545975991958,98582.0,8862.0,663504.0,0.14857785333622706,131546.0,9104.0,1170834.0,0.11235239154312225,-0.49882170495492073,266,8234.0,239.0,52392.0,0.1571613986868224,9481.0,9564.0,96916.0,0.0978269841924966,17715.0,9803.0,149308.0,0.11864735981996946,-0.07039232289020604
2026-03-09,2026-03-06,2026-03-10,594.22998046875,607.760009765625,0.02276901156384281,True,1.6469931328311205e-05,1.6469931328311205e-05,3.2939862656844454e-05,-1.6469388829043474e-05,0.01294918222773898,True,False,False,530,51100.0,6107.0,830949.0,0.06149595221848753,43890.0,65793.0,658204.0,0.06668145438192415,94990.0,71900.0,1489153.0,0.06378793851269816,0.0759027266028003,242,35375.0,3305.0,723775.0,0.048875686504783945,27852.0,55875.0,573332.0,0.04857918274228545,63227.0,59180.0,1297107.0,0.04874462939449097,0.11898397836367375,288,15725.0,2802.0,107174.0,0.1467240188851774,16038.0,9918.0,84872.0,0.1889669148835894,31763.0,12720.0,192046.0,0.16539266634035596,-0.009854232912508264
2026-03-10,2026-03-09,2026-03-11,607.780029296875,607.77001953125,-1.6469388829043474e-05,False,-0.00013165685583749198,0.00013165685583749198,0.0019415118183869762,-0.0020691513923422056,0.012175597908915549,,False,False,777,77625.0,11416.0,679129.0,0.1143008176649797,35323.0,26013.0,804674.0,0.043897280140777505,112948.0,37429.0,1483803.0,0.07612061709000453,0.3745263307008535,356,61806.0,2749.0,583455.0,0.10593104866699231,27510.0,3734.0,693626.0,0.03966114303673738,89316.0,6483.0,1277081.0,0.06993761554670377,0.3839849523041784,421,15819.0,8667.0,95674.0,0.1653427263415348,7813.0,22279.0,111048.0,0.07035696275484475,23632.0,30946.0,206722.0,0.11431777943324851,0.33877792823290453
2026-03-11,2026-03-10,2026-03-12,608.9500122070312,607.6900024414062,-0.0020691513923422056,False,-0.017163344195031294,0.017163344195031294,-0.00811267695037754,-0.00912469293067164,0.011667177059001187,,False,False,689,46901.0,4336.0,690760.0,0.0678976779199722,84983.0,3311.0,683608.0,0.12431539712817873,131884.0,7647.0,1374368.0,0.09595974295094181,-0.2887537532983531,343,28477.0,2474.0,590045.0,0.048262420662830804,50714.0,285.0,562522.0,0.09015469617188306,79191.0,2759.0,1152567.0,0.06870837009909185,-0.2808021113510374,346,18424.0,1862.0,100715.0,0.1829320359430075,34269.0,3026.0,121086.0,0.28301372578167583,52693.0,4888.0,221801.0,0.23756881168254426,-0.30070407834057655
2026-03-12,2026-03-11,2026-03-13,602.760009765625,597.260009765625,-0.00912469293067164,True,-0.005927132244948341,0.005927132244948341,0.004135503236009752,-0.010021192805681589,0.018467615580100696,True,False,False,642,33613.0,1365.0,826110.0,0.040688286063599276,69463.0,12198.0,726517.0,0.09561097675622181,103076.0,13563.0,1552627.0,0.06638812799210628,-0.34780162210407856,321,21536.0,1006.0,718776.0,0.029962046590314647,33844.0,3283.0,565814.0,0.059814709427479705,55380.0,4289.0,1284590.0,0.04311103153535369,-0.22224629830263634,321,12077.0,359.0,107334.0,0.11251793467121322,35619.0,8915.0,160703.0,0.2216448977305962,47696.0,9274.0,268037.0,0.1779455821397792,-0.4935843676618584
2026-03-13,2026-03-12,2026-03-16,599.72998046875,593.719970703125,-0.010021192805681589,True,0.011217467001826131,0.011217467001826131,0.01064476122764435,0.0005666736682889972,0.00800040462572737,False,False,False,517,54877.0,1768.0,553819.0,0.09908833030286068,45487.0,30830.0,560793.0,0.08111192543416199,100364.0,32598.0,1114612.0,0.0900438897122945,0.09355944362520426,293,50541.0,1249.0,524179.0,0.09641935293096442,28066.0,27129.0,519399.0,0.054035529525470784,78607.0,28378.0,1043578.0,0.07532450856572293,0.2859160125688552,224,4336.0,519.0,29640.0,0.14628879892037785,17421.0,3701.0,41394.0,0.4208580953761415,21757.0,4220.0,71034.0,0.30628994565982487,-0.6014156363469229
2026-03-16,2026-03-13,2026-03-17,600.0399780273438,600.3800048828125,0.0005666736682889972,False,0.0048802302740798,0.0048802302740798,0.004597104738962354,0.00028182993339509466,0.0067124642128307006,,True,True,598,63473.0,4495.0,592469.0,0.10713303143286822,32529.0,12349.0,735955.0,0.044199713297688036,96002.0,16844.0,1328424.0,0.07226758926366883,0.3223266181954543,324,50442.0,4171.0,559150.0,0.09021192882053117,22937.0,10607.0,682044.0,0.033629795145181246,73379.0,14778.0,1241194.0,0.05911968636651482,0.37483476198912496,274,13031.0,324.0,33319.0,0.391098172214052,9592.0,1742.0,53911.0,0.1779228728830851,22623.0,2066.0,87230.0,0.25934884787343804,0.15201343765194714
2026-03-17,2026-03-16,2026-03-18,603.1400146484375,603.3099975585938,0.00028182993339509466,False,-0.013939721169156427,0.013939721169156427,-0.0030167034055191833,-0.010956068974222966,0.014254654523775345,,True,True,758,70278.0,8181.0,519854.0,0.13518795661858907,63902.0,10827.0,661277.0,0.09663423950931305,134180.0,19008.0,1181131.0,0.11360297883977306,0.04751825905500075,350,56288.0,5302.0,468010.0,0.12027093438174398,42095.0,9729.0,607291.0,0.06931602806562258,98383.0,15031.0,1075301.0,0.09149345160099358,0.14426272831688403,408,13990.0,2879.0,51844.0,0.26984800555512695,21807.0,1098.0,53986.0,0.40393805801504096,35797.0,3977.0,105830.0,0.3382500236227913,-0.21837025449059977
2026-03-18,2026-03-17,2026-03-19,601.489990234375,594.9000244140625,-0.010956068974222966,True,-0.0031602030688504534,0.0031602030688504534,-0.009060370528218287,0.005954113937811645,0.014657875853532867,True,True,True,646,33324.0,2210.0,610003.0,0.05462923952833019,63717.0,29614.0,819188.0,0.07778068038106027,97041.0,31824.0,1429191.0,0.06789925209436667,-0.31319751445265404,329,26508.0,1443.0,550547.0,0.04814847778663765,51516.0,24110.0,730469.0,0.0705245534033614,78024.0,25553.0,1281016.0,0.06090790435092146,-0.32051676407259305,317,6816.0,767.0,59456.0,0.11463939720129171,12201.0,5504.0,88719.0,0.13752409292259832,19017.0,6271.0,148175.0,0.12834148810528093,-0.2831676920649945
2026-03-19,2026-03-18,2026-03-20,589.510009765625,593.02001953125,0.005954113937811645,True,-0.01848170653887793,0.01848170653887793,-0.00330515312822921,-0.015226880582639657,0.021297771520084312,False,True,True,636,43212.0,4522.0,1042615.0,0.041445787754828003,75184.0,27016.0,910786.0,0.08254848010399808,118396.0,31538.0,1953401.0,0.06061018705324713,-0.2700429068549613,305,23643.0,3565.0,865036.0,0.027331810468003644,36865.0,16488.0,794440.0,0.04640375610492926,60508.0,20053.0,1659476.0,0.03646211213660216,-0.2185165597937463,331,19569.0,957.0,177579.0,0.11019884107918165,38319.0,10528.0,116346.0,0.32935382393894075,57888.0,11485.0,293925.0,0.19694820107170197,-0.3239013266998342
2026-03-20,2026-03-19,2026-03-23,591.0599975585938,582.0599975585938,-0.015226880582639657,True,0.010205137728620972,0.010205137728620972,0.014534621874276121,-0.004267458253575218,0.015668479461637328,False,True,True,511,34185.0,495.0,605639.0,0.056444515627296125,60876.0,12814.0,743897.0,0.08183390980202905,95061.0,13309.0,1349536.0,0.0704397659640054,-0.28077760595827944,261,26921.0,260.0,555452.0,0.048466834217898214,46949.0,2688.0,579170.0,0.08106255503565447,73870.0,2948.0,1134622.0,0.06510538311437641,-0.2711249492351428,250,7264.0,235.0,50187.0,0.14473867734672324,13927.0,10126.0,164727.0,0.08454594571624567,21191.0,10361.0,214914.0,0.09860223159031055,-0.3144259355386721
2026-03-23,2026-03-20,2026-03-24,590.52001953125,588.0,-0.004267458253575218,True,-0.006836767910289088,0.006836767910289088,-0.00542517422007871,-0.0014192936052885852,0.01020408163265306,True,False,False,482,70322.0,660.0,630766.0,0.11148666859025376,81439.0,30361.0,723129.0,0.11262029319803243,151761.0,31021.0,1353895.0,0.11209214894803511,-0.07325333913192454,222,46377.0,164.0,556246.0,0.0833749815729012,44744.0,18849.0,608291.0,0.07355689957602529,91121.0,19013.0,1164537.0,0.07824654776962861,0.017921225623072617,260,23945.0,496.0,74520.0,0.3213231347289318,36695.0,11512.0,114838.0,0.3195370870269423,60640.0,12008.0,189358.0,0.32023996873646743,-0.21025725593667546
2026-03-24,2026-03-23,2026-03-25,584.8099975585938,583.97998046875,-0.0014192936052885852,False,0.006575613863315066,0.006575613863315066,0.00883597786270962,-0.0022405664042467466,0.009726348275196051,,False,False,599,33443.0,6029.0,741452.0,0.0451047404282408,67920.0,16253.0,769188.0,0.0883009095305699,101363.0,22282.0,1510640.0,0.06709937509929566,-0.3401339739352624,336,26048.0,3617.0,682215.0,0.0381815116935277,50997.0,11831.0,710064.0,0.07182028662205096,77045.0,15448.0,1392279.0,0.05533732822228878,-0.32382373937309367,263,7395.0,2412.0,59237.0,0.12483751709235781,16923.0,4422.0,59124.0,0.28622894256139636,24318.0,6834.0,118361.0,0.20545618911634744,-0.3918085368862571
2026-03-25,2026-03-24,2026-03-26,589.1400146484375,587.8200073242188,-0.0022405664042467466,False,-0.023867900245077234,0.023867900245077234,-0.008880323352794761,-0.015121863933710733,0.01905347226613496,,False,False,544,53789.0,2713.0,602828.0,0.08922777309614019,37700.0,8705.0,761628.0,0.04949923059551382,91489.0,11418.0,1364456.0,0.06705163083309393,0.1758572068773295,338,37150.0,1433.0,542633.0,0.06846247832328664,32375.0,3891.0,690802.0,0.04686581683318809,69525.0,5324.0,1233435.0,0.056366975154750754,0.06868033081625315,206,16639.0,1280.0,60195.0,0.27641830716836946,5325.0,4814.0,70826.0,0.07518425436986417,21964.0,6094.0,131021.0,0.16763724899061982,0.5151156437807322
2026-03-26,2026-03-25,2026-03-27,582.5999755859375,573.7899780273438,-0.015121863933710733,True,-0.019536696991535485,0.019536696991535485,-0.005193503865290605,-0.014418073446418878,0.01646946194410686,True,False,False,492,22253.0,1870.0,831084.0,0.026775873437582722,74255.0,8821.0,1024334.0,0.07249100391083377,96508.0,10691.0,1855418.0,0.05201415530085404,-0.5388361586604219,302,19932.0,1518.0,773609.0,0.02576495361351794,59023.0,7368.0,915663.0,0.06445930435105492,78955.0,8886.0,1689272.0,0.04673906866389782,-0.49510480653536826,190,2321.0,352.0,57475.0,0.04038277511961722,15232.0,1453.0,108671.0,0.1401661896918221,17553.0,1805.0,166146.0,0.10564804449098986,-0.7355437816897397
2026-03-27,2026-03-26,2026-03-30,570.8099975585938,562.5800170898438,-0.014418073446418878,True,-0.00764333545868201,0.00764333545868201,0.008532097918796389,-0.016038590552405863,0.022130206955152106,True,False,False,336,15420.0,59.0,321347.0,0.04798551098967783,68548.0,10506.0,753191.0,0.09101011562804123,83968.0,10565.0,1074538.0,0.07814335090987941,-0.6327172256097561,181,10664.0,10.0,283852.0,0.037568873920211944,54321.0,1952.0,614571.0,0.08838848562655902,64985.0,1962.0,898423.0,0.0723322978151717,-0.6718011848888205,155,4756.0,49.0,37495.0,0.12684357914388586,14227.0,8554.0,138620.0,0.10263309767710287,18983.0,8603.0,176115.0,0.10778752519660449,-0.49892008639308855
2026-03-30,2026-03-27,2026-03-31,567.3800048828125,558.280029296875,-0.016038590552405863,True,0.03385391270884219,0.03385391270884219,0.010765115023078975,0.02284289133310269,0.025847230634337904,False,False,False,269,51364.0,12.0,449134.0,0.114362306126902,80760.0,29436.0,930831.0,0.08676118436107091,132124.0,29448.0,1379965.0,0.09574445728696018,-0.22248796585026187,126,35586.0,7.0,415027.0,0.08574381907683115,53712.0,16966.0,761263.0,0.07055643056341895,89298.0,16973.0,1176290.0,0.0759149529452771,-0.2029832695021165,143,15778.0,5.0,34107.0,0.46260298472454336,27048.0,12470.0,169568.0,0.1595112285336856,42826.0,12475.0,203675.0,0.21026635571375968,-0.2631578947368421
2026-03-31,2026-03-30,2026-04-01,564.2899780273438,577.1799926757812,0.02284289133310269,True,0.012353174006878076,0.012353174006878076,0.007449994538158089,0.004866920934341268,0.012682364976449574,True,False,False,617,110069.0,2543.0,913277.0,0.12052093724028964,16390.0,27970.0,929304.0,0.017636855108769573,126459.0,30513.0,1842581.0,0.06863144686719336,0.7407855510481658,280,77892.0,1592.0,775713.0,0.10041342609960127,8928.0,17182.0,801554.0,0.011138363728457472,86820.0,18774.0,1577267.0,0.055044580277150285,0.7943331029716655,337,32177.0,951.0,137564.0,0.23390567299584195,7462.0,10788.0,127750.0,0.05841095890410959,39639.0,11739.0,265314.0,0.1494041023089622,0.6235021065112641
2026-04-01,2026-03-31,2026-04-02,581.47998046875,584.3099975585938,0.004866920934341268,True,0.0011466223630531847,0.0011466223630531847,-0.01769613201669007,0.019182205215610093,0.024182377405574964,True,False,False,611,115849.0,8183.0,809632.0,0.14308846488281096,53543.0,17605.0,1235490.0,0.04333746125019223,169392.0,25788.0,2045122.0,0.08282733255033196,0.3678213847171059,274,65538.0,5249.0,656074.0,0.09989421924965781,39890.0,8714.0,1096608.0,0.036375806122151216,105428.0,13963.0,1752682.0,0.060152383604099316,0.24327503130098266,337,50311.0,2934.0,153558.0,0.32763516065590853,13653.0,8891.0,138882.0,0.09830647600120966,63964.0,11825.0,292440.0,0.2187252085897962,0.5731036207866925
2026-04-02,2026-04-01,2026-04-06,573.969970703125,584.97998046875,0.019182205215610093,True,0.006017333325542884,0.006017333325542884,0.002136825261948916,0.0038722337766399217,0.01011997522618212,True,False,False,610,69607.0,14064.0,580432.0,0.11992274719519255,107589.0,1372.0,651741.0,0.1650793796922397,177196.0,15436.0,1232173.0,0.14380772829789323,-0.21435021106571253,258,45242.0,4763.0,441747.0,0.10241608884723609,74667.0,182.0,513611.0,0.1453765593026629,119909.0,4945.0,955358.0,0.125512111690068,-0.24539442410494625,352,24365.0,9301.0,138685.0,0.17568590691134586,32922.0,1190.0,138130.0,0.23834069354955476,57287.0,10491.0,276815.0,0.20695049039972546,-0.14937071237802643
2026-04-06,2026-04-02,2026-04-07,586.22998046875,588.5,0.0038722337766399217,True,0.00015297681473014357,0.00015297681473014357,-0.004859788192969394,0.005037244951238806,0.017977835267098556,True,False,False,554,54371.0,7013.0,469403.0,0.11583010760476606,33126.0,7391.0,671811.0,0.04930851087582668,87497.0,14404.0,1141214.0,0.0766701074469819,0.24280832485685225,264,44286.0,1298.0,403044.0,0.10987882216333701,24428.0,1476.0,540823.0,0.04516819735847033,68714.0,2774.0,943867.0,0.07280051108895638,0.2889949646360276,290,10085.0,5715.0,66359.0,0.15197637095194322,8698.0,5915.0,130988.0,0.06640302928512536,18783.0,11630.0,197347.0,0.09517752993458223,0.0738433690038865
2026-04-07,2026-04-06,2026-04-08,585.6400146484375,588.5900268554688,0.005037244951238806,True,0.029732070204270045,0.029732070204270045,0.034183377561930905,-0.004304176081571409,0.01321807869976945,True,False,False,659,60217.0,6044.0,789957.0,0.0762281997627719,144626.0,3051.0,727678.0,0.19874999656441447,204843.0,9095.0,1517635.0,0.13497514224434728,-0.4120668023803596,342,42345.0,3398.0,678778.0,0.06238416684099956,57053.0,106.0,645451.0,0.08839245736701934,99398.0,3504.0,1324229.0,0.07506103551576049,-0.14797078412040485,317,17872.0,2646.0,111179.0,0.16074978188326933,87573.0,2945.0,82227.0,1.0650151410120763,105445.0,5591.0,193406.0,0.545200252318956,-0.6610175921096306
2026-04-08,2026-04-07,2026-04-09,608.7100219726562,606.0900268554688,-0.004304176081571409,True,0.006764631332426108,0.006764631332426108,-0.000264043578670603,0.00703053127773523,0.012324853358635328,False,False,False,613,82857.0,3890.0,824274.0,0.10052118591633365,4160.0,3576.0,893725.0,0.004654675655263084,87017.0,7466.0,1717999.0,0.05065020410372765,0.9043864991898135,260,60430.0,1878.0,612322.0,0.09868990498463227,2265.0,957.0,693012.0,0.0032683416737372514,62695.0,2835.0,1305334.0,0.04802985289588718,0.9277454342451551,353,22427.0,2012.0,211952.0,0.10581169321355778,1895.0,2619.0,200713.0,0.009441341617134913,24322.0,4631.0,412665.0,0.05893884870294307,0.8441739988487789
2026-04-09,2026-04-08,2026-04-10,605.9299926757812,610.1900024414062,0.00703053127773523,True,0.001442181745508142,0.001442181745508142,0.0027041157794467363,-0.001258530820887116,0.006702774224337182,True,False,False,576,126423.0,30694.0,734187.0,0.1721945498898782,120514.0,436.0,781598.0,0.1541892379458494,246937.0,31130.0,1515785.0,0.16291030720055943,0.02392918031724691,218,66154.0,17419.0,568284.0,0.11641010480675155,82804.0,0.0,658284.0,0.1257876539609044,148958.0,17419.0,1226568.0,0.12144292040881549,-0.11177647390539615,358,60269.0,13275.0,165903.0,0.3632785422807303,37710.0,436.0,123314.0,0.3058046937087435,97979.0,13711.0,289217.0,0.3387733086229371,0.23024321538288817
2026-04-10,2026-04-09,2026-04-13,611.8400268554688,611.0700073242188,-0.001258530820887116,False,0.010342525812865766,0.010342525812865766,-0.0026020371420800714,0.01297833305960916,0.03048751314827317,,False,False,492,37734.0,11375.0,457267.0,0.08252071546820566,54249.0,424.0,373225.0,0.14535199946413022,91983.0,11799.0,830492.0,0.11075723787826974,-0.17954404618244676,211,28515.0,9360.0,401315.0,0.07105391026998742,38552.0,4.0,329076.0,0.11715226877681752,67067.0,9364.0,730391.0,0.09182342060622324,-0.1496563138354183,281,9219.0,2015.0,55952.0,0.16476622819559622,15697.0,420.0,44149.0,0.35554599198169834,24916.0,2435.0,100101.0,0.24890860231166523,-0.25999357842350296
2026-04-13,2026-04-10,2026-04-14,609.47998046875,617.3900146484375,0.01297833305960916,True,0.018157016912369928,0.018157016912369928,0.004583741213078918,0.013511343198627346,0.013767634393698745,True,True,False,408,77986.0,11296.0,499995.0,0.15597355973559734,40352.0,606.0,289083.0,0.13958620880508366,118338.0,11902.0,789078.0,0.14996996494643114,0.31802126113336376,161,62139.0,9676.0,459675.0,0.13518029042258117,30175.0,242.0,230813.0,0.13073353753904676,92314.0,9918.0,690488.0,0.1336938513051639,0.346253006044587,247,15847.0,1620.0,40320.0,0.393030753968254,10177.0,364.0,58270.0,0.1746524798352497,26024.0,1984.0,98590.0,0.26396186225783547,0.21787580694743314
2026-04-14,2026-04-13,2026-04-15,620.219970703125,628.5999755859375,0.013511343198627346,True,0.013999441886586528,0.013999441886586528,0.0007636677100708589,0.01322567415621867,0.015319766555568307,True,True,False,475,51705.0,8972.0,976760.0,0.052935214382243335,46674.0,55.0,616062.0,0.0757618551379569,98379.0,9027.0,1592822.0,0.06176396358161804,0.05113896258347818,229,37300.0,6671.0,797038.0,0.04679827059688497,38267.0,6.0,548204.0,0.06980430642607496,75567.0,6677.0,1345242.0,0.05617353606265638,-0.012796591104582688,246,14405.0,2301.0,179722.0,0.08015156742079434,8407.0,49.0,67858.0,0.12389106663915825,22812.0,2350.0,247580.0,0.09213991437111237,0.2629317902858145
2026-04-15,2026-04-14,2026-04-16,629.0800170898438,637.4000244140625,0.01322567415621867,True,0.004816357344643363,0.004816357344643363,0.00283965718428969,0.001971102903831845,0.010856577730001699,True,True,False,328,113717.0,26808.0,784722.0,0.14491374015256359,95818.0,13.0,471248.0,0.20332818388619156,209535.0,26821.0,1255970.0,0.1668312141213564,0.08542248311737896,167,53422.0,24794.0,566219.0,0.0943486530829944,79827.0,12.0,400354.0,0.19939103893054647,133249.0,24806.0,966573.0,0.13785715098600934,-0.19816283799503187,161,60295.0,2014.0,218503.0,0.2759458680201187,15991.0,1.0,70894.0,0.22556210680734617,76286.0,2015.0,289397.0,0.2636032854521643,0.5807618698057311
2026-04-16,2026-04-15,2026-04-17,639.2100219726562,640.469970703125,0.001971102903831845,False,0.013084149556009228,0.013084149556009228,0.00799421735061645,0.005049564886166591,0.009258814537816887,,True,False,312,107325.0,31660.0,943749.0,0.11372197480474151,115060.0,3355.0,799380.0,0.14393655082689083,222385.0,35015.0,1743129.0,0.1275780507352009,-0.03478202216876138,134,46373.0,16541.0,779983.0,0.05945385989181815,71246.0,1476.0,707826.0,0.10065468067010819,117619.0,18017.0,1487809.0,0.07905517442091022,-0.21147093581819265,178,60952.0,15119.0,163766.0,0.37218958758228204,43814.0,1879.0,91554.0,0.478559101732311,104766.0,16998.0,255320.0,0.4103321322262259,0.16358360536815378
2026-04-17,2026-04-16,2026-04-20,645.5900268554688,648.8499755859375,0.005049564886166591,True,-0.0031748441644519065,0.0031748441644519065,-0.0012483587717827538,-0.0019288933435943623,0.009617000029536934,False,True,False,169,60680.0,8449.0,408249.0,0.14863477926461546,39740.0,397.0,320523.0,0.12398486224077523,100420.0,8846.0,728772.0,0.13779343882586048,0.2085241983668592,45,31363.0,2293.0,259701.0,0.120765803751237,23755.0,0.0,198631.0,0.11959361831738248,55118.0,2293.0,458332.0,0.12025780438634004,0.13803113320512356,124,29317.0,6156.0,148548.0,0.19735708323235587,15985.0,397.0,121892.0,0.131140681915138,45302.0,6553.0,270440.0,0.1675122023369324,0.29429164275307934
2026-04-20,2026-04-17,2026-04-21,648.0399780273438,646.7899780273438,-0.0019288933435943623,False,-0.003803338055735961,0.003803338055735961,0.0025046694788444235,-0.006292247534227968,0.012353299379721086,,False,False,174,41911.0,23977.0,176274.0,0.23776053189920238,92770.0,986.0,145354.0,0.6382349298952901,134681.0,24963.0,321628.0,0.4187477458430236,-0.37762564875520677,41,7790.0,7019.0,122240.0,0.0637270942408377,26579.0,0.0,101203.0,0.26263055443020467,34369.0,7019.0,223443.0,0.15381551447125216,-0.5466845122057669,133,34121.0,16958.0,54034.0,0.6314727764000444,66191.0,986.0,44151.0,1.4991959412017848,100312.0,17944.0,98185.0,1.0216631868411672,-0.31970252811228966
2026-04-21,2026-04-20,2026-04-22,648.4099731445312,644.3300170898438,-0.006292247534227968,True,0.016730507621555812,0.016730507621555812,0.009032649682386706,0.007628948321535711,0.010569114239549982,False,False,False,606,40865.0,5647.0,830446.0,0.049208497602493115,57505.0,10452.0,979516.0,0.05870756577738393,98370.0,16099.0,1809962.0,0.054349207331424634,-0.16915726339331097,338,31375.0,1871.0,671402.0,0.04673057274181489,45746.0,6860.0,836517.0,0.054686276549071926,77121.0,8731.0,1507919.0,0.05114399380868601,-0.1863435380765291,268,9490.0,3776.0,159044.0,0.05966902240889314,11759.0,3592.0,142999.0,0.08223134427513479,21249.0,7368.0,302043.0,0.07035091030085121,-0.10678149559979293
2026-04-22,2026-04-21,2026-04-23,650.1500244140625,655.1099853515625,0.007628948321535711,True,-0.005632645699066852,0.005632645699066852,-0.0023812758063160855,-0.0032591307820316606,0.017401602225294275,False,False,False,603,72280.0,35974.0,627476.0,0.11519165673268779,55911.0,2170.0,819170.0,0.06825323192988024,128191.0,38144.0,1446646.0,0.08861255621624088,0.12769227168834005,320,33911.0,3540.0,532701.0,0.0636586002278952,36801.0,2020.0,712680.0,0.05163748105741708,70712.0,5560.0,1245381.0,0.05677941128056394,-0.0408700079194479,283,38369.0,32434.0,94775.0,0.40484304932735427,19110.0,150.0,106490.0,0.17945346980937177,57479.0,32584.0,201265.0,0.28558865177750725,0.3350615007220028
2026-04-23,2026-04-22,2026-04-24,653.5499877929688,651.4199829101562,-0.0032591307820316606,True,0.019127478891562966,0.019127478891562966,0.010883956650814985,0.008154766119802481,0.012250131525134067,False,False,False,637,61191.0,19785.0,854395.0,0.0716190988945394,134497.0,3992.0,1112116.0,0.12093792374176794,195688.0,23777.0,1966511.0,0.09951024937058578,-0.37460651649564614,345,46418.0,8565.0,648838.0,0.07154019955674606,87456.0,3084.0,944078.0,0.09263641351667977,133874.0,11649.0,1592916.0,0.08404335194071752,-0.3065419723023141,292,14773.0,11220.0,205557.0,0.07186814362926099,47041.0,908.0,168038.0,0.27994263202370895,61814.0,12128.0,373595.0,0.16545724648349147,-0.5220176659009286
2026-04-24,2026-04-23,2026-04-27,658.510009765625,663.8800048828125,0.008154766119802481,True,0.0005271669328243966,0.0005271669328243966,-0.0007229928077661096,0.0012510642510459302,0.0056335334802487085,True,False,False,438,136884.0,26105.0,669886.0,0.20433924578211815,43263.0,6408.0,448637.0,0.09643208206188968,180147.0,32513.0,1118523.0,0.16105793086060813,0.519692251328082,262,55072.0,5500.0,544605.0,0.10112283214439824,29125.0,3824.0,379120.0,0.07682264190757544,84197.0,9324.0,923725.0,0.09114942217651358,0.30817012482630024,176,81812.0,20605.0,125281.0,0.6530279930715751,14138.0,2584.0,69517.0,0.20337471409870966,95950.0,23189.0,194798.0,0.4925615252723334,0.7053048462741011
2026-04-27,2026-04-24,2026-04-28,663.4000244140625,664.22998046875,0.0012510642510459302,False,-0.010056746717555742,0.010056746717555742,-0.01026753914270151,0.00021297919739149407,0.008777106215123686,,False,False,372,83799.0,20411.0,537183.0,0.15599711830046745,76983.0,4518.0,360383.0,0.2136144046750263,160782.0,24929.0,897566.0,0.17913111682037866,0.04239280516475725,214,53942.0,12451.0,468029.0,0.11525354198137294,50398.0,2660.0,299686.0,0.16816935058694768,104340.0,15111.0,767715.0,0.13590981028115903,0.033965880774391416,158,29857.0,7960.0,69154.0,0.43174653671515745,26585.0,1858.0,60697.0,0.43799528807025057,56442.0,9818.0,129851.0,0.4346674265119252,0.057971014492753624
2026-04-28,2026-04-27,2026-04-29,657.4099731445312,657.5499877929688,0.00021297919739149407,False,0.006113633344809299,0.006113633344809299,0.0016424866700535112,0.0044638149182549824,0.007801602833078336,,False,False,581,50835.0,14371.0,730864.0,0.06955466406882813,78562.0,7890.0,652776.0,0.12035062563574642,129397.0,22261.0,1383640.0,0.09351926801769246,-0.21427853814230624,322,33908.0,4497.0,586293.0,0.057834563946695595,56633.0,5063.0,514608.0,0.11005075708111806,90541.0,9560.0,1100901.0,0.08224263580467271,-0.2509912636264234,259,16927.0,9874.0,144571.0,0.11708433918282367,21929.0,2827.0,138168.0,0.15871258178449424,38856.0,12701.0,282739.0,0.13742709707539463,-0.12873172740374716
2026-04-29,2026-04-28,2026-04-30,658.6300048828125,661.5700073242188,0.0044638149182549824,True,0.009326273624633119,0.009326273624633119,0.005713633054508005,0.003592116534358869,0.017141083679616222,True,False,False,465,111509.0,3961.0,655436.0,0.17012950158367865,58803.0,11459.0,579000.0,0.10155958549222797,170312.0,15420.0,1234436.0,0.13796746044347377,0.3094673305462915,240,87023.0,1614.0,513930.0,0.16932850777343217,30691.0,9120.0,473619.0,0.06480103205319043,117714.0,10734.0,987549.0,0.11919813599122676,0.4785497052177311,225,24486.0,2347.0,141506.0,0.1730385990700041,28112.0,2339.0,105381.0,0.2667653561837523,52598.0,4686.0,246887.0,0.21304483427640986,-0.06893798243279212
2026-04-30,2026-04-29,2026-05-01,665.3499755859375,667.739990234375,0.003592116534358869,True,0.009599596060492877,0.009599596060492877,0.0021265506498386877,0.007457187324104053,0.01073768684670152,True,False,False,404,81944.0,42767.0,728227.0,0.11252535267162574,62276.0,2127.0,735241.0,0.08470147883483103,144220.0,44894.0,1463468.0,0.09854673966222699,0.13637498266537235,164,69609.0,5903.0,553988.0,0.12565073611702782,38312.0,303.0,626545.0,0.06114804204007693,107921.0,6206.0,1180533.0,0.09141718190004007,0.28999916605665255,240,12335.0,36864.0,174239.0,0.07079356516049794,23964.0,1824.0,108696.0,0.2204680945020976,36299.0,38688.0,282935.0,0.12829448459893616,-0.32036695225763795
2026-05-01,2026-04-30,2026-05-04,669.1599731445312,674.1500244140625,0.007457187324104053,True,-0.0018838826451929025,0.0018838826451929025,0.0007564321174831079,-0.0026383190534077228,0.011614560218243567,False,False,False,292,40534.0,20820.0,386715.0,0.10481620831878774,44541.0,212.0,534799.0,0.0832854960461781,85075.0,21032.0,921514.0,0.09232089800046445,-0.04709961798413165,142,32728.0,18597.0,309153.0,0.1058634397854784,25930.0,19.0,469931.0,0.05517831341196899,58658.0,18616.0,779084.0,0.07529098274383764,0.11589212042688124,150,7806.0,2223.0,77562.0,0.10064206699156804,18611.0,193.0,64868.0,0.28690571622371586,26417.0,2416.0,142430.0,0.18547356596222705,-0.4090169209221335
2026-05-04,2026-05-01,2026-05-05,674.6599731445312,672.8800048828125,-0.0026383190534077228,True,0.012974052439365336,0.012974052439365336,0.007549662722892814,0.005383744263099732,0.007817158672356557,False,False,False,253,22901.0,19277.0,250124.0,0.09155858694087733,61343.0,4957.0,313537.0,0.19564836048058123,84244.0,24234.0,563661.0,0.1494586285018832,-0.45631736384787047,97,19415.0,12345.0,154262.0,0.12585730769729422,39788.0,3413.0,236588.0,0.16817421001910493,59203.0,15758.0,390850.0,0.15147243187923756,-0.3441210749455264,156,3486.0,6932.0,95862.0,0.03636477436314702,21555.0,1544.0,76949.0,0.28012059935801636,25041.0,8476.0,172811.0,0.14490397023337634,-0.721576614352462
2026-05-05,2026-05-04,2026-05-06,677.9600219726562,681.6099853515625,0.005383744263099732,True,0.02077439369140688,0.02077439369140688,0.009052161907707523,0.011617072165563291,0.013864251419610731,True,False,False,665,58995.0,6742.0,583717.0,0.10106781197052682,50526.0,1340.0,587179.0,0.08604871768234218,109521.0,8082.0,1170896.0,0.09353606127273473,0.07732763579587476,334,41680.0,3831.0,410352.0,0.10157133387920614,35831.0,522.0,510256.0,0.07022161424853407,77511.0,4353.0,920608.0,0.08419544474955681,0.07546025725380914,331,17315.0,2911.0,173365.0,0.09987598419519511,14695.0,818.0,76923.0,0.19103519103519104,32010.0,3729.0,250288.0,0.1278926676468708,0.08184942205560762
2026-05-06,2026-05-05,2026-05-07,687.780029296875,695.77001953125,0.011617072165563291,True,-0.0011929474776779525,0.0011929474776779525,0.0011641742757750873,-0.00235438084383921,0.013610777178219107,False,False,False,401,71856.0,19498.0,664088.0,0.10820252737588994,71118.0,56.0,499033.0,0.14251161746818347,142974.0,19554.0,1163121.0,0.12292272257142636,0.005161777665869319,211,35653.0,4466.0,462782.0,0.07704059362723702,42169.0,0.0,416703.0,0.1011967756411641,77822.0,4466.0,879485.0,0.08848587525654218,-0.08372953663488474,190,36203.0,15032.0,201306.0,0.17984064061677246,28949.0,56.0,82330.0,0.35162152313858863,65152.0,15088.0,283636.0,0.22970285859340844,0.11133963654223969
2026-05-07,2026-05-06,2026-05-08,696.5800170898438,694.9400024414062,-0.00235438084383921,False,0.023440840892904546,0.023440840892904546,0.007166058150710475,0.016158986505240946,0.016879126870724372,,False,False,404,91498.0,21323.0,640118.0,0.1429392705719883,82419.0,1491.0,597134.0,0.138024296054152,173917.0,22814.0,1237252.0,0.14056716012582723,0.052203062380330845,200,33520.0,6189.0,483425.0,0.06933857371877747,41008.0,932.0,407861.0,0.10054405790207939,74528.0,7121.0,891286.0,0.08361850180525668,-0.1004723057106054,204,57978.0,15134.0,156693.0,0.3700101472305719,41411.0,559.0,189273.0,0.21878979040856328,99389.0,15693.0,345966.0,0.2872796748813467,0.16668846653050137
2026-05-08,2026-05-07,2026-05-11,699.9199829101562,711.22998046875,0.016158986505240946,True,0.0028963874065546236,0.0028963874065546236,-0.0012232261590183757,0.004124658956305316,0.007986240550762427,True,False,False,390,83598.0,8972.0,720565.0,0.11601729198614975,63398.0,1177.0,617651.0,0.10264372598765323,146996.0,10149.0,1338216.0,0.10984474853087992,0.13741870527089173,190,67982.0,1777.0,635178.0,0.10702826609233947,44709.0,1102.0,562334.0,0.07950612980897474,112691.0,2879.0,1197512.0,0.09410427619931992,0.20652048522064761,200,15616.0,7195.0,85387.0,0.18288498249147997,18689.0,75.0,55317.0,0.3378527396641177,34305.0,7270.0,140704.0,0.243809699795315,-0.08957877860370209
2026-05-11,2026-05-08,2026-05-12,710.3599853515625,713.2899780273438,0.004124658956305316,True,-0.00848180680976407,0.00848180680976407,-0.007107918911520739,-0.001383723291193073,0.01898243133148956,False,True,False,306,69067.0,13069.0,295558.0,0.2336834056259685,89529.0,571.0,311681.0,0.2872456133033454,158596.0,13640.0,607239.0,0.26117558325469875,-0.12901964740598754,170,50539.0,7028.0,235735.0,0.21438903853903749,74383.0,431.0,263990.0,0.28176446077502937,124922.0,7459.0,499725.0,0.24998148981940066,-0.19087110356862683,136,18528.0,6041.0,59823.0,0.3097136552830851,15146.0,140.0,47691.0,0.31758612736155667,33674.0,6181.0,107514.0,0.31320572204550107,0.10043356892558057
2026-05-12,2026-05-11,2026-05-13,708.219970703125,707.239990234375,-0.001383723291193073,False,0.010562230418850849,0.010562230418850849,0.0038459812451778763,0.0066905175685836316,0.016712866194545463,,True,False,487,32239.0,9656.0,515774.0,0.06250605885523504,78228.0,1572.0,659643.0,0.11859141990440283,110467.0,11228.0,1175417.0,0.0939811147873478,-0.4163143744285624,264,27465.0,5550.0,425794.0,0.06450302258838782,47712.0,1195.0,564578.0,0.08450913779849728,75177.0,6745.0,990372.0,0.0759078406901649,-0.26932439442914724,223,4774.0,4106.0,89980.0,0.05305623471882641,30516.0,377.0,95065.0,0.3210014200809972,35290.0,4483.0,185045.0,0.19071036774838554,-0.7294417682062907
2026-05-13,2026-05-12,2026-05-14,709.9600219726562,714.7100219726562,0.0066905175685836316,True,0.007107716274449949,0.007107716274449949,-0.00012596277189491634,0.007234590335396973,0.010927590706219034,True,True,False,369,59515.0,5318.0,389878.0,0.1526503162527765,37710.0,11197.0,494170.0,0.07630977194083008,97225.0,16515.0,884048.0,0.10997706006913652,0.2242735921830805,233,38810.0,3835.0,328412.0,0.1181747317394005,21215.0,8615.0,415337.0,0.05107900331538004,60025.0,12450.0,743749.0,0.08070599086519781,0.29312786339025404,136,20705.0,1483.0,61466.0,0.33685289428301823,16495.0,2582.0,78833.0,0.20923978536907134,37200.0,4065.0,140299.0,0.26514800533147065,0.11317204301075269
2026-05-14,2026-05-13,2026-05-15,714.6199951171875,719.7899780273438,0.007234590335396973,True,-0.015087714031981059,0.015087714031981059,-0.013406637593583848,-0.0017039202800807063,0.013309461623929167,False,True,False,313,26918.0,17221.0,310191.0,0.0867787911319155,81501.0,606.0,466373.0,0.17475497080662902,108419.0,17827.0,776564.0,0.13961373434771635,-0.5034449681328919,186,18810.0,14325.0,246434.0,0.07632875333760764,46254.0,373.0,397506.0,0.11636050776592051,65064.0,14698.0,643940.0,0.10104046960896979,-0.4218000737735153,127,8108.0,2896.0,63757.0,0.12717034992236145,35247.0,233.0,68867.0,0.5118126243338609,43355.0,3129.0,132624.0,0.3269016166003137,-0.6259716295698304
2026-05-15,2026-05-14,2026-05-18,710.1400146484375,708.9299926757812,-0.0017039202800807063,False,-0.004302241158477327,0.004302241158477327,0.0036815840471233763,-0.007954539898408552,0.018647866326523495,,True,False,398,10772.0,6138.0,440526.0,0.024452586226465633,68592.0,3378.0,663679.0,0.10335116826055969,79364.0,9516.0,1104205.0,0.07187433492874964,-0.7285419081699511,248,6222.0,3507.0,406991.0,0.015287807347091214,53875.0,1609.0,592181.0,0.09097725188751413,60097.0,5116.0,999172.0,0.060146801551684795,-0.7929347554786429,150,4550.0,2631.0,33535.0,0.13567914119576563,14717.0,1769.0,71498.0,0.20583792553637864,19267.0,4400.0,105033.0,0.18343758628240647,-0.5276898323558415
2026-05-18,2026-05-15,2026-05-19,711.5399780273438,705.8800048828125,-0.007954539898408552,True,-0.006162485912403315,0.006162485912403315,-0.008599205647178643,0.002457855338280135,0.015923372466459113,True,False,False,836,51516.0,2959.0,851892.0,0.06047245425476469,89947.0,7571.0,808843.0,0.11120452300384623,141463.0,10530.0,1660735.0,0.08518095903319915,-0.271668210061995,343,33791.0,1689.0,730392.0,0.0462641978553982,44956.0,5079.0,697491.0,0.06445387825792734,78747.0,6768.0,1427883.0,0.055149476532741125,-0.1417831790417413,493,17725.0,1270.0,121500.0,0.14588477366255145,44991.0,2492.0,111352.0,0.40404303470076874,62716.0,3762.0,232852.0,0.2693384639169945,-0.4347534919318834
2026-05-19,2026-05-18,2026-05-20,699.8099975585938,701.530029296875,0.002457855338280135,False,0.016563788621898112,0.016563788621898112,0.005359640462201165,0.01114441808559774,0.013342331754636472,,False,False,723,71762.0,2760.0,716072.0,0.10021617937860997,89828.0,7010.0,697445.0,0.1287958190251561,161590.0,9770.0,1413517.0,0.11431769126229115,-0.11180147286341977,325,51202.0,182.0,618856.0,0.08273653321612782,66657.0,2025.0,630478.0,0.10572454550357031,117859.0,2207.0,1249334.0,0.09433746300028656,-0.13113126702245903,398,20560.0,2578.0,97216.0,0.21148782093482554,23171.0,4985.0,66967.0,0.34600624188032914,43731.0,7563.0,164183.0,0.26635522557146596,-0.05970592943221056
2026-05-20,2026-05-19,2026-05-21,705.2899780273438,713.1500244140625,0.01114441808559774,True,0.0019070115754113992,0.0019070115754113992,-0.005833322635171223,0.007785751008170472,0.01451304105954597,True,False,False,747,67731.0,7504.0,607186.0,0.11154901463472477,26436.0,9268.0,511654.0,0.051667728582205946,94167.0,16772.0,1118840.0,0.08416484930821208,0.43852942113479243,329,45666.0,2096.0,451200.0,0.10121010638297873,18472.0,8308.0,384141.0,0.04808650990131228,64138.0,10404.0,835341.0,0.07678062012998285,0.4239920172128847,418,22065.0,5408.0,155986.0,0.14145500237200775,7964.0,960.0,127513.0,0.062456376996855224,30029.0,6368.0,283499.0,0.10592277221436407,0.4695794065736455
2026-05-21,2026-05-20,2026-05-22,708.989990234375,714.510009765625,0.007785751008170472,True,0.004240623952507905,0.004240623952507905,0.004982432030254502,-0.0007381303932328942,0.008635264483110796,True,False,False,651,49875.0,14070.0,772341.0,0.06457639824895998,76132.0,3523.0,620344.0,0.12272545555369278,126007.0,17593.0,1392685.0,0.09047774622402051,-0.20837731237153492,318,26097.0,7714.0,638088.0,0.04089874750818069,25402.0,1407.0,496684.0,0.05114318158024015,51499.0,9121.0,1134772.0,0.045382684803643374,0.013495407677818988,333,23778.0,6356.0,134253.0,0.17711336059529395,50730.0,2116.0,123660.0,0.4102377486656963,74508.0,8472.0,257913.0,0.2888881134335997,-0.3617329682718634
2026-05-22,2026-05-21,2026-05-26,718.0700073242188,717.5399780273438,-0.0007381303932328942,False,0.017755179724697978,0.017755179724697978,0.011734599051137051,0.005950750996563059,0.009769504111668974,,False,False,565,42744.0,4595.0,462665.0,0.0923864999513687,46226.0,4342.0,561681.0,0.08229938345787022,88970.0,8937.0,1024346.0,0.08685541799352953,-0.03913678768124087,315,31639.0,3593.0,410760.0,0.0770255136819554,23967.0,3530.0,483826.0,0.04953640358310633,55606.0,7123.0,894586.0,0.06215836152141885,0.1379707225838938,250,11105.0,1002.0,51905.0,0.21394855986899142,22259.0,812.0,77855.0,0.2859032817416993,33364.0,1814.0,129760.0,0.2571208384710234,-0.3343124325620429
2026-05-26,2026-05-22,2026-05-27,725.9600219726562,730.280029296875,0.005950750996563059,True,-0.0011365737204164228,0.0011365737204164228,0.00366981509594555,-0.00478881475169457,0.010790388024713604,False,False,False,426,52108.0,6414.0,659819.0,0.07897317294591395,65921.0,250.0,618075.0,0.10665534118027747,118029.0,6664.0,1277894.0,0.09236212080188184,-0.1170305602860314,203,41633.0,2426.0,519448.0,0.0801485422987479,32955.0,25.0,529946.0,0.06218558117242134,74588.0,2451.0,1049394.0,0.07107721218150666,0.11634579288893655,223,10475.0,3988.0,140371.0,0.07462367583047781,32966.0,225.0,88129.0,0.3740652906534739,43441.0,4213.0,228500.0,0.19011378555798686,-0.5177367003522019
2026-05-27,2026-05-26,2026-05-28,732.9600219726562,729.4500122070312,-0.00478881475169457,True,0.008430959320020914,0.008430959320020914,0.000383807330226249,0.008044064618829116,0.013969432135007136,False,False,False,673,84415.0,15444.0,613719.0,0.1375466622346709,113622.0,2378.0,556245.0,0.20426610576274842,198037.0,17822.0,1169964.0,0.16926760139628227,-0.14748254114130188,371,51161.0,8254.0,536128.0,0.09542683836695715,77603.0,0.0,476361.0,0.16290796265857196,128764.0,8254.0,1012489.0,0.12717570264960903,-0.20535242769718245,302,33254.0,7190.0,77591.0,0.4285806343519223,36019.0,2378.0,79884.0,0.4508912923739422,69273.0,9568.0,157475.0,0.43989839657088425,-0.03991454101886738
2026-05-28,2026-05-27,2026-05-29,729.72998046875,735.5999755859375,0.008044064618829116,True,0.003684097420609156,0.003684097420609156,0.003045203023215093,0.0006369547408913157,0.008673198877869112,True,False,False,581,53728.0,6596.0,581824.0,0.0923440765592344,45288.0,12766.0,615189.0,0.07361640081340856,99016.0,19362.0,1197013.0,0.0827192352965256,0.08523874929304355,303,31826.0,2859.0,467600.0,0.06806244653550043,25682.0,377.0,490885.0,0.052317752630453164,57508.0,3236.0,958485.0,0.059998852355540255,0.10683730959170898,278,21902.0,3737.0,114224.0,0.1917460428631461,19606.0,12389.0,124304.0,0.15772621959068092,41508.0,16126.0,238528.0,0.174017306144352,0.05531463814204491
2026-05-29,2026-05-28,2026-06-01,737.8400268554688,738.3099975585938,0.0006369547408913157,False,0.006000179721837862,0.006000179721837862,-0.0017201711143688403,0.007733654044502547,0.013083981270239891,,False,False,471,51373.0,12513.0,613680.0,0.08371301003780472,71185.0,3251.0,373932.0,0.19036883711476954,122558.0,15764.0,987612.0,0.12409529248328291,-0.16165407398945805,275,37188.0,5642.0,511646.0,0.07268306602611962,36770.0,579.0,295860.0,0.12428175488406679,73958.0,6221.0,807506.0,0.09158817395784057,0.0056518564590713645,196,14185.0,6871.0,102034.0,0.1390222866887508,34415.0,2672.0,78072.0,0.4408110462137514,48600.0,9543.0,180106.0,0.26984109357822617,-0.4162551440329218
2026-06-01,2026-05-29,2026-06-02,737.0399780273438,742.739990234375,0.007733654044502547,True,0.004604549310825545,0.004604549310825545,-0.00045771848127529324,0.005064585946688682,0.009707329708181047,True,False,False,371,66879.0,11897.0,463531.0,0.14428161223305452,56387.0,3205.0,317280.0,0.17771999495713564,123266.0,15102.0,780811.0,0.1578691898551634,0.08511673940908279,193,35926.0,2300.0,383541.0,0.09366925569886922,30443.0,86.0,256897.0,0.11850274623681865,66369.0,2386.0,640438.0,0.10363064028055799,0.08261387093371905,178,30953.0,9597.0,79990.0,0.3869608701087636,25944.0,3119.0,60383.0,0.4296573538909958,56897.0,12716.0,140373.0,0.4053272352945367,0.08803627607782484
2026-06-02,2026-06-01,2026-06-03,742.4000244140625,746.1599731445312,0.005064585946688682,True,-0.002613315163043861,0.002613315163043861,0.0015412571773529837,-0.004148178929848201,0.010239110811908465,False,False,False,827,60201.0,11266.0,596134.0,0.10098568442665576,89875.0,8726.0,560671.0,0.16029899887812996,150076.0,19992.0,1156805.0,0.12973318752944532,-0.1977264852474746,382,36820.0,1253.0,488755.0,0.07533426768012604,61743.0,506.0,492531.0,0.12535860686941533,98563.0,1759.0,981286.0,0.10044268439578267,-0.25286365065998395,445,23381.0,10013.0,107379.0,0.21774276162005607,28132.0,8220.0,68140.0,0.4128558849427649,51513.0,18233.0,175519.0,0.29348959371919847,-0.09222914604080523
2026-06-03,2026-06-02,2026-06-04,747.3099975585938,744.2100219726562,-0.004148178929848201,True,-0.00483739336316813,0.00483739336316813,-0.011730615345337259,0.0069750435348938655,0.0146195355633255,True,False,False,839,63847.0,7192.0,616082.0,0.1036339318467347,75294.0,2217.0,707851.0,0.10636984337099192,139141.0,9409.0,1323933.0,0.10509670806604261,-0.08226906519286192,381,42344.0,3028.0,532954.0,0.0794515098864067,46456.0,1276.0,606826.0,0.07655571778401057,88800.0,4304.0,1139780.0,0.07790977206127499,-0.046306306306306305,458,21503.0,4164.0,83128.0,0.2586733711866038,28838.0,941.0,101025.0,0.28545409552091067,50341.0,5105.0,184153.0,0.2733650822956998,-0.14570628314892434
2026-06-04,2026-06-03,2026-06-05,735.47998046875,740.6099853515625,0.0069750435348938655,True,-0.04800095663859216,0.04800095663859216,-0.014244998044363077,-0.03424376090129977,0.03695601687600141,False,False,False,774,44483.0,8711.0,874223.0,0.05088289829940416,75990.0,3855.0,771068.0,0.09855161931243418,120473.0,12566.0,1645291.0,0.07322291315031809,-0.2615274791862077,374,33368.0,2452.0,677640.0,0.04924148515435925,43512.0,2234.0,659142.0,0.06601308974393985,76880.0,4686.0,1336782.0,0.05751124715922267,-0.131945889698231,400,11115.0,6259.0,196583.0,0.05654100303688518,32478.0,1621.0,111926.0,0.2901738648750067,43593.0,7880.0,308509.0,0.14130219863926174,-0.49005574289450143
2026-06-05,2026-06-04,2026-06-08,730.0599975585938,705.0599975585938,-0.03424376090129977,True,0.015615706186351996,0.015615706186351996,0.01808356741858752,-0.002424026191182982,0.014126488535932754,False,False,False,643,542.0,1172.0,755516.0,0.0007173904986790485,52640.0,5738.0,1271279.0,0.04140711834302305,53182.0,6910.0,2026795.0,0.02623945687649713,-0.9796171637020045,307,306.0,103.0,677159.0,0.0004518879613207533,43360.0,1193.0,917407.0,0.04726364634235405,43666.0,1296.0,1594566.0,0.027384253771872723,-0.985984518847616,336,236.0,1069.0,78357.0,0.003011855992444836,9280.0,4545.0,353872.0,0.026224171451824388,9516.0,5614.0,432229.0,0.022016107202432043,-0.9503993274485077
2026-06-08,2026-06-05,2026-06-09,717.8099975585938,716.0700073242188,-0.002424026191182982,False,-0.011507241121808565,0.011507241121808565,0.009649856960707082,-0.020954886425878172,0.05486890614810267,,False,False,627,137676.0,692.0,622674.0,0.22110446236714557,135760.0,28998.0,812567.0,0.16707545347029845,273436.0,29690.0,1435241.0,0.1905157391685438,0.0070071241533667845,286,92737.0,7.0,556076.0,0.1667703695178357,60442.0,12720.0,694260.0,0.08705960303056492,153179.0,12727.0,1250336.0,0.12251026923962839,0.21083177197918776,341,44939.0,685.0,66598.0,0.6747800234241268,75318.0,16278.0,118307.0,0.636631813840263,120257.0,16963.0,184905.0,0.6503718125523917,-0.25261731125838827
2026-06-09,2026-06-08,2026-06-10,722.97998046875,707.8300170898438,-0.020954886425878172,True,-0.019976568253734728,0.019976568253734728,-0.008716844152328984,-0.01135873643669183,0.02592435496948501,True,False,False,790,24227.0,7051.0,1225750.0,0.01976504181113604,104204.0,13822.0,1306518.0,0.0797570335808615,128431.0,20873.0,2532268.0,0.05071777552770876,-0.6227234857627831,384,18243.0,4360.0,1085892.0,0.01680001326098728,71624.0,1814.0,1062898.0,0.06738558168328476,89867.0,6174.0,2148790.0,0.041822141763504114,-0.5940000222551103,406,5984.0,2691.0,139858.0,0.04278625462969583,32580.0,12008.0,243620.0,0.13373286265495443,38564.0,14699.0,383478.0,0.1005637872316013,-0.6896587490924178
2026-06-10,2026-06-09,2026-06-11,701.6599731445312,693.6900024414062,-0.01135873643669183,True,0.033775883454166156,0.033775883454166156,0.008072735034710954,0.025497315348550043,0.033689393006873396,False,False,False,610,50875.0,1649.0,592373.0,0.08588338766284082,128293.0,40540.0,896266.0,0.14314165660640926,179168.0,42189.0,1488639.0,0.1203569166198118,-0.4320972495088409,266,41242.0,219.0,517975.0,0.07962160335923549,78242.0,8661.0,688909.0,0.11357378115251797,119484.0,8880.0,1206884.0,0.09900205819283378,-0.3096648923705266,344,9633.0,1430.0,74398.0,0.1294792870776096,50051.0,31879.0,207357.0,0.24137598441335475,59684.0,33309.0,281755.0,0.21182942627460027,-0.6771999195764359
2026-06-11,2026-06-10,2026-06-12,699.2899780273438,717.1199951171875,0.025497315348550043,True,0.005884694007997515,0.005884694007997515,0.000683275097210112,0.005197867337477069,0.01775153468795657,True,False,False,775,78906.0,5574.0,1031099.0,0.07652611436923128,25904.0,34175.0,620829.0,0.041724854992276454,104810.0,39749.0,1651928.0,0.06344707517518923,0.5056960213720065,406,67445.0,2786.0,973210.0,0.06930158958498166,14874.0,28398.0,587581.0,0.02531395671405304,82319.0,31184.0,1560791.0,0.05274184692248994,0.6386253477326013,369,11461.0,2788.0,57889.0,0.19798234552332913,11030.0,5777.0,33248.0,0.3317492781520693,22491.0,8565.0,91137.0,0.246782316731953,0.019163220843893113
2026-06-12,2026-06-11,2026-06-15,717.6099853515625,721.3400268554688,0.005197867337477069,True,0.03141371932916659,0.03141371932916659,0.023234463784756576,0.007993530157454298,0.01023096543662507,True,False,False,718,68151.0,9483.0,691618.0,0.09853849957635573,18382.0,9046.0,540897.0,0.033984289060579,86533.0,18529.0,1232515.0,0.07020847616459029,0.5751447424681914,344,49146.0,6007.0,632662.0,0.0776812895353285,15766.0,5906.0,484810.0,0.03251995627152905,64912.0,11913.0,1117472.0,0.05808825635004725,0.5142346561498644,374,19005.0,3476.0,58956.0,0.32235904742519844,2616.0,3140.0,56087.0,0.04664182430866333,21621.0,6616.0,115043.0,0.18793842302443434,0.7580130428749826
2026-06-15,2026-06-12,2026-06-16,738.0999755859375,744.0,0.007993530157454298,True,-0.019005396032846122,0.019005396032846122,-0.0023521505376343788,-0.01669250878873363,0.019596715127268145,False,True,True,613,79106.0,3058.0,858514.0,0.09214293535108338,6882.0,760.0,616569.0,0.011161767782681258,85988.0,3818.0,1475083.0,0.05829366889863147,0.8399311531841652,260,61502.0,1146.0,787294.0,0.07811821251019314,5278.0,237.0,558979.0,0.009442215181607896,66780.0,1383.0,1346273.0,0.04960360937194759,0.8419287211740042,353,17604.0,1912.0,71220.0,0.24717775905644482,1604.0,523.0,57590.0,0.027852057648897376,19208.0,2435.0,128810.0,0.1491188572315814,0.8329862557267805
2026-06-16,2026-06-15,2026-06-17,742.25,729.8599853515625,-0.01669250878873363,True,-0.010070391216744357,0.010070391216744357,0.007302793956126097,-0.01724723218987434,0.020318989104054466,True,True,True,834,33675.0,20100.0,784748.0,0.04291186470051533,150157.0,6754.0,859901.0,0.1746212645409181,183832.0,26854.0,1644649.0,0.11177582572330023,-0.6336328821967884,335,20887.0,14985.0,692800.0,0.03014867205542725,97563.0,3756.0,764557.0,0.12760722876123035,118450.0,18741.0,1457357.0,0.0812772711147646,-0.6473279864921908,499,12788.0,5115.0,91948.0,0.139078609648932,52594.0,2998.0,95344.0,0.5516235945628462,65382.0,8113.0,187292.0,0.34909125856950646,-0.6088219999388211
2026-06-17,2026-06-16,2026-06-18,735.1900024414062,722.510009765625,-0.01724723218987434,True,0.025065376405563056,0.025065376405563056,0.020331901624686788,0.004639151998814484,0.012885631247674783,False,True,True,813,33890.0,5810.0,715646.0,0.04735581558480031,120577.0,15068.0,961550.0,0.1253985752170974,154467.0,20878.0,1677196.0,0.09209835940462534,-0.5612007742754116,352,20731.0,4766.0,631196.0,0.032843997743965424,81764.0,10027.0,865233.0,0.094499400739454,102495.0,14793.0,1496429.0,0.0684930591427993,-0.5954729498999951,461,13159.0,1044.0,84450.0,0.15582001184132624,38813.0,5041.0,96317.0,0.4029714380638932,51972.0,6085.0,180767.0,0.2875082288249515,-0.49361194489340415
2026-06-18,2026-06-17,2026-06-22,737.2000122070312,740.6199951171875,0.004639151998814484,True,-0.003605064578001027,0.003605064578001027,0.0018903410970438905,-0.005485037084026145,0.014933430951784846,False,True,True,809,67250.0,7481.0,604972.0,0.11116216948883585,60433.0,2639.0,574386.0,0.1052132189851424,127683.0,10120.0,1179358.0,0.10826483561395267,0.05339003626167931,300,35503.0,419.0,426018.0,0.08333685431132018,44827.0,943.0,417229.0,0.10743979924693633,80330.0,1362.0,843247.0,0.09526271661802532,-0.11607120627411925,509,31747.0,7062.0,178954.0,0.17740313153100798,15606.0,1696.0,157157.0,0.09930197191343688,47353.0,8758.0,336111.0,0.1408850052512414,0.3408654150740185
2026-06-22,2026-06-18,2026-06-23,742.02001953125,737.9500122070312,-0.005485037084026145,True,-0.03292904314791367,0.03292904314791367,-0.03009691931060665,-0.002920007053997531,0.015583711375796665,True,False,False,756,54132.0,9690.0,630307.0,0.08588195910881523,83446.0,1871.0,635652.0,0.13127623290731408,137578.0,11561.0,1265959.0,0.10867492549126788,-0.2130718574190641,386,37508.0,2731.0,550521.0,0.06813182421742313,32947.0,1461.0,551390.0,0.05975262518362683,70455.0,4192.0,1101911.0,0.06393892065693146,0.06473635653963523,370,16624.0,6959.0,79786.0,0.208357355927105,50499.0,410.0,84262.0,0.5993092971920914,67123.0,7369.0,164048.0,0.4091668292207159,-0.5046705302206397
2026-06-23,2026-06-22,2026-06-24,715.739990234375,713.6500244140625,-0.002920007053997531,True,-0.00424581964999271,0.00424581964999271,0.0024101038944643882,-0.006639920645849728,0.021691277151513772,True,False,False,735,5664.0,2671.0,644550.0,0.00878752618105655,119529.0,5877.0,941052.0,0.1270163604136647,125193.0,8548.0,1585602.0,0.0789561314882297,-0.9095157077472382,409,3701.0,1405.0,583109.0,0.006347012308161939,88023.0,2323.0,800168.0,0.11000564881374911,91724.0,3728.0,1383277.0,0.06630920632671547,-0.9193013824080939,326,1963.0,1266.0,61441.0,0.03194934978271838,31506.0,3554.0,140884.0,0.2236307884500724,33469.0,4820.0,202325.0,0.16542196960336092,-0.8826974214945174
2026-06-24,2026-06-23,2026-06-25,715.3699951171875,710.6199951171875,-0.006639920645849728,True,0.008105611726665796,0.008105611726665796,0.021502391435460844,-0.013114780563527884,0.030297528137136796,False,False,False,626,65616.0,629.0,563238.0,0.1164978215248261,99752.0,35405.0,783534.0,0.1273103655999612,165368.0,36034.0,1346772.0,0.12278841555957504,-0.20642445938754778,368,53731.0,379.0,494194.0,0.10872450899849047,79835.0,13327.0,671256.0,0.11893375999618626,133566.0,13706.0,1165450.0,0.11460465914453645,-0.19543895901651617,258,11885.0,250.0,69044.0,0.17213660853948207,19917.0,22078.0,112278.0,0.17739004969807087,31802.0,22328.0,181322.0,0.17538963832298343,-0.25256273190365386
2026-06-25,2026-06-24,2026-06-26,725.9000244140625,716.3800048828125,-0.013114780563527884,True,-0.013763624451209266,0.013763624451209266,-0.012912141512817832,-0.0008626212257299981,0.017797816679829975,True,False,False,663,45189.0,9326.0,766033.0,0.058990931200091905,45047.0,19044.0,815941.0,0.05520864866454805,90236.0,28370.0,1581974.0,0.057040128345977874,0.001573651314331309,396,34074.0,5748.0,711610.0,0.0478829696041371,38278.0,10955.0,714369.0,0.05358295222777024,72352.0,16703.0,1425979.0,0.05073847511078354,-0.05810482087571871,267,11115.0,3578.0,54423.0,0.2042335042169671,6769.0,8089.0,101572.0,0.06664238175875241,17884.0,11667.0,155995.0,0.11464470015064586,0.24301051218966674
2026-06-26,2026-06-25,2026-06-29,707.1300048828125,706.52001953125,-0.0008626212257299981,False,0.024854210883145544,0.024854210883145544,0.010572907343915139,0.014131888392660219,0.02747273062773981,,False,False,538,28286.0,1287.0,414534.0,0.06823565738877872,90213.0,10906.0,575432.0,0.15677438863323556,118499.0,12193.0,989966.0,0.11970007050747197,-0.5225951273850412,281,20679.0,544.0,356504.0,0.05800495927114422,42061.0,6732.0,490147.0,0.08581303160072387,62740.0,7276.0,846651.0,0.07410373341553958,-0.34080331526936564,257,7607.0,743.0,58030.0,0.13108736860244702,48152.0,4174.0,85285.0,0.5646010435598288,55759.0,4917.0,143315.0,0.38906604333112377,-0.7271471870012016
2026-06-29,2026-06-26,2026-06-30,713.989990234375,724.0800170898438,0.014131888392660219,True,0.017014704222517052,0.017014704222517052,0.00013807256598430406,0.016874301778387002,0.0189344017913356,True,False,False,511,94332.0,2820.0,606156.0,0.15562330489181003,31002.0,23333.0,588110.0,0.05271462821580997,125334.0,26153.0,1194266.0,0.10494646921205159,0.505289865479439,241,48332.0,2247.0,538443.0,0.08976251896672442,24230.0,15189.0,504302.0,0.04804660699342854,72562.0,17436.0,1042745.0,0.06958748303755952,0.33215732752680466,270,46000.0,573.0,67713.0,0.6793377933336286,6772.0,8144.0,83808.0,0.08080374188621611,52772.0,8717.0,151521.0,0.3482817563242059,0.7433487455468809
2026-06-30,2026-06-29,2026-07-01,724.1799926757812,736.4000244140625,0.016874301778387002,True,-0.015249920059198452,0.015249920059198452,-0.009790904038050607,-0.005512993208615757,0.009940259480630953,False,False,False,732,80292.0,8851.0,784682.0,0.1023242536467002,38707.0,7612.0,628721.0,0.061564668589088004,118999.0,16463.0,1413403.0,0.08419325556829864,0.34945671812368173,317,63608.0,2826.0,642786.0,0.09895672898911924,16749.0,320.0,480700.0,0.03484293738298315,80357.0,3146.0,1123486.0,0.0715247007973397,0.5831352589071269,415,16684.0,6025.0,141896.0,0.11757907199639173,21958.0,7292.0,148021.0,0.1483438160801508,38642.0,13317.0,289917.0,0.13328642335565005,-0.13648361886030744
2026-07-01,2026-06-30,2026-07-02,729.1900024414062,725.1699829101562,-0.005512993208615757,True,-0.017333877050142776,0.017333877050142776,0.0005654318150924986,-0.017889193745944887,0.03208905509004363,True,False,False,674,40741.0,9349.0,709675.0,0.057407968436256035,126316.0,17592.0,620944.0,0.2034257517586127,167057.0,26941.0,1330619.0,0.12554833502302312,-0.5122503097745081,331,33100.0,5172.0,609857.0,0.05427501856992705,65564.0,4019.0,501260.0,0.13079838806208355,98664.0,9191.0,1111117.0,0.0887971293752143,-0.32903591988972675,343,7641.0,4177.0,99818.0,0.07654931976196679,60752.0,13573.0,119684.0,0.5076033555028241,68393.0,17750.0,219502.0,0.3115825823910488,-0.7765560803006155
2026-07-02,2026-07-01,2026-07-06,725.5800170898438,712.5999755859375,-0.017889193745944887,True,0.014341891788415717,0.014341891788415717,0.010286299945234445,0.004014299553899869,0.010707276374151859,False,False,False,659,35431.0,3276.0,704189.0,0.05031461724054195,67472.0,15502.0,719066.0,0.09383283314744405,102903.0,18778.0,1423255.0,0.07230116879968804,-0.3113709026947708,315,25909.0,854.0,536379.0,0.04830353164460204,42648.0,2390.0,474588.0,0.0898632076664391,68557.0,3244.0,1010967.0,0.06781329163068626,-0.24416179237714603,344,9522.0,2422.0,167810.0,0.05674274477087182,24824.0,13112.0,244478.0,0.10153878876626936,34346.0,15534.0,412288.0,0.08330584445824278,-0.4455249519594713
2026-07-06,2026-07-02,2026-07-07,719.9299926757812,722.8200073242188,0.004014299553899869,True,-0.0185246873533641,0.0185246873533641,-0.011967051722992172,-0.006637061690915824,0.015840667186650188,False,False,False,592,91099.0,1920.0,628902.0,0.14485404721244327,48153.0,36647.0,492680.0,0.09773686774376877,139252.0,38567.0,1121582.0,0.12415677141751562,0.3084049062131962,334,59295.0,872.0,505888.0,0.1172097381238535,24720.0,5195.0,432177.0,0.05719878660826467,84015.0,6067.0,938065.0,0.08956202395356398,0.411533654704517,258,31804.0,1048.0,123014.0,0.2585396784105874,23433.0,31452.0,60503.0,0.38730310893674696,55237.0,32500.0,183517.0,0.3009911888271931,0.15154697032785994
2026-07-07,2026-07-06,2026-07-08,714.1699829101562,709.4299926757812,-0.006637061690915824,True,0.0028332742996159954,0.0028332742996159954,-0.006314901420861441,0.009206312677485284,0.015998811353160346,False,False,False,743,39242.0,7560.0,870113.0,0.045099889324719894,94386.0,9116.0,842283.0,0.11205972339463102,133628.0,16676.0,1712396.0,0.07803568800674611,-0.4126680037117969,403,17612.0,3915.0,746029.0,0.023607661364370553,61177.0,597.0,693707.0,0.08818852916288865,78789.0,4512.0,1439736.0,0.05472461617963293,-0.5529325159603498,340,21630.0,3645.0,124084.0,0.17431739789175074,33209.0,8519.0,148576.0,0.22351523799267714,54839.0,12164.0,272660.0,0.20112594439961856,-0.21114535275989715
2026-07-08,2026-07-07,2026-07-09,704.9500122070312,711.4400024414062,0.009206312677485284,True,0.01664234062582648,0.01664234062582648,0.009684603936795044,0.006891000082503984,0.012790924821080704,True,False,False,700,88764.0,5047.0,738750.0,0.12015431472081219,57146.0,20521.0,655583.0,0.0871682151611619,145910.0,25568.0,1394333.0,0.1046450166495378,0.21669522308272224,416,59337.0,1261.0,640037.0,0.09270870277812064,30984.0,8741.0,547351.0,0.05660718624794693,90321.0,10002.0,1187388.0,0.07606696378942687,0.31391370777560035,284,29427.0,3786.0,98713.0,0.2981066323584533,26162.0,11780.0,108232.0,0.24172148717569666,55589.0,15566.0,206945.0,0.2686172654570055,0.05873464174566911
2026-07-09,2026-07-08,2026-07-10,718.3300170898438,723.280029296875,0.006891000082503984,True,0.0030831495111482976,0.0030831495111482976,-0.003567106771013573,0.006674063378830697,0.012982543783997259,True,False,False,801,58586.0,7442.0,741408.0,0.07901991885709353,25929.0,40559.0,618013.0,0.041955428122062155,84515.0,48001.0,1359421.0,0.06216985025242364,0.38640478021652963,367,41201.0,1514.0,556044.0,0.07409665422160837,16327.0,18836.0,506161.0,0.03225653497602542,57528.0,20350.0,1062205.0,0.054159037097358795,0.4323807537199277,434,17385.0,5928.0,185364.0,0.09378843788437885,9602.0,21723.0,111852.0,0.08584558166148125,26987.0,27651.0,297216.0,0.09079928402239448,0.28839811761218365
2026-07-10,2026-07-09,2026-07-13,720.7000122070312,725.510009765625,0.006674063378830697,True,-0.01897977883957569,0.01897977883957569,-0.01073732816590156,-0.008331913159517645,0.01193639374779797,False,False,False,717,104832.0,9621.0,527676.0,0.19866736406431218,68655.0,11476.0,489042.0,0.1403867152514508,173487.0,21097.0,1016718.0,0.17063433518438742,0.20852859292050702,361,38293.0,5496.0,478018.0,0.08010786204703589,54960.0,10982.0,452749.0,0.1213917645317825,93253.0,16478.0,930767.0,0.10018941367710717,-0.17872883446108973,356,66539.0,4125.0,49658.0,1.3399452253413346,13695.0,494.0,36293.0,0.3773454936213595,80234.0,4619.0,85951.0,0.9334853579364987,0.6586235261859062
2026-07-13,2026-07-10,2026-07-14,717.719970703125,711.739990234375,-0.008331913159517645,True,0.011169826504217273,0.011169826504217273,0.011914435868578321,-0.0007358422194282399,0.011169740749367043,False,True,False,615,27007.0,4744.0,693401.0,0.0389486026123412,66114.0,7465.0,749467.0,0.08821469124057497,93121.0,12209.0,1442868.0,0.0645388212920378,-0.4199589781037575,341,15143.0,3387.0,625782.0,0.0241985228082623,56327.0,5899.0,657184.0,0.08570963383162097,71470.0,9286.0,1282966.0,0.05570685427361286,-0.5762417797677347,274,11864.0,1357.0,67619.0,0.17545364468566527,9787.0,1566.0,92283.0,0.10605420283259105,21651.0,2923.0,159902.0,0.13540168353116283,0.09593090388434715
2026-07-14,2026-07-13,2026-07-15,720.219970703125,719.6900024414062,-0.0007358422194282399,False,-0.002709516875899598,0.002709516875899598,0.005780229168696804,-0.008440955388050675,0.019633460010392317,,True,False,537,106751.0,12622.0,641549.0,0.16639570788825173,67484.0,9066.0,569304.0,0.11853772325506232,174235.0,21688.0,1210853.0,0.14389442814280512,0.2253680374207249,279,63728.0,2302.0,592420.0,0.10757233044124101,24448.0,8027.0,528170.0,0.046288126928829734,88176.0,10329.0,1120590.0,0.0786871201777635,0.445472690981673,258,43023.0,10320.0,49129.0,0.875714954507521,43036.0,1039.0,41134.0,1.046239120921865,86059.0,11359.0,90263.0,0.9534249914139792,-0.00015105915708990344
2026-07-15,2026-07-14,2026-07-16,723.8499755859375,717.739990234375,-0.008440955388050675,True,-0.01644047698821338,0.01644047698821338,-0.007983365211235993,-0.00852517133321884,0.015311938005274396,True,True,False,661,43321.0,9658.0,970891.0,0.044619838890256475,55055.0,5007.0,719956.0,0.07646995094144642,98376.0,14665.0,1690847.0,0.05818149128809407,-0.11927705944539319,341,31211.0,6659.0,872094.0,0.035788573250131295,33059.0,4853.0,673927.0,0.049054274424381275,64270.0,11512.0,1546021.0,0.0415712335084711,-0.028753695347751674,320,12110.0,2999.0,98797.0,0.12257457210239177,21996.0,154.0,46029.0,0.477872645506094,34106.0,3153.0,144826.0,0.23549638876997225,-0.28986102152113996
2026-07-16,2026-07-15,2026-07-17,712.010009765625,705.9400024414062,-0.00852517133321884,True,-0.015029585113280453,0.015029585113280453,-0.02024248233266801,0.005320599357888867,0.02201317105363155,True,True,False,833,49830.0,4168.0,862543.0,0.0577710328644485,105039.0,19341.0,1083928.0,0.09690588304758249,154869.0,23509.0,1946471.0,0.07956399042163999,-0.3564883869593011,396,40352.0,3345.0,764032.0,0.052814541799296365,52393.0,13421.0,861917.0,0.06078659546104787,92745.0,16766.0,1625949.0,0.057040534481708836,-0.12982910129926142,437,9478.0,823.0,98511.0,0.09621260569885597,52646.0,5920.0,222011.0,0.23713239434082095,62124.0,6743.0,320522.0,0.19382132895713866,-0.6948683278604082
2026-07-17,2026-07-16,2026-07-20,691.6500244140625,695.3300170898438,0.005320599357888867,True,0.001049833101992581,0.001049833101992581,0.009822610683877686,-0.00868744419967371,0.014798696697160106,True,True,False,674,39967.0,151.0,663392.0,0.06024643046645121,146886.0,20999.0,801073.0,0.1833615662992012,186853.0,21150.0,1464465.0,0.12759130467440327,-0.5722091697751709,313,29545.0,28.0,605347.0,0.048806717469484444,50241.0,7171.0,585073.0,0.08587133571366308,79786.0,7199.0,1190420.0,0.06702340350464542,-0.25939387862532276,361,10422.0,123.0,58045.0,0.17955034886725815,96645.0,13828.0,216000.0,0.44743055555555555,107067.0,13951.0,274045.0,0.3906913098213797,-0.8053181652610047
2026-07-20,2026-07-17,2026-07-21,702.1599731445312,696.0599975585938,-0.00868744419967371,True,0.018547213156642428,0.018547213156642428,0.015099287133994999,0.0033966391921940176,0.010415768792099996,False,False,False,596,63565.0,406.0,550175.0,0.11553596582905439,126938.0,28263.0,794845.0,0.1597015770370324,190503.0,28669.0,1345020.0,0.14163581210688317,-0.33266142790402253,297,45126.0,190.0,516085.0,0.08743908464690894,51489.0,13664.0,682769.0,0.07541203540289615,96615.0,13854.0,1198854.0,0.08058946293710494,-0.06585933861201677,299,18439.0,216.0,34090.0,0.540891757113523,75449.0,14599.0,112076.0,0.6731949748385024,93888.0,14815.0,146166.0,0.6423381634579861,-0.6072128493524199
2026-07-21,2026-07-20,2026-07-22,706.5700073242188,708.969970703125,0.0033966391921940176,True,-0.005105992167196205,0.005105992167196205,-0.007546124387513342,0.0024586857689594677,0.008505338090546606,False,False,False,836,71202.0,1550.0,565135.0,0.12599113486158176,70244.0,25422.0,644999.0,0.10890559520247318,141446.0,26972.0,1210134.0,0.11688457641880982,0.006772902733198535,418,55389.0,884.0,502820.0,0.11015671612107712,47823.0,7728.0,570039.0,0.08389425986643019,103212.0,8612.0,1072859.0,0.09620276289801362,0.07330542960120916,418,15813.0,666.0,62315.0,0.25375912701596726,22421.0,17694.0,74960.0,0.29910618996798294,38234.0,18360.0,137275.0,0.2785212165361501,-0.17283046503112412
2026-07-22,2026-07-21,2026-07-23,703.6199951171875,705.3499755859375,0.0024586857689594677,False,-0.01898341826999872,0.01898341826999872,-0.015141409293888963,-0.0039010767762661658,0.015410782580885105,,False,False,730,35545.0,8948.0,489549.0,0.07260764499570012,66130.0,13792.0,560202.0,0.11804670458156165,101675.0,22740.0,1049751.0,0.09685630211354883,-0.30081140890090974,398,30133.0,4067.0,451616.0,0.0667226139020761,44628.0,6347.0,498792.0,0.08947216475003608,74761.0,10414.0,950408.0,0.07866200621206892,-0.19388451197817044,332,5412.0,4881.0,37933.0,0.14267260696491182,21502.0,7445.0,61410.0,0.3501384139390979,26914.0,12326.0,99343.0,0.27091994403229214,-0.5978301255851973
2026-07-23,2026-07-22,2026-07-24,694.6699829101562,691.9600219726562,-0.0039010767762661658,True,-0.011171225588826994,0.011171225588826994,-0.002240084367455375,-0.008951192648092743,0.014668512763391397,True,False,False,617,14734.0,4250.0,842381.0,0.017490897824143706,47322.0,19758.0,826841.0,0.057232285288223494,62056.0,24008.0,1669222.0,0.03717660083559886,-0.5251385845043187,311,10664.0,2828.0,735523.0,0.014498526898547021,29179.0,11253.0,657075.0,0.04440741163489708,39843.0,14081.0,1392598.0,0.028610553799445354,-0.4646989433526592,306,4070.0,1422.0,106858.0,0.03808792977596436,18143.0,8505.0,169766.0,0.10687063369579303,22213.0,9927.0,276624.0,0.08030033547342241,-0.6335479223877909
2026-07-24,2026-07-23,2026-07-27,690.4099731445312,684.22998046875,-0.008951192648092743,True,-0.003083737064717651,0.003083737064717651,0.010888169796253955,-0.0138214169266494,0.02389543874522498,True,False,False,751,57183.0,333.0,663815.0,0.08614297658233092,100470.0,12938.0,828820.0,0.12122053039260636,157653.0,13271.0,1492635.0,0.10562059713191771,-0.2745713687655801,370,36972.0,277.0,612690.0,0.06034373010821133,68567.0,4215.0,716402.0,0.09571022973135195,105539.0,4492.0,1329092.0,0.07940684316811779,-0.2993680061399104,381,20211.0,56.0,51125.0,0.3953251833740831,31903.0,8723.0,112418.0,0.2837890729242648,52114.0,8779.0,163543.0,0.31865625554135607,-0.22435430018804928
2026-07-27,2026-07-24,2026-07-28,691.6799926757812,682.1199951171875,-0.0138214169266494,True,-0.009719704641810822,0.009719704641810822,-0.008634865845598916,-0.0010942878247752752,0.01688855276742162,True,False,False,709,75996.0,267.0,853518.0,0.08903854400258694,92266.0,39377.0,716843.0,0.1287115867770209,168262.0,39644.0,1570361.0,0.10714861105185368,-0.09669444081254235,343,59157.0,118.0,760275.0,0.07781000295945546,51275.0,30128.0,649519.0,0.078943033229205,110432.0,30246.0,1409794.0,0.07833201162723065,0.07137423935091278,366,16839.0,149.0,93243.0,0.18059264502429137,40991.0,9249.0,67324.0,0.6088616243835779,57830.0,9398.0,160567.0,0.3601611788225476,-0.4176379042019713
2026-07-28,2026-07-27,2026-07-29,676.22998046875,675.489990234375,-0.0010942878247752752,False,-0.0203704125369063,0.0203704125369063,2.9637050940056753e-05,-0.020399445008455364,0.027994453534344824,,False,False,717,75221.0,165.0,779551.0,0.09649272465816862,78024.0,9051.0,764939.0,0.1020002902192201,153245.0,9216.0,1544490.0,0.09922045464846001,-0.018290971972984436,363,54065.0,26.0,710460.0,0.07609858401598964,63816.0,4576.0,563049.0,0.1133400467810084,117881.0,4602.0,1273509.0,0.09256393162513968,-0.08271901324216795,354,21156.0,139.0,69091.0,0.3062048602567628,14208.0,4475.0,201890.0,0.0703749566595671,35364.0,4614.0,270981.0,0.13050361464456917,0.1964709874448592
2026-07-29,2026-07-28,2026-07-30,675.510009765625,661.72998046875,-0.020399445008455364,True,0.032974185798204436,0.032974185798204436,0.019690855305732002,0.013026821240335273,0.01786228170566763,False,False,False,518,51143.0,87.0,557244.0,0.09177846688344783,148405.0,30825.0,936001.0,0.15855218103399463,199548.0,30912.0,1493245.0,0.13363379753489882,-0.4874115501032333,293,41599.0,79.0,493588.0,0.08427879121858717,54772.0,21103.0,806752.0,0.0678919915909722,96371.0,21182.0,1300340.0,0.07411215528246459,-0.13669049817891274,225,9544.0,8.0,63656.0,0.14993087847178585,93633.0,9722.0,129249.0,0.7244388738017316,103177.0,9730.0,192905.0,0.5348591275498302,-0.8149975285189529
2026-07-30,2026-07-29,2026-07-31,674.760009765625,683.5499877929688,0.013026821240335273,True,0.00649550511403274,0.00649550511403274,0.012522855257787402,-0.005952804040379123,0.022997632973468032,True,False,False,697,144242.0,1749.0,870549.0,0.16569084566176057,17286.0,85552.0,793179.0,0.021793315254186003,161528.0,87301.0,1663728.0,0.09708798553609725,0.7859689960873657,370,85602.0,825.0,721361.0,0.11866735240746311,13673.0,62817.0,626803.0,0.02181387134394698,99275.0,63642.0,1348164.0,0.07363718360674221,0.7245429362880886,327,58640.0,924.0,149188.0,0.39306110411025014,3613.0,22735.0,166376.0,0.021715872481607924,62253.0,23659.0,315564.0,0.19727535460318668,0.883925272677622
2026-07-31,2026-07-30,2026-08-03,692.1099853515625,687.989990234375,-0.005952804040379123,True,0.017558419833591632,0.017558419833591632,0.00045058440238077146,0.017100130379183343,0.022921873508476028,False,False,False,626,93982.0,11186.0,602823.0,0.15590314238176048,84794.0,8300.0,532817.0,0.1591428201427507,178776.0,19486.0,1135640.0,0.1574231270473037,0.05139392312167181,380,70310.0,3310.0,559799.0,0.12559865237344117,42876.0,1770.0,464312.0,0.09234307965333655,113186.0,5080.0,1024111.0,0.1105212227971382,0.24237979962186135,246,23672.0,7876.0,43024.0,0.5502045370026032,41918.0,6530.0,68505.0,0.6118969418290636,65590.0,14406.0,111529.0,0.5880981628096729,-0.27818264979417595
2026-08-03,2026-07-31,2026-08-04,688.2999877929688,700.0700073242188,0.017100130379183343,True,0.03396798607700635,0.03396798607700635,0.011555938314274705,0.022156014229010923,0.025897329778420075,True,False,False,567,57757.0,7041.0,703580.0,0.08209016742943233,29365.0,7979.0,572378.0,0.051303509219431914,87122.0,15020.0,1275958.0,0.0682796769172653,0.3258878354491403,311,45852.0,3952.0,609786.0,0.0751935925062235,22615.0,408.0,503681.0,0.04489945024727953,68467.0,4360.0,1113467.0,0.06148992291644027,0.33938977901762896,256,11905.0,3089.0,93794.0,0.12692709554982196,6750.0,7571.0,68697.0,0.0982575658325691,18655.0,10660.0,162491.0,0.11480635850600956,0.2763334226748861
2026-08-04,2026-08-03,2026-08-05,708.1599731445312,723.8499755859375,0.022156014229010923,True,-0.009048819525989127,0.009048819525989127,0.0033156379015137905,-0.012323596842728102,0.01605304346081026,False,False,False,722,115412.0,9381.0,1151434.0,0.10023327433443863,4114.0,3664.0,586998.0,0.007008541766752186,119526.0,13045.0,1738432.0,0.06875506203291241,0.9311614209460704,299,53704.0,279.0,935033.0,0.05743540602310293,2915.0,45.0,502996.0,0.005795274713914226,56619.0,324.0,1438029.0,0.03937264130278319,0.8970310319857292,423,61708.0,9102.0,216401.0,0.2851557987255142,1199.0,3619.0,84002.0,0.01427346967929335,62907.0,12721.0,300403.0,0.20940869432062928,0.9618802359037945
2026-08-05,2026-08-04,2026-08-06,726.25,717.2999877929688,-0.012323596842728102,True,-0.0036943586003114204,0.0036943586003114204,-0.009033849963789864,0.005388167258067567,0.015084354535555467,True,False,False,710,94509.0,48204.0,586039.0,0.1612674241816671,129972.0,3127.0,626113.0,0.20758553168517505,224481.0,51331.0,1212152.0,0.18519212112012354,-0.15797773530944711,314,59858.0,19518.0,505922.0,0.11831468091919307,92206.0,2695.0,504265.0,0.18285227013574212,152064.0,22213.0,1010187.0,0.15053054533467566,-0.21272622053872053,396,34651.0,28686.0,80117.0,0.4325049614938153,37766.0,432.0,121848.0,0.30994353620904735,72417.0,29118.0,201965.0,0.3585621271012304,-0.04301476172721875
2026-08-06,2026-08-05,2026-08-07,710.8200073242188,714.6500244140625,0.005388167258067567,True,0.011726026161803071,0.011726026161803071,0.007696074738833714,0.003999173484935614,0.009962911738546631,True,False,False,731,42607.0,16351.0,743820.0,0.05728133150493399,82059.0,9868.0,698962.0,0.11740123211276149,124666.0,26219.0,1442782.0,0.08640667820918198,-0.31646158535607144,296,26686.0,8458.0,652433.0,0.04090228421922251,41786.0,3790.0,598947.0,0.06976577226365605,68472.0,12248.0,1251380.0,0.05471719221978935,-0.22052809907699497,435,15921.0,7893.0,91387.0,0.17421515095144824,40273.0,6078.0,100015.0,0.402669599560066,56194.0,13971.0,191402.0,0.29359149852143657,-0.4333558742926291
2026-08-07,2026-08-06,2026-08-10,720.1500244140625,723.030029296875,0.003999173484935614,True,-0.0029874750593527066,0.0029874750593527066,-0.0008851840483857787,-0.0021041535741461725,0.006002469668559944,False,False,False,587,39926.0,3388.0,565461.0,0.0706078756978819,20406.0,6399.0,314880.0,0.06480564024390244,60332.0,9787.0,880341.0,0.06853253455195203,0.323543061725121,254,32095.0,791.0,496075.0,0.06469787834500831,17306.0,3235.0,266932.0,0.06483299117378209,49401.0,4026.0,763007.0,0.0647451465058643,0.29936640958685046,333,7831.0,2597.0,69386.0,0.11286138414089297,3100.0,3164.0,47948.0,0.06465337448902979,10931.0,5761.0,117334.0,0.0931614024920313,0.4328057817217089
2026-08-10,2026-08-07,2026-08-11,722.3900146484375,720.8699951171875,-0.0021041535741461725,False,-0.0033570309855425196,0.0033570309855425196,0.0033570309855424085,-0.006691598069024418,0.010889585693827327,,False,False,550,42910.0,6819.0,438541.0,0.09784717962516618,46565.0,6840.0,226449.0,0.20563129004764868,89475.0,13659.0,664990.0,0.134550895502188,-0.040849399273540095,214,26336.0,1780.0,375507.0,0.07013451147382073,35911.0,1306.0,171277.0,0.20966621321018,62247.0,3086.0,546784.0,0.11384202902791596,-0.1538226741851013,336,16574.0,5039.0,63034.0,0.2629374623219215,10654.0,5534.0,55172.0,0.19310519828898717,27228.0,10573.0,118206.0,0.23034363737881325,0.2174232407815484
2026-08-11,2026-08-10,2026-08-12,723.2899780273438,718.4500122070312,-0.006691598069024418,True,0.007307397746256994,0.007307397746256994,0.012011976805876401,-0.004648738520336537,0.006026887071157842,False,False,False,933,66183.0,10824.0,634454.0,0.10431489122930898,74300.0,1356.0,596627.0,0.12453341870213717,140483.0,12180.0,1231081.0,0.11411353111614914,-0.057779233074464524,431,47854.0,2502.0,563700.0,0.08489267340784105,46542.0,448.0,518452.0,0.08977108777668907,94396.0,2950.0,1082152.0,0.08722989007089577,0.01389889402093309,502,18329.0,8322.0,70754.0,0.2590524917319162,27758.0,908.0,78175.0,0.3550751519027822,46087.0,9230.0,148929.0,0.3094561838191353,-0.2045913164232864
2026-08-12,2026-08-11,2026-08-13,727.0800170898438,723.7000122070312,-0.004648738520336537,True,0.011565558900105577,0.011565558900105577,0.00200360948262146,0.009542829314179269,0.013721144822836543,False,False,False,837,81537.0,2696.0,642462.0,0.1269133427346676,41680.0,2146.0,519490.0,0.08023253575622245,123217.0,4842.0,1161952.0,0.10604310677205254,0.3234699757338679,418,60761.0,1176.0,537547.0,0.11303383704122616,26499.0,1269.0,455367.0,0.058192622653815494,87260.0,2445.0,992914.0,0.08788273707491283,0.39264267705707084,419,20776.0,1520.0,104915.0,0.19802697421722346,15181.0,877.0,64123.0,0.2367481246978463,35957.0,2397.0,169038.0,0.21271548409233426,0.15560252523847928
2026-08-13,2026-08-12,2026-08-14,725.1500244140625,732.0700073242188,0.009542829314179269,True,-0.0013659895774928987,0.0013659895774928987,0.0018303793447436156,-0.003190529043775814,0.008291566740188099,False,False,False,787,66964.0,13385.0,888077.0,0.07540337155449359,51549.0,2018.0,690310.0,0.0746751459489215,118513.0,15403.0,1578387.0,0.07508488095758518,0.13007011888991082,371,37997.0,4749.0,733796.0,0.051781421539501445,31631.0,777.0,583976.0,0.054164897187555655,69628.0,5526.0,1317772.0,0.05283766842822582,0.09142873556615155,416,28967.0,8636.0,154281.0,0.18775481102663322,19918.0,1241.0,106334.0,0.18731544002858916,48885.0,9877.0,260615.0,0.18757554246685723,0.18510790631072926
2026-08-14,2026-08-13,2026-08-17,733.4099731445312,731.0700073242188,-0.003190529043775814,True,-0.0016414463662972612,0.0016414463662972612,0.0025715798267986756,-0.00420221984930369,0.007263322944992386,True,False,False,694,67715.0,18379.0,658444.0,0.10284094015588266,78930.0,7162.0,445195.0,0.17729309628365097,146645.0,25541.0,1103639.0,0.1328740647983625,-0.07647720686010433,357,47529.0,15437.0,584558.0,0.0813075862446498,52629.0,4658.0,405265.0,0.12986317594660285,100158.0,20095.0,989823.0,0.10118778811969413,-0.05091954711555742,337,20186.0,2942.0,73886.0,0.27320466664862086,26301.0,2504.0,39930.0,0.6586776859504132,46487.0,5446.0,113816.0,0.40843993814577917,-0.13154215156925592
2026-08-17,2026-08-14,2026-08-18,732.9500122070312,729.8699951171875,-0.00420221984930369,True,-0.01693450262957852,0.01693450262957852,-0.013235196965427076,-0.003748923403809279,0.008508394665078913,True,True,False,635,58954.0,6141.0,577880.0,0.10201771994185645,59204.0,2866.0,567040.0,0.10440886004514673,118158.0,9007.0,1144920.0,0.10320197044334975,-0.0021158110326850487,295,34084.0,4123.0,499475.0,0.06823965163421593,38391.0,1808.0,532773.0,0.07205883181017056,72475.0,5931.0,1032248.0,0.07021084080569785,-0.059427388754743016,340,24870.0,2018.0,78405.0,0.31719915821695044,20813.0,1058.0,34267.0,0.6073773601424111,45683.0,3076.0,112672.0,0.40545122124396477,0.08880765273734212
2026-08-18,2026-08-17,2026-08-19,720.2100219726562,717.510009765625,-0.003748923403809279,True,-0.0019929933468779693,0.0019929933468779693,0.004013888090220963,-0.005982866878987858,0.012390091465541264,True,True,False,926,31447.0,8838.0,797522.0,0.039430887173018424,137916.0,1855.0,873397.0,0.1579075723868985,169363.0,10693.0,1670919.0,0.1013591921571303,-0.6286438005939904,433,21466.0,6289.0,687371.0,0.03122913244812481,117445.0,312.0,764920.0,0.15353893217591383,138911.0,6601.0,1452291.0,0.09564956334508717,-0.6909388025426352,493,9981.0,2549.0,110151.0,0.09061197810278618,20471.0,1543.0,108477.0,0.1887128146980466,30452.0,4092.0,218628.0,0.1392868251093181,-0.34447655326415344
2026-08-19,2026-08-18,2026-08-20,720.3900146484375,716.0800170898438,-0.005982866878987858,True,-0.007191967784539344,0.007191967784539344,-0.00557198935754466,-0.0016290555069421453,0.008965454637663434,True,True,False,821,119603.0,2251.0,833255.0,0.14353709248669375,77542.0,47425.0,791476.0,0.09797138510832924,197145.0,49676.0,1624731.0,0.12134008645123408,0.21335057952268635,405,80911.0,915.0,693861.0,0.11660981089872467,42263.0,43800.0,694352.0,0.06086682259142337,123174.0,44715.0,1388213.0,0.0887284588171988,0.3137675158718561,416,38692.0,1336.0,139394.0,0.2775729227943814,35279.0,3625.0,97124.0,0.3632366871216177,73971.0,4961.0,236518.0,0.31274998097396395,0.04613970339727731
2026-08-20,2026-08-19,2026-08-21,712.0900268554688,710.9299926757812,-0.0016290555069421453,False,0.0035306004690811577,0.0035306004690811577,0.006048398347612949,-0.0025026607891501795,0.009100714233160258,,True,False,802,66627.0,33066.0,695891.0,0.09574344257936947,93735.0,32309.0,962812.0,0.09735545464742858,160362.0,65375.0,1658703.0,0.09667915232564238,-0.16904254125042092,364,44674.0,1093.0,558361.0,0.08000916969487482,50614.0,16346.0,775844.0,0.06523734152742046,95288.0,17439.0,1334205.0,0.07141930962633179,-0.06233733523633616,438,21953.0,31973.0,137530.0,0.1596233549043845,43121.0,15963.0,186968.0,0.23063304950579777,65074.0,47936.0,324498.0,0.20053744553125136,-0.32529120693364477
2026-08-21,2026-08-20,2026-08-24,715.22998046875,713.4400024414062,-0.0025026607891501795,True,-0.009979809224073155,0.009979809224073155,-0.005298314201530152,-0.004706431173668979,0.00993771837302435,True,True,False,701,67797.0,7307.0,559606.0,0.12115131002884172,72627.0,18733.0,500388.0,0.1451413702966498,140424.0,26040.0,1059994.0,0.1324762215635183,-0.03439582977268843,365,40287.0,2746.0,485639.0,0.08295668181509311,31829.0,9534.0,444717.0,0.07157135886417654,72116.0,12280.0,930356.0,0.07751441383728379,0.11728326584946475,336,27510.0,4561.0,73967.0,0.37192261413873756,40798.0,9199.0,55671.0,0.7328411560776706,68308.0,13760.0,129638.0,0.526913405020133,-0.1945306552673186
2026-08-24,2026-08-21,2026-08-25,709.6599731445312,706.3200073242188,-0.004706431173668979,True,0.006229419148941817,0.006229419148941817,0.00693731358038252,-0.0007030173794272399,0.009330000215168107,False,False,False,598,56214.0,2113.0,543578.0,0.10341478131933228,62840.0,7988.0,706867.0,0.0888993261815872,119054.0,10101.0,1250445.0,0.09520930548724654,-0.055655416869655784,346,46825.0,869.0,473949.0,0.0987975499473572,52851.0,3015.0,638106.0,0.08282479713401848,99676.0,3884.0,1112055.0,0.08963225739734096,-0.060455877041614835,252,9389.0,1244.0,69629.0,0.13484324060377142,9989.0,4973.0,68761.0,0.14527130204621805,19378.0,6217.0,138390.0,0.14002456824915094,-0.030962947672618434
2026-08-25,2026-08-24,2026-08-26,711.219970703125,710.719970703125,-0.0007030173794272399,False,0.0009145998999007254,0.0009145998999007254,-0.0032502218226799773,0.004178402457431618,0.007105539504017198,,False,False,840,111526.0,9864.0,604606.0,0.18446062394352686,59906.0,11703.0,466099.0,0.12852634311594746,171432.0,21567.0,1070705.0,0.16011132851719195,0.3011106444537776,431,77899.0,9459.0,538950.0,0.1445384544020781,37577.0,7706.0,410899.0,0.09145069712995164,115476.0,17165.0,949849.0,0.12157300792020627,0.3491807821538675,409,33627.0,405.0,65656.0,0.5121694894602169,22329.0,3997.0,55200.0,0.40451086956521737,55956.0,4402.0,120856.0,0.4629972860263454,0.2019086425048252
2026-08-28,2026-08-27,2026-08-31,719.739990234375,716.4299926757812,-0.004598879600278827,True,0.0004606410859646637,0.0004606410859646637,-0.0017587339705293914,0.0022232852237431544,0.006169540625740917,False,False,False,684,78426.0,9977.0,699785.0,0.1120715648377716,91037.0,12895.0,782711.0,0.11630985127333077,169463.0,22872.0,1482496.0,0.11430924602831981,-0.07441742445253537,427,52847.0,4057.0,616247.0,0.08575619840745675,62874.0,1125.0,672686.0,0.0934670856833649,115721.0,5182.0,1288933.0,0.08978046182384965,-0.08664805869289066,257,25579.0,5920.0,83538.0,0.3061959826665709,28163.0,11770.0,110025.0,0.2559690979322881,53742.0,17690.0,193563.0,0.2776460377241518,-0.04808157493208291
2026-08-31,2026-08-28,2026-09-01,715.1699829101562,716.760009765625,0.0022232852237431544,False,-0.012723917340435431,0.012723917340435431,-0.013072709120939163,0.00035341183056458725,0.010659097249211387,,False,False,597,65200.0,10974.0,519904.0,0.12540776758786237,59690.0,2586.0,552068.0,0.10812073874957433,124890.0,13560.0,1071972.0,0.11650490871030214,0.04411882456561774,340,49297.0,449.0,462901.0,0.1064957733943111,35564.0,1322.0,493101.0,0.07212315529678504,84861.0,1771.0,956002.0,0.08876655069759268,0.16182934445740682,257,15903.0,10525.0,57003.0,0.2789853165622862,24126.0,1264.0,58967.0,0.4091440975460851,40029.0,11789.0,115970.0,0.34516685349659393,-0.205426066102076
2026-09-01,2026-08-31,2026-09-02,707.3900146484375,707.6400146484375,0.00035341183056458725,False,0.0022610021378346445,0.0022610021378346445,-0.0007631550665888609,0.00302646686794783,0.006641812375980833,,False,False,807,46261.0,800.0,753371.0,0.061405336812805376,70328.0,8809.0,939889.0,0.07482585709589111,116589.0,9609.0,1693260.0,0.0688547535523192,-0.20642599216049543,338,34496.0,232.0,663104.0,0.05202200559791526,44047.0,677.0,722305.0,0.06098116446653422,78543.0,909.0,1385409.0,0.05669300545903773,-0.12160217969774519,469,11765.0,568.0,90267.0,0.1303355600607088,26281.0,8132.0,217584.0,0.1207855357011545,38046.0,8700.0,307851.0,0.12358576064394788,-0.3815381380434211
2026-09-02,2026-09-01,2026-09-03,707.0999755859375,709.239990234375,0.00302646686794783,True,0.011885952275470846,0.011885952275470846,0.0022700149085368437,0.009594158484140358,0.013013903045286358,True,False,False,744,78008.0,4709.0,643439.0,0.12123604568576042,171932.0,20387.0,653329.0,0.2631629699584742,249940.0,25096.0,1296768.0,0.1927407215477248,-0.37578618868528446,334,55749.0,1306.0,521218.0,0.10695908429870035,51496.0,8412.0,501968.0,0.10258821279444108,107245.0,9718.0,1023186.0,0.10481476486191171,0.03965686045969509,410,22259.0,3403.0,122221.0,0.1821209121182121,120436.0,11975.0,151361.0,0.7956871320881865,142695.0,15378.0,273582.0,0.5215803671294164,-0.688019902589439
2026-09-03,2026-09-02,2026-09-04,710.8499755859375,717.6699829101562,0.009594158484140358,True,0.001797537995484877,0.001797537995484877,0.0023408986244191077,-0.0005420916473426463,0.007384992990061068,True,False,False,745,89382.0,13576.0,763868.0,0.11701236339262805,45581.0,20249.0,765402.0,0.05955171269476693,134963.0,33825.0,1529270.0,0.0882532188560555,0.3245408000711306,317,33232.0,1629.0,651293.0,0.051024654034359344,26534.0,3968.0,649410.0,0.04085862552162732,59766.0,5597.0,1300703.0,0.045948998349354155,0.11207040792423786,428,56150.0,11947.0,112575.0,0.4987785920497446,19047.0,16281.0,115992.0,0.16420960066211462,75197.0,28228.0,228567.0,0.3289932492442041,0.49341064138197005
2026-09-04,2026-09-03,2026-09-08,719.3499755859375,718.9600219726562,-0.0005420916473426463,False,-0.0008345896889334625,0.0008345896889334625,0.002712183031435833,-0.003537179242847688,0.008790485049332986,,False,False,647,50580.0,38546.0,632181.0,0.08000873167652935,67560.0,7701.0,630130.0,0.10721597130750797,118140.0,46247.0,1262311.0,0.093590248361933,-0.14372778059928898,305,36159.0,31287.0,558850.0,0.06470251409143778,42086.0,5584.0,557229.0,0.0755272966769497,78245.0,36871.0,1116079.0,0.07010704439381084,-0.07574924915330053,342,14421.0,7259.0,73331.0,0.1966562572445487,25474.0,2117.0,72901.0,0.3494327924171136,39895.0,9376.0,146232.0,0.27281990262049344,-0.27705226218824414
2026-09-08,2026-09-04,2026-09-09,720.9099731445312,718.3599853515625,-0.003537179242847688,True,-0.002853705432890319,0.002853705432890319,-0.0027283826736824723,-0.0001256656231166664,0.0079068890133148,True,False,False,563,42905.0,3933.0,563167.0,0.07618521681845705,65999.0,3852.0,656165.0,0.10058293264651422,108904.0,7785.0,1219332.0,0.08931447710713734,-0.21205832659957394,221,31649.0,1997.0,506669.0,0.06246484391190304,45001.0,164.0,604337.0,0.07446342024400293,76650.0,2161.0,1111006.0,0.06899152659841622,-0.17419439008480103,342,11256.0,1936.0,56498.0,0.1992282912669475,20998.0,3688.0,51828.0,0.40514779655784516,32254.0,5624.0,108326.0,0.2977493861122907,-0.30204005704718795
2026-09-09,2026-09-08,2026-09-10,716.4000244140625,716.3099975585938,-0.0001256656231166664,False,-0.010637845546144553,0.010637845546144553,-0.012229355719565294,0.0016112142860655876,0.007259443850783183,,False,False,585,61142.0,2586.0,563847.0,0.10843721789776305,61207.0,3469.0,668710.0,0.09152996067054478,122349.0,6055.0,1232557.0,0.0992643747915918,-0.0005312671129310416,223,50925.0,569.0,506824.0,0.10047866715072688,47943.0,1707.0,587839.0,0.08155804565535801,98868.0,2276.0,1094663.0,0.09031820752140156,0.03016142735768904,362,10217.0,2017.0,57023.0,0.1791733160303737,13264.0,1762.0,80871.0,0.1640142943700461,23481.0,3779.0,137894.0,0.1702829709777075,-0.1297644904390784
2026-09-10,2026-09-09,2026-09-11,707.5499877929688,708.6900024414062,0.0016112142860655876,False,0.008734428904149771,0.008734428904149771,0.009863255034351814,-0.0011178009741166228,0.00564421677492299,,False,False,562,28386.0,3629.0,553761.0,0.051260381283622355,60843.0,4343.0,700123.0,0.08690330127706132,89229.0,7972.0,1253884.0,0.071162085168963,-0.36374945365296035,148,21446.0,616.0,474284.0,0.04521763331674693,25843.0,1579.0,543441.0,0.04755438032831531,47289.0,2195.0,1017725.0,0.04646540077132821,-0.09298145446086828,414,6940.0,3013.0,79477.0,0.08732086012305447,35000.0,2764.0,156682.0,0.22338239236159865,41940.0,5777.0,236159.0,0.1775922154141913,-0.6690510252742012
2026-09-11,2026-09-10,2026-09-14,715.6799926757812,714.8800048828125,-0.0011178009741166228,False,-0.007973383180531979,0.007973383180531979,-0.016156540557966892,0.008317540050605032,0.014282147917019919,,False,False,497,54118.0,2302.0,258104.0,0.20967516969903605,40100.0,8916.0,353402.0,0.11346851460942496,94218.0,11218.0,611506.0,0.1540753484021416,0.14878261054151012,157,26967.0,1868.0,224397.0,0.12017540341448416,30492.0,5591.0,304725.0,0.10006399212404628,57459.0,7459.0,529122.0,0.10859310329186841,-0.0613480916827651,340,27151.0,434.0,33707.0,0.8055003411754235,9608.0,3325.0,48677.0,0.19738274749881873,36759.0,3759.0,82384.0,0.4461910079627112,0.47724366821730735
2026-09-14,2026-09-11,2026-09-15,703.3300170898438,709.1799926757812,0.008317540050605032,True,-0.006542788426574742,0.006542788426574742,-0.0005358370043389016,-0.006010171894739513,0.008305387502845504,False,True,True,478,26164.0,1985.0,382993.0,0.06831456449595684,84654.0,11339.0,492460.0,0.17190025585834381,110818.0,13324.0,875453.0,0.12658360871457405,-0.5278023425797254,140,15215.0,919.0,325364.0,0.04676301004413518,44287.0,6224.0,406436.0,0.10896426497652767,59502.0,7143.0,731800.0,0.08130910084722602,-0.488588618869954,338,10949.0,1066.0,57629.0,0.18999115028891703,40367.0,5115.0,86024.0,0.46925276666976656,51316.0,6181.0,143653.0,0.3572219167020529,-0.5732714942707927
2026-09-15,2026-09-14,2026-09-16,708.7999877929688,704.5399780273438,-0.006010171894739513,True,0.000255475461144572,0.000255475461144572,0.004911037103024318,-0.004632809741348831,0.01686207348527698,False,True,True,825,63424.0,3935.0,679911.0,0.09328279730729463,84821.0,18796.0,686061.0,0.12363477883161993,148245.0,22731.0,1365972.0,0.10852711475784277,-0.14433539073830484,376,48488.0,3167.0,643179.0,0.07538803350233761,55150.0,9164.0,623790.0,0.08841116401353019,103638.0,12331.0,1266969.0,0.0817999493278841,-0.06428144117022713,449,14936.0,768.0,36732.0,0.4066209299793096,29671.0,9632.0,62271.0,0.4764818294230059,44607.0,10400.0,99003.0,0.45056210417866127,-0.33032932051023384
