date,next_date,qqq_open,qqq_close,day_oc,day_abs_oc,day_range,rv5,meaningful_move,next_close,next_cc,next_abs_cc,next_gap,next_oc,next_range,continuation_return,continued,pin_improvement,monthly_opex_week,quarterly_opex_week,eligible_contracts,total_gamma_weight,near_gamma_share_0_5,near_gamma_share_1_0,front_gamma_share,front_near_gamma_share,dominant_strike,dominant_strike_share,dominant_strike_distance,weighted_abs_distance,strike_hhi,effective_strikes,bars,rth_open,rth_close,rth_high,rth_low,rth_oc,path_efficiency,whipsaw_ratio,bar_direction_persistence,reversal_count,adverse_excursion,adverse_to_net,resolution,gap_aligned_efficiency
2026-01-20,2026-01-21,610.530029296875,608.0599975585938,-0.0040457170323396,0.0040457170323396,0.0128931681417042,0.0099188944584495,True,616.280029296875,0.0135184550394455,0.0135184550394455,0.0023188059569654,0.0111737393491158,0.0206558523978276,-0.0135184550394455,0.0,-0.0071374977352469,False,False,921,15171.88584496178,0.1871568667720095,0.385610762087177,0.4617682988987806,0.1054832933669212,610.0,0.1096549381875144,0.0031904786520993,0.016060111430811,0.0476243162525503,20.99767678966831,7,609.469970703125,616.1099853515625,620.4199829101562,607.863525390625,0.01089473635719429,0.34332691640104773,0.6566730835989523,0.7142857142857143,3,0.002635807159861704,0.2419340012868839,60m,
2026-01-21,2026-01-22,609.469970703125,616.280029296875,0.0111737393491158,0.0111737393491158,0.0206558523978276,0.0133509735071524,True,620.760009765625,0.0072693909518068,0.0072693909518068,0.0098493314735312,-0.0025547776696152,0.0075939385560176,0.0072693909518068,1.0,0.0048029480054336,False,False,1024,26589.01797338127,0.1800639873359751,0.3904489787244913,0.4259101381674467,0.1214132573369784,620.0,0.108205379288911,0.0060361694786201,0.0151578270069407,0.0441125920013224,22.669264140498036,7,622.3900146484375,620.7899780273438,622.3900146484375,617.780029296875,-0.002570794169950763,0.1632692463394431,0.8367307536605569,0.2857142857142857,3,0.0,0.0,60m,-0.1632692463394431
2026-01-22,2026-01-23,622.3499755859375,620.760009765625,-0.0025547776696152,0.0025547776696152,0.0075939385560176,0.0132252467739378,True,622.719970703125,0.0031573569602849,0.0031573569602849,-0.0016593035644546,0.0048246661104138,0.0108737674686043,-0.0031573569602849,0.0,-0.0031573569602848,False,False,950,30119.02358275784,0.3138312932340117,0.5212079909994594,0.4441904774725499,0.2213526193547873,620.0,0.1269845863013452,0.0012243214022629,0.0140252238782851,0.045837478213938,21.816208896411865,7,619.6900024414062,622.780029296875,625.39990234375,618.6500244140625,0.00498640746711243,0.42857384723480263,0.5714261527651974,0.5714285714285714,2,0.0016782230199721246,0.3365595433266836,60m,
2026-01-23,2026-01-26,619.72998046875,622.719970703125,0.0048246661104138,0.0048246661104138,0.0108737674686043,0.0132004711611977,True,625.4600219726562,0.0044001339260686,0.0044001339260686,0.0007869528722161,0.003610339886509,0.0088161460891902,0.0044001339260686,1.0,-0.0044001339260685,False,False,816,24979.043111770945,0.3047787113126578,0.4162396802942316,0.5845430156899085,0.1992235252068504,620.0,0.0949940471978029,0.0043678873829176,0.0153666512317609,0.0417802380587854,23.93476070176968,7,623.1900024414062,625.47998046875,627.6099853515625,622.1199951171875,0.003674606489790566,0.4155986574653566,0.5844013425346434,0.42857142857142855,1,0.0017169840979908123,0.4672565899943946,60m,
2026-01-26,2026-01-27,623.2100219726562,625.4600219726562,0.003610339886509,0.003610339886509,0.0088161460891902,0.0132880382169731,True,631.1300048828125,0.0090653002765443,0.0090653002765443,0.005515862006646,0.0035299674565203,0.0075143910190321,0.0090653002765443,1.0,-0.0090653002765445,False,False,1117,28305.050526474995,0.2623167583738935,0.4896262979539233,0.5632583025964585,0.1881617165025067,620.0,0.0984222471041972,0.0087296098564952,0.0151463833658164,0.0470061803406404,21.273798312334332,7,628.9000244140625,631.0800170898438,632.042724609375,627.3400268554688,0.003466358071479325,0.5698945319356022,0.43010546806439776,0.5714285714285714,3,0.0024805175672352347,0.7155976145812983,60m,0.5698945319356022
2026-01-27,2026-01-28,628.9099731445312,631.1300048828125,0.0035299674565203,0.0035299674565203,0.0075143910190321,0.0040985139884395,True,633.219970703125,0.003311466423943,0.003311466423943,0.0068607371798901,-0.0035250860669054,0.0075895267065192,0.003311466423943,1.0,-0.0033114664239431,False,False,952,26561.177093186456,0.212344696991219,0.4218263011273734,0.5416357851536105,0.1669046331295251,630.0,0.0870733357290956,0.0017904470934199,0.016588439215292,0.0406257393225324,24.61493665532789,7,635.4600219726562,633.010009765625,636.5900268554688,631.8099975585938,-0.0038554938506213388,0.3717826413137104,0.6282173586862896,0.7142857142857143,4,0.0017782470080566673,0.46122418474875554,60m,-0.3717826413137104
2026-01-28,2026-01-29,635.4600219726562,633.219970703125,-0.0035250860669054,0.0035250860669054,0.0075895267065192,0.0026130397322932,True,629.4299926757812,-0.0059852471537424,0.0059852471537424,-0.0009000763011779,-0.0050897520177345,0.0243200847910816,0.0059852471537424,1.0,0.0041849017742819,False,False,926,27264.86334589851,0.1912521854604893,0.4130326668603881,0.5448702716345757,0.1548573170387313,630.0,0.0889672502197848,0.0050850744640121,0.0147331837074905,0.0407078410325008,24.56529195939442,7,632.5800170898438,629.3599853515625,633.6699829101562,618.27001953125,-0.00509031529812598,0.16589573382220224,0.8341042661777978,0.42857142857142855,3,0.0017230481375729181,0.3384953655439114,60m,
2026-01-29,2026-01-30,632.6500244140625,629.4299926757812,-0.0050897520177345,0.0050897520177345,0.0243200847910816,0.005463143911743,True,621.8699951171875,-0.0120108632358862,0.0120108632358862,-0.0059100626700532,-0.0061370710402918,0.0142351366743204,0.0120108632358862,1.0,-0.0120108632358863,False,False,884,31636.01060299658,0.2699699274933331,0.4802132370298925,0.5051133434540599,0.2155025846263656,630.0,0.1500723440158445,0.0009055928869794,0.0143569076665542,0.0516097675780426,19.376177164290294,7,625.719970703125,621.8099975585938,628.2559814453125,619.2974853515625,-0.006248758754075823,0.39216298445697356,0.6078370155430264,0.5714285714285714,5,0.004052948380947104,0.6486005525983098,60m,0.39216298445697356
2026-01-30,2026-02-02,625.7100219726562,621.8699951171875,-0.0061370710402918,0.0061370710402918,0.0142351366743204,0.0085482948916937,True,626.1400146484375,0.0068664183266236,0.0068664183266236,-0.005097500980987,0.0120252178674866,0.0158071898741333,-0.0068664183266236,0.0,-0.0068664183266236,False,False,1238,24703.36481266072,0.2092423729924925,0.3812784410626207,0.4537898766683144,0.1050501048908338,620.0,0.0989475187596735,0.0030070515250298,0.0165553413955876,0.0417189739638903,23.96990877257777,7,618.7000122070312,626.25,628.489990234375,618.7000122070312,0.012202986332643384,0.691391905563039,0.308608094436961,0.5714285714285714,3,0.0,0.0,60m,-0.691391905563039
2026-02-02,2026-02-03,618.7000122070312,626.1400146484375,0.0120252178674866,0.0120252178674866,0.0158071898741333,0.008945196472818,True,616.52001953125,-0.0153639679498664,0.0153639679498664,0.0034496647618729,-0.0187489551020019,0.030376526098197,-0.0153639679498664,0.0,-0.0117225630826896,False,False,1212,28494.70776411431,0.2116860592177051,0.507389931842271,0.4557625918141071,0.1378632181549938,625.0,0.083756522183595,0.0018207024335884,0.0154745158778275,0.0403418439820998,24.788157934568183,7,628.2349853515625,616.4500122070312,629.97998046875,610.9600219726562,-0.018758861603252353,0.6201003927714636,0.37989960722853644,0.7142857142857143,1,0.0027776153157261603,0.14806950306859698,60m,-0.6201003927714636
2026-02-03,2026-02-04,628.2999877929688,616.52001953125,-0.0187489551020019,0.0187489551020019,0.030376526098197,0.0095755707521961,True,605.75,-0.017469050785145,0.017469050785145,-0.0024330110174531,-0.0150727118416654,0.0237299753768513,0.017469050785145,1.0,-0.017469050785145,False,False,1042,25456.552566828588,0.1386560384577031,0.2981317778864336,0.4237541189123632,0.0749810642486877,620.0,0.0941131154093252,0.0056445538806604,0.0169261952849456,0.044901214314184,22.27111260294146,7,614.7999877929688,605.6199951171875,615.0999755859375,600.469970703125,-0.01493167348414548,0.5221833760949343,0.47781662390506574,0.5714285714285714,2,0.0004879437197870759,0.03267843489245708,60m,
2026-02-04,2026-02-05,615.02001953125,605.75,-0.0150727118416654,0.0150727118416654,0.0237299753768513,0.0097712202174962,True,597.030029296875,-0.0143953292664052,0.0143953292664052,-0.0091456508911988,-0.0052981332523069,0.0165909827370511,0.0143953292664052,1.0,0.0045894004075526,False,False,905,26511.109842202528,0.1822485521500985,0.4436207023742519,0.4359204285811145,0.0874307561174543,600.0,0.1398989632487042,0.0094923648369789,0.0168134657880237,0.0531105652007888,18.828645415830497,7,600.2100219726562,597.0800170898438,604.8099975585938,594.77001953125,-0.005214849416418255,0.1804039934989552,0.8195960065010448,0.42857142857142855,5,0.007663943315740004,1.4696384696384723,60m,0.1804039934989552
2026-02-05,2026-02-06,600.2100219726562,597.030029296875,-0.0052981332523069,0.0052981332523069,0.0165909827370511,0.0098902906939217,True,609.6500244140625,0.021137957050586,0.021137957050586,0.005292821113626,0.0157617120148212,0.0211713866858043,-0.021137957050586,0.0,-0.0111888068993859,False,False,685,25897.872576588,0.2734457573393542,0.3700483521978613,0.4184220439330626,0.1533486373190216,600.0,0.1851232755552383,0.0049745750756,0.0186739384209437,0.0654279289049699,15.28399288708097,7,600.2000122070312,609.6300048828125,611.4099731445312,598.77001953125,0.01571141700098555,1.0,0.0,1.0,0,0.002382526902195384,0.15164303143668914,60m,1.0
2026-02-06,2026-02-09,600.1900024414062,609.6500244140625,0.0157617120148212,0.0157617120148212,0.0211713866858043,0.0170916167711255,True,614.3200073242188,0.00766010452414,0.00766010452414,-0.0034610781632408,0.0111598076539578,0.0186828740954853,0.00766010452414,1.0,0.00766010452414,False,False,779,25400.684587904805,0.1587743894916282,0.3310137129316601,0.3713410910873506,0.0744115709251844,620.0,0.1065594919439978,0.0169769132641057,0.0178318100125526,0.0496115524767634,20.15659559269729,7,607.5399780273438,614.3200073242188,616.4600219726562,605.0700073242188,0.011159807653957854,0.5368192142270333,0.46318078577296673,0.5714285714285714,3,0.004065527854059726,0.3643008894170211,60m,-0.5368192142270333
2026-02-09,2026-02-10,607.5399780273438,614.3200073242188,0.0111598076539578,0.0111598076539578,0.0186828740954853,0.0172191760054446,True,611.469970703125,-0.0046393355044833,0.0046393355044833,0.0016115220448167,-0.0062408003619396,0.009783190672566,-0.0046393355044833,0.0,-0.0046393355044833,False,False,1094,29068.56363823833,0.1549992577247921,0.415208285276697,0.3554196080724466,0.0721420551193455,620.0,0.1193644944509062,0.0092459835396236,0.0161131275537487,0.0483378184381047,20.687735448393745,7,615.3049926757812,611.510009765625,617.02001953125,611.010009765625,-0.006167645241513475,0.6115991068530341,0.3884008931469659,0.5714285714285714,5,0.002787279277567049,0.4519195200797703,60m,
2026-02-10,2026-02-11,615.3099975585938,611.469970703125,-0.0062408003619396,0.0062408003619396,0.009783190672566,0.0160275675235093,True,613.1099853515625,0.0026820853468105,0.0026820853468105,0.0080298860368261,-0.0053052005343224,0.0160760422601624,-0.0026820853468105,0.0,0.0026820853468105,False,False,954,30567.9105606906,0.1640659870539876,0.3426376591547737,0.3657984882018658,0.0770813853451182,620.0,0.1041417594433228,0.0139500379504595,0.0156244949408126,0.0499939854819549,20.00240609664825,7,616.3980102539062,612.97998046875,617.52001953125,607.6900024414062,-0.005545166805045798,0.19909130662002325,0.8009086933799767,0.5714285714285714,4,0.0018202675198149532,0.32826199532151307,60m,-0.19909130662002325
2026-02-11,2026-02-12,616.3800048828125,613.1099853515625,-0.0053052005343224,0.0053052005343224,0.0160760422601624,0.0133271803546334,True,600.6400146484375,-0.0203388804636326,0.0203388804636326,0.0026097056960772,-0.0228888529896859,0.0264878906270998,0.0203388804636326,1.0,-0.0203388804636326,False,False,1083,32105.19966272536,0.1796166965572495,0.3735956895395961,0.339393364852328,0.0917530560811001,620.0,0.1138122054891525,0.011237811833201,0.0150797253320394,0.0520443096642817,19.214396471979818,7,614.7030029296875,600.5599975585938,615.8099975585938,599.5698852539062,-0.023007867707962815,0.7727134791931358,0.22728652080686418,0.7142857142857143,4,0.0018008609420001045,0.07827152715142059,60m,-0.7727134791931358
2026-02-12,2026-02-13,614.7100219726562,600.6400146484375,-0.0228888529896859,0.0228888529896859,0.0264878906270998,0.0153249998581829,True,601.9199829101562,0.0021310073097076,0.0021310073097076,-0.0003496636380098,0.0024815386515502,0.0167487968054908,-0.0021310073097076,0.0,-0.0021310073097076,False,False,915,30576.89983354481,0.2488158345932938,0.4579968983262951,0.3699459999213634,0.1190514160532449,600.0,0.1754657499196029,0.0010655544632871,0.015616997598503,0.0637307200247206,15.69101996042266,7,600.2249755859375,601.8200073242188,606.469970703125,596.4199829101562,0.0026573898174167,0.14802793685319557,0.8519720631468044,0.7142857142857143,2,0.006339277488523082,2.3855278766310684,60m,
2026-02-13,2026-02-17,600.4299926757812,601.9199829101562,0.0024815386515502,0.0024815386515502,0.0167487968054908,0.0108895634525048,False,601.2999877929688,-0.0010300291314303,0.0010300291314303,-0.0058811438859841,0.0048798136407115,0.017626903330681,,,0.0010300291314303,False,False,836,25575.3923872496,0.2153630167874817,0.3567367685573273,0.6709698647366313,0.140130092875719,600.0,0.1540580147227168,0.0031897643618234,0.0171120876483057,0.0609820519566005,16.398267488796154,7,598.3900146484375,601.1900024414062,603.9500122070312,593.3400268554688,0.004679202066254051,0.2288178285873897,0.7711821714126104,0.7142857142857143,3,0.008439291547897384,1.8035749318801022,60m,-0.2288178285873897
2026-02-17,2026-02-18,598.3800048828125,601.2999877929688,0.0048798136407115,0.0048798136407115,0.017626903330681,0.0094623243575991,True,605.7899780273438,0.0074671384093241,0.0074671384093241,0.0013470772909323,0.0061118280136684,0.0150508049423759,0.0074671384093241,1.0,-0.0074671384093241,True,False,908,28590.07413760372,0.2357289079280026,0.3929645741945425,0.6789241056445426,0.1635762994602855,600.0,0.1603050652197578,0.002161962114352,0.0155931754194911,0.0609003841269521,16.42025767711766,7,602.1099853515625,605.6699829101562,609.77099609375,600.719970703125,0.005912536986934613,0.2547397659924793,0.7452602340075207,0.42857142857142855,2,0.0023085726565818246,0.39045382070053086,60m,
2026-02-18,2026-02-19,602.1099853515625,605.7899780273438,0.0061118280136684,0.0061118280136684,0.0150508049423759,0.0107900780005247,True,603.469970703125,-0.003829722194767,0.003829722194767,-0.0049191643586673,0.0010948278018019,0.0083692492581808,-0.003829722194767,0.0,0.003829722194767,True,False,950,38935.06521594432,0.1837111660415915,0.5055410467711792,0.5676349933863719,0.1511387591514192,600.0,0.1424854093298602,0.0095577316187994,0.0150456454738714,0.0631133968641555,15.844496567858432,7,602.8099975585938,603.47998046875,605.8150024414062,600.760009765625,0.0011114329770072207,0.11591463479023009,0.8840853652097699,0.5714285714285714,4,,,60m,-0.11591463479023009
2026-02-19,2026-02-20,602.8099975585938,603.469970703125,0.0010948278018019,0.0010948278018019,0.0083692492581808,0.0105002631593643,False,608.8099975585938,0.0088488692308035,0.0088488692308035,-0.005551188540557,0.0144804414318995,0.0184267580112249,,,-0.0088488692308034,True,False,844,39982.08792245261,0.2147946055179573,0.4849653181789654,0.5729925240990226,0.1754131626422564,600.0,0.1794044654434168,0.0057500304432414,0.0138382295900288,0.070055666153054,14.274362873307796,7,600.1099853515625,608.8699951171875,610.3499755859375,599.22998046875,0.014597340453339047,0.6820315915527762,0.31796840844722385,0.7142857142857143,4,0.0014664059993885399,0.10045706641397878,60m,-0.6820315915527762
2026-02-20,2026-02-23,600.1199951171875,608.8099975585938,0.0144804414318995,0.0144804414318995,0.0184267580112249,0.0054177213934211,True,601.4099731445312,-0.0121548996299954,0.0121548996299954,-0.0036136269375561,-0.0085722496045256,0.0147172714124063,-0.0121548996299954,0.0,0.0121548996299954,True,False,775,24342.521250949478,0.1793136930237773,0.2872609952960032,0.5605360176141762,0.1275415404642282,600.0,0.113918075026869,0.0144708490233783,0.017430348590586,0.0524776557536879,19.055729255393096,7,606.6270141601562,601.4199829101562,608.010009765625,599.0499877929688,-0.008583579577656764,0.45929387443067415,0.5407061255693258,0.7142857142857143,3,0.0022798120973617306,0.2656015566391589,60m,0.45929387443067415
2026-02-23,2026-02-24,606.6099853515625,601.4099731445312,-0.0085722496045256,0.0085722496045256,0.0147172714124063,0.0086231134068154,True,607.8699951171875,0.0107414613344027,0.0107414613344027,0.0016462169131561,0.0090802962839278,0.0153971669561915,-0.0107414613344027,0.0,-0.0107414613344028,False,False,1086,25659.853125665428,0.2355820133062351,0.3520247395960851,0.5269788653697893,0.1499460802038195,600.0,0.1440328766738545,0.0023444458979605,0.0172252811527665,0.0550755414100109,18.156880066879072,7,602.0549926757812,607.8400268554688,608.989990234375,599.7390747070312,0.009608813563652063,0.6630430220356768,0.3369569779643232,0.5714285714285714,2,0.0038466884203668893,0.4003291764259043,60m,
2026-02-24,2026-02-25,602.4000244140625,607.8699951171875,0.0090802962839278,0.0090802962839278,0.0153971669561915,0.0098403049062296,True,616.6799926757812,0.0144932265605499,0.0144932265605499,0.0052643036055997,0.0091805935233637,0.0095908946595066,0.0144932265605499,1.0,-0.0074851330539708,False,False,1027,29118.7025467753,0.2603647733275432,0.3482195756128389,0.5541741054352017,0.1883022248331806,610.0,0.1242038057834264,0.0035040467532894,0.016376264744466,0.0528060947048191,18.93720801717872,7,611.0900268554688,616.52001953125,616.8300170898438,611.0,0.008885749132125031,0.7573100659714833,0.24268993402851669,0.7142857142857143,4,0.0001473217554081317,0.016579553757095505,60m,0.7573100659714833
2026-02-25,2026-02-26,611.0700073242188,616.6799926757812,0.0091805935233637,0.0091805935233637,0.0095908946595066,0.0111873718953135,True,609.239990234375,-0.0120646081108031,0.0120646081108031,-0.0017674739463868,-0.0103153663056088,0.0188266954086553,-0.0120646081108031,0.0,-0.0120646081108031,False,False,1027,28768.980712995915,0.1769312924626908,0.3888122830111167,0.5477374008093308,0.1343637640815,620.0,0.1422459029816423,0.0053836793209605,0.0156664162768141,0.0552999706745989,18.08319222959973,7,615.489990234375,609.260009765625,615.530029296875,603.97998046875,-0.010121985032409131,0.2962627564348159,0.7037372435651841,0.5714285714285714,5,6.505233738204801e-05,0.006426835958930965,60m,
2026-02-26,2026-02-27,615.5900268554688,609.239990234375,-0.0103153663056088,0.0103153663056088,0.0188266954086553,0.0130151023260144,True,607.2899780273438,-0.0032007291679606,0.0032007291679606,-0.0102751130358609,0.0071478286148791,0.0100617244125,0.0032007291679606,1.0,-0.0032007291679606,False,False,911,33171.24438571878,0.2903348463845459,0.4850052863449222,0.5314456816558698,0.2319528427275973,610.0,0.1919073306959184,0.0012474718958166,0.0142234754013761,0.0679482327513287,14.717086221502136,7,602.9500122070312,607.35498046875,608.3200073242188,602.1900024414062,0.007305693958931769,0.5822824639961273,0.41771753600387274,0.42857142857142855,2,0.0012604855298751368,0.17253467459228797,60m,-0.5822824639961273
2026-02-27,2026-03-02,602.97998046875,607.2899780273438,0.0071478286148791,0.0071478286148791,0.0100617244125,0.0125301466863391,True,608.0900268554688,0.0013174082515305,0.0013174082515305,-0.0138813301401158,0.0154126869880739,0.0196446394760759,0.0013174082515305,1.0,-0.0013174082515305,False,False,779,21951.520578951702,0.217789575521643,0.2913132411824338,0.4683830508997224,0.1277758867459591,600.0,0.1234331507162059,0.0120041138354097,0.0181622382513729,0.0487642978020351,20.5068061076082,7,598.9299926757812,608.0399780273438,609.9199829101562,597.989990234375,0.015210434379588689,0.5813721595114009,0.41862784048859913,0.5714285714285714,6,0.0015694696423645318,0.10318374894478013,60m,-0.5813721595114009
2026-03-02,2026-03-03,598.8599853515625,608.0900268554688,0.0154126869880739,0.0154126869880739,0.0196446394760759,0.0106945011940878,True,601.5800170898438,-0.0107056677105679,0.0107056677105679,-0.0193392577517474,0.0088038499648577,0.0198819686584702,-0.0107056677105679,0.0,0.0107056677105679,False,False,1252,25101.837279863947,0.1903753570998231,0.2964830214855257,0.4517578012121654,0.1206012566664653,600.0,0.1330401645927881,0.013303995293762,0.0178481530359295,0.0502062964744303,19.917820477144577,7,596.3200073242188,601.6599731445312,603.9550170898438,591.8699951171875,0.008954866103308756,0.3513146693650717,0.6486853306349283,0.7142857142857143,2,0.007462456654773586,0.833340953251804,60m,-0.3513146693650717
2026-03-03,2026-03-04,596.3300170898438,601.5800170898438,0.0088038499648577,0.0088038499648577,0.0198819686584702,0.0107418959384722,True,610.75,0.0152431640840005,0.0152431640840005,0.0042886332348073,0.0109077515035778,0.0157086537760111,0.0152431640840005,1.0,-0.0152431640840003,False,False,1174,26928.839409890687,0.2272941628082808,0.3509439642783749,0.4470922727578387,0.1333963253819683,600.0,0.1416577686562799,0.0026264454352841,0.0173203376659102,0.053927905352182,18.54327538719316,7,604.1500244140625,610.5499877929688,612.8800048828125,603.4299926757812,0.010593334635901508,0.5517192391676093,0.44828076083239066,0.5714285714285714,3,0.0011918094996016526,0.11250560286866912,60m,0.5517192391676093
2026-03-04,2026-03-05,604.1599731445312,610.75,0.0109077515035778,0.0109077515035778,0.0157086537760111,0.011031649065865,True,608.9099731445312,-0.0030127332877097,0.0030127332877097,-0.0054850193793491,0.0024859214187971,0.0171919770773638,-0.0030127332877097,0.0,0.0030127332877097,False,False,1115,26937.56181754808,0.1593489383824428,0.3331232068189768,0.4219893318703694,0.0937309220278261,600.0,0.1213348326207318,0.0176013098649201,0.0179904952525309,0.0479502752848266,20.85493762152475,7,607.4500122070312,608.969970703125,612.760009765625,602.260009765625,0.002502195185693168,0.12592854795074715,0.8740714520492529,0.5714285714285714,2,0.008543916926677733,3.4145685258805516,60m,-0.12592854795074715
2026-03-05,2026-03-06,607.4000244140625,608.9099731445312,0.0024859214187971,0.0024859214187971,0.0171919770773638,0.0095916168247065,False,599.75,-0.0150432306063691,0.0150432306063691,-0.0141235584326621,-0.0009328472970152,0.0125962510854386,,,0.0142220911571039,False,False,1015,30007.275744965176,0.1980203427134669,0.3473268651763236,0.4289501327378188,0.1262056326161377,600.0,0.129124292319739,0.0146326608817365,0.0164963652417262,0.0504487782075827,19.82208559908582,7,600.3350219726562,599.8699951171875,605.989990234375,598.3699951171875,-0.0007746122389140631,0.04826581356308004,0.95173418643692,0.42857142857142855,4,,,60m,0.04826581356308004
2026-03-06,2026-03-09,600.3099975585938,599.75,-0.0009328472970152,0.0009328472970152,0.0125962510854386,0.0117718214011643,False,607.760009765625,0.0133555811015007,0.0133555811015007,-0.0092038674968737,0.0227690115638428,0.0299124675971759,,,-0.0125219004012088,False,False,847,21046.853485560645,0.1785582840688678,0.355079108804905,0.4187688067222537,0.071915436549375,600.0,0.1338898912325159,0.0004168403501458,0.0188582042437513,0.054505039100886,18.34692748589815,7,594.219970703125,607.760009765625,609.25,591.3350219726562,0.022786240331974073,0.7171629004622895,0.2828370995377105,0.7142857142857143,3,0.004855018129153528,0.21306797692030296,60m,-0.7171629004622895
2026-03-09,2026-03-10,594.22998046875,607.760009765625,0.0227690115638428,0.0227690115638428,0.0299124675971759,0.0137904583092965,True,607.77001953125,1.6469931328311205e-05,1.6469931328311205e-05,3.2939862656844454e-05,-1.6469388829043474e-05,0.0129491822277389,1.6469931328311205e-05,1.0,-1.6469931328420492e-05,False,False,1240,23805.82181115994,0.1966464624852957,0.2940153016468819,0.3604304727237147,0.0906284102589576,600.0,0.1236998459598475,0.0127682138359473,0.0184771631532952,0.0477820307204362,20.92836961766682,7,607.7899780273438,607.6400146484375,613.2800903320312,605.4199829101562,-0.00024673552432197265,0.012991133036181653,0.9870088669638184,0.5714285714285714,3,,,60m,
2026-03-10,2026-03-11,607.780029296875,607.77001953125,-1.6469388829043474e-05,1.6469388829043474e-05,0.0129491822277389,0.0124880108581331,False,607.6900024414062,-0.0001316568558374,0.0001316568558374,0.0019415118183869,-0.0020691513923422,0.0121755979089155,,,0.0001316568558374,False,False,1129,24392.390511852915,0.2065547710660444,0.2925955970049895,0.3827964577801761,0.0981296112935862,600.0,0.1265522086725352,0.01278447320788,0.0181269761708058,0.0481113146920799,20.785131447771896,7,608.9500122070312,607.72998046875,612.4299926757812,605.030029296875,-0.0020035006385161758,0.17232045103837101,0.827679548961629,0.5714285714285714,3,,,60m,
2026-03-11,2026-03-12,608.9500122070312,607.6900024414062,-0.0020691513923422,0.0020691513923422,0.0121755979089155,0.0101134385589711,False,597.260009765625,-0.0171633441950312,0.0171633441950312,-0.0081126769503775,-0.0091246929306716,0.0116671770590011,,,0.0081456206077843,False,False,1111,27536.73933890197,0.2342426436237008,0.3309877319377728,0.3832966770630253,0.1211394177023062,600.0,0.1317810646218002,0.0126544824014078,0.0168000190391973,0.049532141728814,20.18891097976237,7,602.760009765625,597.3400268554688,604.1300048828125,597.0499877929688,-0.008991941771757106,0.7725655324813169,0.22743446751868313,0.5714285714285714,2,0.0022728699565191858,0.2527674237902729,60m,0.7725655324813169
2026-03-12,2026-03-13,602.760009765625,597.260009765625,-0.0091246929306716,0.0091246929306716,0.0116671770590011,0.012523229624213,True,593.719970703125,-0.0059271322449483,0.0059271322449483,0.0041355032360097,-0.0100211928056815,0.0184676155801006,0.0059271322449483,1.0,-0.0059271322449483,False,False,931,27247.40373998611,0.3321424597839744,0.4093629193852601,0.383843673762901,0.1833199201162978,600.0,0.1832695220819063,0.0045876003575899,0.0162618039594174,0.0647301757279096,15.448745330206648,7,599.72998046875,593.6900024414062,603.5999145507812,592.5700073242188,-0.010071162396488642,0.6967030181851463,0.30329698181485365,0.5714285714285714,4,0.0064527941041174946,0.6407198940975564,60m,-0.6967030181851463
2026-03-13,2026-03-16,599.72998046875,593.719970703125,-0.0100211928056815,0.0100211928056815,0.0184676155801006,0.0110532303856585,True,600.3800048828125,0.0112174670018261,0.0112174670018261,0.0106447612276443,0.0005666736682889,0.0080004046257273,-0.0112174670018261,0.0,0.0099373858135094,False,False,886,22041.59617006544,0.0959711541962378,0.2638176198527797,0.8401543134964731,0.080098909873005,600.0,0.1516852663995863,0.0105774264076679,0.0191256427174085,0.0591761505927227,16.898699729261825,7,600.0399780273438,600.3099975585938,603.85498046875,599.1199951171875,0.000450002568391783,0.04000289351851852,0.9599971064814815,0.42857142857142855,3,,,60m,0.04000289351851852
2026-03-16,2026-03-17,600.0399780273438,600.3800048828125,0.0005666736682889,0.0005666736682889,0.0080004046257273,0.0103297759041962,False,603.3099975585938,0.0048802302740798,0.0048802302740798,0.0045971047389623,0.000281829933395,0.0067124642128307,,,-0.0048802302740797,True,True,1280,27469.64838205418,0.290086007774445,0.4687357664027768,0.8241802101605408,0.2572238357480287,600.0,0.1857286891058122,0.0006329406038209,0.0141553021881113,0.067219902221001,14.876546483395169,7,603.1400146484375,603.3800048828125,605.8900146484375,601.8699951171875,0.00039790136377360064,0.06976579134137686,0.9302342086586232,0.7142857142857143,4,,,60m,0.06976579134137686
2026-03-17,2026-03-18,603.1400146484375,603.3099975585938,0.000281829933395,0.000281829933395,0.0067124642128307,0.0108308045624349,False,594.9000244140625,-0.0139397211691564,0.0139397211691564,-0.0030167034055191,-0.0109560689742229,0.0142546545237753,,,-0.0029669291650846,True,True,1156,29912.770492553085,0.1896480897551222,0.4821958377554414,0.8145784998448817,0.1660322037812699,600.0,0.1927242673775968,0.0054863960020359,0.0133612776155664,0.0720970411677015,13.870194723718916,7,601.5,594.760009765625,603.1500244140625,594.5599975585938,-0.011205303797797161,0.6116200498476876,0.3883799501523124,0.7142857142857143,4,0.0027431827332709893,0.2448110986344046,60m,0.6116200498476876
2026-03-18,2026-03-19,601.489990234375,594.9000244140625,-0.0109560689742229,0.0109560689742229,0.0142546545237753,0.0121041460490302,True,593.02001953125,-0.0031602030688504,0.0031602030688504,-0.0090603705282182,0.0059541139378116,0.0146578758535328,0.0031602030688504,1.0,-0.0031602030688504,True,True,1139,32704.581814217963,0.1472684294614307,0.5252702075383149,0.72859672696436,0.1210155012881579,600.0,0.1956362285752491,0.0085728279990586,0.0150588453590604,0.0759470432118622,13.167069548848604,7,589.5250244140625,592.97998046875,595.7999877929688,587.0800170898438,0.005860575737427709,0.6175110180215561,0.38248898197844394,0.7142857142857143,3,0.004147419062742719,0.7076811645408547,60m,-0.6175110180215561
2026-03-19,2026-03-20,589.510009765625,593.02001953125,0.0059541139378116,0.0059541139378116,0.0146578758535328,0.0097401054411688,True,582.0599975585938,-0.0184817065388779,0.0184817065388779,-0.0033051531282292,-0.0152268805826396,0.0212977715200843,-0.0184817065388779,0.0,-0.0082964870461628,True,True,1023,35688.811818606424,0.1743073949093501,0.4670740153147506,0.7061467993484312,0.1493833488317164,590.0,0.2154483861443803,0.0050926097463576,0.0133553325131151,0.0921129042170123,10.856242222523589,7,591.0700073242188,582.0700073242188,591.1500244140625,578.5399780273438,-0.015226622715544536,0.6559780771215545,0.34402192287844546,0.7142857142857143,3,0.00013537667087184537,0.008890787760416642,60m,0.6559780771215545
2026-03-20,2026-03-23,591.0599975585938,582.0599975585938,-0.0152268805826396,0.0152268805826396,0.0212977715200843,0.0124458795071942,True,588.0,0.0102051377286209,0.0102051377286209,0.0145346218742761,-0.0042674582535752,0.0156684794616373,-0.0102051377286209,0.0,0.0102051377286209,True,True,842,14331.860748981402,0.100107643067133,0.1861106146797393,0.4565105698044311,0.0513297237444882,590.0,0.1093337130497199,0.013641209625657,0.0223285656768124,0.0478778446587887,20.886487416605817,7,590.469970703125,588.1699829101562,595.0800170898438,585.9600219726562,-0.0038951816469683376,0.13797181469019226,0.8620281853098077,0.42857142857142855,3,0.007807418862011151,2.004378632274505,60m,-0.13797181469019226
2026-03-23,2026-03-24,590.52001953125,588.0,-0.0042674582535752,0.0042674582535752,0.0156684794616373,0.0121430876669186,True,583.97998046875,-0.006836767910289,0.006836767910289,-0.0054251742200787,-0.0014192936052885,0.010204081632653,0.006836767910289,1.0,-0.0068367679102891,False,False,1094,18661.29567653149,0.2010646921464243,0.3268807375911985,0.4548278904413746,0.124004333164772,590.0,0.1224129106877041,0.0034013605442175,0.0185527930020971,0.048250725210973,20.725077097340364,7,584.8200073242188,583.9299926757812,587.9299926757812,581.9400024414062,-0.001521860807241593,0.08456372725269372,0.9154362727473063,0.5714285714285714,4,,,60m,0.08456372725269372
2026-03-24,2026-03-25,584.8099975585938,583.97998046875,-0.0014192936052885,0.0014192936052885,0.010204081632653,0.0110591995811396,False,587.8200073242188,0.006575613863315,0.006575613863315,0.0088359778627096,-0.0022405664042467,0.009726348275196,,,0.006575613863315,False,False,970,18766.28950500916,0.1267588725518705,0.2725034269313767,0.6334694971058432,0.096113892224087,590.0,0.1141703023257255,0.0103086060012156,0.0188959985853469,0.048660160962001,20.55069239867301,7,589.1099853515625,587.72998046875,591.3699951171875,585.6900024414062,-0.0023425250244043516,0.25330495182612595,0.7466950481738741,0.5714285714285714,4,,,60m,-0.25330495182612595
2026-03-25,2026-03-26,589.1400146484375,587.8200073242188,-0.0022405664042467,0.0022405664042467,0.009726348275196,0.0113832881346939,False,573.7899780273438,-0.0238679002450772,0.0238679002450772,-0.0088803233527947,-0.0151218639337107,0.0190534722661349,,,-0.0238679002450771,False,False,995,20643.337269422955,0.2708173680893095,0.359926518494513,0.6232611886699557,0.1968072134383055,590.0,0.1162025947806389,0.003708605778331,0.0173982089099752,0.0479306524209565,20.86347565681734,7,582.5999755859375,573.7100219726562,584.6099853515625,573.4310302734375,-0.015259103992135148,0.9231573676771646,0.07684263232283539,0.8571428571428571,1,0.003450068400026065,0.22609901615483455,60m,0.9231573676771646
2026-03-26,2026-03-27,582.5999755859375,573.7899780273438,-0.0151218639337107,0.0151218639337107,0.0190534722661349,0.0149612013736121,True,562.5800170898438,-0.0195366969915354,0.0195366969915354,-0.0051935038652906,-0.0144180734464188,0.0164694619441068,0.0195366969915354,1.0,-0.0195366969915354,False,False,721,18938.754888024407,0.3011400980044899,0.4560397234729694,0.7238954453462261,0.2794439185634251,575.0,0.2142559290795644,0.002108823818806,0.0156974835960322,0.0793145814327413,12.60802215602686,7,570.8099975585938,562.5,571.02001953125,561.5700073242188,-0.014558255100885376,0.6839524778338734,0.31604752216612664,0.8571428571428571,2,0.00036793674524716294,0.0252734096701456,60m,0.6839524778338734
2026-03-27,2026-03-30,570.8099975585938,562.5800170898438,-0.0144180734464188,0.0144180734464188,0.0164694619441068,0.0151786164451159,True,558.280029296875,-0.007643335458682,0.007643335458682,0.0085320979187963,-0.0160385905524058,0.0221302069551521,0.007643335458682,1.0,-0.007643335458682,False,False,546,12332.369400603671,0.1852341924362571,0.2195820937128392,0.6466326375920922,0.13716973362578,570.0,0.1090084080650505,0.0131892045304753,0.0226282812444143,0.0590486460969105,16.93518930745341,7,567.344970703125,558.2703247070312,568.0399780273438,555.5999755859375,-0.015994935118306075,0.647954536540297,0.352045463459703,0.7142857142857143,3,0.0012250171590618135,0.07658781670578903,60m,-0.647954536540297
2026-03-30,2026-03-31,567.3800048828125,558.280029296875,-0.0160385905524058,0.0160385905524058,0.0221302069551521,0.0119711672891099,True,577.1799926757812,0.0338539127088421,0.0338539127088421,0.0107651150230789,0.0228428913331026,0.0258472306343379,-0.0338539127088421,0.0,-0.0276922353682028,False,False,849,14453.816044682311,0.177360572300987,0.3368173791830138,0.6478674004852247,0.1405385396604557,560.0,0.1220692230442708,0.0030808386703196,0.0181690476276239,0.0632821432656061,15.802246074423032,7,564.2899780273438,577.1900024414062,578.6400146484375,564.2100219726562,0.022860630024227335,0.7830129962507966,0.21698700374920343,0.8571428571428571,2,0.0001416932034962095,0.006198132043869538,60m,0.7830129962507966
2026-03-31,2026-04-01,564.2899780273438,577.1799926757812,0.0228428913331026,0.0228428913331026,0.0258472306343379,0.0233267859018346,True,584.3099975585938,0.012353174006878,0.012353174006878,0.007449994538158,0.0048669209343412,0.0126823649764495,0.012353174006878,1.0,-0.002581500144292,False,False,1079,17453.9418598701,0.2451835969615158,0.3143425656664605,0.4757798394195296,0.1491979249566128,580.0,0.1294266082397435,0.0048858369312929,0.0190681973943269,0.0481267500867464,20.778465161215767,7,581.47998046875,584.2899780273438,587.739013671875,580.4199829101562,0.004832492352236262,0.21749030389780946,0.7825096961021906,0.7142857142857143,3,0.0018229304433477682,0.3772236582028314,60m,0.21749030389780946
2026-04-01,2026-04-02,581.47998046875,584.3099975585938,0.0048669209343412,0.0048669209343412,0.0126823649764495,0.0239988610363309,True,584.97998046875,0.0011466223630531,0.0011466223630531,-0.01769613201669,0.01918220521561,0.0241823774055749,0.0011466223630531,1.0,-0.0011466223630532,False,False,1096,18930.718792110467,0.1630164069158708,0.4091277086261369,0.4570392957598504,0.1218304702788258,580.0,0.0987761432558837,0.0073762173787922,0.0176437888616254,0.0462226182900193,21.63443000406417,7,573.969970703125,584.9600219726562,585.9899291992188,571.9199829101562,0.019147432497327754,0.6028498441491481,0.3971501558508519,0.7142857142857143,4,0.003571594155801344,0.1865312310827993,60m,-0.6028498441491481
2026-04-02,2026-04-06,573.969970703125,584.97998046875,0.01918220521561,0.01918220521561,0.0241823774055749,0.0203636361998285,True,588.5,0.0060173333255428,0.0060173333255428,0.0021368252619489,0.0038722337766399,0.0101199752261821,0.0060173333255428,1.0,0.0060173333255428,False,False,993,18295.724884262952,0.1565713316906038,0.3954999754246337,0.3633466930613455,0.104855386402758,590.0,0.0982077098776701,0.0085815236398814,0.0178811229718395,0.0446112255943121,22.41588269943201,7,586.2000122070312,588.530029296875,590.6099853515625,584.6900024414062,0.003974781714983777,0.34320468214796235,0.6567953178520376,0.5714285714285714,6,0.002575929263358156,0.6480681074001241,60m,
2026-04-06,2026-04-07,586.22998046875,588.5,0.0038722337766399,0.0038722337766399,0.0101199752261821,0.0156239183415127,True,588.5900268554688,0.0001529768147301,0.0001529768147301,-0.0048597881929693,0.0050372449512388,0.0179778352670985,0.0001529768147301,1.0,0.0001529768147302,False,False,1133,20385.222860112808,0.2382390616076853,0.3843571252672063,0.4776964975158331,0.166422620685233,590.0,0.1085379685107207,0.0025488530161428,0.0167254809382644,0.0449740477726786,22.23504553235905,7,586.0800170898438,588.719970703125,588.97998046875,578.4099731445312,0.00450442522573935,0.21674509037518103,0.7832549096248189,0.5714285714285714,3,0.013087025187102929,2.9053707257300165,60m,-0.21674509037518103
2026-04-07,2026-04-08,585.6400146484375,588.5900268554688,0.0050372449512388,0.0050372449512388,0.0179778352670985,0.0138136764853706,True,606.0900268554688,0.02973207020427,0.02973207020427,0.0341833775619309,-0.0043041760815714,0.0132180786997694,0.02973207020427,1.0,0.0090384580885344,False,False,1188,21286.166395909066,0.263039557497864,0.3612586747321146,0.4743504113332496,0.1489471921411099,600.0,0.0892115904122807,0.0193852641464022,0.017377767193142,0.0410672531714823,24.35030158516698,7,608.7100219726562,605.9199829101562,609.8800048828125,602.1300048828125,-0.004583527396934017,0.21780064798932725,0.7821993520106727,0.7142857142857143,3,0.00192206940566654,0.41934284214211043,60m,-0.21780064798932725
2026-04-08,2026-04-09,608.7100219726562,606.0900268554688,-0.0043041760815714,0.0043041760815714,0.0132180786997694,0.0121040111011826,True,610.1900024414062,0.0067646313324261,0.0067646313324261,-0.0002640435786706,0.0070305312777352,0.0123248533586353,-0.0067646313324261,0.0,-0.0067646313324261,False,False,1041,20290.696525200525,0.15340850097296,0.3157590660995673,0.4044823933528843,0.0921614637115157,600.0,0.1259193719066156,0.0100480565355367,0.0174983175452479,0.044423963207436,22.510373406589984,7,606.0399780273438,610.0800170898438,610.5,603.030029296875,0.0066662913487165465,0.33828038758739115,0.6617196124126088,0.7142857142857143,3,0.004966584449207648,0.7450296108290945,60m,
2026-04-09,2026-04-10,605.9299926757812,610.1900024414062,0.0070305312777352,0.0070305312777352,0.0123248533586353,0.012076586595937,True,611.0700073242188,0.0014421817455081,0.0014421817455081,0.0027041157794467,-0.0012585308208871,0.0067027742243371,0.0014421817455081,1.0,-0.001442181745508,False,False,908,26834.40256941414,0.2313135104801492,0.4431231979370803,0.4019134691169479,0.1434646592118308,600.0,0.0910843678129215,0.0166997204159941,0.0173004592029038,0.0427576294793347,23.387638935486645,7,611.8499755859375,611.02001953125,613.6699829101562,609.5800170898438,-0.0013564698664777497,0.15809054339991163,0.8419094566000884,0.42857142857142855,3,,,60m,-0.15809054339991163
2026-04-10,2026-04-13,611.8400268554688,611.0700073242188,-0.0012585308208871,0.0012585308208871,0.0067027742243371,0.0120306238124067,False,617.3900146484375,0.0103425258128657,0.0103425258128657,-0.00260203714208,0.0129783330596091,0.0304875131482731,,,-0.0103425258128656,False,False,785,20472.289316869108,0.1761681802761649,0.3894180253654341,0.8105272211692162,0.1509436627468471,600.0,0.1062890397993044,0.0181157759201643,0.0185543661362888,0.0476198595094752,20.999641962425866,7,609.5599975585938,617.3200073242188,617.9600219726562,608.1099853515625,0.01273051019867677,0.8453232626791841,0.15467673732081588,0.8571428571428571,2,0.002378785046326581,0.18685700802265065,60m,-0.8453232626791841
2026-04-13,2026-04-14,609.47998046875,617.3900146484375,0.0129783330596091,0.0129783330596091,0.0304875131482731,0.0119336647586366,True,628.5999755859375,0.0181570169123699,0.0181570169123699,0.0045837412130789,0.0135113431986273,0.0137676343936987,0.0181570169123699,1.0,-0.0097021171257295,True,False,1029,21959.860280696324,0.2546969550990041,0.3609001313445276,0.7957548040503378,0.2224401291985826,620.0,0.1159526378133081,0.0042274498933201,0.0163466570939123,0.0477588884108113,20.93851078354719,7,620.27001953125,628.5399780273438,628.5999755859375,620.0999755859375,0.013332836080556465,0.8378939947683802,0.16210600523161978,0.8571428571428571,2,0.00027414503354685025,0.02056164434111969,60m,0.8378939947683802
2026-04-14,2026-04-15,620.219970703125,628.5999755859375,0.0135113431986273,0.0135113431986273,0.0137676343936987,0.0110189420676286,True,637.4000244140625,0.0139994418865865,0.0139994418865865,0.0007636677100708,0.0132256741562186,0.0153197665555683,0.0139994418865865,1.0,-0.0095450210515951,True,False,791,19307.831673415705,0.2468367580068031,0.3951675137829372,0.7964192508736063,0.2191547995688454,630.0,0.1458621535164253,0.0022272104174956,0.016164554448292,0.0534945482975507,18.69349367037808,7,629.125,637.364990234375,637.6500244140625,628.2000122070312,0.013097540606993752,0.8565482761683607,0.1434517238316393,0.8571428571428571,2,0.001470276642906815,0.11225593315753683,60m,
2026-04-15,2026-04-16,629.0800170898438,637.4000244140625,0.0132256741562186,0.0132256741562186,0.0153197665555683,0.0064469763816383,True,640.469970703125,0.0048163573446433,0.0048163573446433,0.0028396571842896,0.0019711029038318,0.0108565777300016,0.0048163573446433,1.0,0.0033417081914462,True,False,676,19974.90154110536,0.2598936261683284,0.3062670632531373,0.6331602891028336,0.1961374171626317,640.0,0.1163461894577503,0.0040790327680446,0.0170931670909791,0.0541649511044647,18.462123192382457,7,639.2150268554688,640.4099731445312,642.1799926757812,635.2550048828125,0.0018693964297755716,0.09586532434973363,0.9041346756502664,0.5714285714285714,3,,,60m,0.09586532434973363
2026-04-16,2026-04-17,639.2100219726562,640.469970703125,0.0019711029038318,0.0019711029038318,0.0108565777300016,0.0067536552923299,False,648.8499755859375,0.0130841495560092,0.0130841495560092,0.0079942173506164,0.0050495648861665,0.0092588145378168,,,-0.0130841495560091,True,False,587,23760.420408167985,0.2451990912788104,0.4931758643867467,0.6365683213282177,0.2174734111895308,640.0,0.1456016579323275,0.0007337903799128,0.0155170013907765,0.060469909235447,16.537150669540075,7,645.5499877929688,648.780029296875,650.0,644.0700073242188,0.005003549786979589,0.43443746665024835,0.5655625333497516,0.7142857142857143,4,0.0022925884853778936,0.4581923999924508,60m,0.43443746665024835
2026-04-17,2026-04-20,645.5900268554688,648.8499755859375,0.0050495648861665,0.0050495648861665,0.0092588145378168,0.0049346233180458,True,646.7899780273438,-0.0031748441644519,0.0031748441644519,-0.0012483587717827,-0.0019288933435943,0.0096170000295369,-0.0031748441644519,0.0,-0.0031748441644518,True,False,377,11864.293969991028,0.1825392568471889,0.3672551614178814,0.4358366352814453,0.1240011644251651,650.0,0.1761192188621999,0.0017724041879234,0.0189741255482444,0.0846577656275818,11.812265450036818,7,648.0399780273438,646.77001953125,648.75,642.52001953125,-0.0019596915918050906,0.2555043900042979,0.7444956099957021,0.5714285714285714,3,,,60m,
2026-04-20,2026-04-21,648.0399780273438,646.7899780273438,-0.0019288933435943,0.0019288933435943,0.0096170000295369,0.0085227178104819,False,644.3300170898438,-0.0038033380557359,0.0038033380557359,0.0025046694788444,-0.0062922475342279,0.012353299379721,,,0.0017316210133672,False,False,1004,20074.8393274469,0.3512261660734459,0.4038181574040372,0.5315706811393953,0.2562177636265548,645.0,0.1254412024692692,0.0027674795345515,0.0156625602199682,0.0533326688512416,18.750233609895915,7,648.3900146484375,644.280029296875,650.2000122070312,642.2100219726562,-0.006338754852341366,0.32697873166941827,0.6730212683305817,0.5714285714285714,3,0.0027915259607678346,0.4403902699812913,60m,-0.32697873166941827
2026-04-21,2026-04-22,648.4099731445312,644.3300170898438,-0.0062922475342279,0.0062922475342279,0.012353299379721,0.0085250039132171,True,655.1099853515625,0.0167305076215558,0.0167305076215558,0.0090326496823867,0.0076289483215357,0.0105691142395499,-0.0167305076215558,0.0,-0.0146508810563298,False,False,1084,20707.735009044824,0.2450442682668948,0.483266982859971,0.5439890850946718,0.1896680327637786,645.0,0.0968709575852507,0.001039813282613,0.0152693998771408,0.045128553077659,22.158920058419756,7,650.260009765625,655.0800170898438,655.3300170898438,648.52001953125,0.007412430799728975,0.7046640908725874,0.2953359091274126,0.7142857142857143,4,0.0026758376776116824,0.36099327601271103,60m,0.7046640908725874
2026-04-22,2026-04-23,650.1500244140625,655.1099853515625,0.0076289483215357,0.0076289483215357,0.0105691142395499,0.0092993459705546,True,651.4199829101562,-0.0056326456990668,0.0056326456990668,-0.002381275806316,-0.0032591307820316,0.0174016022252942,-0.0056326456990668,0.0,0.0056326456990668,False,False,976,17679.746006167603,0.126708697352677,0.3506057069985984,0.4606752494665644,0.0908111682234549,650.0,0.1003406182418917,0.007800194571634,0.0185316590017884,0.0464537484629943,21.52678810831836,7,653.5399780273438,651.4099731445312,656.9199829101562,645.5250244140625,-0.0032591806996133954,0.18409807872885917,0.8159019212711408,0.5714285714285714,5,0.005171841044850484,1.5868531147916927,60m,
2026-04-23,2026-04-24,653.5499877929688,651.4199829101562,-0.0032591307820316,0.0032591307820316,0.0174016022252942,0.0105851572975453,True,663.8800048828125,0.0191274788915629,0.0191274788915629,0.0108839566508149,0.0081547661198024,0.012250131525134,-0.0191274788915629,0.0,-0.0191274788915628,False,False,943,22300.83199620186,0.2496450904331781,0.4892276321597464,0.5824967188187947,0.1828510682765681,650.0,0.1350885575634148,0.0021798270661157,0.0156517495586359,0.0483959451368913,20.66288812361096,7,658.469970703125,663.9099731445312,664.510009765625,656.5300903320312,0.008261580153150039,0.7930120203215503,0.20698797967844973,0.7142857142857143,3,0.002946042275887409,0.3565954964153098,60m,0.7930120203215503
2026-04-24,2026-04-27,658.510009765625,663.8800048828125,0.0081547661198024,0.0081547661198024,0.012250131525134,0.0121856059645227,True,664.22998046875,0.0005271669328243,0.0005271669328243,-0.0007229928077661,0.0012510642510459,0.0056335334802487,0.0005271669328243,1.0,-0.0005271669328243,False,False,679,14505.815500527176,0.1581667173212076,0.3428076950971875,0.6060256997418038,0.1218634245882088,650.0,0.0989270275968561,0.0209074001035211,0.0177029390980933,0.0482092561651255,20.74290456950457,7,663.385009765625,664.27001953125,664.4199829101562,660.6900024414062,0.0013340816457967364,0.2032292425856366,0.7967707574143634,0.5714285714285714,3,,,60m,
2026-04-27,2026-04-28,663.4000244140625,664.22998046875,0.0012510642510459,0.0012510642510459,0.0056335334802487,0.0116938954964357,False,657.5499877929688,-0.0100567467175557,0.0100567467175557,-0.0102675391427015,0.0002129791973914,0.0087771062151236,,,0.0026797469461746,False,False,860,17872.878527823013,0.1962092532446978,0.4188046131649853,0.6103933312330159,0.1522109373065285,660.0,0.1033832814074535,0.0063682468318652,0.0158674249642662,0.0482168608600223,20.73963302802076,7,657.4550170898438,657.5700073242188,659.6400146484375,653.8099975585938,0.00017490205624093313,0.01656380228939178,0.9834361977106082,0.7142857142857143,3,,,60m,-0.01656380228939178
2026-04-28,2026-04-29,657.4099731445312,657.5499877929688,0.0002129791973914,0.0002129791973914,0.0087771062151236,0.0131648223135836,False,661.5700073242188,0.0061136333448092,0.0061136333448092,0.0016424866700535,0.0044638149182549,0.0078016028330783,,,0.0013383087204764,False,False,847,20870.76855247933,0.2116549905765875,0.3423959906793716,0.5796494356227521,0.1329840176333339,660.0,0.0961398378656664,0.0037259710326429,0.0177330873619867,0.0434887741897568,22.99443979811084,7,658.5800170898438,661.5800170898438,661.719970703125,656.5899047851562,0.00455525512792887,0.44673889333236383,0.5532611066676362,0.7142857142857143,4,0.003021823093694032,0.6633707682291681,60m,
2026-04-29,2026-04-30,658.6300048828125,661.5700073242188,0.0044638149182549,0.0044638149182549,0.0078016028330783,0.0113585092207896,True,667.739990234375,0.0093262736246331,0.0093262736246331,0.005713633054508,0.0035921165343588,0.0171410836796162,0.0093262736246331,1.0,-0.0093262736246331,False,False,685,22157.37689686622,0.2414820569523428,0.4766201938882878,0.5316622952540099,0.1685740195208888,660.0,0.1303768639037531,0.0023731537204486,0.015493064742723,0.0526745424624302,18.984502821514653,7,665.3099975585938,667.5700073242188,668.75,657.5599975585938,0.0033969274081531164,0.14809778261286916,0.8519022173871309,0.7142857142857143,2,0.011648705157654659,3.4291887220480732,60m,0.14809778261286916
2026-04-30,2026-05-01,665.3499755859375,667.739990234375,0.0035921165343588,0.0035921165343588,0.0171410836796162,0.010796458378063,True,674.1500244140625,0.0095995960604928,0.0095995960604928,0.0021265506498386,0.007457187324104,0.0107376868467015,0.0095995960604928,1.0,-0.0095995960604929,False,False,622,19743.500515774645,0.2683719208328419,0.3717733895519743,0.509898082835824,0.1978942160923557,665.0,0.0909697668415909,0.0041033789715264,0.0163473525194115,0.0520745346371278,19.203244099411023,7,669.1599731445312,674.1599731445312,675.969970703125,668.7999877929688,0.007472054815986562,0.4878164971536098,0.5121835028463901,0.42857142857142855,5,0.0005379660559654352,0.07199707031249952,60m,
2026-05-01,2026-05-04,669.1599731445312,674.1500244140625,0.007457187324104,0.007457187324104,0.0107376868467015,0.0082129874683733,True,672.8800048828125,-0.0018838826451929,0.0018838826451929,0.0007564321174831,-0.0026383190534077,0.0116145602182435,-0.0018838826451929,0.0,-0.0018838826451928,False,False,470,13029.857957972485,0.1862933359509715,0.4472433704023199,0.5595171527943406,0.1401330126332344,680.0,0.1554456106641567,0.0086775574784292,0.0165414989915006,0.0735996974104979,13.587012381621076,7,674.6400146484375,672.8800048828125,676.72998046875,668.9000244140625,-0.0026088131854173913,0.2541646834840552,0.7458353165159448,0.42857142857142855,4,0.0030978978046560203,1.18747399084476,60m,
2026-05-04,2026-05-05,674.6599731445312,672.8800048828125,-0.0026383190534077,0.0026383190534077,0.0116145602182435,0.008468754439306,True,681.6099853515625,0.0129740524393653,0.0129740524393653,0.0075496627228928,0.0053837442630997,0.0078171586723565,-0.0129740524393653,0.0,-0.0066727948546442,False,False,1200,18622.24391278185,0.3211861156733792,0.3918534887783651,0.5830995824015699,0.2493697460625548,675.0,0.1428850128499821,0.0031506287923606,0.0163439768734891,0.051326794413452,19.48300125553748,7,677.9500122070312,681.510009765625,682.7733764648438,677.510009765625,0.005251121018501559,0.5696051719255071,0.4303948280744929,0.5714285714285714,3,0.000649019003589726,0.1235962761671274,60m,0.5696051719255071
2026-05-05,2026-05-06,677.9600219726562,681.6099853515625,0.0053837442630997,0.0053837442630997,0.0078171586723565,0.0056416428406486,True,695.77001953125,0.0207743936914068,0.0207743936914068,0.0090521619077075,0.0116170721655632,0.0138642514196107,0.0207743936914068,1.0,-0.0207743936914069,False,False,969,14603.58582669832,0.2113575741035237,0.4233557662630084,0.5542151820472099,0.1374297175734467,675.0,0.1188670745059139,0.009697606393124,0.0170501978315782,0.0444971467793386,22.47335104336016,7,687.8099975585938,695.5900268554688,695.9299926757812,686.47998046875,0.011311305919498915,0.9749434008443982,0.025056599155601766,0.8571428571428571,2,0.0019336983971804617,0.1709527096996881,60m,0.9749434008443982
2026-05-06,2026-05-07,687.780029296875,695.77001953125,0.0116170721655632,0.0116170721655632,0.0138642514196107,0.0081646874967509,True,694.9400024414062,-0.0011929474776779,0.0011929474776779,0.001164174275775,-0.0023543808438392,0.0136107771782191,-0.0011929474776779,0.0,0.0011929474776779,False,False,762,9373.84018722256,0.1246623572255222,0.2989130882905833,0.4797949265354955,0.0790776951643257,675.0,0.1044085104362296,0.0298518460816162,0.0206441852149143,0.0429794892501043,23.26691213524766,7,696.5900268554688,694.9199829101562,701.22998046875,691.780029296875,-0.0023974560084522034,0.12537918014608174,0.8746208198539183,0.5714285714285714,4,,,60m,
2026-05-07,2026-05-08,696.5800170898438,694.9400024414062,-0.0023543808438392,0.0023543808438392,0.0136107771782191,0.0096523539574996,False,711.22998046875,0.0234408408929045,0.0234408408929045,0.0071660581507104,0.0161589865052409,0.0168791268707243,,,-0.0234408408929046,False,False,1038,14192.022900840722,0.2206362046029568,0.4798514072443047,0.5078147087099495,0.1642687223078812,690.0,0.0812455666439274,0.0071085308430245,0.0153785732220513,0.0426559075964033,23.44341162452064,7,699.9199829101562,711.1099853515625,711.1300048828125,699.530029296875,0.015987545311794138,0.8388290790298449,0.16117092097015506,0.7142857142857143,2,0.0005571402771783779,0.034848393941211926,60m,0.8388290790298449
2026-05-08,2026-05-11,699.9199829101562,711.22998046875,0.0161589865052409,0.0161589865052409,0.0168791268707243,0.011923873435764,True,713.2899780273438,0.0028963874065546,0.0028963874065546,-0.0012232261590183,0.0041246589563053,0.0079862405507624,0.0028963874065546,1.0,-0.0028963874065545,False,False,692,8437.210282907725,0.1400293526188639,0.2721898664382043,0.7036091345093136,0.0985511610596385,710.0,0.1037452654159502,0.0017293709524721,0.0200722832088242,0.052095401382523,19.19555226491603,7,710.3599853515625,713.3499755859375,714.5900268554688,708.9099731445312,0.004209119736516831,0.30691927925218654,0.6930807207478135,0.5714285714285714,5,0.002041235763461012,0.48495549930594134,60m,
2026-05-11,2026-05-12,710.3599853515625,713.2899780273438,0.0041246589563053,0.0041246589563053,0.0079862405507624,0.0107879101060304,True,707.239990234375,-0.008481806809764,0.008481806809764,-0.0071079189115207,-0.001383723291193,0.0189824313314895,-0.008481806809764,0.0,0.0007429913191608,True,False,761,10552.84087340659,0.2515936183611778,0.3673641224798848,0.7186686205317449,0.1951683383293818,710.0,0.1345124800362204,0.0046123990644624,0.0177703875806904,0.0635815109808508,15.72784264754536,7,708.1749877929688,707.2000122070312,710.1799926757812,696.6599731445312,-0.0013767438878009575,0.056471170502350905,0.943528829497649,0.42857142857142855,1,,,60m,0.056471170502350905
2026-05-12,2026-05-13,708.219970703125,707.239990234375,-0.001383723291193,0.001383723291193,0.0189824313314895,0.0139865817194088,False,714.7100219726562,0.0105622304188508,0.0105622304188508,0.0038459812451778,0.0066905175685836,0.0167128661945454,,,-0.0027572142892895,True,False,771,13685.68002488452,0.308392611213127,0.3762215202164784,0.7056872412089218,0.2292017195675033,710.0,0.1253246184429248,0.0039025080647805,0.014970238730457,0.0611316455389329,16.358139735713955,7,709.8200073242188,714.47998046875,716.6500244140625,704.8300170898438,0.0065650067572733395,0.4515421237838957,0.5484578762161043,0.5714285714285714,2,0.0070299374248206595,1.070819526123446,60m,0.4515421237838957
2026-05-13,2026-05-14,709.9600219726562,714.7100219726562,0.0066905175685836,0.0066905175685836,0.0167128661945454,0.0121916985831471,True,719.7899780273438,0.0071077162744499,0.0071077162744499,-0.0001259627718949,0.0072345903353969,0.010927590706219,0.0071077162744499,1.0,-0.0071077162744499,True,False,715,12207.471094342867,0.1257109484217183,0.3683156745193917,0.669647231099178,0.1080479103921282,710.0,0.1200085568715979,0.0065901160300736,0.0175583873995763,0.054987769297392,18.185862288605847,7,714.6199951171875,719.7150268554688,722.030029296875,714.219970703125,0.007129707779091277,0.4685060361326097,0.5314939638673903,0.5714285714285714,3,0.0005597722101197318,0.07851264420139784,60m,
2026-05-14,2026-05-15,714.6199951171875,719.7899780273438,0.0072345903353969,0.0072345903353969,0.010927590706219,0.0116132802610305,True,708.9299926757812,-0.015087714031981,0.015087714031981,-0.0134066375935838,-0.0017039202800807,0.0133094616239291,-0.015087714031981,0.0,-0.015087714031981,True,False,582,11235.307575598808,0.1376498376687344,0.3766500026611177,0.6437449339754012,0.1177878041210113,720.0,0.1376498376687344,0.000291782296319,0.0166458872758823,0.0657025047372045,15.220119902578736,7,710.10498046875,708.8800048828125,715.119873046875,705.5499877929688,-0.0017250626592266727,0.1528327749010052,0.8471672250989948,0.5714285714285714,3,,,60m,0.1528327749010052
2026-05-15,2026-05-18,710.1400146484375,708.9299926757812,-0.0017039202800807,0.0017039202800807,0.0133094616239291,0.0108194932577211,False,705.8800048828125,-0.0043022411584773,0.0043022411584773,0.0036815840471233,-0.0079545398984085,0.0186478663265234,,,0.0043022411584772,True,False,1388,11802.730844421045,0.1783747120643173,0.4214804631327329,0.6706946451244493,0.137668446453387,705.0,0.0961046380747904,0.005543555381185,0.0159742734183405,0.0402034833017793,24.87346662212576,7,711.5399780273438,705.7000122070312,712.0700073242188,698.8699951171875,-0.008207502038751313,0.2648988654547871,0.735101134545213,0.5714285714285714,3,0.0007449044512501467,0.09075897242950624,60m,-0.2648988654547871
2026-05-18,2026-05-19,711.5399780273438,705.8800048828125,-0.0079545398984085,0.0079545398984085,0.0186478663265234,0.0107162770517839,True,701.530029296875,-0.0061624859124033,0.0061624859124033,-0.0085992056471786,0.0024578553382801,0.0159233724664591,0.0061624859124033,1.0,-0.003669130450497,False,False,1317,12870.21974500894,0.1865066690297144,0.43489533360959,0.598939592942602,0.1304819980785372,705.0,0.10818990123557,0.0012466777309531,0.0159791907044489,0.0428479314285829,23.338349522584423,7,699.8099975585938,701.530029296875,706.489990234375,695.27001953125,0.002457855338280135,0.10545873671053764,0.8945412632894624,0.42857142857142855,2,,,60m,-0.10545873671053764
2026-05-19,2026-05-20,699.8099975585938,701.530029296875,0.0024578553382801,0.0024578553382801,0.0159233724664591,0.0104136715997856,False,713.1500244140625,0.0165637886218981,0.0165637886218981,0.0053596404622011,0.0111444180855977,0.0133423317546364,,,-0.0165637886218982,False,False,1299,21221.044427751018,0.2811845826696613,0.4091978384655256,0.4795294741937453,0.1637195053716474,700.0,0.1090974635894851,0.0021809890282366,0.0164761325376552,0.0435969087743348,22.93740607106281,7,705.3200073242188,713.0700073242188,713.1099853515625,703.7899780273438,0.010987920262465423,0.7402121954063192,0.2597878045936808,0.8571428571428571,2,0.002169269666232057,0.19742313508064407,60m,0.7402121954063192
2026-05-20,2026-05-21,705.2899780273438,713.1500244140625,0.0111444180855977,0.0111444180855977,0.0133423317546364,0.0123318263678125,True,714.510009765625,0.0019070115754113,0.0019070115754113,-0.0058333226351712,0.0077857510081704,0.0145130410595459,0.0019070115754113,1.0,-0.0019070115754113,False,False,1143,17827.465102653914,0.2176614465284494,0.3409518402506654,0.4809840276800057,0.1423620870980596,700.0,0.0865541394928497,0.0184393521193059,0.0180729086561558,0.039657701883073,25.21578287487268,7,709.0,714.4400024414062,717.1195068359375,706.77001953125,0.007672782004804368,0.6422647056704114,0.3577352943295886,0.7142857142857143,3,0.003145247487658674,0.4099226963165713,60m,-0.6422647056704114
2026-05-21,2026-05-22,708.989990234375,714.510009765625,0.0077857510081704,0.0077857510081704,0.0145130410595459,0.011748302913546,True,717.5399780273438,0.0042406239525079,0.0042406239525079,0.0049824320302545,-0.0007381303932328,0.0086352644831107,0.0042406239525079,1.0,-0.0042406239525078,False,False,1014,20284.186960311497,0.2200700115364268,0.4206739335367797,0.461881882536143,0.1785988310468358,710.0,0.0930699319623352,0.0063120316076529,0.0167525096777953,0.0425555177885709,23.498715371489805,7,718.0599975585938,717.4299926757812,722.1199951171875,715.969970703125,-0.0008773708115680234,0.05769703745108999,0.94230296254891,0.5714285714285714,5,,,60m,-0.05769703745108999
2026-05-22,2026-05-26,718.0700073242188,717.5399780273438,-0.0007381303932328,0.0007381303932328,0.0086352644831107,0.0089786952268115,False,730.280029296875,0.0177551797246979,0.0177551797246979,0.011734599051137,0.005950750996563,0.0097695041116689,,,-0.0177551797246978,False,False,839,14165.6402580331,0.1750050522162723,0.250077291660096,0.5593845181194066,0.1054140231449136,700.0,0.0888098689263854,0.0244446003908583,0.0199248090119753,0.040665195542014,24.59105352061644,7,726.0250244140625,730.2150268554688,731.1699829101562,724.1599731445312,0.005771154299795356,0.4744983653241358,0.5255016346758642,0.5714285714285714,2,0.0025688525971077057,0.44511937537327617,60m,0.4744983653241358
2026-05-26,2026-05-27,725.9600219726562,730.280029296875,0.005950750996563,0.005950750996563,0.0097695041116689,0.0101716126549757,True,729.4500122070312,-0.0011365737204164,0.0011365737204164,0.0036698150959455,-0.0047888147516945,0.0107903880247136,-0.0011365737204164,0.0,-0.0003696643551291,False,False,1046,13317.435975772029,0.1782453221855909,0.3320373609354619,0.5614831549914925,0.1395256142207575,730.0,0.0969802985104061,0.0003834546826435,0.0193300499508169,0.0427338343986383,23.40066165538996,7,732.9500122070312,729.489990234375,733.3200073242188,725.4400024414062,-0.004720679330146305,0.26884280314706704,0.7311571968529329,0.42857142857142855,5,0.0005048026618805623,0.10693432588332946,60m,-0.26884280314706704
2026-05-27,2026-05-28,732.9600219726562,729.4500122070312,-0.0047888147516945,0.0047888147516945,0.0107903880247136,0.0087055532658765,True,735.5999755859375,0.0084309593200209,0.0084309593200209,0.0003838073302262,0.0080440646188291,0.0139694321350071,-0.0084309593200209,0.0,-0.0069230073458898,False,False,1068,17038.323874701167,0.2748289546795737,0.423397111316073,0.5771033135549173,0.2220692839804538,730.0,0.1212825327609599,0.0007539759870656,0.015945878821832,0.0443572823435133,22.54421252086098,7,729.739990234375,735.5700073242188,736.5999755859375,726.4099731445312,0.007989170345414687,0.8624351045099544,0.13756489549004558,0.5714285714285714,3,0.0045632925896992825,0.5711847904605444,60m,
2026-05-28,2026-05-29,729.72998046875,735.5999755859375,0.0080440646188291,0.0080440646188291,0.0139694321350071,0.0073243736658276,True,738.3099975585938,0.0036840974206091,0.0036840974206091,0.003045203023215,0.0006369547408913,0.0086731988778691,0.0036840974206091,1.0,-0.003684097420609,False,False,871,14602.955647006096,0.1649183333007784,0.3903085950385926,0.54497311357987,0.1178143180296634,730.0,0.0926924303640074,0.0076128001247918,0.0178802143009406,0.0399734014679347,25.01663514430126,7,737.7100830078125,738.2249755859375,741.6099853515625,735.25,0.0006979606080828038,0.1969095747163998,0.8030904252836002,0.6666666666666666,4,,,60m,0.1969095747163998
2026-05-29,2026-06-01,737.8400268554688,738.3099975585938,0.0006369547408913,0.0006369547408913,0.0086731988778691,0.0071013032361059,False,742.739990234375,0.0060001797218378,0.0060001797218378,-0.0017201711143688,0.0077336540445025,0.0130839812702398,,,-0.0060001797218378,False,False,730,10772.572599207577,0.2478249068465069,0.3519162819636458,0.5285217593327336,0.1807099902140502,730.0,0.0862099613367341,0.0112554314394669,0.0175300683768494,0.0374190859098292,26.724329995921128,7,737.1300048828125,742.6900024414062,745.6400146484375,735.989990234375,0.007542763856801082,0.6004350262004416,0.39956497379955835,0.7142857142857143,1,0.001546558464430894,0.20503869586695453,60m,
2026-06-01,2026-06-02,737.0399780273438,742.739990234375,0.0077336540445025,0.0077336540445025,0.0130839812702398,0.0069983221191228,True,746.1599731445312,0.0046045493108255,0.0046045493108255,-0.0004577184812752,0.0050645859466886,0.009707329708181,0.0046045493108255,1.0,-0.0046045493108255,False,False,1386,13150.85552155212,0.2007221087974678,0.4081748224213083,0.519130090834359,0.127977925151367,740.0,0.091986063832951,0.003689030172605,0.0167099058989365,0.038090972871053,26.25293933513421,7,742.4600219726562,746.1400146484375,746.4400024414062,739.22998046875,0.004956485961363777,0.7479685891153594,0.25203141088464065,0.5714285714285714,2,0.004350458487076908,0.8777304164662417,60m,
2026-06-02,2026-06-03,742.4000244140625,746.1599731445312,0.0050645859466886,0.0050645859466886,0.009707329708181,0.0035349141159515,True,744.2100219726562,-0.0026133151630438,0.0026133151630438,0.0015412571773529,-0.0041481789298482,0.0102391108119084,-0.0026133151630438,0.0,0.0026133151630438,False,False,1336,13809.136125744546,0.1463837766976364,0.3987481341020014,0.5148977582744905,0.1105329811631223,740.0,0.0794838711630047,0.0082555663212157,0.017507095119049,0.0353233258497756,28.309905025728227,7,747.344970703125,744.2542114257812,748.6300048828125,741.02001953125,-0.004135652742047413,0.34073949466742925,0.6592605053325707,0.7142857142857143,2,0.001719465882641186,0.41576650407788834,60m,
2026-06-03,2026-06-04,747.3099975585938,744.2100219726562,-0.0041481789298482,0.0041481789298482,0.0102391108119084,0.0041180415239465,True,740.6099853515625,-0.0048373933631681,0.0048373933631681,-0.0117306153453372,0.0069750435348938,0.0146195355633255,0.0048373933631681,1.0,0.0048373933631681,False,False,1262,15253.220689595066,0.1882723086950958,0.4257747545054015,0.5323957148125651,0.1346003245703027,740.0,0.0853038605756912,0.0056570347729218,0.0167391203364626,0.0345602039939985,28.93501439324992,7,735.489990234375,740.5,744.2100219726562,732.6300048828125,0.006811798708543204,0.47384949315353175,0.5261505068464682,0.8571428571428571,1,0.0038885442215890968,0.5708542468690645,60m,-0.47384949315353175
2026-06-04,2026-06-05,735.47998046875,740.6099853515625,0.0069750435348938,0.0069750435348938,0.0146195355633255,0.004786815856842,True,705.0599975585938,-0.0480009566385921,0.0480009566385921,-0.014244998044363,-0.0342437609012997,0.0369560168760014,-0.0480009566385921,0.0,-0.0463537054169577,False,False,1183,18932.41382344169,0.2688457857533514,0.4735699232792784,0.5189320932000844,0.1741995486497679,740.0,0.0993604290432231,0.0008236256108171,0.0149136516715018,0.0394142802387884,25.37151494183264,7,729.926025390625,705.2100219726562,731.6799926757812,704.3200073242188,-0.033860970232896914,1.0,0.0,1.0,0,0.0024029384131324842,0.07096484231269781,60m,1.0
2026-06-05,2026-06-08,730.0599975585938,705.0599975585938,-0.0342437609012997,0.0342437609012997,0.0369560168760014,0.022300650909074,True,716.0700073242188,0.0156157061863519,0.0156157061863519,0.0180835674185875,-0.0024240261911829,0.0141264885359327,-0.0156157061863519,0.0,-0.0156157061863519,False,False,1041,12406.891526682648,0.1222784983958963,0.2568646923652259,0.2637150660623708,0.0455420891532106,705.0,0.0776947712470521,8.509567810044416e-05,0.0233376877695422,0.0386980830544078,25.84107327988425,7,717.8099975585938,716.0999755859375,723.027587890625,713.0999755859375,-0.0023822766170328302,0.1940195148300243,0.8059804851699757,0.5714285714285714,5,,,60m,-0.1940195148300243
2026-06-08,2026-06-09,717.8099975585938,716.0700073242188,-0.0024240261911829,0.0024240261911829,0.0141264885359327,0.0242441917659265,False,707.8300170898438,-0.0115072411218085,0.0115072411218085,0.009649856960707,-0.0209548864258781,0.0548689061481026,,,-0.0115072411218085,False,False,1439,18795.120745000662,0.1063813975830331,0.2862317053658062,0.3978349193615129,0.0550848331305921,720.0,0.0758328888226849,0.0054882799664612,0.020455520785464,0.03636418475519,27.49958528514178,7,722.969970703125,707.9600219726562,725.6599731445312,686.3699951171875,-0.02076151062798748,0.3351933758135414,0.6648066241864585,0.5714285714285714,3,0.0037207664915737595,0.17921463222228126,60m,-0.3351933758135414
2026-06-09,2026-06-10,722.97998046875,707.8300170898438,-0.0209548864258781,0.0209548864258781,0.0548689061481026,0.0233632385786851,True,693.6900024414062,-0.0199765682537347,0.0199765682537347,-0.0087168441523289,-0.0113587364366918,0.025924354969485,0.0199765682537347,1.0,0.0021474358172875,False,False,1270,18582.57389873372,0.1504577803027074,0.2046636721425768,0.3667061835305063,0.0658215199273347,700.0,0.0998142639755128,0.0110620020355111,0.0210873956650382,0.0386834514076367,25.8508474195398,7,701.4949951171875,693.7100219726562,711.260009765625,692.9299926757812,-0.011097688791394389,0.314163967536546,0.685836032463454,0.7142857142857143,3,0.01392029125853737,1.2543414687688617,60m,0.314163967536546
2026-06-10,2026-06-11,701.6599731445312,693.6900024414062,-0.0113587364366918,0.0113587364366918,0.025924354969485,0.0232309439535072,True,717.1199951171875,0.0337758834541661,0.0337758834541661,0.0080727350347109,0.02549731534855,0.0336893930068733,-0.0337758834541661,0.0,-0.0155833261551247,False,False,1101,17618.04334551236,0.1148805074715491,0.3053916760873468,0.3490204734613797,0.0380316612440847,700.0,0.0938289834030505,0.0090962786495207,0.0205551392623021,0.041017292161102,24.37996140925976,7,699.2899780273438,716.5599975585938,718.3720703125,695.0,0.02469650656222422,0.7567908763145789,0.24320912368542114,0.8571428571428571,2,0.006134762633729612,0.24840609007888373,60m,0.7567908763145789
2026-06-11,2026-06-12,699.2899780273438,717.1199951171875,0.02549731534855,0.02549731534855,0.0336893930068733,0.0317770060169642,True,721.3400268554688,0.0058846940079975,0.0058846940079975,0.0006832750972101,0.005197867337477,0.0177515346879565,0.0058846940079975,1.0,0.0021474481785884,False,False,1214,20360.55184853535,0.1854038743655581,0.3069610915997298,0.8677311938520149,0.1666675781025436,720.0,0.0790041531138813,0.0040160710932928,0.0204624132385754,0.0373331802364473,26.785824129274864,7,717.6099853515625,721.3200073242188,724.010009765625,711.280029296875,0.005169969828163312,0.25728120410227756,0.7427187958977224,0.42857142857142855,3,0.00882088625283887,1.70617751089905,60m,
2026-06-12,2026-06-15,717.6099853515625,721.3400268554688,0.005197867337477,0.005197867337477,0.0177515346879565,0.021433348533309,True,744.0,0.0314137193291665,0.0314137193291665,0.0232344637847565,0.0079935301574542,0.010230965436625,0.0314137193291665,1.0,-0.0314137193291666,False,False,1088,16246.335048224291,0.1242174861457605,0.2964280392505234,0.8132121951822352,0.1055729152187641,700.0,0.0786067298220253,0.0295838662225582,0.0198674831170908,0.0407242797473113,24.555375962567386,7,738.0900268554688,743.8099975585938,744.7598876953125,737.3800048828125,0.00774969244266055,0.6334473388939208,0.3665526611060792,0.5714285714285714,2,0.0009619720451734067,0.12413035127406317,60m,0.6334473388939208
2026-06-15,2026-06-16,738.0999755859375,744.0,0.0079935301574542,0.0079935301574542,0.010230965436625,0.0243939553344495,True,729.8599853515625,-0.0190053960328461,0.0190053960328461,-0.0023521505376343,-0.0166925087887336,0.0195967151272681,-0.0190053960328461,0.0,-0.008252707860803,True,True,1280,14312.646983226032,0.1160535307000152,0.4073166638634702,0.7862854183817577,0.0929900630823681,740.0,0.1542348201083031,0.0053763440860215,0.0173546320649913,0.0512500679073508,19.512169267907836,7,742.280029296875,729.780029296875,744.219970703125,729.6400146484375,-0.016840005801908253,0.9578418625534343,0.04215813744656571,0.8571428571428571,2,0.0026134899629289637,0.15519531249999996,60m,
2026-06-16,2026-06-17,742.25,729.8599853515625,-0.0166925087887336,0.0166925087887336,0.0195967151272681,0.0260602498319336,True,722.510009765625,-0.0100703912167443,0.0100703912167443,0.007302793956126,-0.0172472321898743,0.0203189891040544,0.0100703912167443,1.0,-0.0100703912167443,True,True,1404,19615.51041040613,0.1326510445152267,0.3255534064215268,0.7755930491281341,0.1093832522756185,740.0,0.1149075349286354,0.0138930957333593,0.0181839604238336,0.0429814184529318,23.265867809716003,7,735.219970703125,722.4000244140625,735.677978515625,720.8499755859375,-0.017436885285912695,0.8632974657010629,0.13670253429893708,0.8571428571428571,2,0.0006229534435279088,0.035726188095714234,60m,-0.8632974657010629
2026-06-17,2026-06-18,735.1900024414062,722.510009765625,-0.0172472321898743,0.0172472321898743,0.0203189891040544,0.0238332991088461,True,740.6199951171875,0.025065376405563,0.025065376405563,0.0203319016246867,0.0046391519988144,0.0128856312476747,-0.025065376405563,0.0,-0.0250653764055631,True,True,1486,25623.47262632568,0.2388676755107901,0.3042823472129305,0.6961043365024412,0.1884786236355354,720.0,0.0969321935729612,0.0034740138291499,0.0174303978301799,0.04123831218655,24.24929506028987,7,737.0999755859375,739.6900024414062,741.7899780273438,732.530029296875,0.003513806730776059,0.38150335787685086,0.6184966421231491,0.5714285714285714,3,0.006199900204079841,1.7644397313538447,60m,0.38150335787685086
2026-06-18,2026-06-22,737.2000122070312,740.6199951171875,0.0046391519988144,0.0046391519988144,0.0128856312476747,0.021741228781045,True,737.9500122070312,-0.003605064578001,0.003605064578001,0.0018903410970438,-0.0054850370840261,0.0149334309517848,-0.003605064578001,0.0,-0.001930804846222,True,True,1262,11956.545601918704,0.1699554307128827,0.3223572019790581,0.3517148125751681,0.0729561674466388,740.0,0.0615771647606903,0.0008371298658894,0.0186955668951603,0.0287756411246726,34.75161493943521,7,742.02001953125,738.0499877929688,745.4299926757812,734.3900146484375,-0.005350302732787693,0.355012307675514,0.6449876923244859,0.5714285714285714,3,0.0045955271485604975,0.8589284341609711,60m,
2026-06-22,2026-06-23,742.02001953125,737.9500122070312,-0.0054850370840261,0.0054850370840261,0.0149334309517848,0.0222341961967744,True,713.6500244140625,-0.0329290431479136,0.0329290431479136,-0.0300969193106066,-0.0029200070539975,0.0155837113757966,0.0329290431479136,1.0,-0.0329290431479136,False,False,1274,12787.82336977894,0.222311931963845,0.3645003655974492,0.4601858163684802,0.1249990615310088,740.0,0.0697846786077299,0.0027779493990895,0.017603352010968,0.0319293738049508,31.319123453806743,7,715.739990234375,713.52001953125,723.6099853515625,712.110107421875,-0.0031016440794345845,0.10086186815746565,0.8991381318425343,0.7142857142857143,3,0.010995606260047598,3.545089629385215,60m,0.10086186815746565
2026-06-23,2026-06-24,715.739990234375,713.6500244140625,-0.0029200070539975,0.0029200070539975,0.0155837113757966,0.0215605990640983,True,710.6199951171875,-0.0042458196499927,0.0042458196499927,0.0024101038944643,-0.0066399206458497,0.0216912771515137,0.0042458196499927,1.0,0.0042458196499927,False,False,1155,14532.081173337529,0.1146548694670843,0.2906678714707154,0.6213102335491292,0.0806214749709953,700.0,0.0833588393831494,0.0191270566063103,0.0202017141121633,0.0370750634414444,26.97230718375918,7,714.7999877929688,710.6300048828125,719.9299926757812,704.4500122070312,-0.005833775855301204,0.18830082490649866,0.8116991750935013,0.42857142857142855,4,0.00717683963405205,1.2302220400755357,60m,
2026-06-24,2026-06-25,715.3699951171875,710.6199951171875,-0.0066399206458497,0.0066399206458497,0.0216912771515137,0.0206885148249065,True,716.3800048828125,0.0081056117266657,0.0081056117266657,0.0215023914354608,-0.0131147805635278,0.0302975281371367,-0.0081056117266657,0.0,0.0042216656168044,False,False,984,15924.413626363528,0.1459940766756422,0.3641812899999219,0.6156083035944319,0.0960975720992111,715.0,0.087274741711045,0.0061636386717351,0.0181171979847658,0.0422114301097471,23.690265821367827,7,725.9099731445312,716.260009765625,726.760009765625,705.2999877929688,-0.013293609036812204,0.3583351653706419,0.6416648346293581,0.2857142857142857,3,0.0011709945482792047,0.08808703077069041,60m,-0.3583351653706419
2026-06-25,2026-06-26,725.9000244140625,716.3800048828125,-0.0131147805635278,0.0131147805635278,0.0302975281371367,0.0211998832678519,True,706.52001953125,-0.0137636244512092,0.0137636244512092,-0.0129121415128178,-0.0008626212257299,0.0177978166798299,0.0137636244512092,1.0,-0.0137636244512092,False,False,1044,17290.977223981106,0.1454794636939601,0.3058119686825458,0.7165396596015386,0.1187637562382303,720.0,0.0707513680463313,0.0050531772139279,0.019097759876725,0.0363213108792601,27.53204594746636,7,707.0900268554688,705.5399780273438,715.5499877929688,702.8099975585938,-0.002192152016368132,0.09486313650490079,0.9051368634950993,0.7142857142857143,3,,,60m,0.09486313650490079
2026-06-26,2026-06-29,707.1300048828125,706.52001953125,-0.0008626212257299,0.0008626212257299,0.0177978166798299,0.0153230806391188,False,724.0800170898438,0.0248542108831455,0.0248542108831455,0.0105729073439151,0.0141318883926602,0.0274727306277398,,,-0.0008492846692325,False,False,841,14910.5594489368,0.1702714998533226,0.2998706511991956,0.6162959803470008,0.1120209335017463,715.0,0.0942806573344545,0.0120024631069564,0.0190453962620079,0.0453517306343925,22.049875186938262,7,713.989990234375,724.030029296875,724.5800170898438,705.1719970703125,0.014061876496621828,0.6573897196933972,0.3426102803066028,0.7142857142857143,3,0.012350303624239743,0.8782827545958559,60m,0.6573897196933972
2026-06-29,2026-06-30,713.989990234375,724.0800170898438,0.0141318883926602,0.0141318883926602,0.0274727306277398,0.0218550479799071,True,736.4000244140625,0.017014704222517,0.017014704222517,0.0001380725659843,0.016874301778387,0.0189344017913356,0.017014704222517,1.0,-0.017014704222517,False,False,1361,19426.66770370183,0.1284234628740397,0.3922162916447562,0.5998020401601101,0.1034924042063157,715.0,0.1314079045241138,0.0125400741292893,0.0164085051778128,0.0503779789450154,19.84994279130254,7,724.1699829101562,735.760009765625,737.6199951171875,723.9199829101562,0.01600456678540163,0.8179280757750009,0.18207192422499907,0.7142857142857143,3,0.00034522281494649593,0.02157026925973321,60m,
2026-06-30,2026-07-01,724.1799926757812,736.4000244140625,0.016874301778387,0.016874301778387,0.0189344017913356,0.0156208509659341,True,725.1699829101562,-0.0152499200591984,0.0152499200591984,-0.0097909040380506,-0.0055129932086157,0.0099402594806309,-0.0152499200591984,0.0,0.0152499200591984,False,False,1164,13099.959645874049,0.1834044985032194,0.2975164782240896,0.4246996342567756,0.1009709446284569,715.0,0.0807061839226221,0.0290603255086663,0.020072631681842,0.031542705933551,31.70305052796145,7,729.1599731445312,725.1300048828125,731.9099731445312,724.5999755859375,-0.00552686435095906,0.38266095614528217,0.6173390438547178,0.5714285714285714,3,0.0037714631922820944,0.6823875081406049,60m,0.38266095614528217
2026-07-01,2026-07-02,729.1900024414062,725.1699829101562,-0.0055129932086157,0.0055129932086157,0.0099402594806309,0.0180766269235507,True,712.5999755859375,-0.0173338770501427,0.0173338770501427,0.0005654318150924,-0.0178891937459448,0.0320890550900436,0.0173338770501427,1.0,0.010714671979268,False,False,1228,17022.9312509488,0.1484903392841093,0.3506950359067836,0.4149044457278192,0.0920724339238637,715.0,0.0903104989848828,0.0140242745147054,0.0176216166858806,0.0354424768800102,28.21473237848133,7,725.5800170898438,712.739990234375,730.8200073242188,707.5599975585938,-0.017696224472894873,0.6208912670702229,0.3791087329297771,0.7142857142857143,3,0.007221795130730794,0.4080980743543542,60m,
2026-07-02,2026-07-06,725.5800170898438,712.5999755859375,-0.0178891937459448,0.0178891937459448,0.0320890550900436,0.0201598689717074,True,722.8200073242188,0.0143418917884157,0.0143418917884157,0.0102862999452344,0.0040142995538998,0.0107072763741518,-0.0143418917884157,0.0,-0.0076059263203028,False,False,996,14604.738675778126,0.2670947215924345,0.3356155219324412,0.3393240345500162,0.1513264310640168,715.0,0.1114463599872726,0.0033679827340564,0.017760349508259,0.0432430220182525,23.125118304125653,7,719.7000122070312,722.6500244140625,726.0800170898438,718.47998046875,0.004098947001521802,0.23964598259662345,0.7603540174033765,0.5714285714285714,3,0.0016951948278281976,0.4135683694370355,60m,0.23964598259662345
2026-07-06,2026-07-07,719.9299926757812,722.8200073242188,0.0040142995538998,0.0040142995538998,0.0107072763741518,0.0195850584349526,True,709.4299926757812,-0.0185246873533641,0.0185246873533641,-0.0119670517229921,-0.0066370616909158,0.0158406671866501,-0.0185246873533641,0.0,0.003112808136467,False,False,1363,18541.50780333352,0.2003920268040586,0.3474043752001057,0.4898961452852875,0.1209967467641839,715.0,0.1050071165162686,0.0108187477449155,0.016811847552302,0.0409906683378464,24.39579642268738,7,714.1400146484375,709.3800048828125,716.3397216796875,704.9000244140625,-0.0066653732713300995,0.24791622956760573,0.7520837704323943,0.42857142857142855,3,0.0030802181450830606,0.4621223778017149,60m,0.24791622956760573
2026-07-07,2026-07-08,714.1699829101562,709.4299926757812,-0.0066370616909158,0.0066370616909158,0.0158406671866501,0.0179815877866041,True,711.4400024414062,0.0028332742996159,0.0028332742996159,-0.0063149014208614,0.0092063126774852,0.0159988113531603,-0.0028332742996159,0.0,0.0028332742996159,False,False,1194,21078.881290455018,0.2231812338947534,0.4391070908202982,0.4679716637603764,0.1214547258707586,715.0,0.1397713317680239,0.0078513840431388,0.0158842661395207,0.0585320071548805,17.084669544201965,7,704.9400024414062,711.280029296875,712.2598876953125,700.9099731445312,0.008993711285373962,0.30104594446553656,0.6989540555344634,0.7142857142857143,4,0.005716840132377041,0.6356486161251431,60m,-0.30104594446553656
2026-07-08,2026-07-09,704.9500122070312,711.4400024414062,0.0092063126774852,0.0092063126774852,0.0159988113531603,0.0146595590067146,True,723.280029296875,0.0166423406258264,0.0166423406258264,0.009684603936795,0.0068910000825039,0.0127909248210807,0.0166423406258264,1.0,-0.0066344761639545,False,False,1323,22358.67151067069,0.2282662721810707,0.45642792564483,0.4928204090646991,0.1222351876525725,715.0,0.1463961399546333,0.005003932230936,0.0150456417921933,0.0560334877498516,17.84647074735495,7,718.2899780273438,723.1799926757812,724.22998046875,715.125,0.006807855877186242,0.6511329280582556,0.3488670719417444,0.7142857142857143,2,0.004406267836335127,0.6472328315734386,60m,0.6511329280582556
2026-07-09,2026-07-10,718.3300170898438,723.280029296875,0.0068910000825039,0.0068910000825039,0.0127909248210807,0.0168335896102434,True,725.510009765625,0.0030831495111482,0.0030831495111482,-0.0035671067710135,0.0066740633788306,0.0129825437839972,0.0030831495111482,1.0,-0.0030831495111483,False,False,1261,19796.41952701953,0.2528425435125794,0.4093850190991884,0.4108626111396021,0.1547935645562007,720.0,0.0851800511265801,0.0045349369041249,0.0158902543418479,0.0373706484450057,26.758968377859144,7,720.7000122070312,725.530029296875,726.3900146484375,717.0,0.00670184127658402,0.9028213523781274,0.09717864762187256,0.7142857142857143,3,0.005133914450341884,0.7660453655146366,60m,-0.9028213523781274
2026-07-10,2026-07-13,720.7000122070312,725.510009765625,0.0066740633788306,0.0066740633788306,0.0129825437839972,0.0139267674900458,True,711.739990234375,-0.0189797788395756,0.0189797788395756,-0.0107373281659015,-0.0083319131595176,0.0119363937477979,-0.0189797788395756,0.0,-0.0189797788395757,False,False,1114,18710.007559775524,0.1729625999295163,0.3466339016691484,0.7674238688146584,0.1518585509762118,730.0,0.0721990350269451,0.0061887364391091,0.0169725614951032,0.0356226532379346,28.07202465579117,7,717.719970703125,711.719970703125,718.739990234375,710.0999755859375,-0.008359806393741565,0.7058924904137525,0.29410750958624754,0.7142857142857143,3,0.0014211942998475057,0.17000325520833354,60m,0.7058924904137525
2026-07-13,2026-07-14,717.719970703125,711.739990234375,-0.0083319131595176,0.0083319131595176,0.0119363937477979,0.0154371467717656,True,719.6900024414062,0.0111698265042172,0.0111698265042172,0.0119144358685783,-0.0007358422194282,0.011169740749367,-0.0111698265042172,0.0,-0.0111698265042172,True,False,920,19729.739848191377,0.2644630223313497,0.4015826492344928,0.7783244726009922,0.2399256380741633,700.0,0.07940871236588,0.0164947739279185,0.0160789492341141,0.0391547320300549,25.53969720013424,7,720.1400146484375,719.6799926757812,722.280029296875,714.3400268554688,-0.0006387951832961258,0.03372576394202587,0.9662742360579741,0.5714285714285714,4,,,60m,-0.03372576394202587
2026-07-14,2026-07-15,720.219970703125,719.6900024414062,-0.0007358422194282,0.0007358422194282,0.011169740749367,0.0135645889444264,False,717.739990234375,-0.0027095168758995,0.0027095168758995,0.0057802291686968,-0.0084409553880506,0.0196334600103923,,,-0.0027095168758996,True,False,1170,22782.988971928426,0.1775798967894727,0.38327662562571,0.734394846881232,0.1561452821038201,720.0,0.1011228449933035,0.0004307376197281,0.0154146742909171,0.0422085202668646,23.69189902127509,7,723.9400024414062,717.6900024414062,724.3499755859375,710.22998046875,-0.008633312123826009,0.286183806021039,0.713816193978961,0.5714285714285714,3,0.000566308179059952,0.06559570312499975,60m,-0.286183806021039
2026-07-15,2026-07-16,723.8499755859375,717.739990234375,-0.0084409553880506,0.0084409553880506,0.0196334600103923,0.0138009207916671,True,705.9400024414062,-0.0164404769882133,0.0164404769882133,-0.0079833652112359,-0.0085251713332188,0.0153119380052743,0.0164404769882133,1.0,-0.0164404769882133,True,False,1370,24344.992914873477,0.2475568244922731,0.394943456402657,0.7215507188149959,0.2152211175168739,720.0,0.1030630181224526,0.0031487861849344,0.0146324007257588,0.0462845004096167,21.605504891486877,7,712.0,706.02001953125,717.739990234375,702.6099853515625,-0.008398848972963502,0.5008383429436061,0.4991616570563939,0.5714285714285714,4,0.008061784037043539,0.9598677227075997,60m,0.5008383429436061
2026-07-16,2026-07-17,712.010009765625,705.9400024414062,-0.0085251713332188,0.0085251713332188,0.0153119380052743,0.0128268597201659,True,695.3300170898438,-0.0150295851132804,0.0150295851132804,-0.020242482332668,0.0053205993578888,0.0220131710536315,0.0150295851132804,1.0,0.0017990474075102,True,False,1326,26785.885685759346,0.1786884279177724,0.5447944841220468,0.7263818935869352,0.1646425115445089,700.0,0.1189381742976913,0.0084143162603953,0.0140902804041807,0.0500733615375894,19.97069837720628,7,691.6300048828125,695.2999877929688,702.2999877929688,686.760009765625,0.005306280647523476,0.1744300397137362,0.8255699602862638,0.42857142857142855,3,0.007041330021551994,1.3269803256332273,60m,-0.1744300397137362
2026-07-17,2026-07-20,691.6500244140625,695.3300170898438,0.0053205993578888,0.0053205993578888,0.0220131710536315,0.0126084502907643,True,696.0599975585938,0.0010498331019925,0.0010498331019925,0.0098226106838776,-0.0086874441996737,0.0147986966971601,0.0010498331019925,1.0,0.0010498331019926,True,False,1041,11712.891202970794,0.1499747857205041,0.4372368429405406,0.5513971546652717,0.0735702560656084,700.0,0.1110616795786096,0.0067162107134415,0.0178686735420332,0.0467222724332361,21.40306855641389,7,702.260009765625,695.989990234375,705.7999877929688,695.510009765625,-0.008928344835330448,0.655529321676983,0.34447067832301703,0.8571428571428571,2,0.00504083669597703,0.5645880383147704,60m,-0.655529321676983
2026-07-20,2026-07-21,702.1599731445312,696.0599975585938,-0.0086874441996737,0.0086874441996737,0.0147986966971601,0.0115427331674161,True,708.969970703125,0.0185472131566424,0.0185472131566424,0.0150992871339949,0.003396639192194,0.0104157687920999,-0.0185472131566424,0.0,-0.0185472131566424,False,False,1216,14215.364732152531,0.1691965061774209,0.4808252539836792,0.5449631303195732,0.1154029002684298,690.0,0.1146512481498841,0.0087061425449659,0.0163019789329676,0.0489028635231802,20.448700300054885,7,706.6799926757812,708.9500122070312,710.0499877929688,702.8099975585938,0.0032122312146616316,0.4521933664040463,0.5478066335959537,0.5714285714285714,3,0.005476304914950409,1.7048289954829012,60m,0.4521933664040463
2026-07-21,2026-07-22,706.5700073242188,708.969970703125,0.003396639192194,0.003396639192194,0.0104157687920999,0.0141958656595796,True,705.3499755859375,-0.0051059921671962,0.0051059921671962,-0.0075461243875133,0.0024586857689594,0.0085053380905466,-0.0051059921671962,0.0,0.0051059921671962,False,False,1244,17744.546045709652,0.1401318793192084,0.3245251585614224,0.5380789655755955,0.1117280024779122,700.0,0.1090934377849052,0.0126521165547096,0.0181465077120101,0.0397667368159701,25.14664466002662,7,703.6400146484375,705.27001953125,709.6472778320312,703.6400146484375,0.002316532387128145,0.15839481862826504,0.8416051813717349,0.42857142857142855,3,,,60m,-0.15839481862826504
2026-07-22,2026-07-23,703.6199951171875,705.3499755859375,0.0024586857689594,0.0024586857689594,0.0085053380905466,0.0142275506597907,False,691.9600219726562,-0.0189834182699987,0.0189834182699987,-0.0151414092938889,-0.0039010767762661,0.0154107825808851,,,-0.0038137130991911,False,False,1127,21743.90997309065,0.1582618006249321,0.4178656973194825,0.4415487354510742,0.1059825550495109,700.0,0.1415835638969947,0.0075848525854037,0.0174175540482999,0.0504809194601496,19.8094648571014,7,694.6400146484375,691.9199829101562,698.6599731445312,687.7999877929688,-0.003915742947313339,0.16190676873108545,0.8380932312689146,0.42857142857142855,4,0.00578711046199704,1.4779086727252309,60m,0.16190676873108545
2026-07-23,2026-07-24,694.6699829101562,691.9600219726562,-0.0039010767762661,0.0039010767762661,0.0154107825808851,0.0148425883734261,True,684.22998046875,-0.0111712255888269,0.0111712255888269,-0.0022400843674553,-0.0089511926480927,0.0146685127633913,0.0111712255888269,1.0,-0.0055060949153277,False,False,1281,20457.20604495572,0.34924577106818,0.3994532694797463,0.420511773113056,0.1923256806834483,690.0,0.1430750351601013,0.0028325653367495,0.0144516213152432,0.0662466308818977,15.095107278478302,7,690.25,684.219970703125,692.6300048828125,682.47998046875,-0.008736007673850077,0.37697174123734156,0.6230282587626584,0.5714285714285714,3,0.003448033151484969,0.39469209279727824,60m,
2026-07-24,2026-07-27,690.4099731445312,684.22998046875,-0.0089511926480927,0.0089511926480927,0.0146685127633913,0.0142062421396495,True,682.1199951171875,-0.0030837370647176,0.0030837370647176,0.0108881697962539,-0.0138214169266494,0.0238954387452249,0.0030837370647176,1.0,-0.0030837370647176,False,False,1242,16660.50678784698,0.0865792229844343,0.3359541560501152,0.6174002106179574,0.0709833863046959,700.0,0.1214954045752955,0.0230478347652149,0.0182083482773234,0.0603243565558923,16.577052074703342,7,691.719970703125,682.0599975585938,692.260009765625,675.9450073242188,-0.013965149993735215,0.38046438727947135,0.6195356127205287,0.5714285714285714,4,0.0007807192005040086,0.05590482027434294,60m,-0.38046438727947135
2026-07-27,2026-07-28,691.6799926757812,682.1199951171875,-0.0138214169266494,0.0138214169266494,0.0238954387452249,0.0140210613743454,True,675.489990234375,-0.0097197046418108,0.0097197046418108,-0.0086348658455989,-0.0010942878247752,0.0168885527674216,0.0097197046418108,1.0,-0.0097197046418108,False,False,1351,19021.99907172556,0.2165845973492139,0.2684667549091081,0.6045410569074758,0.1474131592136118,700.0,0.1087645216380398,0.0262124039916771,0.0187622183222392,0.051971565679213,19.24129063519764,7,676.1900024414062,675.5,679.4000244140625,667.8800048828125,-0.0010204268606678335,0.0357885672859888,0.9642114327140112,0.42857142857142855,4,,,60m,0.0357885672859888
2026-07-28,2026-07-29,676.22998046875,675.489990234375,-0.0010942878247752,0.0010942878247752,0.0168885527674216,0.0061884688197864,False,661.72998046875,-0.0203704125369063,0.0203704125369063,2.9637050940056756e-05,-0.0203994450084553,0.0279944535343448,,,-0.0203704125369062,False,False,1134,19963.502558788063,0.0981781800797164,0.3317905929681885,0.6145393473964709,0.0775764478437082,680.0,0.1248404618006163,0.0066766492928491,0.0198248814473706,0.0534746491792061,18.70044993934909,7,675.4600219726562,661.6300048828125,680.0499877929688,661.14501953125,-0.02047496023443951,0.5610562935634432,0.4389437064365568,0.7142857142857143,2,0.006795318258670103,0.331884320206892,60m,
2026-07-29,2026-07-30,675.510009765625,661.72998046875,-0.0203994450084553,0.0203994450084553,0.0279944535343448,0.0071063794495629,True,683.5499877929688,0.0329741857982044,0.0329741857982044,0.019690855305732,0.0130268212403352,0.0178622817056676,-0.0329741857982044,0.0,-0.0329741857982044,False,False,916,17035.54122616029,0.2189077239252841,0.2630484294415788,0.6191880639459797,0.141098314969779,660.0,0.1241429419913185,0.0026143298925711,0.0202009833353045,0.0550358689470343,18.16996840664737,7,674.6900024414062,683.5999755859375,685.1199951171875,673.2999877929688,0.013206025155686252,0.4583318943187705,0.5416681056812295,0.7142857142857143,3,0.002060227131582873,0.15600660359909888,60m,0.4583318943187705
2026-07-30,2026-07-31,674.760009765625,683.5499877929688,0.0130268212403352,0.0130268212403352,0.0178622817056676,0.020646849417746,True,687.989990234375,0.0064955051140327,0.0064955051140327,0.0125228552577874,-0.0059528040403791,0.022997632973468,0.0064955051140327,1.0,-0.0064955051140327,False,False,1106,24395.740083827917,0.2047052832594489,0.5101697893819185,0.6014991942551601,0.1784763677764673,680.0,0.1580537638502997,0.0051934574740186,0.014647715737961,0.0622477592685083,16.06483529288915,7,692.1199951171875,688.010009765625,695.77001953125,680.0512084960938,-0.005938255476735099,0.18741441692179237,0.8125855830782076,0.5714285714285714,4,0.005273687279392195,0.8880869642698012,60m,-0.18741441692179237
2026-07-31,2026-08-03,692.1099853515625,687.989990234375,-0.0059528040403791,0.0059528040403791,0.022997632973468,0.0202515234204799,True,700.0700073242188,0.0175584198335916,0.0175584198335916,0.0004505844023807,0.0171001303791833,0.022921873508476,-0.0175584198335916,0.0,0.0173549072092439,False,False,1000,16043.968104363415,0.2304840328394951,0.2952381844261397,0.5310764958280516,0.1560100541725252,700.0,0.1337216793931893,0.0174566635214177,0.017569625116189,0.0588628597891489,16.98864111567249,7,688.3400268554688,700.0800170898438,701.5900268554688,685.8200073242188,0.017055510033328503,0.9544764343347129,0.04552356566528715,0.8571428571428571,1,0.003661009723293529,0.2146526088131917,60m,
2026-08-03,2026-08-04,688.2999877929688,700.0700073242188,0.0171001303791833,0.0171001303791833,0.022921873508476,0.0212254675364114,True,723.8499755859375,0.0339679860770063,0.0339679860770063,0.0115559383142747,0.0221560142290109,0.02589732977842,0.0339679860770063,1.0,-0.0339679860770062,False,False,1528,18256.84972658744,0.2163680518751658,0.3739910331039663,0.4675430786666287,0.1096504380698622,700.0,0.1609136874784872,0.0001000004620771,0.0168616102522066,0.0595237006212753,16.80003073670748,7,708.2050170898438,723.6799926757812,725.6500244140625,707.5900268554688,0.02185098271334951,0.926438024803233,0.073561975196767,0.8571428571428571,1,0.0008683788162107606,0.03974095021732082,60m,0.926438024803233
2026-08-04,2026-08-05,708.1599731445312,723.8499755859375,0.0221560142290109,0.0221560142290109,0.02589732977842,0.0224107504987779,True,717.2999877929688,-0.0090488195259891,0.0090488195259891,0.0033156379015137,-0.0123235968427281,0.0160530434608102,-0.0090488195259891,0.0,0.009048819525989,False,False,1177,13374.78394071138,0.0875151775205561,0.2544568629987709,0.4159052795104517,0.0544831499757886,700.0,0.1391644603420948,0.0329487827455289,0.0220351900059544,0.0536641518698038,18.634413573257035,7,726.2249755859375,717.219970703125,728.5399780273438,716.9299926757812,-0.012399745513498761,0.8008098308691026,0.19919016913089738,0.7142857142857143,4,0.0031877207741835716,0.25707953205276,60m,-0.8008098308691026
2026-08-05,2026-08-06,726.25,717.2999877929688,-0.0123235968427281,0.0123235968427281,0.0160530434608102,0.0182374654520713,True,714.6500244140625,-0.0036943586003114,0.0036943586003114,-0.0090338499637898,0.0053881672580675,0.0150843545355554,0.0036943586003114,1.0,0.0036943586003114,False,False,1276,20244.77858063866,0.2077732420070042,0.2945764050095696,0.4840762524586308,0.1517999405221622,700.0,0.1159193103484452,0.0241182044993453,0.0178365093789068,0.0477554744357644,20.940007649700824,7,710.760009765625,714.6199951171875,719.3200073242188,708.5,0.005430785776531444,0.2855040404496411,0.7144959595503588,0.5714285714285714,3,0.0031797086703995127,0.5854969798551586,60m,-0.2855040404496411
2026-08-06,2026-08-07,710.8200073242188,714.6500244140625,0.0053881672580675,0.0053881672580675,0.0150843545355554,0.0172468146448317,True,723.030029296875,0.011726026161803,0.011726026161803,0.0076960747388337,0.0039991734849356,0.0099629117385466,0.011726026161803,1.0,-0.011726026161803,False,False,1186,21541.490834659955,0.1361107384867636,0.3381347834467493,0.4415905555318073,0.0980049237162063,700.0,0.1225045184471768,0.0204995786938844,0.0184282774466683,0.0482387794037054,20.730209436501323,7,720.1900024414062,723.0150146484375,723.6199951171875,716.52001953125,0.003922592923332191,0.2746737562978832,0.7253262437021168,0.7142857142857143,4,0.005095853729870175,1.2991033812250175,60m,0.2746737562978832
2026-08-07,2026-08-10,720.1500244140625,723.030029296875,0.0039991734849356,0.0039991734849356,0.0099629117385466,0.0172112924280175,True,720.8699951171875,-0.0029874750593527,0.0029874750593527,-0.0008851840483857,-0.0021041535741461,0.0060024696685599,-0.0029874750593527,0.0,0.0029874750593527,False,False,969,15618.57837313485,0.1762917985539215,0.3506751112236489,0.3999260247932793,0.1045040240965211,700.0,0.1170146502738456,0.031852106224787,0.0187964401213055,0.0523660855337573,19.096329042111773,7,722.6500244140625,720.8049926757812,724.6699829101562,720.3300170898438,-0.0025531469950162977,0.2593183553370907,0.7406816446629093,0.5714285714285714,5,0.002795209891166292,1.0948096199014383,60m,
2026-08-10,2026-08-11,722.3900146484375,720.8699951171875,-0.0021041535741461,0.0021041535741461,0.0060024696685599,0.0174371558606699,False,718.4500122070312,-0.0033570309855425,0.0033570309855425,0.0033570309855424,-0.0066915980690244,0.0108895856938273,,,0.0033570309855424,False,False,1551,18891.274011342917,0.1824096652550975,0.3567189765418116,0.4259553944002965,0.1253398211588916,700.0,0.1056225016226911,0.0289511219201109,0.0173752508502483,0.0461073232305811,21.688528631320327,7,723.2999877929688,718.3400268554688,723.2999877929688,715.7899780273438,-0.006857404978858783,0.5344768619610113,0.4655231380389887,0.7142857142857143,1,0.0,0.0,60m,-0.5344768619610113
2026-08-11,2026-08-12,723.2899780273438,718.4500122070312,-0.0066915980690244,0.0066915980690244,0.0108895856938273,0.0077843588748143,True,723.7000122070312,0.0073073977462569,0.0073073977462569,0.0120119768058764,-0.0046487385203365,0.0060268870711578,-0.0073073977462569,0.0,-0.007307397746257,False,False,1426,21474.62820770067,0.2602081806391689,0.3868163549429496,0.4456308275372083,0.1780367539237644,700.0,0.1079356069040611,0.0256803004990618,0.0160425094361759,0.046154468399148,21.66637456100477,7,726.969970703125,723.6699829101562,727.25,722.9199829101562,-0.004539372912167217,0.6521718152539715,0.3478281847460285,0.8571428571428571,2,0.00038520063848601036,0.08485767658645726,60m,-0.6521718152539715
2026-08-12,2026-08-13,727.0800170898438,723.7000122070312,-0.0046487385203365,0.0046487385203365,0.0060268870711578,0.0072208081583458,True,732.0700073242188,0.0115655589001055,0.0115655589001055,0.0020036094826214,0.0095428293141792,0.0137211448228365,-0.0115655589001055,0.0,0.0058449362959799,False,False,1396,22913.997576113423,0.2158452242428735,0.4701694589472012,0.4523654508792337,0.1659505978268479,730.0,0.0927225807239009,0.0087052475980426,0.0149861636731906,0.0463875548086936,21.55750619156558,7,725.125,732.0599975585938,733.9600219726562,724.0399780273438,0.009563864931692923,0.5455536296459901,0.4544463703540099,0.42857142857142855,5,0.0014963240443458025,0.1564559992255071,60m,
2026-08-13,2026-08-14,725.1500244140625,732.0700073242188,0.0095428293141792,0.0095428293141792,0.0137211448228365,0.0075365549108535,True,731.0700073242188,-0.0013659895774928,0.0013659895774928,0.0018303793447436,-0.0031905290437758,0.008291566740188,-0.0013659895774928,0.0,0.0013659895774928,False,False,1189,21809.580058532927,0.3399519152206429,0.4840091696741255,0.4491217471852657,0.2087007624813933,730.0,0.127636345261111,0.0028276084302166,0.0146164140551429,0.0557601067214718,17.93396854484362,7,733.260009765625,731.0499877929688,734.3900146484375,728.3200073242188,-0.0030139676829814555,0.28393648304254065,0.7160635169574594,0.42857142857142855,3,0.0015410698357512887,0.5113093429810245,60m,
2026-08-14,2026-08-17,733.4099731445312,731.0700073242188,-0.0031905290437758,0.0031905290437758,0.008291566740188,0.0067878696780622,True,729.8699951171875,-0.0016414463662972,0.0016414463662972,0.0025715798267986,-0.0042022198493036,0.0072633229449923,0.0016414463662972,1.0,0.0012857899133993,False,False,1062,19232.831059089476,0.2308789599536882,0.4545561753433352,0.7200196023322802,0.2027197935668453,730.0,0.1216730008447774,0.0014636181398482,0.0154963876973103,0.0517346984766281,19.329386841826548,7,732.9600219726562,729.8599243164062,734.5800170898438,729.27001953125,-0.004229558998192773,0.4499326766352491,0.5500673233647508,0.7142857142857143,4,0.002210209381989916,0.5225626082847658,60m,-0.4499326766352491
2026-08-17,2026-08-18,732.9500122070312,729.8699951171875,-0.0042022198493036,0.0042022198493036,0.0072633229449923,0.006551673111327,True,717.510009765625,-0.0169345026295785,0.0169345026295785,-0.013235196965427,-0.0037489234038092,0.0085083946650789,0.0169345026295785,1.0,-0.0169345026295785,True,False,1476,21917.84105604278,0.2692254284490029,0.5148696295559314,0.6830824931699737,0.2220091262731199,730.0,0.1266122926827762,0.0001781206018636,0.014170674324275,0.0500903522409273,19.963924294046585,7,720.219970703125,717.5900268554688,722.1300048828125,715.9199829101562,-0.003651584175163536,0.6912267192838923,0.30877328071610766,0.7142857142857143,2,0.002652015019554098,0.7262642437745058,60m,0.6912267192838923
2026-08-18,2026-08-19,720.2100219726562,717.510009765625,-0.0037489234038092,0.0037489234038092,0.0085083946650789,0.0109346847580555,True,716.0800170898438,-0.0019929933468779,0.0019929933468779,0.0040138880902209,-0.0059828668789878,0.0123900914655412,0.0019929933468779,1.0,-0.0019929933468779,True,False,1419,24246.21596909903,0.3293121717598889,0.3892660471124751,0.7088579517415603,0.2890346935576192,720.0,0.1098883025746502,0.0034703212505542,0.0140988531440924,0.0512258470655587,19.521395101972683,7,720.4099731445312,716.1099853515625,721.4998779296875,712.6099853515625,-0.00596880658689336,0.3751843942548874,0.6248156057451126,0.7142857142857143,4,0.0015128951927177018,0.25346694865935204,60m,-0.3751843942548874
2026-08-19,2026-08-20,720.3900146484375,716.0800170898438,-0.0059828668789878,0.0059828668789878,0.0123900914655412,0.0100941449464131,True,710.9299926757812,-0.0071919677845393,0.0071919677845393,-0.0055719893575446,-0.0016290555069421,0.0089654546376634,0.0071919677845393,1.0,0.0071919677845392,True,False,1417,31894.14546052726,0.2153125270556993,0.479424640683855,0.5735201024885506,0.1847419258692603,700.0,0.1116698654543536,0.0224556148839246,0.014670411216602,0.0532253213561604,18.78805002056146,7,712.280029296875,710.9500122070312,714.9400024414062,708.52001953125,-0.0018672671353100467,0.2776595609128324,0.7223404390871676,0.7142857142857143,1,,,60m,0.2776595609128324
2026-08-20,2026-08-21,712.0900268554688,710.9299926757812,-0.0016290555069421,0.0016290555069421,0.0089654546376634,0.0066588065526501,False,713.4400024414062,0.0035306004690811,0.0035306004690811,0.0060483983476129,-0.0025026607891501,0.0091007142331602,,,-0.0035306004690811,True,False,1283,31369.770884999027,0.2294710763224461,0.500153536684672,0.5636884020574799,0.1799715784099097,710.0,0.1319217267830035,0.0013081353795202,0.0140786277816501,0.059362446699984,16.845666841428713,7,715.22998046875,713.4099731445312,715.673828125,709.2050170898438,-0.0025446463010764253,0.18743831991300358,0.8125616800869964,0.5,3,0.0006205663470078667,0.24387135718836736,60m,-0.18743831991300358
2026-08-21,2026-08-24,715.22998046875,713.4400024414062,-0.0025026607891501,0.0025026607891501,0.0091007142331602,0.0077493823467565,True,706.3200073242188,-0.0099798092240731,0.0099798092240731,-0.0052983142015301,-0.0047064311736689,0.0099377183730243,0.0099798092240731,1.0,0.0099798092240731,True,False,1149,20485.502409422,0.2221982038332911,0.3354961930045074,0.355724420247161,0.1233741177734432,700.0,0.122732401666878,0.0188383079101456,0.0184053192286715,0.0473966187537192,21.098551464106905,7,709.625,706.239990234375,709.7899780273438,702.7000122070312,-0.004770138827725923,0.2057030102517692,0.7942969897482308,0.5714285714285714,4,0.00023248621080676414,0.048737829065993395,60m,0.2057030102517692
2026-08-24,2026-08-25,709.6599731445312,706.3200073242188,-0.0047064311736689,0.0047064311736689,0.0099377183730243,0.0077844692872441,True,710.719970703125,0.0062294191489418,0.0062294191489418,0.0069373135803825,-0.0007030173794272,0.0093300002151681,-0.0062294191489418,0.0,-0.0062294191489418,False,False,1438,22675.61881719168,0.1621071260885045,0.4649050569835448,0.5129084024514081,0.1144211345140495,700.0,0.1527990608674536,0.0089477959829583,0.0164554893280451,0.0565530921712313,17.682499074890572,7,711.27001953125,710.6400146484375,714.0399780273438,706.3200073242188,-0.0008857464331586407,0.09051845096113371,0.9094815490388662,0.42857142857142855,3,,,60m,-0.09051845096113371
2026-08-25,2026-08-26,711.219970703125,710.719970703125,-0.0007030173794272,0.0007030173794272,0.0093300002151681,0.006871570973259,False,711.3699951171875,0.0009145998999007,0.0009145998999007,-0.0032502218226799,0.0041784024574316,0.0071055395040171,,,-0.0009145998999006,False,False,1302,25802.84955211456,0.20353934227453,0.4111150177426942,0.5505304950775456,0.1513323120876335,700.0,0.1263454770244564,0.0150832552130476,0.0157050793572026,0.0486752796388532,20.544309296618543,7,708.5,711.2999877929688,713.02001953125,707.969970703125,0.003951994062058928,0.3878082388645144,0.6121917611354857,0.7142857142857143,3,0.0007481006307339449,0.1892970027247956,60m,-0.3878082388645144
2026-08-27,2026-08-28,716.9299926757812,721.1099853515625,0.0058304056441833,0.0058304056441833,0.0095870592460664,0.0086280939660959,True,716.4299926757812,-0.0064899845666395,0.0064899845666395,-0.0018998421114909,-0.0045988796002788,0.0125361986534363,-0.0064899845666395,0.0,-0.0034114379534724,False,False,1066,22342.95078930711,0.1794601071166779,0.3535261324206465,0.4964955783502914,0.1299519334044181,720.0,0.0960978505697603,0.0015392733065835,0.0170757440833,0.048602788003475,20.574951377861304,7,719.75,716.4500122070312,724.125,715.0850219726562,-0.004584908361193074,0.2773107519656971,0.7226892480343029,0.42857142857142855,3,0.006078499478985759,1.3257624798860814,60m,
2026-08-28,2026-08-31,719.739990234375,716.4299926757812,-0.0045988796002788,0.0045988796002788,0.0125361986534363,0.009552664092713,True,716.760009765625,0.0004606410859646,0.0004606410859646,-0.0017587339705293,0.0022232852237431,0.0061695406257409,-0.0004606410859646,0.0,-0.0004606410859645,False,False,1088,22669.559316288058,0.2628646544581184,0.426607381182518,0.5195820418453666,0.1949420690825143,700.0,0.1065556861142495,0.022933144680916,0.0164244743685386,0.0480547073325102,20.80961586303273,7,715.1199951171875,716.8599853515625,717.5750122070312,713.1599731445312,0.0024331444320611073,0.2899983723958333,0.7100016276041667,0.7142857142857143,3,,,60m,
2026-08-31,2026-09-01,715.1699829101562,716.760009765625,0.0022232852237431,0.0022232852237431,0.0061695406257409,0.0075099090297319,False,707.6400146484375,-0.0127239173404354,0.0127239173404354,-0.0130727091209391,0.0003534118305645,0.0106590972492113,,,0.0127239173404354,False,False,1447,22548.130549304136,0.2470040126924626,0.4232473848056159,0.3789780805750474,0.1526157298017505,700.0,0.092925897218785,0.0233830145896467,0.0167267882624816,0.0421639179281063,23.71696106858709,7,707.4299926757812,707.655029296875,712.2999877929688,704.6599731445312,0.0003181044392004395,0.0324026470510691,0.9675973529489309,0.42857142857142855,3,,,60m,-0.0324026470510691
2026-09-01,2026-09-02,707.3900146484375,707.6400146484375,0.0003534118305645,0.0003534118305645,0.0106590972492113,0.0098627452814217,False,709.239990234375,0.0022610021378346,0.0022610021378346,-0.0007631550665888,0.0030264668679478,0.0066418123759808,,,-0.0022610021378347,False,False,1301,22840.83399338047,0.2134078041401858,0.2910490698970138,0.3491829928709544,0.0917285679769291,700.0,0.1159587402632899,0.0107964706493217,0.0172945520174527,0.0456176241354372,21.921352086005896,7,707.1099853515625,709.25,709.798828125,705.1099853515625,0.0030264240256394626,0.4467635066258919,0.5532364933741081,0.7142857142857143,2,0.002828414308144207,0.934573042039799,60m,
2026-09-02,2026-09-03,707.0999755859375,709.239990234375,0.0030264668679478,0.0030264668679478,0.0066418123759808,0.0099403389238063,True,717.6699829101562,0.0118859522754708,0.0118859522754708,0.0022700149085368,0.0095941584841403,0.0130139030452863,0.0118859522754708,1.0,-0.0118859522754709,False,False,1294,26308.558940209627,0.1885316108562682,0.3926450622808379,0.3613315009690666,0.1138378786455302,700.0,0.1064860418739543,0.0130280164141922,0.0167356295897055,0.0460893528154879,21.69698507165755,7,710.8499755859375,717.6099853515625,718.9099731445312,709.6937866210938,0.009509755922904706,0.6371365785749623,0.3628634214250377,0.5714285714285714,3,0.0016264880137200957,0.17103362346057915,60m,
2026-09-03,2026-09-04,710.8499755859375,717.6699829101562,0.0095941584841403,0.0095941584841403,0.0130139030452863,0.0093055701435897,True,718.9600219726562,0.0017975379954848,0.0017975379954848,0.0023408986244191,-0.0005420916473426,0.007384992990061,0.0017975379954848,1.0,0.0017975379954848,False,False,1180,27883.519726833896,0.2631495944005069,0.3725504080375705,0.3749606661899087,0.1628899572358778,720.0,0.0878513525076302,0.0032466414164287,0.0164110214965868,0.0434724590445954,23.00306957501916,7,719.3599853515625,719.0599975585938,721.8599853515625,716.5599975585938,-0.00041702040574598254,0.04830704211509165,0.9516929578849084,0.2857142857142857,4,,,60m,
2026-09-04,2026-09-08,719.3499755859375,718.9600219726562,-0.0005420916473426,0.0005420916473426,0.007384992990061,0.0087894699389186,False,718.3599853515625,-0.0008345896889334,0.0008345896889334,0.0027121830314358,-0.0035371792428476,0.0087904850493329,,,0.0008345896889334,False,False,997,22344.592087865138,0.1839009630095881,0.3656544662444586,0.3363375576788951,0.1153249909141878,700.0,0.0960385438017327,0.0263714551479989,0.017961482805793,0.0446690188030226,22.38688081351658,7,720.969970703125,718.380615234375,721.885986328125,715.5700073242188,-0.003591488652744723,0.26946138211382115,0.7305386178861788,0.7142857142857143,4,0.00127053228597948,0.35376202149727,60m,-0.26946138211382115
2026-09-08,2026-09-09,720.9099731445312,718.3599853515625,-0.0035371792428476,0.0035371792428476,0.0087904850493329,0.0088186614941868,True,716.3099975585938,-0.0028537054328903,0.0028537054328903,-0.0027283826736824,-0.0001256656231166,0.0079068890133148,0.0028537054328903,1.0,0.0028537054328903,False,False,1046,23446.62413427457,0.2396608899008734,0.3786166112318441,0.3363165097049693,0.1309307389499974,700.0,0.094967739751161,0.0255581960659698,0.0173761643015534,0.0440391481686162,22.70706954120046,7,716.2899780273438,716.280029296875,719.7000122070312,714.02001953125,-1.3889249848464402e-05,0.0014176501795980134,0.998582349820402,0.3333333333333333,3,,,60m,0.0014176501795980134
2026-09-09,2026-09-10,716.4000244140625,716.3099975585938,-0.0001256656231166,0.0001256656231166,0.0079068890133148,0.0056660487834655,False,708.6900024414062,-0.0106378455461445,0.0106378455461445,-0.0122293557195652,0.0016112142860655,0.0072594438507831,,,0.0106378455461445,False,False,1059,24352.5556975491,0.171944569287122,0.3827080169968602,0.3294867318830362,0.0980812596182074,700.0,0.0993476229248316,0.0227694679875797,0.0174266061647667,0.0465162256699447,21.497874894138796,7,707.5650024414062,708.6599731445312,712.0599975585938,706.85498046875,0.0015475195909164796,0.14156079854809436,0.8584392014519057,0.5714285714285714,5,,,60m,-0.14156079854809436
2026-09-10,2026-09-11,707.5499877929688,708.6900024414062,0.0016112142860655,0.0016112142860655,0.0072594438507831,0.0081613163298519,False,714.8800048828125,0.0087344289041497,0.0087344289041497,0.0098632550343518,-0.0011178009741166,0.0056442167749229,,,-0.0087344289041498,False,False,918,25270.50309504324,0.1378606367528221,0.3339160550087722,0.2885738641069207,0.053372446725674,700.0,0.1268095745712175,0.0122620643884767,0.0173399674529372,0.0553596471583306,18.063698945550787,7,715.4400024414062,714.8499755859375,717.6199951171875,713.6500244140625,-0.0008247048717646699,0.08093535720564965,0.9190646427943503,0.5714285714285714,3,,,60m,-0.08093535720564965
2026-09-11,2026-09-14,715.6799926757812,714.8800048828125,-0.0011178009741166,0.0011178009741166,0.0056442167749229,0.0070470946623449,False,709.1799926757812,-0.0079733831805319,0.0079733831805319,-0.0161565405579668,0.008317540050605,0.0142821479170199,,,0.0079733831805319,False,False,783,21969.30382491369,0.1315617328923613,0.3572336528290488,0.6882163051443893,0.0904465615232415,700.0,0.1336826975715191,0.0208146888725077,0.0180790795242392,0.0620911424516109,16.10535674680689,7,703.2899780273438,709.1599731445312,712.9500122070312,702.75,0.00834647912039399,0.47933612440191387,0.5206638755980861,0.5714285714285714,1,0.0007677885996020204,0.09198951899681712,60m,-0.47933612440191387
2026-09-14,2026-09-15,703.3300170898438,709.1799926757812,0.008317540050605,0.008317540050605,0.0142821479170199,0.0075011109171507,True,704.5399780273438,-0.0065427884265747,0.0065427884265747,-0.0005358370043389,-0.0060101718947395,0.0083053875028455,-0.0065427884265747,0.0,0.0065427884265747,True,True,1383,27688.050091913825,0.2009165492590139,0.3865217957430931,0.702813562163622,0.1787657485438136,700.0,0.1369270458691751,0.012944517288403,0.015709552080796,0.0637385753442224,15.689086155432,7,708.760009765625,704.5900268554688,709.5299072265625,703.635009765625,-0.005883490677662806,0.7164759797392954,0.28352402026070456,0.7142857142857143,3,0.0010862597357772655,0.1846284451339996,60m,
2026-09-15,2026-09-16,708.7999877929688,704.5399780273438,-0.0060101718947395,0.0060101718947395,0.0083053875028455,0.0075777402751583,True,704.719970703125,0.0002554754611445,0.0002554754611445,0.0049110371030243,-0.0046328097413488,0.0168620734852769,-0.0002554754611445,0.0,-0.0002554754611444,True,True,1215,28159.75732874617,0.1342347615025358,0.4567913719653839,0.6843827254924408,0.1018960415755001,700.0,0.1752524516003139,0.0064438898698911,0.0154266890479039,0.067434114381319,14.829289435689924,7,708.0599975585938,704.75,711.8499755859375,700.0,-0.004674741646197633,0.225938964691178,0.774061035308822,0.5714285714285714,2,0.005352622716170489,1.145009312017111,60m,-0.225938964691178
2026-09-17,2026-09-18,715.9500122070312,716.9199829101562,0.001354802271928,0.001354802271928,0.0066976542447288,0.0106613652898041,False,721.4500122070312,0.006318737662307,0.006318737662307,0.0026642222635979,0.0036448048285384,0.0092757400231925,,,0.0022736217732359,True,True,1199,34552.614492474575,0.3144789138698245,0.5433327592641521,0.5644655153006795,0.2229489386628862,720.0,0.1163296416544273,0.0042961797177716,0.0137083780575286,0.0534217940953883,18.71895201075482,7,718.8400268554688,721.3599853515625,721.7249755859375,715.0800170898438,0.003505590120123303,0.27480514639812037,0.7251948536018796,0.7142857142857143,3,0.005230662769396666,1.4920919417734684,60m,0.27480514639812037
